Standard Commons Logging discovery in action with spring-jcl: please remove commons-logging.jar from classpath in order to avoid potential conflicts

  .   ____          _            __ _ _
 /\\ / ___'_ __ _ _(_)_ __  __ _ \ \ \ \
( ( )\___ | '_ | '_| | '_ \/ _` | \ \ \ \
 \\/  ___)| |_)| | | | | || (_| |  ) ) ) )
  '  |____| .__|_| |_|_| |_\__, | / / / /
 =========|_|==============|___/=/_/_/_/
 :: Spring Boot ::                (v3.2.5)

2026-07-31T21:05:23.670+06:00  INFO 578387 --- [pangochain-backend] [           main] c.p.backend.PangochainApplication        : Starting PangochainApplication using Java 21.0.11 with PID 578387 (/home/angkon/Projects/Blockchain/FCDH_linux_validation/Fardeen_Codex_Dhaka_Meetup_Hackathon/pangochain-backend/target/classes started by angkon in /home/angkon/Projects/Blockchain/FCDH_linux_validation/Fardeen_Codex_Dhaka_Meetup_Hackathon/pangochain-backend)
2026-07-31T21:05:23.671+06:00  INFO 578387 --- [pangochain-backend] [           main] c.p.backend.PangochainApplication        : The following 1 profile is active: "audit-log-only"
2026-07-31T21:05:24.972+06:00  INFO 578387 --- [pangochain-backend] [           main] .s.d.r.c.RepositoryConfigurationDelegate : Bootstrapping Spring Data JPA repositories in DEFAULT mode.
2026-07-31T21:05:25.106+06:00  INFO 578387 --- [pangochain-backend] [           main] .s.d.r.c.RepositoryConfigurationDelegate : Finished Spring Data repository scanning in 129 ms. Found 37 JPA repository interfaces.
2026-07-31T21:05:26.524+06:00  INFO 578387 --- [pangochain-backend] [           main] o.s.b.w.embedded.tomcat.TomcatWebServer  : Tomcat initialized with port 8080 (http)
2026-07-31T21:05:26.541+06:00  INFO 578387 --- [pangochain-backend] [           main] o.apache.catalina.core.StandardService   : Starting service [Tomcat]
2026-07-31T21:05:26.542+06:00  INFO 578387 --- [pangochain-backend] [           main] o.apache.catalina.core.StandardEngine    : Starting Servlet engine: [Apache Tomcat/10.1.20]
2026-07-31T21:05:26.621+06:00  INFO 578387 --- [pangochain-backend] [           main] o.a.c.c.C.[Tomcat].[localhost].[/]       : Initializing Spring embedded WebApplicationContext
2026-07-31T21:05:26.623+06:00  INFO 578387 --- [pangochain-backend] [           main] w.s.c.ServletWebServerApplicationContext : Root WebApplicationContext: initialization completed in 2920 ms
Standard Commons Logging discovery in action with spring-jcl: please remove commons-logging.jar from classpath in order to avoid potential conflicts
2026-07-31T21:05:26.886+06:00  INFO 578387 --- [pangochain-backend] [           main] com.zaxxer.hikari.HikariDataSource       : HikariPool-1 - Starting...
2026-07-31T21:05:26.993+06:00  INFO 578387 --- [pangochain-backend] [           main] com.zaxxer.hikari.pool.HikariPool        : HikariPool-1 - Added connection org.postgresql.jdbc.PgConnection@720ffab4
2026-07-31T21:05:26.995+06:00  INFO 578387 --- [pangochain-backend] [           main] com.zaxxer.hikari.HikariDataSource       : HikariPool-1 - Start completed.
2026-07-31T21:05:27.215+06:00  INFO 578387 --- [pangochain-backend] [           main] liquibase.database                       : Set default schema name to public
2026-07-31T21:05:27.520+06:00  INFO 578387 --- [pangochain-backend] [           main] liquibase.changelog                      : Reading resource: db/changelog/changes/001-initial-schema.sql
2026-07-31T21:05:27.536+06:00  INFO 578387 --- [pangochain-backend] [           main] liquibase.changelog                      : Reading resource: db/changelog/changes/002-client-features.sql
2026-07-31T21:05:27.540+06:00  INFO 578387 --- [pangochain-backend] [           main] liquibase.changelog                      : Reading resource: db/changelog/changes/003-key-rotation.sql
2026-07-31T21:05:27.542+06:00  INFO 578387 --- [pangochain-backend] [           main] liquibase.changelog                      : Reading resource: db/changelog/changes/004-signing-key.sql
2026-07-31T21:05:27.545+06:00  INFO 578387 --- [pangochain-backend] [           main] liquibase.changelog                      : Reading resource: db/changelog/changes/005-performance-indexes.sql
2026-07-31T21:05:27.547+06:00  INFO 578387 --- [pangochain-backend] [           main] liquibase.changelog                      : Reading resource: db/changelog/changes/006-chat.sql
2026-07-31T21:05:27.549+06:00  INFO 578387 --- [pangochain-backend] [           main] liquibase.changelog                      : Reading resource: db/changelog/changes/007-case-journey.sql
2026-07-31T21:05:27.551+06:00  INFO 578387 --- [pangochain-backend] [           main] liquibase.changelog                      : Reading resource: db/changelog/changes/008-case-journey-merge.sql
2026-07-31T21:05:27.553+06:00  INFO 578387 --- [pangochain-backend] [           main] liquibase.changelog                      : Reading resource: db/changelog/changes/009-recovery-codes.sql
2026-07-31T21:05:27.555+06:00  INFO 578387 --- [pangochain-backend] [           main] liquibase.changelog                      : Reading resource: db/changelog/changes/010-conflict-check.sql
2026-07-31T21:05:27.556+06:00  INFO 578387 --- [pangochain-backend] [           main] liquibase.changelog                      : Reading resource: db/changelog/changes/011-case-milestones.sql
2026-07-31T21:05:27.558+06:00  INFO 578387 --- [pangochain-backend] [           main] liquibase.changelog                      : Reading resource: db/changelog/changes/012-case-deadlines.sql
2026-07-31T21:05:27.560+06:00  INFO 578387 --- [pangochain-backend] [           main] liquibase.changelog                      : Reading resource: db/changelog/changes/013-doc-classification.sql
2026-07-31T21:05:27.562+06:00  INFO 578387 --- [pangochain-backend] [           main] liquibase.changelog                      : Reading resource: db/changelog/changes/014-security-alerts.sql
2026-07-31T21:05:27.564+06:00  INFO 578387 --- [pangochain-backend] [           main] liquibase.changelog                      : Reading resource: db/changelog/changes/015-billing.sql
2026-07-31T21:05:27.566+06:00  INFO 578387 --- [pangochain-backend] [           main] liquibase.changelog                      : Reading resource: db/changelog/changes/016-deletion-requests.sql
2026-07-31T21:05:27.568+06:00  INFO 578387 --- [pangochain-backend] [           main] liquibase.changelog                      : Reading resource: db/changelog/changes/017-feedback.sql
2026-07-31T21:05:27.570+06:00  INFO 578387 --- [pangochain-backend] [           main] liquibase.changelog                      : Reading resource: db/changelog/changes/018-document-templates.sql
2026-07-31T21:05:27.572+06:00  INFO 578387 --- [pangochain-backend] [           main] liquibase.changelog                      : Reading resource: db/changelog/changes/019-settlement-offers.sql
2026-07-31T21:05:27.574+06:00  INFO 578387 --- [pangochain-backend] [           main] liquibase.changelog                      : Reading resource: db/changelog/changes/020-document-annotations.sql
2026-07-31T21:05:27.576+06:00  INFO 578387 --- [pangochain-backend] [           main] liquibase.changelog                      : Reading resource: db/changelog/changes/021-signing-workflows.sql
2026-07-31T21:05:27.578+06:00  INFO 578387 --- [pangochain-backend] [           main] liquibase.changelog                      : Reading resource: db/changelog/changes/022-document-redactions.sql
2026-07-31T21:05:27.580+06:00  INFO 578387 --- [pangochain-backend] [           main] liquibase.changelog                      : Reading resource: db/changelog/changes/023-more-legal-templates.sql
2026-07-31T21:05:27.582+06:00  INFO 578387 --- [pangochain-backend] [           main] liquibase.changelog                      : Reading resource: db/changelog/changes/024-ai-conversations.sql
2026-07-31T21:05:27.584+06:00  INFO 578387 --- [pangochain-backend] [           main] liquibase.changelog                      : Reading resource: db/changelog/changes/025-ai-insights-multi.sql
2026-07-31T21:05:27.586+06:00  INFO 578387 --- [pangochain-backend] [           main] liquibase.changelog                      : Reading resource: db/changelog/changes/026-ai-chat-sessions.sql
2026-07-31T21:05:27.587+06:00  INFO 578387 --- [pangochain-backend] [           main] liquibase.changelog                      : Reading resource: db/changelog/changes/027-pending-anchor.sql
2026-07-31T21:05:27.589+06:00  INFO 578387 --- [pangochain-backend] [           main] liquibase.changelog                      : Reading resource: db/changelog/changes/028-audit-anchor-batch.sql
2026-07-31T21:05:27.661+06:00  INFO 578387 --- [pangochain-backend] [           main] liquibase.changelog                      : Reading from public.databasechangelog
Database is up to date, no changesets to execute
2026-07-31T21:05:27.734+06:00  INFO 578387 --- [pangochain-backend] [           main] liquibase.changelog                      : Reading from public.databasechangelog
2026-07-31T21:05:27.777+06:00  INFO 578387 --- [pangochain-backend] [           main] liquibase.util                           : UPDATE SUMMARY
2026-07-31T21:05:27.777+06:00  INFO 578387 --- [pangochain-backend] [           main] liquibase.util                           : Run:                          0
2026-07-31T21:05:27.777+06:00  INFO 578387 --- [pangochain-backend] [           main] liquibase.util                           : Previously run:              63
2026-07-31T21:05:27.777+06:00  INFO 578387 --- [pangochain-backend] [           main] liquibase.util                           : Filtered out:                 0
2026-07-31T21:05:27.777+06:00  INFO 578387 --- [pangochain-backend] [           main] liquibase.util                           : -------------------------------
2026-07-31T21:05:27.777+06:00  INFO 578387 --- [pangochain-backend] [           main] liquibase.util                           : Total change sets:           63
2026-07-31T21:05:27.777+06:00  INFO 578387 --- [pangochain-backend] [           main] liquibase.util                           : Update summary generated
2026-07-31T21:05:27.789+06:00  INFO 578387 --- [pangochain-backend] [           main] liquibase.lockservice                    : Successfully released change log lock
2026-07-31T21:05:27.790+06:00  INFO 578387 --- [pangochain-backend] [           main] liquibase.command                        : Command execution complete
2026-07-31T21:05:27.881+06:00  INFO 578387 --- [pangochain-backend] [           main] o.hibernate.jpa.internal.util.LogHelper  : HHH000204: Processing PersistenceUnitInfo [name: default]
2026-07-31T21:05:27.909+06:00  INFO 578387 --- [pangochain-backend] [           main] org.hibernate.Version                    : HHH000412: Hibernate ORM core version 6.4.4.Final
2026-07-31T21:05:27.927+06:00  INFO 578387 --- [pangochain-backend] [           main] o.h.c.internal.RegionFactoryInitiator    : HHH000026: Second-level cache disabled
2026-07-31T21:05:28.050+06:00  INFO 578387 --- [pangochain-backend] [           main] o.s.o.j.p.SpringPersistenceUnitInfo      : No LoadTimeWeaver setup: ignoring JPA class transformer
2026-07-31T21:05:28.076+06:00  WARN 578387 --- [pangochain-backend] [           main] org.hibernate.orm.deprecation            : HHH90000025: PostgreSQLDialect does not need to be specified explicitly using 'hibernate.dialect' (remove the property setting and it will be selected by default)
2026-07-31T21:05:30.064+06:00  INFO 578387 --- [pangochain-backend] [           main] o.h.e.t.j.p.i.JtaPlatformInitiator       : HHH000489: No JTA platform available (set 'hibernate.transaction.jta.platform' to enable JTA platform integration)
2026-07-31T21:05:30.100+06:00  INFO 578387 --- [pangochain-backend] [           main] j.LocalContainerEntityManagerFactoryBean : Initialized JPA EntityManagerFactory for persistence unit 'default'
2026-07-31T21:05:30.603+06:00  INFO 578387 --- [pangochain-backend] [           main] o.s.boot.web.servlet.RegistrationBean    : Filter rateLimitFilterRegistration was not registered (disabled)
2026-07-31T21:05:30.666+06:00  INFO 578387 --- [pangochain-backend] [           main] o.s.d.j.r.query.QueryEnhancerFactory     : Hibernate is in classpath; If applicable, HQL parser will be used.
2026-07-31T21:05:32.381+06:00  INFO 578387 --- [pangochain-backend] [           main] c.p.b.blockchain.FabricGatewayService    : FabricGatewayService initialised for chaincode 'legalcc'
2026-07-31T21:05:32.505+06:00  INFO 578387 --- [pangochain-backend] [-event-listener] c.p.b.blockchain.FabricGatewayService    : Chaincode event listener started for 'legalcc'
2026-07-31T21:05:35.431+06:00  WARN 578387 --- [pangochain-backend] [           main] .s.s.UserDetailsServiceAutoConfiguration : 

Using generated security password: 225d5ec4-5476-41ab-9fe8-3bbe37ffd994

This generated password is for development use only. Your security configuration must be updated before running your application in production.

2026-07-31T21:05:36.138+06:00  INFO 578387 --- [pangochain-backend] [           main] o.s.b.a.e.web.EndpointLinksResolver      : Exposing 3 endpoint(s) beneath base path '/actuator'
2026-07-31T21:05:37.562+06:00  INFO 578387 --- [pangochain-backend] [           main] o.s.b.w.embedded.tomcat.TomcatWebServer  : Tomcat started on port 8080 (http) with context path ''
2026-07-31T21:05:37.564+06:00  INFO 578387 --- [pangochain-backend] [           main] o.s.m.s.b.SimpleBrokerMessageHandler     : Starting...
2026-07-31T21:05:37.564+06:00  INFO 578387 --- [pangochain-backend] [           main] o.s.m.s.b.SimpleBrokerMessageHandler     : BrokerAvailabilityEvent[available=true, SimpleBrokerMessageHandler [org.springframework.messaging.simp.broker.DefaultSubscriptionRegistry@33263239]]
2026-07-31T21:05:37.564+06:00  INFO 578387 --- [pangochain-backend] [           main] o.s.m.s.b.SimpleBrokerMessageHandler     : Started.
2026-07-31T21:05:37.576+06:00  INFO 578387 --- [pangochain-backend] [           main] c.p.backend.PangochainApplication        : Started PangochainApplication in 14.24 seconds (process running for 14.557)
2026-07-31T21:05:37.825+06:00  INFO 578387 --- [pangochain-backend] [           main] c.pangochain.backend.config.DataSeeder   : Base seed already present — running additive team/chat seed only
2026-07-31T21:05:38.050+06:00  INFO 578387 --- [pangochain-backend] [           main] c.pangochain.backend.config.DataSeeder   : ✅ Team/chat seed complete — associates a–d@pangolawfirm.com / Assoc123!
2026-07-31T21:05:38.262+06:00  INFO 578387 --- [pangochain-backend] [           main] c.pangochain.backend.config.DataSeeder   : ✅ Feature demo data seeded on Chen v. Meridian (settlement, billing, milestones, deadlines, feedback, admin alerts).
2026-07-31T21:05:38.465+06:00  INFO 578387 --- [pangochain-backend] [nio-8080-exec-1] o.a.c.c.C.[Tomcat].[localhost].[/]       : Initializing Spring DispatcherServlet 'dispatcherServlet'
2026-07-31T21:05:38.465+06:00  INFO 578387 --- [pangochain-backend] [nio-8080-exec-1] o.s.web.servlet.DispatcherServlet        : Initializing Servlet 'dispatcherServlet'
2026-07-31T21:05:38.467+06:00  INFO 578387 --- [pangochain-backend] [nio-8080-exec-1] o.s.web.servlet.DispatcherServlet        : Completed initialization in 2 ms
2026-07-31T21:05:38.888+06:00  INFO 578387 --- [pangochain-backend] [           main] c.pangochain.backend.ipfs.IpfsService    : Uploaded 1213 bytes to primary IPFS CID=Qmc3cPX1eFRjBFTE4jxWgzd5RfYJeijHJ6NgUMJRAQPFCw
2026-07-31T21:05:38.904+06:00  INFO 578387 --- [pangochain-backend] [nio-8080-exec-2] c.pangochain.backend.ipfs.IpfsService    : Fetched 780 bytes from primary IPFS CID=QmdMbyBpoGFK1mURYDVGnjQ4AkNoJfnaBed6stWNVYy8rq
2026-07-31T21:05:38.925+06:00  INFO 578387 --- [pangochain-backend] [           main] c.pangochain.backend.ipfs.IpfsService    : Pinned CID Qmc3cPX1eFRjBFTE4jxWgzd5RfYJeijHJ6NgUMJRAQPFCw on both IPFS nodes
2026-07-31T21:05:38.976+06:00  INFO 578387 --- [pangochain-backend] [           main] c.pangochain.backend.ipfs.IpfsService    : Uploaded 876 bytes to primary IPFS CID=QmNXvTuuSJwWGH15Bq2sqqHTk7gJraTM6AfxKzrtGp1Cmj
2026-07-31T21:05:39.080+06:00  INFO 578387 --- [pangochain-backend] [           main] c.pangochain.backend.ipfs.IpfsService    : Pinned CID QmNXvTuuSJwWGH15Bq2sqqHTk7gJraTM6AfxKzrtGp1Cmj on both IPFS nodes
2026-07-31T21:05:39.188+06:00  INFO 578387 --- [pangochain-backend] [           main] c.pangochain.backend.ipfs.IpfsService    : Uploaded 796 bytes to primary IPFS CID=QmcZfP1AhNqTZEk3C2y9UhV5HfpBpfpiNayRtvJByWkdKM
2026-07-31T21:05:39.218+06:00  INFO 578387 --- [pangochain-backend] [           main] c.pangochain.backend.ipfs.IpfsService    : Pinned CID QmcZfP1AhNqTZEk3C2y9UhV5HfpBpfpiNayRtvJByWkdKM on both IPFS nodes
2026-07-31T21:05:39.245+06:00  INFO 578387 --- [pangochain-backend] [nio-8080-exec-5] c.pangochain.backend.ipfs.IpfsService    : Fetched 780 bytes from primary IPFS CID=QmdMbyBpoGFK1mURYDVGnjQ4AkNoJfnaBed6stWNVYy8rq
2026-07-31T21:05:39.246+06:00  INFO 578387 --- [pangochain-backend] [nio-8080-exec-3] c.pangochain.backend.ipfs.IpfsService    : Fetched 780 bytes from primary IPFS CID=QmdMbyBpoGFK1mURYDVGnjQ4AkNoJfnaBed6stWNVYy8rq
2026-07-31T21:05:39.246+06:00  INFO 578387 --- [pangochain-backend] [io-8080-exec-10] c.pangochain.backend.ipfs.IpfsService    : Fetched 780 bytes from primary IPFS CID=QmdMbyBpoGFK1mURYDVGnjQ4AkNoJfnaBed6stWNVYy8rq
2026-07-31T21:05:39.246+06:00  INFO 578387 --- [pangochain-backend] [nio-8080-exec-9] c.pangochain.backend.ipfs.IpfsService    : Fetched 780 bytes from primary IPFS CID=QmdMbyBpoGFK1mURYDVGnjQ4AkNoJfnaBed6stWNVYy8rq
2026-07-31T21:05:39.248+06:00  INFO 578387 --- [pangochain-backend] [io-8080-exec-12] c.pangochain.backend.ipfs.IpfsService    : Fetched 780 bytes from primary IPFS CID=QmdMbyBpoGFK1mURYDVGnjQ4AkNoJfnaBed6stWNVYy8rq
2026-07-31T21:05:39.254+06:00  INFO 578387 --- [pangochain-backend] [           main] c.pangochain.backend.ipfs.IpfsService    : Uploaded 704 bytes to primary IPFS CID=QmSA5kszrGeJQzkehb2JofT94diqEpg63k9K3N53goJUHg
2026-07-31T21:05:39.259+06:00  INFO 578387 --- [pangochain-backend] [nio-8080-exec-6] c.pangochain.backend.ipfs.IpfsService    : Fetched 780 bytes from primary IPFS CID=QmdMbyBpoGFK1mURYDVGnjQ4AkNoJfnaBed6stWNVYy8rq
2026-07-31T21:05:39.277+06:00  INFO 578387 --- [pangochain-backend] [           main] c.pangochain.backend.ipfs.IpfsService    : Pinned CID QmSA5kszrGeJQzkehb2JofT94diqEpg63k9K3N53goJUHg on both IPFS nodes
2026-07-31T21:05:39.345+06:00  INFO 578387 --- [pangochain-backend] [nio-8080-exec-8] c.pangochain.backend.ipfs.IpfsService    : Fetched 780 bytes from primary IPFS CID=QmdMbyBpoGFK1mURYDVGnjQ4AkNoJfnaBed6stWNVYy8rq
2026-07-31T21:05:39.357+06:00  INFO 578387 --- [pangochain-backend] [           main] c.pangochain.backend.ipfs.IpfsService    : Uploaded 1042 bytes to primary IPFS CID=QmX9JypiKne761GFk6uKUo1KLsojzzb1h5EqMsM6VQgPV8
2026-07-31T21:05:39.483+06:00  INFO 578387 --- [pangochain-backend] [           main] c.pangochain.backend.ipfs.IpfsService    : Pinned CID QmX9JypiKne761GFk6uKUo1KLsojzzb1h5EqMsM6VQgPV8 on both IPFS nodes
2026-07-31T21:05:39.546+06:00  INFO 578387 --- [pangochain-backend] [           main] c.pangochain.backend.ipfs.IpfsService    : Uploaded 503 bytes to primary IPFS CID=QmX2pbRniD4SBDzQ474bw4jmEbafJazNq72zMHTytP8MuR
2026-07-31T21:05:39.551+06:00  INFO 578387 --- [pangochain-backend] [nio-8080-exec-7] c.pangochain.backend.ipfs.IpfsService    : Fetched 780 bytes from primary IPFS CID=QmdMbyBpoGFK1mURYDVGnjQ4AkNoJfnaBed6stWNVYy8rq
2026-07-31T21:05:39.553+06:00  INFO 578387 --- [pangochain-backend] [nio-8080-exec-4] c.pangochain.backend.ipfs.IpfsService    : Fetched 780 bytes from primary IPFS CID=QmdMbyBpoGFK1mURYDVGnjQ4AkNoJfnaBed6stWNVYy8rq
2026-07-31T21:05:39.554+06:00  INFO 578387 --- [pangochain-backend] [io-8080-exec-11] c.pangochain.backend.ipfs.IpfsService    : Fetched 780 bytes from primary IPFS CID=QmdMbyBpoGFK1mURYDVGnjQ4AkNoJfnaBed6stWNVYy8rq
2026-07-31T21:05:39.571+06:00  INFO 578387 --- [pangochain-backend] [           main] c.pangochain.backend.ipfs.IpfsService    : Pinned CID QmX2pbRniD4SBDzQ474bw4jmEbafJazNq72zMHTytP8MuR on both IPFS nodes
2026-07-31T21:05:39.605+06:00  INFO 578387 --- [pangochain-backend] [           main] c.pangochain.backend.ipfs.IpfsService    : Uploaded 859 bytes to primary IPFS CID=QmdFjnKBJ5mwhGEMnShmaCYktDyN2xKaxYf3nfigVcQjTz
2026-07-31T21:05:39.631+06:00  INFO 578387 --- [pangochain-backend] [           main] c.pangochain.backend.ipfs.IpfsService    : Pinned CID QmdFjnKBJ5mwhGEMnShmaCYktDyN2xKaxYf3nfigVcQjTz on both IPFS nodes
2026-07-31T21:05:39.647+06:00  INFO 578387 --- [pangochain-backend] [io-8080-exec-20] c.pangochain.backend.ipfs.IpfsService    : Fetched 780 bytes from primary IPFS CID=QmdMbyBpoGFK1mURYDVGnjQ4AkNoJfnaBed6stWNVYy8rq
2026-07-31T21:05:39.652+06:00  INFO 578387 --- [pangochain-backend] [io-8080-exec-16] c.pangochain.backend.ipfs.IpfsService    : Fetched 780 bytes from primary IPFS CID=QmdMbyBpoGFK1mURYDVGnjQ4AkNoJfnaBed6stWNVYy8rq
2026-07-31T21:05:39.676+06:00  INFO 578387 --- [pangochain-backend] [io-8080-exec-13] c.pangochain.backend.ipfs.IpfsService    : Fetched 780 bytes from primary IPFS CID=QmdMbyBpoGFK1mURYDVGnjQ4AkNoJfnaBed6stWNVYy8rq
2026-07-31T21:05:39.704+06:00  INFO 578387 --- [pangochain-backend] [nio-8080-exec-2] c.pangochain.backend.ipfs.IpfsService    : Fetched 780 bytes from primary IPFS CID=QmdMbyBpoGFK1mURYDVGnjQ4AkNoJfnaBed6stWNVYy8rq
2026-07-31T21:05:39.744+06:00  INFO 578387 --- [pangochain-backend] [io-8080-exec-15] c.pangochain.backend.ipfs.IpfsService    : Fetched 780 bytes from primary IPFS CID=QmdMbyBpoGFK1mURYDVGnjQ4AkNoJfnaBed6stWNVYy8rq
2026-07-31T21:05:39.749+06:00  INFO 578387 --- [pangochain-backend] [io-8080-exec-17] c.pangochain.backend.ipfs.IpfsService    : Fetched 780 bytes from primary IPFS CID=QmdMbyBpoGFK1mURYDVGnjQ4AkNoJfnaBed6stWNVYy8rq
2026-07-31T21:05:39.752+06:00  INFO 578387 --- [pangochain-backend] [           main] c.pangochain.backend.ipfs.IpfsService    : Uploaded 2194 bytes to primary IPFS CID=QmQMcqtK6cg5bso3aQJvCNkn94QsHtiMSPdPYDuFDxLPjm
2026-07-31T21:05:39.761+06:00  INFO 578387 --- [pangochain-backend] [io-8080-exec-14] c.pangochain.backend.ipfs.IpfsService    : Fetched 780 bytes from primary IPFS CID=QmdMbyBpoGFK1mURYDVGnjQ4AkNoJfnaBed6stWNVYy8rq
2026-07-31T21:05:39.828+06:00  INFO 578387 --- [pangochain-backend] [io-8080-exec-18] c.pangochain.backend.ipfs.IpfsService    : Fetched 780 bytes from primary IPFS CID=QmdMbyBpoGFK1mURYDVGnjQ4AkNoJfnaBed6stWNVYy8rq
2026-07-31T21:05:39.831+06:00  INFO 578387 --- [pangochain-backend] [io-8080-exec-19] c.pangochain.backend.ipfs.IpfsService    : Fetched 780 bytes from primary IPFS CID=QmdMbyBpoGFK1mURYDVGnjQ4AkNoJfnaBed6stWNVYy8rq
2026-07-31T21:05:39.851+06:00  INFO 578387 --- [pangochain-backend] [nio-8080-exec-1] c.pangochain.backend.ipfs.IpfsService    : Fetched 780 bytes from primary IPFS CID=QmdMbyBpoGFK1mURYDVGnjQ4AkNoJfnaBed6stWNVYy8rq
2026-07-31T21:05:39.911+06:00  INFO 578387 --- [pangochain-backend] [io-8080-exec-16] c.pangochain.backend.ipfs.IpfsService    : Fetched 780 bytes from primary IPFS CID=QmdMbyBpoGFK1mURYDVGnjQ4AkNoJfnaBed6stWNVYy8rq
2026-07-31T21:05:39.972+06:00  INFO 578387 --- [pangochain-backend] [           main] c.pangochain.backend.ipfs.IpfsService    : Pinned CID QmQMcqtK6cg5bso3aQJvCNkn94QsHtiMSPdPYDuFDxLPjm on both IPFS nodes
2026-07-31T21:05:40.022+06:00  INFO 578387 --- [pangochain-backend] [io-8080-exec-10] c.pangochain.backend.ipfs.IpfsService    : Fetched 780 bytes from primary IPFS CID=QmdMbyBpoGFK1mURYDVGnjQ4AkNoJfnaBed6stWNVYy8rq
2026-07-31T21:05:40.040+06:00  INFO 578387 --- [pangochain-backend] [nio-8080-exec-3] c.pangochain.backend.ipfs.IpfsService    : Fetched 780 bytes from primary IPFS CID=QmdMbyBpoGFK1mURYDVGnjQ4AkNoJfnaBed6stWNVYy8rq
2026-07-31T21:05:40.075+06:00  INFO 578387 --- [pangochain-backend] [io-8080-exec-15] c.pangochain.backend.ipfs.IpfsService    : Fetched 780 bytes from primary IPFS CID=QmdMbyBpoGFK1mURYDVGnjQ4AkNoJfnaBed6stWNVYy8rq
2026-07-31T21:05:40.084+06:00  INFO 578387 --- [pangochain-backend] [io-8080-exec-17] c.pangochain.backend.ipfs.IpfsService    : Fetched 780 bytes from primary IPFS CID=QmdMbyBpoGFK1mURYDVGnjQ4AkNoJfnaBed6stWNVYy8rq
2026-07-31T21:05:40.095+06:00  INFO 578387 --- [pangochain-backend] [io-8080-exec-14] c.pangochain.backend.ipfs.IpfsService    : Fetched 780 bytes from primary IPFS CID=QmdMbyBpoGFK1mURYDVGnjQ4AkNoJfnaBed6stWNVYy8rq
2026-07-31T21:05:40.102+06:00  INFO 578387 --- [pangochain-backend] [io-8080-exec-18] c.pangochain.backend.ipfs.IpfsService    : Fetched 780 bytes from primary IPFS CID=QmdMbyBpoGFK1mURYDVGnjQ4AkNoJfnaBed6stWNVYy8rq
2026-07-31T21:05:40.107+06:00  INFO 578387 --- [pangochain-backend] [nio-8080-exec-2] c.pangochain.backend.ipfs.IpfsService    : Fetched 780 bytes from primary IPFS CID=QmdMbyBpoGFK1mURYDVGnjQ4AkNoJfnaBed6stWNVYy8rq
2026-07-31T21:05:40.135+06:00  INFO 578387 --- [pangochain-backend] [           main] c.pangochain.backend.ipfs.IpfsService    : Uploaded 2537 bytes to primary IPFS CID=QmcD1YSPjYai9svmUChPKioiywJto3Vu1EeHQs45BQJ6u3
2026-07-31T21:05:40.182+06:00  INFO 578387 --- [pangochain-backend] [io-8080-exec-16] c.pangochain.backend.ipfs.IpfsService    : Fetched 780 bytes from primary IPFS CID=QmdMbyBpoGFK1mURYDVGnjQ4AkNoJfnaBed6stWNVYy8rq
2026-07-31T21:05:40.182+06:00  INFO 578387 --- [pangochain-backend] [io-8080-exec-19] c.pangochain.backend.ipfs.IpfsService    : Fetched 780 bytes from primary IPFS CID=QmdMbyBpoGFK1mURYDVGnjQ4AkNoJfnaBed6stWNVYy8rq
2026-07-31T21:05:40.195+06:00  INFO 578387 --- [pangochain-backend] [nio-8080-exec-1] c.pangochain.backend.ipfs.IpfsService    : Fetched 780 bytes from primary IPFS CID=QmdMbyBpoGFK1mURYDVGnjQ4AkNoJfnaBed6stWNVYy8rq
2026-07-31T21:05:40.197+06:00  INFO 578387 --- [pangochain-backend] [io-8080-exec-17] c.pangochain.backend.ipfs.IpfsService    : Fetched 780 bytes from primary IPFS CID=QmdMbyBpoGFK1mURYDVGnjQ4AkNoJfnaBed6stWNVYy8rq
2026-07-31T21:05:40.197+06:00  INFO 578387 --- [pangochain-backend] [io-8080-exec-12] c.pangochain.backend.ipfs.IpfsService    : Fetched 780 bytes from primary IPFS CID=QmdMbyBpoGFK1mURYDVGnjQ4AkNoJfnaBed6stWNVYy8rq
2026-07-31T21:05:40.201+06:00  INFO 578387 --- [pangochain-backend] [io-8080-exec-18] c.pangochain.backend.ipfs.IpfsService    : Fetched 780 bytes from primary IPFS CID=QmdMbyBpoGFK1mURYDVGnjQ4AkNoJfnaBed6stWNVYy8rq
2026-07-31T21:05:40.202+06:00  INFO 578387 --- [pangochain-backend] [           main] c.pangochain.backend.ipfs.IpfsService    : Pinned CID QmcD1YSPjYai9svmUChPKioiywJto3Vu1EeHQs45BQJ6u3 on both IPFS nodes
2026-07-31T21:05:40.203+06:00  INFO 578387 --- [pangochain-backend] [io-8080-exec-15] c.pangochain.backend.ipfs.IpfsService    : Fetched 780 bytes from primary IPFS CID=QmdMbyBpoGFK1mURYDVGnjQ4AkNoJfnaBed6stWNVYy8rq
2026-07-31T21:05:40.204+06:00  INFO 578387 --- [pangochain-backend] [nio-8080-exec-2] c.pangochain.backend.ipfs.IpfsService    : Fetched 780 bytes from primary IPFS CID=QmdMbyBpoGFK1mURYDVGnjQ4AkNoJfnaBed6stWNVYy8rq
2026-07-31T21:05:40.205+06:00  INFO 578387 --- [pangochain-backend] [io-8080-exec-14] c.pangochain.backend.ipfs.IpfsService    : Fetched 780 bytes from primary IPFS CID=QmdMbyBpoGFK1mURYDVGnjQ4AkNoJfnaBed6stWNVYy8rq
2026-07-31T21:05:40.207+06:00  INFO 578387 --- [pangochain-backend] [nio-8080-exec-9] c.pangochain.backend.ipfs.IpfsService    : Fetched 780 bytes from primary IPFS CID=QmdMbyBpoGFK1mURYDVGnjQ4AkNoJfnaBed6stWNVYy8rq
2026-07-31T21:05:40.214+06:00  INFO 578387 --- [pangochain-backend] [io-8080-exec-16] c.pangochain.backend.ipfs.IpfsService    : Fetched 780 bytes from primary IPFS CID=QmdMbyBpoGFK1mURYDVGnjQ4AkNoJfnaBed6stWNVYy8rq
2026-07-31T21:05:40.220+06:00  INFO 578387 --- [pangochain-backend] [nio-8080-exec-5] c.pangochain.backend.ipfs.IpfsService    : Fetched 780 bytes from primary IPFS CID=QmdMbyBpoGFK1mURYDVGnjQ4AkNoJfnaBed6stWNVYy8rq
2026-07-31T21:05:40.221+06:00  INFO 578387 --- [pangochain-backend] [nio-8080-exec-6] c.pangochain.backend.ipfs.IpfsService    : Fetched 780 bytes from primary IPFS CID=QmdMbyBpoGFK1mURYDVGnjQ4AkNoJfnaBed6stWNVYy8rq
2026-07-31T21:05:40.225+06:00  INFO 578387 --- [pangochain-backend] [io-8080-exec-14] c.pangochain.backend.ipfs.IpfsService    : Fetched 780 bytes from primary IPFS CID=QmdMbyBpoGFK1mURYDVGnjQ4AkNoJfnaBed6stWNVYy8rq
2026-07-31T21:05:40.226+06:00  INFO 578387 --- [pangochain-backend] [io-8080-exec-17] c.pangochain.backend.ipfs.IpfsService    : Fetched 780 bytes from primary IPFS CID=QmdMbyBpoGFK1mURYDVGnjQ4AkNoJfnaBed6stWNVYy8rq
2026-07-31T21:05:40.227+06:00  INFO 578387 --- [pangochain-backend] [nio-8080-exec-8] c.pangochain.backend.ipfs.IpfsService    : Fetched 780 bytes from primary IPFS CID=QmdMbyBpoGFK1mURYDVGnjQ4AkNoJfnaBed6stWNVYy8rq
2026-07-31T21:05:40.230+06:00  INFO 578387 --- [pangochain-backend] [nio-8080-exec-7] c.pangochain.backend.ipfs.IpfsService    : Fetched 780 bytes from primary IPFS CID=QmdMbyBpoGFK1mURYDVGnjQ4AkNoJfnaBed6stWNVYy8rq
2026-07-31T21:05:40.230+06:00  INFO 578387 --- [pangochain-backend] [nio-8080-exec-2] c.pangochain.backend.ipfs.IpfsService    : Fetched 780 bytes from primary IPFS CID=QmdMbyBpoGFK1mURYDVGnjQ4AkNoJfnaBed6stWNVYy8rq
2026-07-31T21:05:40.231+06:00  INFO 578387 --- [pangochain-backend] [nio-8080-exec-4] c.pangochain.backend.ipfs.IpfsService    : Fetched 780 bytes from primary IPFS CID=QmdMbyBpoGFK1mURYDVGnjQ4AkNoJfnaBed6stWNVYy8rq
2026-07-31T21:05:40.231+06:00  INFO 578387 --- [pangochain-backend] [io-8080-exec-15] c.pangochain.backend.ipfs.IpfsService    : Fetched 780 bytes from primary IPFS CID=QmdMbyBpoGFK1mURYDVGnjQ4AkNoJfnaBed6stWNVYy8rq
2026-07-31T21:05:40.240+06:00  INFO 578387 --- [pangochain-backend] [io-8080-exec-11] c.pangochain.backend.ipfs.IpfsService    : Fetched 780 bytes from primary IPFS CID=QmdMbyBpoGFK1mURYDVGnjQ4AkNoJfnaBed6stWNVYy8rq
2026-07-31T21:05:40.249+06:00  INFO 578387 --- [pangochain-backend] [           main] c.pangochain.backend.ipfs.IpfsService    : Uploaded 2187 bytes to primary IPFS CID=QmVBHnkKBcf2AYn81uBDhhcgXGFD9ADKxfz1Bn2oTdxAMi
2026-07-31T21:05:40.250+06:00  INFO 578387 --- [pangochain-backend] [nio-8080-exec-5] c.pangochain.backend.ipfs.IpfsService    : Fetched 780 bytes from primary IPFS CID=QmdMbyBpoGFK1mURYDVGnjQ4AkNoJfnaBed6stWNVYy8rq
2026-07-31T21:05:40.254+06:00  INFO 578387 --- [pangochain-backend] [io-8080-exec-20] c.pangochain.backend.ipfs.IpfsService    : Fetched 780 bytes from primary IPFS CID=QmdMbyBpoGFK1mURYDVGnjQ4AkNoJfnaBed6stWNVYy8rq
2026-07-31T21:05:40.342+06:00  INFO 578387 --- [pangochain-backend] [io-8080-exec-13] c.pangochain.backend.ipfs.IpfsService    : Fetched 780 bytes from primary IPFS CID=QmdMbyBpoGFK1mURYDVGnjQ4AkNoJfnaBed6stWNVYy8rq
2026-07-31T21:05:40.359+06:00  INFO 578387 --- [pangochain-backend] [           main] c.pangochain.backend.ipfs.IpfsService    : Pinned CID QmVBHnkKBcf2AYn81uBDhhcgXGFD9ADKxfz1Bn2oTdxAMi on both IPFS nodes
2026-07-31T21:05:40.379+06:00  INFO 578387 --- [pangochain-backend] [io-8080-exec-14] c.pangochain.backend.ipfs.IpfsService    : Fetched 780 bytes from primary IPFS CID=QmdMbyBpoGFK1mURYDVGnjQ4AkNoJfnaBed6stWNVYy8rq
2026-07-31T21:05:40.407+06:00  INFO 578387 --- [pangochain-backend] [nio-8080-exec-8] c.pangochain.backend.ipfs.IpfsService    : Fetched 780 bytes from primary IPFS CID=QmdMbyBpoGFK1mURYDVGnjQ4AkNoJfnaBed6stWNVYy8rq
2026-07-31T21:05:40.420+06:00  INFO 578387 --- [pangochain-backend] [io-8080-exec-17] c.pangochain.backend.ipfs.IpfsService    : Fetched 780 bytes from primary IPFS CID=QmdMbyBpoGFK1mURYDVGnjQ4AkNoJfnaBed6stWNVYy8rq
2026-07-31T21:05:40.430+06:00  INFO 578387 --- [pangochain-backend] [io-8080-exec-10] c.pangochain.backend.ipfs.IpfsService    : Fetched 780 bytes from primary IPFS CID=QmdMbyBpoGFK1mURYDVGnjQ4AkNoJfnaBed6stWNVYy8rq
2026-07-31T21:05:40.427+06:00  INFO 578387 --- [pangochain-backend] [nio-8080-exec-1] c.pangochain.backend.ipfs.IpfsService    : Fetched 780 bytes from primary IPFS CID=QmdMbyBpoGFK1mURYDVGnjQ4AkNoJfnaBed6stWNVYy8rq
2026-07-31T21:05:40.452+06:00  INFO 578387 --- [pangochain-backend] [io-8080-exec-19] c.pangochain.backend.ipfs.IpfsService    : Fetched 780 bytes from primary IPFS CID=QmdMbyBpoGFK1mURYDVGnjQ4AkNoJfnaBed6stWNVYy8rq
2026-07-31T21:05:40.457+06:00  INFO 578387 --- [pangochain-backend] [nio-8080-exec-3] c.pangochain.backend.ipfs.IpfsService    : Fetched 780 bytes from primary IPFS CID=QmdMbyBpoGFK1mURYDVGnjQ4AkNoJfnaBed6stWNVYy8rq
2026-07-31T21:05:40.473+06:00  INFO 578387 --- [pangochain-backend] [io-8080-exec-12] c.pangochain.backend.ipfs.IpfsService    : Fetched 780 bytes from primary IPFS CID=QmdMbyBpoGFK1mURYDVGnjQ4AkNoJfnaBed6stWNVYy8rq
2026-07-31T21:05:40.590+06:00  INFO 578387 --- [pangochain-backend] [           main] c.pangochain.backend.ipfs.IpfsService    : Uploaded 1527 bytes to primary IPFS CID=QmV3tq31jEKJjTfbGCqiVEQkqeyi99sWqiB7GXxqbUJd2f
2026-07-31T21:05:40.609+06:00  INFO 578387 --- [pangochain-backend] [nio-8080-exec-5] c.pangochain.backend.ipfs.IpfsService    : Fetched 780 bytes from primary IPFS CID=QmdMbyBpoGFK1mURYDVGnjQ4AkNoJfnaBed6stWNVYy8rq
2026-07-31T21:05:40.637+06:00  INFO 578387 --- [pangochain-backend] [   async-task-2] c.p.b.blockchain.FabricGatewayService    : Fabric tx committed: fn=LogAuditEvent txId=749bd9c090dbaa53c1752c32f2c088094f99b88807533db5cdf0637a359fb7f6
2026-07-31T21:05:40.637+06:00  INFO 578387 --- [pangochain-backend] [   async-task-3] c.p.b.blockchain.FabricGatewayService    : Fabric tx committed: fn=LogAuditEvent txId=e561323507af3ec5efc948ea33edff5b57678e577fb667cf5a1ac433683c1af4
2026-07-31T21:05:40.639+06:00  INFO 578387 --- [pangochain-backend] [   async-task-7] c.p.b.blockchain.FabricGatewayService    : Fabric tx committed: fn=LogAuditEvent txId=57535ecfddac2eba2601ccf3c6c18e024cca7277fc014cd7c0b26cd8f56ecb8a
2026-07-31T21:05:40.641+06:00  INFO 578387 --- [pangochain-backend] [MessageBroker-1] c.p.b.blockchain.FabricGatewayService    : Fabric tx committed: fn=LogAuditEvent txId=a2cd342d7a93d669f375bdd7598804c82fcf5d65e0636880c61b53793d038b04
2026-07-31T21:05:40.643+06:00  INFO 578387 --- [pangochain-backend] [   async-task-1] c.p.b.blockchain.FabricGatewayService    : Fabric tx committed: fn=LogAuditEvent txId=6734a5519b5c532228d735c99b2c3f1b43d123b31945d4ac00d375242c6d104a
2026-07-31T21:05:40.648+06:00  INFO 578387 --- [pangochain-backend] [   async-task-8] c.p.b.blockchain.FabricGatewayService    : Fabric tx committed: fn=LogAuditEvent txId=be718a0c554e2aefca57862869d19b32ec2548debb433919b403b6455518ae99
2026-07-31T21:05:40.648+06:00  INFO 578387 --- [pangochain-backend] [   async-task-4] c.p.b.blockchain.FabricGatewayService    : Fabric tx committed: fn=LogAuditEvent txId=1f575208f3176de1d0ab340ae4c471e997d5b63078cab8afee84d6da984a0dcf
2026-07-31T21:05:40.658+06:00  INFO 578387 --- [pangochain-backend] [   async-task-6] c.p.b.blockchain.FabricGatewayService    : Fabric tx committed: fn=LogAuditEvent txId=82f4b58ae1be499fa708d8ee50abeb41c9f8d52badf291e4f66947ae8a2ac508
2026-07-31T21:05:40.660+06:00  INFO 578387 --- [pangochain-backend] [io-8080-exec-13] c.pangochain.backend.ipfs.IpfsService    : Fetched 780 bytes from primary IPFS CID=QmdMbyBpoGFK1mURYDVGnjQ4AkNoJfnaBed6stWNVYy8rq
2026-07-31T21:05:40.682+06:00  INFO 578387 --- [pangochain-backend] [   async-task-5] c.p.b.blockchain.FabricGatewayService    : Fabric tx committed: fn=LogAuditEvent txId=97bbd02cb2fb5ba51c5fec988a59d719555eba79aaf344e48289bb5f7321da57
2026-07-31T21:05:40.775+06:00  INFO 578387 --- [pangochain-backend] [           main] c.pangochain.backend.ipfs.IpfsService    : Pinned CID QmV3tq31jEKJjTfbGCqiVEQkqeyi99sWqiB7GXxqbUJd2f on both IPFS nodes
2026-07-31T21:05:40.774+06:00  INFO 578387 --- [pangochain-backend] [io-8080-exec-18] c.pangochain.backend.ipfs.IpfsService    : Fetched 780 bytes from primary IPFS CID=QmdMbyBpoGFK1mURYDVGnjQ4AkNoJfnaBed6stWNVYy8rq
2026-07-31T21:05:40.778+06:00  INFO 578387 --- [pangochain-backend] [nio-8080-exec-7] c.pangochain.backend.ipfs.IpfsService    : Fetched 780 bytes from primary IPFS CID=QmdMbyBpoGFK1mURYDVGnjQ4AkNoJfnaBed6stWNVYy8rq
2026-07-31T21:05:40.789+06:00  INFO 578387 --- [pangochain-backend] [nio-8080-exec-6] c.pangochain.backend.ipfs.IpfsService    : Fetched 780 bytes from primary IPFS CID=QmdMbyBpoGFK1mURYDVGnjQ4AkNoJfnaBed6stWNVYy8rq
2026-07-31T21:05:40.790+06:00  INFO 578387 --- [pangochain-backend] [nio-8080-exec-8] c.pangochain.backend.ipfs.IpfsService    : Fetched 780 bytes from primary IPFS CID=QmdMbyBpoGFK1mURYDVGnjQ4AkNoJfnaBed6stWNVYy8rq
2026-07-31T21:05:40.792+06:00  INFO 578387 --- [pangochain-backend] [io-8080-exec-16] c.pangochain.backend.ipfs.IpfsService    : Fetched 780 bytes from primary IPFS CID=QmdMbyBpoGFK1mURYDVGnjQ4AkNoJfnaBed6stWNVYy8rq
2026-07-31T21:05:40.801+06:00  INFO 578387 --- [pangochain-backend] [nio-8080-exec-4] c.pangochain.backend.ipfs.IpfsService    : Fetched 780 bytes from primary IPFS CID=QmdMbyBpoGFK1mURYDVGnjQ4AkNoJfnaBed6stWNVYy8rq
2026-07-31T21:05:40.834+06:00  INFO 578387 --- [pangochain-backend] [io-8080-exec-15] c.pangochain.backend.ipfs.IpfsService    : Fetched 780 bytes from primary IPFS CID=QmdMbyBpoGFK1mURYDVGnjQ4AkNoJfnaBed6stWNVYy8rq
2026-07-31T21:05:40.861+06:00  INFO 578387 --- [pangochain-backend] [io-8080-exec-11] c.pangochain.backend.ipfs.IpfsService    : Fetched 780 bytes from primary IPFS CID=QmdMbyBpoGFK1mURYDVGnjQ4AkNoJfnaBed6stWNVYy8rq
2026-07-31T21:05:40.864+06:00  INFO 578387 --- [pangochain-backend] [nio-8080-exec-2] c.pangochain.backend.ipfs.IpfsService    : Fetched 780 bytes from primary IPFS CID=QmdMbyBpoGFK1mURYDVGnjQ4AkNoJfnaBed6stWNVYy8rq
2026-07-31T21:05:40.878+06:00  INFO 578387 --- [pangochain-backend] [io-8080-exec-13] c.pangochain.backend.ipfs.IpfsService    : Fetched 780 bytes from primary IPFS CID=QmdMbyBpoGFK1mURYDVGnjQ4AkNoJfnaBed6stWNVYy8rq
2026-07-31T21:05:40.883+06:00  INFO 578387 --- [pangochain-backend] [io-8080-exec-16] c.pangochain.backend.ipfs.IpfsService    : Fetched 780 bytes from primary IPFS CID=QmdMbyBpoGFK1mURYDVGnjQ4AkNoJfnaBed6stWNVYy8rq
2026-07-31T21:05:40.891+06:00  INFO 578387 --- [pangochain-backend] [nio-8080-exec-4] c.pangochain.backend.ipfs.IpfsService    : Fetched 780 bytes from primary IPFS CID=QmdMbyBpoGFK1mURYDVGnjQ4AkNoJfnaBed6stWNVYy8rq
2026-07-31T21:05:40.892+06:00  INFO 578387 --- [pangochain-backend] [           main] c.pangochain.backend.ipfs.IpfsService    : Uploaded 1889 bytes to primary IPFS CID=QmTrsvzqArUhiRiR99NiDNqUEigS3KmaEwcWhsDKu1UCxs
2026-07-31T21:05:40.896+06:00  INFO 578387 --- [pangochain-backend] [nio-8080-exec-7] c.pangochain.backend.ipfs.IpfsService    : Fetched 780 bytes from primary IPFS CID=QmdMbyBpoGFK1mURYDVGnjQ4AkNoJfnaBed6stWNVYy8rq
2026-07-31T21:05:40.896+06:00  INFO 578387 --- [pangochain-backend] [io-8080-exec-18] c.pangochain.backend.ipfs.IpfsService    : Fetched 780 bytes from primary IPFS CID=QmdMbyBpoGFK1mURYDVGnjQ4AkNoJfnaBed6stWNVYy8rq
2026-07-31T21:05:40.897+06:00  INFO 578387 --- [pangochain-backend] [nio-8080-exec-8] c.pangochain.backend.ipfs.IpfsService    : Fetched 780 bytes from primary IPFS CID=QmdMbyBpoGFK1mURYDVGnjQ4AkNoJfnaBed6stWNVYy8rq
2026-07-31T21:05:40.903+06:00  INFO 578387 --- [pangochain-backend] [nio-8080-exec-6] c.pangochain.backend.ipfs.IpfsService    : Fetched 780 bytes from primary IPFS CID=QmdMbyBpoGFK1mURYDVGnjQ4AkNoJfnaBed6stWNVYy8rq
2026-07-31T21:05:40.910+06:00  INFO 578387 --- [pangochain-backend] [io-8080-exec-15] c.pangochain.backend.ipfs.IpfsService    : Fetched 780 bytes from primary IPFS CID=QmdMbyBpoGFK1mURYDVGnjQ4AkNoJfnaBed6stWNVYy8rq
2026-07-31T21:05:40.913+06:00  INFO 578387 --- [pangochain-backend] [MessageBroker-1] c.p.b.audit.AuditAnchorBackfillWorker    : Anchored 77 audit events (ids 51053-51129) in batch tx a2cd342d7a93d669f375bdd7598804c82fcf5d65e0636880c61b53793d038b04
2026-07-31T21:05:40.913+06:00  INFO 578387 --- [pangochain-backend] [io-8080-exec-20] c.pangochain.backend.ipfs.IpfsService    : Fetched 780 bytes from primary IPFS CID=QmdMbyBpoGFK1mURYDVGnjQ4AkNoJfnaBed6stWNVYy8rq
2026-07-31T21:05:40.915+06:00  INFO 578387 --- [pangochain-backend] [io-8080-exec-17] c.pangochain.backend.ipfs.IpfsService    : Fetched 780 bytes from primary IPFS CID=QmdMbyBpoGFK1mURYDVGnjQ4AkNoJfnaBed6stWNVYy8rq
2026-07-31T21:05:40.915+06:00  INFO 578387 --- [pangochain-backend] [nio-8080-exec-1] c.pangochain.backend.ipfs.IpfsService    : Fetched 780 bytes from primary IPFS CID=QmdMbyBpoGFK1mURYDVGnjQ4AkNoJfnaBed6stWNVYy8rq
2026-07-31T21:05:40.915+06:00  INFO 578387 --- [pangochain-backend] [io-8080-exec-19] c.pangochain.backend.ipfs.IpfsService    : Fetched 780 bytes from primary IPFS CID=QmdMbyBpoGFK1mURYDVGnjQ4AkNoJfnaBed6stWNVYy8rq
2026-07-31T21:05:40.930+06:00  INFO 578387 --- [pangochain-backend] [io-8080-exec-10] c.pangochain.backend.ipfs.IpfsService    : Fetched 780 bytes from primary IPFS CID=QmdMbyBpoGFK1mURYDVGnjQ4AkNoJfnaBed6stWNVYy8rq
2026-07-31T21:05:40.932+06:00  INFO 578387 --- [pangochain-backend] [           main] c.pangochain.backend.ipfs.IpfsService    : Pinned CID QmTrsvzqArUhiRiR99NiDNqUEigS3KmaEwcWhsDKu1UCxs on both IPFS nodes
2026-07-31T21:05:40.929+06:00  INFO 578387 --- [pangochain-backend] [nio-8080-exec-9] c.pangochain.backend.ipfs.IpfsService    : Fetched 780 bytes from primary IPFS CID=QmdMbyBpoGFK1mURYDVGnjQ4AkNoJfnaBed6stWNVYy8rq
2026-07-31T21:05:40.941+06:00  INFO 578387 --- [pangochain-backend] [io-8080-exec-14] c.pangochain.backend.ipfs.IpfsService    : Fetched 780 bytes from primary IPFS CID=QmdMbyBpoGFK1mURYDVGnjQ4AkNoJfnaBed6stWNVYy8rq
2026-07-31T21:05:40.950+06:00  INFO 578387 --- [pangochain-backend] [nio-8080-exec-2] c.pangochain.backend.ipfs.IpfsService    : Fetched 780 bytes from primary IPFS CID=QmdMbyBpoGFK1mURYDVGnjQ4AkNoJfnaBed6stWNVYy8rq
2026-07-31T21:05:40.951+06:00  INFO 578387 --- [pangochain-backend] [io-8080-exec-12] c.pangochain.backend.ipfs.IpfsService    : Fetched 780 bytes from primary IPFS CID=QmdMbyBpoGFK1mURYDVGnjQ4AkNoJfnaBed6stWNVYy8rq
2026-07-31T21:05:40.956+06:00  INFO 578387 --- [pangochain-backend] [io-8080-exec-11] c.pangochain.backend.ipfs.IpfsService    : Fetched 780 bytes from primary IPFS CID=QmdMbyBpoGFK1mURYDVGnjQ4AkNoJfnaBed6stWNVYy8rq
2026-07-31T21:05:40.956+06:00  INFO 578387 --- [pangochain-backend] [nio-8080-exec-3] c.pangochain.backend.ipfs.IpfsService    : Fetched 780 bytes from primary IPFS CID=QmdMbyBpoGFK1mURYDVGnjQ4AkNoJfnaBed6stWNVYy8rq
2026-07-31T21:05:40.959+06:00  INFO 578387 --- [pangochain-backend] [io-8080-exec-19] c.pangochain.backend.ipfs.IpfsService    : Fetched 780 bytes from primary IPFS CID=QmdMbyBpoGFK1mURYDVGnjQ4AkNoJfnaBed6stWNVYy8rq
2026-07-31T21:05:40.964+06:00  INFO 578387 --- [pangochain-backend] [nio-8080-exec-1] c.pangochain.backend.ipfs.IpfsService    : Fetched 780 bytes from primary IPFS CID=QmdMbyBpoGFK1mURYDVGnjQ4AkNoJfnaBed6stWNVYy8rq
2026-07-31T21:05:40.965+06:00  INFO 578387 --- [pangochain-backend] [io-8080-exec-10] c.pangochain.backend.ipfs.IpfsService    : Fetched 780 bytes from primary IPFS CID=QmdMbyBpoGFK1mURYDVGnjQ4AkNoJfnaBed6stWNVYy8rq
2026-07-31T21:05:40.965+06:00  INFO 578387 --- [pangochain-backend] [nio-8080-exec-6] c.pangochain.backend.ipfs.IpfsService    : Fetched 780 bytes from primary IPFS CID=QmdMbyBpoGFK1mURYDVGnjQ4AkNoJfnaBed6stWNVYy8rq
2026-07-31T21:05:40.972+06:00  INFO 578387 --- [pangochain-backend] [io-8080-exec-16] c.pangochain.backend.ipfs.IpfsService    : Fetched 780 bytes from primary IPFS CID=QmdMbyBpoGFK1mURYDVGnjQ4AkNoJfnaBed6stWNVYy8rq
2026-07-31T21:05:40.970+06:00  INFO 578387 --- [pangochain-backend] [nio-8080-exec-5] c.pangochain.backend.ipfs.IpfsService    : Fetched 780 bytes from primary IPFS CID=QmdMbyBpoGFK1mURYDVGnjQ4AkNoJfnaBed6stWNVYy8rq
2026-07-31T21:05:40.977+06:00  INFO 578387 --- [pangochain-backend] [io-8080-exec-12] c.pangochain.backend.ipfs.IpfsService    : Fetched 780 bytes from primary IPFS CID=QmdMbyBpoGFK1mURYDVGnjQ4AkNoJfnaBed6stWNVYy8rq
2026-07-31T21:05:40.984+06:00  INFO 578387 --- [pangochain-backend] [nio-8080-exec-7] c.pangochain.backend.ipfs.IpfsService    : Fetched 780 bytes from primary IPFS CID=QmdMbyBpoGFK1mURYDVGnjQ4AkNoJfnaBed6stWNVYy8rq
2026-07-31T21:05:40.985+06:00  INFO 578387 --- [pangochain-backend] [io-8080-exec-15] c.pangochain.backend.ipfs.IpfsService    : Fetched 780 bytes from primary IPFS CID=QmdMbyBpoGFK1mURYDVGnjQ4AkNoJfnaBed6stWNVYy8rq
2026-07-31T21:05:40.985+06:00  INFO 578387 --- [pangochain-backend] [io-8080-exec-13] c.pangochain.backend.ipfs.IpfsService    : Fetched 780 bytes from primary IPFS CID=QmdMbyBpoGFK1mURYDVGnjQ4AkNoJfnaBed6stWNVYy8rq
2026-07-31T21:05:40.988+06:00  INFO 578387 --- [pangochain-backend] [io-8080-exec-18] c.pangochain.backend.ipfs.IpfsService    : Fetched 780 bytes from primary IPFS CID=QmdMbyBpoGFK1mURYDVGnjQ4AkNoJfnaBed6stWNVYy8rq
2026-07-31T21:05:40.990+06:00  INFO 578387 --- [pangochain-backend] [nio-8080-exec-4] c.pangochain.backend.ipfs.IpfsService    : Fetched 780 bytes from primary IPFS CID=QmdMbyBpoGFK1mURYDVGnjQ4AkNoJfnaBed6stWNVYy8rq
2026-07-31T21:05:41.007+06:00  INFO 578387 --- [pangochain-backend] [nio-8080-exec-8] c.pangochain.backend.ipfs.IpfsService    : Fetched 780 bytes from primary IPFS CID=QmdMbyBpoGFK1mURYDVGnjQ4AkNoJfnaBed6stWNVYy8rq
2026-07-31T21:05:41.025+06:00  INFO 578387 --- [pangochain-backend] [io-8080-exec-17] c.pangochain.backend.ipfs.IpfsService    : Fetched 780 bytes from primary IPFS CID=QmdMbyBpoGFK1mURYDVGnjQ4AkNoJfnaBed6stWNVYy8rq
2026-07-31T21:05:41.088+06:00  INFO 578387 --- [pangochain-backend] [nio-8080-exec-5] c.pangochain.backend.ipfs.IpfsService    : Fetched 780 bytes from primary IPFS CID=QmdMbyBpoGFK1mURYDVGnjQ4AkNoJfnaBed6stWNVYy8rq
2026-07-31T21:05:41.091+06:00  INFO 578387 --- [pangochain-backend] [io-8080-exec-12] c.pangochain.backend.ipfs.IpfsService    : Fetched 780 bytes from primary IPFS CID=QmdMbyBpoGFK1mURYDVGnjQ4AkNoJfnaBed6stWNVYy8rq
2026-07-31T21:05:41.099+06:00  INFO 578387 --- [pangochain-backend] [io-8080-exec-16] c.pangochain.backend.ipfs.IpfsService    : Fetched 780 bytes from primary IPFS CID=QmdMbyBpoGFK1mURYDVGnjQ4AkNoJfnaBed6stWNVYy8rq
2026-07-31T21:05:41.160+06:00  INFO 578387 --- [pangochain-backend] [nio-8080-exec-2] c.pangochain.backend.ipfs.IpfsService    : Fetched 780 bytes from primary IPFS CID=QmdMbyBpoGFK1mURYDVGnjQ4AkNoJfnaBed6stWNVYy8rq
2026-07-31T21:05:41.162+06:00  INFO 578387 --- [pangochain-backend] [io-8080-exec-20] c.pangochain.backend.ipfs.IpfsService    : Fetched 780 bytes from primary IPFS CID=QmdMbyBpoGFK1mURYDVGnjQ4AkNoJfnaBed6stWNVYy8rq
2026-07-31T21:05:41.166+06:00  INFO 578387 --- [pangochain-backend] [nio-8080-exec-9] c.pangochain.backend.ipfs.IpfsService    : Fetched 780 bytes from primary IPFS CID=QmdMbyBpoGFK1mURYDVGnjQ4AkNoJfnaBed6stWNVYy8rq
2026-07-31T21:05:41.191+06:00  INFO 578387 --- [pangochain-backend] [io-8080-exec-11] c.pangochain.backend.ipfs.IpfsService    : Fetched 780 bytes from primary IPFS CID=QmdMbyBpoGFK1mURYDVGnjQ4AkNoJfnaBed6stWNVYy8rq
2026-07-31T21:05:41.216+06:00  INFO 578387 --- [pangochain-backend] [io-8080-exec-19] c.pangochain.backend.ipfs.IpfsService    : Fetched 780 bytes from primary IPFS CID=QmdMbyBpoGFK1mURYDVGnjQ4AkNoJfnaBed6stWNVYy8rq
2026-07-31T21:05:41.243+06:00  INFO 578387 --- [pangochain-backend] [io-8080-exec-10] c.pangochain.backend.ipfs.IpfsService    : Fetched 780 bytes from primary IPFS CID=QmdMbyBpoGFK1mURYDVGnjQ4AkNoJfnaBed6stWNVYy8rq
2026-07-31T21:05:41.261+06:00  INFO 578387 --- [pangochain-backend] [nio-8080-exec-3] c.pangochain.backend.ipfs.IpfsService    : Fetched 780 bytes from primary IPFS CID=QmdMbyBpoGFK1mURYDVGnjQ4AkNoJfnaBed6stWNVYy8rq
2026-07-31T21:05:41.309+06:00  INFO 578387 --- [pangochain-backend] [io-8080-exec-14] c.pangochain.backend.ipfs.IpfsService    : Fetched 780 bytes from primary IPFS CID=QmdMbyBpoGFK1mURYDVGnjQ4AkNoJfnaBed6stWNVYy8rq
2026-07-31T21:05:41.368+06:00  INFO 578387 --- [pangochain-backend] [nio-8080-exec-1] c.pangochain.backend.ipfs.IpfsService    : Fetched 780 bytes from primary IPFS CID=QmdMbyBpoGFK1mURYDVGnjQ4AkNoJfnaBed6stWNVYy8rq
2026-07-31T21:05:41.438+06:00  INFO 578387 --- [pangochain-backend] [io-8080-exec-15] c.pangochain.backend.ipfs.IpfsService    : Fetched 780 bytes from primary IPFS CID=QmdMbyBpoGFK1mURYDVGnjQ4AkNoJfnaBed6stWNVYy8rq
2026-07-31T21:05:41.437+06:00  INFO 578387 --- [pangochain-backend] [nio-8080-exec-6] c.pangochain.backend.ipfs.IpfsService    : Fetched 780 bytes from primary IPFS CID=QmdMbyBpoGFK1mURYDVGnjQ4AkNoJfnaBed6stWNVYy8rq
2026-07-31T21:05:41.442+06:00  INFO 578387 --- [pangochain-backend] [io-8080-exec-13] c.pangochain.backend.ipfs.IpfsService    : Fetched 780 bytes from primary IPFS CID=QmdMbyBpoGFK1mURYDVGnjQ4AkNoJfnaBed6stWNVYy8rq
2026-07-31T21:05:41.472+06:00  INFO 578387 --- [pangochain-backend] [io-8080-exec-19] c.pangochain.backend.ipfs.IpfsService    : Fetched 780 bytes from primary IPFS CID=QmdMbyBpoGFK1mURYDVGnjQ4AkNoJfnaBed6stWNVYy8rq
2026-07-31T21:05:41.509+06:00  INFO 578387 --- [pangochain-backend] [nio-8080-exec-7] c.pangochain.backend.ipfs.IpfsService    : Fetched 780 bytes from primary IPFS CID=QmdMbyBpoGFK1mURYDVGnjQ4AkNoJfnaBed6stWNVYy8rq
2026-07-31T21:05:41.511+06:00  INFO 578387 --- [pangochain-backend] [io-8080-exec-10] c.pangochain.backend.ipfs.IpfsService    : Fetched 780 bytes from primary IPFS CID=QmdMbyBpoGFK1mURYDVGnjQ4AkNoJfnaBed6stWNVYy8rq
2026-07-31T21:05:41.542+06:00  INFO 578387 --- [pangochain-backend] [nio-8080-exec-4] c.pangochain.backend.ipfs.IpfsService    : Fetched 780 bytes from primary IPFS CID=QmdMbyBpoGFK1mURYDVGnjQ4AkNoJfnaBed6stWNVYy8rq
2026-07-31T21:05:41.605+06:00  INFO 578387 --- [pangochain-backend] [io-8080-exec-14] c.pangochain.backend.ipfs.IpfsService    : Fetched 780 bytes from primary IPFS CID=QmdMbyBpoGFK1mURYDVGnjQ4AkNoJfnaBed6stWNVYy8rq
2026-07-31T21:05:41.609+06:00  INFO 578387 --- [pangochain-backend] [nio-8080-exec-3] c.pangochain.backend.ipfs.IpfsService    : Fetched 780 bytes from primary IPFS CID=QmdMbyBpoGFK1mURYDVGnjQ4AkNoJfnaBed6stWNVYy8rq
2026-07-31T21:05:41.610+06:00  INFO 578387 --- [pangochain-backend] [io-8080-exec-16] c.pangochain.backend.ipfs.IpfsService    : Fetched 780 bytes from primary IPFS CID=QmdMbyBpoGFK1mURYDVGnjQ4AkNoJfnaBed6stWNVYy8rq
2026-07-31T21:05:41.713+06:00  INFO 578387 --- [pangochain-backend] [nio-8080-exec-2] c.pangochain.backend.ipfs.IpfsService    : Fetched 780 bytes from primary IPFS CID=QmdMbyBpoGFK1mURYDVGnjQ4AkNoJfnaBed6stWNVYy8rq
2026-07-31T21:05:41.716+06:00  INFO 578387 --- [pangochain-backend] [io-8080-exec-11] c.pangochain.backend.ipfs.IpfsService    : Fetched 780 bytes from primary IPFS CID=QmdMbyBpoGFK1mURYDVGnjQ4AkNoJfnaBed6stWNVYy8rq
2026-07-31T21:05:41.729+06:00  INFO 578387 --- [pangochain-backend] [nio-8080-exec-1] c.pangochain.backend.ipfs.IpfsService    : Fetched 780 bytes from primary IPFS CID=QmdMbyBpoGFK1mURYDVGnjQ4AkNoJfnaBed6stWNVYy8rq
2026-07-31T21:05:41.734+06:00  INFO 578387 --- [pangochain-backend] [io-8080-exec-19] c.pangochain.backend.ipfs.IpfsService    : Fetched 780 bytes from primary IPFS CID=QmdMbyBpoGFK1mURYDVGnjQ4AkNoJfnaBed6stWNVYy8rq
2026-07-31T21:05:41.737+06:00  INFO 578387 --- [pangochain-backend] [io-8080-exec-12] c.pangochain.backend.ipfs.IpfsService    : Fetched 780 bytes from primary IPFS CID=QmdMbyBpoGFK1mURYDVGnjQ4AkNoJfnaBed6stWNVYy8rq
2026-07-31T21:05:41.749+06:00  INFO 578387 --- [pangochain-backend] [nio-8080-exec-5] c.pangochain.backend.ipfs.IpfsService    : Fetched 780 bytes from primary IPFS CID=QmdMbyBpoGFK1mURYDVGnjQ4AkNoJfnaBed6stWNVYy8rq
2026-07-31T21:05:41.752+06:00  INFO 578387 --- [pangochain-backend] [io-8080-exec-17] c.pangochain.backend.ipfs.IpfsService    : Fetched 780 bytes from primary IPFS CID=QmdMbyBpoGFK1mURYDVGnjQ4AkNoJfnaBed6stWNVYy8rq
2026-07-31T21:05:41.810+06:00  INFO 578387 --- [pangochain-backend] [nio-8080-exec-4] c.pangochain.backend.ipfs.IpfsService    : Fetched 780 bytes from primary IPFS CID=QmdMbyBpoGFK1mURYDVGnjQ4AkNoJfnaBed6stWNVYy8rq
2026-07-31T21:05:41.837+06:00  INFO 578387 --- [pangochain-backend] [io-8080-exec-20] c.pangochain.backend.ipfs.IpfsService    : Fetched 780 bytes from primary IPFS CID=QmdMbyBpoGFK1mURYDVGnjQ4AkNoJfnaBed6stWNVYy8rq
2026-07-31T21:05:41.839+06:00  INFO 578387 --- [pangochain-backend] [nio-8080-exec-9] c.pangochain.backend.ipfs.IpfsService    : Fetched 780 bytes from primary IPFS CID=QmdMbyBpoGFK1mURYDVGnjQ4AkNoJfnaBed6stWNVYy8rq
2026-07-31T21:05:41.857+06:00  INFO 578387 --- [pangochain-backend] [io-8080-exec-13] c.pangochain.backend.ipfs.IpfsService    : Fetched 780 bytes from primary IPFS CID=QmdMbyBpoGFK1mURYDVGnjQ4AkNoJfnaBed6stWNVYy8rq
2026-07-31T21:05:41.857+06:00  INFO 578387 --- [pangochain-backend] [nio-8080-exec-6] c.pangochain.backend.ipfs.IpfsService    : Fetched 780 bytes from primary IPFS CID=QmdMbyBpoGFK1mURYDVGnjQ4AkNoJfnaBed6stWNVYy8rq
2026-07-31T21:05:41.859+06:00  INFO 578387 --- [pangochain-backend] [io-8080-exec-18] c.pangochain.backend.ipfs.IpfsService    : Fetched 780 bytes from primary IPFS CID=QmdMbyBpoGFK1mURYDVGnjQ4AkNoJfnaBed6stWNVYy8rq
2026-07-31T21:05:41.861+06:00  INFO 578387 --- [pangochain-backend] [nio-8080-exec-8] c.pangochain.backend.ipfs.IpfsService    : Fetched 780 bytes from primary IPFS CID=QmdMbyBpoGFK1mURYDVGnjQ4AkNoJfnaBed6stWNVYy8rq
2026-07-31T21:05:41.861+06:00  INFO 578387 --- [pangochain-backend] [io-8080-exec-17] c.pangochain.backend.ipfs.IpfsService    : Fetched 780 bytes from primary IPFS CID=QmdMbyBpoGFK1mURYDVGnjQ4AkNoJfnaBed6stWNVYy8rq
2026-07-31T21:05:41.861+06:00  INFO 578387 --- [pangochain-backend] [nio-8080-exec-7] c.pangochain.backend.ipfs.IpfsService    : Fetched 780 bytes from primary IPFS CID=QmdMbyBpoGFK1mURYDVGnjQ4AkNoJfnaBed6stWNVYy8rq
2026-07-31T21:05:41.861+06:00  INFO 578387 --- [pangochain-backend] [nio-8080-exec-2] c.pangochain.backend.ipfs.IpfsService    : Fetched 780 bytes from primary IPFS CID=QmdMbyBpoGFK1mURYDVGnjQ4AkNoJfnaBed6stWNVYy8rq
2026-07-31T21:05:41.866+06:00  INFO 578387 --- [pangochain-backend] [io-8080-exec-10] c.pangochain.backend.ipfs.IpfsService    : Fetched 780 bytes from primary IPFS CID=QmdMbyBpoGFK1mURYDVGnjQ4AkNoJfnaBed6stWNVYy8rq
2026-07-31T21:05:41.869+06:00  INFO 578387 --- [pangochain-backend] [io-8080-exec-14] c.pangochain.backend.ipfs.IpfsService    : Fetched 780 bytes from primary IPFS CID=QmdMbyBpoGFK1mURYDVGnjQ4AkNoJfnaBed6stWNVYy8rq
2026-07-31T21:05:41.877+06:00  INFO 578387 --- [pangochain-backend] [nio-8080-exec-3] c.pangochain.backend.ipfs.IpfsService    : Fetched 780 bytes from primary IPFS CID=QmdMbyBpoGFK1mURYDVGnjQ4AkNoJfnaBed6stWNVYy8rq
2026-07-31T21:05:41.879+06:00  INFO 578387 --- [pangochain-backend] [io-8080-exec-11] c.pangochain.backend.ipfs.IpfsService    : Fetched 780 bytes from primary IPFS CID=QmdMbyBpoGFK1mURYDVGnjQ4AkNoJfnaBed6stWNVYy8rq
2026-07-31T21:05:41.879+06:00  INFO 578387 --- [pangochain-backend] [io-8080-exec-16] c.pangochain.backend.ipfs.IpfsService    : Fetched 780 bytes from primary IPFS CID=QmdMbyBpoGFK1mURYDVGnjQ4AkNoJfnaBed6stWNVYy8rq
2026-07-31T21:05:41.881+06:00  INFO 578387 --- [pangochain-backend] [nio-8080-exec-1] c.pangochain.backend.ipfs.IpfsService    : Fetched 780 bytes from primary IPFS CID=QmdMbyBpoGFK1mURYDVGnjQ4AkNoJfnaBed6stWNVYy8rq
2026-07-31T21:05:41.881+06:00  INFO 578387 --- [pangochain-backend] [nio-8080-exec-5] c.pangochain.backend.ipfs.IpfsService    : Fetched 780 bytes from primary IPFS CID=QmdMbyBpoGFK1mURYDVGnjQ4AkNoJfnaBed6stWNVYy8rq
2026-07-31T21:05:41.881+06:00  INFO 578387 --- [pangochain-backend] [io-8080-exec-19] c.pangochain.backend.ipfs.IpfsService    : Fetched 780 bytes from primary IPFS CID=QmdMbyBpoGFK1mURYDVGnjQ4AkNoJfnaBed6stWNVYy8rq
2026-07-31T21:05:41.884+06:00  INFO 578387 --- [pangochain-backend] [io-8080-exec-12] c.pangochain.backend.ipfs.IpfsService    : Fetched 780 bytes from primary IPFS CID=QmdMbyBpoGFK1mURYDVGnjQ4AkNoJfnaBed6stWNVYy8rq
2026-07-31T21:05:41.884+06:00  INFO 578387 --- [pangochain-backend] [io-8080-exec-15] c.pangochain.backend.ipfs.IpfsService    : Fetched 780 bytes from primary IPFS CID=QmdMbyBpoGFK1mURYDVGnjQ4AkNoJfnaBed6stWNVYy8rq
2026-07-31T21:05:41.886+06:00  INFO 578387 --- [pangochain-backend] [nio-8080-exec-9] c.pangochain.backend.ipfs.IpfsService    : Fetched 780 bytes from primary IPFS CID=QmdMbyBpoGFK1mURYDVGnjQ4AkNoJfnaBed6stWNVYy8rq
2026-07-31T21:05:41.888+06:00  INFO 578387 --- [pangochain-backend] [nio-8080-exec-4] c.pangochain.backend.ipfs.IpfsService    : Fetched 780 bytes from primary IPFS CID=QmdMbyBpoGFK1mURYDVGnjQ4AkNoJfnaBed6stWNVYy8rq
2026-07-31T21:05:41.895+06:00  INFO 578387 --- [pangochain-backend] [io-8080-exec-20] c.pangochain.backend.ipfs.IpfsService    : Fetched 780 bytes from primary IPFS CID=QmdMbyBpoGFK1mURYDVGnjQ4AkNoJfnaBed6stWNVYy8rq
2026-07-31T21:05:41.895+06:00  INFO 578387 --- [pangochain-backend] [nio-8080-exec-3] c.pangochain.backend.ipfs.IpfsService    : Fetched 780 bytes from primary IPFS CID=QmdMbyBpoGFK1mURYDVGnjQ4AkNoJfnaBed6stWNVYy8rq
2026-07-31T21:05:41.897+06:00  INFO 578387 --- [pangochain-backend] [nio-8080-exec-5] c.pangochain.backend.ipfs.IpfsService    : Fetched 780 bytes from primary IPFS CID=QmdMbyBpoGFK1mURYDVGnjQ4AkNoJfnaBed6stWNVYy8rq
2026-07-31T21:05:41.902+06:00  INFO 578387 --- [pangochain-backend] [nio-8080-exec-4] c.pangochain.backend.ipfs.IpfsService    : Fetched 780 bytes from primary IPFS CID=QmdMbyBpoGFK1mURYDVGnjQ4AkNoJfnaBed6stWNVYy8rq
2026-07-31T21:05:41.902+06:00  INFO 578387 --- [pangochain-backend] [io-8080-exec-17] c.pangochain.backend.ipfs.IpfsService    : Fetched 780 bytes from primary IPFS CID=QmdMbyBpoGFK1mURYDVGnjQ4AkNoJfnaBed6stWNVYy8rq
2026-07-31T21:05:41.902+06:00  INFO 578387 --- [pangochain-backend] [nio-8080-exec-8] c.pangochain.backend.ipfs.IpfsService    : Fetched 780 bytes from primary IPFS CID=QmdMbyBpoGFK1mURYDVGnjQ4AkNoJfnaBed6stWNVYy8rq
2026-07-31T21:05:41.902+06:00  INFO 578387 --- [pangochain-backend] [io-8080-exec-13] c.pangochain.backend.ipfs.IpfsService    : Fetched 780 bytes from primary IPFS CID=QmdMbyBpoGFK1mURYDVGnjQ4AkNoJfnaBed6stWNVYy8rq
2026-07-31T21:05:41.902+06:00  INFO 578387 --- [pangochain-backend] [io-8080-exec-18] c.pangochain.backend.ipfs.IpfsService    : Fetched 780 bytes from primary IPFS CID=QmdMbyBpoGFK1mURYDVGnjQ4AkNoJfnaBed6stWNVYy8rq
2026-07-31T21:05:41.902+06:00  INFO 578387 --- [pangochain-backend] [nio-8080-exec-2] c.pangochain.backend.ipfs.IpfsService    : Fetched 780 bytes from primary IPFS CID=QmdMbyBpoGFK1mURYDVGnjQ4AkNoJfnaBed6stWNVYy8rq
2026-07-31T21:05:41.903+06:00  INFO 578387 --- [pangochain-backend] [nio-8080-exec-6] c.pangochain.backend.ipfs.IpfsService    : Fetched 780 bytes from primary IPFS CID=QmdMbyBpoGFK1mURYDVGnjQ4AkNoJfnaBed6stWNVYy8rq
2026-07-31T21:05:41.913+06:00  INFO 578387 --- [pangochain-backend] [io-8080-exec-14] c.pangochain.backend.ipfs.IpfsService    : Fetched 780 bytes from primary IPFS CID=QmdMbyBpoGFK1mURYDVGnjQ4AkNoJfnaBed6stWNVYy8rq
2026-07-31T21:05:41.914+06:00  INFO 578387 --- [pangochain-backend] [nio-8080-exec-7] c.pangochain.backend.ipfs.IpfsService    : Fetched 780 bytes from primary IPFS CID=QmdMbyBpoGFK1mURYDVGnjQ4AkNoJfnaBed6stWNVYy8rq
2026-07-31T21:05:41.916+06:00  INFO 578387 --- [pangochain-backend] [io-8080-exec-10] c.pangochain.backend.ipfs.IpfsService    : Fetched 780 bytes from primary IPFS CID=QmdMbyBpoGFK1mURYDVGnjQ4AkNoJfnaBed6stWNVYy8rq
2026-07-31T21:05:41.919+06:00  INFO 578387 --- [pangochain-backend] [io-8080-exec-19] c.pangochain.backend.ipfs.IpfsService    : Fetched 780 bytes from primary IPFS CID=QmdMbyBpoGFK1mURYDVGnjQ4AkNoJfnaBed6stWNVYy8rq
2026-07-31T21:05:41.922+06:00  INFO 578387 --- [pangochain-backend] [io-8080-exec-16] c.pangochain.backend.ipfs.IpfsService    : Fetched 780 bytes from primary IPFS CID=QmdMbyBpoGFK1mURYDVGnjQ4AkNoJfnaBed6stWNVYy8rq
2026-07-31T21:05:41.923+06:00  INFO 578387 --- [pangochain-backend] [io-8080-exec-11] c.pangochain.backend.ipfs.IpfsService    : Fetched 780 bytes from primary IPFS CID=QmdMbyBpoGFK1mURYDVGnjQ4AkNoJfnaBed6stWNVYy8rq
2026-07-31T21:05:41.923+06:00  INFO 578387 --- [pangochain-backend] [nio-8080-exec-9] c.pangochain.backend.ipfs.IpfsService    : Fetched 780 bytes from primary IPFS CID=QmdMbyBpoGFK1mURYDVGnjQ4AkNoJfnaBed6stWNVYy8rq
2026-07-31T21:05:41.924+06:00  INFO 578387 --- [pangochain-backend] [nio-8080-exec-1] c.pangochain.backend.ipfs.IpfsService    : Fetched 780 bytes from primary IPFS CID=QmdMbyBpoGFK1mURYDVGnjQ4AkNoJfnaBed6stWNVYy8rq
2026-07-31T21:05:41.925+06:00  INFO 578387 --- [pangochain-backend] [io-8080-exec-15] c.pangochain.backend.ipfs.IpfsService    : Fetched 780 bytes from primary IPFS CID=QmdMbyBpoGFK1mURYDVGnjQ4AkNoJfnaBed6stWNVYy8rq
2026-07-31T21:05:41.928+06:00  INFO 578387 --- [pangochain-backend] [nio-8080-exec-7] c.pangochain.backend.ipfs.IpfsService    : Fetched 780 bytes from primary IPFS CID=QmdMbyBpoGFK1mURYDVGnjQ4AkNoJfnaBed6stWNVYy8rq
2026-07-31T21:05:41.931+06:00  INFO 578387 --- [pangochain-backend] [io-8080-exec-12] c.pangochain.backend.ipfs.IpfsService    : Fetched 780 bytes from primary IPFS CID=QmdMbyBpoGFK1mURYDVGnjQ4AkNoJfnaBed6stWNVYy8rq
2026-07-31T21:05:41.930+06:00  INFO 578387 --- [pangochain-backend] [nio-8080-exec-5] c.pangochain.backend.ipfs.IpfsService    : Fetched 780 bytes from primary IPFS CID=QmdMbyBpoGFK1mURYDVGnjQ4AkNoJfnaBed6stWNVYy8rq
2026-07-31T21:05:41.931+06:00  INFO 578387 --- [pangochain-backend] [nio-8080-exec-3] c.pangochain.backend.ipfs.IpfsService    : Fetched 780 bytes from primary IPFS CID=QmdMbyBpoGFK1mURYDVGnjQ4AkNoJfnaBed6stWNVYy8rq
2026-07-31T21:05:41.941+06:00  INFO 578387 --- [pangochain-backend] [nio-8080-exec-8] c.pangochain.backend.ipfs.IpfsService    : Fetched 780 bytes from primary IPFS CID=QmdMbyBpoGFK1mURYDVGnjQ4AkNoJfnaBed6stWNVYy8rq
2026-07-31T21:05:41.945+06:00  INFO 578387 --- [pangochain-backend] [nio-8080-exec-1] c.pangochain.backend.ipfs.IpfsService    : Fetched 780 bytes from primary IPFS CID=QmdMbyBpoGFK1mURYDVGnjQ4AkNoJfnaBed6stWNVYy8rq
2026-07-31T21:05:41.945+06:00  INFO 578387 --- [pangochain-backend] [nio-8080-exec-2] c.pangochain.backend.ipfs.IpfsService    : Fetched 780 bytes from primary IPFS CID=QmdMbyBpoGFK1mURYDVGnjQ4AkNoJfnaBed6stWNVYy8rq
2026-07-31T21:05:41.945+06:00  INFO 578387 --- [pangochain-backend] [io-8080-exec-18] c.pangochain.backend.ipfs.IpfsService    : Fetched 780 bytes from primary IPFS CID=QmdMbyBpoGFK1mURYDVGnjQ4AkNoJfnaBed6stWNVYy8rq
2026-07-31T21:05:41.947+06:00  INFO 578387 --- [pangochain-backend] [nio-8080-exec-6] c.pangochain.backend.ipfs.IpfsService    : Fetched 780 bytes from primary IPFS CID=QmdMbyBpoGFK1mURYDVGnjQ4AkNoJfnaBed6stWNVYy8rq
2026-07-31T21:05:41.950+06:00  INFO 578387 --- [pangochain-backend] [nio-8080-exec-4] c.pangochain.backend.ipfs.IpfsService    : Fetched 780 bytes from primary IPFS CID=QmdMbyBpoGFK1mURYDVGnjQ4AkNoJfnaBed6stWNVYy8rq
2026-07-31T21:05:41.951+06:00  INFO 578387 --- [pangochain-backend] [io-8080-exec-13] c.pangochain.backend.ipfs.IpfsService    : Fetched 780 bytes from primary IPFS CID=QmdMbyBpoGFK1mURYDVGnjQ4AkNoJfnaBed6stWNVYy8rq
2026-07-31T21:05:41.957+06:00  INFO 578387 --- [pangochain-backend] [nio-8080-exec-5] c.pangochain.backend.ipfs.IpfsService    : Fetched 780 bytes from primary IPFS CID=QmdMbyBpoGFK1mURYDVGnjQ4AkNoJfnaBed6stWNVYy8rq
2026-07-31T21:05:41.959+06:00  INFO 578387 --- [pangochain-backend] [io-8080-exec-14] c.pangochain.backend.ipfs.IpfsService    : Fetched 780 bytes from primary IPFS CID=QmdMbyBpoGFK1mURYDVGnjQ4AkNoJfnaBed6stWNVYy8rq
2026-07-31T21:05:41.959+06:00  INFO 578387 --- [pangochain-backend] [io-8080-exec-12] c.pangochain.backend.ipfs.IpfsService    : Fetched 780 bytes from primary IPFS CID=QmdMbyBpoGFK1mURYDVGnjQ4AkNoJfnaBed6stWNVYy8rq
2026-07-31T21:05:41.959+06:00  INFO 578387 --- [pangochain-backend] [nio-8080-exec-8] c.pangochain.backend.ipfs.IpfsService    : Fetched 780 bytes from primary IPFS CID=QmdMbyBpoGFK1mURYDVGnjQ4AkNoJfnaBed6stWNVYy8rq
2026-07-31T21:05:41.967+06:00  INFO 578387 --- [pangochain-backend] [io-8080-exec-20] c.pangochain.backend.ipfs.IpfsService    : Fetched 780 bytes from primary IPFS CID=QmdMbyBpoGFK1mURYDVGnjQ4AkNoJfnaBed6stWNVYy8rq
2026-07-31T21:05:41.967+06:00  INFO 578387 --- [pangochain-backend] [nio-8080-exec-2] c.pangochain.backend.ipfs.IpfsService    : Fetched 780 bytes from primary IPFS CID=QmdMbyBpoGFK1mURYDVGnjQ4AkNoJfnaBed6stWNVYy8rq
2026-07-31T21:05:41.983+06:00  INFO 578387 --- [pangochain-backend] [io-8080-exec-19] c.pangochain.backend.ipfs.IpfsService    : Fetched 780 bytes from primary IPFS CID=QmdMbyBpoGFK1mURYDVGnjQ4AkNoJfnaBed6stWNVYy8rq
2026-07-31T21:05:41.995+06:00  INFO 578387 --- [pangochain-backend] [io-8080-exec-13] c.pangochain.backend.ipfs.IpfsService    : Fetched 780 bytes from primary IPFS CID=QmdMbyBpoGFK1mURYDVGnjQ4AkNoJfnaBed6stWNVYy8rq
2026-07-31T21:05:41.995+06:00  INFO 578387 --- [pangochain-backend] [io-8080-exec-11] c.pangochain.backend.ipfs.IpfsService    : Fetched 780 bytes from primary IPFS CID=QmdMbyBpoGFK1mURYDVGnjQ4AkNoJfnaBed6stWNVYy8rq
2026-07-31T21:05:42.013+06:00  INFO 578387 --- [pangochain-backend] [nio-8080-exec-6] c.pangochain.backend.ipfs.IpfsService    : Fetched 780 bytes from primary IPFS CID=QmdMbyBpoGFK1mURYDVGnjQ4AkNoJfnaBed6stWNVYy8rq
2026-07-31T21:05:42.021+06:00  INFO 578387 --- [pangochain-backend] [nio-8080-exec-9] c.pangochain.backend.ipfs.IpfsService    : Fetched 780 bytes from primary IPFS CID=QmdMbyBpoGFK1mURYDVGnjQ4AkNoJfnaBed6stWNVYy8rq
2026-07-31T21:05:42.026+06:00  INFO 578387 --- [pangochain-backend] [nio-8080-exec-5] c.pangochain.backend.ipfs.IpfsService    : Fetched 780 bytes from primary IPFS CID=QmdMbyBpoGFK1mURYDVGnjQ4AkNoJfnaBed6stWNVYy8rq
2026-07-31T21:05:42.050+06:00  INFO 578387 --- [pangochain-backend] [io-8080-exec-17] c.pangochain.backend.ipfs.IpfsService    : Fetched 780 bytes from primary IPFS CID=QmdMbyBpoGFK1mURYDVGnjQ4AkNoJfnaBed6stWNVYy8rq
2026-07-31T21:05:42.050+06:00  INFO 578387 --- [pangochain-backend] [io-8080-exec-16] c.pangochain.backend.ipfs.IpfsService    : Fetched 780 bytes from primary IPFS CID=QmdMbyBpoGFK1mURYDVGnjQ4AkNoJfnaBed6stWNVYy8rq
2026-07-31T21:05:42.091+06:00  INFO 578387 --- [pangochain-backend] [nio-8080-exec-3] c.pangochain.backend.ipfs.IpfsService    : Fetched 780 bytes from primary IPFS CID=QmdMbyBpoGFK1mURYDVGnjQ4AkNoJfnaBed6stWNVYy8rq
2026-07-31T21:05:42.107+06:00  INFO 578387 --- [pangochain-backend] [io-8080-exec-15] c.pangochain.backend.ipfs.IpfsService    : Fetched 780 bytes from primary IPFS CID=QmdMbyBpoGFK1mURYDVGnjQ4AkNoJfnaBed6stWNVYy8rq
2026-07-31T21:05:42.121+06:00  INFO 578387 --- [pangochain-backend] [io-8080-exec-17] c.pangochain.backend.ipfs.IpfsService    : Fetched 780 bytes from primary IPFS CID=QmdMbyBpoGFK1mURYDVGnjQ4AkNoJfnaBed6stWNVYy8rq
2026-07-31T21:05:42.131+06:00  INFO 578387 --- [pangochain-backend] [io-8080-exec-19] c.pangochain.backend.ipfs.IpfsService    : Fetched 780 bytes from primary IPFS CID=QmdMbyBpoGFK1mURYDVGnjQ4AkNoJfnaBed6stWNVYy8rq
2026-07-31T21:05:42.144+06:00  INFO 578387 --- [pangochain-backend] [nio-8080-exec-7] c.pangochain.backend.ipfs.IpfsService    : Fetched 780 bytes from primary IPFS CID=QmdMbyBpoGFK1mURYDVGnjQ4AkNoJfnaBed6stWNVYy8rq
2026-07-31T21:05:42.149+06:00  INFO 578387 --- [pangochain-backend] [nio-8080-exec-6] c.pangochain.backend.ipfs.IpfsService    : Fetched 780 bytes from primary IPFS CID=QmdMbyBpoGFK1mURYDVGnjQ4AkNoJfnaBed6stWNVYy8rq
2026-07-31T21:05:42.154+06:00  INFO 578387 --- [pangochain-backend] [io-8080-exec-10] c.pangochain.backend.ipfs.IpfsService    : Fetched 780 bytes from primary IPFS CID=QmdMbyBpoGFK1mURYDVGnjQ4AkNoJfnaBed6stWNVYy8rq
2026-07-31T21:05:42.156+06:00  INFO 578387 --- [pangochain-backend] [io-8080-exec-13] c.pangochain.backend.ipfs.IpfsService    : Fetched 780 bytes from primary IPFS CID=QmdMbyBpoGFK1mURYDVGnjQ4AkNoJfnaBed6stWNVYy8rq
2026-07-31T21:05:42.203+06:00  INFO 578387 --- [pangochain-backend] [io-8080-exec-16] c.pangochain.backend.ipfs.IpfsService    : Fetched 780 bytes from primary IPFS CID=QmdMbyBpoGFK1mURYDVGnjQ4AkNoJfnaBed6stWNVYy8rq
2026-07-31T21:05:42.205+06:00  INFO 578387 --- [pangochain-backend] [nio-8080-exec-1] c.pangochain.backend.ipfs.IpfsService    : Fetched 780 bytes from primary IPFS CID=QmdMbyBpoGFK1mURYDVGnjQ4AkNoJfnaBed6stWNVYy8rq
2026-07-31T21:05:42.223+06:00  INFO 578387 --- [pangochain-backend] [io-8080-exec-18] c.pangochain.backend.ipfs.IpfsService    : Fetched 780 bytes from primary IPFS CID=QmdMbyBpoGFK1mURYDVGnjQ4AkNoJfnaBed6stWNVYy8rq
2026-07-31T21:05:42.229+06:00  INFO 578387 --- [pangochain-backend] [nio-8080-exec-3] c.pangochain.backend.ipfs.IpfsService    : Fetched 780 bytes from primary IPFS CID=QmdMbyBpoGFK1mURYDVGnjQ4AkNoJfnaBed6stWNVYy8rq
2026-07-31T21:05:42.251+06:00  INFO 578387 --- [pangochain-backend] [io-8080-exec-19] c.pangochain.backend.ipfs.IpfsService    : Fetched 780 bytes from primary IPFS CID=QmdMbyBpoGFK1mURYDVGnjQ4AkNoJfnaBed6stWNVYy8rq
2026-07-31T21:05:42.282+06:00  INFO 578387 --- [pangochain-backend] [io-8080-exec-12] c.pangochain.backend.ipfs.IpfsService    : Fetched 780 bytes from primary IPFS CID=QmdMbyBpoGFK1mURYDVGnjQ4AkNoJfnaBed6stWNVYy8rq
2026-07-31T21:05:42.288+06:00  INFO 578387 --- [pangochain-backend] [io-8080-exec-17] c.pangochain.backend.ipfs.IpfsService    : Fetched 780 bytes from primary IPFS CID=QmdMbyBpoGFK1mURYDVGnjQ4AkNoJfnaBed6stWNVYy8rq
2026-07-31T21:05:42.323+06:00  INFO 578387 --- [pangochain-backend] [nio-8080-exec-7] c.pangochain.backend.ipfs.IpfsService    : Fetched 780 bytes from primary IPFS CID=QmdMbyBpoGFK1mURYDVGnjQ4AkNoJfnaBed6stWNVYy8rq
2026-07-31T21:05:42.331+06:00  INFO 578387 --- [pangochain-backend] [nio-8080-exec-6] c.pangochain.backend.ipfs.IpfsService    : Fetched 780 bytes from primary IPFS CID=QmdMbyBpoGFK1mURYDVGnjQ4AkNoJfnaBed6stWNVYy8rq
2026-07-31T21:05:42.333+06:00  INFO 578387 --- [pangochain-backend] [io-8080-exec-14] c.pangochain.backend.ipfs.IpfsService    : Fetched 780 bytes from primary IPFS CID=QmdMbyBpoGFK1mURYDVGnjQ4AkNoJfnaBed6stWNVYy8rq
2026-07-31T21:05:42.366+06:00  INFO 578387 --- [pangochain-backend] [nio-8080-exec-8] c.pangochain.backend.ipfs.IpfsService    : Fetched 780 bytes from primary IPFS CID=QmdMbyBpoGFK1mURYDVGnjQ4AkNoJfnaBed6stWNVYy8rq
2026-07-31T21:05:42.372+06:00  INFO 578387 --- [pangochain-backend] [nio-8080-exec-1] c.pangochain.backend.ipfs.IpfsService    : Fetched 780 bytes from primary IPFS CID=QmdMbyBpoGFK1mURYDVGnjQ4AkNoJfnaBed6stWNVYy8rq
2026-07-31T21:05:42.392+06:00  INFO 578387 --- [pangochain-backend] [io-8080-exec-11] c.pangochain.backend.ipfs.IpfsService    : Fetched 780 bytes from primary IPFS CID=QmdMbyBpoGFK1mURYDVGnjQ4AkNoJfnaBed6stWNVYy8rq
2026-07-31T21:05:42.418+06:00  INFO 578387 --- [pangochain-backend] [nio-8080-exec-3] c.pangochain.backend.ipfs.IpfsService    : Fetched 780 bytes from primary IPFS CID=QmdMbyBpoGFK1mURYDVGnjQ4AkNoJfnaBed6stWNVYy8rq
2026-07-31T21:05:42.420+06:00  INFO 578387 --- [pangochain-backend] [io-8080-exec-12] c.pangochain.backend.ipfs.IpfsService    : Fetched 780 bytes from primary IPFS CID=QmdMbyBpoGFK1mURYDVGnjQ4AkNoJfnaBed6stWNVYy8rq
2026-07-31T21:05:42.453+06:00  INFO 578387 --- [pangochain-backend] [io-8080-exec-20] c.pangochain.backend.ipfs.IpfsService    : Fetched 780 bytes from primary IPFS CID=QmdMbyBpoGFK1mURYDVGnjQ4AkNoJfnaBed6stWNVYy8rq
2026-07-31T21:05:42.511+06:00  INFO 578387 --- [pangochain-backend] [nio-8080-exec-1] c.pangochain.backend.ipfs.IpfsService    : Fetched 780 bytes from primary IPFS CID=QmdMbyBpoGFK1mURYDVGnjQ4AkNoJfnaBed6stWNVYy8rq
2026-07-31T21:05:42.512+06:00  INFO 578387 --- [pangochain-backend] [nio-8080-exec-8] c.pangochain.backend.ipfs.IpfsService    : Fetched 780 bytes from primary IPFS CID=QmdMbyBpoGFK1mURYDVGnjQ4AkNoJfnaBed6stWNVYy8rq
2026-07-31T21:05:42.510+06:00  INFO 578387 --- [pangochain-backend] [nio-8080-exec-5] c.pangochain.backend.ipfs.IpfsService    : Fetched 780 bytes from primary IPFS CID=QmdMbyBpoGFK1mURYDVGnjQ4AkNoJfnaBed6stWNVYy8rq
2026-07-31T21:05:42.536+06:00  INFO 578387 --- [pangochain-backend] [io-8080-exec-13] c.pangochain.backend.ipfs.IpfsService    : Fetched 780 bytes from primary IPFS CID=QmdMbyBpoGFK1mURYDVGnjQ4AkNoJfnaBed6stWNVYy8rq
2026-07-31T21:05:42.542+06:00  INFO 578387 --- [pangochain-backend] [nio-8080-exec-9] c.pangochain.backend.ipfs.IpfsService    : Fetched 780 bytes from primary IPFS CID=QmdMbyBpoGFK1mURYDVGnjQ4AkNoJfnaBed6stWNVYy8rq
2026-07-31T21:05:42.543+06:00  INFO 578387 --- [pangochain-backend] [io-8080-exec-16] c.pangochain.backend.ipfs.IpfsService    : Fetched 780 bytes from primary IPFS CID=QmdMbyBpoGFK1mURYDVGnjQ4AkNoJfnaBed6stWNVYy8rq
2026-07-31T21:05:42.554+06:00  INFO 578387 --- [pangochain-backend] [io-8080-exec-10] c.pangochain.backend.ipfs.IpfsService    : Fetched 780 bytes from primary IPFS CID=QmdMbyBpoGFK1mURYDVGnjQ4AkNoJfnaBed6stWNVYy8rq
2026-07-31T21:05:42.604+06:00  INFO 578387 --- [pangochain-backend] [nio-8080-exec-1] c.pangochain.backend.ipfs.IpfsService    : Fetched 780 bytes from primary IPFS CID=QmdMbyBpoGFK1mURYDVGnjQ4AkNoJfnaBed6stWNVYy8rq
2026-07-31T21:05:42.605+06:00  INFO 578387 --- [pangochain-backend] [nio-8080-exec-2] c.pangochain.backend.ipfs.IpfsService    : Fetched 780 bytes from primary IPFS CID=QmdMbyBpoGFK1mURYDVGnjQ4AkNoJfnaBed6stWNVYy8rq
2026-07-31T21:05:42.611+06:00  INFO 578387 --- [pangochain-backend] [nio-8080-exec-4] c.pangochain.backend.ipfs.IpfsService    : Fetched 780 bytes from primary IPFS CID=QmdMbyBpoGFK1mURYDVGnjQ4AkNoJfnaBed6stWNVYy8rq
2026-07-31T21:05:42.611+06:00  INFO 578387 --- [pangochain-backend] [io-8080-exec-18] c.pangochain.backend.ipfs.IpfsService    : Fetched 780 bytes from primary IPFS CID=QmdMbyBpoGFK1mURYDVGnjQ4AkNoJfnaBed6stWNVYy8rq
2026-07-31T21:05:42.611+06:00  INFO 578387 --- [pangochain-backend] [           main] c.pangochain.backend.config.DataSeeder   : ✅ Showcase demo data seeded — portfolio cases, documents, signatures, annotations, custody, billing, and client/admin stories.
2026-07-31T21:05:42.612+06:00  INFO 578387 --- [pangochain-backend] [io-8080-exec-15] c.pangochain.backend.ipfs.IpfsService    : Fetched 780 bytes from primary IPFS CID=QmdMbyBpoGFK1mURYDVGnjQ4AkNoJfnaBed6stWNVYy8rq
2026-07-31T21:05:42.612+06:00  INFO 578387 --- [pangochain-backend] [io-8080-exec-19] c.pangochain.backend.ipfs.IpfsService    : Fetched 780 bytes from primary IPFS CID=QmdMbyBpoGFK1mURYDVGnjQ4AkNoJfnaBed6stWNVYy8rq
2026-07-31T21:05:42.615+06:00  INFO 578387 --- [pangochain-backend] [io-8080-exec-13] c.pangochain.backend.ipfs.IpfsService    : Fetched 780 bytes from primary IPFS CID=QmdMbyBpoGFK1mURYDVGnjQ4AkNoJfnaBed6stWNVYy8rq
2026-07-31T21:05:42.618+06:00  INFO 578387 --- [pangochain-backend] [nio-8080-exec-9] c.pangochain.backend.ipfs.IpfsService    : Fetched 780 bytes from primary IPFS CID=QmdMbyBpoGFK1mURYDVGnjQ4AkNoJfnaBed6stWNVYy8rq
2026-07-31T21:05:42.619+06:00  INFO 578387 --- [pangochain-backend] [nio-8080-exec-7] c.pangochain.backend.ipfs.IpfsService    : Fetched 780 bytes from primary IPFS CID=QmdMbyBpoGFK1mURYDVGnjQ4AkNoJfnaBed6stWNVYy8rq
2026-07-31T21:05:42.619+06:00  INFO 578387 --- [pangochain-backend] [io-8080-exec-17] c.pangochain.backend.ipfs.IpfsService    : Fetched 780 bytes from primary IPFS CID=QmdMbyBpoGFK1mURYDVGnjQ4AkNoJfnaBed6stWNVYy8rq
2026-07-31T21:05:42.632+06:00  INFO 578387 --- [pangochain-backend] [io-8080-exec-14] c.pangochain.backend.ipfs.IpfsService    : Fetched 780 bytes from primary IPFS CID=QmdMbyBpoGFK1mURYDVGnjQ4AkNoJfnaBed6stWNVYy8rq
2026-07-31T21:05:42.633+06:00  INFO 578387 --- [pangochain-backend] [nio-8080-exec-6] c.pangochain.backend.ipfs.IpfsService    : Fetched 780 bytes from primary IPFS CID=QmdMbyBpoGFK1mURYDVGnjQ4AkNoJfnaBed6stWNVYy8rq
2026-07-31T21:05:42.634+06:00  INFO 578387 --- [pangochain-backend] [io-8080-exec-11] c.pangochain.backend.ipfs.IpfsService    : Fetched 780 bytes from primary IPFS CID=QmdMbyBpoGFK1mURYDVGnjQ4AkNoJfnaBed6stWNVYy8rq
2026-07-31T21:05:42.637+06:00  INFO 578387 --- [pangochain-backend] [nio-8080-exec-3] c.pangochain.backend.ipfs.IpfsService    : Fetched 780 bytes from primary IPFS CID=QmdMbyBpoGFK1mURYDVGnjQ4AkNoJfnaBed6stWNVYy8rq
2026-07-31T21:05:42.637+06:00  INFO 578387 --- [pangochain-backend] [nio-8080-exec-8] c.pangochain.backend.ipfs.IpfsService    : Fetched 780 bytes from primary IPFS CID=QmdMbyBpoGFK1mURYDVGnjQ4AkNoJfnaBed6stWNVYy8rq
2026-07-31T21:05:42.638+06:00  INFO 578387 --- [pangochain-backend] [io-8080-exec-16] c.pangochain.backend.ipfs.IpfsService    : Fetched 780 bytes from primary IPFS CID=QmdMbyBpoGFK1mURYDVGnjQ4AkNoJfnaBed6stWNVYy8rq
2026-07-31T21:05:42.639+06:00  INFO 578387 --- [pangochain-backend] [nio-8080-exec-5] c.pangochain.backend.ipfs.IpfsService    : Fetched 780 bytes from primary IPFS CID=QmdMbyBpoGFK1mURYDVGnjQ4AkNoJfnaBed6stWNVYy8rq
2026-07-31T21:05:42.639+06:00  INFO 578387 --- [pangochain-backend] [io-8080-exec-20] c.pangochain.backend.ipfs.IpfsService    : Fetched 780 bytes from primary IPFS CID=QmdMbyBpoGFK1mURYDVGnjQ4AkNoJfnaBed6stWNVYy8rq
2026-07-31T21:05:42.640+06:00  INFO 578387 --- [pangochain-backend] [io-8080-exec-12] c.pangochain.backend.ipfs.IpfsService    : Fetched 780 bytes from primary IPFS CID=QmdMbyBpoGFK1mURYDVGnjQ4AkNoJfnaBed6stWNVYy8rq
2026-07-31T21:05:42.643+06:00  INFO 578387 --- [pangochain-backend] [io-8080-exec-10] c.pangochain.backend.ipfs.IpfsService    : Fetched 780 bytes from primary IPFS CID=QmdMbyBpoGFK1mURYDVGnjQ4AkNoJfnaBed6stWNVYy8rq
2026-07-31T21:05:42.652+06:00  INFO 578387 --- [pangochain-backend] [nio-8080-exec-3] c.pangochain.backend.ipfs.IpfsService    : Fetched 780 bytes from primary IPFS CID=QmdMbyBpoGFK1mURYDVGnjQ4AkNoJfnaBed6stWNVYy8rq
2026-07-31T21:05:42.655+06:00  INFO 578387 --- [pangochain-backend] [io-8080-exec-19] c.pangochain.backend.ipfs.IpfsService    : Fetched 780 bytes from primary IPFS CID=QmdMbyBpoGFK1mURYDVGnjQ4AkNoJfnaBed6stWNVYy8rq
2026-07-31T21:05:42.658+06:00  INFO 578387 --- [pangochain-backend] [nio-8080-exec-4] c.pangochain.backend.ipfs.IpfsService    : Fetched 780 bytes from primary IPFS CID=QmdMbyBpoGFK1mURYDVGnjQ4AkNoJfnaBed6stWNVYy8rq
2026-07-31T21:05:42.658+06:00  INFO 578387 --- [pangochain-backend] [nio-8080-exec-1] c.pangochain.backend.ipfs.IpfsService    : Fetched 780 bytes from primary IPFS CID=QmdMbyBpoGFK1mURYDVGnjQ4AkNoJfnaBed6stWNVYy8rq
2026-07-31T21:05:42.658+06:00  INFO 578387 --- [pangochain-backend] [io-8080-exec-10] c.pangochain.backend.ipfs.IpfsService    : Fetched 780 bytes from primary IPFS CID=QmdMbyBpoGFK1mURYDVGnjQ4AkNoJfnaBed6stWNVYy8rq
2026-07-31T21:05:42.661+06:00  INFO 578387 --- [pangochain-backend] [io-8080-exec-18] c.pangochain.backend.ipfs.IpfsService    : Fetched 780 bytes from primary IPFS CID=QmdMbyBpoGFK1mURYDVGnjQ4AkNoJfnaBed6stWNVYy8rq
2026-07-31T21:05:42.662+06:00  INFO 578387 --- [pangochain-backend] [nio-8080-exec-9] c.pangochain.backend.ipfs.IpfsService    : Fetched 780 bytes from primary IPFS CID=QmdMbyBpoGFK1mURYDVGnjQ4AkNoJfnaBed6stWNVYy8rq
2026-07-31T21:05:42.662+06:00  INFO 578387 --- [pangochain-backend] [nio-8080-exec-7] c.pangochain.backend.ipfs.IpfsService    : Fetched 780 bytes from primary IPFS CID=QmdMbyBpoGFK1mURYDVGnjQ4AkNoJfnaBed6stWNVYy8rq
2026-07-31T21:05:42.666+06:00  INFO 578387 --- [pangochain-backend] [io-8080-exec-17] c.pangochain.backend.ipfs.IpfsService    : Fetched 780 bytes from primary IPFS CID=QmdMbyBpoGFK1mURYDVGnjQ4AkNoJfnaBed6stWNVYy8rq
2026-07-31T21:05:42.668+06:00  INFO 578387 --- [pangochain-backend] [io-8080-exec-13] c.pangochain.backend.ipfs.IpfsService    : Fetched 780 bytes from primary IPFS CID=QmdMbyBpoGFK1mURYDVGnjQ4AkNoJfnaBed6stWNVYy8rq
2026-07-31T21:05:42.668+06:00  INFO 578387 --- [pangochain-backend] [nio-8080-exec-6] c.pangochain.backend.ipfs.IpfsService    : Fetched 780 bytes from primary IPFS CID=QmdMbyBpoGFK1mURYDVGnjQ4AkNoJfnaBed6stWNVYy8rq
2026-07-31T21:05:42.669+06:00  INFO 578387 --- [pangochain-backend] [nio-8080-exec-4] c.pangochain.backend.ipfs.IpfsService    : Fetched 780 bytes from primary IPFS CID=QmdMbyBpoGFK1mURYDVGnjQ4AkNoJfnaBed6stWNVYy8rq
2026-07-31T21:05:42.676+06:00  INFO 578387 --- [pangochain-backend] [io-8080-exec-18] c.pangochain.backend.ipfs.IpfsService    : Fetched 780 bytes from primary IPFS CID=QmdMbyBpoGFK1mURYDVGnjQ4AkNoJfnaBed6stWNVYy8rq
2026-07-31T21:05:42.678+06:00  INFO 578387 --- [pangochain-backend] [nio-8080-exec-9] c.pangochain.backend.ipfs.IpfsService    : Fetched 780 bytes from primary IPFS CID=QmdMbyBpoGFK1mURYDVGnjQ4AkNoJfnaBed6stWNVYy8rq
2026-07-31T21:05:42.680+06:00  INFO 578387 --- [pangochain-backend] [nio-8080-exec-3] c.pangochain.backend.ipfs.IpfsService    : Fetched 780 bytes from primary IPFS CID=QmdMbyBpoGFK1mURYDVGnjQ4AkNoJfnaBed6stWNVYy8rq
2026-07-31T21:05:42.682+06:00  INFO 578387 --- [pangochain-backend] [io-8080-exec-14] c.pangochain.backend.ipfs.IpfsService    : Fetched 780 bytes from primary IPFS CID=QmdMbyBpoGFK1mURYDVGnjQ4AkNoJfnaBed6stWNVYy8rq
2026-07-31T21:05:42.684+06:00  INFO 578387 --- [pangochain-backend] [io-8080-exec-17] c.pangochain.backend.ipfs.IpfsService    : Fetched 780 bytes from primary IPFS CID=QmdMbyBpoGFK1mURYDVGnjQ4AkNoJfnaBed6stWNVYy8rq
2026-07-31T21:05:42.684+06:00  INFO 578387 --- [pangochain-backend] [nio-8080-exec-7] c.pangochain.backend.ipfs.IpfsService    : Fetched 780 bytes from primary IPFS CID=QmdMbyBpoGFK1mURYDVGnjQ4AkNoJfnaBed6stWNVYy8rq
2026-07-31T21:05:42.688+06:00  INFO 578387 --- [pangochain-backend] [nio-8080-exec-6] c.pangochain.backend.ipfs.IpfsService    : Fetched 780 bytes from primary IPFS CID=QmdMbyBpoGFK1mURYDVGnjQ4AkNoJfnaBed6stWNVYy8rq
2026-07-31T21:05:42.688+06:00  INFO 578387 --- [pangochain-backend] [nio-8080-exec-1] c.pangochain.backend.ipfs.IpfsService    : Fetched 780 bytes from primary IPFS CID=QmdMbyBpoGFK1mURYDVGnjQ4AkNoJfnaBed6stWNVYy8rq
2026-07-31T21:05:42.689+06:00  INFO 578387 --- [pangochain-backend] [io-8080-exec-11] c.pangochain.backend.ipfs.IpfsService    : Fetched 780 bytes from primary IPFS CID=QmdMbyBpoGFK1mURYDVGnjQ4AkNoJfnaBed6stWNVYy8rq
2026-07-31T21:05:42.695+06:00  INFO 578387 --- [pangochain-backend] [nio-8080-exec-2] c.pangochain.backend.ipfs.IpfsService    : Fetched 780 bytes from primary IPFS CID=QmdMbyBpoGFK1mURYDVGnjQ4AkNoJfnaBed6stWNVYy8rq
2026-07-31T21:05:42.696+06:00  INFO 578387 --- [pangochain-backend] [nio-8080-exec-5] c.pangochain.backend.ipfs.IpfsService    : Fetched 780 bytes from primary IPFS CID=QmdMbyBpoGFK1mURYDVGnjQ4AkNoJfnaBed6stWNVYy8rq
2026-07-31T21:05:42.696+06:00  INFO 578387 --- [pangochain-backend] [nio-8080-exec-3] c.pangochain.backend.ipfs.IpfsService    : Fetched 780 bytes from primary IPFS CID=QmdMbyBpoGFK1mURYDVGnjQ4AkNoJfnaBed6stWNVYy8rq
2026-07-31T21:05:42.697+06:00  INFO 578387 --- [pangochain-backend] [io-8080-exec-13] c.pangochain.backend.ipfs.IpfsService    : Fetched 780 bytes from primary IPFS CID=QmdMbyBpoGFK1mURYDVGnjQ4AkNoJfnaBed6stWNVYy8rq
2026-07-31T21:05:42.726+06:00  INFO 578387 --- [pangochain-backend] [io-8080-exec-12] c.pangochain.backend.ipfs.IpfsService    : Fetched 780 bytes from primary IPFS CID=QmdMbyBpoGFK1mURYDVGnjQ4AkNoJfnaBed6stWNVYy8rq
2026-07-31T21:05:42.727+06:00  INFO 578387 --- [pangochain-backend] [io-8080-exec-20] c.pangochain.backend.ipfs.IpfsService    : Fetched 780 bytes from primary IPFS CID=QmdMbyBpoGFK1mURYDVGnjQ4AkNoJfnaBed6stWNVYy8rq
2026-07-31T21:05:42.747+06:00  INFO 578387 --- [pangochain-backend] [nio-8080-exec-8] c.pangochain.backend.ipfs.IpfsService    : Fetched 780 bytes from primary IPFS CID=QmdMbyBpoGFK1mURYDVGnjQ4AkNoJfnaBed6stWNVYy8rq
2026-07-31T21:05:42.761+06:00  INFO 578387 --- [pangochain-backend] [io-8080-exec-15] c.pangochain.backend.ipfs.IpfsService    : Fetched 780 bytes from primary IPFS CID=QmdMbyBpoGFK1mURYDVGnjQ4AkNoJfnaBed6stWNVYy8rq
2026-07-31T21:05:42.775+06:00  INFO 578387 --- [pangochain-backend] [io-8080-exec-19] c.pangochain.backend.ipfs.IpfsService    : Fetched 780 bytes from primary IPFS CID=QmdMbyBpoGFK1mURYDVGnjQ4AkNoJfnaBed6stWNVYy8rq
2026-07-31T21:05:42.817+06:00  INFO 578387 --- [pangochain-backend] [io-8080-exec-10] c.pangochain.backend.ipfs.IpfsService    : Fetched 780 bytes from primary IPFS CID=QmdMbyBpoGFK1mURYDVGnjQ4AkNoJfnaBed6stWNVYy8rq
2026-07-31T21:05:42.819+06:00  INFO 578387 --- [pangochain-backend] [nio-8080-exec-4] c.pangochain.backend.ipfs.IpfsService    : Fetched 780 bytes from primary IPFS CID=QmdMbyBpoGFK1mURYDVGnjQ4AkNoJfnaBed6stWNVYy8rq
2026-07-31T21:05:42.819+06:00  INFO 578387 --- [pangochain-backend] [nio-8080-exec-2] c.pangochain.backend.ipfs.IpfsService    : Fetched 780 bytes from primary IPFS CID=QmdMbyBpoGFK1mURYDVGnjQ4AkNoJfnaBed6stWNVYy8rq
2026-07-31T21:05:42.823+06:00  INFO 578387 --- [pangochain-backend] [io-8080-exec-20] c.pangochain.backend.ipfs.IpfsService    : Fetched 780 bytes from primary IPFS CID=QmdMbyBpoGFK1mURYDVGnjQ4AkNoJfnaBed6stWNVYy8rq
2026-07-31T21:05:42.824+06:00  INFO 578387 --- [pangochain-backend] [nio-8080-exec-5] c.pangochain.backend.ipfs.IpfsService    : Fetched 780 bytes from primary IPFS CID=QmdMbyBpoGFK1mURYDVGnjQ4AkNoJfnaBed6stWNVYy8rq
2026-07-31T21:05:42.830+06:00  INFO 578387 --- [pangochain-backend] [io-8080-exec-13] c.pangochain.backend.ipfs.IpfsService    : Fetched 780 bytes from primary IPFS CID=QmdMbyBpoGFK1mURYDVGnjQ4AkNoJfnaBed6stWNVYy8rq
2026-07-31T21:05:42.862+06:00  INFO 578387 --- [pangochain-backend] [nio-8080-exec-3] c.pangochain.backend.ipfs.IpfsService    : Fetched 780 bytes from primary IPFS CID=QmdMbyBpoGFK1mURYDVGnjQ4AkNoJfnaBed6stWNVYy8rq
2026-07-31T21:05:42.865+06:00  INFO 578387 --- [pangochain-backend] [nio-8080-exec-8] c.pangochain.backend.ipfs.IpfsService    : Fetched 780 bytes from primary IPFS CID=QmdMbyBpoGFK1mURYDVGnjQ4AkNoJfnaBed6stWNVYy8rq
2026-07-31T21:05:42.905+06:00  INFO 578387 --- [pangochain-backend] [io-8080-exec-19] c.pangochain.backend.ipfs.IpfsService    : Fetched 780 bytes from primary IPFS CID=QmdMbyBpoGFK1mURYDVGnjQ4AkNoJfnaBed6stWNVYy8rq
2026-07-31T21:05:42.932+06:00  INFO 578387 --- [pangochain-backend] [io-8080-exec-18] c.pangochain.backend.ipfs.IpfsService    : Fetched 780 bytes from primary IPFS CID=QmdMbyBpoGFK1mURYDVGnjQ4AkNoJfnaBed6stWNVYy8rq
2026-07-31T21:05:42.938+06:00  INFO 578387 --- [pangochain-backend] [io-8080-exec-15] c.pangochain.backend.ipfs.IpfsService    : Fetched 780 bytes from primary IPFS CID=QmdMbyBpoGFK1mURYDVGnjQ4AkNoJfnaBed6stWNVYy8rq
2026-07-31T21:05:43.005+06:00  INFO 578387 --- [pangochain-backend] [nio-8080-exec-2] c.pangochain.backend.ipfs.IpfsService    : Fetched 780 bytes from primary IPFS CID=QmdMbyBpoGFK1mURYDVGnjQ4AkNoJfnaBed6stWNVYy8rq
2026-07-31T21:05:43.087+06:00  INFO 578387 --- [pangochain-backend] [nio-8080-exec-6] c.pangochain.backend.ipfs.IpfsService    : Fetched 780 bytes from primary IPFS CID=QmdMbyBpoGFK1mURYDVGnjQ4AkNoJfnaBed6stWNVYy8rq
2026-07-31T21:05:43.100+06:00  INFO 578387 --- [pangochain-backend] [io-8080-exec-14] c.pangochain.backend.ipfs.IpfsService    : Fetched 780 bytes from primary IPFS CID=QmdMbyBpoGFK1mURYDVGnjQ4AkNoJfnaBed6stWNVYy8rq
2026-07-31T21:05:43.106+06:00  INFO 578387 --- [pangochain-backend] [io-8080-exec-17] c.pangochain.backend.ipfs.IpfsService    : Fetched 780 bytes from primary IPFS CID=QmdMbyBpoGFK1mURYDVGnjQ4AkNoJfnaBed6stWNVYy8rq
2026-07-31T21:05:43.118+06:00  INFO 578387 --- [pangochain-backend] [io-8080-exec-16] c.pangochain.backend.ipfs.IpfsService    : Fetched 780 bytes from primary IPFS CID=QmdMbyBpoGFK1mURYDVGnjQ4AkNoJfnaBed6stWNVYy8rq
2026-07-31T21:05:43.120+06:00  INFO 578387 --- [pangochain-backend] [io-8080-exec-19] c.pangochain.backend.ipfs.IpfsService    : Fetched 780 bytes from primary IPFS CID=QmdMbyBpoGFK1mURYDVGnjQ4AkNoJfnaBed6stWNVYy8rq
2026-07-31T21:05:43.128+06:00  INFO 578387 --- [pangochain-backend] [nio-8080-exec-9] c.pangochain.backend.ipfs.IpfsService    : Fetched 780 bytes from primary IPFS CID=QmdMbyBpoGFK1mURYDVGnjQ4AkNoJfnaBed6stWNVYy8rq
2026-07-31T21:05:43.175+06:00  INFO 578387 --- [pangochain-backend] [io-8080-exec-11] c.pangochain.backend.ipfs.IpfsService    : Fetched 780 bytes from primary IPFS CID=QmdMbyBpoGFK1mURYDVGnjQ4AkNoJfnaBed6stWNVYy8rq
2026-07-31T21:05:43.183+06:00  INFO 578387 --- [pangochain-backend] [nio-8080-exec-7] c.pangochain.backend.ipfs.IpfsService    : Fetched 780 bytes from primary IPFS CID=QmdMbyBpoGFK1mURYDVGnjQ4AkNoJfnaBed6stWNVYy8rq
2026-07-31T21:05:43.197+06:00  INFO 578387 --- [pangochain-backend] [io-8080-exec-15] c.pangochain.backend.ipfs.IpfsService    : Fetched 780 bytes from primary IPFS CID=QmdMbyBpoGFK1mURYDVGnjQ4AkNoJfnaBed6stWNVYy8rq
2026-07-31T21:05:43.210+06:00  INFO 578387 --- [pangochain-backend] [nio-8080-exec-2] c.pangochain.backend.ipfs.IpfsService    : Fetched 780 bytes from primary IPFS CID=QmdMbyBpoGFK1mURYDVGnjQ4AkNoJfnaBed6stWNVYy8rq
2026-07-31T21:05:43.257+06:00  INFO 578387 --- [pangochain-backend] [io-8080-exec-19] c.pangochain.backend.ipfs.IpfsService    : Fetched 780 bytes from primary IPFS CID=QmdMbyBpoGFK1mURYDVGnjQ4AkNoJfnaBed6stWNVYy8rq
2026-07-31T21:05:43.257+06:00  INFO 578387 --- [pangochain-backend] [io-8080-exec-16] c.pangochain.backend.ipfs.IpfsService    : Fetched 780 bytes from primary IPFS CID=QmdMbyBpoGFK1mURYDVGnjQ4AkNoJfnaBed6stWNVYy8rq
2026-07-31T21:05:43.257+06:00  INFO 578387 --- [pangochain-backend] [nio-8080-exec-1] c.pangochain.backend.ipfs.IpfsService    : Fetched 780 bytes from primary IPFS CID=QmdMbyBpoGFK1mURYDVGnjQ4AkNoJfnaBed6stWNVYy8rq
2026-07-31T21:05:43.259+06:00  INFO 578387 --- [pangochain-backend] [io-8080-exec-14] c.pangochain.backend.ipfs.IpfsService    : Fetched 780 bytes from primary IPFS CID=QmdMbyBpoGFK1mURYDVGnjQ4AkNoJfnaBed6stWNVYy8rq
2026-07-31T21:05:43.263+06:00  INFO 578387 --- [pangochain-backend] [   async-task-7] c.p.b.blockchain.FabricGatewayService    : Fabric tx committed: fn=LogAuditEvent txId=f027f8d321b7c52d73ffc6b0e86c5469f76af2bffdf134419895c1a902aff6b7
2026-07-31T21:05:43.265+06:00  INFO 578387 --- [pangochain-backend] [   async-task-3] c.p.b.blockchain.FabricGatewayService    : Fabric tx committed: fn=LogAuditEvent txId=b931a1c9effb0ba5cfe798c9e274138092551e96538018be5b5d4767dea86a54
2026-07-31T21:05:43.265+06:00  INFO 578387 --- [pangochain-backend] [io-8080-exec-12] c.pangochain.backend.ipfs.IpfsService    : Fetched 780 bytes from primary IPFS CID=QmdMbyBpoGFK1mURYDVGnjQ4AkNoJfnaBed6stWNVYy8rq
2026-07-31T21:05:43.265+06:00  INFO 578387 --- [pangochain-backend] [io-8080-exec-20] c.pangochain.backend.ipfs.IpfsService    : Fetched 780 bytes from primary IPFS CID=QmdMbyBpoGFK1mURYDVGnjQ4AkNoJfnaBed6stWNVYy8rq
2026-07-31T21:05:43.266+06:00  INFO 578387 --- [pangochain-backend] [io-8080-exec-10] c.pangochain.backend.ipfs.IpfsService    : Fetched 780 bytes from primary IPFS CID=QmdMbyBpoGFK1mURYDVGnjQ4AkNoJfnaBed6stWNVYy8rq
2026-07-31T21:05:43.268+06:00  INFO 578387 --- [pangochain-backend] [   async-task-5] c.p.b.blockchain.FabricGatewayService    : Fabric tx committed: fn=LogAuditEvent txId=8c70c037b26db230e700e7be14623255eea1bc23afd8b102cbbb08eefa4890a3
2026-07-31T21:05:43.268+06:00  INFO 578387 --- [pangochain-backend] [io-8080-exec-17] c.pangochain.backend.ipfs.IpfsService    : Fetched 780 bytes from primary IPFS CID=QmdMbyBpoGFK1mURYDVGnjQ4AkNoJfnaBed6stWNVYy8rq
2026-07-31T21:05:43.268+06:00  INFO 578387 --- [pangochain-backend] [   async-task-6] c.p.b.blockchain.FabricGatewayService    : Fabric tx committed: fn=LogAuditEvent txId=df0b7bc085cf582815dabf1fb49943c6f937e2c0ca420ad790423f10b1df02a7
2026-07-31T21:05:43.302+06:00  INFO 578387 --- [pangochain-backend] [   async-task-4] c.p.b.blockchain.FabricGatewayService    : Fabric tx committed: fn=LogAuditEvent txId=789bd95f5da5ba3d2649402ce48feff900a05db9b52ed34ae1307c9e3b78b781
2026-07-31T21:05:43.303+06:00  INFO 578387 --- [pangochain-backend] [nio-8080-exec-3] c.pangochain.backend.ipfs.IpfsService    : Fetched 780 bytes from primary IPFS CID=QmdMbyBpoGFK1mURYDVGnjQ4AkNoJfnaBed6stWNVYy8rq
2026-07-31T21:05:43.303+06:00  INFO 578387 --- [pangochain-backend] [nio-8080-exec-4] c.pangochain.backend.ipfs.IpfsService    : Fetched 780 bytes from primary IPFS CID=QmdMbyBpoGFK1mURYDVGnjQ4AkNoJfnaBed6stWNVYy8rq
2026-07-31T21:05:43.303+06:00  INFO 578387 --- [pangochain-backend] [   async-task-1] c.p.b.blockchain.FabricGatewayService    : Fabric tx committed: fn=LogAuditEvent txId=5992cfbecd55923555bf43db55452863aa450143a77329452fe9352f1d37e9fc
2026-07-31T21:05:43.304+06:00  INFO 578387 --- [pangochain-backend] [   async-task-2] c.p.b.blockchain.FabricGatewayService    : Fabric tx committed: fn=LogAuditEvent txId=63f17e6ddb40f7ddaa03b4166dd4d7d2f67df2981f666eeb8385662720928a96
2026-07-31T21:05:43.304+06:00  INFO 578387 --- [pangochain-backend] [   async-task-8] c.p.b.blockchain.FabricGatewayService    : Fabric tx committed: fn=LogAuditEvent txId=01010609078bcc3d04b129ea7cbd6a0d459e6377d8beca420e9b6fd5d7981cd0
2026-07-31T21:05:43.309+06:00  INFO 578387 --- [pangochain-backend] [io-8080-exec-14] c.pangochain.backend.ipfs.IpfsService    : Fetched 780 bytes from primary IPFS CID=QmdMbyBpoGFK1mURYDVGnjQ4AkNoJfnaBed6stWNVYy8rq
2026-07-31T21:05:43.309+06:00  INFO 578387 --- [pangochain-backend] [nio-8080-exec-5] c.pangochain.backend.ipfs.IpfsService    : Fetched 780 bytes from primary IPFS CID=QmdMbyBpoGFK1mURYDVGnjQ4AkNoJfnaBed6stWNVYy8rq
2026-07-31T21:05:43.308+06:00  INFO 578387 --- [pangochain-backend] [io-8080-exec-18] c.pangochain.backend.ipfs.IpfsService    : Fetched 780 bytes from primary IPFS CID=QmdMbyBpoGFK1mURYDVGnjQ4AkNoJfnaBed6stWNVYy8rq
2026-07-31T21:05:43.308+06:00  INFO 578387 --- [pangochain-backend] [io-8080-exec-13] c.pangochain.backend.ipfs.IpfsService    : Fetched 780 bytes from primary IPFS CID=QmdMbyBpoGFK1mURYDVGnjQ4AkNoJfnaBed6stWNVYy8rq
2026-07-31T21:05:43.328+06:00  INFO 578387 --- [pangochain-backend] [nio-8080-exec-6] c.pangochain.backend.ipfs.IpfsService    : Fetched 780 bytes from primary IPFS CID=QmdMbyBpoGFK1mURYDVGnjQ4AkNoJfnaBed6stWNVYy8rq
2026-07-31T21:05:43.329+06:00  INFO 578387 --- [pangochain-backend] [io-8080-exec-14] c.pangochain.backend.ipfs.IpfsService    : Fetched 780 bytes from primary IPFS CID=QmdMbyBpoGFK1mURYDVGnjQ4AkNoJfnaBed6stWNVYy8rq
2026-07-31T21:05:43.329+06:00  INFO 578387 --- [pangochain-backend] [io-8080-exec-17] c.pangochain.backend.ipfs.IpfsService    : Fetched 780 bytes from primary IPFS CID=QmdMbyBpoGFK1mURYDVGnjQ4AkNoJfnaBed6stWNVYy8rq
2026-07-31T21:05:43.331+06:00  INFO 578387 --- [pangochain-backend] [io-8080-exec-15] c.pangochain.backend.ipfs.IpfsService    : Fetched 780 bytes from primary IPFS CID=QmdMbyBpoGFK1mURYDVGnjQ4AkNoJfnaBed6stWNVYy8rq
2026-07-31T21:05:43.333+06:00  INFO 578387 --- [pangochain-backend] [io-8080-exec-11] c.pangochain.backend.ipfs.IpfsService    : Fetched 780 bytes from primary IPFS CID=QmdMbyBpoGFK1mURYDVGnjQ4AkNoJfnaBed6stWNVYy8rq
2026-07-31T21:05:43.333+06:00  INFO 578387 --- [pangochain-backend] [io-8080-exec-19] c.pangochain.backend.ipfs.IpfsService    : Fetched 780 bytes from primary IPFS CID=QmdMbyBpoGFK1mURYDVGnjQ4AkNoJfnaBed6stWNVYy8rq
2026-07-31T21:05:43.333+06:00  INFO 578387 --- [pangochain-backend] [nio-8080-exec-1] c.pangochain.backend.ipfs.IpfsService    : Fetched 780 bytes from primary IPFS CID=QmdMbyBpoGFK1mURYDVGnjQ4AkNoJfnaBed6stWNVYy8rq
2026-07-31T21:05:43.334+06:00  INFO 578387 --- [pangochain-backend] [nio-8080-exec-9] c.pangochain.backend.ipfs.IpfsService    : Fetched 780 bytes from primary IPFS CID=QmdMbyBpoGFK1mURYDVGnjQ4AkNoJfnaBed6stWNVYy8rq
2026-07-31T21:05:43.341+06:00  INFO 578387 --- [pangochain-backend] [nio-8080-exec-7] c.pangochain.backend.ipfs.IpfsService    : Fetched 780 bytes from primary IPFS CID=QmdMbyBpoGFK1mURYDVGnjQ4AkNoJfnaBed6stWNVYy8rq
2026-07-31T21:05:43.341+06:00  INFO 578387 --- [pangochain-backend] [nio-8080-exec-8] c.pangochain.backend.ipfs.IpfsService    : Fetched 780 bytes from primary IPFS CID=QmdMbyBpoGFK1mURYDVGnjQ4AkNoJfnaBed6stWNVYy8rq
2026-07-31T21:05:43.347+06:00  INFO 578387 --- [pangochain-backend] [nio-8080-exec-2] c.pangochain.backend.ipfs.IpfsService    : Fetched 780 bytes from primary IPFS CID=QmdMbyBpoGFK1mURYDVGnjQ4AkNoJfnaBed6stWNVYy8rq
2026-07-31T21:05:43.347+06:00  INFO 578387 --- [pangochain-backend] [nio-8080-exec-4] c.pangochain.backend.ipfs.IpfsService    : Fetched 780 bytes from primary IPFS CID=QmdMbyBpoGFK1mURYDVGnjQ4AkNoJfnaBed6stWNVYy8rq
2026-07-31T21:05:43.354+06:00  INFO 578387 --- [pangochain-backend] [io-8080-exec-12] c.pangochain.backend.ipfs.IpfsService    : Fetched 780 bytes from primary IPFS CID=QmdMbyBpoGFK1mURYDVGnjQ4AkNoJfnaBed6stWNVYy8rq
2026-07-31T21:05:43.355+06:00  INFO 578387 --- [pangochain-backend] [io-8080-exec-11] c.pangochain.backend.ipfs.IpfsService    : Fetched 780 bytes from primary IPFS CID=QmdMbyBpoGFK1mURYDVGnjQ4AkNoJfnaBed6stWNVYy8rq
2026-07-31T21:05:43.357+06:00  INFO 578387 --- [pangochain-backend] [nio-8080-exec-3] c.pangochain.backend.ipfs.IpfsService    : Fetched 780 bytes from primary IPFS CID=QmdMbyBpoGFK1mURYDVGnjQ4AkNoJfnaBed6stWNVYy8rq
2026-07-31T21:05:43.366+06:00  INFO 578387 --- [pangochain-backend] [io-8080-exec-20] c.pangochain.backend.ipfs.IpfsService    : Fetched 780 bytes from primary IPFS CID=QmdMbyBpoGFK1mURYDVGnjQ4AkNoJfnaBed6stWNVYy8rq
2026-07-31T21:05:43.368+06:00  INFO 578387 --- [pangochain-backend] [io-8080-exec-10] c.pangochain.backend.ipfs.IpfsService    : Fetched 780 bytes from primary IPFS CID=QmdMbyBpoGFK1mURYDVGnjQ4AkNoJfnaBed6stWNVYy8rq
2026-07-31T21:05:43.383+06:00  INFO 578387 --- [pangochain-backend] [nio-8080-exec-1] c.pangochain.backend.ipfs.IpfsService    : Fetched 780 bytes from primary IPFS CID=QmdMbyBpoGFK1mURYDVGnjQ4AkNoJfnaBed6stWNVYy8rq
2026-07-31T21:05:43.398+06:00  INFO 578387 --- [pangochain-backend] [nio-8080-exec-7] c.pangochain.backend.ipfs.IpfsService    : Fetched 780 bytes from primary IPFS CID=QmdMbyBpoGFK1mURYDVGnjQ4AkNoJfnaBed6stWNVYy8rq
2026-07-31T21:05:43.417+06:00  INFO 578387 --- [pangochain-backend] [nio-8080-exec-5] c.pangochain.backend.ipfs.IpfsService    : Fetched 780 bytes from primary IPFS CID=QmdMbyBpoGFK1mURYDVGnjQ4AkNoJfnaBed6stWNVYy8rq
2026-07-31T21:05:43.421+06:00  INFO 578387 --- [pangochain-backend] [io-8080-exec-16] c.pangochain.backend.ipfs.IpfsService    : Fetched 780 bytes from primary IPFS CID=QmdMbyBpoGFK1mURYDVGnjQ4AkNoJfnaBed6stWNVYy8rq
2026-07-31T21:05:43.445+06:00  INFO 578387 --- [pangochain-backend] [io-8080-exec-13] c.pangochain.backend.ipfs.IpfsService    : Fetched 780 bytes from primary IPFS CID=QmdMbyBpoGFK1mURYDVGnjQ4AkNoJfnaBed6stWNVYy8rq
2026-07-31T21:05:43.452+06:00  INFO 578387 --- [pangochain-backend] [io-8080-exec-18] c.pangochain.backend.ipfs.IpfsService    : Fetched 780 bytes from primary IPFS CID=QmdMbyBpoGFK1mURYDVGnjQ4AkNoJfnaBed6stWNVYy8rq
2026-07-31T21:05:43.458+06:00  INFO 578387 --- [pangochain-backend] [io-8080-exec-12] c.pangochain.backend.ipfs.IpfsService    : Fetched 780 bytes from primary IPFS CID=QmdMbyBpoGFK1mURYDVGnjQ4AkNoJfnaBed6stWNVYy8rq
2026-07-31T21:05:43.511+06:00  INFO 578387 --- [pangochain-backend] [nio-8080-exec-6] c.pangochain.backend.ipfs.IpfsService    : Fetched 780 bytes from primary IPFS CID=QmdMbyBpoGFK1mURYDVGnjQ4AkNoJfnaBed6stWNVYy8rq
2026-07-31T21:05:43.528+06:00  INFO 578387 --- [pangochain-backend] [nio-8080-exec-3] c.pangochain.backend.ipfs.IpfsService    : Fetched 780 bytes from primary IPFS CID=QmdMbyBpoGFK1mURYDVGnjQ4AkNoJfnaBed6stWNVYy8rq
2026-07-31T21:05:43.531+06:00  INFO 578387 --- [pangochain-backend] [nio-8080-exec-7] c.pangochain.backend.ipfs.IpfsService    : Fetched 780 bytes from primary IPFS CID=QmdMbyBpoGFK1mURYDVGnjQ4AkNoJfnaBed6stWNVYy8rq
2026-07-31T21:05:43.533+06:00  INFO 578387 --- [pangochain-backend] [nio-8080-exec-1] c.pangochain.backend.ipfs.IpfsService    : Fetched 780 bytes from primary IPFS CID=QmdMbyBpoGFK1mURYDVGnjQ4AkNoJfnaBed6stWNVYy8rq
2026-07-31T21:05:43.535+06:00  INFO 578387 --- [pangochain-backend] [io-8080-exec-14] c.pangochain.backend.ipfs.IpfsService    : Fetched 780 bytes from primary IPFS CID=QmdMbyBpoGFK1mURYDVGnjQ4AkNoJfnaBed6stWNVYy8rq
2026-07-31T21:05:43.546+06:00  INFO 578387 --- [pangochain-backend] [io-8080-exec-15] c.pangochain.backend.ipfs.IpfsService    : Fetched 780 bytes from primary IPFS CID=QmdMbyBpoGFK1mURYDVGnjQ4AkNoJfnaBed6stWNVYy8rq
2026-07-31T21:05:43.548+06:00  INFO 578387 --- [pangochain-backend] [io-8080-exec-13] c.pangochain.backend.ipfs.IpfsService    : Fetched 780 bytes from primary IPFS CID=QmdMbyBpoGFK1mURYDVGnjQ4AkNoJfnaBed6stWNVYy8rq
2026-07-31T21:05:43.551+06:00  INFO 578387 --- [pangochain-backend] [io-8080-exec-17] c.pangochain.backend.ipfs.IpfsService    : Fetched 780 bytes from primary IPFS CID=QmdMbyBpoGFK1mURYDVGnjQ4AkNoJfnaBed6stWNVYy8rq
2026-07-31T21:05:43.572+06:00  INFO 578387 --- [pangochain-backend] [io-8080-exec-12] c.pangochain.backend.ipfs.IpfsService    : Fetched 780 bytes from primary IPFS CID=QmdMbyBpoGFK1mURYDVGnjQ4AkNoJfnaBed6stWNVYy8rq
2026-07-31T21:05:43.595+06:00  INFO 578387 --- [pangochain-backend] [io-8080-exec-18] c.pangochain.backend.ipfs.IpfsService    : Fetched 780 bytes from primary IPFS CID=QmdMbyBpoGFK1mURYDVGnjQ4AkNoJfnaBed6stWNVYy8rq
2026-07-31T21:05:43.621+06:00  INFO 578387 --- [pangochain-backend] [nio-8080-exec-6] c.pangochain.backend.ipfs.IpfsService    : Fetched 780 bytes from primary IPFS CID=QmdMbyBpoGFK1mURYDVGnjQ4AkNoJfnaBed6stWNVYy8rq
2026-07-31T21:05:43.626+06:00  INFO 578387 --- [pangochain-backend] [nio-8080-exec-7] c.pangochain.backend.ipfs.IpfsService    : Fetched 780 bytes from primary IPFS CID=QmdMbyBpoGFK1mURYDVGnjQ4AkNoJfnaBed6stWNVYy8rq
2026-07-31T21:05:43.629+06:00  INFO 578387 --- [pangochain-backend] [io-8080-exec-19] c.pangochain.backend.ipfs.IpfsService    : Fetched 780 bytes from primary IPFS CID=QmdMbyBpoGFK1mURYDVGnjQ4AkNoJfnaBed6stWNVYy8rq
2026-07-31T21:05:43.632+06:00  INFO 578387 --- [pangochain-backend] [nio-8080-exec-8] c.pangochain.backend.ipfs.IpfsService    : Fetched 780 bytes from primary IPFS CID=QmdMbyBpoGFK1mURYDVGnjQ4AkNoJfnaBed6stWNVYy8rq
2026-07-31T21:05:43.632+06:00  INFO 578387 --- [pangochain-backend] [nio-8080-exec-2] c.pangochain.backend.ipfs.IpfsService    : Fetched 780 bytes from primary IPFS CID=QmdMbyBpoGFK1mURYDVGnjQ4AkNoJfnaBed6stWNVYy8rq
2026-07-31T21:05:43.653+06:00  INFO 578387 --- [pangochain-backend] [nio-8080-exec-4] c.pangochain.backend.ipfs.IpfsService    : Fetched 780 bytes from primary IPFS CID=QmdMbyBpoGFK1mURYDVGnjQ4AkNoJfnaBed6stWNVYy8rq
2026-07-31T21:05:43.660+06:00  INFO 578387 --- [pangochain-backend] [io-8080-exec-10] c.pangochain.backend.ipfs.IpfsService    : Fetched 780 bytes from primary IPFS CID=QmdMbyBpoGFK1mURYDVGnjQ4AkNoJfnaBed6stWNVYy8rq
2026-07-31T21:05:43.663+06:00  INFO 578387 --- [pangochain-backend] [io-8080-exec-11] c.pangochain.backend.ipfs.IpfsService    : Fetched 780 bytes from primary IPFS CID=QmdMbyBpoGFK1mURYDVGnjQ4AkNoJfnaBed6stWNVYy8rq
2026-07-31T21:05:43.702+06:00  INFO 578387 --- [pangochain-backend] [nio-8080-exec-5] c.pangochain.backend.ipfs.IpfsService    : Fetched 780 bytes from primary IPFS CID=QmdMbyBpoGFK1mURYDVGnjQ4AkNoJfnaBed6stWNVYy8rq
2026-07-31T21:05:43.709+06:00  INFO 578387 --- [pangochain-backend] [nio-8080-exec-6] c.pangochain.backend.ipfs.IpfsService    : Fetched 780 bytes from primary IPFS CID=QmdMbyBpoGFK1mURYDVGnjQ4AkNoJfnaBed6stWNVYy8rq
2026-07-31T21:05:43.713+06:00  INFO 578387 --- [pangochain-backend] [io-8080-exec-20] c.pangochain.backend.ipfs.IpfsService    : Fetched 780 bytes from primary IPFS CID=QmdMbyBpoGFK1mURYDVGnjQ4AkNoJfnaBed6stWNVYy8rq
2026-07-31T21:05:43.716+06:00  INFO 578387 --- [pangochain-backend] [io-8080-exec-16] c.pangochain.backend.ipfs.IpfsService    : Fetched 780 bytes from primary IPFS CID=QmdMbyBpoGFK1mURYDVGnjQ4AkNoJfnaBed6stWNVYy8rq
2026-07-31T21:05:43.718+06:00  INFO 578387 --- [pangochain-backend] [nio-8080-exec-1] c.pangochain.backend.ipfs.IpfsService    : Fetched 780 bytes from primary IPFS CID=QmdMbyBpoGFK1mURYDVGnjQ4AkNoJfnaBed6stWNVYy8rq
2026-07-31T21:05:43.751+06:00  INFO 578387 --- [pangochain-backend] [nio-8080-exec-4] c.pangochain.backend.ipfs.IpfsService    : Fetched 780 bytes from primary IPFS CID=QmdMbyBpoGFK1mURYDVGnjQ4AkNoJfnaBed6stWNVYy8rq
2026-07-31T21:05:43.759+06:00  INFO 578387 --- [pangochain-backend] [nio-8080-exec-8] c.pangochain.backend.ipfs.IpfsService    : Fetched 780 bytes from primary IPFS CID=QmdMbyBpoGFK1mURYDVGnjQ4AkNoJfnaBed6stWNVYy8rq
2026-07-31T21:05:43.778+06:00  INFO 578387 --- [pangochain-backend] [io-8080-exec-19] c.pangochain.backend.ipfs.IpfsService    : Fetched 780 bytes from primary IPFS CID=QmdMbyBpoGFK1mURYDVGnjQ4AkNoJfnaBed6stWNVYy8rq
2026-07-31T21:05:43.788+06:00  INFO 578387 --- [pangochain-backend] [nio-8080-exec-3] c.pangochain.backend.ipfs.IpfsService    : Fetched 780 bytes from primary IPFS CID=QmdMbyBpoGFK1mURYDVGnjQ4AkNoJfnaBed6stWNVYy8rq
2026-07-31T21:05:43.788+06:00  INFO 578387 --- [pangochain-backend] [io-8080-exec-11] c.pangochain.backend.ipfs.IpfsService    : Fetched 780 bytes from primary IPFS CID=QmdMbyBpoGFK1mURYDVGnjQ4AkNoJfnaBed6stWNVYy8rq
2026-07-31T21:05:43.802+06:00  INFO 578387 --- [pangochain-backend] [nio-8080-exec-9] c.pangochain.backend.ipfs.IpfsService    : Fetched 780 bytes from primary IPFS CID=QmdMbyBpoGFK1mURYDVGnjQ4AkNoJfnaBed6stWNVYy8rq
2026-07-31T21:05:43.805+06:00  INFO 578387 --- [pangochain-backend] [nio-8080-exec-6] c.pangochain.backend.ipfs.IpfsService    : Fetched 780 bytes from primary IPFS CID=QmdMbyBpoGFK1mURYDVGnjQ4AkNoJfnaBed6stWNVYy8rq
2026-07-31T21:05:43.819+06:00  INFO 578387 --- [pangochain-backend] [io-8080-exec-15] c.pangochain.backend.ipfs.IpfsService    : Fetched 780 bytes from primary IPFS CID=QmdMbyBpoGFK1mURYDVGnjQ4AkNoJfnaBed6stWNVYy8rq
2026-07-31T21:05:43.827+06:00  INFO 578387 --- [pangochain-backend] [io-8080-exec-14] c.pangochain.backend.ipfs.IpfsService    : Fetched 780 bytes from primary IPFS CID=QmdMbyBpoGFK1mURYDVGnjQ4AkNoJfnaBed6stWNVYy8rq
2026-07-31T21:05:43.842+06:00  INFO 578387 --- [pangochain-backend] [nio-8080-exec-4] c.pangochain.backend.ipfs.IpfsService    : Fetched 780 bytes from primary IPFS CID=QmdMbyBpoGFK1mURYDVGnjQ4AkNoJfnaBed6stWNVYy8rq
2026-07-31T21:05:43.849+06:00  INFO 578387 --- [pangochain-backend] [nio-8080-exec-5] c.pangochain.backend.ipfs.IpfsService    : Fetched 780 bytes from primary IPFS CID=QmdMbyBpoGFK1mURYDVGnjQ4AkNoJfnaBed6stWNVYy8rq
2026-07-31T21:05:43.871+06:00  INFO 578387 --- [pangochain-backend] [io-8080-exec-13] c.pangochain.backend.ipfs.IpfsService    : Fetched 780 bytes from primary IPFS CID=QmdMbyBpoGFK1mURYDVGnjQ4AkNoJfnaBed6stWNVYy8rq
2026-07-31T21:05:43.892+06:00  INFO 578387 --- [pangochain-backend] [io-8080-exec-17] c.pangochain.backend.ipfs.IpfsService    : Fetched 780 bytes from primary IPFS CID=QmdMbyBpoGFK1mURYDVGnjQ4AkNoJfnaBed6stWNVYy8rq
2026-07-31T21:05:43.903+06:00  INFO 578387 --- [pangochain-backend] [nio-8080-exec-2] c.pangochain.backend.ipfs.IpfsService    : Fetched 780 bytes from primary IPFS CID=QmdMbyBpoGFK1mURYDVGnjQ4AkNoJfnaBed6stWNVYy8rq
2026-07-31T21:05:43.908+06:00  INFO 578387 --- [pangochain-backend] [nio-8080-exec-7] c.pangochain.backend.ipfs.IpfsService    : Fetched 780 bytes from primary IPFS CID=QmdMbyBpoGFK1mURYDVGnjQ4AkNoJfnaBed6stWNVYy8rq
2026-07-31T21:05:43.918+06:00  INFO 578387 --- [pangochain-backend] [io-8080-exec-10] c.pangochain.backend.ipfs.IpfsService    : Fetched 780 bytes from primary IPFS CID=QmdMbyBpoGFK1mURYDVGnjQ4AkNoJfnaBed6stWNVYy8rq
2026-07-31T21:05:43.919+06:00  INFO 578387 --- [pangochain-backend] [io-8080-exec-18] c.pangochain.backend.ipfs.IpfsService    : Fetched 780 bytes from primary IPFS CID=QmdMbyBpoGFK1mURYDVGnjQ4AkNoJfnaBed6stWNVYy8rq
2026-07-31T21:05:43.932+06:00  INFO 578387 --- [pangochain-backend] [io-8080-exec-12] c.pangochain.backend.ipfs.IpfsService    : Fetched 780 bytes from primary IPFS CID=QmdMbyBpoGFK1mURYDVGnjQ4AkNoJfnaBed6stWNVYy8rq
2026-07-31T21:05:43.936+06:00  INFO 578387 --- [pangochain-backend] [io-8080-exec-16] c.pangochain.backend.ipfs.IpfsService    : Fetched 780 bytes from primary IPFS CID=QmdMbyBpoGFK1mURYDVGnjQ4AkNoJfnaBed6stWNVYy8rq
2026-07-31T21:05:43.936+06:00  INFO 578387 --- [pangochain-backend] [io-8080-exec-20] c.pangochain.backend.ipfs.IpfsService    : Fetched 780 bytes from primary IPFS CID=QmdMbyBpoGFK1mURYDVGnjQ4AkNoJfnaBed6stWNVYy8rq
2026-07-31T21:05:43.939+06:00  INFO 578387 --- [pangochain-backend] [nio-8080-exec-1] c.pangochain.backend.ipfs.IpfsService    : Fetched 780 bytes from primary IPFS CID=QmdMbyBpoGFK1mURYDVGnjQ4AkNoJfnaBed6stWNVYy8rq
2026-07-31T21:05:43.940+06:00  INFO 578387 --- [pangochain-backend] [nio-8080-exec-8] c.pangochain.backend.ipfs.IpfsService    : Fetched 780 bytes from primary IPFS CID=QmdMbyBpoGFK1mURYDVGnjQ4AkNoJfnaBed6stWNVYy8rq
2026-07-31T21:05:43.940+06:00  INFO 578387 --- [pangochain-backend] [io-8080-exec-13] c.pangochain.backend.ipfs.IpfsService    : Fetched 780 bytes from primary IPFS CID=QmdMbyBpoGFK1mURYDVGnjQ4AkNoJfnaBed6stWNVYy8rq
2026-07-31T21:05:43.943+06:00  INFO 578387 --- [pangochain-backend] [io-8080-exec-11] c.pangochain.backend.ipfs.IpfsService    : Fetched 780 bytes from primary IPFS CID=QmdMbyBpoGFK1mURYDVGnjQ4AkNoJfnaBed6stWNVYy8rq
2026-07-31T21:05:43.945+06:00  INFO 578387 --- [pangochain-backend] [io-8080-exec-19] c.pangochain.backend.ipfs.IpfsService    : Fetched 780 bytes from primary IPFS CID=QmdMbyBpoGFK1mURYDVGnjQ4AkNoJfnaBed6stWNVYy8rq
2026-07-31T21:05:43.945+06:00  INFO 578387 --- [pangochain-backend] [nio-8080-exec-3] c.pangochain.backend.ipfs.IpfsService    : Fetched 780 bytes from primary IPFS CID=QmdMbyBpoGFK1mURYDVGnjQ4AkNoJfnaBed6stWNVYy8rq
2026-07-31T21:05:43.946+06:00  INFO 578387 --- [pangochain-backend] [io-8080-exec-17] c.pangochain.backend.ipfs.IpfsService    : Fetched 780 bytes from primary IPFS CID=QmdMbyBpoGFK1mURYDVGnjQ4AkNoJfnaBed6stWNVYy8rq
2026-07-31T21:05:43.948+06:00  INFO 578387 --- [pangochain-backend] [nio-8080-exec-9] c.pangochain.backend.ipfs.IpfsService    : Fetched 780 bytes from primary IPFS CID=QmdMbyBpoGFK1mURYDVGnjQ4AkNoJfnaBed6stWNVYy8rq
2026-07-31T21:05:43.952+06:00  INFO 578387 --- [pangochain-backend] [nio-8080-exec-6] c.pangochain.backend.ipfs.IpfsService    : Fetched 780 bytes from primary IPFS CID=QmdMbyBpoGFK1mURYDVGnjQ4AkNoJfnaBed6stWNVYy8rq
2026-07-31T21:05:43.952+06:00  INFO 578387 --- [pangochain-backend] [io-8080-exec-20] c.pangochain.backend.ipfs.IpfsService    : Fetched 780 bytes from primary IPFS CID=QmdMbyBpoGFK1mURYDVGnjQ4AkNoJfnaBed6stWNVYy8rq
2026-07-31T21:05:43.954+06:00  INFO 578387 --- [pangochain-backend] [io-8080-exec-13] c.pangochain.backend.ipfs.IpfsService    : Fetched 780 bytes from primary IPFS CID=QmdMbyBpoGFK1mURYDVGnjQ4AkNoJfnaBed6stWNVYy8rq
2026-07-31T21:05:43.954+06:00  INFO 578387 --- [pangochain-backend] [io-8080-exec-14] c.pangochain.backend.ipfs.IpfsService    : Fetched 780 bytes from primary IPFS CID=QmdMbyBpoGFK1mURYDVGnjQ4AkNoJfnaBed6stWNVYy8rq
2026-07-31T21:05:43.955+06:00  INFO 578387 --- [pangochain-backend] [io-8080-exec-15] c.pangochain.backend.ipfs.IpfsService    : Fetched 780 bytes from primary IPFS CID=QmdMbyBpoGFK1mURYDVGnjQ4AkNoJfnaBed6stWNVYy8rq
2026-07-31T21:05:43.956+06:00  INFO 578387 --- [pangochain-backend] [nio-8080-exec-4] c.pangochain.backend.ipfs.IpfsService    : Fetched 780 bytes from primary IPFS CID=QmdMbyBpoGFK1mURYDVGnjQ4AkNoJfnaBed6stWNVYy8rq
2026-07-31T21:05:43.956+06:00  INFO 578387 --- [pangochain-backend] [io-8080-exec-11] c.pangochain.backend.ipfs.IpfsService    : Fetched 780 bytes from primary IPFS CID=QmdMbyBpoGFK1mURYDVGnjQ4AkNoJfnaBed6stWNVYy8rq
2026-07-31T21:05:43.958+06:00  INFO 578387 --- [pangochain-backend] [nio-8080-exec-5] c.pangochain.backend.ipfs.IpfsService    : Fetched 780 bytes from primary IPFS CID=QmdMbyBpoGFK1mURYDVGnjQ4AkNoJfnaBed6stWNVYy8rq
2026-07-31T21:05:43.958+06:00  INFO 578387 --- [pangochain-backend] [nio-8080-exec-2] c.pangochain.backend.ipfs.IpfsService    : Fetched 780 bytes from primary IPFS CID=QmdMbyBpoGFK1mURYDVGnjQ4AkNoJfnaBed6stWNVYy8rq
2026-07-31T21:05:43.959+06:00  INFO 578387 --- [pangochain-backend] [nio-8080-exec-9] c.pangochain.backend.ipfs.IpfsService    : Fetched 780 bytes from primary IPFS CID=QmdMbyBpoGFK1mURYDVGnjQ4AkNoJfnaBed6stWNVYy8rq
2026-07-31T21:05:43.963+06:00  INFO 578387 --- [pangochain-backend] [nio-8080-exec-7] c.pangochain.backend.ipfs.IpfsService    : Fetched 780 bytes from primary IPFS CID=QmdMbyBpoGFK1mURYDVGnjQ4AkNoJfnaBed6stWNVYy8rq
2026-07-31T21:05:43.964+06:00  INFO 578387 --- [pangochain-backend] [io-8080-exec-10] c.pangochain.backend.ipfs.IpfsService    : Fetched 780 bytes from primary IPFS CID=QmdMbyBpoGFK1mURYDVGnjQ4AkNoJfnaBed6stWNVYy8rq
2026-07-31T21:05:43.964+06:00  INFO 578387 --- [pangochain-backend] [io-8080-exec-12] c.pangochain.backend.ipfs.IpfsService    : Fetched 780 bytes from primary IPFS CID=QmdMbyBpoGFK1mURYDVGnjQ4AkNoJfnaBed6stWNVYy8rq
2026-07-31T21:05:43.964+06:00  INFO 578387 --- [pangochain-backend] [io-8080-exec-16] c.pangochain.backend.ipfs.IpfsService    : Fetched 780 bytes from primary IPFS CID=QmdMbyBpoGFK1mURYDVGnjQ4AkNoJfnaBed6stWNVYy8rq
2026-07-31T21:05:43.964+06:00  INFO 578387 --- [pangochain-backend] [io-8080-exec-18] c.pangochain.backend.ipfs.IpfsService    : Fetched 780 bytes from primary IPFS CID=QmdMbyBpoGFK1mURYDVGnjQ4AkNoJfnaBed6stWNVYy8rq
2026-07-31T21:05:43.966+06:00  INFO 578387 --- [pangochain-backend] [nio-8080-exec-1] c.pangochain.backend.ipfs.IpfsService    : Fetched 780 bytes from primary IPFS CID=QmdMbyBpoGFK1mURYDVGnjQ4AkNoJfnaBed6stWNVYy8rq
2026-07-31T21:05:43.966+06:00  INFO 578387 --- [pangochain-backend] [nio-8080-exec-8] c.pangochain.backend.ipfs.IpfsService    : Fetched 780 bytes from primary IPFS CID=QmdMbyBpoGFK1mURYDVGnjQ4AkNoJfnaBed6stWNVYy8rq
2026-07-31T21:05:43.966+06:00  INFO 578387 --- [pangochain-backend] [io-8080-exec-19] c.pangochain.backend.ipfs.IpfsService    : Fetched 780 bytes from primary IPFS CID=QmdMbyBpoGFK1mURYDVGnjQ4AkNoJfnaBed6stWNVYy8rq
2026-07-31T21:05:43.969+06:00  INFO 578387 --- [pangochain-backend] [nio-8080-exec-3] c.pangochain.backend.ipfs.IpfsService    : Fetched 780 bytes from primary IPFS CID=QmdMbyBpoGFK1mURYDVGnjQ4AkNoJfnaBed6stWNVYy8rq
2026-07-31T21:05:43.970+06:00  INFO 578387 --- [pangochain-backend] [io-8080-exec-17] c.pangochain.backend.ipfs.IpfsService    : Fetched 780 bytes from primary IPFS CID=QmdMbyBpoGFK1mURYDVGnjQ4AkNoJfnaBed6stWNVYy8rq
2026-07-31T21:05:43.974+06:00  INFO 578387 --- [pangochain-backend] [nio-8080-exec-6] c.pangochain.backend.ipfs.IpfsService    : Fetched 780 bytes from primary IPFS CID=QmdMbyBpoGFK1mURYDVGnjQ4AkNoJfnaBed6stWNVYy8rq
2026-07-31T21:05:43.974+06:00  INFO 578387 --- [pangochain-backend] [nio-8080-exec-4] c.pangochain.backend.ipfs.IpfsService    : Fetched 780 bytes from primary IPFS CID=QmdMbyBpoGFK1mURYDVGnjQ4AkNoJfnaBed6stWNVYy8rq
2026-07-31T21:05:43.974+06:00  INFO 578387 --- [pangochain-backend] [io-8080-exec-18] c.pangochain.backend.ipfs.IpfsService    : Fetched 780 bytes from primary IPFS CID=QmdMbyBpoGFK1mURYDVGnjQ4AkNoJfnaBed6stWNVYy8rq
2026-07-31T21:05:43.974+06:00  INFO 578387 --- [pangochain-backend] [io-8080-exec-20] c.pangochain.backend.ipfs.IpfsService    : Fetched 780 bytes from primary IPFS CID=QmdMbyBpoGFK1mURYDVGnjQ4AkNoJfnaBed6stWNVYy8rq
2026-07-31T21:05:43.974+06:00  INFO 578387 --- [pangochain-backend] [io-8080-exec-14] c.pangochain.backend.ipfs.IpfsService    : Fetched 780 bytes from primary IPFS CID=QmdMbyBpoGFK1mURYDVGnjQ4AkNoJfnaBed6stWNVYy8rq
2026-07-31T21:05:43.975+06:00  INFO 578387 --- [pangochain-backend] [io-8080-exec-15] c.pangochain.backend.ipfs.IpfsService    : Fetched 780 bytes from primary IPFS CID=QmdMbyBpoGFK1mURYDVGnjQ4AkNoJfnaBed6stWNVYy8rq
2026-07-31T21:05:43.977+06:00  INFO 578387 --- [pangochain-backend] [io-8080-exec-11] c.pangochain.backend.ipfs.IpfsService    : Fetched 780 bytes from primary IPFS CID=QmdMbyBpoGFK1mURYDVGnjQ4AkNoJfnaBed6stWNVYy8rq
2026-07-31T21:05:43.979+06:00  INFO 578387 --- [pangochain-backend] [nio-8080-exec-2] c.pangochain.backend.ipfs.IpfsService    : Fetched 780 bytes from primary IPFS CID=QmdMbyBpoGFK1mURYDVGnjQ4AkNoJfnaBed6stWNVYy8rq
2026-07-31T21:05:43.979+06:00  INFO 578387 --- [pangochain-backend] [nio-8080-exec-5] c.pangochain.backend.ipfs.IpfsService    : Fetched 780 bytes from primary IPFS CID=QmdMbyBpoGFK1mURYDVGnjQ4AkNoJfnaBed6stWNVYy8rq
2026-07-31T21:05:43.983+06:00  INFO 578387 --- [pangochain-backend] [nio-8080-exec-9] c.pangochain.backend.ipfs.IpfsService    : Fetched 780 bytes from primary IPFS CID=QmdMbyBpoGFK1mURYDVGnjQ4AkNoJfnaBed6stWNVYy8rq
2026-07-31T21:05:43.985+06:00  INFO 578387 --- [pangochain-backend] [io-8080-exec-12] c.pangochain.backend.ipfs.IpfsService    : Fetched 780 bytes from primary IPFS CID=QmdMbyBpoGFK1mURYDVGnjQ4AkNoJfnaBed6stWNVYy8rq
2026-07-31T21:05:43.985+06:00  INFO 578387 --- [pangochain-backend] [nio-8080-exec-1] c.pangochain.backend.ipfs.IpfsService    : Fetched 780 bytes from primary IPFS CID=QmdMbyBpoGFK1mURYDVGnjQ4AkNoJfnaBed6stWNVYy8rq
2026-07-31T21:05:43.985+06:00  INFO 578387 --- [pangochain-backend] [io-8080-exec-14] c.pangochain.backend.ipfs.IpfsService    : Fetched 780 bytes from primary IPFS CID=QmdMbyBpoGFK1mURYDVGnjQ4AkNoJfnaBed6stWNVYy8rq
2026-07-31T21:05:43.986+06:00  INFO 578387 --- [pangochain-backend] [io-8080-exec-13] c.pangochain.backend.ipfs.IpfsService    : Fetched 780 bytes from primary IPFS CID=QmdMbyBpoGFK1mURYDVGnjQ4AkNoJfnaBed6stWNVYy8rq
2026-07-31T21:05:43.986+06:00  INFO 578387 --- [pangochain-backend] [io-8080-exec-10] c.pangochain.backend.ipfs.IpfsService    : Fetched 780 bytes from primary IPFS CID=QmdMbyBpoGFK1mURYDVGnjQ4AkNoJfnaBed6stWNVYy8rq
2026-07-31T21:05:43.986+06:00  INFO 578387 --- [pangochain-backend] [io-8080-exec-16] c.pangochain.backend.ipfs.IpfsService    : Fetched 780 bytes from primary IPFS CID=QmdMbyBpoGFK1mURYDVGnjQ4AkNoJfnaBed6stWNVYy8rq
2026-07-31T21:05:43.988+06:00  INFO 578387 --- [pangochain-backend] [io-8080-exec-19] c.pangochain.backend.ipfs.IpfsService    : Fetched 780 bytes from primary IPFS CID=QmdMbyBpoGFK1mURYDVGnjQ4AkNoJfnaBed6stWNVYy8rq
2026-07-31T21:05:43.991+06:00  INFO 578387 --- [pangochain-backend] [nio-8080-exec-8] c.pangochain.backend.ipfs.IpfsService    : Fetched 780 bytes from primary IPFS CID=QmdMbyBpoGFK1mURYDVGnjQ4AkNoJfnaBed6stWNVYy8rq
2026-07-31T21:05:43.994+06:00  INFO 578387 --- [pangochain-backend] [io-8080-exec-17] c.pangochain.backend.ipfs.IpfsService    : Fetched 780 bytes from primary IPFS CID=QmdMbyBpoGFK1mURYDVGnjQ4AkNoJfnaBed6stWNVYy8rq
2026-07-31T21:05:43.994+06:00  INFO 578387 --- [pangochain-backend] [nio-8080-exec-3] c.pangochain.backend.ipfs.IpfsService    : Fetched 780 bytes from primary IPFS CID=QmdMbyBpoGFK1mURYDVGnjQ4AkNoJfnaBed6stWNVYy8rq
2026-07-31T21:05:43.996+06:00  INFO 578387 --- [pangochain-backend] [nio-8080-exec-6] c.pangochain.backend.ipfs.IpfsService    : Fetched 780 bytes from primary IPFS CID=QmdMbyBpoGFK1mURYDVGnjQ4AkNoJfnaBed6stWNVYy8rq
2026-07-31T21:05:43.996+06:00  INFO 578387 --- [pangochain-backend] [io-8080-exec-18] c.pangochain.backend.ipfs.IpfsService    : Fetched 780 bytes from primary IPFS CID=QmdMbyBpoGFK1mURYDVGnjQ4AkNoJfnaBed6stWNVYy8rq
2026-07-31T21:05:43.997+06:00  INFO 578387 --- [pangochain-backend] [io-8080-exec-20] c.pangochain.backend.ipfs.IpfsService    : Fetched 780 bytes from primary IPFS CID=QmdMbyBpoGFK1mURYDVGnjQ4AkNoJfnaBed6stWNVYy8rq
2026-07-31T21:05:43.997+06:00  INFO 578387 --- [pangochain-backend] [nio-8080-exec-4] c.pangochain.backend.ipfs.IpfsService    : Fetched 780 bytes from primary IPFS CID=QmdMbyBpoGFK1mURYDVGnjQ4AkNoJfnaBed6stWNVYy8rq
2026-07-31T21:05:43.998+06:00  INFO 578387 --- [pangochain-backend] [nio-8080-exec-7] c.pangochain.backend.ipfs.IpfsService    : Fetched 780 bytes from primary IPFS CID=QmdMbyBpoGFK1mURYDVGnjQ4AkNoJfnaBed6stWNVYy8rq
2026-07-31T21:05:43.998+06:00  INFO 578387 --- [pangochain-backend] [io-8080-exec-15] c.pangochain.backend.ipfs.IpfsService    : Fetched 780 bytes from primary IPFS CID=QmdMbyBpoGFK1mURYDVGnjQ4AkNoJfnaBed6stWNVYy8rq
2026-07-31T21:05:44.002+06:00  INFO 578387 --- [pangochain-backend] [nio-8080-exec-5] c.pangochain.backend.ipfs.IpfsService    : Fetched 780 bytes from primary IPFS CID=QmdMbyBpoGFK1mURYDVGnjQ4AkNoJfnaBed6stWNVYy8rq
2026-07-31T21:05:44.003+06:00  INFO 578387 --- [pangochain-backend] [nio-8080-exec-2] c.pangochain.backend.ipfs.IpfsService    : Fetched 780 bytes from primary IPFS CID=QmdMbyBpoGFK1mURYDVGnjQ4AkNoJfnaBed6stWNVYy8rq
2026-07-31T21:05:44.003+06:00  INFO 578387 --- [pangochain-backend] [io-8080-exec-11] c.pangochain.backend.ipfs.IpfsService    : Fetched 780 bytes from primary IPFS CID=QmdMbyBpoGFK1mURYDVGnjQ4AkNoJfnaBed6stWNVYy8rq
2026-07-31T21:05:44.003+06:00  INFO 578387 --- [pangochain-backend] [nio-8080-exec-9] c.pangochain.backend.ipfs.IpfsService    : Fetched 780 bytes from primary IPFS CID=QmdMbyBpoGFK1mURYDVGnjQ4AkNoJfnaBed6stWNVYy8rq
2026-07-31T21:05:44.006+06:00  INFO 578387 --- [pangochain-backend] [nio-8080-exec-1] c.pangochain.backend.ipfs.IpfsService    : Fetched 780 bytes from primary IPFS CID=QmdMbyBpoGFK1mURYDVGnjQ4AkNoJfnaBed6stWNVYy8rq
2026-07-31T21:05:44.007+06:00  INFO 578387 --- [pangochain-backend] [io-8080-exec-15] c.pangochain.backend.ipfs.IpfsService    : Fetched 780 bytes from primary IPFS CID=QmdMbyBpoGFK1mURYDVGnjQ4AkNoJfnaBed6stWNVYy8rq
2026-07-31T21:05:44.007+06:00  INFO 578387 --- [pangochain-backend] [io-8080-exec-14] c.pangochain.backend.ipfs.IpfsService    : Fetched 780 bytes from primary IPFS CID=QmdMbyBpoGFK1mURYDVGnjQ4AkNoJfnaBed6stWNVYy8rq
2026-07-31T21:05:44.009+06:00  INFO 578387 --- [pangochain-backend] [io-8080-exec-13] c.pangochain.backend.ipfs.IpfsService    : Fetched 780 bytes from primary IPFS CID=QmdMbyBpoGFK1mURYDVGnjQ4AkNoJfnaBed6stWNVYy8rq
2026-07-31T21:05:44.009+06:00  INFO 578387 --- [pangochain-backend] [io-8080-exec-10] c.pangochain.backend.ipfs.IpfsService    : Fetched 780 bytes from primary IPFS CID=QmdMbyBpoGFK1mURYDVGnjQ4AkNoJfnaBed6stWNVYy8rq
2026-07-31T21:05:44.010+06:00  INFO 578387 --- [pangochain-backend] [io-8080-exec-16] c.pangochain.backend.ipfs.IpfsService    : Fetched 780 bytes from primary IPFS CID=QmdMbyBpoGFK1mURYDVGnjQ4AkNoJfnaBed6stWNVYy8rq
2026-07-31T21:05:44.012+06:00  INFO 578387 --- [pangochain-backend] [io-8080-exec-19] c.pangochain.backend.ipfs.IpfsService    : Fetched 780 bytes from primary IPFS CID=QmdMbyBpoGFK1mURYDVGnjQ4AkNoJfnaBed6stWNVYy8rq
2026-07-31T21:05:44.012+06:00  INFO 578387 --- [pangochain-backend] [io-8080-exec-17] c.pangochain.backend.ipfs.IpfsService    : Fetched 780 bytes from primary IPFS CID=QmdMbyBpoGFK1mURYDVGnjQ4AkNoJfnaBed6stWNVYy8rq
2026-07-31T21:05:44.012+06:00  INFO 578387 --- [pangochain-backend] [nio-8080-exec-3] c.pangochain.backend.ipfs.IpfsService    : Fetched 780 bytes from primary IPFS CID=QmdMbyBpoGFK1mURYDVGnjQ4AkNoJfnaBed6stWNVYy8rq
2026-07-31T21:05:44.014+06:00  INFO 578387 --- [pangochain-backend] [nio-8080-exec-8] c.pangochain.backend.ipfs.IpfsService    : Fetched 780 bytes from primary IPFS CID=QmdMbyBpoGFK1mURYDVGnjQ4AkNoJfnaBed6stWNVYy8rq
2026-07-31T21:05:44.017+06:00  INFO 578387 --- [pangochain-backend] [nio-8080-exec-6] c.pangochain.backend.ipfs.IpfsService    : Fetched 780 bytes from primary IPFS CID=QmdMbyBpoGFK1mURYDVGnjQ4AkNoJfnaBed6stWNVYy8rq
2026-07-31T21:05:44.017+06:00  INFO 578387 --- [pangochain-backend] [io-8080-exec-20] c.pangochain.backend.ipfs.IpfsService    : Fetched 780 bytes from primary IPFS CID=QmdMbyBpoGFK1mURYDVGnjQ4AkNoJfnaBed6stWNVYy8rq
2026-07-31T21:05:44.018+06:00  INFO 578387 --- [pangochain-backend] [io-8080-exec-18] c.pangochain.backend.ipfs.IpfsService    : Fetched 780 bytes from primary IPFS CID=QmdMbyBpoGFK1mURYDVGnjQ4AkNoJfnaBed6stWNVYy8rq
2026-07-31T21:05:44.020+06:00  INFO 578387 --- [pangochain-backend] [nio-8080-exec-4] c.pangochain.backend.ipfs.IpfsService    : Fetched 780 bytes from primary IPFS CID=QmdMbyBpoGFK1mURYDVGnjQ4AkNoJfnaBed6stWNVYy8rq
2026-07-31T21:05:44.021+06:00  INFO 578387 --- [pangochain-backend] [nio-8080-exec-9] c.pangochain.backend.ipfs.IpfsService    : Fetched 780 bytes from primary IPFS CID=QmdMbyBpoGFK1mURYDVGnjQ4AkNoJfnaBed6stWNVYy8rq
2026-07-31T21:05:44.021+06:00  INFO 578387 --- [pangochain-backend] [nio-8080-exec-5] c.pangochain.backend.ipfs.IpfsService    : Fetched 780 bytes from primary IPFS CID=QmdMbyBpoGFK1mURYDVGnjQ4AkNoJfnaBed6stWNVYy8rq
2026-07-31T21:05:44.021+06:00  INFO 578387 --- [pangochain-backend] [nio-8080-exec-7] c.pangochain.backend.ipfs.IpfsService    : Fetched 780 bytes from primary IPFS CID=QmdMbyBpoGFK1mURYDVGnjQ4AkNoJfnaBed6stWNVYy8rq
2026-07-31T21:05:44.021+06:00  INFO 578387 --- [pangochain-backend] [nio-8080-exec-2] c.pangochain.backend.ipfs.IpfsService    : Fetched 780 bytes from primary IPFS CID=QmdMbyBpoGFK1mURYDVGnjQ4AkNoJfnaBed6stWNVYy8rq
2026-07-31T21:05:44.025+06:00  INFO 578387 --- [pangochain-backend] [io-8080-exec-11] c.pangochain.backend.ipfs.IpfsService    : Fetched 780 bytes from primary IPFS CID=QmdMbyBpoGFK1mURYDVGnjQ4AkNoJfnaBed6stWNVYy8rq
2026-07-31T21:05:44.026+06:00  INFO 578387 --- [pangochain-backend] [io-8080-exec-12] c.pangochain.backend.ipfs.IpfsService    : Fetched 780 bytes from primary IPFS CID=QmdMbyBpoGFK1mURYDVGnjQ4AkNoJfnaBed6stWNVYy8rq
2026-07-31T21:05:44.029+06:00  INFO 578387 --- [pangochain-backend] [io-8080-exec-15] c.pangochain.backend.ipfs.IpfsService    : Fetched 780 bytes from primary IPFS CID=QmdMbyBpoGFK1mURYDVGnjQ4AkNoJfnaBed6stWNVYy8rq
2026-07-31T21:05:44.030+06:00  INFO 578387 --- [pangochain-backend] [io-8080-exec-10] c.pangochain.backend.ipfs.IpfsService    : Fetched 780 bytes from primary IPFS CID=QmdMbyBpoGFK1mURYDVGnjQ4AkNoJfnaBed6stWNVYy8rq
2026-07-31T21:05:44.030+06:00  INFO 578387 --- [pangochain-backend] [io-8080-exec-14] c.pangochain.backend.ipfs.IpfsService    : Fetched 780 bytes from primary IPFS CID=QmdMbyBpoGFK1mURYDVGnjQ4AkNoJfnaBed6stWNVYy8rq
2026-07-31T21:05:44.031+06:00  INFO 578387 --- [pangochain-backend] [io-8080-exec-16] c.pangochain.backend.ipfs.IpfsService    : Fetched 780 bytes from primary IPFS CID=QmdMbyBpoGFK1mURYDVGnjQ4AkNoJfnaBed6stWNVYy8rq
2026-07-31T21:05:44.032+06:00  INFO 578387 --- [pangochain-backend] [nio-8080-exec-3] c.pangochain.backend.ipfs.IpfsService    : Fetched 780 bytes from primary IPFS CID=QmdMbyBpoGFK1mURYDVGnjQ4AkNoJfnaBed6stWNVYy8rq
2026-07-31T21:05:44.032+06:00  INFO 578387 --- [pangochain-backend] [io-8080-exec-13] c.pangochain.backend.ipfs.IpfsService    : Fetched 780 bytes from primary IPFS CID=QmdMbyBpoGFK1mURYDVGnjQ4AkNoJfnaBed6stWNVYy8rq
2026-07-31T21:05:44.033+06:00  INFO 578387 --- [pangochain-backend] [nio-8080-exec-1] c.pangochain.backend.ipfs.IpfsService    : Fetched 780 bytes from primary IPFS CID=QmdMbyBpoGFK1mURYDVGnjQ4AkNoJfnaBed6stWNVYy8rq
2026-07-31T21:05:44.033+06:00  INFO 578387 --- [pangochain-backend] [io-8080-exec-19] c.pangochain.backend.ipfs.IpfsService    : Fetched 780 bytes from primary IPFS CID=QmdMbyBpoGFK1mURYDVGnjQ4AkNoJfnaBed6stWNVYy8rq
2026-07-31T21:05:44.034+06:00  INFO 578387 --- [pangochain-backend] [nio-8080-exec-8] c.pangochain.backend.ipfs.IpfsService    : Fetched 780 bytes from primary IPFS CID=QmdMbyBpoGFK1mURYDVGnjQ4AkNoJfnaBed6stWNVYy8rq
2026-07-31T21:05:44.035+06:00  INFO 578387 --- [pangochain-backend] [io-8080-exec-17] c.pangochain.backend.ipfs.IpfsService    : Fetched 780 bytes from primary IPFS CID=QmdMbyBpoGFK1mURYDVGnjQ4AkNoJfnaBed6stWNVYy8rq
2026-07-31T21:05:44.042+06:00  INFO 578387 --- [pangochain-backend] [io-8080-exec-20] c.pangochain.backend.ipfs.IpfsService    : Fetched 780 bytes from primary IPFS CID=QmdMbyBpoGFK1mURYDVGnjQ4AkNoJfnaBed6stWNVYy8rq
2026-07-31T21:05:44.042+06:00  INFO 578387 --- [pangochain-backend] [nio-8080-exec-6] c.pangochain.backend.ipfs.IpfsService    : Fetched 780 bytes from primary IPFS CID=QmdMbyBpoGFK1mURYDVGnjQ4AkNoJfnaBed6stWNVYy8rq
2026-07-31T21:05:44.042+06:00  INFO 578387 --- [pangochain-backend] [io-8080-exec-18] c.pangochain.backend.ipfs.IpfsService    : Fetched 780 bytes from primary IPFS CID=QmdMbyBpoGFK1mURYDVGnjQ4AkNoJfnaBed6stWNVYy8rq
2026-07-31T21:05:44.043+06:00  INFO 578387 --- [pangochain-backend] [nio-8080-exec-4] c.pangochain.backend.ipfs.IpfsService    : Fetched 780 bytes from primary IPFS CID=QmdMbyBpoGFK1mURYDVGnjQ4AkNoJfnaBed6stWNVYy8rq
2026-07-31T21:05:44.043+06:00  INFO 578387 --- [pangochain-backend] [nio-8080-exec-9] c.pangochain.backend.ipfs.IpfsService    : Fetched 780 bytes from primary IPFS CID=QmdMbyBpoGFK1mURYDVGnjQ4AkNoJfnaBed6stWNVYy8rq
2026-07-31T21:05:44.046+06:00  INFO 578387 --- [pangochain-backend] [io-8080-exec-11] c.pangochain.backend.ipfs.IpfsService    : Fetched 780 bytes from primary IPFS CID=QmdMbyBpoGFK1mURYDVGnjQ4AkNoJfnaBed6stWNVYy8rq
2026-07-31T21:05:44.046+06:00  INFO 578387 --- [pangochain-backend] [io-8080-exec-12] c.pangochain.backend.ipfs.IpfsService    : Fetched 780 bytes from primary IPFS CID=QmdMbyBpoGFK1mURYDVGnjQ4AkNoJfnaBed6stWNVYy8rq
2026-07-31T21:05:44.046+06:00  INFO 578387 --- [pangochain-backend] [nio-8080-exec-7] c.pangochain.backend.ipfs.IpfsService    : Fetched 780 bytes from primary IPFS CID=QmdMbyBpoGFK1mURYDVGnjQ4AkNoJfnaBed6stWNVYy8rq
2026-07-31T21:05:44.047+06:00  INFO 578387 --- [pangochain-backend] [nio-8080-exec-5] c.pangochain.backend.ipfs.IpfsService    : Fetched 780 bytes from primary IPFS CID=QmdMbyBpoGFK1mURYDVGnjQ4AkNoJfnaBed6stWNVYy8rq
2026-07-31T21:05:44.050+06:00  INFO 578387 --- [pangochain-backend] [nio-8080-exec-2] c.pangochain.backend.ipfs.IpfsService    : Fetched 780 bytes from primary IPFS CID=QmdMbyBpoGFK1mURYDVGnjQ4AkNoJfnaBed6stWNVYy8rq
2026-07-31T21:05:44.054+06:00  INFO 578387 --- [pangochain-backend] [io-8080-exec-10] c.pangochain.backend.ipfs.IpfsService    : Fetched 780 bytes from primary IPFS CID=QmdMbyBpoGFK1mURYDVGnjQ4AkNoJfnaBed6stWNVYy8rq
2026-07-31T21:05:44.054+06:00  INFO 578387 --- [pangochain-backend] [nio-8080-exec-3] c.pangochain.backend.ipfs.IpfsService    : Fetched 780 bytes from primary IPFS CID=QmdMbyBpoGFK1mURYDVGnjQ4AkNoJfnaBed6stWNVYy8rq
2026-07-31T21:05:44.054+06:00  INFO 578387 --- [pangochain-backend] [nio-8080-exec-7] c.pangochain.backend.ipfs.IpfsService    : Fetched 780 bytes from primary IPFS CID=QmdMbyBpoGFK1mURYDVGnjQ4AkNoJfnaBed6stWNVYy8rq
2026-07-31T21:05:44.056+06:00  INFO 578387 --- [pangochain-backend] [nio-8080-exec-6] c.pangochain.backend.ipfs.IpfsService    : Fetched 780 bytes from primary IPFS CID=QmdMbyBpoGFK1mURYDVGnjQ4AkNoJfnaBed6stWNVYy8rq
2026-07-31T21:05:44.057+06:00  INFO 578387 --- [pangochain-backend] [nio-8080-exec-4] c.pangochain.backend.ipfs.IpfsService    : Fetched 780 bytes from primary IPFS CID=QmdMbyBpoGFK1mURYDVGnjQ4AkNoJfnaBed6stWNVYy8rq
2026-07-31T21:05:44.058+06:00  INFO 578387 --- [pangochain-backend] [io-8080-exec-13] c.pangochain.backend.ipfs.IpfsService    : Fetched 780 bytes from primary IPFS CID=QmdMbyBpoGFK1mURYDVGnjQ4AkNoJfnaBed6stWNVYy8rq
2026-07-31T21:05:44.059+06:00  INFO 578387 --- [pangochain-backend] [io-8080-exec-18] c.pangochain.backend.ipfs.IpfsService    : Fetched 780 bytes from primary IPFS CID=QmdMbyBpoGFK1mURYDVGnjQ4AkNoJfnaBed6stWNVYy8rq
2026-07-31T21:05:44.060+06:00  INFO 578387 --- [pangochain-backend] [io-8080-exec-14] c.pangochain.backend.ipfs.IpfsService    : Fetched 780 bytes from primary IPFS CID=QmdMbyBpoGFK1mURYDVGnjQ4AkNoJfnaBed6stWNVYy8rq
2026-07-31T21:05:44.064+06:00  INFO 578387 --- [pangochain-backend] [io-8080-exec-19] c.pangochain.backend.ipfs.IpfsService    : Fetched 780 bytes from primary IPFS CID=QmdMbyBpoGFK1mURYDVGnjQ4AkNoJfnaBed6stWNVYy8rq
2026-07-31T21:05:44.064+06:00  INFO 578387 --- [pangochain-backend] [io-8080-exec-16] c.pangochain.backend.ipfs.IpfsService    : Fetched 780 bytes from primary IPFS CID=QmdMbyBpoGFK1mURYDVGnjQ4AkNoJfnaBed6stWNVYy8rq
2026-07-31T21:05:44.065+06:00  INFO 578387 --- [pangochain-backend] [nio-8080-exec-1] c.pangochain.backend.ipfs.IpfsService    : Fetched 780 bytes from primary IPFS CID=QmdMbyBpoGFK1mURYDVGnjQ4AkNoJfnaBed6stWNVYy8rq
2026-07-31T21:05:44.070+06:00  INFO 578387 --- [pangochain-backend] [io-8080-exec-13] c.pangochain.backend.ipfs.IpfsService    : Fetched 780 bytes from primary IPFS CID=QmdMbyBpoGFK1mURYDVGnjQ4AkNoJfnaBed6stWNVYy8rq
2026-07-31T21:05:44.071+06:00  INFO 578387 --- [pangochain-backend] [nio-8080-exec-8] c.pangochain.backend.ipfs.IpfsService    : Fetched 780 bytes from primary IPFS CID=QmdMbyBpoGFK1mURYDVGnjQ4AkNoJfnaBed6stWNVYy8rq
2026-07-31T21:05:44.072+06:00  INFO 578387 --- [pangochain-backend] [io-8080-exec-17] c.pangochain.backend.ipfs.IpfsService    : Fetched 780 bytes from primary IPFS CID=QmdMbyBpoGFK1mURYDVGnjQ4AkNoJfnaBed6stWNVYy8rq
2026-07-31T21:05:44.076+06:00  INFO 578387 --- [pangochain-backend] [nio-8080-exec-9] c.pangochain.backend.ipfs.IpfsService    : Fetched 780 bytes from primary IPFS CID=QmdMbyBpoGFK1mURYDVGnjQ4AkNoJfnaBed6stWNVYy8rq
2026-07-31T21:05:44.099+06:00  INFO 578387 --- [pangochain-backend] [io-8080-exec-20] c.pangochain.backend.ipfs.IpfsService    : Fetched 780 bytes from primary IPFS CID=QmdMbyBpoGFK1mURYDVGnjQ4AkNoJfnaBed6stWNVYy8rq
2026-07-31T21:05:44.100+06:00  INFO 578387 --- [pangochain-backend] [nio-8080-exec-4] c.pangochain.backend.ipfs.IpfsService    : Fetched 780 bytes from primary IPFS CID=QmdMbyBpoGFK1mURYDVGnjQ4AkNoJfnaBed6stWNVYy8rq
2026-07-31T21:05:44.103+06:00  INFO 578387 --- [pangochain-backend] [nio-8080-exec-5] c.pangochain.backend.ipfs.IpfsService    : Fetched 780 bytes from primary IPFS CID=QmdMbyBpoGFK1mURYDVGnjQ4AkNoJfnaBed6stWNVYy8rq
2026-07-31T21:05:44.105+06:00  INFO 578387 --- [pangochain-backend] [io-8080-exec-15] c.pangochain.backend.ipfs.IpfsService    : Fetched 780 bytes from primary IPFS CID=QmdMbyBpoGFK1mURYDVGnjQ4AkNoJfnaBed6stWNVYy8rq
2026-07-31T21:05:44.115+06:00  INFO 578387 --- [pangochain-backend] [io-8080-exec-12] c.pangochain.backend.ipfs.IpfsService    : Fetched 780 bytes from primary IPFS CID=QmdMbyBpoGFK1mURYDVGnjQ4AkNoJfnaBed6stWNVYy8rq
2026-07-31T21:05:44.132+06:00  INFO 578387 --- [pangochain-backend] [nio-8080-exec-2] c.pangochain.backend.ipfs.IpfsService    : Fetched 780 bytes from primary IPFS CID=QmdMbyBpoGFK1mURYDVGnjQ4AkNoJfnaBed6stWNVYy8rq
2026-07-31T21:05:44.136+06:00  INFO 578387 --- [pangochain-backend] [io-8080-exec-10] c.pangochain.backend.ipfs.IpfsService    : Fetched 780 bytes from primary IPFS CID=QmdMbyBpoGFK1mURYDVGnjQ4AkNoJfnaBed6stWNVYy8rq
2026-07-31T21:05:44.137+06:00  INFO 578387 --- [pangochain-backend] [io-8080-exec-11] c.pangochain.backend.ipfs.IpfsService    : Fetched 780 bytes from primary IPFS CID=QmdMbyBpoGFK1mURYDVGnjQ4AkNoJfnaBed6stWNVYy8rq
2026-07-31T21:05:44.157+06:00  INFO 578387 --- [pangochain-backend] [nio-8080-exec-7] c.pangochain.backend.ipfs.IpfsService    : Fetched 780 bytes from primary IPFS CID=QmdMbyBpoGFK1mURYDVGnjQ4AkNoJfnaBed6stWNVYy8rq
2026-07-31T21:05:44.159+06:00  INFO 578387 --- [pangochain-backend] [nio-8080-exec-9] c.pangochain.backend.ipfs.IpfsService    : Fetched 780 bytes from primary IPFS CID=QmdMbyBpoGFK1mURYDVGnjQ4AkNoJfnaBed6stWNVYy8rq
2026-07-31T21:05:44.232+06:00  INFO 578387 --- [pangochain-backend] [io-8080-exec-18] c.pangochain.backend.ipfs.IpfsService    : Fetched 780 bytes from primary IPFS CID=QmdMbyBpoGFK1mURYDVGnjQ4AkNoJfnaBed6stWNVYy8rq
2026-07-31T21:05:44.235+06:00  INFO 578387 --- [pangochain-backend] [nio-8080-exec-4] c.pangochain.backend.ipfs.IpfsService    : Fetched 780 bytes from primary IPFS CID=QmdMbyBpoGFK1mURYDVGnjQ4AkNoJfnaBed6stWNVYy8rq
2026-07-31T21:05:44.238+06:00  INFO 578387 --- [pangochain-backend] [nio-8080-exec-6] c.pangochain.backend.ipfs.IpfsService    : Fetched 780 bytes from primary IPFS CID=QmdMbyBpoGFK1mURYDVGnjQ4AkNoJfnaBed6stWNVYy8rq
2026-07-31T21:05:44.256+06:00  INFO 578387 --- [pangochain-backend] [io-8080-exec-20] c.pangochain.backend.ipfs.IpfsService    : Fetched 780 bytes from primary IPFS CID=QmdMbyBpoGFK1mURYDVGnjQ4AkNoJfnaBed6stWNVYy8rq
2026-07-31T21:05:44.272+06:00  INFO 578387 --- [pangochain-backend] [io-8080-exec-14] c.pangochain.backend.ipfs.IpfsService    : Fetched 780 bytes from primary IPFS CID=QmdMbyBpoGFK1mURYDVGnjQ4AkNoJfnaBed6stWNVYy8rq
2026-07-31T21:05:44.279+06:00  INFO 578387 --- [pangochain-backend] [io-8080-exec-19] c.pangochain.backend.ipfs.IpfsService    : Fetched 780 bytes from primary IPFS CID=QmdMbyBpoGFK1mURYDVGnjQ4AkNoJfnaBed6stWNVYy8rq
2026-07-31T21:05:44.290+06:00  INFO 578387 --- [pangochain-backend] [io-8080-exec-16] c.pangochain.backend.ipfs.IpfsService    : Fetched 780 bytes from primary IPFS CID=QmdMbyBpoGFK1mURYDVGnjQ4AkNoJfnaBed6stWNVYy8rq
2026-07-31T21:05:44.294+06:00  INFO 578387 --- [pangochain-backend] [nio-8080-exec-7] c.pangochain.backend.ipfs.IpfsService    : Fetched 780 bytes from primary IPFS CID=QmdMbyBpoGFK1mURYDVGnjQ4AkNoJfnaBed6stWNVYy8rq
2026-07-31T21:05:44.299+06:00  INFO 578387 --- [pangochain-backend] [nio-8080-exec-1] c.pangochain.backend.ipfs.IpfsService    : Fetched 780 bytes from primary IPFS CID=QmdMbyBpoGFK1mURYDVGnjQ4AkNoJfnaBed6stWNVYy8rq
2026-07-31T21:05:44.303+06:00  INFO 578387 --- [pangochain-backend] [nio-8080-exec-2] c.pangochain.backend.ipfs.IpfsService    : Fetched 780 bytes from primary IPFS CID=QmdMbyBpoGFK1mURYDVGnjQ4AkNoJfnaBed6stWNVYy8rq
2026-07-31T21:05:44.320+06:00  INFO 578387 --- [pangochain-backend] [io-8080-exec-13] c.pangochain.backend.ipfs.IpfsService    : Fetched 780 bytes from primary IPFS CID=QmdMbyBpoGFK1mURYDVGnjQ4AkNoJfnaBed6stWNVYy8rq
2026-07-31T21:05:44.329+06:00  INFO 578387 --- [pangochain-backend] [io-8080-exec-18] c.pangochain.backend.ipfs.IpfsService    : Fetched 780 bytes from primary IPFS CID=QmdMbyBpoGFK1mURYDVGnjQ4AkNoJfnaBed6stWNVYy8rq
2026-07-31T21:05:44.329+06:00  INFO 578387 --- [pangochain-backend] [nio-8080-exec-8] c.pangochain.backend.ipfs.IpfsService    : Fetched 780 bytes from primary IPFS CID=QmdMbyBpoGFK1mURYDVGnjQ4AkNoJfnaBed6stWNVYy8rq
2026-07-31T21:05:44.374+06:00  INFO 578387 --- [pangochain-backend] [io-8080-exec-17] c.pangochain.backend.ipfs.IpfsService    : Fetched 780 bytes from primary IPFS CID=QmdMbyBpoGFK1mURYDVGnjQ4AkNoJfnaBed6stWNVYy8rq
2026-07-31T21:05:44.375+06:00  INFO 578387 --- [pangochain-backend] [io-8080-exec-19] c.pangochain.backend.ipfs.IpfsService    : Fetched 780 bytes from primary IPFS CID=QmdMbyBpoGFK1mURYDVGnjQ4AkNoJfnaBed6stWNVYy8rq
2026-07-31T21:05:44.381+06:00  INFO 578387 --- [pangochain-backend] [nio-8080-exec-7] c.pangochain.backend.ipfs.IpfsService    : Fetched 780 bytes from primary IPFS CID=QmdMbyBpoGFK1mURYDVGnjQ4AkNoJfnaBed6stWNVYy8rq
2026-07-31T21:05:44.389+06:00  INFO 578387 --- [pangochain-backend] [io-8080-exec-14] c.pangochain.backend.ipfs.IpfsService    : Fetched 780 bytes from primary IPFS CID=QmdMbyBpoGFK1mURYDVGnjQ4AkNoJfnaBed6stWNVYy8rq
2026-07-31T21:05:44.395+06:00  INFO 578387 --- [pangochain-backend] [io-8080-exec-16] c.pangochain.backend.ipfs.IpfsService    : Fetched 780 bytes from primary IPFS CID=QmdMbyBpoGFK1mURYDVGnjQ4AkNoJfnaBed6stWNVYy8rq
2026-07-31T21:05:44.396+06:00  INFO 578387 --- [pangochain-backend] [nio-8080-exec-2] c.pangochain.backend.ipfs.IpfsService    : Fetched 780 bytes from primary IPFS CID=QmdMbyBpoGFK1mURYDVGnjQ4AkNoJfnaBed6stWNVYy8rq
2026-07-31T21:05:44.403+06:00  INFO 578387 --- [pangochain-backend] [nio-8080-exec-3] c.pangochain.backend.ipfs.IpfsService    : Fetched 780 bytes from primary IPFS CID=QmdMbyBpoGFK1mURYDVGnjQ4AkNoJfnaBed6stWNVYy8rq
2026-07-31T21:05:44.420+06:00  INFO 578387 --- [pangochain-backend] [nio-8080-exec-5] c.pangochain.backend.ipfs.IpfsService    : Fetched 780 bytes from primary IPFS CID=QmdMbyBpoGFK1mURYDVGnjQ4AkNoJfnaBed6stWNVYy8rq
2026-07-31T21:05:44.440+06:00  INFO 578387 --- [pangochain-backend] [io-8080-exec-12] c.pangochain.backend.ipfs.IpfsService    : Fetched 780 bytes from primary IPFS CID=QmdMbyBpoGFK1mURYDVGnjQ4AkNoJfnaBed6stWNVYy8rq
2026-07-31T21:05:44.459+06:00  INFO 578387 --- [pangochain-backend] [io-8080-exec-11] c.pangochain.backend.ipfs.IpfsService    : Fetched 780 bytes from primary IPFS CID=QmdMbyBpoGFK1mURYDVGnjQ4AkNoJfnaBed6stWNVYy8rq
2026-07-31T21:05:44.477+06:00  INFO 578387 --- [pangochain-backend] [io-8080-exec-19] c.pangochain.backend.ipfs.IpfsService    : Fetched 780 bytes from primary IPFS CID=QmdMbyBpoGFK1mURYDVGnjQ4AkNoJfnaBed6stWNVYy8rq
2026-07-31T21:05:44.478+06:00  INFO 578387 --- [pangochain-backend] [io-8080-exec-15] c.pangochain.backend.ipfs.IpfsService    : Fetched 780 bytes from primary IPFS CID=QmdMbyBpoGFK1mURYDVGnjQ4AkNoJfnaBed6stWNVYy8rq
2026-07-31T21:05:44.480+06:00  INFO 578387 --- [pangochain-backend] [nio-8080-exec-9] c.pangochain.backend.ipfs.IpfsService    : Fetched 780 bytes from primary IPFS CID=QmdMbyBpoGFK1mURYDVGnjQ4AkNoJfnaBed6stWNVYy8rq
2026-07-31T21:05:44.482+06:00  INFO 578387 --- [pangochain-backend] [nio-8080-exec-6] c.pangochain.backend.ipfs.IpfsService    : Fetched 780 bytes from primary IPFS CID=QmdMbyBpoGFK1mURYDVGnjQ4AkNoJfnaBed6stWNVYy8rq
2026-07-31T21:05:44.487+06:00  INFO 578387 --- [pangochain-backend] [io-8080-exec-20] c.pangochain.backend.ipfs.IpfsService    : Fetched 780 bytes from primary IPFS CID=QmdMbyBpoGFK1mURYDVGnjQ4AkNoJfnaBed6stWNVYy8rq
2026-07-31T21:05:44.490+06:00  INFO 578387 --- [pangochain-backend] [nio-8080-exec-5] c.pangochain.backend.ipfs.IpfsService    : Fetched 780 bytes from primary IPFS CID=QmdMbyBpoGFK1mURYDVGnjQ4AkNoJfnaBed6stWNVYy8rq
2026-07-31T21:05:44.491+06:00  INFO 578387 --- [pangochain-backend] [nio-8080-exec-4] c.pangochain.backend.ipfs.IpfsService    : Fetched 780 bytes from primary IPFS CID=QmdMbyBpoGFK1mURYDVGnjQ4AkNoJfnaBed6stWNVYy8rq
2026-07-31T21:05:44.493+06:00  INFO 578387 --- [pangochain-backend] [io-8080-exec-10] c.pangochain.backend.ipfs.IpfsService    : Fetched 780 bytes from primary IPFS CID=QmdMbyBpoGFK1mURYDVGnjQ4AkNoJfnaBed6stWNVYy8rq
2026-07-31T21:05:44.517+06:00  INFO 578387 --- [pangochain-backend] [io-8080-exec-18] c.pangochain.backend.ipfs.IpfsService    : Fetched 780 bytes from primary IPFS CID=QmdMbyBpoGFK1mURYDVGnjQ4AkNoJfnaBed6stWNVYy8rq
2026-07-31T21:05:44.531+06:00  INFO 578387 --- [pangochain-backend] [io-8080-exec-11] c.pangochain.backend.ipfs.IpfsService    : Fetched 780 bytes from primary IPFS CID=QmdMbyBpoGFK1mURYDVGnjQ4AkNoJfnaBed6stWNVYy8rq
2026-07-31T21:05:44.546+06:00  INFO 578387 --- [pangochain-backend] [io-8080-exec-17] c.pangochain.backend.ipfs.IpfsService    : Fetched 780 bytes from primary IPFS CID=QmdMbyBpoGFK1mURYDVGnjQ4AkNoJfnaBed6stWNVYy8rq
2026-07-31T21:05:44.552+06:00  INFO 578387 --- [pangochain-backend] [nio-8080-exec-8] c.pangochain.backend.ipfs.IpfsService    : Fetched 780 bytes from primary IPFS CID=QmdMbyBpoGFK1mURYDVGnjQ4AkNoJfnaBed6stWNVYy8rq
2026-07-31T21:05:44.552+06:00  INFO 578387 --- [pangochain-backend] [io-8080-exec-14] c.pangochain.backend.ipfs.IpfsService    : Fetched 780 bytes from primary IPFS CID=QmdMbyBpoGFK1mURYDVGnjQ4AkNoJfnaBed6stWNVYy8rq
2026-07-31T21:05:44.557+06:00  INFO 578387 --- [pangochain-backend] [nio-8080-exec-3] c.pangochain.backend.ipfs.IpfsService    : Fetched 780 bytes from primary IPFS CID=QmdMbyBpoGFK1mURYDVGnjQ4AkNoJfnaBed6stWNVYy8rq
2026-07-31T21:05:44.559+06:00  INFO 578387 --- [pangochain-backend] [nio-8080-exec-7] c.pangochain.backend.ipfs.IpfsService    : Fetched 780 bytes from primary IPFS CID=QmdMbyBpoGFK1mURYDVGnjQ4AkNoJfnaBed6stWNVYy8rq
2026-07-31T21:05:44.559+06:00  INFO 578387 --- [pangochain-backend] [nio-8080-exec-9] c.pangochain.backend.ipfs.IpfsService    : Fetched 780 bytes from primary IPFS CID=QmdMbyBpoGFK1mURYDVGnjQ4AkNoJfnaBed6stWNVYy8rq
2026-07-31T21:05:44.568+06:00  INFO 578387 --- [pangochain-backend] [io-8080-exec-10] c.pangochain.backend.ipfs.IpfsService    : Fetched 780 bytes from primary IPFS CID=QmdMbyBpoGFK1mURYDVGnjQ4AkNoJfnaBed6stWNVYy8rq
2026-07-31T21:05:44.569+06:00  INFO 578387 --- [pangochain-backend] [io-8080-exec-13] c.pangochain.backend.ipfs.IpfsService    : Fetched 780 bytes from primary IPFS CID=QmdMbyBpoGFK1mURYDVGnjQ4AkNoJfnaBed6stWNVYy8rq
2026-07-31T21:05:44.582+06:00  INFO 578387 --- [pangochain-backend] [io-8080-exec-18] c.pangochain.backend.ipfs.IpfsService    : Fetched 780 bytes from primary IPFS CID=QmdMbyBpoGFK1mURYDVGnjQ4AkNoJfnaBed6stWNVYy8rq
2026-07-31T21:05:44.599+06:00  INFO 578387 --- [pangochain-backend] [io-8080-exec-11] c.pangochain.backend.ipfs.IpfsService    : Fetched 780 bytes from primary IPFS CID=QmdMbyBpoGFK1mURYDVGnjQ4AkNoJfnaBed6stWNVYy8rq
2026-07-31T21:05:44.621+06:00  INFO 578387 --- [pangochain-backend] [nio-8080-exec-1] c.pangochain.backend.ipfs.IpfsService    : Fetched 780 bytes from primary IPFS CID=QmdMbyBpoGFK1mURYDVGnjQ4AkNoJfnaBed6stWNVYy8rq
2026-07-31T21:05:44.622+06:00  INFO 578387 --- [pangochain-backend] [nio-8080-exec-2] c.pangochain.backend.ipfs.IpfsService    : Fetched 780 bytes from primary IPFS CID=QmdMbyBpoGFK1mURYDVGnjQ4AkNoJfnaBed6stWNVYy8rq
2026-07-31T21:05:44.625+06:00  INFO 578387 --- [pangochain-backend] [io-8080-exec-19] c.pangochain.backend.ipfs.IpfsService    : Fetched 780 bytes from primary IPFS CID=QmdMbyBpoGFK1mURYDVGnjQ4AkNoJfnaBed6stWNVYy8rq
2026-07-31T21:05:44.630+06:00  INFO 578387 --- [pangochain-backend] [io-8080-exec-12] c.pangochain.backend.ipfs.IpfsService    : Fetched 780 bytes from primary IPFS CID=QmdMbyBpoGFK1mURYDVGnjQ4AkNoJfnaBed6stWNVYy8rq
2026-07-31T21:05:44.636+06:00  INFO 578387 --- [pangochain-backend] [nio-8080-exec-8] c.pangochain.backend.ipfs.IpfsService    : Fetched 780 bytes from primary IPFS CID=QmdMbyBpoGFK1mURYDVGnjQ4AkNoJfnaBed6stWNVYy8rq
2026-07-31T21:05:44.643+06:00  INFO 578387 --- [pangochain-backend] [io-8080-exec-16] c.pangochain.backend.ipfs.IpfsService    : Fetched 780 bytes from primary IPFS CID=QmdMbyBpoGFK1mURYDVGnjQ4AkNoJfnaBed6stWNVYy8rq
2026-07-31T21:05:44.649+06:00  INFO 578387 --- [pangochain-backend] [io-8080-exec-15] c.pangochain.backend.ipfs.IpfsService    : Fetched 780 bytes from primary IPFS CID=QmdMbyBpoGFK1mURYDVGnjQ4AkNoJfnaBed6stWNVYy8rq
2026-07-31T21:05:44.651+06:00  INFO 578387 --- [pangochain-backend] [nio-8080-exec-6] c.pangochain.backend.ipfs.IpfsService    : Fetched 780 bytes from primary IPFS CID=QmdMbyBpoGFK1mURYDVGnjQ4AkNoJfnaBed6stWNVYy8rq
2026-07-31T21:05:44.654+06:00  INFO 578387 --- [pangochain-backend] [io-8080-exec-18] c.pangochain.backend.ipfs.IpfsService    : Fetched 780 bytes from primary IPFS CID=QmdMbyBpoGFK1mURYDVGnjQ4AkNoJfnaBed6stWNVYy8rq
2026-07-31T21:05:44.678+06:00  INFO 578387 --- [pangochain-backend] [io-8080-exec-11] c.pangochain.backend.ipfs.IpfsService    : Fetched 780 bytes from primary IPFS CID=QmdMbyBpoGFK1mURYDVGnjQ4AkNoJfnaBed6stWNVYy8rq
2026-07-31T21:05:44.689+06:00  INFO 578387 --- [pangochain-backend] [io-8080-exec-20] c.pangochain.backend.ipfs.IpfsService    : Fetched 780 bytes from primary IPFS CID=QmdMbyBpoGFK1mURYDVGnjQ4AkNoJfnaBed6stWNVYy8rq
2026-07-31T21:05:44.697+06:00  INFO 578387 --- [pangochain-backend] [nio-8080-exec-4] c.pangochain.backend.ipfs.IpfsService    : Fetched 780 bytes from primary IPFS CID=QmdMbyBpoGFK1mURYDVGnjQ4AkNoJfnaBed6stWNVYy8rq
2026-07-31T21:05:44.699+06:00  INFO 578387 --- [pangochain-backend] [nio-8080-exec-5] c.pangochain.backend.ipfs.IpfsService    : Fetched 780 bytes from primary IPFS CID=QmdMbyBpoGFK1mURYDVGnjQ4AkNoJfnaBed6stWNVYy8rq
2026-07-31T21:05:44.703+06:00  INFO 578387 --- [pangochain-backend] [io-8080-exec-12] c.pangochain.backend.ipfs.IpfsService    : Fetched 780 bytes from primary IPFS CID=QmdMbyBpoGFK1mURYDVGnjQ4AkNoJfnaBed6stWNVYy8rq
2026-07-31T21:05:44.723+06:00  INFO 578387 --- [pangochain-backend] [io-8080-exec-17] c.pangochain.backend.ipfs.IpfsService    : Fetched 780 bytes from primary IPFS CID=QmdMbyBpoGFK1mURYDVGnjQ4AkNoJfnaBed6stWNVYy8rq
2026-07-31T21:05:44.727+06:00  INFO 578387 --- [pangochain-backend] [nio-8080-exec-3] c.pangochain.backend.ipfs.IpfsService    : Fetched 780 bytes from primary IPFS CID=QmdMbyBpoGFK1mURYDVGnjQ4AkNoJfnaBed6stWNVYy8rq
2026-07-31T21:05:44.729+06:00  INFO 578387 --- [pangochain-backend] [nio-8080-exec-9] c.pangochain.backend.ipfs.IpfsService    : Fetched 780 bytes from primary IPFS CID=QmdMbyBpoGFK1mURYDVGnjQ4AkNoJfnaBed6stWNVYy8rq
2026-07-31T21:05:44.734+06:00  INFO 578387 --- [pangochain-backend] [io-8080-exec-14] c.pangochain.backend.ipfs.IpfsService    : Fetched 780 bytes from primary IPFS CID=QmdMbyBpoGFK1mURYDVGnjQ4AkNoJfnaBed6stWNVYy8rq
2026-07-31T21:05:44.739+06:00  INFO 578387 --- [pangochain-backend] [nio-8080-exec-7] c.pangochain.backend.ipfs.IpfsService    : Fetched 780 bytes from primary IPFS CID=QmdMbyBpoGFK1mURYDVGnjQ4AkNoJfnaBed6stWNVYy8rq
2026-07-31T21:05:44.750+06:00  INFO 578387 --- [pangochain-backend] [io-8080-exec-13] c.pangochain.backend.ipfs.IpfsService    : Fetched 780 bytes from primary IPFS CID=QmdMbyBpoGFK1mURYDVGnjQ4AkNoJfnaBed6stWNVYy8rq
2026-07-31T21:05:44.767+06:00  INFO 578387 --- [pangochain-backend] [io-8080-exec-10] c.pangochain.backend.ipfs.IpfsService    : Fetched 780 bytes from primary IPFS CID=QmdMbyBpoGFK1mURYDVGnjQ4AkNoJfnaBed6stWNVYy8rq
2026-07-31T21:05:44.778+06:00  INFO 578387 --- [pangochain-backend] [nio-8080-exec-4] c.pangochain.backend.ipfs.IpfsService    : Fetched 780 bytes from primary IPFS CID=QmdMbyBpoGFK1mURYDVGnjQ4AkNoJfnaBed6stWNVYy8rq
2026-07-31T21:05:44.788+06:00  INFO 578387 --- [pangochain-backend] [io-8080-exec-19] c.pangochain.backend.ipfs.IpfsService    : Fetched 780 bytes from primary IPFS CID=QmdMbyBpoGFK1mURYDVGnjQ4AkNoJfnaBed6stWNVYy8rq
2026-07-31T21:05:44.789+06:00  INFO 578387 --- [pangochain-backend] [nio-8080-exec-1] c.pangochain.backend.ipfs.IpfsService    : Fetched 780 bytes from primary IPFS CID=QmdMbyBpoGFK1mURYDVGnjQ4AkNoJfnaBed6stWNVYy8rq
2026-07-31T21:05:44.807+06:00  INFO 578387 --- [pangochain-backend] [nio-8080-exec-6] c.pangochain.backend.ipfs.IpfsService    : Fetched 780 bytes from primary IPFS CID=QmdMbyBpoGFK1mURYDVGnjQ4AkNoJfnaBed6stWNVYy8rq
2026-07-31T21:05:44.811+06:00  INFO 578387 --- [pangochain-backend] [nio-8080-exec-8] c.pangochain.backend.ipfs.IpfsService    : Fetched 780 bytes from primary IPFS CID=QmdMbyBpoGFK1mURYDVGnjQ4AkNoJfnaBed6stWNVYy8rq
2026-07-31T21:05:44.811+06:00  INFO 578387 --- [pangochain-backend] [nio-8080-exec-2] c.pangochain.backend.ipfs.IpfsService    : Fetched 780 bytes from primary IPFS CID=QmdMbyBpoGFK1mURYDVGnjQ4AkNoJfnaBed6stWNVYy8rq
2026-07-31T21:05:44.814+06:00  INFO 578387 --- [pangochain-backend] [io-8080-exec-15] c.pangochain.backend.ipfs.IpfsService    : Fetched 780 bytes from primary IPFS CID=QmdMbyBpoGFK1mURYDVGnjQ4AkNoJfnaBed6stWNVYy8rq
2026-07-31T21:05:44.814+06:00  INFO 578387 --- [pangochain-backend] [io-8080-exec-16] c.pangochain.backend.ipfs.IpfsService    : Fetched 780 bytes from primary IPFS CID=QmdMbyBpoGFK1mURYDVGnjQ4AkNoJfnaBed6stWNVYy8rq
2026-07-31T21:05:44.846+06:00  INFO 578387 --- [pangochain-backend] [io-8080-exec-18] c.pangochain.backend.ipfs.IpfsService    : Fetched 780 bytes from primary IPFS CID=QmdMbyBpoGFK1mURYDVGnjQ4AkNoJfnaBed6stWNVYy8rq
2026-07-31T21:05:44.854+06:00  INFO 578387 --- [pangochain-backend] [io-8080-exec-20] c.pangochain.backend.ipfs.IpfsService    : Fetched 780 bytes from primary IPFS CID=QmdMbyBpoGFK1mURYDVGnjQ4AkNoJfnaBed6stWNVYy8rq
2026-07-31T21:05:44.859+06:00  INFO 578387 --- [pangochain-backend] [io-8080-exec-11] c.pangochain.backend.ipfs.IpfsService    : Fetched 780 bytes from primary IPFS CID=QmdMbyBpoGFK1mURYDVGnjQ4AkNoJfnaBed6stWNVYy8rq
2026-07-31T21:05:44.861+06:00  INFO 578387 --- [pangochain-backend] [nio-8080-exec-5] c.pangochain.backend.ipfs.IpfsService    : Fetched 780 bytes from primary IPFS CID=QmdMbyBpoGFK1mURYDVGnjQ4AkNoJfnaBed6stWNVYy8rq
2026-07-31T21:05:44.886+06:00  INFO 578387 --- [pangochain-backend] [nio-8080-exec-1] c.pangochain.backend.ipfs.IpfsService    : Fetched 780 bytes from primary IPFS CID=QmdMbyBpoGFK1mURYDVGnjQ4AkNoJfnaBed6stWNVYy8rq
2026-07-31T21:05:44.889+06:00  INFO 578387 --- [pangochain-backend] [nio-8080-exec-9] c.pangochain.backend.ipfs.IpfsService    : Fetched 780 bytes from primary IPFS CID=QmdMbyBpoGFK1mURYDVGnjQ4AkNoJfnaBed6stWNVYy8rq
2026-07-31T21:05:44.891+06:00  INFO 578387 --- [pangochain-backend] [io-8080-exec-12] c.pangochain.backend.ipfs.IpfsService    : Fetched 780 bytes from primary IPFS CID=QmdMbyBpoGFK1mURYDVGnjQ4AkNoJfnaBed6stWNVYy8rq
2026-07-31T21:05:44.894+06:00  INFO 578387 --- [pangochain-backend] [io-8080-exec-17] c.pangochain.backend.ipfs.IpfsService    : Fetched 780 bytes from primary IPFS CID=QmdMbyBpoGFK1mURYDVGnjQ4AkNoJfnaBed6stWNVYy8rq
2026-07-31T21:05:44.899+06:00  INFO 578387 --- [pangochain-backend] [nio-8080-exec-3] c.pangochain.backend.ipfs.IpfsService    : Fetched 780 bytes from primary IPFS CID=QmdMbyBpoGFK1mURYDVGnjQ4AkNoJfnaBed6stWNVYy8rq
2026-07-31T21:05:44.899+06:00  INFO 578387 --- [pangochain-backend] [io-8080-exec-14] c.pangochain.backend.ipfs.IpfsService    : Fetched 780 bytes from primary IPFS CID=QmdMbyBpoGFK1mURYDVGnjQ4AkNoJfnaBed6stWNVYy8rq
2026-07-31T21:05:44.904+06:00  INFO 578387 --- [pangochain-backend] [nio-8080-exec-7] c.pangochain.backend.ipfs.IpfsService    : Fetched 780 bytes from primary IPFS CID=QmdMbyBpoGFK1mURYDVGnjQ4AkNoJfnaBed6stWNVYy8rq
2026-07-31T21:05:44.904+06:00  INFO 578387 --- [pangochain-backend] [io-8080-exec-13] c.pangochain.backend.ipfs.IpfsService    : Fetched 780 bytes from primary IPFS CID=QmdMbyBpoGFK1mURYDVGnjQ4AkNoJfnaBed6stWNVYy8rq
2026-07-31T21:05:44.905+06:00  INFO 578387 --- [pangochain-backend] [io-8080-exec-20] c.pangochain.backend.ipfs.IpfsService    : Fetched 780 bytes from primary IPFS CID=QmdMbyBpoGFK1mURYDVGnjQ4AkNoJfnaBed6stWNVYy8rq
2026-07-31T21:05:44.905+06:00  INFO 578387 --- [pangochain-backend] [io-8080-exec-10] c.pangochain.backend.ipfs.IpfsService    : Fetched 780 bytes from primary IPFS CID=QmdMbyBpoGFK1mURYDVGnjQ4AkNoJfnaBed6stWNVYy8rq
2026-07-31T21:05:44.907+06:00  INFO 578387 --- [pangochain-backend] [nio-8080-exec-6] c.pangochain.backend.ipfs.IpfsService    : Fetched 780 bytes from primary IPFS CID=QmdMbyBpoGFK1mURYDVGnjQ4AkNoJfnaBed6stWNVYy8rq
2026-07-31T21:05:44.907+06:00  INFO 578387 --- [pangochain-backend] [nio-8080-exec-4] c.pangochain.backend.ipfs.IpfsService    : Fetched 780 bytes from primary IPFS CID=QmdMbyBpoGFK1mURYDVGnjQ4AkNoJfnaBed6stWNVYy8rq
2026-07-31T21:05:44.907+06:00  INFO 578387 --- [pangochain-backend] [io-8080-exec-19] c.pangochain.backend.ipfs.IpfsService    : Fetched 780 bytes from primary IPFS CID=QmdMbyBpoGFK1mURYDVGnjQ4AkNoJfnaBed6stWNVYy8rq
2026-07-31T21:05:44.910+06:00  INFO 578387 --- [pangochain-backend] [nio-8080-exec-1] c.pangochain.backend.ipfs.IpfsService    : Fetched 780 bytes from primary IPFS CID=QmdMbyBpoGFK1mURYDVGnjQ4AkNoJfnaBed6stWNVYy8rq
2026-07-31T21:05:44.910+06:00  INFO 578387 --- [pangochain-backend] [nio-8080-exec-8] c.pangochain.backend.ipfs.IpfsService    : Fetched 780 bytes from primary IPFS CID=QmdMbyBpoGFK1mURYDVGnjQ4AkNoJfnaBed6stWNVYy8rq
2026-07-31T21:05:44.914+06:00  INFO 578387 --- [pangochain-backend] [io-8080-exec-15] c.pangochain.backend.ipfs.IpfsService    : Fetched 780 bytes from primary IPFS CID=QmdMbyBpoGFK1mURYDVGnjQ4AkNoJfnaBed6stWNVYy8rq
2026-07-31T21:05:44.914+06:00  INFO 578387 --- [pangochain-backend] [io-8080-exec-13] c.pangochain.backend.ipfs.IpfsService    : Fetched 780 bytes from primary IPFS CID=QmdMbyBpoGFK1mURYDVGnjQ4AkNoJfnaBed6stWNVYy8rq
2026-07-31T21:05:44.914+06:00  INFO 578387 --- [pangochain-backend] [io-8080-exec-16] c.pangochain.backend.ipfs.IpfsService    : Fetched 780 bytes from primary IPFS CID=QmdMbyBpoGFK1mURYDVGnjQ4AkNoJfnaBed6stWNVYy8rq
2026-07-31T21:05:44.914+06:00  INFO 578387 --- [pangochain-backend] [io-8080-exec-18] c.pangochain.backend.ipfs.IpfsService    : Fetched 780 bytes from primary IPFS CID=QmdMbyBpoGFK1mURYDVGnjQ4AkNoJfnaBed6stWNVYy8rq
2026-07-31T21:05:44.914+06:00  INFO 578387 --- [pangochain-backend] [io-8080-exec-11] c.pangochain.backend.ipfs.IpfsService    : Fetched 780 bytes from primary IPFS CID=QmdMbyBpoGFK1mURYDVGnjQ4AkNoJfnaBed6stWNVYy8rq
2026-07-31T21:05:44.918+06:00  INFO 578387 --- [pangochain-backend] [nio-8080-exec-9] c.pangochain.backend.ipfs.IpfsService    : Fetched 780 bytes from primary IPFS CID=QmdMbyBpoGFK1mURYDVGnjQ4AkNoJfnaBed6stWNVYy8rq
2026-07-31T21:05:44.918+06:00  INFO 578387 --- [pangochain-backend] [nio-8080-exec-5] c.pangochain.backend.ipfs.IpfsService    : Fetched 780 bytes from primary IPFS CID=QmdMbyBpoGFK1mURYDVGnjQ4AkNoJfnaBed6stWNVYy8rq
2026-07-31T21:05:44.922+06:00  INFO 578387 --- [pangochain-backend] [io-8080-exec-12] c.pangochain.backend.ipfs.IpfsService    : Fetched 780 bytes from primary IPFS CID=QmdMbyBpoGFK1mURYDVGnjQ4AkNoJfnaBed6stWNVYy8rq
2026-07-31T21:05:44.923+06:00  INFO 578387 --- [pangochain-backend] [io-8080-exec-14] c.pangochain.backend.ipfs.IpfsService    : Fetched 780 bytes from primary IPFS CID=QmdMbyBpoGFK1mURYDVGnjQ4AkNoJfnaBed6stWNVYy8rq
2026-07-31T21:05:44.924+06:00  INFO 578387 --- [pangochain-backend] [nio-8080-exec-3] c.pangochain.backend.ipfs.IpfsService    : Fetched 780 bytes from primary IPFS CID=QmdMbyBpoGFK1mURYDVGnjQ4AkNoJfnaBed6stWNVYy8rq
2026-07-31T21:05:44.926+06:00  INFO 578387 --- [pangochain-backend] [io-8080-exec-17] c.pangochain.backend.ipfs.IpfsService    : Fetched 780 bytes from primary IPFS CID=QmdMbyBpoGFK1mURYDVGnjQ4AkNoJfnaBed6stWNVYy8rq
2026-07-31T21:05:44.927+06:00  INFO 578387 --- [pangochain-backend] [nio-8080-exec-7] c.pangochain.backend.ipfs.IpfsService    : Fetched 780 bytes from primary IPFS CID=QmdMbyBpoGFK1mURYDVGnjQ4AkNoJfnaBed6stWNVYy8rq
2026-07-31T21:05:44.928+06:00  INFO 578387 --- [pangochain-backend] [io-8080-exec-10] c.pangochain.backend.ipfs.IpfsService    : Fetched 780 bytes from primary IPFS CID=QmdMbyBpoGFK1mURYDVGnjQ4AkNoJfnaBed6stWNVYy8rq
2026-07-31T21:05:44.930+06:00  INFO 578387 --- [pangochain-backend] [nio-8080-exec-6] c.pangochain.backend.ipfs.IpfsService    : Fetched 780 bytes from primary IPFS CID=QmdMbyBpoGFK1mURYDVGnjQ4AkNoJfnaBed6stWNVYy8rq
2026-07-31T21:05:44.931+06:00  INFO 578387 --- [pangochain-backend] [nio-8080-exec-4] c.pangochain.backend.ipfs.IpfsService    : Fetched 780 bytes from primary IPFS CID=QmdMbyBpoGFK1mURYDVGnjQ4AkNoJfnaBed6stWNVYy8rq
2026-07-31T21:05:44.931+06:00  INFO 578387 --- [pangochain-backend] [nio-8080-exec-3] c.pangochain.backend.ipfs.IpfsService    : Fetched 780 bytes from primary IPFS CID=QmdMbyBpoGFK1mURYDVGnjQ4AkNoJfnaBed6stWNVYy8rq
2026-07-31T21:05:44.931+06:00  INFO 578387 --- [pangochain-backend] [nio-8080-exec-2] c.pangochain.backend.ipfs.IpfsService    : Fetched 780 bytes from primary IPFS CID=QmdMbyBpoGFK1mURYDVGnjQ4AkNoJfnaBed6stWNVYy8rq
2026-07-31T21:05:44.932+06:00  INFO 578387 --- [pangochain-backend] [io-8080-exec-20] c.pangochain.backend.ipfs.IpfsService    : Fetched 780 bytes from primary IPFS CID=QmdMbyBpoGFK1mURYDVGnjQ4AkNoJfnaBed6stWNVYy8rq
2026-07-31T21:05:44.936+06:00  INFO 578387 --- [pangochain-backend] [nio-8080-exec-8] c.pangochain.backend.ipfs.IpfsService    : Fetched 780 bytes from primary IPFS CID=QmdMbyBpoGFK1mURYDVGnjQ4AkNoJfnaBed6stWNVYy8rq
2026-07-31T21:05:44.938+06:00  INFO 578387 --- [pangochain-backend] [nio-8080-exec-1] c.pangochain.backend.ipfs.IpfsService    : Fetched 780 bytes from primary IPFS CID=QmdMbyBpoGFK1mURYDVGnjQ4AkNoJfnaBed6stWNVYy8rq
2026-07-31T21:05:44.942+06:00  INFO 578387 --- [pangochain-backend] [io-8080-exec-15] c.pangochain.backend.ipfs.IpfsService    : Fetched 780 bytes from primary IPFS CID=QmdMbyBpoGFK1mURYDVGnjQ4AkNoJfnaBed6stWNVYy8rq
2026-07-31T21:05:44.943+06:00  INFO 578387 --- [pangochain-backend] [io-8080-exec-18] c.pangochain.backend.ipfs.IpfsService    : Fetched 780 bytes from primary IPFS CID=QmdMbyBpoGFK1mURYDVGnjQ4AkNoJfnaBed6stWNVYy8rq
2026-07-31T21:05:44.943+06:00  INFO 578387 --- [pangochain-backend] [io-8080-exec-11] c.pangochain.backend.ipfs.IpfsService    : Fetched 780 bytes from primary IPFS CID=QmdMbyBpoGFK1mURYDVGnjQ4AkNoJfnaBed6stWNVYy8rq
2026-07-31T21:05:44.943+06:00  INFO 578387 --- [pangochain-backend] [nio-8080-exec-7] c.pangochain.backend.ipfs.IpfsService    : Fetched 780 bytes from primary IPFS CID=QmdMbyBpoGFK1mURYDVGnjQ4AkNoJfnaBed6stWNVYy8rq
2026-07-31T21:05:44.943+06:00  INFO 578387 --- [pangochain-backend] [io-8080-exec-16] c.pangochain.backend.ipfs.IpfsService    : Fetched 780 bytes from primary IPFS CID=QmdMbyBpoGFK1mURYDVGnjQ4AkNoJfnaBed6stWNVYy8rq
2026-07-31T21:05:44.944+06:00  INFO 578387 --- [pangochain-backend] [nio-8080-exec-9] c.pangochain.backend.ipfs.IpfsService    : Fetched 780 bytes from primary IPFS CID=QmdMbyBpoGFK1mURYDVGnjQ4AkNoJfnaBed6stWNVYy8rq
2026-07-31T21:05:44.944+06:00  INFO 578387 --- [pangochain-backend] [io-8080-exec-13] c.pangochain.backend.ipfs.IpfsService    : Fetched 780 bytes from primary IPFS CID=QmdMbyBpoGFK1mURYDVGnjQ4AkNoJfnaBed6stWNVYy8rq
2026-07-31T21:05:44.953+06:00  INFO 578387 --- [pangochain-backend] [nio-8080-exec-3] c.pangochain.backend.ipfs.IpfsService    : Fetched 780 bytes from primary IPFS CID=QmdMbyBpoGFK1mURYDVGnjQ4AkNoJfnaBed6stWNVYy8rq
2026-07-31T21:05:44.953+06:00  INFO 578387 --- [pangochain-backend] [io-8080-exec-15] c.pangochain.backend.ipfs.IpfsService    : Fetched 780 bytes from primary IPFS CID=QmdMbyBpoGFK1mURYDVGnjQ4AkNoJfnaBed6stWNVYy8rq
2026-07-31T21:05:44.954+06:00  INFO 578387 --- [pangochain-backend] [io-8080-exec-14] c.pangochain.backend.ipfs.IpfsService    : Fetched 780 bytes from primary IPFS CID=QmdMbyBpoGFK1mURYDVGnjQ4AkNoJfnaBed6stWNVYy8rq
2026-07-31T21:05:44.955+06:00  INFO 578387 --- [pangochain-backend] [io-8080-exec-16] c.pangochain.backend.ipfs.IpfsService    : Fetched 780 bytes from primary IPFS CID=QmdMbyBpoGFK1mURYDVGnjQ4AkNoJfnaBed6stWNVYy8rq
2026-07-31T21:05:44.955+06:00  INFO 578387 --- [pangochain-backend] [io-8080-exec-10] c.pangochain.backend.ipfs.IpfsService    : Fetched 780 bytes from primary IPFS CID=QmdMbyBpoGFK1mURYDVGnjQ4AkNoJfnaBed6stWNVYy8rq
2026-07-31T21:05:44.956+06:00  INFO 578387 --- [pangochain-backend] [io-8080-exec-17] c.pangochain.backend.ipfs.IpfsService    : Fetched 780 bytes from primary IPFS CID=QmdMbyBpoGFK1mURYDVGnjQ4AkNoJfnaBed6stWNVYy8rq
2026-07-31T21:05:44.956+06:00  INFO 578387 --- [pangochain-backend] [io-8080-exec-12] c.pangochain.backend.ipfs.IpfsService    : Fetched 780 bytes from primary IPFS CID=QmdMbyBpoGFK1mURYDVGnjQ4AkNoJfnaBed6stWNVYy8rq
2026-07-31T21:05:44.956+06:00  INFO 578387 --- [pangochain-backend] [nio-8080-exec-9] c.pangochain.backend.ipfs.IpfsService    : Fetched 780 bytes from primary IPFS CID=QmdMbyBpoGFK1mURYDVGnjQ4AkNoJfnaBed6stWNVYy8rq
2026-07-31T21:05:44.957+06:00  INFO 578387 --- [pangochain-backend] [nio-8080-exec-5] c.pangochain.backend.ipfs.IpfsService    : Fetched 780 bytes from primary IPFS CID=QmdMbyBpoGFK1mURYDVGnjQ4AkNoJfnaBed6stWNVYy8rq
2026-07-31T21:05:44.958+06:00  INFO 578387 --- [pangochain-backend] [nio-8080-exec-4] c.pangochain.backend.ipfs.IpfsService    : Fetched 780 bytes from primary IPFS CID=QmdMbyBpoGFK1mURYDVGnjQ4AkNoJfnaBed6stWNVYy8rq
2026-07-31T21:05:44.965+06:00  INFO 578387 --- [pangochain-backend] [nio-8080-exec-7] c.pangochain.backend.ipfs.IpfsService    : Fetched 780 bytes from primary IPFS CID=QmdMbyBpoGFK1mURYDVGnjQ4AkNoJfnaBed6stWNVYy8rq
2026-07-31T21:05:44.966+06:00  INFO 578387 --- [pangochain-backend] [nio-8080-exec-5] c.pangochain.backend.ipfs.IpfsService    : Fetched 780 bytes from primary IPFS CID=QmdMbyBpoGFK1mURYDVGnjQ4AkNoJfnaBed6stWNVYy8rq
2026-07-31T21:05:44.966+06:00  INFO 578387 --- [pangochain-backend] [nio-8080-exec-8] c.pangochain.backend.ipfs.IpfsService    : Fetched 780 bytes from primary IPFS CID=QmdMbyBpoGFK1mURYDVGnjQ4AkNoJfnaBed6stWNVYy8rq
2026-07-31T21:05:44.967+06:00  INFO 578387 --- [pangochain-backend] [io-8080-exec-10] c.pangochain.backend.ipfs.IpfsService    : Fetched 780 bytes from primary IPFS CID=QmdMbyBpoGFK1mURYDVGnjQ4AkNoJfnaBed6stWNVYy8rq
2026-07-31T21:05:44.974+06:00  INFO 578387 --- [pangochain-backend] [io-8080-exec-20] c.pangochain.backend.ipfs.IpfsService    : Fetched 780 bytes from primary IPFS CID=QmdMbyBpoGFK1mURYDVGnjQ4AkNoJfnaBed6stWNVYy8rq
2026-07-31T21:05:44.974+06:00  INFO 578387 --- [pangochain-backend] [io-8080-exec-15] c.pangochain.backend.ipfs.IpfsService    : Fetched 780 bytes from primary IPFS CID=QmdMbyBpoGFK1mURYDVGnjQ4AkNoJfnaBed6stWNVYy8rq
2026-07-31T21:05:44.973+06:00  INFO 578387 --- [pangochain-backend] [io-8080-exec-18] c.pangochain.backend.ipfs.IpfsService    : Fetched 780 bytes from primary IPFS CID=QmdMbyBpoGFK1mURYDVGnjQ4AkNoJfnaBed6stWNVYy8rq
2026-07-31T21:05:44.974+06:00  INFO 578387 --- [pangochain-backend] [nio-8080-exec-4] c.pangochain.backend.ipfs.IpfsService    : Fetched 780 bytes from primary IPFS CID=QmdMbyBpoGFK1mURYDVGnjQ4AkNoJfnaBed6stWNVYy8rq
2026-07-31T21:05:44.974+06:00  INFO 578387 --- [pangochain-backend] [nio-8080-exec-1] c.pangochain.backend.ipfs.IpfsService    : Fetched 780 bytes from primary IPFS CID=QmdMbyBpoGFK1mURYDVGnjQ4AkNoJfnaBed6stWNVYy8rq
2026-07-31T21:05:44.974+06:00  INFO 578387 --- [pangochain-backend] [nio-8080-exec-2] c.pangochain.backend.ipfs.IpfsService    : Fetched 780 bytes from primary IPFS CID=QmdMbyBpoGFK1mURYDVGnjQ4AkNoJfnaBed6stWNVYy8rq
2026-07-31T21:05:44.979+06:00  INFO 578387 --- [pangochain-backend] [io-8080-exec-11] c.pangochain.backend.ipfs.IpfsService    : Fetched 780 bytes from primary IPFS CID=QmdMbyBpoGFK1mURYDVGnjQ4AkNoJfnaBed6stWNVYy8rq
2026-07-31T21:05:44.979+06:00  INFO 578387 --- [pangochain-backend] [nio-8080-exec-6] c.pangochain.backend.ipfs.IpfsService    : Fetched 780 bytes from primary IPFS CID=QmdMbyBpoGFK1mURYDVGnjQ4AkNoJfnaBed6stWNVYy8rq
2026-07-31T21:05:44.982+06:00  INFO 578387 --- [pangochain-backend] [io-8080-exec-19] c.pangochain.backend.ipfs.IpfsService    : Fetched 780 bytes from primary IPFS CID=QmdMbyBpoGFK1mURYDVGnjQ4AkNoJfnaBed6stWNVYy8rq
2026-07-31T21:05:44.983+06:00  INFO 578387 --- [pangochain-backend] [io-8080-exec-13] c.pangochain.backend.ipfs.IpfsService    : Fetched 780 bytes from primary IPFS CID=QmdMbyBpoGFK1mURYDVGnjQ4AkNoJfnaBed6stWNVYy8rq
2026-07-31T21:05:44.986+06:00  INFO 578387 --- [pangochain-backend] [io-8080-exec-14] c.pangochain.backend.ipfs.IpfsService    : Fetched 780 bytes from primary IPFS CID=QmdMbyBpoGFK1mURYDVGnjQ4AkNoJfnaBed6stWNVYy8rq
2026-07-31T21:05:44.987+06:00  INFO 578387 --- [pangochain-backend] [io-8080-exec-16] c.pangochain.backend.ipfs.IpfsService    : Fetched 780 bytes from primary IPFS CID=QmdMbyBpoGFK1mURYDVGnjQ4AkNoJfnaBed6stWNVYy8rq
2026-07-31T21:05:44.987+06:00  INFO 578387 --- [pangochain-backend] [nio-8080-exec-3] c.pangochain.backend.ipfs.IpfsService    : Fetched 780 bytes from primary IPFS CID=QmdMbyBpoGFK1mURYDVGnjQ4AkNoJfnaBed6stWNVYy8rq
2026-07-31T21:05:44.988+06:00  INFO 578387 --- [pangochain-backend] [io-8080-exec-17] c.pangochain.backend.ipfs.IpfsService    : Fetched 780 bytes from primary IPFS CID=QmdMbyBpoGFK1mURYDVGnjQ4AkNoJfnaBed6stWNVYy8rq
2026-07-31T21:05:44.991+06:00  INFO 578387 --- [pangochain-backend] [io-8080-exec-12] c.pangochain.backend.ipfs.IpfsService    : Fetched 780 bytes from primary IPFS CID=QmdMbyBpoGFK1mURYDVGnjQ4AkNoJfnaBed6stWNVYy8rq
2026-07-31T21:05:44.996+06:00  INFO 578387 --- [pangochain-backend] [nio-8080-exec-9] c.pangochain.backend.ipfs.IpfsService    : Fetched 780 bytes from primary IPFS CID=QmdMbyBpoGFK1mURYDVGnjQ4AkNoJfnaBed6stWNVYy8rq
2026-07-31T21:05:45.003+06:00  INFO 578387 --- [pangochain-backend] [nio-8080-exec-7] c.pangochain.backend.ipfs.IpfsService    : Fetched 780 bytes from primary IPFS CID=QmdMbyBpoGFK1mURYDVGnjQ4AkNoJfnaBed6stWNVYy8rq
2026-07-31T21:05:45.003+06:00  INFO 578387 --- [pangochain-backend] [io-8080-exec-10] c.pangochain.backend.ipfs.IpfsService    : Fetched 780 bytes from primary IPFS CID=QmdMbyBpoGFK1mURYDVGnjQ4AkNoJfnaBed6stWNVYy8rq
2026-07-31T21:05:45.008+06:00  INFO 578387 --- [pangochain-backend] [io-8080-exec-18] c.pangochain.backend.ipfs.IpfsService    : Fetched 780 bytes from primary IPFS CID=QmdMbyBpoGFK1mURYDVGnjQ4AkNoJfnaBed6stWNVYy8rq
2026-07-31T21:05:45.008+06:00  INFO 578387 --- [pangochain-backend] [nio-8080-exec-4] c.pangochain.backend.ipfs.IpfsService    : Fetched 780 bytes from primary IPFS CID=QmdMbyBpoGFK1mURYDVGnjQ4AkNoJfnaBed6stWNVYy8rq
2026-07-31T21:05:45.008+06:00  INFO 578387 --- [pangochain-backend] [io-8080-exec-19] c.pangochain.backend.ipfs.IpfsService    : Fetched 780 bytes from primary IPFS CID=QmdMbyBpoGFK1mURYDVGnjQ4AkNoJfnaBed6stWNVYy8rq
2026-07-31T21:05:45.008+06:00  INFO 578387 --- [pangochain-backend] [nio-8080-exec-5] c.pangochain.backend.ipfs.IpfsService    : Fetched 780 bytes from primary IPFS CID=QmdMbyBpoGFK1mURYDVGnjQ4AkNoJfnaBed6stWNVYy8rq
2026-07-31T21:05:45.008+06:00  INFO 578387 --- [pangochain-backend] [io-8080-exec-17] c.pangochain.backend.ipfs.IpfsService    : Fetched 780 bytes from primary IPFS CID=QmdMbyBpoGFK1mURYDVGnjQ4AkNoJfnaBed6stWNVYy8rq
2026-07-31T21:05:45.010+06:00  INFO 578387 --- [pangochain-backend] [nio-8080-exec-1] c.pangochain.backend.ipfs.IpfsService    : Fetched 780 bytes from primary IPFS CID=QmdMbyBpoGFK1mURYDVGnjQ4AkNoJfnaBed6stWNVYy8rq
2026-07-31T21:05:45.016+06:00  INFO 578387 --- [pangochain-backend] [io-8080-exec-15] c.pangochain.backend.ipfs.IpfsService    : Fetched 780 bytes from primary IPFS CID=QmdMbyBpoGFK1mURYDVGnjQ4AkNoJfnaBed6stWNVYy8rq
2026-07-31T21:05:45.016+06:00  INFO 578387 --- [pangochain-backend] [nio-8080-exec-9] c.pangochain.backend.ipfs.IpfsService    : Fetched 780 bytes from primary IPFS CID=QmdMbyBpoGFK1mURYDVGnjQ4AkNoJfnaBed6stWNVYy8rq
2026-07-31T21:05:45.017+06:00  INFO 578387 --- [pangochain-backend] [nio-8080-exec-2] c.pangochain.backend.ipfs.IpfsService    : Fetched 780 bytes from primary IPFS CID=QmdMbyBpoGFK1mURYDVGnjQ4AkNoJfnaBed6stWNVYy8rq
2026-07-31T21:05:45.018+06:00  INFO 578387 --- [pangochain-backend] [io-8080-exec-20] c.pangochain.backend.ipfs.IpfsService    : Fetched 780 bytes from primary IPFS CID=QmdMbyBpoGFK1mURYDVGnjQ4AkNoJfnaBed6stWNVYy8rq
2026-07-31T21:05:45.044+06:00  INFO 578387 --- [pangochain-backend] [io-8080-exec-11] c.pangochain.backend.ipfs.IpfsService    : Fetched 780 bytes from primary IPFS CID=QmdMbyBpoGFK1mURYDVGnjQ4AkNoJfnaBed6stWNVYy8rq
2026-07-31T21:05:45.059+06:00  INFO 578387 --- [pangochain-backend] [nio-8080-exec-4] c.pangochain.backend.ipfs.IpfsService    : Fetched 780 bytes from primary IPFS CID=QmdMbyBpoGFK1mURYDVGnjQ4AkNoJfnaBed6stWNVYy8rq
2026-07-31T21:05:45.080+06:00  INFO 578387 --- [pangochain-backend] [nio-8080-exec-6] c.pangochain.backend.ipfs.IpfsService    : Fetched 780 bytes from primary IPFS CID=QmdMbyBpoGFK1mURYDVGnjQ4AkNoJfnaBed6stWNVYy8rq
2026-07-31T21:05:45.082+06:00  INFO 578387 --- [pangochain-backend] [nio-8080-exec-3] c.pangochain.backend.ipfs.IpfsService    : Fetched 780 bytes from primary IPFS CID=QmdMbyBpoGFK1mURYDVGnjQ4AkNoJfnaBed6stWNVYy8rq
2026-07-31T21:05:45.085+06:00  INFO 578387 --- [pangochain-backend] [io-8080-exec-13] c.pangochain.backend.ipfs.IpfsService    : Fetched 780 bytes from primary IPFS CID=QmdMbyBpoGFK1mURYDVGnjQ4AkNoJfnaBed6stWNVYy8rq
2026-07-31T21:05:45.092+06:00  INFO 578387 --- [pangochain-backend] [io-8080-exec-17] c.pangochain.backend.ipfs.IpfsService    : Fetched 780 bytes from primary IPFS CID=QmdMbyBpoGFK1mURYDVGnjQ4AkNoJfnaBed6stWNVYy8rq
2026-07-31T21:05:45.098+06:00  INFO 578387 --- [pangochain-backend] [nio-8080-exec-8] c.pangochain.backend.ipfs.IpfsService    : Fetched 780 bytes from primary IPFS CID=QmdMbyBpoGFK1mURYDVGnjQ4AkNoJfnaBed6stWNVYy8rq
2026-07-31T21:05:45.127+06:00  INFO 578387 --- [pangochain-backend] [io-8080-exec-14] c.pangochain.backend.ipfs.IpfsService    : Fetched 780 bytes from primary IPFS CID=QmdMbyBpoGFK1mURYDVGnjQ4AkNoJfnaBed6stWNVYy8rq
2026-07-31T21:05:45.127+06:00  INFO 578387 --- [pangochain-backend] [io-8080-exec-20] c.pangochain.backend.ipfs.IpfsService    : Fetched 780 bytes from primary IPFS CID=QmdMbyBpoGFK1mURYDVGnjQ4AkNoJfnaBed6stWNVYy8rq
2026-07-31T21:05:45.135+06:00  INFO 578387 --- [pangochain-backend] [io-8080-exec-11] c.pangochain.backend.ipfs.IpfsService    : Fetched 780 bytes from primary IPFS CID=QmdMbyBpoGFK1mURYDVGnjQ4AkNoJfnaBed6stWNVYy8rq
2026-07-31T21:05:45.141+06:00  INFO 578387 --- [pangochain-backend] [io-8080-exec-16] c.pangochain.backend.ipfs.IpfsService    : Fetched 780 bytes from primary IPFS CID=QmdMbyBpoGFK1mURYDVGnjQ4AkNoJfnaBed6stWNVYy8rq
2026-07-31T21:05:45.153+06:00  INFO 578387 --- [pangochain-backend] [nio-8080-exec-4] c.pangochain.backend.ipfs.IpfsService    : Fetched 780 bytes from primary IPFS CID=QmdMbyBpoGFK1mURYDVGnjQ4AkNoJfnaBed6stWNVYy8rq
2026-07-31T21:05:45.186+06:00  INFO 578387 --- [pangochain-backend] [io-8080-exec-18] c.pangochain.backend.ipfs.IpfsService    : Fetched 780 bytes from primary IPFS CID=QmdMbyBpoGFK1mURYDVGnjQ4AkNoJfnaBed6stWNVYy8rq
2026-07-31T21:05:45.186+06:00  INFO 578387 --- [pangochain-backend] [io-8080-exec-12] c.pangochain.backend.ipfs.IpfsService    : Fetched 780 bytes from primary IPFS CID=QmdMbyBpoGFK1mURYDVGnjQ4AkNoJfnaBed6stWNVYy8rq
2026-07-31T21:05:45.187+06:00  INFO 578387 --- [pangochain-backend] [nio-8080-exec-7] c.pangochain.backend.ipfs.IpfsService    : Fetched 780 bytes from primary IPFS CID=QmdMbyBpoGFK1mURYDVGnjQ4AkNoJfnaBed6stWNVYy8rq
2026-07-31T21:05:45.190+06:00  INFO 578387 --- [pangochain-backend] [io-8080-exec-14] c.pangochain.backend.ipfs.IpfsService    : Fetched 780 bytes from primary IPFS CID=QmdMbyBpoGFK1mURYDVGnjQ4AkNoJfnaBed6stWNVYy8rq
2026-07-31T21:05:45.194+06:00  INFO 578387 --- [pangochain-backend] [nio-8080-exec-8] c.pangochain.backend.ipfs.IpfsService    : Fetched 780 bytes from primary IPFS CID=QmdMbyBpoGFK1mURYDVGnjQ4AkNoJfnaBed6stWNVYy8rq
2026-07-31T21:05:45.203+06:00  INFO 578387 --- [pangochain-backend] [io-8080-exec-10] c.pangochain.backend.ipfs.IpfsService    : Fetched 780 bytes from primary IPFS CID=QmdMbyBpoGFK1mURYDVGnjQ4AkNoJfnaBed6stWNVYy8rq
2026-07-31T21:05:45.222+06:00  INFO 578387 --- [pangochain-backend] [nio-8080-exec-1] c.pangochain.backend.ipfs.IpfsService    : Fetched 780 bytes from primary IPFS CID=QmdMbyBpoGFK1mURYDVGnjQ4AkNoJfnaBed6stWNVYy8rq
2026-07-31T21:05:45.244+06:00  INFO 578387 --- [pangochain-backend] [nio-8080-exec-5] c.pangochain.backend.ipfs.IpfsService    : Fetched 780 bytes from primary IPFS CID=QmdMbyBpoGFK1mURYDVGnjQ4AkNoJfnaBed6stWNVYy8rq
2026-07-31T21:05:45.248+06:00  INFO 578387 --- [pangochain-backend] [io-8080-exec-19] c.pangochain.backend.ipfs.IpfsService    : Fetched 780 bytes from primary IPFS CID=QmdMbyBpoGFK1mURYDVGnjQ4AkNoJfnaBed6stWNVYy8rq
2026-07-31T21:05:45.281+06:00  INFO 578387 --- [pangochain-backend] [nio-8080-exec-9] c.pangochain.backend.ipfs.IpfsService    : Fetched 780 bytes from primary IPFS CID=QmdMbyBpoGFK1mURYDVGnjQ4AkNoJfnaBed6stWNVYy8rq
2026-07-31T21:05:45.283+06:00  INFO 578387 --- [pangochain-backend] [nio-8080-exec-6] c.pangochain.backend.ipfs.IpfsService    : Fetched 780 bytes from primary IPFS CID=QmdMbyBpoGFK1mURYDVGnjQ4AkNoJfnaBed6stWNVYy8rq
2026-07-31T21:05:45.287+06:00  INFO 578387 --- [pangochain-backend] [io-8080-exec-10] c.pangochain.backend.ipfs.IpfsService    : Fetched 780 bytes from primary IPFS CID=QmdMbyBpoGFK1mURYDVGnjQ4AkNoJfnaBed6stWNVYy8rq
2026-07-31T21:05:45.290+06:00  INFO 578387 --- [pangochain-backend] [io-8080-exec-15] c.pangochain.backend.ipfs.IpfsService    : Fetched 780 bytes from primary IPFS CID=QmdMbyBpoGFK1mURYDVGnjQ4AkNoJfnaBed6stWNVYy8rq
2026-07-31T21:05:45.297+06:00  INFO 578387 --- [pangochain-backend] [nio-8080-exec-2] c.pangochain.backend.ipfs.IpfsService    : Fetched 780 bytes from primary IPFS CID=QmdMbyBpoGFK1mURYDVGnjQ4AkNoJfnaBed6stWNVYy8rq
2026-07-31T21:05:45.299+06:00  INFO 578387 --- [pangochain-backend] [io-8080-exec-13] c.pangochain.backend.ipfs.IpfsService    : Fetched 780 bytes from primary IPFS CID=QmdMbyBpoGFK1mURYDVGnjQ4AkNoJfnaBed6stWNVYy8rq
2026-07-31T21:05:45.382+06:00  INFO 578387 --- [pangochain-backend] [io-8080-exec-18] c.pangochain.backend.ipfs.IpfsService    : Fetched 780 bytes from primary IPFS CID=QmdMbyBpoGFK1mURYDVGnjQ4AkNoJfnaBed6stWNVYy8rq
2026-07-31T21:05:45.407+06:00  INFO 578387 --- [pangochain-backend] [nio-8080-exec-1] c.pangochain.backend.ipfs.IpfsService    : Fetched 780 bytes from primary IPFS CID=QmdMbyBpoGFK1mURYDVGnjQ4AkNoJfnaBed6stWNVYy8rq
2026-07-31T21:05:45.427+06:00  INFO 578387 --- [pangochain-backend] [io-8080-exec-20] c.pangochain.backend.ipfs.IpfsService    : Fetched 780 bytes from primary IPFS CID=QmdMbyBpoGFK1mURYDVGnjQ4AkNoJfnaBed6stWNVYy8rq
2026-07-31T21:05:45.440+06:00  INFO 578387 --- [pangochain-backend] [io-8080-exec-17] c.pangochain.backend.ipfs.IpfsService    : Fetched 780 bytes from primary IPFS CID=QmdMbyBpoGFK1mURYDVGnjQ4AkNoJfnaBed6stWNVYy8rq
2026-07-31T21:05:45.492+06:00  INFO 578387 --- [pangochain-backend] [io-8080-exec-13] c.pangochain.backend.ipfs.IpfsService    : Fetched 780 bytes from primary IPFS CID=QmdMbyBpoGFK1mURYDVGnjQ4AkNoJfnaBed6stWNVYy8rq
2026-07-31T21:05:45.494+06:00  INFO 578387 --- [pangochain-backend] [io-8080-exec-15] c.pangochain.backend.ipfs.IpfsService    : Fetched 780 bytes from primary IPFS CID=QmdMbyBpoGFK1mURYDVGnjQ4AkNoJfnaBed6stWNVYy8rq
2026-07-31T21:05:45.496+06:00  INFO 578387 --- [pangochain-backend] [io-8080-exec-11] c.pangochain.backend.ipfs.IpfsService    : Fetched 780 bytes from primary IPFS CID=QmdMbyBpoGFK1mURYDVGnjQ4AkNoJfnaBed6stWNVYy8rq
2026-07-31T21:05:45.499+06:00  INFO 578387 --- [pangochain-backend] [io-8080-exec-12] c.pangochain.backend.ipfs.IpfsService    : Fetched 780 bytes from primary IPFS CID=QmdMbyBpoGFK1mURYDVGnjQ4AkNoJfnaBed6stWNVYy8rq
2026-07-31T21:05:45.514+06:00  INFO 578387 --- [pangochain-backend] [io-8080-exec-16] c.pangochain.backend.ipfs.IpfsService    : Fetched 780 bytes from primary IPFS CID=QmdMbyBpoGFK1mURYDVGnjQ4AkNoJfnaBed6stWNVYy8rq
2026-07-31T21:05:45.525+06:00  INFO 578387 --- [pangochain-backend] [nio-8080-exec-4] c.pangochain.backend.ipfs.IpfsService    : Fetched 780 bytes from primary IPFS CID=QmdMbyBpoGFK1mURYDVGnjQ4AkNoJfnaBed6stWNVYy8rq
2026-07-31T21:05:45.571+06:00  INFO 578387 --- [pangochain-backend] [io-8080-exec-14] c.pangochain.backend.ipfs.IpfsService    : Fetched 780 bytes from primary IPFS CID=QmdMbyBpoGFK1mURYDVGnjQ4AkNoJfnaBed6stWNVYy8rq
2026-07-31T21:05:45.574+06:00  INFO 578387 --- [pangochain-backend] [io-8080-exec-18] c.pangochain.backend.ipfs.IpfsService    : Fetched 780 bytes from primary IPFS CID=QmdMbyBpoGFK1mURYDVGnjQ4AkNoJfnaBed6stWNVYy8rq
2026-07-31T21:05:45.575+06:00  INFO 578387 --- [pangochain-backend] [io-8080-exec-15] c.pangochain.backend.ipfs.IpfsService    : Fetched 780 bytes from primary IPFS CID=QmdMbyBpoGFK1mURYDVGnjQ4AkNoJfnaBed6stWNVYy8rq
2026-07-31T21:05:45.624+06:00  INFO 578387 --- [pangochain-backend] [nio-8080-exec-8] c.pangochain.backend.ipfs.IpfsService    : Fetched 780 bytes from primary IPFS CID=QmdMbyBpoGFK1mURYDVGnjQ4AkNoJfnaBed6stWNVYy8rq
2026-07-31T21:05:45.644+06:00  INFO 578387 --- [pangochain-backend] [nio-8080-exec-9] c.pangochain.backend.ipfs.IpfsService    : Fetched 780 bytes from primary IPFS CID=QmdMbyBpoGFK1mURYDVGnjQ4AkNoJfnaBed6stWNVYy8rq
2026-07-31T21:05:45.654+06:00  INFO 578387 --- [pangochain-backend] [io-8080-exec-17] c.pangochain.backend.ipfs.IpfsService    : Fetched 780 bytes from primary IPFS CID=QmdMbyBpoGFK1mURYDVGnjQ4AkNoJfnaBed6stWNVYy8rq
2026-07-31T21:05:45.657+06:00  INFO 578387 --- [pangochain-backend] [io-8080-exec-16] c.pangochain.backend.ipfs.IpfsService    : Fetched 780 bytes from primary IPFS CID=QmdMbyBpoGFK1mURYDVGnjQ4AkNoJfnaBed6stWNVYy8rq
2026-07-31T21:05:45.664+06:00  INFO 578387 --- [pangochain-backend] [nio-8080-exec-5] c.pangochain.backend.ipfs.IpfsService    : Fetched 780 bytes from primary IPFS CID=QmdMbyBpoGFK1mURYDVGnjQ4AkNoJfnaBed6stWNVYy8rq
2026-07-31T21:05:45.673+06:00  INFO 578387 --- [pangochain-backend] [nio-8080-exec-3] c.pangochain.backend.ipfs.IpfsService    : Fetched 780 bytes from primary IPFS CID=QmdMbyBpoGFK1mURYDVGnjQ4AkNoJfnaBed6stWNVYy8rq
2026-07-31T21:05:45.682+06:00  INFO 578387 --- [pangochain-backend] [nio-8080-exec-4] c.pangochain.backend.ipfs.IpfsService    : Fetched 780 bytes from primary IPFS CID=QmdMbyBpoGFK1mURYDVGnjQ4AkNoJfnaBed6stWNVYy8rq
2026-07-31T21:05:45.684+06:00  INFO 578387 --- [pangochain-backend] [io-8080-exec-14] c.pangochain.backend.ipfs.IpfsService    : Fetched 780 bytes from primary IPFS CID=QmdMbyBpoGFK1mURYDVGnjQ4AkNoJfnaBed6stWNVYy8rq
2026-07-31T21:05:45.686+06:00  INFO 578387 --- [pangochain-backend] [nio-8080-exec-6] c.pangochain.backend.ipfs.IpfsService    : Fetched 780 bytes from primary IPFS CID=QmdMbyBpoGFK1mURYDVGnjQ4AkNoJfnaBed6stWNVYy8rq
2026-07-31T21:05:45.687+06:00  INFO 578387 --- [pangochain-backend] [io-8080-exec-10] c.pangochain.backend.ipfs.IpfsService    : Fetched 780 bytes from primary IPFS CID=QmdMbyBpoGFK1mURYDVGnjQ4AkNoJfnaBed6stWNVYy8rq
2026-07-31T21:05:45.690+06:00  INFO 578387 --- [pangochain-backend] [nio-8080-exec-8] c.pangochain.backend.ipfs.IpfsService    : Fetched 780 bytes from primary IPFS CID=QmdMbyBpoGFK1mURYDVGnjQ4AkNoJfnaBed6stWNVYy8rq
2026-07-31T21:05:45.691+06:00  INFO 578387 --- [pangochain-backend] [nio-8080-exec-7] c.pangochain.backend.ipfs.IpfsService    : Fetched 780 bytes from primary IPFS CID=QmdMbyBpoGFK1mURYDVGnjQ4AkNoJfnaBed6stWNVYy8rq
2026-07-31T21:05:45.692+06:00  INFO 578387 --- [pangochain-backend] [nio-8080-exec-2] c.pangochain.backend.ipfs.IpfsService    : Fetched 780 bytes from primary IPFS CID=QmdMbyBpoGFK1mURYDVGnjQ4AkNoJfnaBed6stWNVYy8rq
2026-07-31T21:05:45.692+06:00  INFO 578387 --- [pangochain-backend] [io-8080-exec-20] c.pangochain.backend.ipfs.IpfsService    : Fetched 780 bytes from primary IPFS CID=QmdMbyBpoGFK1mURYDVGnjQ4AkNoJfnaBed6stWNVYy8rq
2026-07-31T21:05:45.696+06:00  INFO 578387 --- [pangochain-backend] [nio-8080-exec-1] c.pangochain.backend.ipfs.IpfsService    : Fetched 780 bytes from primary IPFS CID=QmdMbyBpoGFK1mURYDVGnjQ4AkNoJfnaBed6stWNVYy8rq
2026-07-31T21:05:45.697+06:00  INFO 578387 --- [pangochain-backend] [io-8080-exec-11] c.pangochain.backend.ipfs.IpfsService    : Fetched 780 bytes from primary IPFS CID=QmdMbyBpoGFK1mURYDVGnjQ4AkNoJfnaBed6stWNVYy8rq
2026-07-31T21:05:45.697+06:00  INFO 578387 --- [pangochain-backend] [nio-8080-exec-3] c.pangochain.backend.ipfs.IpfsService    : Fetched 780 bytes from primary IPFS CID=QmdMbyBpoGFK1mURYDVGnjQ4AkNoJfnaBed6stWNVYy8rq
2026-07-31T21:05:45.698+06:00  INFO 578387 --- [pangochain-backend] [io-8080-exec-12] c.pangochain.backend.ipfs.IpfsService    : Fetched 780 bytes from primary IPFS CID=QmdMbyBpoGFK1mURYDVGnjQ4AkNoJfnaBed6stWNVYy8rq
2026-07-31T21:05:45.698+06:00  INFO 578387 --- [pangochain-backend] [io-8080-exec-19] c.pangochain.backend.ipfs.IpfsService    : Fetched 780 bytes from primary IPFS CID=QmdMbyBpoGFK1mURYDVGnjQ4AkNoJfnaBed6stWNVYy8rq
2026-07-31T21:05:45.699+06:00  INFO 578387 --- [pangochain-backend] [io-8080-exec-13] c.pangochain.backend.ipfs.IpfsService    : Fetched 780 bytes from primary IPFS CID=QmdMbyBpoGFK1mURYDVGnjQ4AkNoJfnaBed6stWNVYy8rq
2026-07-31T21:05:45.702+06:00  INFO 578387 --- [pangochain-backend] [io-8080-exec-18] c.pangochain.backend.ipfs.IpfsService    : Fetched 780 bytes from primary IPFS CID=QmdMbyBpoGFK1mURYDVGnjQ4AkNoJfnaBed6stWNVYy8rq
2026-07-31T21:05:45.702+06:00  INFO 578387 --- [pangochain-backend] [io-8080-exec-20] c.pangochain.backend.ipfs.IpfsService    : Fetched 780 bytes from primary IPFS CID=QmdMbyBpoGFK1mURYDVGnjQ4AkNoJfnaBed6stWNVYy8rq
2026-07-31T21:05:45.703+06:00  INFO 578387 --- [pangochain-backend] [nio-8080-exec-9] c.pangochain.backend.ipfs.IpfsService    : Fetched 780 bytes from primary IPFS CID=QmdMbyBpoGFK1mURYDVGnjQ4AkNoJfnaBed6stWNVYy8rq
2026-07-31T21:05:45.704+06:00  INFO 578387 --- [pangochain-backend] [io-8080-exec-17] c.pangochain.backend.ipfs.IpfsService    : Fetched 780 bytes from primary IPFS CID=QmdMbyBpoGFK1mURYDVGnjQ4AkNoJfnaBed6stWNVYy8rq
2026-07-31T21:05:45.709+06:00  INFO 578387 --- [pangochain-backend] [io-8080-exec-14] c.pangochain.backend.ipfs.IpfsService    : Fetched 780 bytes from primary IPFS CID=QmdMbyBpoGFK1mURYDVGnjQ4AkNoJfnaBed6stWNVYy8rq
2026-07-31T21:05:45.709+06:00  INFO 578387 --- [pangochain-backend] [nio-8080-exec-5] c.pangochain.backend.ipfs.IpfsService    : Fetched 780 bytes from primary IPFS CID=QmdMbyBpoGFK1mURYDVGnjQ4AkNoJfnaBed6stWNVYy8rq
2026-07-31T21:05:45.709+06:00  INFO 578387 --- [pangochain-backend] [io-8080-exec-16] c.pangochain.backend.ipfs.IpfsService    : Fetched 780 bytes from primary IPFS CID=QmdMbyBpoGFK1mURYDVGnjQ4AkNoJfnaBed6stWNVYy8rq
2026-07-31T21:05:45.709+06:00  INFO 578387 --- [pangochain-backend] [io-8080-exec-19] c.pangochain.backend.ipfs.IpfsService    : Fetched 780 bytes from primary IPFS CID=QmdMbyBpoGFK1mURYDVGnjQ4AkNoJfnaBed6stWNVYy8rq
2026-07-31T21:05:45.709+06:00  INFO 578387 --- [pangochain-backend] [nio-8080-exec-4] c.pangochain.backend.ipfs.IpfsService    : Fetched 780 bytes from primary IPFS CID=QmdMbyBpoGFK1mURYDVGnjQ4AkNoJfnaBed6stWNVYy8rq
2026-07-31T21:05:45.712+06:00  INFO 578387 --- [pangochain-backend] [io-8080-exec-10] c.pangochain.backend.ipfs.IpfsService    : Fetched 780 bytes from primary IPFS CID=QmdMbyBpoGFK1mURYDVGnjQ4AkNoJfnaBed6stWNVYy8rq
2026-07-31T21:05:45.712+06:00  INFO 578387 --- [pangochain-backend] [   async-task-2] c.p.b.blockchain.FabricGatewayService    : Fabric tx committed: fn=LogAuditEvent txId=9097b04f856242ffeb24a7d64a4cd7c9c37e3f114d23492dff0b24dfa453901d
2026-07-31T21:05:45.713+06:00  INFO 578387 --- [pangochain-backend] [   async-task-5] c.p.b.blockchain.FabricGatewayService    : Fabric tx committed: fn=LogAuditEvent txId=6e10f18ae59219cbb7b0fb9565d830b82fcd217888004d9bb28704aa60da936a
2026-07-31T21:05:45.713+06:00  INFO 578387 --- [pangochain-backend] [   async-task-6] c.p.b.blockchain.FabricGatewayService    : Fabric tx committed: fn=LogAuditEvent txId=9c6b33ba15c0b329f4d488c5309fe148893a25757aab0053e07abe8a4acb824a
2026-07-31T21:05:45.714+06:00  INFO 578387 --- [pangochain-backend] [   async-task-3] c.p.b.blockchain.FabricGatewayService    : Fabric tx committed: fn=LogAuditEvent txId=f85736f081340b6f9a5225483eef616ec6a94ef3822b98e2d69c123f66598d6c
2026-07-31T21:05:45.714+06:00  INFO 578387 --- [pangochain-backend] [   async-task-1] c.p.b.blockchain.FabricGatewayService    : Fabric tx committed: fn=LogAuditEvent txId=b3826d545fbd3ec3bb0da0193aea6fb6d01ac3b870ea506c49bbb5f44a1d5816
2026-07-31T21:05:45.715+06:00  INFO 578387 --- [pangochain-backend] [MessageBroker-4] c.p.b.blockchain.FabricGatewayService    : Fabric tx committed: fn=LogAuditEvent txId=a8209f4ac8c8d53b4357cfdf9063f31a53306a64468469e4537723a58bf1218f
2026-07-31T21:05:45.716+06:00  INFO 578387 --- [pangochain-backend] [nio-8080-exec-6] c.pangochain.backend.ipfs.IpfsService    : Fetched 780 bytes from primary IPFS CID=QmdMbyBpoGFK1mURYDVGnjQ4AkNoJfnaBed6stWNVYy8rq
2026-07-31T21:05:45.716+06:00  INFO 578387 --- [pangochain-backend] [nio-8080-exec-7] c.pangochain.backend.ipfs.IpfsService    : Fetched 780 bytes from primary IPFS CID=QmdMbyBpoGFK1mURYDVGnjQ4AkNoJfnaBed6stWNVYy8rq
2026-07-31T21:05:45.716+06:00  INFO 578387 --- [pangochain-backend] [nio-8080-exec-2] c.pangochain.backend.ipfs.IpfsService    : Fetched 780 bytes from primary IPFS CID=QmdMbyBpoGFK1mURYDVGnjQ4AkNoJfnaBed6stWNVYy8rq
2026-07-31T21:05:45.716+06:00  INFO 578387 --- [pangochain-backend] [nio-8080-exec-9] c.pangochain.backend.ipfs.IpfsService    : Fetched 780 bytes from primary IPFS CID=QmdMbyBpoGFK1mURYDVGnjQ4AkNoJfnaBed6stWNVYy8rq
2026-07-31T21:05:45.716+06:00  INFO 578387 --- [pangochain-backend] [   async-task-8] c.p.b.blockchain.FabricGatewayService    : Fabric tx committed: fn=LogAuditEvent txId=f4c4181f900d6404c24ad0987816b7e2eb65d49ff7f8fcdf21c6922daeb3710f
2026-07-31T21:05:45.717+06:00  INFO 578387 --- [pangochain-backend] [   async-task-4] c.p.b.blockchain.FabricGatewayService    : Fabric tx committed: fn=LogAuditEvent txId=d43614d12315473053391e5031c2f50ca7298aa527ba073af5e38067560d6c57
2026-07-31T21:05:45.719+06:00  INFO 578387 --- [pangochain-backend] [   async-task-7] c.p.b.blockchain.FabricGatewayService    : Fabric tx committed: fn=LogAuditEvent txId=eea20468170de39d1d3866908034114f81a870bcc9c21c482633563157f824d9
2026-07-31T21:05:45.719+06:00  INFO 578387 --- [pangochain-backend] [MessageBroker-4] c.p.b.audit.AuditAnchorBackfillWorker    : Anchored 9 audit events (ids 51130-51138) in batch tx a8209f4ac8c8d53b4357cfdf9063f31a53306a64468469e4537723a58bf1218f
2026-07-31T21:05:45.721+06:00  INFO 578387 --- [pangochain-backend] [io-8080-exec-15] c.pangochain.backend.ipfs.IpfsService    : Fetched 780 bytes from primary IPFS CID=QmdMbyBpoGFK1mURYDVGnjQ4AkNoJfnaBed6stWNVYy8rq
2026-07-31T21:05:45.726+06:00  INFO 578387 --- [pangochain-backend] [nio-8080-exec-1] c.pangochain.backend.ipfs.IpfsService    : Fetched 780 bytes from primary IPFS CID=QmdMbyBpoGFK1mURYDVGnjQ4AkNoJfnaBed6stWNVYy8rq
2026-07-31T21:05:45.728+06:00  INFO 578387 --- [pangochain-backend] [io-8080-exec-12] c.pangochain.backend.ipfs.IpfsService    : Fetched 780 bytes from primary IPFS CID=QmdMbyBpoGFK1mURYDVGnjQ4AkNoJfnaBed6stWNVYy8rq
2026-07-31T21:05:45.728+06:00  INFO 578387 --- [pangochain-backend] [nio-8080-exec-3] c.pangochain.backend.ipfs.IpfsService    : Fetched 780 bytes from primary IPFS CID=QmdMbyBpoGFK1mURYDVGnjQ4AkNoJfnaBed6stWNVYy8rq
2026-07-31T21:05:45.731+06:00  INFO 578387 --- [pangochain-backend] [io-8080-exec-17] c.pangochain.backend.ipfs.IpfsService    : Fetched 780 bytes from primary IPFS CID=QmdMbyBpoGFK1mURYDVGnjQ4AkNoJfnaBed6stWNVYy8rq
2026-07-31T21:05:45.732+06:00  INFO 578387 --- [pangochain-backend] [io-8080-exec-13] c.pangochain.backend.ipfs.IpfsService    : Fetched 780 bytes from primary IPFS CID=QmdMbyBpoGFK1mURYDVGnjQ4AkNoJfnaBed6stWNVYy8rq
2026-07-31T21:05:45.735+06:00  INFO 578387 --- [pangochain-backend] [io-8080-exec-20] c.pangochain.backend.ipfs.IpfsService    : Fetched 780 bytes from primary IPFS CID=QmdMbyBpoGFK1mURYDVGnjQ4AkNoJfnaBed6stWNVYy8rq
2026-07-31T21:05:45.736+06:00  INFO 578387 --- [pangochain-backend] [nio-8080-exec-7] c.pangochain.backend.ipfs.IpfsService    : Fetched 780 bytes from primary IPFS CID=QmdMbyBpoGFK1mURYDVGnjQ4AkNoJfnaBed6stWNVYy8rq
2026-07-31T21:05:45.736+06:00  INFO 578387 --- [pangochain-backend] [io-8080-exec-11] c.pangochain.backend.ipfs.IpfsService    : Fetched 780 bytes from primary IPFS CID=QmdMbyBpoGFK1mURYDVGnjQ4AkNoJfnaBed6stWNVYy8rq
2026-07-31T21:05:45.738+06:00  INFO 578387 --- [pangochain-backend] [nio-8080-exec-5] c.pangochain.backend.ipfs.IpfsService    : Fetched 780 bytes from primary IPFS CID=QmdMbyBpoGFK1mURYDVGnjQ4AkNoJfnaBed6stWNVYy8rq
2026-07-31T21:05:45.739+06:00  INFO 578387 --- [pangochain-backend] [nio-8080-exec-8] c.pangochain.backend.ipfs.IpfsService    : Fetched 780 bytes from primary IPFS CID=QmdMbyBpoGFK1mURYDVGnjQ4AkNoJfnaBed6stWNVYy8rq
2026-07-31T21:05:45.739+06:00  INFO 578387 --- [pangochain-backend] [io-8080-exec-18] c.pangochain.backend.ipfs.IpfsService    : Fetched 780 bytes from primary IPFS CID=QmdMbyBpoGFK1mURYDVGnjQ4AkNoJfnaBed6stWNVYy8rq
2026-07-31T21:05:45.745+06:00  INFO 578387 --- [pangochain-backend] [nio-8080-exec-3] c.pangochain.backend.ipfs.IpfsService    : Fetched 780 bytes from primary IPFS CID=QmdMbyBpoGFK1mURYDVGnjQ4AkNoJfnaBed6stWNVYy8rq
2026-07-31T21:05:45.744+06:00  INFO 578387 --- [pangochain-backend] [nio-8080-exec-1] c.pangochain.backend.ipfs.IpfsService    : Fetched 780 bytes from primary IPFS CID=QmdMbyBpoGFK1mURYDVGnjQ4AkNoJfnaBed6stWNVYy8rq
2026-07-31T21:05:45.755+06:00  INFO 578387 --- [pangochain-backend] [io-8080-exec-20] c.pangochain.backend.ipfs.IpfsService    : Fetched 780 bytes from primary IPFS CID=QmdMbyBpoGFK1mURYDVGnjQ4AkNoJfnaBed6stWNVYy8rq
2026-07-31T21:05:45.763+06:00  INFO 578387 --- [pangochain-backend] [nio-8080-exec-4] c.pangochain.backend.ipfs.IpfsService    : Fetched 780 bytes from primary IPFS CID=QmdMbyBpoGFK1mURYDVGnjQ4AkNoJfnaBed6stWNVYy8rq
2026-07-31T21:05:45.774+06:00  INFO 578387 --- [pangochain-backend] [nio-8080-exec-2] c.pangochain.backend.ipfs.IpfsService    : Fetched 780 bytes from primary IPFS CID=QmdMbyBpoGFK1mURYDVGnjQ4AkNoJfnaBed6stWNVYy8rq
2026-07-31T21:05:45.777+06:00  INFO 578387 --- [pangochain-backend] [io-8080-exec-16] c.pangochain.backend.ipfs.IpfsService    : Fetched 780 bytes from primary IPFS CID=QmdMbyBpoGFK1mURYDVGnjQ4AkNoJfnaBed6stWNVYy8rq
2026-07-31T21:05:45.779+06:00  INFO 578387 --- [pangochain-backend] [io-8080-exec-14] c.pangochain.backend.ipfs.IpfsService    : Fetched 780 bytes from primary IPFS CID=QmdMbyBpoGFK1mURYDVGnjQ4AkNoJfnaBed6stWNVYy8rq
2026-07-31T21:05:45.781+06:00  INFO 578387 --- [pangochain-backend] [nio-8080-exec-9] c.pangochain.backend.ipfs.IpfsService    : Fetched 780 bytes from primary IPFS CID=QmdMbyBpoGFK1mURYDVGnjQ4AkNoJfnaBed6stWNVYy8rq
2026-07-31T21:05:45.782+06:00  INFO 578387 --- [pangochain-backend] [nio-8080-exec-6] c.pangochain.backend.ipfs.IpfsService    : Fetched 780 bytes from primary IPFS CID=QmdMbyBpoGFK1mURYDVGnjQ4AkNoJfnaBed6stWNVYy8rq
2026-07-31T21:05:45.789+06:00  INFO 578387 --- [pangochain-backend] [io-8080-exec-12] c.pangochain.backend.ipfs.IpfsService    : Fetched 780 bytes from primary IPFS CID=QmdMbyBpoGFK1mURYDVGnjQ4AkNoJfnaBed6stWNVYy8rq
2026-07-31T21:05:45.794+06:00  INFO 578387 --- [pangochain-backend] [io-8080-exec-15] c.pangochain.backend.ipfs.IpfsService    : Fetched 780 bytes from primary IPFS CID=QmdMbyBpoGFK1mURYDVGnjQ4AkNoJfnaBed6stWNVYy8rq
2026-07-31T21:05:45.795+06:00  INFO 578387 --- [pangochain-backend] [io-8080-exec-10] c.pangochain.backend.ipfs.IpfsService    : Fetched 780 bytes from primary IPFS CID=QmdMbyBpoGFK1mURYDVGnjQ4AkNoJfnaBed6stWNVYy8rq
2026-07-31T21:05:45.815+06:00  INFO 578387 --- [pangochain-backend] [io-8080-exec-20] c.pangochain.backend.ipfs.IpfsService    : Fetched 780 bytes from primary IPFS CID=QmdMbyBpoGFK1mURYDVGnjQ4AkNoJfnaBed6stWNVYy8rq
2026-07-31T21:05:45.846+06:00  INFO 578387 --- [pangochain-backend] [io-8080-exec-17] c.pangochain.backend.ipfs.IpfsService    : Fetched 780 bytes from primary IPFS CID=QmdMbyBpoGFK1mURYDVGnjQ4AkNoJfnaBed6stWNVYy8rq
2026-07-31T21:05:45.860+06:00  INFO 578387 --- [pangochain-backend] [io-8080-exec-19] c.pangochain.backend.ipfs.IpfsService    : Fetched 780 bytes from primary IPFS CID=QmdMbyBpoGFK1mURYDVGnjQ4AkNoJfnaBed6stWNVYy8rq
2026-07-31T21:05:45.863+06:00  INFO 578387 --- [pangochain-backend] [nio-8080-exec-2] c.pangochain.backend.ipfs.IpfsService    : Fetched 780 bytes from primary IPFS CID=QmdMbyBpoGFK1mURYDVGnjQ4AkNoJfnaBed6stWNVYy8rq
2026-07-31T21:05:45.866+06:00  INFO 578387 --- [pangochain-backend] [nio-8080-exec-5] c.pangochain.backend.ipfs.IpfsService    : Fetched 780 bytes from primary IPFS CID=QmdMbyBpoGFK1mURYDVGnjQ4AkNoJfnaBed6stWNVYy8rq
2026-07-31T21:05:45.885+06:00  INFO 578387 --- [pangochain-backend] [io-8080-exec-18] c.pangochain.backend.ipfs.IpfsService    : Fetched 780 bytes from primary IPFS CID=QmdMbyBpoGFK1mURYDVGnjQ4AkNoJfnaBed6stWNVYy8rq
2026-07-31T21:05:45.891+06:00  INFO 578387 --- [pangochain-backend] [io-8080-exec-11] c.pangochain.backend.ipfs.IpfsService    : Fetched 780 bytes from primary IPFS CID=QmdMbyBpoGFK1mURYDVGnjQ4AkNoJfnaBed6stWNVYy8rq
2026-07-31T21:05:45.892+06:00  INFO 578387 --- [pangochain-backend] [io-8080-exec-13] c.pangochain.backend.ipfs.IpfsService    : Fetched 780 bytes from primary IPFS CID=QmdMbyBpoGFK1mURYDVGnjQ4AkNoJfnaBed6stWNVYy8rq
2026-07-31T21:05:45.896+06:00  INFO 578387 --- [pangochain-backend] [nio-8080-exec-7] c.pangochain.backend.ipfs.IpfsService    : Fetched 780 bytes from primary IPFS CID=QmdMbyBpoGFK1mURYDVGnjQ4AkNoJfnaBed6stWNVYy8rq
2026-07-31T21:05:45.898+06:00  INFO 578387 --- [pangochain-backend] [io-8080-exec-20] c.pangochain.backend.ipfs.IpfsService    : Fetched 780 bytes from primary IPFS CID=QmdMbyBpoGFK1mURYDVGnjQ4AkNoJfnaBed6stWNVYy8rq
2026-07-31T21:05:45.923+06:00  INFO 578387 --- [pangochain-backend] [io-8080-exec-17] c.pangochain.backend.ipfs.IpfsService    : Fetched 780 bytes from primary IPFS CID=QmdMbyBpoGFK1mURYDVGnjQ4AkNoJfnaBed6stWNVYy8rq
2026-07-31T21:05:45.924+06:00  INFO 578387 --- [pangochain-backend] [nio-8080-exec-8] c.pangochain.backend.ipfs.IpfsService    : Fetched 780 bytes from primary IPFS CID=QmdMbyBpoGFK1mURYDVGnjQ4AkNoJfnaBed6stWNVYy8rq
2026-07-31T21:05:45.933+06:00  INFO 578387 --- [pangochain-backend] [nio-8080-exec-3] c.pangochain.backend.ipfs.IpfsService    : Fetched 780 bytes from primary IPFS CID=QmdMbyBpoGFK1mURYDVGnjQ4AkNoJfnaBed6stWNVYy8rq
2026-07-31T21:05:45.949+06:00  INFO 578387 --- [pangochain-backend] [nio-8080-exec-1] c.pangochain.backend.ipfs.IpfsService    : Fetched 780 bytes from primary IPFS CID=QmdMbyBpoGFK1mURYDVGnjQ4AkNoJfnaBed6stWNVYy8rq
2026-07-31T21:05:45.952+06:00  INFO 578387 --- [pangochain-backend] [nio-8080-exec-4] c.pangochain.backend.ipfs.IpfsService    : Fetched 780 bytes from primary IPFS CID=QmdMbyBpoGFK1mURYDVGnjQ4AkNoJfnaBed6stWNVYy8rq
2026-07-31T21:05:46.003+06:00  INFO 578387 --- [pangochain-backend] [io-8080-exec-17] c.pangochain.backend.ipfs.IpfsService    : Fetched 780 bytes from primary IPFS CID=QmdMbyBpoGFK1mURYDVGnjQ4AkNoJfnaBed6stWNVYy8rq
2026-07-31T21:05:46.005+06:00  INFO 578387 --- [pangochain-backend] [nio-8080-exec-7] c.pangochain.backend.ipfs.IpfsService    : Fetched 780 bytes from primary IPFS CID=QmdMbyBpoGFK1mURYDVGnjQ4AkNoJfnaBed6stWNVYy8rq
2026-07-31T21:05:46.007+06:00  INFO 578387 --- [pangochain-backend] [io-8080-exec-16] c.pangochain.backend.ipfs.IpfsService    : Fetched 780 bytes from primary IPFS CID=QmdMbyBpoGFK1mURYDVGnjQ4AkNoJfnaBed6stWNVYy8rq
2026-07-31T21:05:46.014+06:00  INFO 578387 --- [pangochain-backend] [nio-8080-exec-6] c.pangochain.backend.ipfs.IpfsService    : Fetched 780 bytes from primary IPFS CID=QmdMbyBpoGFK1mURYDVGnjQ4AkNoJfnaBed6stWNVYy8rq
2026-07-31T21:05:46.015+06:00  INFO 578387 --- [pangochain-backend] [io-8080-exec-14] c.pangochain.backend.ipfs.IpfsService    : Fetched 780 bytes from primary IPFS CID=QmdMbyBpoGFK1mURYDVGnjQ4AkNoJfnaBed6stWNVYy8rq
2026-07-31T21:05:46.015+06:00  INFO 578387 --- [pangochain-backend] [nio-8080-exec-3] c.pangochain.backend.ipfs.IpfsService    : Fetched 780 bytes from primary IPFS CID=QmdMbyBpoGFK1mURYDVGnjQ4AkNoJfnaBed6stWNVYy8rq
2026-07-31T21:05:46.016+06:00  INFO 578387 --- [pangochain-backend] [nio-8080-exec-9] c.pangochain.backend.ipfs.IpfsService    : Fetched 780 bytes from primary IPFS CID=QmdMbyBpoGFK1mURYDVGnjQ4AkNoJfnaBed6stWNVYy8rq
2026-07-31T21:05:46.018+06:00  INFO 578387 --- [pangochain-backend] [io-8080-exec-12] c.pangochain.backend.ipfs.IpfsService    : Fetched 780 bytes from primary IPFS CID=QmdMbyBpoGFK1mURYDVGnjQ4AkNoJfnaBed6stWNVYy8rq
2026-07-31T21:05:46.032+06:00  INFO 578387 --- [pangochain-backend] [io-8080-exec-15] c.pangochain.backend.ipfs.IpfsService    : Fetched 780 bytes from primary IPFS CID=QmdMbyBpoGFK1mURYDVGnjQ4AkNoJfnaBed6stWNVYy8rq
2026-07-31T21:05:46.036+06:00  INFO 578387 --- [pangochain-backend] [nio-8080-exec-4] c.pangochain.backend.ipfs.IpfsService    : Fetched 780 bytes from primary IPFS CID=QmdMbyBpoGFK1mURYDVGnjQ4AkNoJfnaBed6stWNVYy8rq
2026-07-31T21:05:46.065+06:00  INFO 578387 --- [pangochain-backend] [io-8080-exec-17] c.pangochain.backend.ipfs.IpfsService    : Fetched 780 bytes from primary IPFS CID=QmdMbyBpoGFK1mURYDVGnjQ4AkNoJfnaBed6stWNVYy8rq
2026-07-31T21:05:46.067+06:00  INFO 578387 --- [pangochain-backend] [io-8080-exec-19] c.pangochain.backend.ipfs.IpfsService    : Fetched 780 bytes from primary IPFS CID=QmdMbyBpoGFK1mURYDVGnjQ4AkNoJfnaBed6stWNVYy8rq
2026-07-31T21:05:46.089+06:00  INFO 578387 --- [pangochain-backend] [nio-8080-exec-9] c.pangochain.backend.ipfs.IpfsService    : Fetched 780 bytes from primary IPFS CID=QmdMbyBpoGFK1mURYDVGnjQ4AkNoJfnaBed6stWNVYy8rq
2026-07-31T21:05:46.090+06:00  INFO 578387 --- [pangochain-backend] [io-8080-exec-20] c.pangochain.backend.ipfs.IpfsService    : Fetched 780 bytes from primary IPFS CID=QmdMbyBpoGFK1mURYDVGnjQ4AkNoJfnaBed6stWNVYy8rq
2026-07-31T21:05:46.092+06:00  INFO 578387 --- [pangochain-backend] [nio-8080-exec-5] c.pangochain.backend.ipfs.IpfsService    : Fetched 780 bytes from primary IPFS CID=QmdMbyBpoGFK1mURYDVGnjQ4AkNoJfnaBed6stWNVYy8rq
2026-07-31T21:05:46.094+06:00  INFO 578387 --- [pangochain-backend] [io-8080-exec-18] c.pangochain.backend.ipfs.IpfsService    : Fetched 780 bytes from primary IPFS CID=QmdMbyBpoGFK1mURYDVGnjQ4AkNoJfnaBed6stWNVYy8rq
2026-07-31T21:05:46.099+06:00  INFO 578387 --- [pangochain-backend] [nio-8080-exec-2] c.pangochain.backend.ipfs.IpfsService    : Fetched 780 bytes from primary IPFS CID=QmdMbyBpoGFK1mURYDVGnjQ4AkNoJfnaBed6stWNVYy8rq
2026-07-31T21:05:46.102+06:00  INFO 578387 --- [pangochain-backend] [nio-8080-exec-1] c.pangochain.backend.ipfs.IpfsService    : Fetched 780 bytes from primary IPFS CID=QmdMbyBpoGFK1mURYDVGnjQ4AkNoJfnaBed6stWNVYy8rq
2026-07-31T21:05:46.104+06:00  INFO 578387 --- [pangochain-backend] [nio-8080-exec-8] c.pangochain.backend.ipfs.IpfsService    : Fetched 780 bytes from primary IPFS CID=QmdMbyBpoGFK1mURYDVGnjQ4AkNoJfnaBed6stWNVYy8rq
2026-07-31T21:05:46.107+06:00  INFO 578387 --- [pangochain-backend] [io-8080-exec-11] c.pangochain.backend.ipfs.IpfsService    : Fetched 780 bytes from primary IPFS CID=QmdMbyBpoGFK1mURYDVGnjQ4AkNoJfnaBed6stWNVYy8rq
2026-07-31T21:05:46.127+06:00  INFO 578387 --- [pangochain-backend] [nio-8080-exec-7] c.pangochain.backend.ipfs.IpfsService    : Fetched 780 bytes from primary IPFS CID=QmdMbyBpoGFK1mURYDVGnjQ4AkNoJfnaBed6stWNVYy8rq
2026-07-31T21:05:46.128+06:00  INFO 578387 --- [pangochain-backend] [io-8080-exec-10] c.pangochain.backend.ipfs.IpfsService    : Fetched 780 bytes from primary IPFS CID=QmdMbyBpoGFK1mURYDVGnjQ4AkNoJfnaBed6stWNVYy8rq
2026-07-31T21:05:46.134+06:00  INFO 578387 --- [pangochain-backend] [io-8080-exec-18] c.pangochain.backend.ipfs.IpfsService    : Fetched 780 bytes from primary IPFS CID=QmdMbyBpoGFK1mURYDVGnjQ4AkNoJfnaBed6stWNVYy8rq
2026-07-31T21:05:46.134+06:00  INFO 578387 --- [pangochain-backend] [io-8080-exec-14] c.pangochain.backend.ipfs.IpfsService    : Fetched 780 bytes from primary IPFS CID=QmdMbyBpoGFK1mURYDVGnjQ4AkNoJfnaBed6stWNVYy8rq
2026-07-31T21:05:46.134+06:00  INFO 578387 --- [pangochain-backend] [io-8080-exec-16] c.pangochain.backend.ipfs.IpfsService    : Fetched 780 bytes from primary IPFS CID=QmdMbyBpoGFK1mURYDVGnjQ4AkNoJfnaBed6stWNVYy8rq
2026-07-31T21:05:46.135+06:00  INFO 578387 --- [pangochain-backend] [io-8080-exec-12] c.pangochain.backend.ipfs.IpfsService    : Fetched 780 bytes from primary IPFS CID=QmdMbyBpoGFK1mURYDVGnjQ4AkNoJfnaBed6stWNVYy8rq
2026-07-31T21:05:46.135+06:00  INFO 578387 --- [pangochain-backend] [nio-8080-exec-3] c.pangochain.backend.ipfs.IpfsService    : Fetched 780 bytes from primary IPFS CID=QmdMbyBpoGFK1mURYDVGnjQ4AkNoJfnaBed6stWNVYy8rq
2026-07-31T21:05:46.135+06:00  INFO 578387 --- [pangochain-backend] [nio-8080-exec-5] c.pangochain.backend.ipfs.IpfsService    : Fetched 780 bytes from primary IPFS CID=QmdMbyBpoGFK1mURYDVGnjQ4AkNoJfnaBed6stWNVYy8rq
2026-07-31T21:05:46.135+06:00  INFO 578387 --- [pangochain-backend] [nio-8080-exec-1] c.pangochain.backend.ipfs.IpfsService    : Fetched 780 bytes from primary IPFS CID=QmdMbyBpoGFK1mURYDVGnjQ4AkNoJfnaBed6stWNVYy8rq
2026-07-31T21:05:46.136+06:00  INFO 578387 --- [pangochain-backend] [nio-8080-exec-6] c.pangochain.backend.ipfs.IpfsService    : Fetched 780 bytes from primary IPFS CID=QmdMbyBpoGFK1mURYDVGnjQ4AkNoJfnaBed6stWNVYy8rq
2026-07-31T21:05:46.138+06:00  INFO 578387 --- [pangochain-backend] [io-8080-exec-15] c.pangochain.backend.ipfs.IpfsService    : Fetched 780 bytes from primary IPFS CID=QmdMbyBpoGFK1mURYDVGnjQ4AkNoJfnaBed6stWNVYy8rq
2026-07-31T21:05:46.138+06:00  INFO 578387 --- [pangochain-backend] [io-8080-exec-13] c.pangochain.backend.ipfs.IpfsService    : Fetched 780 bytes from primary IPFS CID=QmdMbyBpoGFK1mURYDVGnjQ4AkNoJfnaBed6stWNVYy8rq
2026-07-31T21:05:46.145+06:00  INFO 578387 --- [pangochain-backend] [io-8080-exec-20] c.pangochain.backend.ipfs.IpfsService    : Fetched 780 bytes from primary IPFS CID=QmdMbyBpoGFK1mURYDVGnjQ4AkNoJfnaBed6stWNVYy8rq
2026-07-31T21:05:46.145+06:00  INFO 578387 --- [pangochain-backend] [nio-8080-exec-2] c.pangochain.backend.ipfs.IpfsService    : Fetched 780 bytes from primary IPFS CID=QmdMbyBpoGFK1mURYDVGnjQ4AkNoJfnaBed6stWNVYy8rq
2026-07-31T21:05:46.145+06:00  INFO 578387 --- [pangochain-backend] [io-8080-exec-17] c.pangochain.backend.ipfs.IpfsService    : Fetched 780 bytes from primary IPFS CID=QmdMbyBpoGFK1mURYDVGnjQ4AkNoJfnaBed6stWNVYy8rq
2026-07-31T21:05:46.145+06:00  INFO 578387 --- [pangochain-backend] [nio-8080-exec-4] c.pangochain.backend.ipfs.IpfsService    : Fetched 780 bytes from primary IPFS CID=QmdMbyBpoGFK1mURYDVGnjQ4AkNoJfnaBed6stWNVYy8rq
2026-07-31T21:05:46.146+06:00  INFO 578387 --- [pangochain-backend] [nio-8080-exec-7] c.pangochain.backend.ipfs.IpfsService    : Fetched 780 bytes from primary IPFS CID=QmdMbyBpoGFK1mURYDVGnjQ4AkNoJfnaBed6stWNVYy8rq
2026-07-31T21:05:46.146+06:00  INFO 578387 --- [pangochain-backend] [nio-8080-exec-9] c.pangochain.backend.ipfs.IpfsService    : Fetched 780 bytes from primary IPFS CID=QmdMbyBpoGFK1mURYDVGnjQ4AkNoJfnaBed6stWNVYy8rq
2026-07-31T21:05:46.146+06:00  INFO 578387 --- [pangochain-backend] [io-8080-exec-11] c.pangochain.backend.ipfs.IpfsService    : Fetched 780 bytes from primary IPFS CID=QmdMbyBpoGFK1mURYDVGnjQ4AkNoJfnaBed6stWNVYy8rq
2026-07-31T21:05:46.146+06:00  INFO 578387 --- [pangochain-backend] [io-8080-exec-19] c.pangochain.backend.ipfs.IpfsService    : Fetched 780 bytes from primary IPFS CID=QmdMbyBpoGFK1mURYDVGnjQ4AkNoJfnaBed6stWNVYy8rq
2026-07-31T21:05:46.146+06:00  INFO 578387 --- [pangochain-backend] [nio-8080-exec-8] c.pangochain.backend.ipfs.IpfsService    : Fetched 780 bytes from primary IPFS CID=QmdMbyBpoGFK1mURYDVGnjQ4AkNoJfnaBed6stWNVYy8rq
2026-07-31T21:05:46.147+06:00  INFO 578387 --- [pangochain-backend] [io-8080-exec-10] c.pangochain.backend.ipfs.IpfsService    : Fetched 780 bytes from primary IPFS CID=QmdMbyBpoGFK1mURYDVGnjQ4AkNoJfnaBed6stWNVYy8rq
2026-07-31T21:05:46.153+06:00  INFO 578387 --- [pangochain-backend] [nio-8080-exec-3] c.pangochain.backend.ipfs.IpfsService    : Fetched 780 bytes from primary IPFS CID=QmdMbyBpoGFK1mURYDVGnjQ4AkNoJfnaBed6stWNVYy8rq
2026-07-31T21:05:46.153+06:00  INFO 578387 --- [pangochain-backend] [nio-8080-exec-7] c.pangochain.backend.ipfs.IpfsService    : Fetched 780 bytes from primary IPFS CID=QmdMbyBpoGFK1mURYDVGnjQ4AkNoJfnaBed6stWNVYy8rq
2026-07-31T21:05:46.153+06:00  INFO 578387 --- [pangochain-backend] [io-8080-exec-18] c.pangochain.backend.ipfs.IpfsService    : Fetched 780 bytes from primary IPFS CID=QmdMbyBpoGFK1mURYDVGnjQ4AkNoJfnaBed6stWNVYy8rq
2026-07-31T21:05:46.153+06:00  INFO 578387 --- [pangochain-backend] [io-8080-exec-16] c.pangochain.backend.ipfs.IpfsService    : Fetched 780 bytes from primary IPFS CID=QmdMbyBpoGFK1mURYDVGnjQ4AkNoJfnaBed6stWNVYy8rq
2026-07-31T21:05:46.153+06:00  INFO 578387 --- [pangochain-backend] [nio-8080-exec-5] c.pangochain.backend.ipfs.IpfsService    : Fetched 780 bytes from primary IPFS CID=QmdMbyBpoGFK1mURYDVGnjQ4AkNoJfnaBed6stWNVYy8rq
2026-07-31T21:05:46.153+06:00  INFO 578387 --- [pangochain-backend] [io-8080-exec-14] c.pangochain.backend.ipfs.IpfsService    : Fetched 780 bytes from primary IPFS CID=QmdMbyBpoGFK1mURYDVGnjQ4AkNoJfnaBed6stWNVYy8rq
2026-07-31T21:05:46.154+06:00  INFO 578387 --- [pangochain-backend] [nio-8080-exec-4] c.pangochain.backend.ipfs.IpfsService    : Fetched 780 bytes from primary IPFS CID=QmdMbyBpoGFK1mURYDVGnjQ4AkNoJfnaBed6stWNVYy8rq
2026-07-31T21:05:46.154+06:00  INFO 578387 --- [pangochain-backend] [io-8080-exec-12] c.pangochain.backend.ipfs.IpfsService    : Fetched 780 bytes from primary IPFS CID=QmdMbyBpoGFK1mURYDVGnjQ4AkNoJfnaBed6stWNVYy8rq
2026-07-31T21:05:46.155+06:00  INFO 578387 --- [pangochain-backend] [nio-8080-exec-1] c.pangochain.backend.ipfs.IpfsService    : Fetched 780 bytes from primary IPFS CID=QmdMbyBpoGFK1mURYDVGnjQ4AkNoJfnaBed6stWNVYy8rq
2026-07-31T21:05:46.157+06:00  INFO 578387 --- [pangochain-backend] [nio-8080-exec-6] c.pangochain.backend.ipfs.IpfsService    : Fetched 780 bytes from primary IPFS CID=QmdMbyBpoGFK1mURYDVGnjQ4AkNoJfnaBed6stWNVYy8rq
2026-07-31T21:05:46.161+06:00  INFO 578387 --- [pangochain-backend] [nio-8080-exec-2] c.pangochain.backend.ipfs.IpfsService    : Fetched 780 bytes from primary IPFS CID=QmdMbyBpoGFK1mURYDVGnjQ4AkNoJfnaBed6stWNVYy8rq
2026-07-31T21:05:46.161+06:00  INFO 578387 --- [pangochain-backend] [io-8080-exec-17] c.pangochain.backend.ipfs.IpfsService    : Fetched 780 bytes from primary IPFS CID=QmdMbyBpoGFK1mURYDVGnjQ4AkNoJfnaBed6stWNVYy8rq
2026-07-31T21:05:46.161+06:00  INFO 578387 --- [pangochain-backend] [nio-8080-exec-9] c.pangochain.backend.ipfs.IpfsService    : Fetched 780 bytes from primary IPFS CID=QmdMbyBpoGFK1mURYDVGnjQ4AkNoJfnaBed6stWNVYy8rq
2026-07-31T21:05:46.161+06:00  INFO 578387 --- [pangochain-backend] [io-8080-exec-13] c.pangochain.backend.ipfs.IpfsService    : Fetched 780 bytes from primary IPFS CID=QmdMbyBpoGFK1mURYDVGnjQ4AkNoJfnaBed6stWNVYy8rq
2026-07-31T21:05:46.161+06:00  INFO 578387 --- [pangochain-backend] [io-8080-exec-19] c.pangochain.backend.ipfs.IpfsService    : Fetched 780 bytes from primary IPFS CID=QmdMbyBpoGFK1mURYDVGnjQ4AkNoJfnaBed6stWNVYy8rq
2026-07-31T21:05:46.161+06:00  INFO 578387 --- [pangochain-backend] [io-8080-exec-20] c.pangochain.backend.ipfs.IpfsService    : Fetched 780 bytes from primary IPFS CID=QmdMbyBpoGFK1mURYDVGnjQ4AkNoJfnaBed6stWNVYy8rq
2026-07-31T21:05:46.162+06:00  INFO 578387 --- [pangochain-backend] [nio-8080-exec-8] c.pangochain.backend.ipfs.IpfsService    : Fetched 780 bytes from primary IPFS CID=QmdMbyBpoGFK1mURYDVGnjQ4AkNoJfnaBed6stWNVYy8rq
2026-07-31T21:05:46.162+06:00  INFO 578387 --- [pangochain-backend] [io-8080-exec-11] c.pangochain.backend.ipfs.IpfsService    : Fetched 780 bytes from primary IPFS CID=QmdMbyBpoGFK1mURYDVGnjQ4AkNoJfnaBed6stWNVYy8rq
2026-07-31T21:05:46.163+06:00  INFO 578387 --- [pangochain-backend] [io-8080-exec-15] c.pangochain.backend.ipfs.IpfsService    : Fetched 780 bytes from primary IPFS CID=QmdMbyBpoGFK1mURYDVGnjQ4AkNoJfnaBed6stWNVYy8rq
2026-07-31T21:05:46.166+06:00  INFO 578387 --- [pangochain-backend] [io-8080-exec-10] c.pangochain.backend.ipfs.IpfsService    : Fetched 780 bytes from primary IPFS CID=QmdMbyBpoGFK1mURYDVGnjQ4AkNoJfnaBed6stWNVYy8rq
2026-07-31T21:05:46.169+06:00  INFO 578387 --- [pangochain-backend] [io-8080-exec-18] c.pangochain.backend.ipfs.IpfsService    : Fetched 780 bytes from primary IPFS CID=QmdMbyBpoGFK1mURYDVGnjQ4AkNoJfnaBed6stWNVYy8rq
2026-07-31T21:05:46.169+06:00  INFO 578387 --- [pangochain-backend] [nio-8080-exec-7] c.pangochain.backend.ipfs.IpfsService    : Fetched 780 bytes from primary IPFS CID=QmdMbyBpoGFK1mURYDVGnjQ4AkNoJfnaBed6stWNVYy8rq
2026-07-31T21:05:46.169+06:00  INFO 578387 --- [pangochain-backend] [io-8080-exec-16] c.pangochain.backend.ipfs.IpfsService    : Fetched 780 bytes from primary IPFS CID=QmdMbyBpoGFK1mURYDVGnjQ4AkNoJfnaBed6stWNVYy8rq
2026-07-31T21:05:46.169+06:00  INFO 578387 --- [pangochain-backend] [nio-8080-exec-3] c.pangochain.backend.ipfs.IpfsService    : Fetched 780 bytes from primary IPFS CID=QmdMbyBpoGFK1mURYDVGnjQ4AkNoJfnaBed6stWNVYy8rq
2026-07-31T21:05:46.170+06:00  INFO 578387 --- [pangochain-backend] [io-8080-exec-14] c.pangochain.backend.ipfs.IpfsService    : Fetched 780 bytes from primary IPFS CID=QmdMbyBpoGFK1mURYDVGnjQ4AkNoJfnaBed6stWNVYy8rq
2026-07-31T21:05:46.170+06:00  INFO 578387 --- [pangochain-backend] [nio-8080-exec-4] c.pangochain.backend.ipfs.IpfsService    : Fetched 780 bytes from primary IPFS CID=QmdMbyBpoGFK1mURYDVGnjQ4AkNoJfnaBed6stWNVYy8rq
2026-07-31T21:05:46.170+06:00  INFO 578387 --- [pangochain-backend] [nio-8080-exec-1] c.pangochain.backend.ipfs.IpfsService    : Fetched 780 bytes from primary IPFS CID=QmdMbyBpoGFK1mURYDVGnjQ4AkNoJfnaBed6stWNVYy8rq
2026-07-31T21:05:46.170+06:00  INFO 578387 --- [pangochain-backend] [nio-8080-exec-5] c.pangochain.backend.ipfs.IpfsService    : Fetched 780 bytes from primary IPFS CID=QmdMbyBpoGFK1mURYDVGnjQ4AkNoJfnaBed6stWNVYy8rq
2026-07-31T21:05:46.171+06:00  INFO 578387 --- [pangochain-backend] [io-8080-exec-12] c.pangochain.backend.ipfs.IpfsService    : Fetched 780 bytes from primary IPFS CID=QmdMbyBpoGFK1mURYDVGnjQ4AkNoJfnaBed6stWNVYy8rq
2026-07-31T21:05:46.174+06:00  INFO 578387 --- [pangochain-backend] [nio-8080-exec-6] c.pangochain.backend.ipfs.IpfsService    : Fetched 780 bytes from primary IPFS CID=QmdMbyBpoGFK1mURYDVGnjQ4AkNoJfnaBed6stWNVYy8rq
2026-07-31T21:05:46.178+06:00  INFO 578387 --- [pangochain-backend] [nio-8080-exec-2] c.pangochain.backend.ipfs.IpfsService    : Fetched 780 bytes from primary IPFS CID=QmdMbyBpoGFK1mURYDVGnjQ4AkNoJfnaBed6stWNVYy8rq
2026-07-31T21:05:46.178+06:00  INFO 578387 --- [pangochain-backend] [io-8080-exec-13] c.pangochain.backend.ipfs.IpfsService    : Fetched 780 bytes from primary IPFS CID=QmdMbyBpoGFK1mURYDVGnjQ4AkNoJfnaBed6stWNVYy8rq
2026-07-31T21:05:46.179+06:00  INFO 578387 --- [pangochain-backend] [io-8080-exec-17] c.pangochain.backend.ipfs.IpfsService    : Fetched 780 bytes from primary IPFS CID=QmdMbyBpoGFK1mURYDVGnjQ4AkNoJfnaBed6stWNVYy8rq
2026-07-31T21:05:46.179+06:00  INFO 578387 --- [pangochain-backend] [nio-8080-exec-9] c.pangochain.backend.ipfs.IpfsService    : Fetched 780 bytes from primary IPFS CID=QmdMbyBpoGFK1mURYDVGnjQ4AkNoJfnaBed6stWNVYy8rq
2026-07-31T21:05:46.183+06:00  INFO 578387 --- [pangochain-backend] [io-8080-exec-20] c.pangochain.backend.ipfs.IpfsService    : Fetched 780 bytes from primary IPFS CID=QmdMbyBpoGFK1mURYDVGnjQ4AkNoJfnaBed6stWNVYy8rq
2026-07-31T21:05:46.183+06:00  INFO 578387 --- [pangochain-backend] [io-8080-exec-11] c.pangochain.backend.ipfs.IpfsService    : Fetched 780 bytes from primary IPFS CID=QmdMbyBpoGFK1mURYDVGnjQ4AkNoJfnaBed6stWNVYy8rq
2026-07-31T21:05:46.184+06:00  INFO 578387 --- [pangochain-backend] [nio-8080-exec-8] c.pangochain.backend.ipfs.IpfsService    : Fetched 780 bytes from primary IPFS CID=QmdMbyBpoGFK1mURYDVGnjQ4AkNoJfnaBed6stWNVYy8rq
2026-07-31T21:05:46.184+06:00  INFO 578387 --- [pangochain-backend] [io-8080-exec-15] c.pangochain.backend.ipfs.IpfsService    : Fetched 780 bytes from primary IPFS CID=QmdMbyBpoGFK1mURYDVGnjQ4AkNoJfnaBed6stWNVYy8rq
2026-07-31T21:05:46.184+06:00  INFO 578387 --- [pangochain-backend] [io-8080-exec-19] c.pangochain.backend.ipfs.IpfsService    : Fetched 780 bytes from primary IPFS CID=QmdMbyBpoGFK1mURYDVGnjQ4AkNoJfnaBed6stWNVYy8rq
2026-07-31T21:05:46.185+06:00  INFO 578387 --- [pangochain-backend] [nio-8080-exec-7] c.pangochain.backend.ipfs.IpfsService    : Fetched 780 bytes from primary IPFS CID=QmdMbyBpoGFK1mURYDVGnjQ4AkNoJfnaBed6stWNVYy8rq
2026-07-31T21:05:46.185+06:00  INFO 578387 --- [pangochain-backend] [io-8080-exec-10] c.pangochain.backend.ipfs.IpfsService    : Fetched 780 bytes from primary IPFS CID=QmdMbyBpoGFK1mURYDVGnjQ4AkNoJfnaBed6stWNVYy8rq
2026-07-31T21:05:46.186+06:00  INFO 578387 --- [pangochain-backend] [nio-8080-exec-3] c.pangochain.backend.ipfs.IpfsService    : Fetched 780 bytes from primary IPFS CID=QmdMbyBpoGFK1mURYDVGnjQ4AkNoJfnaBed6stWNVYy8rq
2026-07-31T21:05:46.186+06:00  INFO 578387 --- [pangochain-backend] [io-8080-exec-18] c.pangochain.backend.ipfs.IpfsService    : Fetched 780 bytes from primary IPFS CID=QmdMbyBpoGFK1mURYDVGnjQ4AkNoJfnaBed6stWNVYy8rq
2026-07-31T21:05:46.189+06:00  INFO 578387 --- [pangochain-backend] [io-8080-exec-16] c.pangochain.backend.ipfs.IpfsService    : Fetched 780 bytes from primary IPFS CID=QmdMbyBpoGFK1mURYDVGnjQ4AkNoJfnaBed6stWNVYy8rq
2026-07-31T21:05:46.192+06:00  INFO 578387 --- [pangochain-backend] [nio-8080-exec-1] c.pangochain.backend.ipfs.IpfsService    : Fetched 780 bytes from primary IPFS CID=QmdMbyBpoGFK1mURYDVGnjQ4AkNoJfnaBed6stWNVYy8rq
2026-07-31T21:05:46.194+06:00  INFO 578387 --- [pangochain-backend] [nio-8080-exec-5] c.pangochain.backend.ipfs.IpfsService    : Fetched 780 bytes from primary IPFS CID=QmdMbyBpoGFK1mURYDVGnjQ4AkNoJfnaBed6stWNVYy8rq
2026-07-31T21:05:46.194+06:00  INFO 578387 --- [pangochain-backend] [io-8080-exec-14] c.pangochain.backend.ipfs.IpfsService    : Fetched 780 bytes from primary IPFS CID=QmdMbyBpoGFK1mURYDVGnjQ4AkNoJfnaBed6stWNVYy8rq
2026-07-31T21:05:46.195+06:00  INFO 578387 --- [pangochain-backend] [nio-8080-exec-4] c.pangochain.backend.ipfs.IpfsService    : Fetched 780 bytes from primary IPFS CID=QmdMbyBpoGFK1mURYDVGnjQ4AkNoJfnaBed6stWNVYy8rq
2026-07-31T21:05:46.197+06:00  INFO 578387 --- [pangochain-backend] [io-8080-exec-12] c.pangochain.backend.ipfs.IpfsService    : Fetched 780 bytes from primary IPFS CID=QmdMbyBpoGFK1mURYDVGnjQ4AkNoJfnaBed6stWNVYy8rq
2026-07-31T21:05:46.199+06:00  INFO 578387 --- [pangochain-backend] [io-8080-exec-13] c.pangochain.backend.ipfs.IpfsService    : Fetched 780 bytes from primary IPFS CID=QmdMbyBpoGFK1mURYDVGnjQ4AkNoJfnaBed6stWNVYy8rq
2026-07-31T21:05:46.199+06:00  INFO 578387 --- [pangochain-backend] [nio-8080-exec-6] c.pangochain.backend.ipfs.IpfsService    : Fetched 780 bytes from primary IPFS CID=QmdMbyBpoGFK1mURYDVGnjQ4AkNoJfnaBed6stWNVYy8rq
2026-07-31T21:05:46.201+06:00  INFO 578387 --- [pangochain-backend] [nio-8080-exec-2] c.pangochain.backend.ipfs.IpfsService    : Fetched 780 bytes from primary IPFS CID=QmdMbyBpoGFK1mURYDVGnjQ4AkNoJfnaBed6stWNVYy8rq
2026-07-31T21:05:46.201+06:00  INFO 578387 --- [pangochain-backend] [nio-8080-exec-9] c.pangochain.backend.ipfs.IpfsService    : Fetched 780 bytes from primary IPFS CID=QmdMbyBpoGFK1mURYDVGnjQ4AkNoJfnaBed6stWNVYy8rq
2026-07-31T21:05:46.201+06:00  INFO 578387 --- [pangochain-backend] [nio-8080-exec-4] c.pangochain.backend.ipfs.IpfsService    : Fetched 780 bytes from primary IPFS CID=QmdMbyBpoGFK1mURYDVGnjQ4AkNoJfnaBed6stWNVYy8rq
2026-07-31T21:05:46.201+06:00  INFO 578387 --- [pangochain-backend] [io-8080-exec-17] c.pangochain.backend.ipfs.IpfsService    : Fetched 780 bytes from primary IPFS CID=QmdMbyBpoGFK1mURYDVGnjQ4AkNoJfnaBed6stWNVYy8rq
2026-07-31T21:05:46.202+06:00  INFO 578387 --- [pangochain-backend] [io-8080-exec-15] c.pangochain.backend.ipfs.IpfsService    : Fetched 780 bytes from primary IPFS CID=QmdMbyBpoGFK1mURYDVGnjQ4AkNoJfnaBed6stWNVYy8rq
2026-07-31T21:05:46.202+06:00  INFO 578387 --- [pangochain-backend] [io-8080-exec-11] c.pangochain.backend.ipfs.IpfsService    : Fetched 780 bytes from primary IPFS CID=QmdMbyBpoGFK1mURYDVGnjQ4AkNoJfnaBed6stWNVYy8rq
2026-07-31T21:05:46.204+06:00  INFO 578387 --- [pangochain-backend] [io-8080-exec-20] c.pangochain.backend.ipfs.IpfsService    : Fetched 780 bytes from primary IPFS CID=QmdMbyBpoGFK1mURYDVGnjQ4AkNoJfnaBed6stWNVYy8rq
2026-07-31T21:05:46.205+06:00  INFO 578387 --- [pangochain-backend] [io-8080-exec-19] c.pangochain.backend.ipfs.IpfsService    : Fetched 780 bytes from primary IPFS CID=QmdMbyBpoGFK1mURYDVGnjQ4AkNoJfnaBed6stWNVYy8rq
2026-07-31T21:05:46.207+06:00  INFO 578387 --- [pangochain-backend] [io-8080-exec-10] c.pangochain.backend.ipfs.IpfsService    : Fetched 780 bytes from primary IPFS CID=QmdMbyBpoGFK1mURYDVGnjQ4AkNoJfnaBed6stWNVYy8rq
2026-07-31T21:05:46.209+06:00  INFO 578387 --- [pangochain-backend] [nio-8080-exec-7] c.pangochain.backend.ipfs.IpfsService    : Fetched 780 bytes from primary IPFS CID=QmdMbyBpoGFK1mURYDVGnjQ4AkNoJfnaBed6stWNVYy8rq
2026-07-31T21:05:46.209+06:00  INFO 578387 --- [pangochain-backend] [nio-8080-exec-3] c.pangochain.backend.ipfs.IpfsService    : Fetched 780 bytes from primary IPFS CID=QmdMbyBpoGFK1mURYDVGnjQ4AkNoJfnaBed6stWNVYy8rq
2026-07-31T21:05:46.210+06:00  INFO 578387 --- [pangochain-backend] [nio-8080-exec-1] c.pangochain.backend.ipfs.IpfsService    : Fetched 780 bytes from primary IPFS CID=QmdMbyBpoGFK1mURYDVGnjQ4AkNoJfnaBed6stWNVYy8rq
2026-07-31T21:05:46.211+06:00  INFO 578387 --- [pangochain-backend] [nio-8080-exec-5] c.pangochain.backend.ipfs.IpfsService    : Fetched 780 bytes from primary IPFS CID=QmdMbyBpoGFK1mURYDVGnjQ4AkNoJfnaBed6stWNVYy8rq
2026-07-31T21:05:46.212+06:00  INFO 578387 --- [pangochain-backend] [io-8080-exec-18] c.pangochain.backend.ipfs.IpfsService    : Fetched 780 bytes from primary IPFS CID=QmdMbyBpoGFK1mURYDVGnjQ4AkNoJfnaBed6stWNVYy8rq
2026-07-31T21:05:46.212+06:00  INFO 578387 --- [pangochain-backend] [io-8080-exec-14] c.pangochain.backend.ipfs.IpfsService    : Fetched 780 bytes from primary IPFS CID=QmdMbyBpoGFK1mURYDVGnjQ4AkNoJfnaBed6stWNVYy8rq
2026-07-31T21:05:46.212+06:00  INFO 578387 --- [pangochain-backend] [io-8080-exec-16] c.pangochain.backend.ipfs.IpfsService    : Fetched 780 bytes from primary IPFS CID=QmdMbyBpoGFK1mURYDVGnjQ4AkNoJfnaBed6stWNVYy8rq
2026-07-31T21:05:46.212+06:00  INFO 578387 --- [pangochain-backend] [nio-8080-exec-8] c.pangochain.backend.ipfs.IpfsService    : Fetched 780 bytes from primary IPFS CID=QmdMbyBpoGFK1mURYDVGnjQ4AkNoJfnaBed6stWNVYy8rq
2026-07-31T21:05:46.216+06:00  INFO 578387 --- [pangochain-backend] [io-8080-exec-13] c.pangochain.backend.ipfs.IpfsService    : Fetched 780 bytes from primary IPFS CID=QmdMbyBpoGFK1mURYDVGnjQ4AkNoJfnaBed6stWNVYy8rq
2026-07-31T21:05:46.217+06:00  INFO 578387 --- [pangochain-backend] [io-8080-exec-12] c.pangochain.backend.ipfs.IpfsService    : Fetched 780 bytes from primary IPFS CID=QmdMbyBpoGFK1mURYDVGnjQ4AkNoJfnaBed6stWNVYy8rq
2026-07-31T21:05:46.221+06:00  INFO 578387 --- [pangochain-backend] [io-8080-exec-15] c.pangochain.backend.ipfs.IpfsService    : Fetched 780 bytes from primary IPFS CID=QmdMbyBpoGFK1mURYDVGnjQ4AkNoJfnaBed6stWNVYy8rq
2026-07-31T21:05:46.221+06:00  INFO 578387 --- [pangochain-backend] [nio-8080-exec-2] c.pangochain.backend.ipfs.IpfsService    : Fetched 780 bytes from primary IPFS CID=QmdMbyBpoGFK1mURYDVGnjQ4AkNoJfnaBed6stWNVYy8rq
2026-07-31T21:05:46.221+06:00  INFO 578387 --- [pangochain-backend] [nio-8080-exec-4] c.pangochain.backend.ipfs.IpfsService    : Fetched 780 bytes from primary IPFS CID=QmdMbyBpoGFK1mURYDVGnjQ4AkNoJfnaBed6stWNVYy8rq
2026-07-31T21:05:46.223+06:00  INFO 578387 --- [pangochain-backend] [nio-8080-exec-6] c.pangochain.backend.ipfs.IpfsService    : Fetched 780 bytes from primary IPFS CID=QmdMbyBpoGFK1mURYDVGnjQ4AkNoJfnaBed6stWNVYy8rq
2026-07-31T21:05:46.223+06:00  INFO 578387 --- [pangochain-backend] [io-8080-exec-17] c.pangochain.backend.ipfs.IpfsService    : Fetched 780 bytes from primary IPFS CID=QmdMbyBpoGFK1mURYDVGnjQ4AkNoJfnaBed6stWNVYy8rq
2026-07-31T21:05:46.225+06:00  INFO 578387 --- [pangochain-backend] [io-8080-exec-20] c.pangochain.backend.ipfs.IpfsService    : Fetched 780 bytes from primary IPFS CID=QmdMbyBpoGFK1mURYDVGnjQ4AkNoJfnaBed6stWNVYy8rq
2026-07-31T21:05:46.226+06:00  INFO 578387 --- [pangochain-backend] [io-8080-exec-11] c.pangochain.backend.ipfs.IpfsService    : Fetched 780 bytes from primary IPFS CID=QmdMbyBpoGFK1mURYDVGnjQ4AkNoJfnaBed6stWNVYy8rq
2026-07-31T21:05:46.227+06:00  INFO 578387 --- [pangochain-backend] [nio-8080-exec-9] c.pangochain.backend.ipfs.IpfsService    : Fetched 780 bytes from primary IPFS CID=QmdMbyBpoGFK1mURYDVGnjQ4AkNoJfnaBed6stWNVYy8rq
2026-07-31T21:05:46.228+06:00  INFO 578387 --- [pangochain-backend] [io-8080-exec-10] c.pangochain.backend.ipfs.IpfsService    : Fetched 780 bytes from primary IPFS CID=QmdMbyBpoGFK1mURYDVGnjQ4AkNoJfnaBed6stWNVYy8rq
2026-07-31T21:05:46.231+06:00  INFO 578387 --- [pangochain-backend] [io-8080-exec-19] c.pangochain.backend.ipfs.IpfsService    : Fetched 780 bytes from primary IPFS CID=QmdMbyBpoGFK1mURYDVGnjQ4AkNoJfnaBed6stWNVYy8rq
2026-07-31T21:05:46.231+06:00  INFO 578387 --- [pangochain-backend] [nio-8080-exec-5] c.pangochain.backend.ipfs.IpfsService    : Fetched 780 bytes from primary IPFS CID=QmdMbyBpoGFK1mURYDVGnjQ4AkNoJfnaBed6stWNVYy8rq
2026-07-31T21:05:46.231+06:00  INFO 578387 --- [pangochain-backend] [nio-8080-exec-3] c.pangochain.backend.ipfs.IpfsService    : Fetched 780 bytes from primary IPFS CID=QmdMbyBpoGFK1mURYDVGnjQ4AkNoJfnaBed6stWNVYy8rq
2026-07-31T21:05:46.231+06:00  INFO 578387 --- [pangochain-backend] [io-8080-exec-18] c.pangochain.backend.ipfs.IpfsService    : Fetched 780 bytes from primary IPFS CID=QmdMbyBpoGFK1mURYDVGnjQ4AkNoJfnaBed6stWNVYy8rq
2026-07-31T21:05:46.235+06:00  INFO 578387 --- [pangochain-backend] [nio-8080-exec-1] c.pangochain.backend.ipfs.IpfsService    : Fetched 780 bytes from primary IPFS CID=QmdMbyBpoGFK1mURYDVGnjQ4AkNoJfnaBed6stWNVYy8rq
2026-07-31T21:05:46.237+06:00  INFO 578387 --- [pangochain-backend] [nio-8080-exec-8] c.pangochain.backend.ipfs.IpfsService    : Fetched 780 bytes from primary IPFS CID=QmdMbyBpoGFK1mURYDVGnjQ4AkNoJfnaBed6stWNVYy8rq
2026-07-31T21:05:46.238+06:00  INFO 578387 --- [pangochain-backend] [io-8080-exec-13] c.pangochain.backend.ipfs.IpfsService    : Fetched 780 bytes from primary IPFS CID=QmdMbyBpoGFK1mURYDVGnjQ4AkNoJfnaBed6stWNVYy8rq
2026-07-31T21:05:46.238+06:00  INFO 578387 --- [pangochain-backend] [nio-8080-exec-7] c.pangochain.backend.ipfs.IpfsService    : Fetched 780 bytes from primary IPFS CID=QmdMbyBpoGFK1mURYDVGnjQ4AkNoJfnaBed6stWNVYy8rq
2026-07-31T21:05:46.239+06:00  INFO 578387 --- [pangochain-backend] [io-8080-exec-14] c.pangochain.backend.ipfs.IpfsService    : Fetched 780 bytes from primary IPFS CID=QmdMbyBpoGFK1mURYDVGnjQ4AkNoJfnaBed6stWNVYy8rq
2026-07-31T21:05:46.241+06:00  INFO 578387 --- [pangochain-backend] [io-8080-exec-18] c.pangochain.backend.ipfs.IpfsService    : Fetched 780 bytes from primary IPFS CID=QmdMbyBpoGFK1mURYDVGnjQ4AkNoJfnaBed6stWNVYy8rq
2026-07-31T21:05:46.242+06:00  INFO 578387 --- [pangochain-backend] [io-8080-exec-16] c.pangochain.backend.ipfs.IpfsService    : Fetched 780 bytes from primary IPFS CID=QmdMbyBpoGFK1mURYDVGnjQ4AkNoJfnaBed6stWNVYy8rq
2026-07-31T21:05:46.242+06:00  INFO 578387 --- [pangochain-backend] [io-8080-exec-12] c.pangochain.backend.ipfs.IpfsService    : Fetched 780 bytes from primary IPFS CID=QmdMbyBpoGFK1mURYDVGnjQ4AkNoJfnaBed6stWNVYy8rq
2026-07-31T21:05:46.244+06:00  INFO 578387 --- [pangochain-backend] [io-8080-exec-15] c.pangochain.backend.ipfs.IpfsService    : Fetched 780 bytes from primary IPFS CID=QmdMbyBpoGFK1mURYDVGnjQ4AkNoJfnaBed6stWNVYy8rq
2026-07-31T21:05:46.244+06:00  INFO 578387 --- [pangochain-backend] [nio-8080-exec-4] c.pangochain.backend.ipfs.IpfsService    : Fetched 780 bytes from primary IPFS CID=QmdMbyBpoGFK1mURYDVGnjQ4AkNoJfnaBed6stWNVYy8rq
2026-07-31T21:05:46.245+06:00  INFO 578387 --- [pangochain-backend] [nio-8080-exec-2] c.pangochain.backend.ipfs.IpfsService    : Fetched 780 bytes from primary IPFS CID=QmdMbyBpoGFK1mURYDVGnjQ4AkNoJfnaBed6stWNVYy8rq
2026-07-31T21:05:46.245+06:00  INFO 578387 --- [pangochain-backend] [nio-8080-exec-6] c.pangochain.backend.ipfs.IpfsService    : Fetched 780 bytes from primary IPFS CID=QmdMbyBpoGFK1mURYDVGnjQ4AkNoJfnaBed6stWNVYy8rq
2026-07-31T21:05:46.245+06:00  INFO 578387 --- [pangochain-backend] [io-8080-exec-11] c.pangochain.backend.ipfs.IpfsService    : Fetched 780 bytes from primary IPFS CID=QmdMbyBpoGFK1mURYDVGnjQ4AkNoJfnaBed6stWNVYy8rq
2026-07-31T21:05:46.245+06:00  INFO 578387 --- [pangochain-backend] [io-8080-exec-17] c.pangochain.backend.ipfs.IpfsService    : Fetched 780 bytes from primary IPFS CID=QmdMbyBpoGFK1mURYDVGnjQ4AkNoJfnaBed6stWNVYy8rq
2026-07-31T21:05:46.247+06:00  INFO 578387 --- [pangochain-backend] [io-8080-exec-20] c.pangochain.backend.ipfs.IpfsService    : Fetched 780 bytes from primary IPFS CID=QmdMbyBpoGFK1mURYDVGnjQ4AkNoJfnaBed6stWNVYy8rq
2026-07-31T21:05:46.249+06:00  INFO 578387 --- [pangochain-backend] [nio-8080-exec-5] c.pangochain.backend.ipfs.IpfsService    : Fetched 780 bytes from primary IPFS CID=QmdMbyBpoGFK1mURYDVGnjQ4AkNoJfnaBed6stWNVYy8rq
2026-07-31T21:05:46.249+06:00  INFO 578387 --- [pangochain-backend] [io-8080-exec-10] c.pangochain.backend.ipfs.IpfsService    : Fetched 780 bytes from primary IPFS CID=QmdMbyBpoGFK1mURYDVGnjQ4AkNoJfnaBed6stWNVYy8rq
2026-07-31T21:05:46.250+06:00  INFO 578387 --- [pangochain-backend] [nio-8080-exec-9] c.pangochain.backend.ipfs.IpfsService    : Fetched 780 bytes from primary IPFS CID=QmdMbyBpoGFK1mURYDVGnjQ4AkNoJfnaBed6stWNVYy8rq
2026-07-31T21:05:46.252+06:00  INFO 578387 --- [pangochain-backend] [io-8080-exec-19] c.pangochain.backend.ipfs.IpfsService    : Fetched 780 bytes from primary IPFS CID=QmdMbyBpoGFK1mURYDVGnjQ4AkNoJfnaBed6stWNVYy8rq
2026-07-31T21:05:46.254+06:00  INFO 578387 --- [pangochain-backend] [nio-8080-exec-7] c.pangochain.backend.ipfs.IpfsService    : Fetched 780 bytes from primary IPFS CID=QmdMbyBpoGFK1mURYDVGnjQ4AkNoJfnaBed6stWNVYy8rq
2026-07-31T21:05:46.256+06:00  INFO 578387 --- [pangochain-backend] [nio-8080-exec-8] c.pangochain.backend.ipfs.IpfsService    : Fetched 780 bytes from primary IPFS CID=QmdMbyBpoGFK1mURYDVGnjQ4AkNoJfnaBed6stWNVYy8rq
2026-07-31T21:05:46.257+06:00  INFO 578387 --- [pangochain-backend] [nio-8080-exec-3] c.pangochain.backend.ipfs.IpfsService    : Fetched 780 bytes from primary IPFS CID=QmdMbyBpoGFK1mURYDVGnjQ4AkNoJfnaBed6stWNVYy8rq
2026-07-31T21:05:46.258+06:00  INFO 578387 --- [pangochain-backend] [io-8080-exec-14] c.pangochain.backend.ipfs.IpfsService    : Fetched 780 bytes from primary IPFS CID=QmdMbyBpoGFK1mURYDVGnjQ4AkNoJfnaBed6stWNVYy8rq
2026-07-31T21:05:46.258+06:00  INFO 578387 --- [pangochain-backend] [io-8080-exec-13] c.pangochain.backend.ipfs.IpfsService    : Fetched 780 bytes from primary IPFS CID=QmdMbyBpoGFK1mURYDVGnjQ4AkNoJfnaBed6stWNVYy8rq
2026-07-31T21:05:46.258+06:00  INFO 578387 --- [pangochain-backend] [io-8080-exec-16] c.pangochain.backend.ipfs.IpfsService    : Fetched 780 bytes from primary IPFS CID=QmdMbyBpoGFK1mURYDVGnjQ4AkNoJfnaBed6stWNVYy8rq
2026-07-31T21:05:46.258+06:00  INFO 578387 --- [pangochain-backend] [nio-8080-exec-1] c.pangochain.backend.ipfs.IpfsService    : Fetched 780 bytes from primary IPFS CID=QmdMbyBpoGFK1mURYDVGnjQ4AkNoJfnaBed6stWNVYy8rq
2026-07-31T21:05:46.258+06:00  INFO 578387 --- [pangochain-backend] [io-8080-exec-12] c.pangochain.backend.ipfs.IpfsService    : Fetched 780 bytes from primary IPFS CID=QmdMbyBpoGFK1mURYDVGnjQ4AkNoJfnaBed6stWNVYy8rq
2026-07-31T21:05:46.260+06:00  INFO 578387 --- [pangochain-backend] [io-8080-exec-18] c.pangochain.backend.ipfs.IpfsService    : Fetched 780 bytes from primary IPFS CID=QmdMbyBpoGFK1mURYDVGnjQ4AkNoJfnaBed6stWNVYy8rq
2026-07-31T21:05:46.261+06:00  INFO 578387 --- [pangochain-backend] [io-8080-exec-15] c.pangochain.backend.ipfs.IpfsService    : Fetched 780 bytes from primary IPFS CID=QmdMbyBpoGFK1mURYDVGnjQ4AkNoJfnaBed6stWNVYy8rq
2026-07-31T21:05:46.262+06:00  INFO 578387 --- [pangochain-backend] [nio-8080-exec-4] c.pangochain.backend.ipfs.IpfsService    : Fetched 780 bytes from primary IPFS CID=QmdMbyBpoGFK1mURYDVGnjQ4AkNoJfnaBed6stWNVYy8rq
2026-07-31T21:05:46.263+06:00  INFO 578387 --- [pangochain-backend] [nio-8080-exec-2] c.pangochain.backend.ipfs.IpfsService    : Fetched 780 bytes from primary IPFS CID=QmdMbyBpoGFK1mURYDVGnjQ4AkNoJfnaBed6stWNVYy8rq
2026-07-31T21:05:46.267+06:00  INFO 578387 --- [pangochain-backend] [io-8080-exec-17] c.pangochain.backend.ipfs.IpfsService    : Fetched 780 bytes from primary IPFS CID=QmdMbyBpoGFK1mURYDVGnjQ4AkNoJfnaBed6stWNVYy8rq
2026-07-31T21:05:46.267+06:00  INFO 578387 --- [pangochain-backend] [nio-8080-exec-6] c.pangochain.backend.ipfs.IpfsService    : Fetched 780 bytes from primary IPFS CID=QmdMbyBpoGFK1mURYDVGnjQ4AkNoJfnaBed6stWNVYy8rq
2026-07-31T21:05:46.269+06:00  INFO 578387 --- [pangochain-backend] [io-8080-exec-11] c.pangochain.backend.ipfs.IpfsService    : Fetched 780 bytes from primary IPFS CID=QmdMbyBpoGFK1mURYDVGnjQ4AkNoJfnaBed6stWNVYy8rq
2026-07-31T21:05:46.269+06:00  INFO 578387 --- [pangochain-backend] [io-8080-exec-20] c.pangochain.backend.ipfs.IpfsService    : Fetched 780 bytes from primary IPFS CID=QmdMbyBpoGFK1mURYDVGnjQ4AkNoJfnaBed6stWNVYy8rq
2026-07-31T21:05:46.270+06:00  INFO 578387 --- [pangochain-backend] [nio-8080-exec-5] c.pangochain.backend.ipfs.IpfsService    : Fetched 780 bytes from primary IPFS CID=QmdMbyBpoGFK1mURYDVGnjQ4AkNoJfnaBed6stWNVYy8rq
2026-07-31T21:05:46.274+06:00  INFO 578387 --- [pangochain-backend] [io-8080-exec-19] c.pangochain.backend.ipfs.IpfsService    : Fetched 780 bytes from primary IPFS CID=QmdMbyBpoGFK1mURYDVGnjQ4AkNoJfnaBed6stWNVYy8rq
2026-07-31T21:05:46.275+06:00  INFO 578387 --- [pangochain-backend] [io-8080-exec-10] c.pangochain.backend.ipfs.IpfsService    : Fetched 780 bytes from primary IPFS CID=QmdMbyBpoGFK1mURYDVGnjQ4AkNoJfnaBed6stWNVYy8rq
2026-07-31T21:05:46.277+06:00  INFO 578387 --- [pangochain-backend] [nio-8080-exec-9] c.pangochain.backend.ipfs.IpfsService    : Fetched 780 bytes from primary IPFS CID=QmdMbyBpoGFK1mURYDVGnjQ4AkNoJfnaBed6stWNVYy8rq
2026-07-31T21:05:46.277+06:00  INFO 578387 --- [pangochain-backend] [io-8080-exec-16] c.pangochain.backend.ipfs.IpfsService    : Fetched 780 bytes from primary IPFS CID=QmdMbyBpoGFK1mURYDVGnjQ4AkNoJfnaBed6stWNVYy8rq
2026-07-31T21:05:46.277+06:00  INFO 578387 --- [pangochain-backend] [nio-8080-exec-7] c.pangochain.backend.ipfs.IpfsService    : Fetched 780 bytes from primary IPFS CID=QmdMbyBpoGFK1mURYDVGnjQ4AkNoJfnaBed6stWNVYy8rq
2026-07-31T21:05:46.277+06:00  INFO 578387 --- [pangochain-backend] [io-8080-exec-20] c.pangochain.backend.ipfs.IpfsService    : Fetched 780 bytes from primary IPFS CID=QmdMbyBpoGFK1mURYDVGnjQ4AkNoJfnaBed6stWNVYy8rq
2026-07-31T21:05:46.278+06:00  INFO 578387 --- [pangochain-backend] [nio-8080-exec-3] c.pangochain.backend.ipfs.IpfsService    : Fetched 780 bytes from primary IPFS CID=QmdMbyBpoGFK1mURYDVGnjQ4AkNoJfnaBed6stWNVYy8rq
2026-07-31T21:05:46.278+06:00  INFO 578387 --- [pangochain-backend] [io-8080-exec-11] c.pangochain.backend.ipfs.IpfsService    : Fetched 780 bytes from primary IPFS CID=QmdMbyBpoGFK1mURYDVGnjQ4AkNoJfnaBed6stWNVYy8rq
2026-07-31T21:05:46.279+06:00  INFO 578387 --- [pangochain-backend] [nio-8080-exec-1] c.pangochain.backend.ipfs.IpfsService    : Fetched 780 bytes from primary IPFS CID=QmdMbyBpoGFK1mURYDVGnjQ4AkNoJfnaBed6stWNVYy8rq
2026-07-31T21:05:46.279+06:00  INFO 578387 --- [pangochain-backend] [nio-8080-exec-8] c.pangochain.backend.ipfs.IpfsService    : Fetched 780 bytes from primary IPFS CID=QmdMbyBpoGFK1mURYDVGnjQ4AkNoJfnaBed6stWNVYy8rq
2026-07-31T21:05:46.284+06:00  INFO 578387 --- [pangochain-backend] [io-8080-exec-18] c.pangochain.backend.ipfs.IpfsService    : Fetched 780 bytes from primary IPFS CID=QmdMbyBpoGFK1mURYDVGnjQ4AkNoJfnaBed6stWNVYy8rq
2026-07-31T21:05:46.284+06:00  INFO 578387 --- [pangochain-backend] [io-8080-exec-12] c.pangochain.backend.ipfs.IpfsService    : Fetched 780 bytes from primary IPFS CID=QmdMbyBpoGFK1mURYDVGnjQ4AkNoJfnaBed6stWNVYy8rq
2026-07-31T21:05:46.285+06:00  INFO 578387 --- [pangochain-backend] [nio-8080-exec-3] c.pangochain.backend.ipfs.IpfsService    : Fetched 780 bytes from primary IPFS CID=QmdMbyBpoGFK1mURYDVGnjQ4AkNoJfnaBed6stWNVYy8rq
2026-07-31T21:05:46.285+06:00  INFO 578387 --- [pangochain-backend] [nio-8080-exec-4] c.pangochain.backend.ipfs.IpfsService    : Fetched 780 bytes from primary IPFS CID=QmdMbyBpoGFK1mURYDVGnjQ4AkNoJfnaBed6stWNVYy8rq
2026-07-31T21:05:46.286+06:00  INFO 578387 --- [pangochain-backend] [nio-8080-exec-2] c.pangochain.backend.ipfs.IpfsService    : Fetched 780 bytes from primary IPFS CID=QmdMbyBpoGFK1mURYDVGnjQ4AkNoJfnaBed6stWNVYy8rq
2026-07-31T21:05:46.287+06:00  INFO 578387 --- [pangochain-backend] [io-8080-exec-17] c.pangochain.backend.ipfs.IpfsService    : Fetched 780 bytes from primary IPFS CID=QmdMbyBpoGFK1mURYDVGnjQ4AkNoJfnaBed6stWNVYy8rq
2026-07-31T21:05:46.287+06:00  INFO 578387 --- [pangochain-backend] [nio-8080-exec-5] c.pangochain.backend.ipfs.IpfsService    : Fetched 780 bytes from primary IPFS CID=QmdMbyBpoGFK1mURYDVGnjQ4AkNoJfnaBed6stWNVYy8rq
2026-07-31T21:05:46.288+06:00  INFO 578387 --- [pangochain-backend] [io-8080-exec-14] c.pangochain.backend.ipfs.IpfsService    : Fetched 780 bytes from primary IPFS CID=QmdMbyBpoGFK1mURYDVGnjQ4AkNoJfnaBed6stWNVYy8rq
2026-07-31T21:05:46.289+06:00  INFO 578387 --- [pangochain-backend] [nio-8080-exec-6] c.pangochain.backend.ipfs.IpfsService    : Fetched 780 bytes from primary IPFS CID=QmdMbyBpoGFK1mURYDVGnjQ4AkNoJfnaBed6stWNVYy8rq
2026-07-31T21:05:46.292+06:00  INFO 578387 --- [pangochain-backend] [io-8080-exec-13] c.pangochain.backend.ipfs.IpfsService    : Fetched 780 bytes from primary IPFS CID=QmdMbyBpoGFK1mURYDVGnjQ4AkNoJfnaBed6stWNVYy8rq
2026-07-31T21:05:46.294+06:00  INFO 578387 --- [pangochain-backend] [nio-8080-exec-9] c.pangochain.backend.ipfs.IpfsService    : Fetched 780 bytes from primary IPFS CID=QmdMbyBpoGFK1mURYDVGnjQ4AkNoJfnaBed6stWNVYy8rq
2026-07-31T21:05:46.294+06:00  INFO 578387 --- [pangochain-backend] [io-8080-exec-20] c.pangochain.backend.ipfs.IpfsService    : Fetched 780 bytes from primary IPFS CID=QmdMbyBpoGFK1mURYDVGnjQ4AkNoJfnaBed6stWNVYy8rq
2026-07-31T21:05:46.294+06:00  INFO 578387 --- [pangochain-backend] [io-8080-exec-10] c.pangochain.backend.ipfs.IpfsService    : Fetched 780 bytes from primary IPFS CID=QmdMbyBpoGFK1mURYDVGnjQ4AkNoJfnaBed6stWNVYy8rq
2026-07-31T21:05:46.295+06:00  INFO 578387 --- [pangochain-backend] [io-8080-exec-15] c.pangochain.backend.ipfs.IpfsService    : Fetched 780 bytes from primary IPFS CID=QmdMbyBpoGFK1mURYDVGnjQ4AkNoJfnaBed6stWNVYy8rq
2026-07-31T21:05:46.296+06:00  INFO 578387 --- [pangochain-backend] [io-8080-exec-16] c.pangochain.backend.ipfs.IpfsService    : Fetched 780 bytes from primary IPFS CID=QmdMbyBpoGFK1mURYDVGnjQ4AkNoJfnaBed6stWNVYy8rq
2026-07-31T21:05:46.296+06:00  INFO 578387 --- [pangochain-backend] [io-8080-exec-11] c.pangochain.backend.ipfs.IpfsService    : Fetched 780 bytes from primary IPFS CID=QmdMbyBpoGFK1mURYDVGnjQ4AkNoJfnaBed6stWNVYy8rq
2026-07-31T21:05:46.296+06:00  INFO 578387 --- [pangochain-backend] [nio-8080-exec-7] c.pangochain.backend.ipfs.IpfsService    : Fetched 780 bytes from primary IPFS CID=QmdMbyBpoGFK1mURYDVGnjQ4AkNoJfnaBed6stWNVYy8rq
2026-07-31T21:05:46.297+06:00  INFO 578387 --- [pangochain-backend] [io-8080-exec-19] c.pangochain.backend.ipfs.IpfsService    : Fetched 780 bytes from primary IPFS CID=QmdMbyBpoGFK1mURYDVGnjQ4AkNoJfnaBed6stWNVYy8rq
2026-07-31T21:05:46.298+06:00  INFO 578387 --- [pangochain-backend] [nio-8080-exec-1] c.pangochain.backend.ipfs.IpfsService    : Fetched 780 bytes from primary IPFS CID=QmdMbyBpoGFK1mURYDVGnjQ4AkNoJfnaBed6stWNVYy8rq
2026-07-31T21:05:46.303+06:00  INFO 578387 --- [pangochain-backend] [io-8080-exec-18] c.pangochain.backend.ipfs.IpfsService    : Fetched 780 bytes from primary IPFS CID=QmdMbyBpoGFK1mURYDVGnjQ4AkNoJfnaBed6stWNVYy8rq
2026-07-31T21:05:46.304+06:00  INFO 578387 --- [pangochain-backend] [io-8080-exec-12] c.pangochain.backend.ipfs.IpfsService    : Fetched 780 bytes from primary IPFS CID=QmdMbyBpoGFK1mURYDVGnjQ4AkNoJfnaBed6stWNVYy8rq
2026-07-31T21:05:46.306+06:00  INFO 578387 --- [pangochain-backend] [io-8080-exec-11] c.pangochain.backend.ipfs.IpfsService    : Fetched 780 bytes from primary IPFS CID=QmdMbyBpoGFK1mURYDVGnjQ4AkNoJfnaBed6stWNVYy8rq
2026-07-31T21:05:46.308+06:00  INFO 578387 --- [pangochain-backend] [nio-8080-exec-8] c.pangochain.backend.ipfs.IpfsService    : Fetched 780 bytes from primary IPFS CID=QmdMbyBpoGFK1mURYDVGnjQ4AkNoJfnaBed6stWNVYy8rq
2026-07-31T21:05:46.308+06:00  INFO 578387 --- [pangochain-backend] [nio-8080-exec-3] c.pangochain.backend.ipfs.IpfsService    : Fetched 780 bytes from primary IPFS CID=QmdMbyBpoGFK1mURYDVGnjQ4AkNoJfnaBed6stWNVYy8rq
2026-07-31T21:05:46.314+06:00  INFO 578387 --- [pangochain-backend] [io-8080-exec-17] c.pangochain.backend.ipfs.IpfsService    : Fetched 780 bytes from primary IPFS CID=QmdMbyBpoGFK1mURYDVGnjQ4AkNoJfnaBed6stWNVYy8rq
2026-07-31T21:05:46.316+06:00  INFO 578387 --- [pangochain-backend] [io-8080-exec-14] c.pangochain.backend.ipfs.IpfsService    : Fetched 780 bytes from primary IPFS CID=QmdMbyBpoGFK1mURYDVGnjQ4AkNoJfnaBed6stWNVYy8rq
2026-07-31T21:05:46.327+06:00  INFO 578387 --- [pangochain-backend] [nio-8080-exec-6] c.pangochain.backend.ipfs.IpfsService    : Fetched 780 bytes from primary IPFS CID=QmdMbyBpoGFK1mURYDVGnjQ4AkNoJfnaBed6stWNVYy8rq
2026-07-31T21:05:46.327+06:00  INFO 578387 --- [pangochain-backend] [nio-8080-exec-2] c.pangochain.backend.ipfs.IpfsService    : Fetched 780 bytes from primary IPFS CID=QmdMbyBpoGFK1mURYDVGnjQ4AkNoJfnaBed6stWNVYy8rq
2026-07-31T21:05:46.338+06:00  INFO 578387 --- [pangochain-backend] [io-8080-exec-12] c.pangochain.backend.ipfs.IpfsService    : Fetched 780 bytes from primary IPFS CID=QmdMbyBpoGFK1mURYDVGnjQ4AkNoJfnaBed6stWNVYy8rq
2026-07-31T21:05:46.339+06:00  INFO 578387 --- [pangochain-backend] [io-8080-exec-13] c.pangochain.backend.ipfs.IpfsService    : Fetched 780 bytes from primary IPFS CID=QmdMbyBpoGFK1mURYDVGnjQ4AkNoJfnaBed6stWNVYy8rq
2026-07-31T21:05:46.348+06:00  INFO 578387 --- [pangochain-backend] [nio-8080-exec-5] c.pangochain.backend.ipfs.IpfsService    : Fetched 780 bytes from primary IPFS CID=QmdMbyBpoGFK1mURYDVGnjQ4AkNoJfnaBed6stWNVYy8rq
2026-07-31T21:05:46.353+06:00  INFO 578387 --- [pangochain-backend] [io-8080-exec-10] c.pangochain.backend.ipfs.IpfsService    : Fetched 780 bytes from primary IPFS CID=QmdMbyBpoGFK1mURYDVGnjQ4AkNoJfnaBed6stWNVYy8rq
2026-07-31T21:05:46.354+06:00  INFO 578387 --- [pangochain-backend] [io-8080-exec-20] c.pangochain.backend.ipfs.IpfsService    : Fetched 780 bytes from primary IPFS CID=QmdMbyBpoGFK1mURYDVGnjQ4AkNoJfnaBed6stWNVYy8rq
2026-07-31T21:05:46.365+06:00  INFO 578387 --- [pangochain-backend] [nio-8080-exec-9] c.pangochain.backend.ipfs.IpfsService    : Fetched 780 bytes from primary IPFS CID=QmdMbyBpoGFK1mURYDVGnjQ4AkNoJfnaBed6stWNVYy8rq
2026-07-31T21:05:46.367+06:00  INFO 578387 --- [pangochain-backend] [io-8080-exec-16] c.pangochain.backend.ipfs.IpfsService    : Fetched 780 bytes from primary IPFS CID=QmdMbyBpoGFK1mURYDVGnjQ4AkNoJfnaBed6stWNVYy8rq
2026-07-31T21:05:46.372+06:00  INFO 578387 --- [pangochain-backend] [io-8080-exec-15] c.pangochain.backend.ipfs.IpfsService    : Fetched 780 bytes from primary IPFS CID=QmdMbyBpoGFK1mURYDVGnjQ4AkNoJfnaBed6stWNVYy8rq
2026-07-31T21:05:46.384+06:00  INFO 578387 --- [pangochain-backend] [nio-8080-exec-4] c.pangochain.backend.ipfs.IpfsService    : Fetched 780 bytes from primary IPFS CID=QmdMbyBpoGFK1mURYDVGnjQ4AkNoJfnaBed6stWNVYy8rq
2026-07-31T21:05:46.388+06:00  INFO 578387 --- [pangochain-backend] [nio-8080-exec-7] c.pangochain.backend.ipfs.IpfsService    : Fetched 780 bytes from primary IPFS CID=QmdMbyBpoGFK1mURYDVGnjQ4AkNoJfnaBed6stWNVYy8rq
2026-07-31T21:05:46.412+06:00  INFO 578387 --- [pangochain-backend] [io-8080-exec-12] c.pangochain.backend.ipfs.IpfsService    : Fetched 780 bytes from primary IPFS CID=QmdMbyBpoGFK1mURYDVGnjQ4AkNoJfnaBed6stWNVYy8rq
2026-07-31T21:05:46.437+06:00  INFO 578387 --- [pangochain-backend] [nio-8080-exec-8] c.pangochain.backend.ipfs.IpfsService    : Fetched 780 bytes from primary IPFS CID=QmdMbyBpoGFK1mURYDVGnjQ4AkNoJfnaBed6stWNVYy8rq
2026-07-31T21:05:46.445+06:00  INFO 578387 --- [pangochain-backend] [io-8080-exec-19] c.pangochain.backend.ipfs.IpfsService    : Fetched 780 bytes from primary IPFS CID=QmdMbyBpoGFK1mURYDVGnjQ4AkNoJfnaBed6stWNVYy8rq
2026-07-31T21:05:46.448+06:00  INFO 578387 --- [pangochain-backend] [io-8080-exec-17] c.pangochain.backend.ipfs.IpfsService    : Fetched 780 bytes from primary IPFS CID=QmdMbyBpoGFK1mURYDVGnjQ4AkNoJfnaBed6stWNVYy8rq
2026-07-31T21:05:46.448+06:00  INFO 578387 --- [pangochain-backend] [nio-8080-exec-1] c.pangochain.backend.ipfs.IpfsService    : Fetched 780 bytes from primary IPFS CID=QmdMbyBpoGFK1mURYDVGnjQ4AkNoJfnaBed6stWNVYy8rq
2026-07-31T21:05:46.450+06:00  INFO 578387 --- [pangochain-backend] [nio-8080-exec-3] c.pangochain.backend.ipfs.IpfsService    : Fetched 780 bytes from primary IPFS CID=QmdMbyBpoGFK1mURYDVGnjQ4AkNoJfnaBed6stWNVYy8rq
2026-07-31T21:05:46.460+06:00  INFO 578387 --- [pangochain-backend] [io-8080-exec-18] c.pangochain.backend.ipfs.IpfsService    : Fetched 780 bytes from primary IPFS CID=QmdMbyBpoGFK1mURYDVGnjQ4AkNoJfnaBed6stWNVYy8rq
2026-07-31T21:05:46.461+06:00  INFO 578387 --- [pangochain-backend] [nio-8080-exec-2] c.pangochain.backend.ipfs.IpfsService    : Fetched 780 bytes from primary IPFS CID=QmdMbyBpoGFK1mURYDVGnjQ4AkNoJfnaBed6stWNVYy8rq
2026-07-31T21:05:46.469+06:00  INFO 578387 --- [pangochain-backend] [io-8080-exec-11] c.pangochain.backend.ipfs.IpfsService    : Fetched 780 bytes from primary IPFS CID=QmdMbyBpoGFK1mURYDVGnjQ4AkNoJfnaBed6stWNVYy8rq
2026-07-31T21:05:46.473+06:00  INFO 578387 --- [pangochain-backend] [io-8080-exec-14] c.pangochain.backend.ipfs.IpfsService    : Fetched 780 bytes from primary IPFS CID=QmdMbyBpoGFK1mURYDVGnjQ4AkNoJfnaBed6stWNVYy8rq
2026-07-31T21:05:46.500+06:00  INFO 578387 --- [pangochain-backend] [nio-8080-exec-6] c.pangochain.backend.ipfs.IpfsService    : Fetched 780 bytes from primary IPFS CID=QmdMbyBpoGFK1mURYDVGnjQ4AkNoJfnaBed6stWNVYy8rq
2026-07-31T21:05:46.500+06:00  INFO 578387 --- [pangochain-backend] [io-8080-exec-13] c.pangochain.backend.ipfs.IpfsService    : Fetched 780 bytes from primary IPFS CID=QmdMbyBpoGFK1mURYDVGnjQ4AkNoJfnaBed6stWNVYy8rq
2026-07-31T21:05:46.509+06:00  INFO 578387 --- [pangochain-backend] [nio-8080-exec-5] c.pangochain.backend.ipfs.IpfsService    : Fetched 780 bytes from primary IPFS CID=QmdMbyBpoGFK1mURYDVGnjQ4AkNoJfnaBed6stWNVYy8rq
2026-07-31T21:05:46.523+06:00  INFO 578387 --- [pangochain-backend] [io-8080-exec-10] c.pangochain.backend.ipfs.IpfsService    : Fetched 780 bytes from primary IPFS CID=QmdMbyBpoGFK1mURYDVGnjQ4AkNoJfnaBed6stWNVYy8rq
2026-07-31T21:05:46.528+06:00  INFO 578387 --- [pangochain-backend] [io-8080-exec-20] c.pangochain.backend.ipfs.IpfsService    : Fetched 780 bytes from primary IPFS CID=QmdMbyBpoGFK1mURYDVGnjQ4AkNoJfnaBed6stWNVYy8rq
2026-07-31T21:05:46.534+06:00  INFO 578387 --- [pangochain-backend] [io-8080-exec-17] c.pangochain.backend.ipfs.IpfsService    : Fetched 780 bytes from primary IPFS CID=QmdMbyBpoGFK1mURYDVGnjQ4AkNoJfnaBed6stWNVYy8rq
2026-07-31T21:05:46.536+06:00  INFO 578387 --- [pangochain-backend] [io-8080-exec-16] c.pangochain.backend.ipfs.IpfsService    : Fetched 780 bytes from primary IPFS CID=QmdMbyBpoGFK1mURYDVGnjQ4AkNoJfnaBed6stWNVYy8rq
2026-07-31T21:05:46.541+06:00  INFO 578387 --- [pangochain-backend] [nio-8080-exec-9] c.pangochain.backend.ipfs.IpfsService    : Fetched 780 bytes from primary IPFS CID=QmdMbyBpoGFK1mURYDVGnjQ4AkNoJfnaBed6stWNVYy8rq
2026-07-31T21:05:46.542+06:00  INFO 578387 --- [pangochain-backend] [io-8080-exec-15] c.pangochain.backend.ipfs.IpfsService    : Fetched 780 bytes from primary IPFS CID=QmdMbyBpoGFK1mURYDVGnjQ4AkNoJfnaBed6stWNVYy8rq
2026-07-31T21:05:46.543+06:00  INFO 578387 --- [pangochain-backend] [io-8080-exec-11] c.pangochain.backend.ipfs.IpfsService    : Fetched 780 bytes from primary IPFS CID=QmdMbyBpoGFK1mURYDVGnjQ4AkNoJfnaBed6stWNVYy8rq
2026-07-31T21:05:46.558+06:00  INFO 578387 --- [pangochain-backend] [nio-8080-exec-4] c.pangochain.backend.ipfs.IpfsService    : Fetched 780 bytes from primary IPFS CID=QmdMbyBpoGFK1mURYDVGnjQ4AkNoJfnaBed6stWNVYy8rq
2026-07-31T21:05:46.583+06:00  INFO 578387 --- [pangochain-backend] [nio-8080-exec-7] c.pangochain.backend.ipfs.IpfsService    : Fetched 780 bytes from primary IPFS CID=QmdMbyBpoGFK1mURYDVGnjQ4AkNoJfnaBed6stWNVYy8rq
2026-07-31T21:05:46.696+06:00  INFO 578387 --- [pangochain-backend] [io-8080-exec-18] c.pangochain.backend.ipfs.IpfsService    : Fetched 780 bytes from primary IPFS CID=QmdMbyBpoGFK1mURYDVGnjQ4AkNoJfnaBed6stWNVYy8rq
2026-07-31T21:05:46.742+06:00  INFO 578387 --- [pangochain-backend] [nio-8080-exec-1] c.pangochain.backend.ipfs.IpfsService    : Fetched 780 bytes from primary IPFS CID=QmdMbyBpoGFK1mURYDVGnjQ4AkNoJfnaBed6stWNVYy8rq
2026-07-31T21:05:46.744+06:00  INFO 578387 --- [pangochain-backend] [io-8080-exec-19] c.pangochain.backend.ipfs.IpfsService    : Fetched 780 bytes from primary IPFS CID=QmdMbyBpoGFK1mURYDVGnjQ4AkNoJfnaBed6stWNVYy8rq
2026-07-31T21:05:46.744+06:00  INFO 578387 --- [pangochain-backend] [nio-8080-exec-5] c.pangochain.backend.ipfs.IpfsService    : Fetched 780 bytes from primary IPFS CID=QmdMbyBpoGFK1mURYDVGnjQ4AkNoJfnaBed6stWNVYy8rq
2026-07-31T21:05:46.746+06:00  INFO 578387 --- [pangochain-backend] [io-8080-exec-13] c.pangochain.backend.ipfs.IpfsService    : Fetched 780 bytes from primary IPFS CID=QmdMbyBpoGFK1mURYDVGnjQ4AkNoJfnaBed6stWNVYy8rq
2026-07-31T21:05:46.750+06:00  INFO 578387 --- [pangochain-backend] [io-8080-exec-17] c.pangochain.backend.ipfs.IpfsService    : Fetched 780 bytes from primary IPFS CID=QmdMbyBpoGFK1mURYDVGnjQ4AkNoJfnaBed6stWNVYy8rq
2026-07-31T21:05:46.750+06:00  INFO 578387 --- [pangochain-backend] [io-8080-exec-14] c.pangochain.backend.ipfs.IpfsService    : Fetched 780 bytes from primary IPFS CID=QmdMbyBpoGFK1mURYDVGnjQ4AkNoJfnaBed6stWNVYy8rq
2026-07-31T21:05:46.754+06:00  INFO 578387 --- [pangochain-backend] [nio-8080-exec-6] c.pangochain.backend.ipfs.IpfsService    : Fetched 780 bytes from primary IPFS CID=QmdMbyBpoGFK1mURYDVGnjQ4AkNoJfnaBed6stWNVYy8rq
2026-07-31T21:05:46.753+06:00  INFO 578387 --- [pangochain-backend] [io-8080-exec-16] c.pangochain.backend.ipfs.IpfsService    : Fetched 780 bytes from primary IPFS CID=QmdMbyBpoGFK1mURYDVGnjQ4AkNoJfnaBed6stWNVYy8rq
2026-07-31T21:05:46.757+06:00  INFO 578387 --- [pangochain-backend] [nio-8080-exec-2] c.pangochain.backend.ipfs.IpfsService    : Fetched 780 bytes from primary IPFS CID=QmdMbyBpoGFK1mURYDVGnjQ4AkNoJfnaBed6stWNVYy8rq
2026-07-31T21:05:46.764+06:00  INFO 578387 --- [pangochain-backend] [io-8080-exec-10] c.pangochain.backend.ipfs.IpfsService    : Fetched 780 bytes from primary IPFS CID=QmdMbyBpoGFK1mURYDVGnjQ4AkNoJfnaBed6stWNVYy8rq
2026-07-31T21:05:46.766+06:00  INFO 578387 --- [pangochain-backend] [nio-8080-exec-8] c.pangochain.backend.ipfs.IpfsService    : Fetched 780 bytes from primary IPFS CID=QmdMbyBpoGFK1mURYDVGnjQ4AkNoJfnaBed6stWNVYy8rq
2026-07-31T21:05:46.766+06:00  INFO 578387 --- [pangochain-backend] [nio-8080-exec-4] c.pangochain.backend.ipfs.IpfsService    : Fetched 780 bytes from primary IPFS CID=QmdMbyBpoGFK1mURYDVGnjQ4AkNoJfnaBed6stWNVYy8rq
2026-07-31T21:05:46.767+06:00  INFO 578387 --- [pangochain-backend] [nio-8080-exec-3] c.pangochain.backend.ipfs.IpfsService    : Fetched 780 bytes from primary IPFS CID=QmdMbyBpoGFK1mURYDVGnjQ4AkNoJfnaBed6stWNVYy8rq
2026-07-31T21:05:46.768+06:00  INFO 578387 --- [pangochain-backend] [io-8080-exec-12] c.pangochain.backend.ipfs.IpfsService    : Fetched 780 bytes from primary IPFS CID=QmdMbyBpoGFK1mURYDVGnjQ4AkNoJfnaBed6stWNVYy8rq
2026-07-31T21:05:46.770+06:00  INFO 578387 --- [pangochain-backend] [nio-8080-exec-7] c.pangochain.backend.ipfs.IpfsService    : Fetched 780 bytes from primary IPFS CID=QmdMbyBpoGFK1mURYDVGnjQ4AkNoJfnaBed6stWNVYy8rq
2026-07-31T21:05:46.775+06:00  INFO 578387 --- [pangochain-backend] [io-8080-exec-15] c.pangochain.backend.ipfs.IpfsService    : Fetched 780 bytes from primary IPFS CID=QmdMbyBpoGFK1mURYDVGnjQ4AkNoJfnaBed6stWNVYy8rq
2026-07-31T21:05:46.776+06:00  INFO 578387 --- [pangochain-backend] [nio-8080-exec-9] c.pangochain.backend.ipfs.IpfsService    : Fetched 780 bytes from primary IPFS CID=QmdMbyBpoGFK1mURYDVGnjQ4AkNoJfnaBed6stWNVYy8rq
2026-07-31T21:05:46.776+06:00  INFO 578387 --- [pangochain-backend] [io-8080-exec-11] c.pangochain.backend.ipfs.IpfsService    : Fetched 780 bytes from primary IPFS CID=QmdMbyBpoGFK1mURYDVGnjQ4AkNoJfnaBed6stWNVYy8rq
2026-07-31T21:05:46.803+06:00  INFO 578387 --- [pangochain-backend] [io-8080-exec-20] c.pangochain.backend.ipfs.IpfsService    : Fetched 780 bytes from primary IPFS CID=QmdMbyBpoGFK1mURYDVGnjQ4AkNoJfnaBed6stWNVYy8rq
2026-07-31T21:05:46.892+06:00  INFO 578387 --- [pangochain-backend] [io-8080-exec-14] c.pangochain.backend.ipfs.IpfsService    : Fetched 780 bytes from primary IPFS CID=QmdMbyBpoGFK1mURYDVGnjQ4AkNoJfnaBed6stWNVYy8rq
2026-07-31T21:05:46.894+06:00  INFO 578387 --- [pangochain-backend] [io-8080-exec-17] c.pangochain.backend.ipfs.IpfsService    : Fetched 780 bytes from primary IPFS CID=QmdMbyBpoGFK1mURYDVGnjQ4AkNoJfnaBed6stWNVYy8rq
2026-07-31T21:05:46.894+06:00  INFO 578387 --- [pangochain-backend] [nio-8080-exec-6] c.pangochain.backend.ipfs.IpfsService    : Fetched 780 bytes from primary IPFS CID=QmdMbyBpoGFK1mURYDVGnjQ4AkNoJfnaBed6stWNVYy8rq
2026-07-31T21:05:46.895+06:00  INFO 578387 --- [pangochain-backend] [nio-8080-exec-8] c.pangochain.backend.ipfs.IpfsService    : Fetched 780 bytes from primary IPFS CID=QmdMbyBpoGFK1mURYDVGnjQ4AkNoJfnaBed6stWNVYy8rq
2026-07-31T21:05:46.896+06:00  INFO 578387 --- [pangochain-backend] [nio-8080-exec-5] c.pangochain.backend.ipfs.IpfsService    : Fetched 780 bytes from primary IPFS CID=QmdMbyBpoGFK1mURYDVGnjQ4AkNoJfnaBed6stWNVYy8rq
2026-07-31T21:05:46.897+06:00  INFO 578387 --- [pangochain-backend] [io-8080-exec-16] c.pangochain.backend.ipfs.IpfsService    : Fetched 780 bytes from primary IPFS CID=QmdMbyBpoGFK1mURYDVGnjQ4AkNoJfnaBed6stWNVYy8rq
2026-07-31T21:05:46.896+06:00  INFO 578387 --- [pangochain-backend] [nio-8080-exec-1] c.pangochain.backend.ipfs.IpfsService    : Fetched 780 bytes from primary IPFS CID=QmdMbyBpoGFK1mURYDVGnjQ4AkNoJfnaBed6stWNVYy8rq
2026-07-31T21:05:46.900+06:00  INFO 578387 --- [pangochain-backend] [io-8080-exec-15] c.pangochain.backend.ipfs.IpfsService    : Fetched 780 bytes from primary IPFS CID=QmdMbyBpoGFK1mURYDVGnjQ4AkNoJfnaBed6stWNVYy8rq
2026-07-31T21:05:46.900+06:00  INFO 578387 --- [pangochain-backend] [io-8080-exec-13] c.pangochain.backend.ipfs.IpfsService    : Fetched 780 bytes from primary IPFS CID=QmdMbyBpoGFK1mURYDVGnjQ4AkNoJfnaBed6stWNVYy8rq
2026-07-31T21:05:46.903+06:00  INFO 578387 --- [pangochain-backend] [io-8080-exec-18] c.pangochain.backend.ipfs.IpfsService    : Fetched 780 bytes from primary IPFS CID=QmdMbyBpoGFK1mURYDVGnjQ4AkNoJfnaBed6stWNVYy8rq
2026-07-31T21:05:46.904+06:00  INFO 578387 --- [pangochain-backend] [nio-8080-exec-4] c.pangochain.backend.ipfs.IpfsService    : Fetched 780 bytes from primary IPFS CID=QmdMbyBpoGFK1mURYDVGnjQ4AkNoJfnaBed6stWNVYy8rq
2026-07-31T21:05:46.904+06:00  INFO 578387 --- [pangochain-backend] [nio-8080-exec-9] c.pangochain.backend.ipfs.IpfsService    : Fetched 780 bytes from primary IPFS CID=QmdMbyBpoGFK1mURYDVGnjQ4AkNoJfnaBed6stWNVYy8rq
2026-07-31T21:05:46.906+06:00  INFO 578387 --- [pangochain-backend] [nio-8080-exec-2] c.pangochain.backend.ipfs.IpfsService    : Fetched 780 bytes from primary IPFS CID=QmdMbyBpoGFK1mURYDVGnjQ4AkNoJfnaBed6stWNVYy8rq
2026-07-31T21:05:46.907+06:00  INFO 578387 --- [pangochain-backend] [io-8080-exec-21] c.pangochain.backend.ipfs.IpfsService    : Fetched 780 bytes from primary IPFS CID=QmdMbyBpoGFK1mURYDVGnjQ4AkNoJfnaBed6stWNVYy8rq
2026-07-31T21:05:46.908+06:00  INFO 578387 --- [pangochain-backend] [io-8080-exec-20] c.pangochain.backend.ipfs.IpfsService    : Fetched 780 bytes from primary IPFS CID=QmdMbyBpoGFK1mURYDVGnjQ4AkNoJfnaBed6stWNVYy8rq
2026-07-31T21:05:46.908+06:00  INFO 578387 --- [pangochain-backend] [io-8080-exec-11] c.pangochain.backend.ipfs.IpfsService    : Fetched 780 bytes from primary IPFS CID=QmdMbyBpoGFK1mURYDVGnjQ4AkNoJfnaBed6stWNVYy8rq
2026-07-31T21:05:46.908+06:00  INFO 578387 --- [pangochain-backend] [io-8080-exec-12] c.pangochain.backend.ipfs.IpfsService    : Fetched 780 bytes from primary IPFS CID=QmdMbyBpoGFK1mURYDVGnjQ4AkNoJfnaBed6stWNVYy8rq
2026-07-31T21:05:46.909+06:00  INFO 578387 --- [pangochain-backend] [io-8080-exec-25] c.pangochain.backend.ipfs.IpfsService    : Fetched 780 bytes from primary IPFS CID=QmdMbyBpoGFK1mURYDVGnjQ4AkNoJfnaBed6stWNVYy8rq
2026-07-31T21:05:46.910+06:00  INFO 578387 --- [pangochain-backend] [io-8080-exec-24] c.pangochain.backend.ipfs.IpfsService    : Fetched 780 bytes from primary IPFS CID=QmdMbyBpoGFK1mURYDVGnjQ4AkNoJfnaBed6stWNVYy8rq
2026-07-31T21:05:46.912+06:00  INFO 578387 --- [pangochain-backend] [nio-8080-exec-6] c.pangochain.backend.ipfs.IpfsService    : Fetched 780 bytes from primary IPFS CID=QmdMbyBpoGFK1mURYDVGnjQ4AkNoJfnaBed6stWNVYy8rq
2026-07-31T21:05:46.910+06:00  INFO 578387 --- [pangochain-backend] [io-8080-exec-19] c.pangochain.backend.ipfs.IpfsService    : Fetched 780 bytes from primary IPFS CID=QmdMbyBpoGFK1mURYDVGnjQ4AkNoJfnaBed6stWNVYy8rq
2026-07-31T21:05:46.913+06:00  INFO 578387 --- [pangochain-backend] [nio-8080-exec-3] c.pangochain.backend.ipfs.IpfsService    : Fetched 780 bytes from primary IPFS CID=QmdMbyBpoGFK1mURYDVGnjQ4AkNoJfnaBed6stWNVYy8rq
2026-07-31T21:05:46.910+06:00  INFO 578387 --- [pangochain-backend] [io-8080-exec-10] c.pangochain.backend.ipfs.IpfsService    : Fetched 780 bytes from primary IPFS CID=QmdMbyBpoGFK1mURYDVGnjQ4AkNoJfnaBed6stWNVYy8rq
2026-07-31T21:05:46.914+06:00  INFO 578387 --- [pangochain-backend] [io-8080-exec-29] c.pangochain.backend.ipfs.IpfsService    : Fetched 780 bytes from primary IPFS CID=QmdMbyBpoGFK1mURYDVGnjQ4AkNoJfnaBed6stWNVYy8rq
2026-07-31T21:05:46.915+06:00  INFO 578387 --- [pangochain-backend] [io-8080-exec-28] c.pangochain.backend.ipfs.IpfsService    : Fetched 780 bytes from primary IPFS CID=QmdMbyBpoGFK1mURYDVGnjQ4AkNoJfnaBed6stWNVYy8rq
2026-07-31T21:05:46.915+06:00  INFO 578387 --- [pangochain-backend] [io-8080-exec-23] c.pangochain.backend.ipfs.IpfsService    : Fetched 780 bytes from primary IPFS CID=QmdMbyBpoGFK1mURYDVGnjQ4AkNoJfnaBed6stWNVYy8rq
2026-07-31T21:05:46.917+06:00  INFO 578387 --- [pangochain-backend] [io-8080-exec-27] c.pangochain.backend.ipfs.IpfsService    : Fetched 780 bytes from primary IPFS CID=QmdMbyBpoGFK1mURYDVGnjQ4AkNoJfnaBed6stWNVYy8rq
2026-07-31T21:05:46.918+06:00  INFO 578387 --- [pangochain-backend] [io-8080-exec-31] c.pangochain.backend.ipfs.IpfsService    : Fetched 780 bytes from primary IPFS CID=QmdMbyBpoGFK1mURYDVGnjQ4AkNoJfnaBed6stWNVYy8rq
2026-07-31T21:05:46.921+06:00  INFO 578387 --- [pangochain-backend] [nio-8080-exec-7] c.pangochain.backend.ipfs.IpfsService    : Fetched 780 bytes from primary IPFS CID=QmdMbyBpoGFK1mURYDVGnjQ4AkNoJfnaBed6stWNVYy8rq
2026-07-31T21:05:46.921+06:00  INFO 578387 --- [pangochain-backend] [nio-8080-exec-8] c.pangochain.backend.ipfs.IpfsService    : Fetched 780 bytes from primary IPFS CID=QmdMbyBpoGFK1mURYDVGnjQ4AkNoJfnaBed6stWNVYy8rq
2026-07-31T21:05:46.921+06:00  INFO 578387 --- [pangochain-backend] [io-8080-exec-30] c.pangochain.backend.ipfs.IpfsService    : Fetched 780 bytes from primary IPFS CID=QmdMbyBpoGFK1mURYDVGnjQ4AkNoJfnaBed6stWNVYy8rq
2026-07-31T21:05:46.922+06:00  INFO 578387 --- [pangochain-backend] [io-8080-exec-22] c.pangochain.backend.ipfs.IpfsService    : Fetched 780 bytes from primary IPFS CID=QmdMbyBpoGFK1mURYDVGnjQ4AkNoJfnaBed6stWNVYy8rq
2026-07-31T21:05:46.924+06:00  INFO 578387 --- [pangochain-backend] [io-8080-exec-26] c.pangochain.backend.ipfs.IpfsService    : Fetched 780 bytes from primary IPFS CID=QmdMbyBpoGFK1mURYDVGnjQ4AkNoJfnaBed6stWNVYy8rq
2026-07-31T21:05:46.928+06:00  INFO 578387 --- [pangochain-backend] [io-8080-exec-14] c.pangochain.backend.ipfs.IpfsService    : Fetched 780 bytes from primary IPFS CID=QmdMbyBpoGFK1mURYDVGnjQ4AkNoJfnaBed6stWNVYy8rq
2026-07-31T21:05:46.929+06:00  INFO 578387 --- [pangochain-backend] [io-8080-exec-33] c.pangochain.backend.ipfs.IpfsService    : Fetched 780 bytes from primary IPFS CID=QmdMbyBpoGFK1mURYDVGnjQ4AkNoJfnaBed6stWNVYy8rq
2026-07-31T21:05:46.930+06:00  INFO 578387 --- [pangochain-backend] [io-8080-exec-18] c.pangochain.backend.ipfs.IpfsService    : Fetched 780 bytes from primary IPFS CID=QmdMbyBpoGFK1mURYDVGnjQ4AkNoJfnaBed6stWNVYy8rq
2026-07-31T21:05:46.931+06:00  INFO 578387 --- [pangochain-backend] [io-8080-exec-34] c.pangochain.backend.ipfs.IpfsService    : Fetched 780 bytes from primary IPFS CID=QmdMbyBpoGFK1mURYDVGnjQ4AkNoJfnaBed6stWNVYy8rq
2026-07-31T21:05:46.933+06:00  INFO 578387 --- [pangochain-backend] [io-8080-exec-32] c.pangochain.backend.ipfs.IpfsService    : Fetched 780 bytes from primary IPFS CID=QmdMbyBpoGFK1mURYDVGnjQ4AkNoJfnaBed6stWNVYy8rq
2026-07-31T21:05:46.933+06:00  INFO 578387 --- [pangochain-backend] [io-8080-exec-15] c.pangochain.backend.ipfs.IpfsService    : Fetched 780 bytes from primary IPFS CID=QmdMbyBpoGFK1mURYDVGnjQ4AkNoJfnaBed6stWNVYy8rq
2026-07-31T21:05:46.933+06:00  INFO 578387 --- [pangochain-backend] [io-8080-exec-13] c.pangochain.backend.ipfs.IpfsService    : Fetched 780 bytes from primary IPFS CID=QmdMbyBpoGFK1mURYDVGnjQ4AkNoJfnaBed6stWNVYy8rq
2026-07-31T21:05:46.937+06:00  INFO 578387 --- [pangochain-backend] [io-8080-exec-17] c.pangochain.backend.ipfs.IpfsService    : Fetched 780 bytes from primary IPFS CID=QmdMbyBpoGFK1mURYDVGnjQ4AkNoJfnaBed6stWNVYy8rq
2026-07-31T21:05:46.937+06:00  INFO 578387 --- [pangochain-backend] [io-8080-exec-16] c.pangochain.backend.ipfs.IpfsService    : Fetched 780 bytes from primary IPFS CID=QmdMbyBpoGFK1mURYDVGnjQ4AkNoJfnaBed6stWNVYy8rq
2026-07-31T21:05:46.937+06:00  INFO 578387 --- [pangochain-backend] [nio-8080-exec-4] c.pangochain.backend.ipfs.IpfsService    : Fetched 780 bytes from primary IPFS CID=QmdMbyBpoGFK1mURYDVGnjQ4AkNoJfnaBed6stWNVYy8rq
2026-07-31T21:05:46.938+06:00  INFO 578387 --- [pangochain-backend] [nio-8080-exec-5] c.pangochain.backend.ipfs.IpfsService    : Fetched 780 bytes from primary IPFS CID=QmdMbyBpoGFK1mURYDVGnjQ4AkNoJfnaBed6stWNVYy8rq
2026-07-31T21:05:46.939+06:00  INFO 578387 --- [pangochain-backend] [nio-8080-exec-1] c.pangochain.backend.ipfs.IpfsService    : Fetched 780 bytes from primary IPFS CID=QmdMbyBpoGFK1mURYDVGnjQ4AkNoJfnaBed6stWNVYy8rq
2026-07-31T21:05:46.941+06:00  INFO 578387 --- [pangochain-backend] [io-8080-exec-29] c.pangochain.backend.ipfs.IpfsService    : Fetched 780 bytes from primary IPFS CID=QmdMbyBpoGFK1mURYDVGnjQ4AkNoJfnaBed6stWNVYy8rq
2026-07-31T21:05:46.941+06:00  INFO 578387 --- [pangochain-backend] [io-8080-exec-19] c.pangochain.backend.ipfs.IpfsService    : Fetched 780 bytes from primary IPFS CID=QmdMbyBpoGFK1mURYDVGnjQ4AkNoJfnaBed6stWNVYy8rq
2026-07-31T21:05:46.941+06:00  INFO 578387 --- [pangochain-backend] [io-8080-exec-11] c.pangochain.backend.ipfs.IpfsService    : Fetched 780 bytes from primary IPFS CID=QmdMbyBpoGFK1mURYDVGnjQ4AkNoJfnaBed6stWNVYy8rq
2026-07-31T21:05:46.941+06:00  INFO 578387 --- [pangochain-backend] [io-8080-exec-40] c.pangochain.backend.ipfs.IpfsService    : Fetched 780 bytes from primary IPFS CID=QmdMbyBpoGFK1mURYDVGnjQ4AkNoJfnaBed6stWNVYy8rq
2026-07-31T21:05:46.942+06:00  INFO 578387 --- [pangochain-backend] [io-8080-exec-39] c.pangochain.backend.ipfs.IpfsService    : Fetched 780 bytes from primary IPFS CID=QmdMbyBpoGFK1mURYDVGnjQ4AkNoJfnaBed6stWNVYy8rq
2026-07-31T21:05:46.943+06:00  INFO 578387 --- [pangochain-backend] [io-8080-exec-21] c.pangochain.backend.ipfs.IpfsService    : Fetched 780 bytes from primary IPFS CID=QmdMbyBpoGFK1mURYDVGnjQ4AkNoJfnaBed6stWNVYy8rq
2026-07-31T21:05:46.943+06:00  INFO 578387 --- [pangochain-backend] [nio-8080-exec-9] c.pangochain.backend.ipfs.IpfsService    : Fetched 780 bytes from primary IPFS CID=QmdMbyBpoGFK1mURYDVGnjQ4AkNoJfnaBed6stWNVYy8rq
2026-07-31T21:05:46.944+06:00  INFO 578387 --- [pangochain-backend] [nio-8080-exec-3] c.pangochain.backend.ipfs.IpfsService    : Fetched 780 bytes from primary IPFS CID=QmdMbyBpoGFK1mURYDVGnjQ4AkNoJfnaBed6stWNVYy8rq
2026-07-31T21:05:46.944+06:00  INFO 578387 --- [pangochain-backend] [io-8080-exec-41] c.pangochain.backend.ipfs.IpfsService    : Fetched 780 bytes from primary IPFS CID=QmdMbyBpoGFK1mURYDVGnjQ4AkNoJfnaBed6stWNVYy8rq
2026-07-31T21:05:46.946+06:00  INFO 578387 --- [pangochain-backend] [io-8080-exec-45] c.pangochain.backend.ipfs.IpfsService    : Fetched 780 bytes from primary IPFS CID=QmdMbyBpoGFK1mURYDVGnjQ4AkNoJfnaBed6stWNVYy8rq
2026-07-31T21:05:46.946+06:00  INFO 578387 --- [pangochain-backend] [io-8080-exec-37] c.pangochain.backend.ipfs.IpfsService    : Fetched 780 bytes from primary IPFS CID=QmdMbyBpoGFK1mURYDVGnjQ4AkNoJfnaBed6stWNVYy8rq
2026-07-31T21:05:46.946+06:00  INFO 578387 --- [pangochain-backend] [nio-8080-exec-6] c.pangochain.backend.ipfs.IpfsService    : Fetched 780 bytes from primary IPFS CID=QmdMbyBpoGFK1mURYDVGnjQ4AkNoJfnaBed6stWNVYy8rq
2026-07-31T21:05:46.947+06:00  INFO 578387 --- [pangochain-backend] [io-8080-exec-48] c.pangochain.backend.ipfs.IpfsService    : Fetched 780 bytes from primary IPFS CID=QmdMbyBpoGFK1mURYDVGnjQ4AkNoJfnaBed6stWNVYy8rq
2026-07-31T21:05:46.947+06:00  INFO 578387 --- [pangochain-backend] [io-8080-exec-43] c.pangochain.backend.ipfs.IpfsService    : Fetched 780 bytes from primary IPFS CID=QmdMbyBpoGFK1mURYDVGnjQ4AkNoJfnaBed6stWNVYy8rq
2026-07-31T21:05:46.949+06:00  INFO 578387 --- [pangochain-backend] [io-8080-exec-12] c.pangochain.backend.ipfs.IpfsService    : Fetched 780 bytes from primary IPFS CID=QmdMbyBpoGFK1mURYDVGnjQ4AkNoJfnaBed6stWNVYy8rq
2026-07-31T21:05:46.949+06:00  INFO 578387 --- [pangochain-backend] [io-8080-exec-20] c.pangochain.backend.ipfs.IpfsService    : Fetched 780 bytes from primary IPFS CID=QmdMbyBpoGFK1mURYDVGnjQ4AkNoJfnaBed6stWNVYy8rq
2026-07-31T21:05:46.950+06:00  INFO 578387 --- [pangochain-backend] [nio-8080-exec-2] c.pangochain.backend.ipfs.IpfsService    : Fetched 780 bytes from primary IPFS CID=QmdMbyBpoGFK1mURYDVGnjQ4AkNoJfnaBed6stWNVYy8rq
2026-07-31T21:05:46.950+06:00  INFO 578387 --- [pangochain-backend] [io-8080-exec-47] c.pangochain.backend.ipfs.IpfsService    : Fetched 780 bytes from primary IPFS CID=QmdMbyBpoGFK1mURYDVGnjQ4AkNoJfnaBed6stWNVYy8rq
2026-07-31T21:05:46.950+06:00  INFO 578387 --- [pangochain-backend] [io-8080-exec-42] c.pangochain.backend.ipfs.IpfsService    : Fetched 780 bytes from primary IPFS CID=QmdMbyBpoGFK1mURYDVGnjQ4AkNoJfnaBed6stWNVYy8rq
2026-07-31T21:05:46.952+06:00  INFO 578387 --- [pangochain-backend] [io-8080-exec-38] c.pangochain.backend.ipfs.IpfsService    : Fetched 780 bytes from primary IPFS CID=QmdMbyBpoGFK1mURYDVGnjQ4AkNoJfnaBed6stWNVYy8rq
2026-07-31T21:05:46.952+06:00  INFO 578387 --- [pangochain-backend] [io-8080-exec-36] c.pangochain.backend.ipfs.IpfsService    : Fetched 780 bytes from primary IPFS CID=QmdMbyBpoGFK1mURYDVGnjQ4AkNoJfnaBed6stWNVYy8rq
2026-07-31T21:05:46.953+06:00  INFO 578387 --- [pangochain-backend] [io-8080-exec-31] c.pangochain.backend.ipfs.IpfsService    : Fetched 780 bytes from primary IPFS CID=QmdMbyBpoGFK1mURYDVGnjQ4AkNoJfnaBed6stWNVYy8rq
2026-07-31T21:05:46.956+06:00  INFO 578387 --- [pangochain-backend] [io-8080-exec-25] c.pangochain.backend.ipfs.IpfsService    : Fetched 780 bytes from primary IPFS CID=QmdMbyBpoGFK1mURYDVGnjQ4AkNoJfnaBed6stWNVYy8rq
2026-07-31T21:05:46.956+06:00  INFO 578387 --- [pangochain-backend] [io-8080-exec-26] c.pangochain.backend.ipfs.IpfsService    : Fetched 780 bytes from primary IPFS CID=QmdMbyBpoGFK1mURYDVGnjQ4AkNoJfnaBed6stWNVYy8rq
2026-07-31T21:05:46.957+06:00  INFO 578387 --- [pangochain-backend] [io-8080-exec-14] c.pangochain.backend.ipfs.IpfsService    : Fetched 780 bytes from primary IPFS CID=QmdMbyBpoGFK1mURYDVGnjQ4AkNoJfnaBed6stWNVYy8rq
2026-07-31T21:05:46.958+06:00  INFO 578387 --- [pangochain-backend] [io-8080-exec-50] c.pangochain.backend.ipfs.IpfsService    : Fetched 780 bytes from primary IPFS CID=QmdMbyBpoGFK1mURYDVGnjQ4AkNoJfnaBed6stWNVYy8rq
2026-07-31T21:05:46.958+06:00  INFO 578387 --- [pangochain-backend] [io-8080-exec-49] c.pangochain.backend.ipfs.IpfsService    : Fetched 780 bytes from primary IPFS CID=QmdMbyBpoGFK1mURYDVGnjQ4AkNoJfnaBed6stWNVYy8rq
2026-07-31T21:05:46.958+06:00  INFO 578387 --- [pangochain-backend] [io-8080-exec-24] c.pangochain.backend.ipfs.IpfsService    : Fetched 780 bytes from primary IPFS CID=QmdMbyBpoGFK1mURYDVGnjQ4AkNoJfnaBed6stWNVYy8rq
2026-07-31T21:05:46.959+06:00  INFO 578387 --- [pangochain-backend] [io-8080-exec-23] c.pangochain.backend.ipfs.IpfsService    : Fetched 780 bytes from primary IPFS CID=QmdMbyBpoGFK1mURYDVGnjQ4AkNoJfnaBed6stWNVYy8rq
2026-07-31T21:05:46.959+06:00  INFO 578387 --- [pangochain-backend] [io-8080-exec-10] c.pangochain.backend.ipfs.IpfsService    : Fetched 780 bytes from primary IPFS CID=QmdMbyBpoGFK1mURYDVGnjQ4AkNoJfnaBed6stWNVYy8rq
2026-07-31T21:05:46.961+06:00  INFO 578387 --- [pangochain-backend] [io-8080-exec-46] c.pangochain.backend.ipfs.IpfsService    : Fetched 780 bytes from primary IPFS CID=QmdMbyBpoGFK1mURYDVGnjQ4AkNoJfnaBed6stWNVYy8rq
2026-07-31T21:05:46.972+06:00  INFO 578387 --- [pangochain-backend] [nio-8080-exec-8] c.pangochain.backend.ipfs.IpfsService    : Fetched 780 bytes from primary IPFS CID=QmdMbyBpoGFK1mURYDVGnjQ4AkNoJfnaBed6stWNVYy8rq
2026-07-31T21:05:46.973+06:00  INFO 578387 --- [pangochain-backend] [nio-8080-exec-1] c.pangochain.backend.ipfs.IpfsService    : Fetched 780 bytes from primary IPFS CID=QmdMbyBpoGFK1mURYDVGnjQ4AkNoJfnaBed6stWNVYy8rq
2026-07-31T21:05:46.977+06:00  INFO 578387 --- [pangochain-backend] [io-8080-exec-32] c.pangochain.backend.ipfs.IpfsService    : Fetched 780 bytes from primary IPFS CID=QmdMbyBpoGFK1mURYDVGnjQ4AkNoJfnaBed6stWNVYy8rq
2026-07-31T21:05:46.979+06:00  INFO 578387 --- [pangochain-backend] [io-8080-exec-39] c.pangochain.backend.ipfs.IpfsService    : Fetched 780 bytes from primary IPFS CID=QmdMbyBpoGFK1mURYDVGnjQ4AkNoJfnaBed6stWNVYy8rq
2026-07-31T21:05:46.980+06:00  INFO 578387 --- [pangochain-backend] [nio-8080-exec-3] c.pangochain.backend.ipfs.IpfsService    : Fetched 780 bytes from primary IPFS CID=QmdMbyBpoGFK1mURYDVGnjQ4AkNoJfnaBed6stWNVYy8rq
2026-07-31T21:05:46.980+06:00  INFO 578387 --- [pangochain-backend] [nio-8080-exec-4] c.pangochain.backend.ipfs.IpfsService    : Fetched 780 bytes from primary IPFS CID=QmdMbyBpoGFK1mURYDVGnjQ4AkNoJfnaBed6stWNVYy8rq
2026-07-31T21:05:46.983+06:00  INFO 578387 --- [pangochain-backend] [io-8080-exec-37] c.pangochain.backend.ipfs.IpfsService    : Fetched 780 bytes from primary IPFS CID=QmdMbyBpoGFK1mURYDVGnjQ4AkNoJfnaBed6stWNVYy8rq
2026-07-31T21:05:46.983+06:00  INFO 578387 --- [pangochain-backend] [io-8080-exec-11] c.pangochain.backend.ipfs.IpfsService    : Fetched 780 bytes from primary IPFS CID=QmdMbyBpoGFK1mURYDVGnjQ4AkNoJfnaBed6stWNVYy8rq
2026-07-31T21:05:46.983+06:00  INFO 578387 --- [pangochain-backend] [io-8080-exec-49] c.pangochain.backend.ipfs.IpfsService    : Fetched 780 bytes from primary IPFS CID=QmdMbyBpoGFK1mURYDVGnjQ4AkNoJfnaBed6stWNVYy8rq
2026-07-31T21:05:46.984+06:00  INFO 578387 --- [pangochain-backend] [io-8080-exec-29] c.pangochain.backend.ipfs.IpfsService    : Fetched 780 bytes from primary IPFS CID=QmdMbyBpoGFK1mURYDVGnjQ4AkNoJfnaBed6stWNVYy8rq
2026-07-31T21:05:46.984+06:00  INFO 578387 --- [pangochain-backend] [io-8080-exec-50] c.pangochain.backend.ipfs.IpfsService    : Fetched 780 bytes from primary IPFS CID=QmdMbyBpoGFK1mURYDVGnjQ4AkNoJfnaBed6stWNVYy8rq
2026-07-31T21:05:46.984+06:00  INFO 578387 --- [pangochain-backend] [io-8080-exec-20] c.pangochain.backend.ipfs.IpfsService    : Fetched 780 bytes from primary IPFS CID=QmdMbyBpoGFK1mURYDVGnjQ4AkNoJfnaBed6stWNVYy8rq
2026-07-31T21:05:46.986+06:00  INFO 578387 --- [pangochain-backend] [io-8080-exec-40] c.pangochain.backend.ipfs.IpfsService    : Fetched 780 bytes from primary IPFS CID=QmdMbyBpoGFK1mURYDVGnjQ4AkNoJfnaBed6stWNVYy8rq
2026-07-31T21:05:46.986+06:00  INFO 578387 --- [pangochain-backend] [io-8080-exec-43] c.pangochain.backend.ipfs.IpfsService    : Fetched 780 bytes from primary IPFS CID=QmdMbyBpoGFK1mURYDVGnjQ4AkNoJfnaBed6stWNVYy8rq
2026-07-31T21:05:46.985+06:00  INFO 578387 --- [pangochain-backend] [io-8080-exec-41] c.pangochain.backend.ipfs.IpfsService    : Fetched 780 bytes from primary IPFS CID=QmdMbyBpoGFK1mURYDVGnjQ4AkNoJfnaBed6stWNVYy8rq
2026-07-31T21:05:46.985+06:00  INFO 578387 --- [pangochain-backend] [io-8080-exec-17] c.pangochain.backend.ipfs.IpfsService    : Fetched 780 bytes from primary IPFS CID=QmdMbyBpoGFK1mURYDVGnjQ4AkNoJfnaBed6stWNVYy8rq
2026-07-31T21:05:46.985+06:00  INFO 578387 --- [pangochain-backend] [io-8080-exec-45] c.pangochain.backend.ipfs.IpfsService    : Fetched 780 bytes from primary IPFS CID=QmdMbyBpoGFK1mURYDVGnjQ4AkNoJfnaBed6stWNVYy8rq
2026-07-31T21:05:46.985+06:00  INFO 578387 --- [pangochain-backend] [io-8080-exec-25] c.pangochain.backend.ipfs.IpfsService    : Fetched 780 bytes from primary IPFS CID=QmdMbyBpoGFK1mURYDVGnjQ4AkNoJfnaBed6stWNVYy8rq
2026-07-31T21:05:46.985+06:00  INFO 578387 --- [pangochain-backend] [nio-8080-exec-2] c.pangochain.backend.ipfs.IpfsService    : Fetched 780 bytes from primary IPFS CID=QmdMbyBpoGFK1mURYDVGnjQ4AkNoJfnaBed6stWNVYy8rq
2026-07-31T21:05:46.987+06:00  INFO 578387 --- [pangochain-backend] [io-8080-exec-12] c.pangochain.backend.ipfs.IpfsService    : Fetched 780 bytes from primary IPFS CID=QmdMbyBpoGFK1mURYDVGnjQ4AkNoJfnaBed6stWNVYy8rq
2026-07-31T21:05:46.987+06:00  INFO 578387 --- [pangochain-backend] [io-8080-exec-23] c.pangochain.backend.ipfs.IpfsService    : Fetched 780 bytes from primary IPFS CID=QmdMbyBpoGFK1mURYDVGnjQ4AkNoJfnaBed6stWNVYy8rq
2026-07-31T21:05:46.985+06:00  INFO 578387 --- [pangochain-backend] [io-8080-exec-26] c.pangochain.backend.ipfs.IpfsService    : Fetched 780 bytes from primary IPFS CID=QmdMbyBpoGFK1mURYDVGnjQ4AkNoJfnaBed6stWNVYy8rq
2026-07-31T21:05:46.986+06:00  INFO 578387 --- [pangochain-backend] [io-8080-exec-19] c.pangochain.backend.ipfs.IpfsService    : Fetched 780 bytes from primary IPFS CID=QmdMbyBpoGFK1mURYDVGnjQ4AkNoJfnaBed6stWNVYy8rq
2026-07-31T21:05:46.986+06:00  INFO 578387 --- [pangochain-backend] [nio-8080-exec-6] c.pangochain.backend.ipfs.IpfsService    : Fetched 780 bytes from primary IPFS CID=QmdMbyBpoGFK1mURYDVGnjQ4AkNoJfnaBed6stWNVYy8rq
2026-07-31T21:05:46.986+06:00  INFO 578387 --- [pangochain-backend] [io-8080-exec-47] c.pangochain.backend.ipfs.IpfsService    : Fetched 780 bytes from primary IPFS CID=QmdMbyBpoGFK1mURYDVGnjQ4AkNoJfnaBed6stWNVYy8rq
2026-07-31T21:05:47.019+06:00  INFO 578387 --- [pangochain-backend] [io-8080-exec-31] c.pangochain.backend.ipfs.IpfsService    : Fetched 780 bytes from primary IPFS CID=QmdMbyBpoGFK1mURYDVGnjQ4AkNoJfnaBed6stWNVYy8rq
2026-07-31T21:05:47.025+06:00  INFO 578387 --- [pangochain-backend] [io-8080-exec-36] c.pangochain.backend.ipfs.IpfsService    : Fetched 780 bytes from primary IPFS CID=QmdMbyBpoGFK1mURYDVGnjQ4AkNoJfnaBed6stWNVYy8rq
2026-07-31T21:05:47.025+06:00  INFO 578387 --- [pangochain-backend] [io-8080-exec-14] c.pangochain.backend.ipfs.IpfsService    : Fetched 780 bytes from primary IPFS CID=QmdMbyBpoGFK1mURYDVGnjQ4AkNoJfnaBed6stWNVYy8rq
2026-07-31T21:05:47.027+06:00  INFO 578387 --- [pangochain-backend] [io-8080-exec-35] c.pangochain.backend.ipfs.IpfsService    : Fetched 780 bytes from primary IPFS CID=QmdMbyBpoGFK1mURYDVGnjQ4AkNoJfnaBed6stWNVYy8rq
2026-07-31T21:05:47.028+06:00  INFO 578387 --- [pangochain-backend] [io-8080-exec-44] c.pangochain.backend.ipfs.IpfsService    : Fetched 780 bytes from primary IPFS CID=QmdMbyBpoGFK1mURYDVGnjQ4AkNoJfnaBed6stWNVYy8rq
2026-07-31T21:05:47.029+06:00  INFO 578387 --- [pangochain-backend] [io-8080-exec-48] c.pangochain.backend.ipfs.IpfsService    : Fetched 780 bytes from primary IPFS CID=QmdMbyBpoGFK1mURYDVGnjQ4AkNoJfnaBed6stWNVYy8rq
2026-07-31T21:05:47.033+06:00  INFO 578387 --- [pangochain-backend] [io-8080-exec-27] c.pangochain.backend.ipfs.IpfsService    : Fetched 780 bytes from primary IPFS CID=QmdMbyBpoGFK1mURYDVGnjQ4AkNoJfnaBed6stWNVYy8rq
2026-07-31T21:05:47.033+06:00  INFO 578387 --- [pangochain-backend] [io-8080-exec-22] c.pangochain.backend.ipfs.IpfsService    : Fetched 780 bytes from primary IPFS CID=QmdMbyBpoGFK1mURYDVGnjQ4AkNoJfnaBed6stWNVYy8rq
2026-07-31T21:05:47.038+06:00  INFO 578387 --- [pangochain-backend] [io-8080-exec-30] c.pangochain.backend.ipfs.IpfsService    : Fetched 780 bytes from primary IPFS CID=QmdMbyBpoGFK1mURYDVGnjQ4AkNoJfnaBed6stWNVYy8rq
2026-07-31T21:05:47.038+06:00  INFO 578387 --- [pangochain-backend] [io-8080-exec-15] c.pangochain.backend.ipfs.IpfsService    : Fetched 780 bytes from primary IPFS CID=QmdMbyBpoGFK1mURYDVGnjQ4AkNoJfnaBed6stWNVYy8rq
2026-07-31T21:05:47.040+06:00  INFO 578387 --- [pangochain-backend] [io-8080-exec-28] c.pangochain.backend.ipfs.IpfsService    : Fetched 780 bytes from primary IPFS CID=QmdMbyBpoGFK1mURYDVGnjQ4AkNoJfnaBed6stWNVYy8rq
2026-07-31T21:05:47.036+06:00  INFO 578387 --- [pangochain-backend] [nio-8080-exec-5] c.pangochain.backend.ipfs.IpfsService    : Fetched 780 bytes from primary IPFS CID=QmdMbyBpoGFK1mURYDVGnjQ4AkNoJfnaBed6stWNVYy8rq
2026-07-31T21:05:47.036+06:00  INFO 578387 --- [pangochain-backend] [io-8080-exec-34] c.pangochain.backend.ipfs.IpfsService    : Fetched 780 bytes from primary IPFS CID=QmdMbyBpoGFK1mURYDVGnjQ4AkNoJfnaBed6stWNVYy8rq
2026-07-31T21:05:47.043+06:00  INFO 578387 --- [pangochain-backend] [io-8080-exec-42] c.pangochain.backend.ipfs.IpfsService    : Fetched 780 bytes from primary IPFS CID=QmdMbyBpoGFK1mURYDVGnjQ4AkNoJfnaBed6stWNVYy8rq
2026-07-31T21:05:47.049+06:00  INFO 578387 --- [pangochain-backend] [nio-8080-exec-7] c.pangochain.backend.ipfs.IpfsService    : Fetched 780 bytes from primary IPFS CID=QmdMbyBpoGFK1mURYDVGnjQ4AkNoJfnaBed6stWNVYy8rq
2026-07-31T21:05:47.054+06:00  INFO 578387 --- [pangochain-backend] [io-8080-exec-33] c.pangochain.backend.ipfs.IpfsService    : Fetched 780 bytes from primary IPFS CID=QmdMbyBpoGFK1mURYDVGnjQ4AkNoJfnaBed6stWNVYy8rq
2026-07-31T21:05:47.056+06:00  INFO 578387 --- [pangochain-backend] [io-8080-exec-18] c.pangochain.backend.ipfs.IpfsService    : Fetched 780 bytes from primary IPFS CID=QmdMbyBpoGFK1mURYDVGnjQ4AkNoJfnaBed6stWNVYy8rq
2026-07-31T21:05:47.057+06:00  INFO 578387 --- [pangochain-backend] [io-8080-exec-38] c.pangochain.backend.ipfs.IpfsService    : Fetched 780 bytes from primary IPFS CID=QmdMbyBpoGFK1mURYDVGnjQ4AkNoJfnaBed6stWNVYy8rq
2026-07-31T21:05:47.057+06:00  INFO 578387 --- [pangochain-backend] [io-8080-exec-13] c.pangochain.backend.ipfs.IpfsService    : Fetched 780 bytes from primary IPFS CID=QmdMbyBpoGFK1mURYDVGnjQ4AkNoJfnaBed6stWNVYy8rq
2026-07-31T21:05:47.064+06:00  INFO 578387 --- [pangochain-backend] [io-8080-exec-21] c.pangochain.backend.ipfs.IpfsService    : Fetched 780 bytes from primary IPFS CID=QmdMbyBpoGFK1mURYDVGnjQ4AkNoJfnaBed6stWNVYy8rq
2026-07-31T21:05:47.066+06:00  INFO 578387 --- [pangochain-backend] [nio-8080-exec-9] c.pangochain.backend.ipfs.IpfsService    : Fetched 780 bytes from primary IPFS CID=QmdMbyBpoGFK1mURYDVGnjQ4AkNoJfnaBed6stWNVYy8rq
2026-07-31T21:05:47.073+06:00  INFO 578387 --- [pangochain-backend] [io-8080-exec-16] c.pangochain.backend.ipfs.IpfsService    : Fetched 780 bytes from primary IPFS CID=QmdMbyBpoGFK1mURYDVGnjQ4AkNoJfnaBed6stWNVYy8rq
2026-07-31T21:05:47.079+06:00  INFO 578387 --- [pangochain-backend] [nio-8080-exec-4] c.pangochain.backend.ipfs.IpfsService    : Fetched 780 bytes from primary IPFS CID=QmdMbyBpoGFK1mURYDVGnjQ4AkNoJfnaBed6stWNVYy8rq
2026-07-31T21:05:47.120+06:00  INFO 578387 --- [pangochain-backend] [io-8080-exec-26] c.pangochain.backend.ipfs.IpfsService    : Fetched 780 bytes from primary IPFS CID=QmdMbyBpoGFK1mURYDVGnjQ4AkNoJfnaBed6stWNVYy8rq
2026-07-31T21:05:47.146+06:00  INFO 578387 --- [pangochain-backend] [io-8080-exec-49] c.pangochain.backend.ipfs.IpfsService    : Fetched 780 bytes from primary IPFS CID=QmdMbyBpoGFK1mURYDVGnjQ4AkNoJfnaBed6stWNVYy8rq
2026-07-31T21:05:47.153+06:00  INFO 578387 --- [pangochain-backend] [io-8080-exec-21] c.pangochain.backend.ipfs.IpfsService    : Fetched 780 bytes from primary IPFS CID=QmdMbyBpoGFK1mURYDVGnjQ4AkNoJfnaBed6stWNVYy8rq
2026-07-31T21:05:47.159+06:00  INFO 578387 --- [pangochain-backend] [io-8080-exec-24] c.pangochain.backend.ipfs.IpfsService    : Fetched 780 bytes from primary IPFS CID=QmdMbyBpoGFK1mURYDVGnjQ4AkNoJfnaBed6stWNVYy8rq
2026-07-31T21:05:47.159+06:00  INFO 578387 --- [pangochain-backend] [io-8080-exec-32] c.pangochain.backend.ipfs.IpfsService    : Fetched 780 bytes from primary IPFS CID=QmdMbyBpoGFK1mURYDVGnjQ4AkNoJfnaBed6stWNVYy8rq
2026-07-31T21:05:47.159+06:00  INFO 578387 --- [pangochain-backend] [io-8080-exec-11] c.pangochain.backend.ipfs.IpfsService    : Fetched 780 bytes from primary IPFS CID=QmdMbyBpoGFK1mURYDVGnjQ4AkNoJfnaBed6stWNVYy8rq
2026-07-31T21:05:47.162+06:00  INFO 578387 --- [pangochain-backend] [io-8080-exec-46] c.pangochain.backend.ipfs.IpfsService    : Fetched 780 bytes from primary IPFS CID=QmdMbyBpoGFK1mURYDVGnjQ4AkNoJfnaBed6stWNVYy8rq
2026-07-31T21:05:47.166+06:00  INFO 578387 --- [pangochain-backend] [io-8080-exec-10] c.pangochain.backend.ipfs.IpfsService    : Fetched 780 bytes from primary IPFS CID=QmdMbyBpoGFK1mURYDVGnjQ4AkNoJfnaBed6stWNVYy8rq
2026-07-31T21:05:47.168+06:00  INFO 578387 --- [pangochain-backend] [io-8080-exec-29] c.pangochain.backend.ipfs.IpfsService    : Fetched 780 bytes from primary IPFS CID=QmdMbyBpoGFK1mURYDVGnjQ4AkNoJfnaBed6stWNVYy8rq
2026-07-31T21:05:47.193+06:00  INFO 578387 --- [pangochain-backend] [nio-8080-exec-3] c.pangochain.backend.ipfs.IpfsService    : Fetched 780 bytes from primary IPFS CID=QmdMbyBpoGFK1mURYDVGnjQ4AkNoJfnaBed6stWNVYy8rq
2026-07-31T21:05:47.196+06:00  INFO 578387 --- [pangochain-backend] [io-8080-exec-47] c.pangochain.backend.ipfs.IpfsService    : Fetched 780 bytes from primary IPFS CID=QmdMbyBpoGFK1mURYDVGnjQ4AkNoJfnaBed6stWNVYy8rq
2026-07-31T21:05:47.198+06:00  INFO 578387 --- [pangochain-backend] [nio-8080-exec-1] c.pangochain.backend.ipfs.IpfsService    : Fetched 780 bytes from primary IPFS CID=QmdMbyBpoGFK1mURYDVGnjQ4AkNoJfnaBed6stWNVYy8rq
2026-07-31T21:05:47.201+06:00  INFO 578387 --- [pangochain-backend] [io-8080-exec-44] c.pangochain.backend.ipfs.IpfsService    : Fetched 780 bytes from primary IPFS CID=QmdMbyBpoGFK1mURYDVGnjQ4AkNoJfnaBed6stWNVYy8rq
2026-07-31T21:05:47.203+06:00  INFO 578387 --- [pangochain-backend] [io-8080-exec-41] c.pangochain.backend.ipfs.IpfsService    : Fetched 780 bytes from primary IPFS CID=QmdMbyBpoGFK1mURYDVGnjQ4AkNoJfnaBed6stWNVYy8rq
2026-07-31T21:05:47.204+06:00  INFO 578387 --- [pangochain-backend] [io-8080-exec-39] c.pangochain.backend.ipfs.IpfsService    : Fetched 780 bytes from primary IPFS CID=QmdMbyBpoGFK1mURYDVGnjQ4AkNoJfnaBed6stWNVYy8rq
2026-07-31T21:05:47.209+06:00  INFO 578387 --- [pangochain-backend] [io-8080-exec-42] c.pangochain.backend.ipfs.IpfsService    : Fetched 780 bytes from primary IPFS CID=QmdMbyBpoGFK1mURYDVGnjQ4AkNoJfnaBed6stWNVYy8rq
2026-07-31T21:05:47.213+06:00  INFO 578387 --- [pangochain-backend] [io-8080-exec-12] c.pangochain.backend.ipfs.IpfsService    : Fetched 780 bytes from primary IPFS CID=QmdMbyBpoGFK1mURYDVGnjQ4AkNoJfnaBed6stWNVYy8rq
2026-07-31T21:05:47.213+06:00  INFO 578387 --- [pangochain-backend] [io-8080-exec-37] c.pangochain.backend.ipfs.IpfsService    : Fetched 780 bytes from primary IPFS CID=QmdMbyBpoGFK1mURYDVGnjQ4AkNoJfnaBed6stWNVYy8rq
2026-07-31T21:05:47.216+06:00  INFO 578387 --- [pangochain-backend] [io-8080-exec-17] c.pangochain.backend.ipfs.IpfsService    : Fetched 780 bytes from primary IPFS CID=QmdMbyBpoGFK1mURYDVGnjQ4AkNoJfnaBed6stWNVYy8rq
2026-07-31T21:05:47.216+06:00  INFO 578387 --- [pangochain-backend] [nio-8080-exec-8] c.pangochain.backend.ipfs.IpfsService    : Fetched 780 bytes from primary IPFS CID=QmdMbyBpoGFK1mURYDVGnjQ4AkNoJfnaBed6stWNVYy8rq
2026-07-31T21:05:47.245+06:00  INFO 578387 --- [pangochain-backend] [io-8080-exec-14] c.pangochain.backend.ipfs.IpfsService    : Fetched 780 bytes from primary IPFS CID=QmdMbyBpoGFK1mURYDVGnjQ4AkNoJfnaBed6stWNVYy8rq
2026-07-31T21:05:47.244+06:00  INFO 578387 --- [pangochain-backend] [io-8080-exec-36] c.pangochain.backend.ipfs.IpfsService    : Fetched 780 bytes from primary IPFS CID=QmdMbyBpoGFK1mURYDVGnjQ4AkNoJfnaBed6stWNVYy8rq
2026-07-31T21:05:47.249+06:00  INFO 578387 --- [pangochain-backend] [io-8080-exec-45] c.pangochain.backend.ipfs.IpfsService    : Fetched 780 bytes from primary IPFS CID=QmdMbyBpoGFK1mURYDVGnjQ4AkNoJfnaBed6stWNVYy8rq
2026-07-31T21:05:47.255+06:00  INFO 578387 --- [pangochain-backend] [io-8080-exec-21] c.pangochain.backend.ipfs.IpfsService    : Fetched 780 bytes from primary IPFS CID=QmdMbyBpoGFK1mURYDVGnjQ4AkNoJfnaBed6stWNVYy8rq
2026-07-31T21:05:47.262+06:00  INFO 578387 --- [pangochain-backend] [io-8080-exec-20] c.pangochain.backend.ipfs.IpfsService    : Fetched 780 bytes from primary IPFS CID=QmdMbyBpoGFK1mURYDVGnjQ4AkNoJfnaBed6stWNVYy8rq
2026-07-31T21:05:47.263+06:00  INFO 578387 --- [pangochain-backend] [io-8080-exec-23] c.pangochain.backend.ipfs.IpfsService    : Fetched 780 bytes from primary IPFS CID=QmdMbyBpoGFK1mURYDVGnjQ4AkNoJfnaBed6stWNVYy8rq
2026-07-31T21:05:47.266+06:00  INFO 578387 --- [pangochain-backend] [io-8080-exec-38] c.pangochain.backend.ipfs.IpfsService    : Fetched 780 bytes from primary IPFS CID=QmdMbyBpoGFK1mURYDVGnjQ4AkNoJfnaBed6stWNVYy8rq
2026-07-31T21:05:47.268+06:00  INFO 578387 --- [pangochain-backend] [nio-8080-exec-9] c.pangochain.backend.ipfs.IpfsService    : Fetched 780 bytes from primary IPFS CID=QmdMbyBpoGFK1mURYDVGnjQ4AkNoJfnaBed6stWNVYy8rq
2026-07-31T21:05:47.272+06:00  INFO 578387 --- [pangochain-backend] [io-8080-exec-28] c.pangochain.backend.ipfs.IpfsService    : Fetched 780 bytes from primary IPFS CID=QmdMbyBpoGFK1mURYDVGnjQ4AkNoJfnaBed6stWNVYy8rq
2026-07-31T21:05:47.278+06:00  INFO 578387 --- [pangochain-backend] [io-8080-exec-30] c.pangochain.backend.ipfs.IpfsService    : Fetched 780 bytes from primary IPFS CID=QmdMbyBpoGFK1mURYDVGnjQ4AkNoJfnaBed6stWNVYy8rq
2026-07-31T21:05:47.281+06:00  INFO 578387 --- [pangochain-backend] [io-8080-exec-33] c.pangochain.backend.ipfs.IpfsService    : Fetched 780 bytes from primary IPFS CID=QmdMbyBpoGFK1mURYDVGnjQ4AkNoJfnaBed6stWNVYy8rq
2026-07-31T21:05:47.283+06:00  INFO 578387 --- [pangochain-backend] [io-8080-exec-35] c.pangochain.backend.ipfs.IpfsService    : Fetched 780 bytes from primary IPFS CID=QmdMbyBpoGFK1mURYDVGnjQ4AkNoJfnaBed6stWNVYy8rq
2026-07-31T21:05:47.290+06:00  INFO 578387 --- [pangochain-backend] [nio-8080-exec-7] c.pangochain.backend.ipfs.IpfsService    : Fetched 780 bytes from primary IPFS CID=QmdMbyBpoGFK1mURYDVGnjQ4AkNoJfnaBed6stWNVYy8rq
2026-07-31T21:05:47.294+06:00  INFO 578387 --- [pangochain-backend] [io-8080-exec-40] c.pangochain.backend.ipfs.IpfsService    : Fetched 780 bytes from primary IPFS CID=QmdMbyBpoGFK1mURYDVGnjQ4AkNoJfnaBed6stWNVYy8rq
2026-07-31T21:05:47.308+06:00  INFO 578387 --- [pangochain-backend] [io-8080-exec-34] c.pangochain.backend.ipfs.IpfsService    : Fetched 780 bytes from primary IPFS CID=QmdMbyBpoGFK1mURYDVGnjQ4AkNoJfnaBed6stWNVYy8rq
2026-07-31T21:05:47.311+06:00  INFO 578387 --- [pangochain-backend] [nio-8080-exec-6] c.pangochain.backend.ipfs.IpfsService    : Fetched 780 bytes from primary IPFS CID=QmdMbyBpoGFK1mURYDVGnjQ4AkNoJfnaBed6stWNVYy8rq
2026-07-31T21:05:47.311+06:00  INFO 578387 --- [pangochain-backend] [io-8080-exec-31] c.pangochain.backend.ipfs.IpfsService    : Fetched 780 bytes from primary IPFS CID=QmdMbyBpoGFK1mURYDVGnjQ4AkNoJfnaBed6stWNVYy8rq
2026-07-31T21:05:47.314+06:00  INFO 578387 --- [pangochain-backend] [io-8080-exec-48] c.pangochain.backend.ipfs.IpfsService    : Fetched 780 bytes from primary IPFS CID=QmdMbyBpoGFK1mURYDVGnjQ4AkNoJfnaBed6stWNVYy8rq
2026-07-31T21:05:47.327+06:00  INFO 578387 --- [pangochain-backend] [io-8080-exec-27] c.pangochain.backend.ipfs.IpfsService    : Fetched 780 bytes from primary IPFS CID=QmdMbyBpoGFK1mURYDVGnjQ4AkNoJfnaBed6stWNVYy8rq
2026-07-31T21:05:47.331+06:00  INFO 578387 --- [pangochain-backend] [nio-8080-exec-2] c.pangochain.backend.ipfs.IpfsService    : Fetched 780 bytes from primary IPFS CID=QmdMbyBpoGFK1mURYDVGnjQ4AkNoJfnaBed6stWNVYy8rq
2026-07-31T21:05:47.340+06:00  INFO 578387 --- [pangochain-backend] [io-8080-exec-39] c.pangochain.backend.ipfs.IpfsService    : Fetched 780 bytes from primary IPFS CID=QmdMbyBpoGFK1mURYDVGnjQ4AkNoJfnaBed6stWNVYy8rq
2026-07-31T21:05:47.340+06:00  INFO 578387 --- [pangochain-backend] [io-8080-exec-15] c.pangochain.backend.ipfs.IpfsService    : Fetched 780 bytes from primary IPFS CID=QmdMbyBpoGFK1mURYDVGnjQ4AkNoJfnaBed6stWNVYy8rq
2026-07-31T21:05:47.345+06:00  INFO 578387 --- [pangochain-backend] [io-8080-exec-49] c.pangochain.backend.ipfs.IpfsService    : Fetched 780 bytes from primary IPFS CID=QmdMbyBpoGFK1mURYDVGnjQ4AkNoJfnaBed6stWNVYy8rq
2026-07-31T21:05:47.348+06:00  INFO 578387 --- [pangochain-backend] [io-8080-exec-14] c.pangochain.backend.ipfs.IpfsService    : Fetched 780 bytes from primary IPFS CID=QmdMbyBpoGFK1mURYDVGnjQ4AkNoJfnaBed6stWNVYy8rq
2026-07-31T21:05:47.351+06:00  INFO 578387 --- [pangochain-backend] [io-8080-exec-19] c.pangochain.backend.ipfs.IpfsService    : Fetched 780 bytes from primary IPFS CID=QmdMbyBpoGFK1mURYDVGnjQ4AkNoJfnaBed6stWNVYy8rq
2026-07-31T21:05:47.353+06:00  INFO 578387 --- [pangochain-backend] [io-8080-exec-43] c.pangochain.backend.ipfs.IpfsService    : Fetched 780 bytes from primary IPFS CID=QmdMbyBpoGFK1mURYDVGnjQ4AkNoJfnaBed6stWNVYy8rq
2026-07-31T21:05:47.353+06:00  INFO 578387 --- [pangochain-backend] [io-8080-exec-47] c.pangochain.backend.ipfs.IpfsService    : Fetched 780 bytes from primary IPFS CID=QmdMbyBpoGFK1mURYDVGnjQ4AkNoJfnaBed6stWNVYy8rq
2026-07-31T21:05:47.356+06:00  INFO 578387 --- [pangochain-backend] [io-8080-exec-25] c.pangochain.backend.ipfs.IpfsService    : Fetched 780 bytes from primary IPFS CID=QmdMbyBpoGFK1mURYDVGnjQ4AkNoJfnaBed6stWNVYy8rq
2026-07-31T21:05:47.368+06:00  INFO 578387 --- [pangochain-backend] [io-8080-exec-10] c.pangochain.backend.ipfs.IpfsService    : Fetched 780 bytes from primary IPFS CID=QmdMbyBpoGFK1mURYDVGnjQ4AkNoJfnaBed6stWNVYy8rq
2026-07-31T21:05:47.369+06:00  INFO 578387 --- [pangochain-backend] [io-8080-exec-18] c.pangochain.backend.ipfs.IpfsService    : Fetched 780 bytes from primary IPFS CID=QmdMbyBpoGFK1mURYDVGnjQ4AkNoJfnaBed6stWNVYy8rq
2026-07-31T21:05:47.374+06:00  INFO 578387 --- [pangochain-backend] [nio-8080-exec-4] c.pangochain.backend.ipfs.IpfsService    : Fetched 780 bytes from primary IPFS CID=QmdMbyBpoGFK1mURYDVGnjQ4AkNoJfnaBed6stWNVYy8rq
2026-07-31T21:05:47.380+06:00  INFO 578387 --- [pangochain-backend] [io-8080-exec-26] c.pangochain.backend.ipfs.IpfsService    : Fetched 780 bytes from primary IPFS CID=QmdMbyBpoGFK1mURYDVGnjQ4AkNoJfnaBed6stWNVYy8rq
2026-07-31T21:05:47.382+06:00  INFO 578387 --- [pangochain-backend] [io-8080-exec-50] c.pangochain.backend.ipfs.IpfsService    : Fetched 780 bytes from primary IPFS CID=QmdMbyBpoGFK1mURYDVGnjQ4AkNoJfnaBed6stWNVYy8rq
2026-07-31T21:05:47.401+06:00  INFO 578387 --- [pangochain-backend] [io-8080-exec-13] c.pangochain.backend.ipfs.IpfsService    : Fetched 780 bytes from primary IPFS CID=QmdMbyBpoGFK1mURYDVGnjQ4AkNoJfnaBed6stWNVYy8rq
2026-07-31T21:05:47.399+06:00  INFO 578387 --- [pangochain-backend] [io-8080-exec-24] c.pangochain.backend.ipfs.IpfsService    : Fetched 780 bytes from primary IPFS CID=QmdMbyBpoGFK1mURYDVGnjQ4AkNoJfnaBed6stWNVYy8rq
2026-07-31T21:05:47.420+06:00  INFO 578387 --- [pangochain-backend] [io-8080-exec-29] c.pangochain.backend.ipfs.IpfsService    : Fetched 780 bytes from primary IPFS CID=QmdMbyBpoGFK1mURYDVGnjQ4AkNoJfnaBed6stWNVYy8rq
2026-07-31T21:05:47.431+06:00  INFO 578387 --- [pangochain-backend] [io-8080-exec-46] c.pangochain.backend.ipfs.IpfsService    : Fetched 780 bytes from primary IPFS CID=QmdMbyBpoGFK1mURYDVGnjQ4AkNoJfnaBed6stWNVYy8rq
2026-07-31T21:05:47.435+06:00  INFO 578387 --- [pangochain-backend] [io-8080-exec-32] c.pangochain.backend.ipfs.IpfsService    : Fetched 780 bytes from primary IPFS CID=QmdMbyBpoGFK1mURYDVGnjQ4AkNoJfnaBed6stWNVYy8rq
2026-07-31T21:05:47.468+06:00  INFO 578387 --- [pangochain-backend] [io-8080-exec-10] c.pangochain.backend.ipfs.IpfsService    : Fetched 780 bytes from primary IPFS CID=QmdMbyBpoGFK1mURYDVGnjQ4AkNoJfnaBed6stWNVYy8rq
2026-07-31T21:05:47.511+06:00  INFO 578387 --- [pangochain-backend] [nio-8080-exec-1] c.pangochain.backend.ipfs.IpfsService    : Fetched 780 bytes from primary IPFS CID=QmdMbyBpoGFK1mURYDVGnjQ4AkNoJfnaBed6stWNVYy8rq
2026-07-31T21:05:47.523+06:00  INFO 578387 --- [pangochain-backend] [io-8080-exec-41] c.pangochain.backend.ipfs.IpfsService    : Fetched 780 bytes from primary IPFS CID=QmdMbyBpoGFK1mURYDVGnjQ4AkNoJfnaBed6stWNVYy8rq
2026-07-31T21:05:47.539+06:00  INFO 578387 --- [pangochain-backend] [nio-8080-exec-3] c.pangochain.backend.ipfs.IpfsService    : Fetched 780 bytes from primary IPFS CID=QmdMbyBpoGFK1mURYDVGnjQ4AkNoJfnaBed6stWNVYy8rq
2026-07-31T21:05:47.558+06:00  INFO 578387 --- [pangochain-backend] [io-8080-exec-11] c.pangochain.backend.ipfs.IpfsService    : Fetched 780 bytes from primary IPFS CID=QmdMbyBpoGFK1mURYDVGnjQ4AkNoJfnaBed6stWNVYy8rq
2026-07-31T21:05:47.597+06:00  INFO 578387 --- [pangochain-backend] [nio-8080-exec-8] c.pangochain.backend.ipfs.IpfsService    : Fetched 780 bytes from primary IPFS CID=QmdMbyBpoGFK1mURYDVGnjQ4AkNoJfnaBed6stWNVYy8rq
2026-07-31T21:05:47.602+06:00  INFO 578387 --- [pangochain-backend] [nio-8080-exec-5] c.pangochain.backend.ipfs.IpfsService    : Fetched 780 bytes from primary IPFS CID=QmdMbyBpoGFK1mURYDVGnjQ4AkNoJfnaBed6stWNVYy8rq
2026-07-31T21:05:47.622+06:00  INFO 578387 --- [pangochain-backend] [io-8080-exec-36] c.pangochain.backend.ipfs.IpfsService    : Fetched 780 bytes from primary IPFS CID=QmdMbyBpoGFK1mURYDVGnjQ4AkNoJfnaBed6stWNVYy8rq
2026-07-31T21:05:47.623+06:00  INFO 578387 --- [pangochain-backend] [io-8080-exec-22] c.pangochain.backend.ipfs.IpfsService    : Fetched 780 bytes from primary IPFS CID=QmdMbyBpoGFK1mURYDVGnjQ4AkNoJfnaBed6stWNVYy8rq
2026-07-31T21:05:47.638+06:00  INFO 578387 --- [pangochain-backend] [io-8080-exec-44] c.pangochain.backend.ipfs.IpfsService    : Fetched 780 bytes from primary IPFS CID=QmdMbyBpoGFK1mURYDVGnjQ4AkNoJfnaBed6stWNVYy8rq
2026-07-31T21:05:47.641+06:00  INFO 578387 --- [pangochain-backend] [io-8080-exec-23] c.pangochain.backend.ipfs.IpfsService    : Fetched 780 bytes from primary IPFS CID=QmdMbyBpoGFK1mURYDVGnjQ4AkNoJfnaBed6stWNVYy8rq
2026-07-31T21:05:47.648+06:00  INFO 578387 --- [pangochain-backend] [io-8080-exec-45] c.pangochain.backend.ipfs.IpfsService    : Fetched 780 bytes from primary IPFS CID=QmdMbyBpoGFK1mURYDVGnjQ4AkNoJfnaBed6stWNVYy8rq
2026-07-31T21:05:47.651+06:00  INFO 578387 --- [pangochain-backend] [io-8080-exec-37] c.pangochain.backend.ipfs.IpfsService    : Fetched 780 bytes from primary IPFS CID=QmdMbyBpoGFK1mURYDVGnjQ4AkNoJfnaBed6stWNVYy8rq
2026-07-31T21:05:47.649+06:00  INFO 578387 --- [pangochain-backend] [io-8080-exec-21] c.pangochain.backend.ipfs.IpfsService    : Fetched 780 bytes from primary IPFS CID=QmdMbyBpoGFK1mURYDVGnjQ4AkNoJfnaBed6stWNVYy8rq
2026-07-31T21:05:47.669+06:00  INFO 578387 --- [pangochain-backend] [io-8080-exec-17] c.pangochain.backend.ipfs.IpfsService    : Fetched 780 bytes from primary IPFS CID=QmdMbyBpoGFK1mURYDVGnjQ4AkNoJfnaBed6stWNVYy8rq
2026-07-31T21:05:47.674+06:00  INFO 578387 --- [pangochain-backend] [io-8080-exec-16] c.pangochain.backend.ipfs.IpfsService    : Fetched 780 bytes from primary IPFS CID=QmdMbyBpoGFK1mURYDVGnjQ4AkNoJfnaBed6stWNVYy8rq
2026-07-31T21:05:47.679+06:00  INFO 578387 --- [pangochain-backend] [io-8080-exec-10] c.pangochain.backend.ipfs.IpfsService    : Fetched 780 bytes from primary IPFS CID=QmdMbyBpoGFK1mURYDVGnjQ4AkNoJfnaBed6stWNVYy8rq
2026-07-31T21:05:47.679+06:00  INFO 578387 --- [pangochain-backend] [io-8080-exec-32] c.pangochain.backend.ipfs.IpfsService    : Fetched 780 bytes from primary IPFS CID=QmdMbyBpoGFK1mURYDVGnjQ4AkNoJfnaBed6stWNVYy8rq
2026-07-31T21:05:47.680+06:00  INFO 578387 --- [pangochain-backend] [nio-8080-exec-9] c.pangochain.backend.ipfs.IpfsService    : Fetched 780 bytes from primary IPFS CID=QmdMbyBpoGFK1mURYDVGnjQ4AkNoJfnaBed6stWNVYy8rq
2026-07-31T21:05:47.682+06:00  INFO 578387 --- [pangochain-backend] [io-8080-exec-30] c.pangochain.backend.ipfs.IpfsService    : Fetched 780 bytes from primary IPFS CID=QmdMbyBpoGFK1mURYDVGnjQ4AkNoJfnaBed6stWNVYy8rq
2026-07-31T21:05:47.684+06:00  INFO 578387 --- [pangochain-backend] [io-8080-exec-38] c.pangochain.backend.ipfs.IpfsService    : Fetched 780 bytes from primary IPFS CID=QmdMbyBpoGFK1mURYDVGnjQ4AkNoJfnaBed6stWNVYy8rq
2026-07-31T21:05:47.691+06:00  INFO 578387 --- [pangochain-backend] [io-8080-exec-39] c.pangochain.backend.ipfs.IpfsService    : Fetched 780 bytes from primary IPFS CID=QmdMbyBpoGFK1mURYDVGnjQ4AkNoJfnaBed6stWNVYy8rq
2026-07-31T21:05:47.692+06:00  INFO 578387 --- [pangochain-backend] [io-8080-exec-40] c.pangochain.backend.ipfs.IpfsService    : Fetched 780 bytes from primary IPFS CID=QmdMbyBpoGFK1mURYDVGnjQ4AkNoJfnaBed6stWNVYy8rq
2026-07-31T21:05:47.694+06:00  INFO 578387 --- [pangochain-backend] [io-8080-exec-43] c.pangochain.backend.ipfs.IpfsService    : Fetched 780 bytes from primary IPFS CID=QmdMbyBpoGFK1mURYDVGnjQ4AkNoJfnaBed6stWNVYy8rq
2026-07-31T21:05:47.696+06:00  INFO 578387 --- [pangochain-backend] [io-8080-exec-22] c.pangochain.backend.ipfs.IpfsService    : Fetched 780 bytes from primary IPFS CID=QmdMbyBpoGFK1mURYDVGnjQ4AkNoJfnaBed6stWNVYy8rq
2026-07-31T21:05:47.696+06:00  INFO 578387 --- [pangochain-backend] [nio-8080-exec-7] c.pangochain.backend.ipfs.IpfsService    : Fetched 780 bytes from primary IPFS CID=QmdMbyBpoGFK1mURYDVGnjQ4AkNoJfnaBed6stWNVYy8rq
2026-07-31T21:05:47.701+06:00  INFO 578387 --- [pangochain-backend] [nio-8080-exec-3] c.pangochain.backend.ipfs.IpfsService    : Fetched 780 bytes from primary IPFS CID=QmdMbyBpoGFK1mURYDVGnjQ4AkNoJfnaBed6stWNVYy8rq
2026-07-31T21:05:47.702+06:00  INFO 578387 --- [pangochain-backend] [io-8080-exec-47] c.pangochain.backend.ipfs.IpfsService    : Fetched 780 bytes from primary IPFS CID=QmdMbyBpoGFK1mURYDVGnjQ4AkNoJfnaBed6stWNVYy8rq
2026-07-31T21:05:47.703+06:00  INFO 578387 --- [pangochain-backend] [io-8080-exec-33] c.pangochain.backend.ipfs.IpfsService    : Fetched 780 bytes from primary IPFS CID=QmdMbyBpoGFK1mURYDVGnjQ4AkNoJfnaBed6stWNVYy8rq
2026-07-31T21:05:47.704+06:00  INFO 578387 --- [pangochain-backend] [io-8080-exec-14] c.pangochain.backend.ipfs.IpfsService    : Fetched 780 bytes from primary IPFS CID=QmdMbyBpoGFK1mURYDVGnjQ4AkNoJfnaBed6stWNVYy8rq
2026-07-31T21:05:47.704+06:00  INFO 578387 --- [pangochain-backend] [io-8080-exec-48] c.pangochain.backend.ipfs.IpfsService    : Fetched 780 bytes from primary IPFS CID=QmdMbyBpoGFK1mURYDVGnjQ4AkNoJfnaBed6stWNVYy8rq
2026-07-31T21:05:47.704+06:00  INFO 578387 --- [pangochain-backend] [io-8080-exec-24] c.pangochain.backend.ipfs.IpfsService    : Fetched 780 bytes from primary IPFS CID=QmdMbyBpoGFK1mURYDVGnjQ4AkNoJfnaBed6stWNVYy8rq
2026-07-31T21:05:47.705+06:00  INFO 578387 --- [pangochain-backend] [io-8080-exec-15] c.pangochain.backend.ipfs.IpfsService    : Fetched 780 bytes from primary IPFS CID=QmdMbyBpoGFK1mURYDVGnjQ4AkNoJfnaBed6stWNVYy8rq
2026-07-31T21:05:47.705+06:00  INFO 578387 --- [pangochain-backend] [io-8080-exec-37] c.pangochain.backend.ipfs.IpfsService    : Fetched 780 bytes from primary IPFS CID=QmdMbyBpoGFK1mURYDVGnjQ4AkNoJfnaBed6stWNVYy8rq
2026-07-31T21:05:47.705+06:00  INFO 578387 --- [pangochain-backend] [io-8080-exec-44] c.pangochain.backend.ipfs.IpfsService    : Fetched 780 bytes from primary IPFS CID=QmdMbyBpoGFK1mURYDVGnjQ4AkNoJfnaBed6stWNVYy8rq
2026-07-31T21:05:47.707+06:00  INFO 578387 --- [pangochain-backend] [io-8080-exec-41] c.pangochain.backend.ipfs.IpfsService    : Fetched 780 bytes from primary IPFS CID=QmdMbyBpoGFK1mURYDVGnjQ4AkNoJfnaBed6stWNVYy8rq
2026-07-31T21:05:47.707+06:00  INFO 578387 --- [pangochain-backend] [nio-8080-exec-6] c.pangochain.backend.ipfs.IpfsService    : Fetched 780 bytes from primary IPFS CID=QmdMbyBpoGFK1mURYDVGnjQ4AkNoJfnaBed6stWNVYy8rq
2026-07-31T21:05:47.708+06:00  INFO 578387 --- [pangochain-backend] [io-8080-exec-34] c.pangochain.backend.ipfs.IpfsService    : Fetched 780 bytes from primary IPFS CID=QmdMbyBpoGFK1mURYDVGnjQ4AkNoJfnaBed6stWNVYy8rq
2026-07-31T21:05:47.708+06:00  INFO 578387 --- [pangochain-backend] [nio-8080-exec-7] c.pangochain.backend.ipfs.IpfsService    : Fetched 780 bytes from primary IPFS CID=QmdMbyBpoGFK1mURYDVGnjQ4AkNoJfnaBed6stWNVYy8rq
2026-07-31T21:05:47.708+06:00  INFO 578387 --- [pangochain-backend] [io-8080-exec-11] c.pangochain.backend.ipfs.IpfsService    : Fetched 780 bytes from primary IPFS CID=QmdMbyBpoGFK1mURYDVGnjQ4AkNoJfnaBed6stWNVYy8rq
2026-07-31T21:05:47.709+06:00  INFO 578387 --- [pangochain-backend] [io-8080-exec-13] c.pangochain.backend.ipfs.IpfsService    : Fetched 780 bytes from primary IPFS CID=QmdMbyBpoGFK1mURYDVGnjQ4AkNoJfnaBed6stWNVYy8rq
2026-07-31T21:05:47.709+06:00  INFO 578387 --- [pangochain-backend] [io-8080-exec-50] c.pangochain.backend.ipfs.IpfsService    : Fetched 780 bytes from primary IPFS CID=QmdMbyBpoGFK1mURYDVGnjQ4AkNoJfnaBed6stWNVYy8rq
2026-07-31T21:05:47.709+06:00  INFO 578387 --- [pangochain-backend] [io-8080-exec-46] c.pangochain.backend.ipfs.IpfsService    : Fetched 780 bytes from primary IPFS CID=QmdMbyBpoGFK1mURYDVGnjQ4AkNoJfnaBed6stWNVYy8rq
2026-07-31T21:05:47.711+06:00  INFO 578387 --- [pangochain-backend] [io-8080-exec-17] c.pangochain.backend.ipfs.IpfsService    : Fetched 780 bytes from primary IPFS CID=QmdMbyBpoGFK1mURYDVGnjQ4AkNoJfnaBed6stWNVYy8rq
2026-07-31T21:05:47.712+06:00  INFO 578387 --- [pangochain-backend] [io-8080-exec-25] c.pangochain.backend.ipfs.IpfsService    : Fetched 780 bytes from primary IPFS CID=QmdMbyBpoGFK1mURYDVGnjQ4AkNoJfnaBed6stWNVYy8rq
2026-07-31T21:05:47.712+06:00  INFO 578387 --- [pangochain-backend] [nio-8080-exec-4] c.pangochain.backend.ipfs.IpfsService    : Fetched 780 bytes from primary IPFS CID=QmdMbyBpoGFK1mURYDVGnjQ4AkNoJfnaBed6stWNVYy8rq
2026-07-31T21:05:47.714+06:00  INFO 578387 --- [pangochain-backend] [nio-8080-exec-8] c.pangochain.backend.ipfs.IpfsService    : Fetched 780 bytes from primary IPFS CID=QmdMbyBpoGFK1mURYDVGnjQ4AkNoJfnaBed6stWNVYy8rq
2026-07-31T21:05:47.714+06:00  INFO 578387 --- [pangochain-backend] [io-8080-exec-36] c.pangochain.backend.ipfs.IpfsService    : Fetched 780 bytes from primary IPFS CID=QmdMbyBpoGFK1mURYDVGnjQ4AkNoJfnaBed6stWNVYy8rq
2026-07-31T21:05:47.714+06:00  INFO 578387 --- [pangochain-backend] [io-8080-exec-21] c.pangochain.backend.ipfs.IpfsService    : Fetched 780 bytes from primary IPFS CID=QmdMbyBpoGFK1mURYDVGnjQ4AkNoJfnaBed6stWNVYy8rq
2026-07-31T21:05:47.719+06:00  INFO 578387 --- [pangochain-backend] [io-8080-exec-28] c.pangochain.backend.ipfs.IpfsService    : Fetched 780 bytes from primary IPFS CID=QmdMbyBpoGFK1mURYDVGnjQ4AkNoJfnaBed6stWNVYy8rq
2026-07-31T21:05:47.721+06:00  INFO 578387 --- [pangochain-backend] [io-8080-exec-42] c.pangochain.backend.ipfs.IpfsService    : Fetched 780 bytes from primary IPFS CID=QmdMbyBpoGFK1mURYDVGnjQ4AkNoJfnaBed6stWNVYy8rq
2026-07-31T21:05:47.721+06:00  INFO 578387 --- [pangochain-backend] [io-8080-exec-27] c.pangochain.backend.ipfs.IpfsService    : Fetched 780 bytes from primary IPFS CID=QmdMbyBpoGFK1mURYDVGnjQ4AkNoJfnaBed6stWNVYy8rq
2026-07-31T21:05:47.721+06:00  INFO 578387 --- [pangochain-backend] [io-8080-exec-16] c.pangochain.backend.ipfs.IpfsService    : Fetched 780 bytes from primary IPFS CID=QmdMbyBpoGFK1mURYDVGnjQ4AkNoJfnaBed6stWNVYy8rq
2026-07-31T21:05:47.722+06:00  INFO 578387 --- [pangochain-backend] [io-8080-exec-29] c.pangochain.backend.ipfs.IpfsService    : Fetched 780 bytes from primary IPFS CID=QmdMbyBpoGFK1mURYDVGnjQ4AkNoJfnaBed6stWNVYy8rq
2026-07-31T21:05:47.725+06:00  INFO 578387 --- [pangochain-backend] [nio-8080-exec-2] c.pangochain.backend.ipfs.IpfsService    : Fetched 780 bytes from primary IPFS CID=QmdMbyBpoGFK1mURYDVGnjQ4AkNoJfnaBed6stWNVYy8rq
2026-07-31T21:05:47.726+06:00  INFO 578387 --- [pangochain-backend] [io-8080-exec-35] c.pangochain.backend.ipfs.IpfsService    : Fetched 780 bytes from primary IPFS CID=QmdMbyBpoGFK1mURYDVGnjQ4AkNoJfnaBed6stWNVYy8rq
2026-07-31T21:05:47.730+06:00  INFO 578387 --- [pangochain-backend] [io-8080-exec-20] c.pangochain.backend.ipfs.IpfsService    : Fetched 780 bytes from primary IPFS CID=QmdMbyBpoGFK1mURYDVGnjQ4AkNoJfnaBed6stWNVYy8rq
2026-07-31T21:05:47.731+06:00  INFO 578387 --- [pangochain-backend] [nio-8080-exec-5] c.pangochain.backend.ipfs.IpfsService    : Fetched 780 bytes from primary IPFS CID=QmdMbyBpoGFK1mURYDVGnjQ4AkNoJfnaBed6stWNVYy8rq
2026-07-31T21:05:47.731+06:00  INFO 578387 --- [pangochain-backend] [io-8080-exec-30] c.pangochain.backend.ipfs.IpfsService    : Fetched 780 bytes from primary IPFS CID=QmdMbyBpoGFK1mURYDVGnjQ4AkNoJfnaBed6stWNVYy8rq
2026-07-31T21:05:47.732+06:00  INFO 578387 --- [pangochain-backend] [io-8080-exec-23] c.pangochain.backend.ipfs.IpfsService    : Fetched 780 bytes from primary IPFS CID=QmdMbyBpoGFK1mURYDVGnjQ4AkNoJfnaBed6stWNVYy8rq
2026-07-31T21:05:47.732+06:00  INFO 578387 --- [pangochain-backend] [nio-8080-exec-1] c.pangochain.backend.ipfs.IpfsService    : Fetched 780 bytes from primary IPFS CID=QmdMbyBpoGFK1mURYDVGnjQ4AkNoJfnaBed6stWNVYy8rq
2026-07-31T21:05:47.735+06:00  INFO 578387 --- [pangochain-backend] [io-8080-exec-10] c.pangochain.backend.ipfs.IpfsService    : Fetched 780 bytes from primary IPFS CID=QmdMbyBpoGFK1mURYDVGnjQ4AkNoJfnaBed6stWNVYy8rq
2026-07-31T21:05:47.730+06:00  INFO 578387 --- [pangochain-backend] [io-8080-exec-12] c.pangochain.backend.ipfs.IpfsService    : Fetched 780 bytes from primary IPFS CID=QmdMbyBpoGFK1mURYDVGnjQ4AkNoJfnaBed6stWNVYy8rq
2026-07-31T21:05:47.738+06:00  INFO 578387 --- [pangochain-backend] [io-8080-exec-31] c.pangochain.backend.ipfs.IpfsService    : Fetched 780 bytes from primary IPFS CID=QmdMbyBpoGFK1mURYDVGnjQ4AkNoJfnaBed6stWNVYy8rq
2026-07-31T21:05:47.738+06:00  INFO 578387 --- [pangochain-backend] [io-8080-exec-19] c.pangochain.backend.ipfs.IpfsService    : Fetched 780 bytes from primary IPFS CID=QmdMbyBpoGFK1mURYDVGnjQ4AkNoJfnaBed6stWNVYy8rq
2026-07-31T21:05:47.740+06:00  INFO 578387 --- [pangochain-backend] [io-8080-exec-49] c.pangochain.backend.ipfs.IpfsService    : Fetched 780 bytes from primary IPFS CID=QmdMbyBpoGFK1mURYDVGnjQ4AkNoJfnaBed6stWNVYy8rq
2026-07-31T21:05:47.742+06:00  INFO 578387 --- [pangochain-backend] [io-8080-exec-45] c.pangochain.backend.ipfs.IpfsService    : Fetched 780 bytes from primary IPFS CID=QmdMbyBpoGFK1mURYDVGnjQ4AkNoJfnaBed6stWNVYy8rq
2026-07-31T21:05:47.744+06:00  INFO 578387 --- [pangochain-backend] [io-8080-exec-27] c.pangochain.backend.ipfs.IpfsService    : Fetched 780 bytes from primary IPFS CID=QmdMbyBpoGFK1mURYDVGnjQ4AkNoJfnaBed6stWNVYy8rq
2026-07-31T21:05:47.745+06:00  INFO 578387 --- [pangochain-backend] [io-8080-exec-29] c.pangochain.backend.ipfs.IpfsService    : Fetched 780 bytes from primary IPFS CID=QmdMbyBpoGFK1mURYDVGnjQ4AkNoJfnaBed6stWNVYy8rq
2026-07-31T21:05:47.745+06:00  INFO 578387 --- [pangochain-backend] [io-8080-exec-40] c.pangochain.backend.ipfs.IpfsService    : Fetched 780 bytes from primary IPFS CID=QmdMbyBpoGFK1mURYDVGnjQ4AkNoJfnaBed6stWNVYy8rq
2026-07-31T21:05:47.745+06:00  INFO 578387 --- [pangochain-backend] [nio-8080-exec-7] c.pangochain.backend.ipfs.IpfsService    : Fetched 780 bytes from primary IPFS CID=QmdMbyBpoGFK1mURYDVGnjQ4AkNoJfnaBed6stWNVYy8rq
2026-07-31T21:05:47.746+06:00  INFO 578387 --- [pangochain-backend] [nio-8080-exec-6] c.pangochain.backend.ipfs.IpfsService    : Fetched 780 bytes from primary IPFS CID=QmdMbyBpoGFK1mURYDVGnjQ4AkNoJfnaBed6stWNVYy8rq
2026-07-31T21:05:47.746+06:00  INFO 578387 --- [pangochain-backend] [io-8080-exec-18] c.pangochain.backend.ipfs.IpfsService    : Fetched 780 bytes from primary IPFS CID=QmdMbyBpoGFK1mURYDVGnjQ4AkNoJfnaBed6stWNVYy8rq
2026-07-31T21:05:47.747+06:00  INFO 578387 --- [pangochain-backend] [io-8080-exec-38] c.pangochain.backend.ipfs.IpfsService    : Fetched 780 bytes from primary IPFS CID=QmdMbyBpoGFK1mURYDVGnjQ4AkNoJfnaBed6stWNVYy8rq
2026-07-31T21:05:47.748+06:00  INFO 578387 --- [pangochain-backend] [nio-8080-exec-3] c.pangochain.backend.ipfs.IpfsService    : Fetched 780 bytes from primary IPFS CID=QmdMbyBpoGFK1mURYDVGnjQ4AkNoJfnaBed6stWNVYy8rq
2026-07-31T21:05:47.748+06:00  INFO 578387 --- [pangochain-backend] [io-8080-exec-47] c.pangochain.backend.ipfs.IpfsService    : Fetched 780 bytes from primary IPFS CID=QmdMbyBpoGFK1mURYDVGnjQ4AkNoJfnaBed6stWNVYy8rq
2026-07-31T21:05:47.746+06:00  INFO 578387 --- [pangochain-backend] [nio-8080-exec-9] c.pangochain.backend.ipfs.IpfsService    : Fetched 780 bytes from primary IPFS CID=QmdMbyBpoGFK1mURYDVGnjQ4AkNoJfnaBed6stWNVYy8rq
2026-07-31T21:05:47.748+06:00  INFO 578387 --- [pangochain-backend] [io-8080-exec-17] c.pangochain.backend.ipfs.IpfsService    : Fetched 780 bytes from primary IPFS CID=QmdMbyBpoGFK1mURYDVGnjQ4AkNoJfnaBed6stWNVYy8rq
2026-07-31T21:05:47.749+06:00  INFO 578387 --- [pangochain-backend] [io-8080-exec-26] c.pangochain.backend.ipfs.IpfsService    : Fetched 780 bytes from primary IPFS CID=QmdMbyBpoGFK1mURYDVGnjQ4AkNoJfnaBed6stWNVYy8rq
2026-07-31T21:05:47.749+06:00  INFO 578387 --- [pangochain-backend] [io-8080-exec-34] c.pangochain.backend.ipfs.IpfsService    : Fetched 780 bytes from primary IPFS CID=QmdMbyBpoGFK1mURYDVGnjQ4AkNoJfnaBed6stWNVYy8rq
2026-07-31T21:05:47.753+06:00  INFO 578387 --- [pangochain-backend] [io-8080-exec-43] c.pangochain.backend.ipfs.IpfsService    : Fetched 780 bytes from primary IPFS CID=QmdMbyBpoGFK1mURYDVGnjQ4AkNoJfnaBed6stWNVYy8rq
2026-07-31T21:05:47.754+06:00  INFO 578387 --- [pangochain-backend] [nio-8080-exec-8] c.pangochain.backend.ipfs.IpfsService    : Fetched 780 bytes from primary IPFS CID=QmdMbyBpoGFK1mURYDVGnjQ4AkNoJfnaBed6stWNVYy8rq
2026-07-31T21:05:47.761+06:00  INFO 578387 --- [pangochain-backend] [io-8080-exec-39] c.pangochain.backend.ipfs.IpfsService    : Fetched 780 bytes from primary IPFS CID=QmdMbyBpoGFK1mURYDVGnjQ4AkNoJfnaBed6stWNVYy8rq
2026-07-31T21:05:47.769+06:00  INFO 578387 --- [pangochain-backend] [io-8080-exec-32] c.pangochain.backend.ipfs.IpfsService    : Fetched 780 bytes from primary IPFS CID=QmdMbyBpoGFK1mURYDVGnjQ4AkNoJfnaBed6stWNVYy8rq
2026-07-31T21:05:47.770+06:00  INFO 578387 --- [pangochain-backend] [io-8080-exec-11] c.pangochain.backend.ipfs.IpfsService    : Fetched 780 bytes from primary IPFS CID=QmdMbyBpoGFK1mURYDVGnjQ4AkNoJfnaBed6stWNVYy8rq
2026-07-31T21:05:47.780+06:00  INFO 578387 --- [pangochain-backend] [io-8080-exec-44] c.pangochain.backend.ipfs.IpfsService    : Fetched 780 bytes from primary IPFS CID=QmdMbyBpoGFK1mURYDVGnjQ4AkNoJfnaBed6stWNVYy8rq
2026-07-31T21:05:47.784+06:00  INFO 578387 --- [pangochain-backend] [nio-8080-exec-1] c.pangochain.backend.ipfs.IpfsService    : Fetched 780 bytes from primary IPFS CID=QmdMbyBpoGFK1mURYDVGnjQ4AkNoJfnaBed6stWNVYy8rq
2026-07-31T21:05:47.793+06:00  INFO 578387 --- [pangochain-backend] [io-8080-exec-24] c.pangochain.backend.ipfs.IpfsService    : Fetched 780 bytes from primary IPFS CID=QmdMbyBpoGFK1mURYDVGnjQ4AkNoJfnaBed6stWNVYy8rq
2026-07-31T21:05:47.797+06:00  INFO 578387 --- [pangochain-backend] [io-8080-exec-48] c.pangochain.backend.ipfs.IpfsService    : Fetched 780 bytes from primary IPFS CID=QmdMbyBpoGFK1mURYDVGnjQ4AkNoJfnaBed6stWNVYy8rq
2026-07-31T21:05:47.805+06:00  INFO 578387 --- [pangochain-backend] [io-8080-exec-20] c.pangochain.backend.ipfs.IpfsService    : Fetched 780 bytes from primary IPFS CID=QmdMbyBpoGFK1mURYDVGnjQ4AkNoJfnaBed6stWNVYy8rq
2026-07-31T21:05:47.815+06:00  INFO 578387 --- [pangochain-backend] [io-8080-exec-30] c.pangochain.backend.ipfs.IpfsService    : Fetched 780 bytes from primary IPFS CID=QmdMbyBpoGFK1mURYDVGnjQ4AkNoJfnaBed6stWNVYy8rq
2026-07-31T21:05:47.831+06:00  INFO 578387 --- [pangochain-backend] [nio-8080-exec-4] c.pangochain.backend.ipfs.IpfsService    : Fetched 780 bytes from primary IPFS CID=QmdMbyBpoGFK1mURYDVGnjQ4AkNoJfnaBed6stWNVYy8rq
2026-07-31T21:05:47.834+06:00  INFO 578387 --- [pangochain-backend] [io-8080-exec-14] c.pangochain.backend.ipfs.IpfsService    : Fetched 780 bytes from primary IPFS CID=QmdMbyBpoGFK1mURYDVGnjQ4AkNoJfnaBed6stWNVYy8rq
2026-07-31T21:05:47.834+06:00  INFO 578387 --- [pangochain-backend] [io-8080-exec-21] c.pangochain.backend.ipfs.IpfsService    : Fetched 780 bytes from primary IPFS CID=QmdMbyBpoGFK1mURYDVGnjQ4AkNoJfnaBed6stWNVYy8rq
2026-07-31T21:05:47.834+06:00  INFO 578387 --- [pangochain-backend] [io-8080-exec-15] c.pangochain.backend.ipfs.IpfsService    : Fetched 780 bytes from primary IPFS CID=QmdMbyBpoGFK1mURYDVGnjQ4AkNoJfnaBed6stWNVYy8rq
2026-07-31T21:05:47.835+06:00  INFO 578387 --- [pangochain-backend] [io-8080-exec-42] c.pangochain.backend.ipfs.IpfsService    : Fetched 780 bytes from primary IPFS CID=QmdMbyBpoGFK1mURYDVGnjQ4AkNoJfnaBed6stWNVYy8rq
2026-07-31T21:05:47.838+06:00  INFO 578387 --- [pangochain-backend] [io-8080-exec-16] c.pangochain.backend.ipfs.IpfsService    : Fetched 780 bytes from primary IPFS CID=QmdMbyBpoGFK1mURYDVGnjQ4AkNoJfnaBed6stWNVYy8rq
2026-07-31T21:05:47.840+06:00  INFO 578387 --- [pangochain-backend] [io-8080-exec-22] c.pangochain.backend.ipfs.IpfsService    : Fetched 780 bytes from primary IPFS CID=QmdMbyBpoGFK1mURYDVGnjQ4AkNoJfnaBed6stWNVYy8rq
2026-07-31T21:05:47.850+06:00  INFO 578387 --- [pangochain-backend] [io-8080-exec-33] c.pangochain.backend.ipfs.IpfsService    : Fetched 780 bytes from primary IPFS CID=QmdMbyBpoGFK1mURYDVGnjQ4AkNoJfnaBed6stWNVYy8rq
2026-07-31T21:05:47.857+06:00  INFO 578387 --- [pangochain-backend] [io-8080-exec-12] c.pangochain.backend.ipfs.IpfsService    : Fetched 780 bytes from primary IPFS CID=QmdMbyBpoGFK1mURYDVGnjQ4AkNoJfnaBed6stWNVYy8rq
2026-07-31T21:05:47.875+06:00  INFO 578387 --- [pangochain-backend] [io-8080-exec-50] c.pangochain.backend.ipfs.IpfsService    : Fetched 780 bytes from primary IPFS CID=QmdMbyBpoGFK1mURYDVGnjQ4AkNoJfnaBed6stWNVYy8rq
2026-07-31T21:05:47.882+06:00  INFO 578387 --- [pangochain-backend] [io-8080-exec-13] c.pangochain.backend.ipfs.IpfsService    : Fetched 780 bytes from primary IPFS CID=QmdMbyBpoGFK1mURYDVGnjQ4AkNoJfnaBed6stWNVYy8rq
2026-07-31T21:05:47.888+06:00  INFO 578387 --- [pangochain-backend] [io-8080-exec-36] c.pangochain.backend.ipfs.IpfsService    : Fetched 780 bytes from primary IPFS CID=QmdMbyBpoGFK1mURYDVGnjQ4AkNoJfnaBed6stWNVYy8rq
2026-07-31T21:05:47.895+06:00  INFO 578387 --- [pangochain-backend] [io-8080-exec-46] c.pangochain.backend.ipfs.IpfsService    : Fetched 780 bytes from primary IPFS CID=QmdMbyBpoGFK1mURYDVGnjQ4AkNoJfnaBed6stWNVYy8rq
2026-07-31T21:05:47.896+06:00  INFO 578387 --- [pangochain-backend] [nio-8080-exec-2] c.pangochain.backend.ipfs.IpfsService    : Fetched 780 bytes from primary IPFS CID=QmdMbyBpoGFK1mURYDVGnjQ4AkNoJfnaBed6stWNVYy8rq
2026-07-31T21:05:47.897+06:00  INFO 578387 --- [pangochain-backend] [io-8080-exec-19] c.pangochain.backend.ipfs.IpfsService    : Fetched 780 bytes from primary IPFS CID=QmdMbyBpoGFK1mURYDVGnjQ4AkNoJfnaBed6stWNVYy8rq
2026-07-31T21:05:47.901+06:00  INFO 578387 --- [pangochain-backend] [io-8080-exec-10] c.pangochain.backend.ipfs.IpfsService    : Fetched 780 bytes from primary IPFS CID=QmdMbyBpoGFK1mURYDVGnjQ4AkNoJfnaBed6stWNVYy8rq
2026-07-31T21:05:47.900+06:00  INFO 578387 --- [pangochain-backend] [nio-8080-exec-5] c.pangochain.backend.ipfs.IpfsService    : Fetched 780 bytes from primary IPFS CID=QmdMbyBpoGFK1mURYDVGnjQ4AkNoJfnaBed6stWNVYy8rq
2026-07-31T21:05:47.955+06:00  INFO 578387 --- [pangochain-backend] [io-8080-exec-41] c.pangochain.backend.ipfs.IpfsService    : Fetched 780 bytes from primary IPFS CID=QmdMbyBpoGFK1mURYDVGnjQ4AkNoJfnaBed6stWNVYy8rq
2026-07-31T21:05:47.962+06:00  INFO 578387 --- [pangochain-backend] [io-8080-exec-37] c.pangochain.backend.ipfs.IpfsService    : Fetched 780 bytes from primary IPFS CID=QmdMbyBpoGFK1mURYDVGnjQ4AkNoJfnaBed6stWNVYy8rq
2026-07-31T21:05:47.974+06:00  INFO 578387 --- [pangochain-backend] [io-8080-exec-25] c.pangochain.backend.ipfs.IpfsService    : Fetched 780 bytes from primary IPFS CID=QmdMbyBpoGFK1mURYDVGnjQ4AkNoJfnaBed6stWNVYy8rq
2026-07-31T21:05:47.976+06:00  INFO 578387 --- [pangochain-backend] [io-8080-exec-35] c.pangochain.backend.ipfs.IpfsService    : Fetched 780 bytes from primary IPFS CID=QmdMbyBpoGFK1mURYDVGnjQ4AkNoJfnaBed6stWNVYy8rq
2026-07-31T21:05:47.977+06:00  INFO 578387 --- [pangochain-backend] [io-8080-exec-31] c.pangochain.backend.ipfs.IpfsService    : Fetched 780 bytes from primary IPFS CID=QmdMbyBpoGFK1mURYDVGnjQ4AkNoJfnaBed6stWNVYy8rq
2026-07-31T21:05:47.984+06:00  INFO 578387 --- [pangochain-backend] [io-8080-exec-15] c.pangochain.backend.ipfs.IpfsService    : Fetched 780 bytes from primary IPFS CID=QmdMbyBpoGFK1mURYDVGnjQ4AkNoJfnaBed6stWNVYy8rq
2026-07-31T21:05:47.984+06:00  INFO 578387 --- [pangochain-backend] [io-8080-exec-32] c.pangochain.backend.ipfs.IpfsService    : Fetched 780 bytes from primary IPFS CID=QmdMbyBpoGFK1mURYDVGnjQ4AkNoJfnaBed6stWNVYy8rq
2026-07-31T21:05:47.988+06:00  INFO 578387 --- [pangochain-backend] [io-8080-exec-49] c.pangochain.backend.ipfs.IpfsService    : Fetched 780 bytes from primary IPFS CID=QmdMbyBpoGFK1mURYDVGnjQ4AkNoJfnaBed6stWNVYy8rq
2026-07-31T21:05:47.994+06:00  INFO 578387 --- [pangochain-backend] [io-8080-exec-28] c.pangochain.backend.ipfs.IpfsService    : Fetched 780 bytes from primary IPFS CID=QmdMbyBpoGFK1mURYDVGnjQ4AkNoJfnaBed6stWNVYy8rq
2026-07-31T21:05:48.003+06:00  INFO 578387 --- [pangochain-backend] [io-8080-exec-30] c.pangochain.backend.ipfs.IpfsService    : Fetched 780 bytes from primary IPFS CID=QmdMbyBpoGFK1mURYDVGnjQ4AkNoJfnaBed6stWNVYy8rq
2026-07-31T21:05:48.003+06:00  INFO 578387 --- [pangochain-backend] [io-8080-exec-20] c.pangochain.backend.ipfs.IpfsService    : Fetched 780 bytes from primary IPFS CID=QmdMbyBpoGFK1mURYDVGnjQ4AkNoJfnaBed6stWNVYy8rq
2026-07-31T21:05:48.003+06:00  INFO 578387 --- [pangochain-backend] [io-8080-exec-45] c.pangochain.backend.ipfs.IpfsService    : Fetched 780 bytes from primary IPFS CID=QmdMbyBpoGFK1mURYDVGnjQ4AkNoJfnaBed6stWNVYy8rq
2026-07-31T21:05:48.008+06:00  INFO 578387 --- [pangochain-backend] [io-8080-exec-38] c.pangochain.backend.ipfs.IpfsService    : Fetched 780 bytes from primary IPFS CID=QmdMbyBpoGFK1mURYDVGnjQ4AkNoJfnaBed6stWNVYy8rq
2026-07-31T21:05:48.048+06:00  INFO 578387 --- [pangochain-backend] [io-8080-exec-24] c.pangochain.backend.ipfs.IpfsService    : Fetched 780 bytes from primary IPFS CID=QmdMbyBpoGFK1mURYDVGnjQ4AkNoJfnaBed6stWNVYy8rq
2026-07-31T21:05:48.069+06:00  INFO 578387 --- [pangochain-backend] [io-8080-exec-44] c.pangochain.backend.ipfs.IpfsService    : Fetched 780 bytes from primary IPFS CID=QmdMbyBpoGFK1mURYDVGnjQ4AkNoJfnaBed6stWNVYy8rq
2026-07-31T21:05:48.085+06:00  INFO 578387 --- [pangochain-backend] [nio-8080-exec-4] c.pangochain.backend.ipfs.IpfsService    : Fetched 780 bytes from primary IPFS CID=QmdMbyBpoGFK1mURYDVGnjQ4AkNoJfnaBed6stWNVYy8rq
2026-07-31T21:05:48.091+06:00  INFO 578387 --- [pangochain-backend] [io-8080-exec-11] c.pangochain.backend.ipfs.IpfsService    : Fetched 780 bytes from primary IPFS CID=QmdMbyBpoGFK1mURYDVGnjQ4AkNoJfnaBed6stWNVYy8rq
2026-07-31T21:05:48.094+06:00  INFO 578387 --- [pangochain-backend] [io-8080-exec-48] c.pangochain.backend.ipfs.IpfsService    : Fetched 780 bytes from primary IPFS CID=QmdMbyBpoGFK1mURYDVGnjQ4AkNoJfnaBed6stWNVYy8rq
2026-07-31T21:05:48.099+06:00  INFO 578387 --- [pangochain-backend] [io-8080-exec-22] c.pangochain.backend.ipfs.IpfsService    : Fetched 780 bytes from primary IPFS CID=QmdMbyBpoGFK1mURYDVGnjQ4AkNoJfnaBed6stWNVYy8rq
2026-07-31T21:05:48.125+06:00  INFO 578387 --- [pangochain-backend] [nio-8080-exec-6] c.pangochain.backend.ipfs.IpfsService    : Fetched 780 bytes from primary IPFS CID=QmdMbyBpoGFK1mURYDVGnjQ4AkNoJfnaBed6stWNVYy8rq
2026-07-31T21:05:48.139+06:00  INFO 578387 --- [pangochain-backend] [io-8080-exec-23] c.pangochain.backend.ipfs.IpfsService    : Fetched 780 bytes from primary IPFS CID=QmdMbyBpoGFK1mURYDVGnjQ4AkNoJfnaBed6stWNVYy8rq
2026-07-31T21:05:48.146+06:00  INFO 578387 --- [pangochain-backend] [nio-8080-exec-7] c.pangochain.backend.ipfs.IpfsService    : Fetched 780 bytes from primary IPFS CID=QmdMbyBpoGFK1mURYDVGnjQ4AkNoJfnaBed6stWNVYy8rq
2026-07-31T21:05:48.162+06:00  INFO 578387 --- [pangochain-backend] [io-8080-exec-40] c.pangochain.backend.ipfs.IpfsService    : Fetched 780 bytes from primary IPFS CID=QmdMbyBpoGFK1mURYDVGnjQ4AkNoJfnaBed6stWNVYy8rq
2026-07-31T21:05:48.174+06:00  INFO 578387 --- [pangochain-backend] [nio-8080-exec-1] c.pangochain.backend.ipfs.IpfsService    : Fetched 780 bytes from primary IPFS CID=QmdMbyBpoGFK1mURYDVGnjQ4AkNoJfnaBed6stWNVYy8rq
2026-07-31T21:05:48.213+06:00  INFO 578387 --- [pangochain-backend] [io-8080-exec-21] c.pangochain.backend.ipfs.IpfsService    : Fetched 780 bytes from primary IPFS CID=QmdMbyBpoGFK1mURYDVGnjQ4AkNoJfnaBed6stWNVYy8rq
2026-07-31T21:05:48.216+06:00  INFO 578387 --- [pangochain-backend] [io-8080-exec-27] c.pangochain.backend.ipfs.IpfsService    : Fetched 780 bytes from primary IPFS CID=QmdMbyBpoGFK1mURYDVGnjQ4AkNoJfnaBed6stWNVYy8rq
2026-07-31T21:05:48.222+06:00  INFO 578387 --- [pangochain-backend] [   async-task-2] c.p.b.blockchain.FabricGatewayService    : Fabric tx committed: fn=LogAuditEvent txId=1d29d57a3c83bef2fd463e82b5904d05d30675a670824698fa7c0b00feb00bc8
2026-07-31T21:05:48.223+06:00  INFO 578387 --- [pangochain-backend] [   async-task-4] c.p.b.blockchain.FabricGatewayService    : Fabric tx committed: fn=LogAuditEvent txId=0dbc41053b5e67ac0652ffa824f433604be5638bf1eae757dbeec3d55817a693
2026-07-31T21:05:48.223+06:00  INFO 578387 --- [pangochain-backend] [io-8080-exec-16] c.pangochain.backend.ipfs.IpfsService    : Fetched 780 bytes from primary IPFS CID=QmdMbyBpoGFK1mURYDVGnjQ4AkNoJfnaBed6stWNVYy8rq
2026-07-31T21:05:48.228+06:00  INFO 578387 --- [pangochain-backend] [   async-task-1] c.p.b.blockchain.FabricGatewayService    : Fabric tx committed: fn=LogAuditEvent txId=fffa7e18c4fd622b804f96095ae5e0001d53ac236728f5c05ceb5204f7f9cd6c
2026-07-31T21:05:48.229+06:00  INFO 578387 --- [pangochain-backend] [io-8080-exec-47] c.pangochain.backend.ipfs.IpfsService    : Fetched 780 bytes from primary IPFS CID=QmdMbyBpoGFK1mURYDVGnjQ4AkNoJfnaBed6stWNVYy8rq
2026-07-31T21:05:48.231+06:00  INFO 578387 --- [pangochain-backend] [   async-task-7] c.p.b.blockchain.FabricGatewayService    : Fabric tx committed: fn=LogAuditEvent txId=a9a4f4198538213ba057d2a167aaa9dd859f86761fff358ff88cef8851e9aa46
2026-07-31T21:05:48.234+06:00  INFO 578387 --- [pangochain-backend] [   async-task-5] c.p.b.blockchain.FabricGatewayService    : Fabric tx committed: fn=LogAuditEvent txId=e88139415ed25d3a49b77563fccc3036474964918e9bcbc58bff85b7298d4817
2026-07-31T21:05:48.234+06:00  INFO 578387 --- [pangochain-backend] [   async-task-3] c.p.b.blockchain.FabricGatewayService    : Fabric tx committed: fn=LogAuditEvent txId=271c9ee19babcb777530fd215ccb3167487b48df89642457cfae428caaff791f
2026-07-31T21:05:48.245+06:00  INFO 578387 --- [pangochain-backend] [   async-task-8] c.p.b.blockchain.FabricGatewayService    : Fabric tx committed: fn=LogAuditEvent txId=93be35e9e4439d9a66608188be3ea815af3da061bc782d5f112ce5f42b6a9736
2026-07-31T21:05:48.250+06:00  INFO 578387 --- [pangochain-backend] [   async-task-6] c.p.b.blockchain.FabricGatewayService    : Fabric tx committed: fn=LogAuditEvent txId=af854adde88bbbd230e37b76281d0502e8723f474ab91eec502f99fcad54252c
2026-07-31T21:05:48.261+06:00  INFO 578387 --- [pangochain-backend] [io-8080-exec-42] c.pangochain.backend.ipfs.IpfsService    : Fetched 780 bytes from primary IPFS CID=QmdMbyBpoGFK1mURYDVGnjQ4AkNoJfnaBed6stWNVYy8rq
2026-07-31T21:05:48.266+06:00  INFO 578387 --- [pangochain-backend] [io-8080-exec-33] c.pangochain.backend.ipfs.IpfsService    : Fetched 780 bytes from primary IPFS CID=QmdMbyBpoGFK1mURYDVGnjQ4AkNoJfnaBed6stWNVYy8rq
2026-07-31T21:05:48.269+06:00  INFO 578387 --- [pangochain-backend] [io-8080-exec-50] c.pangochain.backend.ipfs.IpfsService    : Fetched 780 bytes from primary IPFS CID=QmdMbyBpoGFK1mURYDVGnjQ4AkNoJfnaBed6stWNVYy8rq
2026-07-31T21:05:48.274+06:00  INFO 578387 --- [pangochain-backend] [nio-8080-exec-5] c.pangochain.backend.ipfs.IpfsService    : Fetched 780 bytes from primary IPFS CID=QmdMbyBpoGFK1mURYDVGnjQ4AkNoJfnaBed6stWNVYy8rq
2026-07-31T21:05:48.278+06:00  INFO 578387 --- [pangochain-backend] [io-8080-exec-14] c.pangochain.backend.ipfs.IpfsService    : Fetched 780 bytes from primary IPFS CID=QmdMbyBpoGFK1mURYDVGnjQ4AkNoJfnaBed6stWNVYy8rq
2026-07-31T21:05:48.279+06:00  INFO 578387 --- [pangochain-backend] [nio-8080-exec-2] c.pangochain.backend.ipfs.IpfsService    : Fetched 780 bytes from primary IPFS CID=QmdMbyBpoGFK1mURYDVGnjQ4AkNoJfnaBed6stWNVYy8rq
2026-07-31T21:05:48.282+06:00  INFO 578387 --- [pangochain-backend] [io-8080-exec-17] c.pangochain.backend.ipfs.IpfsService    : Fetched 780 bytes from primary IPFS CID=QmdMbyBpoGFK1mURYDVGnjQ4AkNoJfnaBed6stWNVYy8rq
2026-07-31T21:05:48.288+06:00  INFO 578387 --- [pangochain-backend] [io-8080-exec-49] c.pangochain.backend.ipfs.IpfsService    : Fetched 780 bytes from primary IPFS CID=QmdMbyBpoGFK1mURYDVGnjQ4AkNoJfnaBed6stWNVYy8rq
2026-07-31T21:05:48.288+06:00  INFO 578387 --- [pangochain-backend] [io-8080-exec-28] c.pangochain.backend.ipfs.IpfsService    : Fetched 780 bytes from primary IPFS CID=QmdMbyBpoGFK1mURYDVGnjQ4AkNoJfnaBed6stWNVYy8rq
2026-07-31T21:05:48.289+06:00  INFO 578387 --- [pangochain-backend] [io-8080-exec-45] c.pangochain.backend.ipfs.IpfsService    : Fetched 780 bytes from primary IPFS CID=QmdMbyBpoGFK1mURYDVGnjQ4AkNoJfnaBed6stWNVYy8rq
2026-07-31T21:05:48.291+06:00  INFO 578387 --- [pangochain-backend] [io-8080-exec-29] c.pangochain.backend.ipfs.IpfsService    : Fetched 780 bytes from primary IPFS CID=QmdMbyBpoGFK1mURYDVGnjQ4AkNoJfnaBed6stWNVYy8rq
2026-07-31T21:05:48.296+06:00  INFO 578387 --- [pangochain-backend] [io-8080-exec-34] c.pangochain.backend.ipfs.IpfsService    : Fetched 780 bytes from primary IPFS CID=QmdMbyBpoGFK1mURYDVGnjQ4AkNoJfnaBed6stWNVYy8rq
2026-07-31T21:05:48.299+06:00  INFO 578387 --- [pangochain-backend] [io-8080-exec-12] c.pangochain.backend.ipfs.IpfsService    : Fetched 780 bytes from primary IPFS CID=QmdMbyBpoGFK1mURYDVGnjQ4AkNoJfnaBed6stWNVYy8rq
2026-07-31T21:05:48.300+06:00  INFO 578387 --- [pangochain-backend] [io-8080-exec-46] c.pangochain.backend.ipfs.IpfsService    : Fetched 780 bytes from primary IPFS CID=QmdMbyBpoGFK1mURYDVGnjQ4AkNoJfnaBed6stWNVYy8rq
2026-07-31T21:05:48.301+06:00  INFO 578387 --- [pangochain-backend] [io-8080-exec-11] c.pangochain.backend.ipfs.IpfsService    : Fetched 780 bytes from primary IPFS CID=QmdMbyBpoGFK1mURYDVGnjQ4AkNoJfnaBed6stWNVYy8rq
2026-07-31T21:05:48.304+06:00  INFO 578387 --- [pangochain-backend] [nio-8080-exec-3] c.pangochain.backend.ipfs.IpfsService    : Fetched 780 bytes from primary IPFS CID=QmdMbyBpoGFK1mURYDVGnjQ4AkNoJfnaBed6stWNVYy8rq
2026-07-31T21:05:48.306+06:00  INFO 578387 --- [pangochain-backend] [io-8080-exec-10] c.pangochain.backend.ipfs.IpfsService    : Fetched 780 bytes from primary IPFS CID=QmdMbyBpoGFK1mURYDVGnjQ4AkNoJfnaBed6stWNVYy8rq
2026-07-31T21:05:48.308+06:00  INFO 578387 --- [pangochain-backend] [nio-8080-exec-6] c.pangochain.backend.ipfs.IpfsService    : Fetched 780 bytes from primary IPFS CID=QmdMbyBpoGFK1mURYDVGnjQ4AkNoJfnaBed6stWNVYy8rq
2026-07-31T21:05:48.309+06:00  INFO 578387 --- [pangochain-backend] [io-8080-exec-18] c.pangochain.backend.ipfs.IpfsService    : Fetched 780 bytes from primary IPFS CID=QmdMbyBpoGFK1mURYDVGnjQ4AkNoJfnaBed6stWNVYy8rq
2026-07-31T21:05:48.310+06:00  INFO 578387 --- [pangochain-backend] [io-8080-exec-13] c.pangochain.backend.ipfs.IpfsService    : Fetched 780 bytes from primary IPFS CID=QmdMbyBpoGFK1mURYDVGnjQ4AkNoJfnaBed6stWNVYy8rq
2026-07-31T21:05:48.311+06:00  INFO 578387 --- [pangochain-backend] [io-8080-exec-36] c.pangochain.backend.ipfs.IpfsService    : Fetched 780 bytes from primary IPFS CID=QmdMbyBpoGFK1mURYDVGnjQ4AkNoJfnaBed6stWNVYy8rq
2026-07-31T21:05:48.312+06:00  INFO 578387 --- [pangochain-backend] [io-8080-exec-25] c.pangochain.backend.ipfs.IpfsService    : Fetched 780 bytes from primary IPFS CID=QmdMbyBpoGFK1mURYDVGnjQ4AkNoJfnaBed6stWNVYy8rq
2026-07-31T21:05:48.313+06:00  INFO 578387 --- [pangochain-backend] [nio-8080-exec-9] c.pangochain.backend.ipfs.IpfsService    : Fetched 780 bytes from primary IPFS CID=QmdMbyBpoGFK1mURYDVGnjQ4AkNoJfnaBed6stWNVYy8rq
2026-07-31T21:05:48.316+06:00  INFO 578387 --- [pangochain-backend] [io-8080-exec-16] c.pangochain.backend.ipfs.IpfsService    : Fetched 780 bytes from primary IPFS CID=QmdMbyBpoGFK1mURYDVGnjQ4AkNoJfnaBed6stWNVYy8rq
2026-07-31T21:05:48.316+06:00  INFO 578387 --- [pangochain-backend] [nio-8080-exec-8] c.pangochain.backend.ipfs.IpfsService    : Fetched 780 bytes from primary IPFS CID=QmdMbyBpoGFK1mURYDVGnjQ4AkNoJfnaBed6stWNVYy8rq
2026-07-31T21:05:48.316+06:00  INFO 578387 --- [pangochain-backend] [io-8080-exec-43] c.pangochain.backend.ipfs.IpfsService    : Fetched 780 bytes from primary IPFS CID=QmdMbyBpoGFK1mURYDVGnjQ4AkNoJfnaBed6stWNVYy8rq
2026-07-31T21:05:48.317+06:00  INFO 578387 --- [pangochain-backend] [io-8080-exec-27] c.pangochain.backend.ipfs.IpfsService    : Fetched 780 bytes from primary IPFS CID=QmdMbyBpoGFK1mURYDVGnjQ4AkNoJfnaBed6stWNVYy8rq
2026-07-31T21:05:48.317+06:00  INFO 578387 --- [pangochain-backend] [io-8080-exec-39] c.pangochain.backend.ipfs.IpfsService    : Fetched 780 bytes from primary IPFS CID=QmdMbyBpoGFK1mURYDVGnjQ4AkNoJfnaBed6stWNVYy8rq
2026-07-31T21:05:48.317+06:00  INFO 578387 --- [pangochain-backend] [io-8080-exec-19] c.pangochain.backend.ipfs.IpfsService    : Fetched 780 bytes from primary IPFS CID=QmdMbyBpoGFK1mURYDVGnjQ4AkNoJfnaBed6stWNVYy8rq
2026-07-31T21:05:48.318+06:00  INFO 578387 --- [pangochain-backend] [io-8080-exec-22] c.pangochain.backend.ipfs.IpfsService    : Fetched 780 bytes from primary IPFS CID=QmdMbyBpoGFK1mURYDVGnjQ4AkNoJfnaBed6stWNVYy8rq
2026-07-31T21:05:48.319+06:00  INFO 578387 --- [pangochain-backend] [io-8080-exec-38] c.pangochain.backend.ipfs.IpfsService    : Fetched 780 bytes from primary IPFS CID=QmdMbyBpoGFK1mURYDVGnjQ4AkNoJfnaBed6stWNVYy8rq
2026-07-31T21:05:48.320+06:00  INFO 578387 --- [pangochain-backend] [io-8080-exec-40] c.pangochain.backend.ipfs.IpfsService    : Fetched 780 bytes from primary IPFS CID=QmdMbyBpoGFK1mURYDVGnjQ4AkNoJfnaBed6stWNVYy8rq
2026-07-31T21:05:48.323+06:00  INFO 578387 --- [pangochain-backend] [io-8080-exec-50] c.pangochain.backend.ipfs.IpfsService    : Fetched 780 bytes from primary IPFS CID=QmdMbyBpoGFK1mURYDVGnjQ4AkNoJfnaBed6stWNVYy8rq
2026-07-31T21:05:48.324+06:00  INFO 578387 --- [pangochain-backend] [io-8080-exec-35] c.pangochain.backend.ipfs.IpfsService    : Fetched 780 bytes from primary IPFS CID=QmdMbyBpoGFK1mURYDVGnjQ4AkNoJfnaBed6stWNVYy8rq
2026-07-31T21:05:48.325+06:00  INFO 578387 --- [pangochain-backend] [io-8080-exec-41] c.pangochain.backend.ipfs.IpfsService    : Fetched 780 bytes from primary IPFS CID=QmdMbyBpoGFK1mURYDVGnjQ4AkNoJfnaBed6stWNVYy8rq
2026-07-31T21:05:48.325+06:00  INFO 578387 --- [pangochain-backend] [io-8080-exec-32] c.pangochain.backend.ipfs.IpfsService    : Fetched 780 bytes from primary IPFS CID=QmdMbyBpoGFK1mURYDVGnjQ4AkNoJfnaBed6stWNVYy8rq
2026-07-31T21:05:48.326+06:00  INFO 578387 --- [pangochain-backend] [io-8080-exec-14] c.pangochain.backend.ipfs.IpfsService    : Fetched 780 bytes from primary IPFS CID=QmdMbyBpoGFK1mURYDVGnjQ4AkNoJfnaBed6stWNVYy8rq
2026-07-31T21:05:48.326+06:00  INFO 578387 --- [pangochain-backend] [io-8080-exec-28] c.pangochain.backend.ipfs.IpfsService    : Fetched 780 bytes from primary IPFS CID=QmdMbyBpoGFK1mURYDVGnjQ4AkNoJfnaBed6stWNVYy8rq
2026-07-31T21:05:48.335+06:00  INFO 578387 --- [pangochain-backend] [nio-8080-exec-5] c.pangochain.backend.ipfs.IpfsService    : Fetched 780 bytes from primary IPFS CID=QmdMbyBpoGFK1mURYDVGnjQ4AkNoJfnaBed6stWNVYy8rq
2026-07-31T21:05:48.335+06:00  INFO 578387 --- [pangochain-backend] [nio-8080-exec-4] c.pangochain.backend.ipfs.IpfsService    : Fetched 780 bytes from primary IPFS CID=QmdMbyBpoGFK1mURYDVGnjQ4AkNoJfnaBed6stWNVYy8rq
2026-07-31T21:05:48.336+06:00  INFO 578387 --- [pangochain-backend] [io-8080-exec-23] c.pangochain.backend.ipfs.IpfsService    : Fetched 780 bytes from primary IPFS CID=QmdMbyBpoGFK1mURYDVGnjQ4AkNoJfnaBed6stWNVYy8rq
2026-07-31T21:05:48.336+06:00  INFO 578387 --- [pangochain-backend] [io-8080-exec-48] c.pangochain.backend.ipfs.IpfsService    : Fetched 780 bytes from primary IPFS CID=QmdMbyBpoGFK1mURYDVGnjQ4AkNoJfnaBed6stWNVYy8rq
2026-07-31T21:05:48.339+06:00  INFO 578387 --- [pangochain-backend] [io-8080-exec-15] c.pangochain.backend.ipfs.IpfsService    : Fetched 780 bytes from primary IPFS CID=QmdMbyBpoGFK1mURYDVGnjQ4AkNoJfnaBed6stWNVYy8rq
2026-07-31T21:05:48.347+06:00  INFO 578387 --- [pangochain-backend] [io-8080-exec-37] c.pangochain.backend.ipfs.IpfsService    : Fetched 780 bytes from primary IPFS CID=QmdMbyBpoGFK1mURYDVGnjQ4AkNoJfnaBed6stWNVYy8rq
2026-07-31T21:05:48.349+06:00  INFO 578387 --- [pangochain-backend] [io-8080-exec-38] c.pangochain.backend.ipfs.IpfsService    : Fetched 780 bytes from primary IPFS CID=QmdMbyBpoGFK1mURYDVGnjQ4AkNoJfnaBed6stWNVYy8rq
2026-07-31T21:05:48.353+06:00  INFO 578387 --- [pangochain-backend] [io-8080-exec-11] c.pangochain.backend.ipfs.IpfsService    : Fetched 780 bytes from primary IPFS CID=QmdMbyBpoGFK1mURYDVGnjQ4AkNoJfnaBed6stWNVYy8rq
2026-07-31T21:05:48.357+06:00  INFO 578387 --- [pangochain-backend] [io-8080-exec-42] c.pangochain.backend.ipfs.IpfsService    : Fetched 780 bytes from primary IPFS CID=QmdMbyBpoGFK1mURYDVGnjQ4AkNoJfnaBed6stWNVYy8rq
2026-07-31T21:05:48.358+06:00  INFO 578387 --- [pangochain-backend] [io-8080-exec-31] c.pangochain.backend.ipfs.IpfsService    : Fetched 780 bytes from primary IPFS CID=QmdMbyBpoGFK1mURYDVGnjQ4AkNoJfnaBed6stWNVYy8rq
2026-07-31T21:05:48.358+06:00  INFO 578387 --- [pangochain-backend] [io-8080-exec-47] c.pangochain.backend.ipfs.IpfsService    : Fetched 780 bytes from primary IPFS CID=QmdMbyBpoGFK1mURYDVGnjQ4AkNoJfnaBed6stWNVYy8rq
2026-07-31T21:05:48.361+06:00  INFO 578387 --- [pangochain-backend] [io-8080-exec-30] c.pangochain.backend.ipfs.IpfsService    : Fetched 780 bytes from primary IPFS CID=QmdMbyBpoGFK1mURYDVGnjQ4AkNoJfnaBed6stWNVYy8rq
2026-07-31T21:05:48.363+06:00  INFO 578387 --- [pangochain-backend] [io-8080-exec-51] c.pangochain.backend.ipfs.IpfsService    : Fetched 780 bytes from primary IPFS CID=QmdMbyBpoGFK1mURYDVGnjQ4AkNoJfnaBed6stWNVYy8rq
2026-07-31T21:05:48.365+06:00  INFO 578387 --- [pangochain-backend] [io-8080-exec-26] c.pangochain.backend.ipfs.IpfsService    : Fetched 780 bytes from primary IPFS CID=QmdMbyBpoGFK1mURYDVGnjQ4AkNoJfnaBed6stWNVYy8rq
2026-07-31T21:05:48.372+06:00  INFO 578387 --- [pangochain-backend] [nio-8080-exec-1] c.pangochain.backend.ipfs.IpfsService    : Fetched 780 bytes from primary IPFS CID=QmdMbyBpoGFK1mURYDVGnjQ4AkNoJfnaBed6stWNVYy8rq
2026-07-31T21:05:48.381+06:00  INFO 578387 --- [pangochain-backend] [io-8080-exec-25] c.pangochain.backend.ipfs.IpfsService    : Fetched 780 bytes from primary IPFS CID=QmdMbyBpoGFK1mURYDVGnjQ4AkNoJfnaBed6stWNVYy8rq
2026-07-31T21:05:48.382+06:00  INFO 578387 --- [pangochain-backend] [nio-8080-exec-2] c.pangochain.backend.ipfs.IpfsService    : Fetched 780 bytes from primary IPFS CID=QmdMbyBpoGFK1mURYDVGnjQ4AkNoJfnaBed6stWNVYy8rq
2026-07-31T21:05:48.392+06:00  INFO 578387 --- [pangochain-backend] [io-8080-exec-21] c.pangochain.backend.ipfs.IpfsService    : Fetched 780 bytes from primary IPFS CID=QmdMbyBpoGFK1mURYDVGnjQ4AkNoJfnaBed6stWNVYy8rq
2026-07-31T21:05:48.400+06:00  INFO 578387 --- [pangochain-backend] [io-8080-exec-50] c.pangochain.backend.ipfs.IpfsService    : Fetched 780 bytes from primary IPFS CID=QmdMbyBpoGFK1mURYDVGnjQ4AkNoJfnaBed6stWNVYy8rq
2026-07-31T21:05:48.405+06:00  INFO 578387 --- [pangochain-backend] [io-8080-exec-41] c.pangochain.backend.ipfs.IpfsService    : Fetched 780 bytes from primary IPFS CID=QmdMbyBpoGFK1mURYDVGnjQ4AkNoJfnaBed6stWNVYy8rq
2026-07-31T21:05:48.409+06:00  INFO 578387 --- [pangochain-backend] [nio-8080-exec-8] c.pangochain.backend.ipfs.IpfsService    : Fetched 780 bytes from primary IPFS CID=QmdMbyBpoGFK1mURYDVGnjQ4AkNoJfnaBed6stWNVYy8rq
2026-07-31T21:05:48.409+06:00  INFO 578387 --- [pangochain-backend] [io-8080-exec-20] c.pangochain.backend.ipfs.IpfsService    : Fetched 780 bytes from primary IPFS CID=QmdMbyBpoGFK1mURYDVGnjQ4AkNoJfnaBed6stWNVYy8rq
2026-07-31T21:05:48.412+06:00  INFO 578387 --- [pangochain-backend] [io-8080-exec-35] c.pangochain.backend.ipfs.IpfsService    : Fetched 780 bytes from primary IPFS CID=QmdMbyBpoGFK1mURYDVGnjQ4AkNoJfnaBed6stWNVYy8rq
2026-07-31T21:05:48.403+06:00  INFO 578387 --- [pangochain-backend] [io-8080-exec-33] c.pangochain.backend.ipfs.IpfsService    : Fetched 780 bytes from primary IPFS CID=QmdMbyBpoGFK1mURYDVGnjQ4AkNoJfnaBed6stWNVYy8rq
2026-07-31T21:05:48.439+06:00  INFO 578387 --- [pangochain-backend] [io-8080-exec-44] c.pangochain.backend.ipfs.IpfsService    : Fetched 780 bytes from primary IPFS CID=QmdMbyBpoGFK1mURYDVGnjQ4AkNoJfnaBed6stWNVYy8rq
2026-07-31T21:05:48.441+06:00  INFO 578387 --- [pangochain-backend] [io-8080-exec-10] c.pangochain.backend.ipfs.IpfsService    : Fetched 780 bytes from primary IPFS CID=QmdMbyBpoGFK1mURYDVGnjQ4AkNoJfnaBed6stWNVYy8rq
2026-07-31T21:05:48.447+06:00  INFO 578387 --- [pangochain-backend] [io-8080-exec-39] c.pangochain.backend.ipfs.IpfsService    : Fetched 780 bytes from primary IPFS CID=QmdMbyBpoGFK1mURYDVGnjQ4AkNoJfnaBed6stWNVYy8rq
2026-07-31T21:05:48.459+06:00  INFO 578387 --- [pangochain-backend] [nio-8080-exec-7] c.pangochain.backend.ipfs.IpfsService    : Fetched 780 bytes from primary IPFS CID=QmdMbyBpoGFK1mURYDVGnjQ4AkNoJfnaBed6stWNVYy8rq
2026-07-31T21:05:48.474+06:00  INFO 578387 --- [pangochain-backend] [io-8080-exec-24] c.pangochain.backend.ipfs.IpfsService    : Fetched 780 bytes from primary IPFS CID=QmdMbyBpoGFK1mURYDVGnjQ4AkNoJfnaBed6stWNVYy8rq
2026-07-31T21:05:48.477+06:00  INFO 578387 --- [pangochain-backend] [io-8080-exec-49] c.pangochain.backend.ipfs.IpfsService    : Fetched 780 bytes from primary IPFS CID=QmdMbyBpoGFK1mURYDVGnjQ4AkNoJfnaBed6stWNVYy8rq
2026-07-31T21:05:48.492+06:00  INFO 578387 --- [pangochain-backend] [io-8080-exec-19] c.pangochain.backend.ipfs.IpfsService    : Fetched 780 bytes from primary IPFS CID=QmdMbyBpoGFK1mURYDVGnjQ4AkNoJfnaBed6stWNVYy8rq
2026-07-31T21:05:48.500+06:00  INFO 578387 --- [pangochain-backend] [io-8080-exec-12] c.pangochain.backend.ipfs.IpfsService    : Fetched 780 bytes from primary IPFS CID=QmdMbyBpoGFK1mURYDVGnjQ4AkNoJfnaBed6stWNVYy8rq
2026-07-31T21:05:48.510+06:00  INFO 578387 --- [pangochain-backend] [io-8080-exec-11] c.pangochain.backend.ipfs.IpfsService    : Fetched 780 bytes from primary IPFS CID=QmdMbyBpoGFK1mURYDVGnjQ4AkNoJfnaBed6stWNVYy8rq
2026-07-31T21:05:48.517+06:00  INFO 578387 --- [pangochain-backend] [io-8080-exec-40] c.pangochain.backend.ipfs.IpfsService    : Fetched 780 bytes from primary IPFS CID=QmdMbyBpoGFK1mURYDVGnjQ4AkNoJfnaBed6stWNVYy8rq
2026-07-31T21:05:48.531+06:00  INFO 578387 --- [pangochain-backend] [io-8080-exec-43] c.pangochain.backend.ipfs.IpfsService    : Fetched 780 bytes from primary IPFS CID=QmdMbyBpoGFK1mURYDVGnjQ4AkNoJfnaBed6stWNVYy8rq
2026-07-31T21:05:48.538+06:00  INFO 578387 --- [pangochain-backend] [io-8080-exec-48] c.pangochain.backend.ipfs.IpfsService    : Fetched 780 bytes from primary IPFS CID=QmdMbyBpoGFK1mURYDVGnjQ4AkNoJfnaBed6stWNVYy8rq
2026-07-31T21:05:48.545+06:00  INFO 578387 --- [pangochain-backend] [io-8080-exec-37] c.pangochain.backend.ipfs.IpfsService    : Fetched 780 bytes from primary IPFS CID=QmdMbyBpoGFK1mURYDVGnjQ4AkNoJfnaBed6stWNVYy8rq
2026-07-31T21:05:48.549+06:00  INFO 578387 --- [pangochain-backend] [io-8080-exec-28] c.pangochain.backend.ipfs.IpfsService    : Fetched 780 bytes from primary IPFS CID=QmdMbyBpoGFK1mURYDVGnjQ4AkNoJfnaBed6stWNVYy8rq
2026-07-31T21:05:48.556+06:00  INFO 578387 --- [pangochain-backend] [nio-8080-exec-9] c.pangochain.backend.ipfs.IpfsService    : Fetched 780 bytes from primary IPFS CID=QmdMbyBpoGFK1mURYDVGnjQ4AkNoJfnaBed6stWNVYy8rq
2026-07-31T21:05:48.562+06:00  INFO 578387 --- [pangochain-backend] [io-8080-exec-17] c.pangochain.backend.ipfs.IpfsService    : Fetched 780 bytes from primary IPFS CID=QmdMbyBpoGFK1mURYDVGnjQ4AkNoJfnaBed6stWNVYy8rq
2026-07-31T21:05:48.583+06:00  INFO 578387 --- [pangochain-backend] [io-8080-exec-29] c.pangochain.backend.ipfs.IpfsService    : Fetched 780 bytes from primary IPFS CID=QmdMbyBpoGFK1mURYDVGnjQ4AkNoJfnaBed6stWNVYy8rq
2026-07-31T21:05:48.605+06:00  INFO 578387 --- [pangochain-backend] [io-8080-exec-13] c.pangochain.backend.ipfs.IpfsService    : Fetched 780 bytes from primary IPFS CID=QmdMbyBpoGFK1mURYDVGnjQ4AkNoJfnaBed6stWNVYy8rq
2026-07-31T21:05:48.609+06:00  INFO 578387 --- [pangochain-backend] [io-8080-exec-45] c.pangochain.backend.ipfs.IpfsService    : Fetched 780 bytes from primary IPFS CID=QmdMbyBpoGFK1mURYDVGnjQ4AkNoJfnaBed6stWNVYy8rq
2026-07-31T21:05:48.610+06:00  INFO 578387 --- [pangochain-backend] [io-8080-exec-46] c.pangochain.backend.ipfs.IpfsService    : Fetched 780 bytes from primary IPFS CID=QmdMbyBpoGFK1mURYDVGnjQ4AkNoJfnaBed6stWNVYy8rq
2026-07-31T21:05:48.704+06:00  INFO 578387 --- [pangochain-backend] [io-8080-exec-18] c.pangochain.backend.ipfs.IpfsService    : Fetched 780 bytes from primary IPFS CID=QmdMbyBpoGFK1mURYDVGnjQ4AkNoJfnaBed6stWNVYy8rq
2026-07-31T21:05:48.705+06:00  INFO 578387 --- [pangochain-backend] [io-8080-exec-27] c.pangochain.backend.ipfs.IpfsService    : Fetched 780 bytes from primary IPFS CID=QmdMbyBpoGFK1mURYDVGnjQ4AkNoJfnaBed6stWNVYy8rq
2026-07-31T21:05:48.708+06:00  INFO 578387 --- [pangochain-backend] [io-8080-exec-23] c.pangochain.backend.ipfs.IpfsService    : Fetched 780 bytes from primary IPFS CID=QmdMbyBpoGFK1mURYDVGnjQ4AkNoJfnaBed6stWNVYy8rq
2026-07-31T21:05:48.725+06:00  INFO 578387 --- [pangochain-backend] [nio-8080-exec-3] c.pangochain.backend.ipfs.IpfsService    : Fetched 780 bytes from primary IPFS CID=QmdMbyBpoGFK1mURYDVGnjQ4AkNoJfnaBed6stWNVYy8rq
2026-07-31T21:05:48.759+06:00  INFO 578387 --- [pangochain-backend] [nio-8080-exec-8] c.pangochain.backend.ipfs.IpfsService    : Fetched 780 bytes from primary IPFS CID=QmdMbyBpoGFK1mURYDVGnjQ4AkNoJfnaBed6stWNVYy8rq
2026-07-31T21:05:48.772+06:00  INFO 578387 --- [pangochain-backend] [nio-8080-exec-4] c.pangochain.backend.ipfs.IpfsService    : Fetched 780 bytes from primary IPFS CID=QmdMbyBpoGFK1mURYDVGnjQ4AkNoJfnaBed6stWNVYy8rq
2026-07-31T21:05:48.855+06:00  INFO 578387 --- [pangochain-backend] [io-8080-exec-39] c.pangochain.backend.ipfs.IpfsService    : Fetched 780 bytes from primary IPFS CID=QmdMbyBpoGFK1mURYDVGnjQ4AkNoJfnaBed6stWNVYy8rq
2026-07-31T21:05:48.857+06:00  INFO 578387 --- [pangochain-backend] [nio-8080-exec-7] c.pangochain.backend.ipfs.IpfsService    : Fetched 780 bytes from primary IPFS CID=QmdMbyBpoGFK1mURYDVGnjQ4AkNoJfnaBed6stWNVYy8rq
2026-07-31T21:05:48.867+06:00  INFO 578387 --- [pangochain-backend] [io-8080-exec-51] c.pangochain.backend.ipfs.IpfsService    : Fetched 780 bytes from primary IPFS CID=QmdMbyBpoGFK1mURYDVGnjQ4AkNoJfnaBed6stWNVYy8rq
2026-07-31T21:05:48.867+06:00  INFO 578387 --- [pangochain-backend] [io-8080-exec-34] c.pangochain.backend.ipfs.IpfsService    : Fetched 780 bytes from primary IPFS CID=QmdMbyBpoGFK1mURYDVGnjQ4AkNoJfnaBed6stWNVYy8rq
2026-07-31T21:05:48.885+06:00  INFO 578387 --- [pangochain-backend] [io-8080-exec-22] c.pangochain.backend.ipfs.IpfsService    : Fetched 780 bytes from primary IPFS CID=QmdMbyBpoGFK1mURYDVGnjQ4AkNoJfnaBed6stWNVYy8rq
2026-07-31T21:05:48.891+06:00  INFO 578387 --- [pangochain-backend] [io-8080-exec-20] c.pangochain.backend.ipfs.IpfsService    : Fetched 780 bytes from primary IPFS CID=QmdMbyBpoGFK1mURYDVGnjQ4AkNoJfnaBed6stWNVYy8rq
2026-07-31T21:05:48.895+06:00  INFO 578387 --- [pangochain-backend] [io-8080-exec-47] c.pangochain.backend.ipfs.IpfsService    : Fetched 780 bytes from primary IPFS CID=QmdMbyBpoGFK1mURYDVGnjQ4AkNoJfnaBed6stWNVYy8rq
2026-07-31T21:05:48.886+06:00  INFO 578387 --- [pangochain-backend] [io-8080-exec-14] c.pangochain.backend.ipfs.IpfsService    : Fetched 780 bytes from primary IPFS CID=QmdMbyBpoGFK1mURYDVGnjQ4AkNoJfnaBed6stWNVYy8rq
2026-07-31T21:05:48.929+06:00  INFO 578387 --- [pangochain-backend] [io-8080-exec-16] c.pangochain.backend.ipfs.IpfsService    : Fetched 780 bytes from primary IPFS CID=QmdMbyBpoGFK1mURYDVGnjQ4AkNoJfnaBed6stWNVYy8rq
2026-07-31T21:05:48.948+06:00  INFO 578387 --- [pangochain-backend] [io-8080-exec-12] c.pangochain.backend.ipfs.IpfsService    : Fetched 780 bytes from primary IPFS CID=QmdMbyBpoGFK1mURYDVGnjQ4AkNoJfnaBed6stWNVYy8rq
2026-07-31T21:05:48.948+06:00  INFO 578387 --- [pangochain-backend] [io-8080-exec-13] c.pangochain.backend.ipfs.IpfsService    : Fetched 780 bytes from primary IPFS CID=QmdMbyBpoGFK1mURYDVGnjQ4AkNoJfnaBed6stWNVYy8rq
2026-07-31T21:05:48.959+06:00  INFO 578387 --- [pangochain-backend] [io-8080-exec-38] c.pangochain.backend.ipfs.IpfsService    : Fetched 780 bytes from primary IPFS CID=QmdMbyBpoGFK1mURYDVGnjQ4AkNoJfnaBed6stWNVYy8rq
2026-07-31T21:05:48.977+06:00  INFO 578387 --- [pangochain-backend] [io-8080-exec-26] c.pangochain.backend.ipfs.IpfsService    : Fetched 780 bytes from primary IPFS CID=QmdMbyBpoGFK1mURYDVGnjQ4AkNoJfnaBed6stWNVYy8rq
2026-07-31T21:05:48.990+06:00  INFO 578387 --- [pangochain-backend] [io-8080-exec-35] c.pangochain.backend.ipfs.IpfsService    : Fetched 780 bytes from primary IPFS CID=QmdMbyBpoGFK1mURYDVGnjQ4AkNoJfnaBed6stWNVYy8rq
2026-07-31T21:05:48.991+06:00  INFO 578387 --- [pangochain-backend] [io-8080-exec-31] c.pangochain.backend.ipfs.IpfsService    : Fetched 780 bytes from primary IPFS CID=QmdMbyBpoGFK1mURYDVGnjQ4AkNoJfnaBed6stWNVYy8rq
2026-07-31T21:05:48.993+06:00  INFO 578387 --- [pangochain-backend] [io-8080-exec-44] c.pangochain.backend.ipfs.IpfsService    : Fetched 780 bytes from primary IPFS CID=QmdMbyBpoGFK1mURYDVGnjQ4AkNoJfnaBed6stWNVYy8rq
2026-07-31T21:05:48.994+06:00  INFO 578387 --- [pangochain-backend] [nio-8080-exec-1] c.pangochain.backend.ipfs.IpfsService    : Fetched 780 bytes from primary IPFS CID=QmdMbyBpoGFK1mURYDVGnjQ4AkNoJfnaBed6stWNVYy8rq
2026-07-31T21:05:48.994+06:00  INFO 578387 --- [pangochain-backend] [nio-8080-exec-5] c.pangochain.backend.ipfs.IpfsService    : Fetched 780 bytes from primary IPFS CID=QmdMbyBpoGFK1mURYDVGnjQ4AkNoJfnaBed6stWNVYy8rq
2026-07-31T21:05:48.993+06:00  INFO 578387 --- [pangochain-backend] [nio-8080-exec-6] c.pangochain.backend.ipfs.IpfsService    : Fetched 780 bytes from primary IPFS CID=QmdMbyBpoGFK1mURYDVGnjQ4AkNoJfnaBed6stWNVYy8rq
2026-07-31T21:05:48.998+06:00  INFO 578387 --- [pangochain-backend] [io-8080-exec-30] c.pangochain.backend.ipfs.IpfsService    : Fetched 780 bytes from primary IPFS CID=QmdMbyBpoGFK1mURYDVGnjQ4AkNoJfnaBed6stWNVYy8rq
2026-07-31T21:05:48.997+06:00  INFO 578387 --- [pangochain-backend] [io-8080-exec-18] c.pangochain.backend.ipfs.IpfsService    : Fetched 780 bytes from primary IPFS CID=QmdMbyBpoGFK1mURYDVGnjQ4AkNoJfnaBed6stWNVYy8rq
2026-07-31T21:05:48.998+06:00  INFO 578387 --- [pangochain-backend] [io-8080-exec-33] c.pangochain.backend.ipfs.IpfsService    : Fetched 780 bytes from primary IPFS CID=QmdMbyBpoGFK1mURYDVGnjQ4AkNoJfnaBed6stWNVYy8rq
2026-07-31T21:05:49.005+06:00  INFO 578387 --- [pangochain-backend] [io-8080-exec-15] c.pangochain.backend.ipfs.IpfsService    : Fetched 780 bytes from primary IPFS CID=QmdMbyBpoGFK1mURYDVGnjQ4AkNoJfnaBed6stWNVYy8rq
2026-07-31T21:05:49.005+06:00  INFO 578387 --- [pangochain-backend] [io-8080-exec-24] c.pangochain.backend.ipfs.IpfsService    : Fetched 780 bytes from primary IPFS CID=QmdMbyBpoGFK1mURYDVGnjQ4AkNoJfnaBed6stWNVYy8rq
2026-07-31T21:05:49.007+06:00  INFO 578387 --- [pangochain-backend] [io-8080-exec-48] c.pangochain.backend.ipfs.IpfsService    : Fetched 780 bytes from primary IPFS CID=QmdMbyBpoGFK1mURYDVGnjQ4AkNoJfnaBed6stWNVYy8rq
2026-07-31T21:05:49.009+06:00  INFO 578387 --- [pangochain-backend] [io-8080-exec-50] c.pangochain.backend.ipfs.IpfsService    : Fetched 780 bytes from primary IPFS CID=QmdMbyBpoGFK1mURYDVGnjQ4AkNoJfnaBed6stWNVYy8rq
2026-07-31T21:05:49.012+06:00  INFO 578387 --- [pangochain-backend] [io-8080-exec-49] c.pangochain.backend.ipfs.IpfsService    : Fetched 780 bytes from primary IPFS CID=QmdMbyBpoGFK1mURYDVGnjQ4AkNoJfnaBed6stWNVYy8rq
2026-07-31T21:05:49.024+06:00  INFO 578387 --- [pangochain-backend] [io-8080-exec-10] c.pangochain.backend.ipfs.IpfsService    : Fetched 780 bytes from primary IPFS CID=QmdMbyBpoGFK1mURYDVGnjQ4AkNoJfnaBed6stWNVYy8rq
2026-07-31T21:05:49.027+06:00  INFO 578387 --- [pangochain-backend] [io-8080-exec-45] c.pangochain.backend.ipfs.IpfsService    : Fetched 780 bytes from primary IPFS CID=QmdMbyBpoGFK1mURYDVGnjQ4AkNoJfnaBed6stWNVYy8rq
2026-07-31T21:05:49.033+06:00  INFO 578387 --- [pangochain-backend] [io-8080-exec-32] c.pangochain.backend.ipfs.IpfsService    : Fetched 780 bytes from primary IPFS CID=QmdMbyBpoGFK1mURYDVGnjQ4AkNoJfnaBed6stWNVYy8rq
2026-07-31T21:05:49.034+06:00  INFO 578387 --- [pangochain-backend] [io-8080-exec-46] c.pangochain.backend.ipfs.IpfsService    : Fetched 780 bytes from primary IPFS CID=QmdMbyBpoGFK1mURYDVGnjQ4AkNoJfnaBed6stWNVYy8rq
2026-07-31T21:05:49.035+06:00  INFO 578387 --- [pangochain-backend] [io-8080-exec-37] c.pangochain.backend.ipfs.IpfsService    : Fetched 780 bytes from primary IPFS CID=QmdMbyBpoGFK1mURYDVGnjQ4AkNoJfnaBed6stWNVYy8rq
2026-07-31T21:05:49.036+06:00  INFO 578387 --- [pangochain-backend] [io-8080-exec-28] c.pangochain.backend.ipfs.IpfsService    : Fetched 780 bytes from primary IPFS CID=QmdMbyBpoGFK1mURYDVGnjQ4AkNoJfnaBed6stWNVYy8rq
2026-07-31T21:05:49.043+06:00  INFO 578387 --- [pangochain-backend] [io-8080-exec-19] c.pangochain.backend.ipfs.IpfsService    : Fetched 780 bytes from primary IPFS CID=QmdMbyBpoGFK1mURYDVGnjQ4AkNoJfnaBed6stWNVYy8rq
2026-07-31T21:05:49.059+06:00  INFO 578387 --- [pangochain-backend] [io-8080-exec-17] c.pangochain.backend.ipfs.IpfsService    : Fetched 780 bytes from primary IPFS CID=QmdMbyBpoGFK1mURYDVGnjQ4AkNoJfnaBed6stWNVYy8rq
2026-07-31T21:05:49.071+06:00  INFO 578387 --- [pangochain-backend] [io-8080-exec-11] c.pangochain.backend.ipfs.IpfsService    : Fetched 780 bytes from primary IPFS CID=QmdMbyBpoGFK1mURYDVGnjQ4AkNoJfnaBed6stWNVYy8rq
2026-07-31T21:05:49.072+06:00  INFO 578387 --- [pangochain-backend] [io-8080-exec-21] c.pangochain.backend.ipfs.IpfsService    : Fetched 780 bytes from primary IPFS CID=QmdMbyBpoGFK1mURYDVGnjQ4AkNoJfnaBed6stWNVYy8rq
2026-07-31T21:05:49.076+06:00  INFO 578387 --- [pangochain-backend] [io-8080-exec-23] c.pangochain.backend.ipfs.IpfsService    : Fetched 780 bytes from primary IPFS CID=QmdMbyBpoGFK1mURYDVGnjQ4AkNoJfnaBed6stWNVYy8rq
2026-07-31T21:05:49.080+06:00  INFO 578387 --- [pangochain-backend] [io-8080-exec-42] c.pangochain.backend.ipfs.IpfsService    : Fetched 780 bytes from primary IPFS CID=QmdMbyBpoGFK1mURYDVGnjQ4AkNoJfnaBed6stWNVYy8rq
2026-07-31T21:05:49.088+06:00  INFO 578387 --- [pangochain-backend] [io-8080-exec-40] c.pangochain.backend.ipfs.IpfsService    : Fetched 780 bytes from primary IPFS CID=QmdMbyBpoGFK1mURYDVGnjQ4AkNoJfnaBed6stWNVYy8rq
2026-07-31T21:05:49.090+06:00  INFO 578387 --- [pangochain-backend] [io-8080-exec-43] c.pangochain.backend.ipfs.IpfsService    : Fetched 780 bytes from primary IPFS CID=QmdMbyBpoGFK1mURYDVGnjQ4AkNoJfnaBed6stWNVYy8rq
2026-07-31T21:05:49.091+06:00  INFO 578387 --- [pangochain-backend] [io-8080-exec-29] c.pangochain.backend.ipfs.IpfsService    : Fetched 780 bytes from primary IPFS CID=QmdMbyBpoGFK1mURYDVGnjQ4AkNoJfnaBed6stWNVYy8rq
2026-07-31T21:05:49.093+06:00  INFO 578387 --- [pangochain-backend] [nio-8080-exec-2] c.pangochain.backend.ipfs.IpfsService    : Fetched 780 bytes from primary IPFS CID=QmdMbyBpoGFK1mURYDVGnjQ4AkNoJfnaBed6stWNVYy8rq
2026-07-31T21:05:49.104+06:00  INFO 578387 --- [pangochain-backend] [io-8080-exec-25] c.pangochain.backend.ipfs.IpfsService    : Fetched 780 bytes from primary IPFS CID=QmdMbyBpoGFK1mURYDVGnjQ4AkNoJfnaBed6stWNVYy8rq
2026-07-31T21:05:49.108+06:00  INFO 578387 --- [pangochain-backend] [io-8080-exec-47] c.pangochain.backend.ipfs.IpfsService    : Fetched 780 bytes from primary IPFS CID=QmdMbyBpoGFK1mURYDVGnjQ4AkNoJfnaBed6stWNVYy8rq
2026-07-31T21:05:49.108+06:00  INFO 578387 --- [pangochain-backend] [io-8080-exec-20] c.pangochain.backend.ipfs.IpfsService    : Fetched 780 bytes from primary IPFS CID=QmdMbyBpoGFK1mURYDVGnjQ4AkNoJfnaBed6stWNVYy8rq
2026-07-31T21:05:49.119+06:00  INFO 578387 --- [pangochain-backend] [nio-8080-exec-9] c.pangochain.backend.ipfs.IpfsService    : Fetched 780 bytes from primary IPFS CID=QmdMbyBpoGFK1mURYDVGnjQ4AkNoJfnaBed6stWNVYy8rq
2026-07-31T21:05:49.121+06:00  INFO 578387 --- [pangochain-backend] [io-8080-exec-34] c.pangochain.backend.ipfs.IpfsService    : Fetched 780 bytes from primary IPFS CID=QmdMbyBpoGFK1mURYDVGnjQ4AkNoJfnaBed6stWNVYy8rq
2026-07-31T21:05:49.123+06:00  INFO 578387 --- [pangochain-backend] [nio-8080-exec-3] c.pangochain.backend.ipfs.IpfsService    : Fetched 780 bytes from primary IPFS CID=QmdMbyBpoGFK1mURYDVGnjQ4AkNoJfnaBed6stWNVYy8rq
2026-07-31T21:05:49.127+06:00  INFO 578387 --- [pangochain-backend] [io-8080-exec-27] c.pangochain.backend.ipfs.IpfsService    : Fetched 780 bytes from primary IPFS CID=QmdMbyBpoGFK1mURYDVGnjQ4AkNoJfnaBed6stWNVYy8rq
2026-07-31T21:05:49.136+06:00  INFO 578387 --- [pangochain-backend] [io-8080-exec-51] c.pangochain.backend.ipfs.IpfsService    : Fetched 780 bytes from primary IPFS CID=QmdMbyBpoGFK1mURYDVGnjQ4AkNoJfnaBed6stWNVYy8rq
2026-07-31T21:05:49.128+06:00  INFO 578387 --- [pangochain-backend] [nio-8080-exec-7] c.pangochain.backend.ipfs.IpfsService    : Fetched 780 bytes from primary IPFS CID=QmdMbyBpoGFK1mURYDVGnjQ4AkNoJfnaBed6stWNVYy8rq
2026-07-31T21:05:49.141+06:00  INFO 578387 --- [pangochain-backend] [io-8080-exec-36] c.pangochain.backend.ipfs.IpfsService    : Fetched 780 bytes from primary IPFS CID=QmdMbyBpoGFK1mURYDVGnjQ4AkNoJfnaBed6stWNVYy8rq
2026-07-31T21:05:49.130+06:00  INFO 578387 --- [pangochain-backend] [io-8080-exec-39] c.pangochain.backend.ipfs.IpfsService    : Fetched 780 bytes from primary IPFS CID=QmdMbyBpoGFK1mURYDVGnjQ4AkNoJfnaBed6stWNVYy8rq
2026-07-31T21:05:49.164+06:00  INFO 578387 --- [pangochain-backend] [io-8080-exec-41] c.pangochain.backend.ipfs.IpfsService    : Fetched 780 bytes from primary IPFS CID=QmdMbyBpoGFK1mURYDVGnjQ4AkNoJfnaBed6stWNVYy8rq
2026-07-31T21:05:49.181+06:00  INFO 578387 --- [pangochain-backend] [io-8080-exec-16] c.pangochain.backend.ipfs.IpfsService    : Fetched 780 bytes from primary IPFS CID=QmdMbyBpoGFK1mURYDVGnjQ4AkNoJfnaBed6stWNVYy8rq
2026-07-31T21:05:49.204+06:00  INFO 578387 --- [pangochain-backend] [io-8080-exec-12] c.pangochain.backend.ipfs.IpfsService    : Fetched 780 bytes from primary IPFS CID=QmdMbyBpoGFK1mURYDVGnjQ4AkNoJfnaBed6stWNVYy8rq
2026-07-31T21:05:49.209+06:00  INFO 578387 --- [pangochain-backend] [nio-8080-exec-8] c.pangochain.backend.ipfs.IpfsService    : Fetched 780 bytes from primary IPFS CID=QmdMbyBpoGFK1mURYDVGnjQ4AkNoJfnaBed6stWNVYy8rq
2026-07-31T21:05:49.209+06:00  INFO 578387 --- [pangochain-backend] [io-8080-exec-13] c.pangochain.backend.ipfs.IpfsService    : Fetched 780 bytes from primary IPFS CID=QmdMbyBpoGFK1mURYDVGnjQ4AkNoJfnaBed6stWNVYy8rq
2026-07-31T21:05:49.230+06:00  INFO 578387 --- [pangochain-backend] [io-8080-exec-31] c.pangochain.backend.ipfs.IpfsService    : Fetched 780 bytes from primary IPFS CID=QmdMbyBpoGFK1mURYDVGnjQ4AkNoJfnaBed6stWNVYy8rq
2026-07-31T21:05:49.234+06:00  INFO 578387 --- [pangochain-backend] [nio-8080-exec-7] c.pangochain.backend.ipfs.IpfsService    : Fetched 780 bytes from primary IPFS CID=QmdMbyBpoGFK1mURYDVGnjQ4AkNoJfnaBed6stWNVYy8rq
2026-07-31T21:05:49.238+06:00  INFO 578387 --- [pangochain-backend] [io-8080-exec-38] c.pangochain.backend.ipfs.IpfsService    : Fetched 780 bytes from primary IPFS CID=QmdMbyBpoGFK1mURYDVGnjQ4AkNoJfnaBed6stWNVYy8rq
2026-07-31T21:05:49.238+06:00  INFO 578387 --- [pangochain-backend] [nio-8080-exec-6] c.pangochain.backend.ipfs.IpfsService    : Fetched 780 bytes from primary IPFS CID=QmdMbyBpoGFK1mURYDVGnjQ4AkNoJfnaBed6stWNVYy8rq
2026-07-31T21:05:49.241+06:00  INFO 578387 --- [pangochain-backend] [nio-8080-exec-4] c.pangochain.backend.ipfs.IpfsService    : Fetched 780 bytes from primary IPFS CID=QmdMbyBpoGFK1mURYDVGnjQ4AkNoJfnaBed6stWNVYy8rq
2026-07-31T21:05:49.241+06:00  INFO 578387 --- [pangochain-backend] [io-8080-exec-18] c.pangochain.backend.ipfs.IpfsService    : Fetched 780 bytes from primary IPFS CID=QmdMbyBpoGFK1mURYDVGnjQ4AkNoJfnaBed6stWNVYy8rq
2026-07-31T21:05:49.243+06:00  INFO 578387 --- [pangochain-backend] [io-8080-exec-22] c.pangochain.backend.ipfs.IpfsService    : Fetched 780 bytes from primary IPFS CID=QmdMbyBpoGFK1mURYDVGnjQ4AkNoJfnaBed6stWNVYy8rq
2026-07-31T21:05:49.243+06:00  INFO 578387 --- [pangochain-backend] [nio-8080-exec-9] c.pangochain.backend.ipfs.IpfsService    : Fetched 780 bytes from primary IPFS CID=QmdMbyBpoGFK1mURYDVGnjQ4AkNoJfnaBed6stWNVYy8rq
2026-07-31T21:05:49.245+06:00  INFO 578387 --- [pangochain-backend] [io-8080-exec-51] c.pangochain.backend.ipfs.IpfsService    : Fetched 780 bytes from primary IPFS CID=QmdMbyBpoGFK1mURYDVGnjQ4AkNoJfnaBed6stWNVYy8rq
2026-07-31T21:05:49.245+06:00  INFO 578387 --- [pangochain-backend] [io-8080-exec-26] c.pangochain.backend.ipfs.IpfsService    : Fetched 780 bytes from primary IPFS CID=QmdMbyBpoGFK1mURYDVGnjQ4AkNoJfnaBed6stWNVYy8rq
2026-07-31T21:05:49.246+06:00  INFO 578387 --- [pangochain-backend] [nio-8080-exec-3] c.pangochain.backend.ipfs.IpfsService    : Fetched 780 bytes from primary IPFS CID=QmdMbyBpoGFK1mURYDVGnjQ4AkNoJfnaBed6stWNVYy8rq
2026-07-31T21:05:49.246+06:00  INFO 578387 --- [pangochain-backend] [io-8080-exec-44] c.pangochain.backend.ipfs.IpfsService    : Fetched 780 bytes from primary IPFS CID=QmdMbyBpoGFK1mURYDVGnjQ4AkNoJfnaBed6stWNVYy8rq
2026-07-31T21:05:49.248+06:00  INFO 578387 --- [pangochain-backend] [io-8080-exec-24] c.pangochain.backend.ipfs.IpfsService    : Fetched 780 bytes from primary IPFS CID=QmdMbyBpoGFK1mURYDVGnjQ4AkNoJfnaBed6stWNVYy8rq
2026-07-31T21:05:49.249+06:00  INFO 578387 --- [pangochain-backend] [io-8080-exec-37] c.pangochain.backend.ipfs.IpfsService    : Fetched 780 bytes from primary IPFS CID=QmdMbyBpoGFK1mURYDVGnjQ4AkNoJfnaBed6stWNVYy8rq
2026-07-31T21:05:49.249+06:00  INFO 578387 --- [pangochain-backend] [io-8080-exec-49] c.pangochain.backend.ipfs.IpfsService    : Fetched 780 bytes from primary IPFS CID=QmdMbyBpoGFK1mURYDVGnjQ4AkNoJfnaBed6stWNVYy8rq
2026-07-31T21:05:49.249+06:00  INFO 578387 --- [pangochain-backend] [io-8080-exec-19] c.pangochain.backend.ipfs.IpfsService    : Fetched 780 bytes from primary IPFS CID=QmdMbyBpoGFK1mURYDVGnjQ4AkNoJfnaBed6stWNVYy8rq
2026-07-31T21:05:49.249+06:00  INFO 578387 --- [pangochain-backend] [io-8080-exec-30] c.pangochain.backend.ipfs.IpfsService    : Fetched 780 bytes from primary IPFS CID=QmdMbyBpoGFK1mURYDVGnjQ4AkNoJfnaBed6stWNVYy8rq
2026-07-31T21:05:49.250+06:00  INFO 578387 --- [pangochain-backend] [io-8080-exec-21] c.pangochain.backend.ipfs.IpfsService    : Fetched 780 bytes from primary IPFS CID=QmdMbyBpoGFK1mURYDVGnjQ4AkNoJfnaBed6stWNVYy8rq
2026-07-31T21:05:49.250+06:00  INFO 578387 --- [pangochain-backend] [io-8080-exec-39] c.pangochain.backend.ipfs.IpfsService    : Fetched 780 bytes from primary IPFS CID=QmdMbyBpoGFK1mURYDVGnjQ4AkNoJfnaBed6stWNVYy8rq
2026-07-31T21:05:49.250+06:00  INFO 578387 --- [pangochain-backend] [io-8080-exec-33] c.pangochain.backend.ipfs.IpfsService    : Fetched 780 bytes from primary IPFS CID=QmdMbyBpoGFK1mURYDVGnjQ4AkNoJfnaBed6stWNVYy8rq
2026-07-31T21:05:49.253+06:00  INFO 578387 --- [pangochain-backend] [io-8080-exec-28] c.pangochain.backend.ipfs.IpfsService    : Fetched 780 bytes from primary IPFS CID=QmdMbyBpoGFK1mURYDVGnjQ4AkNoJfnaBed6stWNVYy8rq
2026-07-31T21:05:49.255+06:00  INFO 578387 --- [pangochain-backend] [io-8080-exec-10] c.pangochain.backend.ipfs.IpfsService    : Fetched 780 bytes from primary IPFS CID=QmdMbyBpoGFK1mURYDVGnjQ4AkNoJfnaBed6stWNVYy8rq
2026-07-31T21:05:49.257+06:00  INFO 578387 --- [pangochain-backend] [nio-8080-exec-1] c.pangochain.backend.ipfs.IpfsService    : Fetched 780 bytes from primary IPFS CID=QmdMbyBpoGFK1mURYDVGnjQ4AkNoJfnaBed6stWNVYy8rq
2026-07-31T21:05:49.257+06:00  INFO 578387 --- [pangochain-backend] [nio-8080-exec-8] c.pangochain.backend.ipfs.IpfsService    : Fetched 780 bytes from primary IPFS CID=QmdMbyBpoGFK1mURYDVGnjQ4AkNoJfnaBed6stWNVYy8rq
2026-07-31T21:05:49.261+06:00  INFO 578387 --- [pangochain-backend] [io-8080-exec-40] c.pangochain.backend.ipfs.IpfsService    : Fetched 780 bytes from primary IPFS CID=QmdMbyBpoGFK1mURYDVGnjQ4AkNoJfnaBed6stWNVYy8rq
2026-07-31T21:05:49.262+06:00  INFO 578387 --- [pangochain-backend] [io-8080-exec-34] c.pangochain.backend.ipfs.IpfsService    : Fetched 780 bytes from primary IPFS CID=QmdMbyBpoGFK1mURYDVGnjQ4AkNoJfnaBed6stWNVYy8rq
2026-07-31T21:05:49.265+06:00  INFO 578387 --- [pangochain-backend] [io-8080-exec-15] c.pangochain.backend.ipfs.IpfsService    : Fetched 780 bytes from primary IPFS CID=QmdMbyBpoGFK1mURYDVGnjQ4AkNoJfnaBed6stWNVYy8rq
2026-07-31T21:05:49.268+06:00  INFO 578387 --- [pangochain-backend] [io-8080-exec-42] c.pangochain.backend.ipfs.IpfsService    : Fetched 780 bytes from primary IPFS CID=QmdMbyBpoGFK1mURYDVGnjQ4AkNoJfnaBed6stWNVYy8rq
2026-07-31T21:05:49.268+06:00  INFO 578387 --- [pangochain-backend] [io-8080-exec-41] c.pangochain.backend.ipfs.IpfsService    : Fetched 780 bytes from primary IPFS CID=QmdMbyBpoGFK1mURYDVGnjQ4AkNoJfnaBed6stWNVYy8rq
2026-07-31T21:05:49.269+06:00  INFO 578387 --- [pangochain-backend] [io-8080-exec-46] c.pangochain.backend.ipfs.IpfsService    : Fetched 780 bytes from primary IPFS CID=QmdMbyBpoGFK1mURYDVGnjQ4AkNoJfnaBed6stWNVYy8rq
2026-07-31T21:05:49.269+06:00  INFO 578387 --- [pangochain-backend] [nio-8080-exec-5] c.pangochain.backend.ipfs.IpfsService    : Fetched 780 bytes from primary IPFS CID=QmdMbyBpoGFK1mURYDVGnjQ4AkNoJfnaBed6stWNVYy8rq
2026-07-31T21:05:49.269+06:00  INFO 578387 --- [pangochain-backend] [io-8080-exec-45] c.pangochain.backend.ipfs.IpfsService    : Fetched 780 bytes from primary IPFS CID=QmdMbyBpoGFK1mURYDVGnjQ4AkNoJfnaBed6stWNVYy8rq
2026-07-31T21:05:49.270+06:00  INFO 578387 --- [pangochain-backend] [io-8080-exec-18] c.pangochain.backend.ipfs.IpfsService    : Fetched 780 bytes from primary IPFS CID=QmdMbyBpoGFK1mURYDVGnjQ4AkNoJfnaBed6stWNVYy8rq
2026-07-31T21:05:49.271+06:00  INFO 578387 --- [pangochain-backend] [io-8080-exec-32] c.pangochain.backend.ipfs.IpfsService    : Fetched 780 bytes from primary IPFS CID=QmdMbyBpoGFK1mURYDVGnjQ4AkNoJfnaBed6stWNVYy8rq
2026-07-31T21:05:49.271+06:00  INFO 578387 --- [pangochain-backend] [nio-8080-exec-6] c.pangochain.backend.ipfs.IpfsService    : Fetched 780 bytes from primary IPFS CID=QmdMbyBpoGFK1mURYDVGnjQ4AkNoJfnaBed6stWNVYy8rq
2026-07-31T21:05:49.272+06:00  INFO 578387 --- [pangochain-backend] [io-8080-exec-47] c.pangochain.backend.ipfs.IpfsService    : Fetched 780 bytes from primary IPFS CID=QmdMbyBpoGFK1mURYDVGnjQ4AkNoJfnaBed6stWNVYy8rq
2026-07-31T21:05:49.272+06:00  INFO 578387 --- [pangochain-backend] [nio-8080-exec-9] c.pangochain.backend.ipfs.IpfsService    : Fetched 780 bytes from primary IPFS CID=QmdMbyBpoGFK1mURYDVGnjQ4AkNoJfnaBed6stWNVYy8rq
2026-07-31T21:05:49.272+06:00  INFO 578387 --- [pangochain-backend] [io-8080-exec-20] c.pangochain.backend.ipfs.IpfsService    : Fetched 780 bytes from primary IPFS CID=QmdMbyBpoGFK1mURYDVGnjQ4AkNoJfnaBed6stWNVYy8rq
2026-07-31T21:05:49.273+06:00  INFO 578387 --- [pangochain-backend] [io-8080-exec-51] c.pangochain.backend.ipfs.IpfsService    : Fetched 780 bytes from primary IPFS CID=QmdMbyBpoGFK1mURYDVGnjQ4AkNoJfnaBed6stWNVYy8rq
2026-07-31T21:05:49.273+06:00  INFO 578387 --- [pangochain-backend] [io-8080-exec-38] c.pangochain.backend.ipfs.IpfsService    : Fetched 780 bytes from primary IPFS CID=QmdMbyBpoGFK1mURYDVGnjQ4AkNoJfnaBed6stWNVYy8rq
2026-07-31T21:05:49.274+06:00  INFO 578387 --- [pangochain-backend] [io-8080-exec-27] c.pangochain.backend.ipfs.IpfsService    : Fetched 780 bytes from primary IPFS CID=QmdMbyBpoGFK1mURYDVGnjQ4AkNoJfnaBed6stWNVYy8rq
2026-07-31T21:05:49.274+06:00  INFO 578387 --- [pangochain-backend] [io-8080-exec-35] c.pangochain.backend.ipfs.IpfsService    : Fetched 780 bytes from primary IPFS CID=QmdMbyBpoGFK1mURYDVGnjQ4AkNoJfnaBed6stWNVYy8rq
2026-07-31T21:05:49.273+06:00  INFO 578387 --- [pangochain-backend] [io-8080-exec-29] c.pangochain.backend.ipfs.IpfsService    : Fetched 780 bytes from primary IPFS CID=QmdMbyBpoGFK1mURYDVGnjQ4AkNoJfnaBed6stWNVYy8rq
2026-07-31T21:05:49.273+06:00  INFO 578387 --- [pangochain-backend] [io-8080-exec-12] c.pangochain.backend.ipfs.IpfsService    : Fetched 780 bytes from primary IPFS CID=QmdMbyBpoGFK1mURYDVGnjQ4AkNoJfnaBed6stWNVYy8rq
2026-07-31T21:05:49.275+06:00  INFO 578387 --- [pangochain-backend] [nio-8080-exec-4] c.pangochain.backend.ipfs.IpfsService    : Fetched 780 bytes from primary IPFS CID=QmdMbyBpoGFK1mURYDVGnjQ4AkNoJfnaBed6stWNVYy8rq
2026-07-31T21:05:49.275+06:00  INFO 578387 --- [pangochain-backend] [io-8080-exec-14] c.pangochain.backend.ipfs.IpfsService    : Fetched 780 bytes from primary IPFS CID=QmdMbyBpoGFK1mURYDVGnjQ4AkNoJfnaBed6stWNVYy8rq
2026-07-31T21:05:49.276+06:00  INFO 578387 --- [pangochain-backend] [io-8080-exec-16] c.pangochain.backend.ipfs.IpfsService    : Fetched 780 bytes from primary IPFS CID=QmdMbyBpoGFK1mURYDVGnjQ4AkNoJfnaBed6stWNVYy8rq
2026-07-31T21:05:49.277+06:00  INFO 578387 --- [pangochain-backend] [io-8080-exec-43] c.pangochain.backend.ipfs.IpfsService    : Fetched 780 bytes from primary IPFS CID=QmdMbyBpoGFK1mURYDVGnjQ4AkNoJfnaBed6stWNVYy8rq
2026-07-31T21:05:49.277+06:00  INFO 578387 --- [pangochain-backend] [io-8080-exec-36] c.pangochain.backend.ipfs.IpfsService    : Fetched 780 bytes from primary IPFS CID=QmdMbyBpoGFK1mURYDVGnjQ4AkNoJfnaBed6stWNVYy8rq
2026-07-31T21:05:49.273+06:00  INFO 578387 --- [pangochain-backend] [io-8080-exec-48] c.pangochain.backend.ipfs.IpfsService    : Fetched 780 bytes from primary IPFS CID=QmdMbyBpoGFK1mURYDVGnjQ4AkNoJfnaBed6stWNVYy8rq
2026-07-31T21:05:49.273+06:00  INFO 578387 --- [pangochain-backend] [io-8080-exec-10] c.pangochain.backend.ipfs.IpfsService    : Fetched 780 bytes from primary IPFS CID=QmdMbyBpoGFK1mURYDVGnjQ4AkNoJfnaBed6stWNVYy8rq
2026-07-31T21:05:49.279+06:00  INFO 578387 --- [pangochain-backend] [io-8080-exec-26] c.pangochain.backend.ipfs.IpfsService    : Fetched 780 bytes from primary IPFS CID=QmdMbyBpoGFK1mURYDVGnjQ4AkNoJfnaBed6stWNVYy8rq
2026-07-31T21:05:49.280+06:00  INFO 578387 --- [pangochain-backend] [nio-8080-exec-7] c.pangochain.backend.ipfs.IpfsService    : Fetched 780 bytes from primary IPFS CID=QmdMbyBpoGFK1mURYDVGnjQ4AkNoJfnaBed6stWNVYy8rq
2026-07-31T21:05:49.281+06:00  INFO 578387 --- [pangochain-backend] [io-8080-exec-13] c.pangochain.backend.ipfs.IpfsService    : Fetched 780 bytes from primary IPFS CID=QmdMbyBpoGFK1mURYDVGnjQ4AkNoJfnaBed6stWNVYy8rq
2026-07-31T21:05:49.282+06:00  INFO 578387 --- [pangochain-backend] [io-8080-exec-22] c.pangochain.backend.ipfs.IpfsService    : Fetched 780 bytes from primary IPFS CID=QmdMbyBpoGFK1mURYDVGnjQ4AkNoJfnaBed6stWNVYy8rq
2026-07-31T21:05:49.283+06:00  INFO 578387 --- [pangochain-backend] [io-8080-exec-49] c.pangochain.backend.ipfs.IpfsService    : Fetched 780 bytes from primary IPFS CID=QmdMbyBpoGFK1mURYDVGnjQ4AkNoJfnaBed6stWNVYy8rq
2026-07-31T21:05:49.283+06:00  INFO 578387 --- [pangochain-backend] [io-8080-exec-11] c.pangochain.backend.ipfs.IpfsService    : Fetched 780 bytes from primary IPFS CID=QmdMbyBpoGFK1mURYDVGnjQ4AkNoJfnaBed6stWNVYy8rq
2026-07-31T21:05:49.283+06:00  INFO 578387 --- [pangochain-backend] [nio-8080-exec-3] c.pangochain.backend.ipfs.IpfsService    : Fetched 780 bytes from primary IPFS CID=QmdMbyBpoGFK1mURYDVGnjQ4AkNoJfnaBed6stWNVYy8rq
2026-07-31T21:05:49.283+06:00  INFO 578387 --- [pangochain-backend] [io-8080-exec-23] c.pangochain.backend.ipfs.IpfsService    : Fetched 780 bytes from primary IPFS CID=QmdMbyBpoGFK1mURYDVGnjQ4AkNoJfnaBed6stWNVYy8rq
2026-07-31T21:05:49.283+06:00  INFO 578387 --- [pangochain-backend] [io-8080-exec-37] c.pangochain.backend.ipfs.IpfsService    : Fetched 780 bytes from primary IPFS CID=QmdMbyBpoGFK1mURYDVGnjQ4AkNoJfnaBed6stWNVYy8rq
2026-07-31T21:05:49.284+06:00  INFO 578387 --- [pangochain-backend] [nio-8080-exec-2] c.pangochain.backend.ipfs.IpfsService    : Fetched 780 bytes from primary IPFS CID=QmdMbyBpoGFK1mURYDVGnjQ4AkNoJfnaBed6stWNVYy8rq
2026-07-31T21:05:49.284+06:00  INFO 578387 --- [pangochain-backend] [io-8080-exec-17] c.pangochain.backend.ipfs.IpfsService    : Fetched 780 bytes from primary IPFS CID=QmdMbyBpoGFK1mURYDVGnjQ4AkNoJfnaBed6stWNVYy8rq
2026-07-31T21:05:49.284+06:00  INFO 578387 --- [pangochain-backend] [io-8080-exec-50] c.pangochain.backend.ipfs.IpfsService    : Fetched 780 bytes from primary IPFS CID=QmdMbyBpoGFK1mURYDVGnjQ4AkNoJfnaBed6stWNVYy8rq
2026-07-31T21:05:49.284+06:00  INFO 578387 --- [pangochain-backend] [io-8080-exec-44] c.pangochain.backend.ipfs.IpfsService    : Fetched 780 bytes from primary IPFS CID=QmdMbyBpoGFK1mURYDVGnjQ4AkNoJfnaBed6stWNVYy8rq
2026-07-31T21:05:49.284+06:00  INFO 578387 --- [pangochain-backend] [io-8080-exec-39] c.pangochain.backend.ipfs.IpfsService    : Fetched 780 bytes from primary IPFS CID=QmdMbyBpoGFK1mURYDVGnjQ4AkNoJfnaBed6stWNVYy8rq
2026-07-31T21:05:49.284+06:00  INFO 578387 --- [pangochain-backend] [io-8080-exec-28] c.pangochain.backend.ipfs.IpfsService    : Fetched 780 bytes from primary IPFS CID=QmdMbyBpoGFK1mURYDVGnjQ4AkNoJfnaBed6stWNVYy8rq
2026-07-31T21:05:49.285+06:00  INFO 578387 --- [pangochain-backend] [nio-8080-exec-8] c.pangochain.backend.ipfs.IpfsService    : Fetched 780 bytes from primary IPFS CID=QmdMbyBpoGFK1mURYDVGnjQ4AkNoJfnaBed6stWNVYy8rq
2026-07-31T21:05:49.287+06:00  INFO 578387 --- [pangochain-backend] [io-8080-exec-30] c.pangochain.backend.ipfs.IpfsService    : Fetched 780 bytes from primary IPFS CID=QmdMbyBpoGFK1mURYDVGnjQ4AkNoJfnaBed6stWNVYy8rq
2026-07-31T21:05:49.288+06:00  INFO 578387 --- [pangochain-backend] [io-8080-exec-34] c.pangochain.backend.ipfs.IpfsService    : Fetched 780 bytes from primary IPFS CID=QmdMbyBpoGFK1mURYDVGnjQ4AkNoJfnaBed6stWNVYy8rq
2026-07-31T21:05:49.288+06:00  INFO 578387 --- [pangochain-backend] [io-8080-exec-24] c.pangochain.backend.ipfs.IpfsService    : Fetched 780 bytes from primary IPFS CID=QmdMbyBpoGFK1mURYDVGnjQ4AkNoJfnaBed6stWNVYy8rq
2026-07-31T21:05:49.291+06:00  INFO 578387 --- [pangochain-backend] [io-8080-exec-19] c.pangochain.backend.ipfs.IpfsService    : Fetched 780 bytes from primary IPFS CID=QmdMbyBpoGFK1mURYDVGnjQ4AkNoJfnaBed6stWNVYy8rq
2026-07-31T21:05:49.291+06:00  INFO 578387 --- [pangochain-backend] [io-8080-exec-25] c.pangochain.backend.ipfs.IpfsService    : Fetched 780 bytes from primary IPFS CID=QmdMbyBpoGFK1mURYDVGnjQ4AkNoJfnaBed6stWNVYy8rq
2026-07-31T21:05:49.292+06:00  INFO 578387 --- [pangochain-backend] [io-8080-exec-42] c.pangochain.backend.ipfs.IpfsService    : Fetched 780 bytes from primary IPFS CID=QmdMbyBpoGFK1mURYDVGnjQ4AkNoJfnaBed6stWNVYy8rq
2026-07-31T21:05:49.292+06:00  INFO 578387 --- [pangochain-backend] [nio-8080-exec-5] c.pangochain.backend.ipfs.IpfsService    : Fetched 780 bytes from primary IPFS CID=QmdMbyBpoGFK1mURYDVGnjQ4AkNoJfnaBed6stWNVYy8rq
2026-07-31T21:05:49.292+06:00  INFO 578387 --- [pangochain-backend] [nio-8080-exec-6] c.pangochain.backend.ipfs.IpfsService    : Fetched 780 bytes from primary IPFS CID=QmdMbyBpoGFK1mURYDVGnjQ4AkNoJfnaBed6stWNVYy8rq
2026-07-31T21:05:49.294+06:00  INFO 578387 --- [pangochain-backend] [io-8080-exec-31] c.pangochain.backend.ipfs.IpfsService    : Fetched 780 bytes from primary IPFS CID=QmdMbyBpoGFK1mURYDVGnjQ4AkNoJfnaBed6stWNVYy8rq
2026-07-31T21:05:49.295+06:00  INFO 578387 --- [pangochain-backend] [io-8080-exec-41] c.pangochain.backend.ipfs.IpfsService    : Fetched 780 bytes from primary IPFS CID=QmdMbyBpoGFK1mURYDVGnjQ4AkNoJfnaBed6stWNVYy8rq
2026-07-31T21:05:49.300+06:00  INFO 578387 --- [pangochain-backend] [io-8080-exec-51] c.pangochain.backend.ipfs.IpfsService    : Fetched 780 bytes from primary IPFS CID=QmdMbyBpoGFK1mURYDVGnjQ4AkNoJfnaBed6stWNVYy8rq
2026-07-31T21:05:49.303+06:00  INFO 578387 --- [pangochain-backend] [io-8080-exec-40] c.pangochain.backend.ipfs.IpfsService    : Fetched 780 bytes from primary IPFS CID=QmdMbyBpoGFK1mURYDVGnjQ4AkNoJfnaBed6stWNVYy8rq
2026-07-31T21:05:49.303+06:00  INFO 578387 --- [pangochain-backend] [io-8080-exec-47] c.pangochain.backend.ipfs.IpfsService    : Fetched 780 bytes from primary IPFS CID=QmdMbyBpoGFK1mURYDVGnjQ4AkNoJfnaBed6stWNVYy8rq
2026-07-31T21:05:49.303+06:00  INFO 578387 --- [pangochain-backend] [nio-8080-exec-1] c.pangochain.backend.ipfs.IpfsService    : Fetched 780 bytes from primary IPFS CID=QmdMbyBpoGFK1mURYDVGnjQ4AkNoJfnaBed6stWNVYy8rq
2026-07-31T21:05:49.307+06:00  INFO 578387 --- [pangochain-backend] [io-8080-exec-45] c.pangochain.backend.ipfs.IpfsService    : Fetched 780 bytes from primary IPFS CID=QmdMbyBpoGFK1mURYDVGnjQ4AkNoJfnaBed6stWNVYy8rq
2026-07-31T21:05:49.307+06:00  INFO 578387 --- [pangochain-backend] [io-8080-exec-16] c.pangochain.backend.ipfs.IpfsService    : Fetched 780 bytes from primary IPFS CID=QmdMbyBpoGFK1mURYDVGnjQ4AkNoJfnaBed6stWNVYy8rq
2026-07-31T21:05:49.308+06:00  INFO 578387 --- [pangochain-backend] [io-8080-exec-46] c.pangochain.backend.ipfs.IpfsService    : Fetched 780 bytes from primary IPFS CID=QmdMbyBpoGFK1mURYDVGnjQ4AkNoJfnaBed6stWNVYy8rq
2026-07-31T21:05:49.308+06:00  INFO 578387 --- [pangochain-backend] [io-8080-exec-50] c.pangochain.backend.ipfs.IpfsService    : Fetched 780 bytes from primary IPFS CID=QmdMbyBpoGFK1mURYDVGnjQ4AkNoJfnaBed6stWNVYy8rq
2026-07-31T21:05:49.309+06:00  INFO 578387 --- [pangochain-backend] [nio-8080-exec-4] c.pangochain.backend.ipfs.IpfsService    : Fetched 780 bytes from primary IPFS CID=QmdMbyBpoGFK1mURYDVGnjQ4AkNoJfnaBed6stWNVYy8rq
2026-07-31T21:05:49.310+06:00  INFO 578387 --- [pangochain-backend] [io-8080-exec-15] c.pangochain.backend.ipfs.IpfsService    : Fetched 780 bytes from primary IPFS CID=QmdMbyBpoGFK1mURYDVGnjQ4AkNoJfnaBed6stWNVYy8rq
2026-07-31T21:05:49.318+06:00  INFO 578387 --- [pangochain-backend] [nio-8080-exec-9] c.pangochain.backend.ipfs.IpfsService    : Fetched 780 bytes from primary IPFS CID=QmdMbyBpoGFK1mURYDVGnjQ4AkNoJfnaBed6stWNVYy8rq
2026-07-31T21:05:49.318+06:00  INFO 578387 --- [pangochain-backend] [io-8080-exec-12] c.pangochain.backend.ipfs.IpfsService    : Fetched 780 bytes from primary IPFS CID=QmdMbyBpoGFK1mURYDVGnjQ4AkNoJfnaBed6stWNVYy8rq
2026-07-31T21:05:49.319+06:00  INFO 578387 --- [pangochain-backend] [io-8080-exec-28] c.pangochain.backend.ipfs.IpfsService    : Fetched 780 bytes from primary IPFS CID=QmdMbyBpoGFK1mURYDVGnjQ4AkNoJfnaBed6stWNVYy8rq
2026-07-31T21:05:49.322+06:00  INFO 578387 --- [pangochain-backend] [io-8080-exec-27] c.pangochain.backend.ipfs.IpfsService    : Fetched 780 bytes from primary IPFS CID=QmdMbyBpoGFK1mURYDVGnjQ4AkNoJfnaBed6stWNVYy8rq
2026-07-31T21:05:49.323+06:00  INFO 578387 --- [pangochain-backend] [io-8080-exec-24] c.pangochain.backend.ipfs.IpfsService    : Fetched 780 bytes from primary IPFS CID=QmdMbyBpoGFK1mURYDVGnjQ4AkNoJfnaBed6stWNVYy8rq
2026-07-31T21:05:49.324+06:00  INFO 578387 --- [pangochain-backend] [io-8080-exec-34] c.pangochain.backend.ipfs.IpfsService    : Fetched 780 bytes from primary IPFS CID=QmdMbyBpoGFK1mURYDVGnjQ4AkNoJfnaBed6stWNVYy8rq
2026-07-31T21:05:49.331+06:00  INFO 578387 --- [pangochain-backend] [io-8080-exec-18] c.pangochain.backend.ipfs.IpfsService    : Fetched 780 bytes from primary IPFS CID=QmdMbyBpoGFK1mURYDVGnjQ4AkNoJfnaBed6stWNVYy8rq
2026-07-31T21:05:49.332+06:00  INFO 578387 --- [pangochain-backend] [io-8080-exec-32] c.pangochain.backend.ipfs.IpfsService    : Fetched 780 bytes from primary IPFS CID=QmdMbyBpoGFK1mURYDVGnjQ4AkNoJfnaBed6stWNVYy8rq
2026-07-31T21:05:49.332+06:00  INFO 578387 --- [pangochain-backend] [io-8080-exec-21] c.pangochain.backend.ipfs.IpfsService    : Fetched 780 bytes from primary IPFS CID=QmdMbyBpoGFK1mURYDVGnjQ4AkNoJfnaBed6stWNVYy8rq
2026-07-31T21:05:49.335+06:00  INFO 578387 --- [pangochain-backend] [io-8080-exec-44] c.pangochain.backend.ipfs.IpfsService    : Fetched 780 bytes from primary IPFS CID=QmdMbyBpoGFK1mURYDVGnjQ4AkNoJfnaBed6stWNVYy8rq
2026-07-31T21:05:49.338+06:00  INFO 578387 --- [pangochain-backend] [io-8080-exec-33] c.pangochain.backend.ipfs.IpfsService    : Fetched 780 bytes from primary IPFS CID=QmdMbyBpoGFK1mURYDVGnjQ4AkNoJfnaBed6stWNVYy8rq
2026-07-31T21:05:49.342+06:00  INFO 578387 --- [pangochain-backend] [nio-8080-exec-5] c.pangochain.backend.ipfs.IpfsService    : Fetched 780 bytes from primary IPFS CID=QmdMbyBpoGFK1mURYDVGnjQ4AkNoJfnaBed6stWNVYy8rq
2026-07-31T21:05:49.345+06:00  INFO 578387 --- [pangochain-backend] [io-8080-exec-31] c.pangochain.backend.ipfs.IpfsService    : Fetched 780 bytes from primary IPFS CID=QmdMbyBpoGFK1mURYDVGnjQ4AkNoJfnaBed6stWNVYy8rq
2026-07-31T21:05:49.348+06:00  INFO 578387 --- [pangochain-backend] [io-8080-exec-29] c.pangochain.backend.ipfs.IpfsService    : Fetched 780 bytes from primary IPFS CID=QmdMbyBpoGFK1mURYDVGnjQ4AkNoJfnaBed6stWNVYy8rq
2026-07-31T21:05:49.348+06:00  INFO 578387 --- [pangochain-backend] [nio-8080-exec-7] c.pangochain.backend.ipfs.IpfsService    : Fetched 780 bytes from primary IPFS CID=QmdMbyBpoGFK1mURYDVGnjQ4AkNoJfnaBed6stWNVYy8rq
2026-07-31T21:05:49.355+06:00  INFO 578387 --- [pangochain-backend] [io-8080-exec-43] c.pangochain.backend.ipfs.IpfsService    : Fetched 780 bytes from primary IPFS CID=QmdMbyBpoGFK1mURYDVGnjQ4AkNoJfnaBed6stWNVYy8rq
2026-07-31T21:05:49.355+06:00  INFO 578387 --- [pangochain-backend] [io-8080-exec-42] c.pangochain.backend.ipfs.IpfsService    : Fetched 780 bytes from primary IPFS CID=QmdMbyBpoGFK1mURYDVGnjQ4AkNoJfnaBed6stWNVYy8rq
2026-07-31T21:05:49.357+06:00  INFO 578387 --- [pangochain-backend] [io-8080-exec-16] c.pangochain.backend.ipfs.IpfsService    : Fetched 780 bytes from primary IPFS CID=QmdMbyBpoGFK1mURYDVGnjQ4AkNoJfnaBed6stWNVYy8rq
2026-07-31T21:05:49.360+06:00  INFO 578387 --- [pangochain-backend] [io-8080-exec-25] c.pangochain.backend.ipfs.IpfsService    : Fetched 780 bytes from primary IPFS CID=QmdMbyBpoGFK1mURYDVGnjQ4AkNoJfnaBed6stWNVYy8rq
2026-07-31T21:05:49.361+06:00  INFO 578387 --- [pangochain-backend] [io-8080-exec-19] c.pangochain.backend.ipfs.IpfsService    : Fetched 780 bytes from primary IPFS CID=QmdMbyBpoGFK1mURYDVGnjQ4AkNoJfnaBed6stWNVYy8rq
2026-07-31T21:05:49.359+06:00  INFO 578387 --- [pangochain-backend] [io-8080-exec-35] c.pangochain.backend.ipfs.IpfsService    : Fetched 780 bytes from primary IPFS CID=QmdMbyBpoGFK1mURYDVGnjQ4AkNoJfnaBed6stWNVYy8rq
2026-07-31T21:05:49.370+06:00  INFO 578387 --- [pangochain-backend] [io-8080-exec-20] c.pangochain.backend.ipfs.IpfsService    : Fetched 780 bytes from primary IPFS CID=QmdMbyBpoGFK1mURYDVGnjQ4AkNoJfnaBed6stWNVYy8rq
2026-07-31T21:05:49.371+06:00  INFO 578387 --- [pangochain-backend] [io-8080-exec-48] c.pangochain.backend.ipfs.IpfsService    : Fetched 780 bytes from primary IPFS CID=QmdMbyBpoGFK1mURYDVGnjQ4AkNoJfnaBed6stWNVYy8rq
2026-07-31T21:05:49.374+06:00  INFO 578387 --- [pangochain-backend] [io-8080-exec-40] c.pangochain.backend.ipfs.IpfsService    : Fetched 780 bytes from primary IPFS CID=QmdMbyBpoGFK1mURYDVGnjQ4AkNoJfnaBed6stWNVYy8rq
2026-07-31T21:05:49.377+06:00  INFO 578387 --- [pangochain-backend] [io-8080-exec-50] c.pangochain.backend.ipfs.IpfsService    : Fetched 780 bytes from primary IPFS CID=QmdMbyBpoGFK1mURYDVGnjQ4AkNoJfnaBed6stWNVYy8rq
2026-07-31T21:05:49.378+06:00  INFO 578387 --- [pangochain-backend] [io-8080-exec-26] c.pangochain.backend.ipfs.IpfsService    : Fetched 780 bytes from primary IPFS CID=QmdMbyBpoGFK1mURYDVGnjQ4AkNoJfnaBed6stWNVYy8rq
2026-07-31T21:05:49.382+06:00  INFO 578387 --- [pangochain-backend] [io-8080-exec-45] c.pangochain.backend.ipfs.IpfsService    : Fetched 780 bytes from primary IPFS CID=QmdMbyBpoGFK1mURYDVGnjQ4AkNoJfnaBed6stWNVYy8rq
2026-07-31T21:05:49.396+06:00  INFO 578387 --- [pangochain-backend] [nio-8080-exec-6] c.pangochain.backend.ipfs.IpfsService    : Fetched 780 bytes from primary IPFS CID=QmdMbyBpoGFK1mURYDVGnjQ4AkNoJfnaBed6stWNVYy8rq
2026-07-31T21:05:49.403+06:00  INFO 578387 --- [pangochain-backend] [io-8080-exec-22] c.pangochain.backend.ipfs.IpfsService    : Fetched 780 bytes from primary IPFS CID=QmdMbyBpoGFK1mURYDVGnjQ4AkNoJfnaBed6stWNVYy8rq
2026-07-31T21:05:49.422+06:00  INFO 578387 --- [pangochain-backend] [io-8080-exec-46] c.pangochain.backend.ipfs.IpfsService    : Fetched 780 bytes from primary IPFS CID=QmdMbyBpoGFK1mURYDVGnjQ4AkNoJfnaBed6stWNVYy8rq
2026-07-31T21:05:49.421+06:00  INFO 578387 --- [pangochain-backend] [nio-8080-exec-9] c.pangochain.backend.ipfs.IpfsService    : Fetched 780 bytes from primary IPFS CID=QmdMbyBpoGFK1mURYDVGnjQ4AkNoJfnaBed6stWNVYy8rq
2026-07-31T21:05:49.425+06:00  INFO 578387 --- [pangochain-backend] [io-8080-exec-15] c.pangochain.backend.ipfs.IpfsService    : Fetched 780 bytes from primary IPFS CID=QmdMbyBpoGFK1mURYDVGnjQ4AkNoJfnaBed6stWNVYy8rq
2026-07-31T21:05:49.432+06:00  INFO 578387 --- [pangochain-backend] [io-8080-exec-37] c.pangochain.backend.ipfs.IpfsService    : Fetched 780 bytes from primary IPFS CID=QmdMbyBpoGFK1mURYDVGnjQ4AkNoJfnaBed6stWNVYy8rq
2026-07-31T21:05:49.435+06:00  INFO 578387 --- [pangochain-backend] [io-8080-exec-34] c.pangochain.backend.ipfs.IpfsService    : Fetched 780 bytes from primary IPFS CID=QmdMbyBpoGFK1mURYDVGnjQ4AkNoJfnaBed6stWNVYy8rq
2026-07-31T21:05:49.436+06:00  INFO 578387 --- [pangochain-backend] [io-8080-exec-14] c.pangochain.backend.ipfs.IpfsService    : Fetched 780 bytes from primary IPFS CID=QmdMbyBpoGFK1mURYDVGnjQ4AkNoJfnaBed6stWNVYy8rq
2026-07-31T21:05:49.437+06:00  INFO 578387 --- [pangochain-backend] [nio-8080-exec-1] c.pangochain.backend.ipfs.IpfsService    : Fetched 780 bytes from primary IPFS CID=QmdMbyBpoGFK1mURYDVGnjQ4AkNoJfnaBed6stWNVYy8rq
2026-07-31T21:05:49.440+06:00  INFO 578387 --- [pangochain-backend] [io-8080-exec-12] c.pangochain.backend.ipfs.IpfsService    : Fetched 780 bytes from primary IPFS CID=QmdMbyBpoGFK1mURYDVGnjQ4AkNoJfnaBed6stWNVYy8rq
2026-07-31T21:05:49.448+06:00  INFO 578387 --- [pangochain-backend] [io-8080-exec-51] c.pangochain.backend.ipfs.IpfsService    : Fetched 780 bytes from primary IPFS CID=QmdMbyBpoGFK1mURYDVGnjQ4AkNoJfnaBed6stWNVYy8rq
2026-07-31T21:05:49.467+06:00  INFO 578387 --- [pangochain-backend] [io-8080-exec-10] c.pangochain.backend.ipfs.IpfsService    : Fetched 780 bytes from primary IPFS CID=QmdMbyBpoGFK1mURYDVGnjQ4AkNoJfnaBed6stWNVYy8rq
2026-07-31T21:05:49.471+06:00  INFO 578387 --- [pangochain-backend] [io-8080-exec-23] c.pangochain.backend.ipfs.IpfsService    : Fetched 780 bytes from primary IPFS CID=QmdMbyBpoGFK1mURYDVGnjQ4AkNoJfnaBed6stWNVYy8rq
2026-07-31T21:05:49.475+06:00  INFO 578387 --- [pangochain-backend] [io-8080-exec-28] c.pangochain.backend.ipfs.IpfsService    : Fetched 780 bytes from primary IPFS CID=QmdMbyBpoGFK1mURYDVGnjQ4AkNoJfnaBed6stWNVYy8rq
2026-07-31T21:05:49.482+06:00  INFO 578387 --- [pangochain-backend] [io-8080-exec-47] c.pangochain.backend.ipfs.IpfsService    : Fetched 780 bytes from primary IPFS CID=QmdMbyBpoGFK1mURYDVGnjQ4AkNoJfnaBed6stWNVYy8rq
2026-07-31T21:05:49.492+06:00  INFO 578387 --- [pangochain-backend] [nio-8080-exec-3] c.pangochain.backend.ipfs.IpfsService    : Fetched 780 bytes from primary IPFS CID=QmdMbyBpoGFK1mURYDVGnjQ4AkNoJfnaBed6stWNVYy8rq
2026-07-31T21:05:49.493+06:00  INFO 578387 --- [pangochain-backend] [io-8080-exec-13] c.pangochain.backend.ipfs.IpfsService    : Fetched 780 bytes from primary IPFS CID=QmdMbyBpoGFK1mURYDVGnjQ4AkNoJfnaBed6stWNVYy8rq
2026-07-31T21:05:49.500+06:00  INFO 578387 --- [pangochain-backend] [io-8080-exec-36] c.pangochain.backend.ipfs.IpfsService    : Fetched 780 bytes from primary IPFS CID=QmdMbyBpoGFK1mURYDVGnjQ4AkNoJfnaBed6stWNVYy8rq
2026-07-31T21:05:49.502+06:00  INFO 578387 --- [pangochain-backend] [io-8080-exec-11] c.pangochain.backend.ipfs.IpfsService    : Fetched 780 bytes from primary IPFS CID=QmdMbyBpoGFK1mURYDVGnjQ4AkNoJfnaBed6stWNVYy8rq
2026-07-31T21:05:49.504+06:00  INFO 578387 --- [pangochain-backend] [io-8080-exec-24] c.pangochain.backend.ipfs.IpfsService    : Fetched 780 bytes from primary IPFS CID=QmdMbyBpoGFK1mURYDVGnjQ4AkNoJfnaBed6stWNVYy8rq
2026-07-31T21:05:49.524+06:00  INFO 578387 --- [pangochain-backend] [io-8080-exec-44] c.pangochain.backend.ipfs.IpfsService    : Fetched 780 bytes from primary IPFS CID=QmdMbyBpoGFK1mURYDVGnjQ4AkNoJfnaBed6stWNVYy8rq
2026-07-31T21:05:49.524+06:00  INFO 578387 --- [pangochain-backend] [io-8080-exec-41] c.pangochain.backend.ipfs.IpfsService    : Fetched 780 bytes from primary IPFS CID=QmdMbyBpoGFK1mURYDVGnjQ4AkNoJfnaBed6stWNVYy8rq
2026-07-31T21:05:49.528+06:00  INFO 578387 --- [pangochain-backend] [nio-8080-exec-4] c.pangochain.backend.ipfs.IpfsService    : Fetched 780 bytes from primary IPFS CID=QmdMbyBpoGFK1mURYDVGnjQ4AkNoJfnaBed6stWNVYy8rq
2026-07-31T21:05:49.542+06:00  INFO 578387 --- [pangochain-backend] [io-8080-exec-27] c.pangochain.backend.ipfs.IpfsService    : Fetched 780 bytes from primary IPFS CID=QmdMbyBpoGFK1mURYDVGnjQ4AkNoJfnaBed6stWNVYy8rq
2026-07-31T21:05:49.561+06:00  INFO 578387 --- [pangochain-backend] [io-8080-exec-37] c.pangochain.backend.ipfs.IpfsService    : Fetched 780 bytes from primary IPFS CID=QmdMbyBpoGFK1mURYDVGnjQ4AkNoJfnaBed6stWNVYy8rq
2026-07-31T21:05:49.566+06:00  INFO 578387 --- [pangochain-backend] [io-8080-exec-18] c.pangochain.backend.ipfs.IpfsService    : Fetched 780 bytes from primary IPFS CID=QmdMbyBpoGFK1mURYDVGnjQ4AkNoJfnaBed6stWNVYy8rq
2026-07-31T21:05:49.602+06:00  INFO 578387 --- [pangochain-backend] [io-8080-exec-17] c.pangochain.backend.ipfs.IpfsService    : Fetched 780 bytes from primary IPFS CID=QmdMbyBpoGFK1mURYDVGnjQ4AkNoJfnaBed6stWNVYy8rq
2026-07-31T21:05:49.603+06:00  INFO 578387 --- [pangochain-backend] [io-8080-exec-32] c.pangochain.backend.ipfs.IpfsService    : Fetched 780 bytes from primary IPFS CID=QmdMbyBpoGFK1mURYDVGnjQ4AkNoJfnaBed6stWNVYy8rq
2026-07-31T21:05:49.606+06:00  INFO 578387 --- [pangochain-backend] [io-8080-exec-30] c.pangochain.backend.ipfs.IpfsService    : Fetched 780 bytes from primary IPFS CID=QmdMbyBpoGFK1mURYDVGnjQ4AkNoJfnaBed6stWNVYy8rq
2026-07-31T21:05:49.610+06:00  INFO 578387 --- [pangochain-backend] [io-8080-exec-38] c.pangochain.backend.ipfs.IpfsService    : Fetched 780 bytes from primary IPFS CID=QmdMbyBpoGFK1mURYDVGnjQ4AkNoJfnaBed6stWNVYy8rq
2026-07-31T21:05:49.612+06:00  INFO 578387 --- [pangochain-backend] [io-8080-exec-14] c.pangochain.backend.ipfs.IpfsService    : Fetched 780 bytes from primary IPFS CID=QmdMbyBpoGFK1mURYDVGnjQ4AkNoJfnaBed6stWNVYy8rq
2026-07-31T21:05:49.614+06:00  INFO 578387 --- [pangochain-backend] [nio-8080-exec-8] c.pangochain.backend.ipfs.IpfsService    : Fetched 780 bytes from primary IPFS CID=QmdMbyBpoGFK1mURYDVGnjQ4AkNoJfnaBed6stWNVYy8rq
2026-07-31T21:05:49.623+06:00  INFO 578387 --- [pangochain-backend] [io-8080-exec-13] c.pangochain.backend.ipfs.IpfsService    : Fetched 780 bytes from primary IPFS CID=QmdMbyBpoGFK1mURYDVGnjQ4AkNoJfnaBed6stWNVYy8rq
2026-07-31T21:05:49.642+06:00  INFO 578387 --- [pangochain-backend] [io-8080-exec-21] c.pangochain.backend.ipfs.IpfsService    : Fetched 780 bytes from primary IPFS CID=QmdMbyBpoGFK1mURYDVGnjQ4AkNoJfnaBed6stWNVYy8rq
2026-07-31T21:05:49.643+06:00  INFO 578387 --- [pangochain-backend] [io-8080-exec-31] c.pangochain.backend.ipfs.IpfsService    : Fetched 780 bytes from primary IPFS CID=QmdMbyBpoGFK1mURYDVGnjQ4AkNoJfnaBed6stWNVYy8rq
2026-07-31T21:05:49.651+06:00  INFO 578387 --- [pangochain-backend] [io-8080-exec-47] c.pangochain.backend.ipfs.IpfsService    : Fetched 780 bytes from primary IPFS CID=QmdMbyBpoGFK1mURYDVGnjQ4AkNoJfnaBed6stWNVYy8rq
2026-07-31T21:05:49.653+06:00  INFO 578387 --- [pangochain-backend] [io-8080-exec-22] c.pangochain.backend.ipfs.IpfsService    : Fetched 780 bytes from primary IPFS CID=QmdMbyBpoGFK1mURYDVGnjQ4AkNoJfnaBed6stWNVYy8rq
2026-07-31T21:05:49.651+06:00  INFO 578387 --- [pangochain-backend] [io-8080-exec-29] c.pangochain.backend.ipfs.IpfsService    : Fetched 780 bytes from primary IPFS CID=QmdMbyBpoGFK1mURYDVGnjQ4AkNoJfnaBed6stWNVYy8rq
2026-07-31T21:05:49.660+06:00  INFO 578387 --- [pangochain-backend] [io-8080-exec-50] c.pangochain.backend.ipfs.IpfsService    : Fetched 780 bytes from primary IPFS CID=QmdMbyBpoGFK1mURYDVGnjQ4AkNoJfnaBed6stWNVYy8rq
2026-07-31T21:05:49.666+06:00  INFO 578387 --- [pangochain-backend] [io-8080-exec-16] c.pangochain.backend.ipfs.IpfsService    : Fetched 780 bytes from primary IPFS CID=QmdMbyBpoGFK1mURYDVGnjQ4AkNoJfnaBed6stWNVYy8rq
2026-07-31T21:05:49.666+06:00  INFO 578387 --- [pangochain-backend] [io-8080-exec-24] c.pangochain.backend.ipfs.IpfsService    : Fetched 780 bytes from primary IPFS CID=QmdMbyBpoGFK1mURYDVGnjQ4AkNoJfnaBed6stWNVYy8rq
2026-07-31T21:05:49.667+06:00  INFO 578387 --- [pangochain-backend] [io-8080-exec-33] c.pangochain.backend.ipfs.IpfsService    : Fetched 780 bytes from primary IPFS CID=QmdMbyBpoGFK1mURYDVGnjQ4AkNoJfnaBed6stWNVYy8rq
2026-07-31T21:05:49.677+06:00  INFO 578387 --- [pangochain-backend] [io-8080-exec-43] c.pangochain.backend.ipfs.IpfsService    : Fetched 780 bytes from primary IPFS CID=QmdMbyBpoGFK1mURYDVGnjQ4AkNoJfnaBed6stWNVYy8rq
2026-07-31T21:05:49.678+06:00  INFO 578387 --- [pangochain-backend] [io-8080-exec-19] c.pangochain.backend.ipfs.IpfsService    : Fetched 780 bytes from primary IPFS CID=QmdMbyBpoGFK1mURYDVGnjQ4AkNoJfnaBed6stWNVYy8rq
2026-07-31T21:05:49.687+06:00  INFO 578387 --- [pangochain-backend] [io-8080-exec-40] c.pangochain.backend.ipfs.IpfsService    : Fetched 780 bytes from primary IPFS CID=QmdMbyBpoGFK1mURYDVGnjQ4AkNoJfnaBed6stWNVYy8rq
2026-07-31T21:05:49.696+06:00  INFO 578387 --- [pangochain-backend] [io-8080-exec-45] c.pangochain.backend.ipfs.IpfsService    : Fetched 780 bytes from primary IPFS CID=QmdMbyBpoGFK1mURYDVGnjQ4AkNoJfnaBed6stWNVYy8rq
2026-07-31T21:05:49.699+06:00  INFO 578387 --- [pangochain-backend] [nio-8080-exec-2] c.pangochain.backend.ipfs.IpfsService    : Fetched 780 bytes from primary IPFS CID=QmdMbyBpoGFK1mURYDVGnjQ4AkNoJfnaBed6stWNVYy8rq
2026-07-31T21:05:49.708+06:00  INFO 578387 --- [pangochain-backend] [io-8080-exec-10] c.pangochain.backend.ipfs.IpfsService    : Fetched 780 bytes from primary IPFS CID=QmdMbyBpoGFK1mURYDVGnjQ4AkNoJfnaBed6stWNVYy8rq
2026-07-31T21:05:49.709+06:00  INFO 578387 --- [pangochain-backend] [io-8080-exec-25] c.pangochain.backend.ipfs.IpfsService    : Fetched 780 bytes from primary IPFS CID=QmdMbyBpoGFK1mURYDVGnjQ4AkNoJfnaBed6stWNVYy8rq
2026-07-31T21:05:49.731+06:00  INFO 578387 --- [pangochain-backend] [io-8080-exec-11] c.pangochain.backend.ipfs.IpfsService    : Fetched 780 bytes from primary IPFS CID=QmdMbyBpoGFK1mURYDVGnjQ4AkNoJfnaBed6stWNVYy8rq
2026-07-31T21:05:49.733+06:00  INFO 578387 --- [pangochain-backend] [nio-8080-exec-6] c.pangochain.backend.ipfs.IpfsService    : Fetched 780 bytes from primary IPFS CID=QmdMbyBpoGFK1mURYDVGnjQ4AkNoJfnaBed6stWNVYy8rq
2026-07-31T21:05:49.734+06:00  INFO 578387 --- [pangochain-backend] [io-8080-exec-13] c.pangochain.backend.ipfs.IpfsService    : Fetched 780 bytes from primary IPFS CID=QmdMbyBpoGFK1mURYDVGnjQ4AkNoJfnaBed6stWNVYy8rq
2026-07-31T21:05:49.746+06:00  INFO 578387 --- [pangochain-backend] [io-8080-exec-20] c.pangochain.backend.ipfs.IpfsService    : Fetched 780 bytes from primary IPFS CID=QmdMbyBpoGFK1mURYDVGnjQ4AkNoJfnaBed6stWNVYy8rq
2026-07-31T21:05:49.755+06:00  INFO 578387 --- [pangochain-backend] [io-8080-exec-39] c.pangochain.backend.ipfs.IpfsService    : Fetched 780 bytes from primary IPFS CID=QmdMbyBpoGFK1mURYDVGnjQ4AkNoJfnaBed6stWNVYy8rq
2026-07-31T21:05:49.761+06:00  INFO 578387 --- [pangochain-backend] [nio-8080-exec-9] c.pangochain.backend.ipfs.IpfsService    : Fetched 780 bytes from primary IPFS CID=QmdMbyBpoGFK1mURYDVGnjQ4AkNoJfnaBed6stWNVYy8rq
2026-07-31T21:05:49.762+06:00  INFO 578387 --- [pangochain-backend] [io-8080-exec-15] c.pangochain.backend.ipfs.IpfsService    : Fetched 780 bytes from primary IPFS CID=QmdMbyBpoGFK1mURYDVGnjQ4AkNoJfnaBed6stWNVYy8rq
2026-07-31T21:05:49.805+06:00  INFO 578387 --- [pangochain-backend] [nio-8080-exec-1] c.pangochain.backend.ipfs.IpfsService    : Fetched 780 bytes from primary IPFS CID=QmdMbyBpoGFK1mURYDVGnjQ4AkNoJfnaBed6stWNVYy8rq
2026-07-31T21:05:49.809+06:00  INFO 578387 --- [pangochain-backend] [io-8080-exec-51] c.pangochain.backend.ipfs.IpfsService    : Fetched 780 bytes from primary IPFS CID=QmdMbyBpoGFK1mURYDVGnjQ4AkNoJfnaBed6stWNVYy8rq
2026-07-31T21:05:49.816+06:00  INFO 578387 --- [pangochain-backend] [io-8080-exec-49] c.pangochain.backend.ipfs.IpfsService    : Fetched 780 bytes from primary IPFS CID=QmdMbyBpoGFK1mURYDVGnjQ4AkNoJfnaBed6stWNVYy8rq
2026-07-31T21:05:49.832+06:00  INFO 578387 --- [pangochain-backend] [io-8080-exec-12] c.pangochain.backend.ipfs.IpfsService    : Fetched 780 bytes from primary IPFS CID=QmdMbyBpoGFK1mURYDVGnjQ4AkNoJfnaBed6stWNVYy8rq
2026-07-31T21:05:49.876+06:00  INFO 578387 --- [pangochain-backend] [io-8080-exec-34] c.pangochain.backend.ipfs.IpfsService    : Fetched 780 bytes from primary IPFS CID=QmdMbyBpoGFK1mURYDVGnjQ4AkNoJfnaBed6stWNVYy8rq
2026-07-31T21:05:49.882+06:00  INFO 578387 --- [pangochain-backend] [io-8080-exec-28] c.pangochain.backend.ipfs.IpfsService    : Fetched 780 bytes from primary IPFS CID=QmdMbyBpoGFK1mURYDVGnjQ4AkNoJfnaBed6stWNVYy8rq
2026-07-31T21:05:49.899+06:00  INFO 578387 --- [pangochain-backend] [io-8080-exec-26] c.pangochain.backend.ipfs.IpfsService    : Fetched 780 bytes from primary IPFS CID=QmdMbyBpoGFK1mURYDVGnjQ4AkNoJfnaBed6stWNVYy8rq
2026-07-31T21:05:49.901+06:00  INFO 578387 --- [pangochain-backend] [io-8080-exec-36] c.pangochain.backend.ipfs.IpfsService    : Fetched 780 bytes from primary IPFS CID=QmdMbyBpoGFK1mURYDVGnjQ4AkNoJfnaBed6stWNVYy8rq
2026-07-31T21:05:49.905+06:00  INFO 578387 --- [pangochain-backend] [io-8080-exec-35] c.pangochain.backend.ipfs.IpfsService    : Fetched 780 bytes from primary IPFS CID=QmdMbyBpoGFK1mURYDVGnjQ4AkNoJfnaBed6stWNVYy8rq
2026-07-31T21:05:49.928+06:00  INFO 578387 --- [pangochain-backend] [io-8080-exec-23] c.pangochain.backend.ipfs.IpfsService    : Fetched 780 bytes from primary IPFS CID=QmdMbyBpoGFK1mURYDVGnjQ4AkNoJfnaBed6stWNVYy8rq
2026-07-31T21:05:49.939+06:00  INFO 578387 --- [pangochain-backend] [io-8080-exec-37] c.pangochain.backend.ipfs.IpfsService    : Fetched 780 bytes from primary IPFS CID=QmdMbyBpoGFK1mURYDVGnjQ4AkNoJfnaBed6stWNVYy8rq
2026-07-31T21:05:49.944+06:00  INFO 578387 --- [pangochain-backend] [io-8080-exec-45] c.pangochain.backend.ipfs.IpfsService    : Fetched 780 bytes from primary IPFS CID=QmdMbyBpoGFK1mURYDVGnjQ4AkNoJfnaBed6stWNVYy8rq
2026-07-31T21:05:49.949+06:00  INFO 578387 --- [pangochain-backend] [nio-8080-exec-9] c.pangochain.backend.ipfs.IpfsService    : Fetched 780 bytes from primary IPFS CID=QmdMbyBpoGFK1mURYDVGnjQ4AkNoJfnaBed6stWNVYy8rq
2026-07-31T21:05:49.951+06:00  INFO 578387 --- [pangochain-backend] [nio-8080-exec-7] c.pangochain.backend.ipfs.IpfsService    : Fetched 780 bytes from primary IPFS CID=QmdMbyBpoGFK1mURYDVGnjQ4AkNoJfnaBed6stWNVYy8rq
2026-07-31T21:05:49.952+06:00  INFO 578387 --- [pangochain-backend] [nio-8080-exec-1] c.pangochain.backend.ipfs.IpfsService    : Fetched 780 bytes from primary IPFS CID=QmdMbyBpoGFK1mURYDVGnjQ4AkNoJfnaBed6stWNVYy8rq
2026-07-31T21:05:49.962+06:00  INFO 578387 --- [pangochain-backend] [io-8080-exec-10] c.pangochain.backend.ipfs.IpfsService    : Fetched 780 bytes from primary IPFS CID=QmdMbyBpoGFK1mURYDVGnjQ4AkNoJfnaBed6stWNVYy8rq
2026-07-31T21:05:49.970+06:00  INFO 578387 --- [pangochain-backend] [io-8080-exec-42] c.pangochain.backend.ipfs.IpfsService    : Fetched 780 bytes from primary IPFS CID=QmdMbyBpoGFK1mURYDVGnjQ4AkNoJfnaBed6stWNVYy8rq
2026-07-31T21:05:49.971+06:00  INFO 578387 --- [pangochain-backend] [io-8080-exec-20] c.pangochain.backend.ipfs.IpfsService    : Fetched 780 bytes from primary IPFS CID=QmdMbyBpoGFK1mURYDVGnjQ4AkNoJfnaBed6stWNVYy8rq
2026-07-31T21:05:49.973+06:00  INFO 578387 --- [pangochain-backend] [nio-8080-exec-4] c.pangochain.backend.ipfs.IpfsService    : Fetched 780 bytes from primary IPFS CID=QmdMbyBpoGFK1mURYDVGnjQ4AkNoJfnaBed6stWNVYy8rq
2026-07-31T21:05:49.974+06:00  INFO 578387 --- [pangochain-backend] [io-8080-exec-39] c.pangochain.backend.ipfs.IpfsService    : Fetched 780 bytes from primary IPFS CID=QmdMbyBpoGFK1mURYDVGnjQ4AkNoJfnaBed6stWNVYy8rq
2026-07-31T21:05:49.979+06:00  INFO 578387 --- [pangochain-backend] [io-8080-exec-44] c.pangochain.backend.ipfs.IpfsService    : Fetched 780 bytes from primary IPFS CID=QmdMbyBpoGFK1mURYDVGnjQ4AkNoJfnaBed6stWNVYy8rq
2026-07-31T21:05:49.985+06:00  INFO 578387 --- [pangochain-backend] [io-8080-exec-15] c.pangochain.backend.ipfs.IpfsService    : Fetched 780 bytes from primary IPFS CID=QmdMbyBpoGFK1mURYDVGnjQ4AkNoJfnaBed6stWNVYy8rq
2026-07-31T21:05:50.001+06:00  INFO 578387 --- [pangochain-backend] [io-8080-exec-41] c.pangochain.backend.ipfs.IpfsService    : Fetched 780 bytes from primary IPFS CID=QmdMbyBpoGFK1mURYDVGnjQ4AkNoJfnaBed6stWNVYy8rq
2026-07-31T21:05:50.004+06:00  INFO 578387 --- [pangochain-backend] [io-8080-exec-18] c.pangochain.backend.ipfs.IpfsService    : Fetched 780 bytes from primary IPFS CID=QmdMbyBpoGFK1mURYDVGnjQ4AkNoJfnaBed6stWNVYy8rq
2026-07-31T21:05:50.032+06:00  INFO 578387 --- [pangochain-backend] [nio-8080-exec-6] c.pangochain.backend.ipfs.IpfsService    : Fetched 780 bytes from primary IPFS CID=QmdMbyBpoGFK1mURYDVGnjQ4AkNoJfnaBed6stWNVYy8rq
2026-07-31T21:05:50.048+06:00  INFO 578387 --- [pangochain-backend] [io-8080-exec-13] c.pangochain.backend.ipfs.IpfsService    : Fetched 780 bytes from primary IPFS CID=QmdMbyBpoGFK1mURYDVGnjQ4AkNoJfnaBed6stWNVYy8rq
2026-07-31T21:05:50.049+06:00  INFO 578387 --- [pangochain-backend] [io-8080-exec-50] c.pangochain.backend.ipfs.IpfsService    : Fetched 780 bytes from primary IPFS CID=QmdMbyBpoGFK1mURYDVGnjQ4AkNoJfnaBed6stWNVYy8rq
2026-07-31T21:05:50.061+06:00  INFO 578387 --- [pangochain-backend] [io-8080-exec-32] c.pangochain.backend.ipfs.IpfsService    : Fetched 780 bytes from primary IPFS CID=QmdMbyBpoGFK1mURYDVGnjQ4AkNoJfnaBed6stWNVYy8rq
2026-07-31T21:05:50.077+06:00  INFO 578387 --- [pangochain-backend] [io-8080-exec-14] c.pangochain.backend.ipfs.IpfsService    : Fetched 780 bytes from primary IPFS CID=QmdMbyBpoGFK1mURYDVGnjQ4AkNoJfnaBed6stWNVYy8rq
2026-07-31T21:05:50.093+06:00  INFO 578387 --- [pangochain-backend] [io-8080-exec-38] c.pangochain.backend.ipfs.IpfsService    : Fetched 780 bytes from primary IPFS CID=QmdMbyBpoGFK1mURYDVGnjQ4AkNoJfnaBed6stWNVYy8rq
2026-07-31T21:05:50.098+06:00  INFO 578387 --- [pangochain-backend] [io-8080-exec-43] c.pangochain.backend.ipfs.IpfsService    : Fetched 780 bytes from primary IPFS CID=QmdMbyBpoGFK1mURYDVGnjQ4AkNoJfnaBed6stWNVYy8rq
2026-07-31T21:05:50.099+06:00  INFO 578387 --- [pangochain-backend] [io-8080-exec-49] c.pangochain.backend.ipfs.IpfsService    : Fetched 780 bytes from primary IPFS CID=QmdMbyBpoGFK1mURYDVGnjQ4AkNoJfnaBed6stWNVYy8rq
2026-07-31T21:05:50.101+06:00  INFO 578387 --- [pangochain-backend] [io-8080-exec-51] c.pangochain.backend.ipfs.IpfsService    : Fetched 780 bytes from primary IPFS CID=QmdMbyBpoGFK1mURYDVGnjQ4AkNoJfnaBed6stWNVYy8rq
2026-07-31T21:05:50.114+06:00  INFO 578387 --- [pangochain-backend] [nio-8080-exec-3] c.pangochain.backend.ipfs.IpfsService    : Fetched 780 bytes from primary IPFS CID=QmdMbyBpoGFK1mURYDVGnjQ4AkNoJfnaBed6stWNVYy8rq
2026-07-31T21:05:50.126+06:00  INFO 578387 --- [pangochain-backend] [io-8080-exec-30] c.pangochain.backend.ipfs.IpfsService    : Fetched 780 bytes from primary IPFS CID=QmdMbyBpoGFK1mURYDVGnjQ4AkNoJfnaBed6stWNVYy8rq
2026-07-31T21:05:50.131+06:00  INFO 578387 --- [pangochain-backend] [io-8080-exec-16] c.pangochain.backend.ipfs.IpfsService    : Fetched 780 bytes from primary IPFS CID=QmdMbyBpoGFK1mURYDVGnjQ4AkNoJfnaBed6stWNVYy8rq
2026-07-31T21:05:50.135+06:00  INFO 578387 --- [pangochain-backend] [io-8080-exec-33] c.pangochain.backend.ipfs.IpfsService    : Fetched 780 bytes from primary IPFS CID=QmdMbyBpoGFK1mURYDVGnjQ4AkNoJfnaBed6stWNVYy8rq
2026-07-31T21:05:50.118+06:00  INFO 578387 --- [pangochain-backend] [nio-8080-exec-8] c.pangochain.backend.ipfs.IpfsService    : Fetched 780 bytes from primary IPFS CID=QmdMbyBpoGFK1mURYDVGnjQ4AkNoJfnaBed6stWNVYy8rq
2026-07-31T21:05:50.154+06:00  INFO 578387 --- [pangochain-backend] [io-8080-exec-29] c.pangochain.backend.ipfs.IpfsService    : Fetched 780 bytes from primary IPFS CID=QmdMbyBpoGFK1mURYDVGnjQ4AkNoJfnaBed6stWNVYy8rq
2026-07-31T21:05:50.155+06:00  INFO 578387 --- [pangochain-backend] [io-8080-exec-23] c.pangochain.backend.ipfs.IpfsService    : Fetched 780 bytes from primary IPFS CID=QmdMbyBpoGFK1mURYDVGnjQ4AkNoJfnaBed6stWNVYy8rq
2026-07-31T21:05:50.155+06:00  INFO 578387 --- [pangochain-backend] [io-8080-exec-17] c.pangochain.backend.ipfs.IpfsService    : Fetched 780 bytes from primary IPFS CID=QmdMbyBpoGFK1mURYDVGnjQ4AkNoJfnaBed6stWNVYy8rq
2026-07-31T21:05:50.155+06:00  INFO 578387 --- [pangochain-backend] [io-8080-exec-31] c.pangochain.backend.ipfs.IpfsService    : Fetched 780 bytes from primary IPFS CID=QmdMbyBpoGFK1mURYDVGnjQ4AkNoJfnaBed6stWNVYy8rq
2026-07-31T21:05:50.156+06:00  INFO 578387 --- [pangochain-backend] [io-8080-exec-26] c.pangochain.backend.ipfs.IpfsService    : Fetched 780 bytes from primary IPFS CID=QmdMbyBpoGFK1mURYDVGnjQ4AkNoJfnaBed6stWNVYy8rq
2026-07-31T21:05:50.153+06:00  INFO 578387 --- [pangochain-backend] [io-8080-exec-37] c.pangochain.backend.ipfs.IpfsService    : Fetched 780 bytes from primary IPFS CID=QmdMbyBpoGFK1mURYDVGnjQ4AkNoJfnaBed6stWNVYy8rq
2026-07-31T21:05:50.155+06:00  INFO 578387 --- [pangochain-backend] [io-8080-exec-28] c.pangochain.backend.ipfs.IpfsService    : Fetched 780 bytes from primary IPFS CID=QmdMbyBpoGFK1mURYDVGnjQ4AkNoJfnaBed6stWNVYy8rq
2026-07-31T21:05:50.155+06:00  INFO 578387 --- [pangochain-backend] [io-8080-exec-35] c.pangochain.backend.ipfs.IpfsService    : Fetched 780 bytes from primary IPFS CID=QmdMbyBpoGFK1mURYDVGnjQ4AkNoJfnaBed6stWNVYy8rq
2026-07-31T21:05:50.157+06:00  INFO 578387 --- [pangochain-backend] [io-8080-exec-34] c.pangochain.backend.ipfs.IpfsService    : Fetched 780 bytes from primary IPFS CID=QmdMbyBpoGFK1mURYDVGnjQ4AkNoJfnaBed6stWNVYy8rq
2026-07-31T21:05:50.157+06:00  INFO 578387 --- [pangochain-backend] [io-8080-exec-22] c.pangochain.backend.ipfs.IpfsService    : Fetched 780 bytes from primary IPFS CID=QmdMbyBpoGFK1mURYDVGnjQ4AkNoJfnaBed6stWNVYy8rq
2026-07-31T21:05:50.159+06:00  INFO 578387 --- [pangochain-backend] [io-8080-exec-39] c.pangochain.backend.ipfs.IpfsService    : Fetched 780 bytes from primary IPFS CID=QmdMbyBpoGFK1mURYDVGnjQ4AkNoJfnaBed6stWNVYy8rq
2026-07-31T21:05:50.159+06:00  INFO 578387 --- [pangochain-backend] [nio-8080-exec-5] c.pangochain.backend.ipfs.IpfsService    : Fetched 780 bytes from primary IPFS CID=QmdMbyBpoGFK1mURYDVGnjQ4AkNoJfnaBed6stWNVYy8rq
2026-07-31T21:05:50.160+06:00  INFO 578387 --- [pangochain-backend] [io-8080-exec-20] c.pangochain.backend.ipfs.IpfsService    : Fetched 780 bytes from primary IPFS CID=QmdMbyBpoGFK1mURYDVGnjQ4AkNoJfnaBed6stWNVYy8rq
2026-07-31T21:05:50.160+06:00  INFO 578387 --- [pangochain-backend] [io-8080-exec-36] c.pangochain.backend.ipfs.IpfsService    : Fetched 780 bytes from primary IPFS CID=QmdMbyBpoGFK1mURYDVGnjQ4AkNoJfnaBed6stWNVYy8rq
2026-07-31T21:05:50.160+06:00  INFO 578387 --- [pangochain-backend] [io-8080-exec-48] c.pangochain.backend.ipfs.IpfsService    : Fetched 780 bytes from primary IPFS CID=QmdMbyBpoGFK1mURYDVGnjQ4AkNoJfnaBed6stWNVYy8rq
2026-07-31T21:05:50.161+06:00  INFO 578387 --- [pangochain-backend] [io-8080-exec-12] c.pangochain.backend.ipfs.IpfsService    : Fetched 780 bytes from primary IPFS CID=QmdMbyBpoGFK1mURYDVGnjQ4AkNoJfnaBed6stWNVYy8rq
2026-07-31T21:05:50.161+06:00  INFO 578387 --- [pangochain-backend] [io-8080-exec-11] c.pangochain.backend.ipfs.IpfsService    : Fetched 780 bytes from primary IPFS CID=QmdMbyBpoGFK1mURYDVGnjQ4AkNoJfnaBed6stWNVYy8rq
2026-07-31T21:05:50.161+06:00  INFO 578387 --- [pangochain-backend] [io-8080-exec-21] c.pangochain.backend.ipfs.IpfsService    : Fetched 780 bytes from primary IPFS CID=QmdMbyBpoGFK1mURYDVGnjQ4AkNoJfnaBed6stWNVYy8rq
2026-07-31T21:05:50.163+06:00  INFO 578387 --- [pangochain-backend] [io-8080-exec-19] c.pangochain.backend.ipfs.IpfsService    : Fetched 780 bytes from primary IPFS CID=QmdMbyBpoGFK1mURYDVGnjQ4AkNoJfnaBed6stWNVYy8rq
2026-07-31T21:05:50.163+06:00  INFO 578387 --- [pangochain-backend] [io-8080-exec-40] c.pangochain.backend.ipfs.IpfsService    : Fetched 780 bytes from primary IPFS CID=QmdMbyBpoGFK1mURYDVGnjQ4AkNoJfnaBed6stWNVYy8rq
2026-07-31T21:05:50.166+06:00  INFO 578387 --- [pangochain-backend] [io-8080-exec-25] c.pangochain.backend.ipfs.IpfsService    : Fetched 780 bytes from primary IPFS CID=QmdMbyBpoGFK1mURYDVGnjQ4AkNoJfnaBed6stWNVYy8rq
2026-07-31T21:05:50.168+06:00  INFO 578387 --- [pangochain-backend] [nio-8080-exec-2] c.pangochain.backend.ipfs.IpfsService    : Fetched 780 bytes from primary IPFS CID=QmdMbyBpoGFK1mURYDVGnjQ4AkNoJfnaBed6stWNVYy8rq
2026-07-31T21:05:50.168+06:00  INFO 578387 --- [pangochain-backend] [nio-8080-exec-7] c.pangochain.backend.ipfs.IpfsService    : Fetched 780 bytes from primary IPFS CID=QmdMbyBpoGFK1mURYDVGnjQ4AkNoJfnaBed6stWNVYy8rq
2026-07-31T21:05:50.168+06:00  INFO 578387 --- [pangochain-backend] [io-8080-exec-14] c.pangochain.backend.ipfs.IpfsService    : Fetched 780 bytes from primary IPFS CID=QmdMbyBpoGFK1mURYDVGnjQ4AkNoJfnaBed6stWNVYy8rq
2026-07-31T21:05:50.169+06:00  INFO 578387 --- [pangochain-backend] [io-8080-exec-45] c.pangochain.backend.ipfs.IpfsService    : Fetched 780 bytes from primary IPFS CID=QmdMbyBpoGFK1mURYDVGnjQ4AkNoJfnaBed6stWNVYy8rq
2026-07-31T21:05:50.169+06:00  INFO 578387 --- [pangochain-backend] [io-8080-exec-10] c.pangochain.backend.ipfs.IpfsService    : Fetched 780 bytes from primary IPFS CID=QmdMbyBpoGFK1mURYDVGnjQ4AkNoJfnaBed6stWNVYy8rq
2026-07-31T21:05:50.169+06:00  INFO 578387 --- [pangochain-backend] [io-8080-exec-47] c.pangochain.backend.ipfs.IpfsService    : Fetched 780 bytes from primary IPFS CID=QmdMbyBpoGFK1mURYDVGnjQ4AkNoJfnaBed6stWNVYy8rq
2026-07-31T21:05:50.169+06:00  INFO 578387 --- [pangochain-backend] [io-8080-exec-27] c.pangochain.backend.ipfs.IpfsService    : Fetched 780 bytes from primary IPFS CID=QmdMbyBpoGFK1mURYDVGnjQ4AkNoJfnaBed6stWNVYy8rq
2026-07-31T21:05:50.170+06:00  INFO 578387 --- [pangochain-backend] [nio-8080-exec-1] c.pangochain.backend.ipfs.IpfsService    : Fetched 780 bytes from primary IPFS CID=QmdMbyBpoGFK1mURYDVGnjQ4AkNoJfnaBed6stWNVYy8rq
2026-07-31T21:05:50.170+06:00  INFO 578387 --- [pangochain-backend] [nio-8080-exec-9] c.pangochain.backend.ipfs.IpfsService    : Fetched 780 bytes from primary IPFS CID=QmdMbyBpoGFK1mURYDVGnjQ4AkNoJfnaBed6stWNVYy8rq
2026-07-31T21:05:50.172+06:00  INFO 578387 --- [pangochain-backend] [io-8080-exec-24] c.pangochain.backend.ipfs.IpfsService    : Fetched 780 bytes from primary IPFS CID=QmdMbyBpoGFK1mURYDVGnjQ4AkNoJfnaBed6stWNVYy8rq
2026-07-31T21:05:50.173+06:00  INFO 578387 --- [pangochain-backend] [io-8080-exec-41] c.pangochain.backend.ipfs.IpfsService    : Fetched 780 bytes from primary IPFS CID=QmdMbyBpoGFK1mURYDVGnjQ4AkNoJfnaBed6stWNVYy8rq
2026-07-31T21:05:50.173+06:00  INFO 578387 --- [pangochain-backend] [io-8080-exec-46] c.pangochain.backend.ipfs.IpfsService    : Fetched 780 bytes from primary IPFS CID=QmdMbyBpoGFK1mURYDVGnjQ4AkNoJfnaBed6stWNVYy8rq
2026-07-31T21:05:50.174+06:00  INFO 578387 --- [pangochain-backend] [io-8080-exec-44] c.pangochain.backend.ipfs.IpfsService    : Fetched 780 bytes from primary IPFS CID=QmdMbyBpoGFK1mURYDVGnjQ4AkNoJfnaBed6stWNVYy8rq
2026-07-31T21:05:50.174+06:00  INFO 578387 --- [pangochain-backend] [io-8080-exec-50] c.pangochain.backend.ipfs.IpfsService    : Fetched 780 bytes from primary IPFS CID=QmdMbyBpoGFK1mURYDVGnjQ4AkNoJfnaBed6stWNVYy8rq
2026-07-31T21:05:50.175+06:00  INFO 578387 --- [pangochain-backend] [io-8080-exec-15] c.pangochain.backend.ipfs.IpfsService    : Fetched 780 bytes from primary IPFS CID=QmdMbyBpoGFK1mURYDVGnjQ4AkNoJfnaBed6stWNVYy8rq
2026-07-31T21:05:50.175+06:00  INFO 578387 --- [pangochain-backend] [io-8080-exec-48] c.pangochain.backend.ipfs.IpfsService    : Fetched 780 bytes from primary IPFS CID=QmdMbyBpoGFK1mURYDVGnjQ4AkNoJfnaBed6stWNVYy8rq
2026-07-31T21:05:50.175+06:00  INFO 578387 --- [pangochain-backend] [nio-8080-exec-4] c.pangochain.backend.ipfs.IpfsService    : Fetched 780 bytes from primary IPFS CID=QmdMbyBpoGFK1mURYDVGnjQ4AkNoJfnaBed6stWNVYy8rq
2026-07-31T21:05:50.177+06:00  INFO 578387 --- [pangochain-backend] [nio-8080-exec-6] c.pangochain.backend.ipfs.IpfsService    : Fetched 780 bytes from primary IPFS CID=QmdMbyBpoGFK1mURYDVGnjQ4AkNoJfnaBed6stWNVYy8rq
2026-07-31T21:05:50.180+06:00  INFO 578387 --- [pangochain-backend] [io-8080-exec-18] c.pangochain.backend.ipfs.IpfsService    : Fetched 780 bytes from primary IPFS CID=QmdMbyBpoGFK1mURYDVGnjQ4AkNoJfnaBed6stWNVYy8rq
2026-07-31T21:05:50.182+06:00  INFO 578387 --- [pangochain-backend] [io-8080-exec-42] c.pangochain.backend.ipfs.IpfsService    : Fetched 780 bytes from primary IPFS CID=QmdMbyBpoGFK1mURYDVGnjQ4AkNoJfnaBed6stWNVYy8rq
2026-07-31T21:05:50.185+06:00  INFO 578387 --- [pangochain-backend] [io-8080-exec-13] c.pangochain.backend.ipfs.IpfsService    : Fetched 780 bytes from primary IPFS CID=QmdMbyBpoGFK1mURYDVGnjQ4AkNoJfnaBed6stWNVYy8rq
2026-07-31T21:05:50.188+06:00  INFO 578387 --- [pangochain-backend] [io-8080-exec-43] c.pangochain.backend.ipfs.IpfsService    : Fetched 780 bytes from primary IPFS CID=QmdMbyBpoGFK1mURYDVGnjQ4AkNoJfnaBed6stWNVYy8rq
2026-07-31T21:05:50.188+06:00  INFO 578387 --- [pangochain-backend] [io-8080-exec-19] c.pangochain.backend.ipfs.IpfsService    : Fetched 780 bytes from primary IPFS CID=QmdMbyBpoGFK1mURYDVGnjQ4AkNoJfnaBed6stWNVYy8rq
2026-07-31T21:05:50.188+06:00  INFO 578387 --- [pangochain-backend] [nio-8080-exec-9] c.pangochain.backend.ipfs.IpfsService    : Fetched 780 bytes from primary IPFS CID=QmdMbyBpoGFK1mURYDVGnjQ4AkNoJfnaBed6stWNVYy8rq
2026-07-31T21:05:50.192+06:00  INFO 578387 --- [pangochain-backend] [io-8080-exec-51] c.pangochain.backend.ipfs.IpfsService    : Fetched 780 bytes from primary IPFS CID=QmdMbyBpoGFK1mURYDVGnjQ4AkNoJfnaBed6stWNVYy8rq
2026-07-31T21:05:50.193+06:00  INFO 578387 --- [pangochain-backend] [io-8080-exec-25] c.pangochain.backend.ipfs.IpfsService    : Fetched 780 bytes from primary IPFS CID=QmdMbyBpoGFK1mURYDVGnjQ4AkNoJfnaBed6stWNVYy8rq
2026-07-31T21:05:50.194+06:00  INFO 578387 --- [pangochain-backend] [io-8080-exec-40] c.pangochain.backend.ipfs.IpfsService    : Fetched 780 bytes from primary IPFS CID=QmdMbyBpoGFK1mURYDVGnjQ4AkNoJfnaBed6stWNVYy8rq
2026-07-31T21:05:50.195+06:00  INFO 578387 --- [pangochain-backend] [io-8080-exec-44] c.pangochain.backend.ipfs.IpfsService    : Fetched 780 bytes from primary IPFS CID=QmdMbyBpoGFK1mURYDVGnjQ4AkNoJfnaBed6stWNVYy8rq
2026-07-31T21:05:50.195+06:00  INFO 578387 --- [pangochain-backend] [io-8080-exec-32] c.pangochain.backend.ipfs.IpfsService    : Fetched 780 bytes from primary IPFS CID=QmdMbyBpoGFK1mURYDVGnjQ4AkNoJfnaBed6stWNVYy8rq
2026-07-31T21:05:50.198+06:00  INFO 578387 --- [pangochain-backend] [   async-task-4] c.p.b.blockchain.FabricGatewayService    : Fabric tx committed: fn=LogAuditEvent txId=3bebd0bad94d8df15f7d50f1f28de0042e4e1689cafb3667159588f2b06a2826
2026-07-31T21:05:50.198+06:00  INFO 578387 --- [pangochain-backend] [MessageBroker-2] c.p.b.blockchain.FabricGatewayService    : Fabric tx committed: fn=LogAuditEvent txId=235de3c052b5c583e2f043db2e61c1f2ba9aea81e309e0ec8c7f0178f48bc371
2026-07-31T21:05:50.198+06:00  INFO 578387 --- [pangochain-backend] [   async-task-5] c.p.b.blockchain.FabricGatewayService    : Fabric tx committed: fn=LogAuditEvent txId=47ceadf647747689b98dfa723f1281f48313d3cb62abbe4e89a27d207a4f8990
2026-07-31T21:05:50.198+06:00  INFO 578387 --- [pangochain-backend] [   async-task-2] c.p.b.blockchain.FabricGatewayService    : Fabric tx committed: fn=LogAuditEvent txId=0ff7bcff305b8a6154acf8bb4a486fefdce3e2334b73ef63c013d28d2813a180
2026-07-31T21:05:50.201+06:00  INFO 578387 --- [pangochain-backend] [MessageBroker-2] c.p.b.audit.AuditAnchorBackfillWorker    : Anchored 16 audit events (ids 51139-51154) in batch tx 235de3c052b5c583e2f043db2e61c1f2ba9aea81e309e0ec8c7f0178f48bc371
2026-07-31T21:05:50.202+06:00  INFO 578387 --- [pangochain-backend] [io-8080-exec-37] c.pangochain.backend.ipfs.IpfsService    : Fetched 780 bytes from primary IPFS CID=QmdMbyBpoGFK1mURYDVGnjQ4AkNoJfnaBed6stWNVYy8rq
2026-07-31T21:05:50.203+06:00  INFO 578387 --- [pangochain-backend] [io-8080-exec-23] c.pangochain.backend.ipfs.IpfsService    : Fetched 780 bytes from primary IPFS CID=QmdMbyBpoGFK1mURYDVGnjQ4AkNoJfnaBed6stWNVYy8rq
2026-07-31T21:05:50.204+06:00  INFO 578387 --- [pangochain-backend] [io-8080-exec-15] c.pangochain.backend.ipfs.IpfsService    : Fetched 780 bytes from primary IPFS CID=QmdMbyBpoGFK1mURYDVGnjQ4AkNoJfnaBed6stWNVYy8rq
2026-07-31T21:05:50.204+06:00  INFO 578387 --- [pangochain-backend] [io-8080-exec-38] c.pangochain.backend.ipfs.IpfsService    : Fetched 780 bytes from primary IPFS CID=QmdMbyBpoGFK1mURYDVGnjQ4AkNoJfnaBed6stWNVYy8rq
2026-07-31T21:05:50.205+06:00  INFO 578387 --- [pangochain-backend] [io-8080-exec-14] c.pangochain.backend.ipfs.IpfsService    : Fetched 780 bytes from primary IPFS CID=QmdMbyBpoGFK1mURYDVGnjQ4AkNoJfnaBed6stWNVYy8rq
2026-07-31T21:05:50.206+06:00  INFO 578387 --- [pangochain-backend] [io-8080-exec-50] c.pangochain.backend.ipfs.IpfsService    : Fetched 780 bytes from primary IPFS CID=QmdMbyBpoGFK1mURYDVGnjQ4AkNoJfnaBed6stWNVYy8rq
2026-07-31T21:05:50.207+06:00  INFO 578387 --- [pangochain-backend] [io-8080-exec-48] c.pangochain.backend.ipfs.IpfsService    : Fetched 780 bytes from primary IPFS CID=QmdMbyBpoGFK1mURYDVGnjQ4AkNoJfnaBed6stWNVYy8rq
2026-07-31T21:05:50.207+06:00  INFO 578387 --- [pangochain-backend] [io-8080-exec-26] c.pangochain.backend.ipfs.IpfsService    : Fetched 780 bytes from primary IPFS CID=QmdMbyBpoGFK1mURYDVGnjQ4AkNoJfnaBed6stWNVYy8rq
2026-07-31T21:05:50.207+06:00  INFO 578387 --- [pangochain-backend] [nio-8080-exec-6] c.pangochain.backend.ipfs.IpfsService    : Fetched 780 bytes from primary IPFS CID=QmdMbyBpoGFK1mURYDVGnjQ4AkNoJfnaBed6stWNVYy8rq
2026-07-31T21:05:50.208+06:00  INFO 578387 --- [pangochain-backend] [io-8080-exec-49] c.pangochain.backend.ipfs.IpfsService    : Fetched 780 bytes from primary IPFS CID=QmdMbyBpoGFK1mURYDVGnjQ4AkNoJfnaBed6stWNVYy8rq
2026-07-31T21:05:50.210+06:00  INFO 578387 --- [pangochain-backend] [io-8080-exec-41] c.pangochain.backend.ipfs.IpfsService    : Fetched 780 bytes from primary IPFS CID=QmdMbyBpoGFK1mURYDVGnjQ4AkNoJfnaBed6stWNVYy8rq
2026-07-31T21:05:50.211+06:00  INFO 578387 --- [pangochain-backend] [io-8080-exec-46] c.pangochain.backend.ipfs.IpfsService    : Fetched 780 bytes from primary IPFS CID=QmdMbyBpoGFK1mURYDVGnjQ4AkNoJfnaBed6stWNVYy8rq
2026-07-31T21:05:50.212+06:00  INFO 578387 --- [pangochain-backend] [io-8080-exec-25] c.pangochain.backend.ipfs.IpfsService    : Fetched 780 bytes from primary IPFS CID=QmdMbyBpoGFK1mURYDVGnjQ4AkNoJfnaBed6stWNVYy8rq
2026-07-31T21:05:50.212+06:00  INFO 578387 --- [pangochain-backend] [io-8080-exec-42] c.pangochain.backend.ipfs.IpfsService    : Fetched 780 bytes from primary IPFS CID=QmdMbyBpoGFK1mURYDVGnjQ4AkNoJfnaBed6stWNVYy8rq
2026-07-31T21:05:50.213+06:00  INFO 578387 --- [pangochain-backend] [io-8080-exec-24] c.pangochain.backend.ipfs.IpfsService    : Fetched 780 bytes from primary IPFS CID=QmdMbyBpoGFK1mURYDVGnjQ4AkNoJfnaBed6stWNVYy8rq
2026-07-31T21:05:50.213+06:00  INFO 578387 --- [pangochain-backend] [io-8080-exec-22] c.pangochain.backend.ipfs.IpfsService    : Fetched 780 bytes from primary IPFS CID=QmdMbyBpoGFK1mURYDVGnjQ4AkNoJfnaBed6stWNVYy8rq
2026-07-31T21:05:50.213+06:00  INFO 578387 --- [pangochain-backend] [   async-task-8] c.p.b.blockchain.FabricGatewayService    : Fabric tx committed: fn=LogAuditEvent txId=7c3acd932018aa1dc981797fe8f945fd6167b33775a4c90be3b95716e17b9a26
2026-07-31T21:05:50.214+06:00  INFO 578387 --- [pangochain-backend] [io-8080-exec-34] c.pangochain.backend.ipfs.IpfsService    : Fetched 780 bytes from primary IPFS CID=QmdMbyBpoGFK1mURYDVGnjQ4AkNoJfnaBed6stWNVYy8rq
2026-07-31T21:05:50.214+06:00  INFO 578387 --- [pangochain-backend] [   async-task-7] c.p.b.blockchain.FabricGatewayService    : Fabric tx committed: fn=LogAuditEvent txId=c7825830c00d788bc932989713fd373e8a5f5b34c6f94667343967aa3a622836
2026-07-31T21:05:50.213+06:00  INFO 578387 --- [pangochain-backend] [nio-8080-exec-4] c.pangochain.backend.ipfs.IpfsService    : Fetched 780 bytes from primary IPFS CID=QmdMbyBpoGFK1mURYDVGnjQ4AkNoJfnaBed6stWNVYy8rq
2026-07-31T21:05:50.214+06:00  INFO 578387 --- [pangochain-backend] [io-8080-exec-47] c.pangochain.backend.ipfs.IpfsService    : Fetched 780 bytes from primary IPFS CID=QmdMbyBpoGFK1mURYDVGnjQ4AkNoJfnaBed6stWNVYy8rq
2026-07-31T21:05:50.218+06:00  INFO 578387 --- [pangochain-backend] [io-8080-exec-31] c.pangochain.backend.ipfs.IpfsService    : Fetched 780 bytes from primary IPFS CID=QmdMbyBpoGFK1mURYDVGnjQ4AkNoJfnaBed6stWNVYy8rq
2026-07-31T21:05:50.218+06:00  INFO 578387 --- [pangochain-backend] [   async-task-1] c.p.b.blockchain.FabricGatewayService    : Fabric tx committed: fn=LogAuditEvent txId=42ed01b00f993b77ddeeabac04bfc3d11f28c29eb3e3b55f0c75ef95cc065b30
2026-07-31T21:05:50.219+06:00  INFO 578387 --- [pangochain-backend] [io-8080-exec-36] c.pangochain.backend.ipfs.IpfsService    : Fetched 780 bytes from primary IPFS CID=QmdMbyBpoGFK1mURYDVGnjQ4AkNoJfnaBed6stWNVYy8rq
2026-07-31T21:05:50.219+06:00  INFO 578387 --- [pangochain-backend] [nio-8080-exec-9] c.pangochain.backend.ipfs.IpfsService    : Fetched 780 bytes from primary IPFS CID=QmdMbyBpoGFK1mURYDVGnjQ4AkNoJfnaBed6stWNVYy8rq
2026-07-31T21:05:50.219+06:00  INFO 578387 --- [pangochain-backend] [io-8080-exec-40] c.pangochain.backend.ipfs.IpfsService    : Fetched 780 bytes from primary IPFS CID=QmdMbyBpoGFK1mURYDVGnjQ4AkNoJfnaBed6stWNVYy8rq
2026-07-31T21:05:50.220+06:00  INFO 578387 --- [pangochain-backend] [   async-task-6] c.p.b.blockchain.FabricGatewayService    : Fabric tx committed: fn=LogAuditEvent txId=6fb72ebd301076b48d5dedadf2fc3e55eb1bd0078b5e76c60ef9dd2d45eb58c8
2026-07-31T21:05:50.222+06:00  INFO 578387 --- [pangochain-backend] [io-8080-exec-13] c.pangochain.backend.ipfs.IpfsService    : Fetched 780 bytes from primary IPFS CID=QmdMbyBpoGFK1mURYDVGnjQ4AkNoJfnaBed6stWNVYy8rq
2026-07-31T21:05:50.224+06:00  INFO 578387 --- [pangochain-backend] [   async-task-3] c.p.b.blockchain.FabricGatewayService    : Fabric tx committed: fn=LogAuditEvent txId=a63007ea2e1757e8fe62e378f2e193630f08fd3bfb51fe8ad3a035cbd93eb50f
2026-07-31T21:05:50.224+06:00  INFO 578387 --- [pangochain-backend] [io-8080-exec-28] c.pangochain.backend.ipfs.IpfsService    : Fetched 780 bytes from primary IPFS CID=QmdMbyBpoGFK1mURYDVGnjQ4AkNoJfnaBed6stWNVYy8rq
2026-07-31T21:05:50.227+06:00  INFO 578387 --- [pangochain-backend] [io-8080-exec-35] c.pangochain.backend.ipfs.IpfsService    : Fetched 780 bytes from primary IPFS CID=QmdMbyBpoGFK1mURYDVGnjQ4AkNoJfnaBed6stWNVYy8rq
2026-07-31T21:05:50.228+06:00  INFO 578387 --- [pangochain-backend] [io-8080-exec-48] c.pangochain.backend.ipfs.IpfsService    : Fetched 780 bytes from primary IPFS CID=QmdMbyBpoGFK1mURYDVGnjQ4AkNoJfnaBed6stWNVYy8rq
2026-07-31T21:05:50.229+06:00  INFO 578387 --- [pangochain-backend] [io-8080-exec-46] c.pangochain.backend.ipfs.IpfsService    : Fetched 780 bytes from primary IPFS CID=QmdMbyBpoGFK1mURYDVGnjQ4AkNoJfnaBed6stWNVYy8rq
2026-07-31T21:05:50.229+06:00  INFO 578387 --- [pangochain-backend] [io-8080-exec-19] c.pangochain.backend.ipfs.IpfsService    : Fetched 780 bytes from primary IPFS CID=QmdMbyBpoGFK1mURYDVGnjQ4AkNoJfnaBed6stWNVYy8rq
2026-07-31T21:05:50.231+06:00  INFO 578387 --- [pangochain-backend] [io-8080-exec-49] c.pangochain.backend.ipfs.IpfsService    : Fetched 780 bytes from primary IPFS CID=QmdMbyBpoGFK1mURYDVGnjQ4AkNoJfnaBed6stWNVYy8rq
2026-07-31T21:05:50.233+06:00  INFO 578387 --- [pangochain-backend] [io-8080-exec-14] c.pangochain.backend.ipfs.IpfsService    : Fetched 780 bytes from primary IPFS CID=QmdMbyBpoGFK1mURYDVGnjQ4AkNoJfnaBed6stWNVYy8rq
2026-07-31T21:05:50.233+06:00  INFO 578387 --- [pangochain-backend] [io-8080-exec-15] c.pangochain.backend.ipfs.IpfsService    : Fetched 780 bytes from primary IPFS CID=QmdMbyBpoGFK1mURYDVGnjQ4AkNoJfnaBed6stWNVYy8rq
2026-07-31T21:05:50.233+06:00  INFO 578387 --- [pangochain-backend] [nio-8080-exec-1] c.pangochain.backend.ipfs.IpfsService    : Fetched 780 bytes from primary IPFS CID=QmdMbyBpoGFK1mURYDVGnjQ4AkNoJfnaBed6stWNVYy8rq
2026-07-31T21:05:50.233+06:00  INFO 578387 --- [pangochain-backend] [io-8080-exec-32] c.pangochain.backend.ipfs.IpfsService    : Fetched 780 bytes from primary IPFS CID=QmdMbyBpoGFK1mURYDVGnjQ4AkNoJfnaBed6stWNVYy8rq
2026-07-31T21:05:50.234+06:00  INFO 578387 --- [pangochain-backend] [io-8080-exec-20] c.pangochain.backend.ipfs.IpfsService    : Fetched 780 bytes from primary IPFS CID=QmdMbyBpoGFK1mURYDVGnjQ4AkNoJfnaBed6stWNVYy8rq
2026-07-31T21:05:50.234+06:00  INFO 578387 --- [pangochain-backend] [io-8080-exec-45] c.pangochain.backend.ipfs.IpfsService    : Fetched 780 bytes from primary IPFS CID=QmdMbyBpoGFK1mURYDVGnjQ4AkNoJfnaBed6stWNVYy8rq
2026-07-31T21:05:50.234+06:00  INFO 578387 --- [pangochain-backend] [nio-8080-exec-6] c.pangochain.backend.ipfs.IpfsService    : Fetched 780 bytes from primary IPFS CID=QmdMbyBpoGFK1mURYDVGnjQ4AkNoJfnaBed6stWNVYy8rq
2026-07-31T21:05:50.234+06:00  INFO 578387 --- [pangochain-backend] [io-8080-exec-30] c.pangochain.backend.ipfs.IpfsService    : Fetched 780 bytes from primary IPFS CID=QmdMbyBpoGFK1mURYDVGnjQ4AkNoJfnaBed6stWNVYy8rq
2026-07-31T21:05:50.231+06:00  INFO 578387 --- [pangochain-backend] [io-8080-exec-51] c.pangochain.backend.ipfs.IpfsService    : Fetched 780 bytes from primary IPFS CID=QmdMbyBpoGFK1mURYDVGnjQ4AkNoJfnaBed6stWNVYy8rq
2026-07-31T21:05:50.231+06:00  INFO 578387 --- [pangochain-backend] [io-8080-exec-11] c.pangochain.backend.ipfs.IpfsService    : Fetched 780 bytes from primary IPFS CID=QmdMbyBpoGFK1mURYDVGnjQ4AkNoJfnaBed6stWNVYy8rq
2026-07-31T21:05:50.232+06:00  INFO 578387 --- [pangochain-backend] [io-8080-exec-12] c.pangochain.backend.ipfs.IpfsService    : Fetched 780 bytes from primary IPFS CID=QmdMbyBpoGFK1mURYDVGnjQ4AkNoJfnaBed6stWNVYy8rq
2026-07-31T21:05:50.232+06:00  INFO 578387 --- [pangochain-backend] [io-8080-exec-43] c.pangochain.backend.ipfs.IpfsService    : Fetched 780 bytes from primary IPFS CID=QmdMbyBpoGFK1mURYDVGnjQ4AkNoJfnaBed6stWNVYy8rq
2026-07-31T21:05:50.232+06:00  INFO 578387 --- [pangochain-backend] [io-8080-exec-16] c.pangochain.backend.ipfs.IpfsService    : Fetched 780 bytes from primary IPFS CID=QmdMbyBpoGFK1mURYDVGnjQ4AkNoJfnaBed6stWNVYy8rq
2026-07-31T21:05:50.235+06:00  INFO 578387 --- [pangochain-backend] [io-8080-exec-37] c.pangochain.backend.ipfs.IpfsService    : Fetched 780 bytes from primary IPFS CID=QmdMbyBpoGFK1mURYDVGnjQ4AkNoJfnaBed6stWNVYy8rq
2026-07-31T21:05:50.235+06:00  INFO 578387 --- [pangochain-backend] [io-8080-exec-44] c.pangochain.backend.ipfs.IpfsService    : Fetched 780 bytes from primary IPFS CID=QmdMbyBpoGFK1mURYDVGnjQ4AkNoJfnaBed6stWNVYy8rq
2026-07-31T21:05:50.235+06:00  INFO 578387 --- [pangochain-backend] [io-8080-exec-39] c.pangochain.backend.ipfs.IpfsService    : Fetched 780 bytes from primary IPFS CID=QmdMbyBpoGFK1mURYDVGnjQ4AkNoJfnaBed6stWNVYy8rq
2026-07-31T21:05:50.235+06:00  INFO 578387 --- [pangochain-backend] [nio-8080-exec-3] c.pangochain.backend.ipfs.IpfsService    : Fetched 780 bytes from primary IPFS CID=QmdMbyBpoGFK1mURYDVGnjQ4AkNoJfnaBed6stWNVYy8rq
2026-07-31T21:05:50.236+06:00  INFO 578387 --- [pangochain-backend] [io-8080-exec-10] c.pangochain.backend.ipfs.IpfsService    : Fetched 780 bytes from primary IPFS CID=QmdMbyBpoGFK1mURYDVGnjQ4AkNoJfnaBed6stWNVYy8rq
2026-07-31T21:05:50.236+06:00  INFO 578387 --- [pangochain-backend] [io-8080-exec-50] c.pangochain.backend.ipfs.IpfsService    : Fetched 780 bytes from primary IPFS CID=QmdMbyBpoGFK1mURYDVGnjQ4AkNoJfnaBed6stWNVYy8rq
2026-07-31T21:05:50.237+06:00  INFO 578387 --- [pangochain-backend] [io-8080-exec-18] c.pangochain.backend.ipfs.IpfsService    : Fetched 780 bytes from primary IPFS CID=QmdMbyBpoGFK1mURYDVGnjQ4AkNoJfnaBed6stWNVYy8rq
2026-07-31T21:05:50.237+06:00  INFO 578387 --- [pangochain-backend] [nio-8080-exec-8] c.pangochain.backend.ipfs.IpfsService    : Fetched 780 bytes from primary IPFS CID=QmdMbyBpoGFK1mURYDVGnjQ4AkNoJfnaBed6stWNVYy8rq
2026-07-31T21:05:50.239+06:00  INFO 578387 --- [pangochain-backend] [io-8080-exec-38] c.pangochain.backend.ipfs.IpfsService    : Fetched 780 bytes from primary IPFS CID=QmdMbyBpoGFK1mURYDVGnjQ4AkNoJfnaBed6stWNVYy8rq
2026-07-31T21:05:50.242+06:00  INFO 578387 --- [pangochain-backend] [io-8080-exec-33] c.pangochain.backend.ipfs.IpfsService    : Fetched 780 bytes from primary IPFS CID=QmdMbyBpoGFK1mURYDVGnjQ4AkNoJfnaBed6stWNVYy8rq
2026-07-31T21:05:50.242+06:00  INFO 578387 --- [pangochain-backend] [io-8080-exec-21] c.pangochain.backend.ipfs.IpfsService    : Fetched 780 bytes from primary IPFS CID=QmdMbyBpoGFK1mURYDVGnjQ4AkNoJfnaBed6stWNVYy8rq
2026-07-31T21:05:50.243+06:00  INFO 578387 --- [pangochain-backend] [nio-8080-exec-5] c.pangochain.backend.ipfs.IpfsService    : Fetched 780 bytes from primary IPFS CID=QmdMbyBpoGFK1mURYDVGnjQ4AkNoJfnaBed6stWNVYy8rq
2026-07-31T21:05:50.243+06:00  INFO 578387 --- [pangochain-backend] [io-8080-exec-42] c.pangochain.backend.ipfs.IpfsService    : Fetched 780 bytes from primary IPFS CID=QmdMbyBpoGFK1mURYDVGnjQ4AkNoJfnaBed6stWNVYy8rq
2026-07-31T21:05:50.251+06:00  INFO 578387 --- [pangochain-backend] [io-8080-exec-22] c.pangochain.backend.ipfs.IpfsService    : Fetched 780 bytes from primary IPFS CID=QmdMbyBpoGFK1mURYDVGnjQ4AkNoJfnaBed6stWNVYy8rq
2026-07-31T21:05:50.253+06:00  INFO 578387 --- [pangochain-backend] [io-8080-exec-25] c.pangochain.backend.ipfs.IpfsService    : Fetched 780 bytes from primary IPFS CID=QmdMbyBpoGFK1mURYDVGnjQ4AkNoJfnaBed6stWNVYy8rq
2026-07-31T21:05:50.253+06:00  INFO 578387 --- [pangochain-backend] [io-8080-exec-29] c.pangochain.backend.ipfs.IpfsService    : Fetched 780 bytes from primary IPFS CID=QmdMbyBpoGFK1mURYDVGnjQ4AkNoJfnaBed6stWNVYy8rq
2026-07-31T21:05:50.257+06:00  INFO 578387 --- [pangochain-backend] [io-8080-exec-24] c.pangochain.backend.ipfs.IpfsService    : Fetched 780 bytes from primary IPFS CID=QmdMbyBpoGFK1mURYDVGnjQ4AkNoJfnaBed6stWNVYy8rq
2026-07-31T21:05:50.257+06:00  INFO 578387 --- [pangochain-backend] [io-8080-exec-13] c.pangochain.backend.ipfs.IpfsService    : Fetched 780 bytes from primary IPFS CID=QmdMbyBpoGFK1mURYDVGnjQ4AkNoJfnaBed6stWNVYy8rq
2026-07-31T21:05:50.258+06:00  INFO 578387 --- [pangochain-backend] [io-8080-exec-41] c.pangochain.backend.ipfs.IpfsService    : Fetched 780 bytes from primary IPFS CID=QmdMbyBpoGFK1mURYDVGnjQ4AkNoJfnaBed6stWNVYy8rq
2026-07-31T21:05:50.259+06:00  INFO 578387 --- [pangochain-backend] [io-8080-exec-27] c.pangochain.backend.ipfs.IpfsService    : Fetched 780 bytes from primary IPFS CID=QmdMbyBpoGFK1mURYDVGnjQ4AkNoJfnaBed6stWNVYy8rq
2026-07-31T21:05:50.262+06:00  INFO 578387 --- [pangochain-backend] [io-8080-exec-49] c.pangochain.backend.ipfs.IpfsService    : Fetched 780 bytes from primary IPFS CID=QmdMbyBpoGFK1mURYDVGnjQ4AkNoJfnaBed6stWNVYy8rq
2026-07-31T21:05:50.274+06:00  INFO 578387 --- [pangochain-backend] [nio-8080-exec-2] c.pangochain.backend.ipfs.IpfsService    : Fetched 780 bytes from primary IPFS CID=QmdMbyBpoGFK1mURYDVGnjQ4AkNoJfnaBed6stWNVYy8rq
2026-07-31T21:05:50.286+06:00  INFO 578387 --- [pangochain-backend] [io-8080-exec-23] c.pangochain.backend.ipfs.IpfsService    : Fetched 780 bytes from primary IPFS CID=QmdMbyBpoGFK1mURYDVGnjQ4AkNoJfnaBed6stWNVYy8rq
2026-07-31T21:05:50.321+06:00  INFO 578387 --- [pangochain-backend] [nio-8080-exec-7] c.pangochain.backend.ipfs.IpfsService    : Fetched 780 bytes from primary IPFS CID=QmdMbyBpoGFK1mURYDVGnjQ4AkNoJfnaBed6stWNVYy8rq
2026-07-31T21:05:50.354+06:00  INFO 578387 --- [pangochain-backend] [nio-8080-exec-6] c.pangochain.backend.ipfs.IpfsService    : Fetched 780 bytes from primary IPFS CID=QmdMbyBpoGFK1mURYDVGnjQ4AkNoJfnaBed6stWNVYy8rq
2026-07-31T21:05:50.377+06:00  INFO 578387 --- [pangochain-backend] [nio-8080-exec-9] c.pangochain.backend.ipfs.IpfsService    : Fetched 780 bytes from primary IPFS CID=QmdMbyBpoGFK1mURYDVGnjQ4AkNoJfnaBed6stWNVYy8rq
2026-07-31T21:05:50.381+06:00  INFO 578387 --- [pangochain-backend] [io-8080-exec-41] c.pangochain.backend.ipfs.IpfsService    : Fetched 780 bytes from primary IPFS CID=QmdMbyBpoGFK1mURYDVGnjQ4AkNoJfnaBed6stWNVYy8rq
2026-07-31T21:05:50.384+06:00  INFO 578387 --- [pangochain-backend] [io-8080-exec-51] c.pangochain.backend.ipfs.IpfsService    : Fetched 780 bytes from primary IPFS CID=QmdMbyBpoGFK1mURYDVGnjQ4AkNoJfnaBed6stWNVYy8rq
2026-07-31T21:05:50.388+06:00  INFO 578387 --- [pangochain-backend] [io-8080-exec-19] c.pangochain.backend.ipfs.IpfsService    : Fetched 780 bytes from primary IPFS CID=QmdMbyBpoGFK1mURYDVGnjQ4AkNoJfnaBed6stWNVYy8rq
2026-07-31T21:05:50.395+06:00  INFO 578387 --- [pangochain-backend] [io-8080-exec-36] c.pangochain.backend.ipfs.IpfsService    : Fetched 780 bytes from primary IPFS CID=QmdMbyBpoGFK1mURYDVGnjQ4AkNoJfnaBed6stWNVYy8rq
2026-07-31T21:05:50.401+06:00  INFO 578387 --- [pangochain-backend] [io-8080-exec-48] c.pangochain.backend.ipfs.IpfsService    : Fetched 780 bytes from primary IPFS CID=QmdMbyBpoGFK1mURYDVGnjQ4AkNoJfnaBed6stWNVYy8rq
2026-07-31T21:05:50.421+06:00  INFO 578387 --- [pangochain-backend] [nio-8080-exec-4] c.pangochain.backend.ipfs.IpfsService    : Fetched 780 bytes from primary IPFS CID=QmdMbyBpoGFK1mURYDVGnjQ4AkNoJfnaBed6stWNVYy8rq
2026-07-31T21:05:50.433+06:00  INFO 578387 --- [pangochain-backend] [io-8080-exec-30] c.pangochain.backend.ipfs.IpfsService    : Fetched 780 bytes from primary IPFS CID=QmdMbyBpoGFK1mURYDVGnjQ4AkNoJfnaBed6stWNVYy8rq
2026-07-31T21:05:50.434+06:00  INFO 578387 --- [pangochain-backend] [io-8080-exec-29] c.pangochain.backend.ipfs.IpfsService    : Fetched 780 bytes from primary IPFS CID=QmdMbyBpoGFK1mURYDVGnjQ4AkNoJfnaBed6stWNVYy8rq
2026-07-31T21:05:50.446+06:00  INFO 578387 --- [pangochain-backend] [io-8080-exec-25] c.pangochain.backend.ipfs.IpfsService    : Fetched 780 bytes from primary IPFS CID=QmdMbyBpoGFK1mURYDVGnjQ4AkNoJfnaBed6stWNVYy8rq
2026-07-31T21:05:50.450+06:00  INFO 578387 --- [pangochain-backend] [io-8080-exec-45] c.pangochain.backend.ipfs.IpfsService    : Fetched 780 bytes from primary IPFS CID=QmdMbyBpoGFK1mURYDVGnjQ4AkNoJfnaBed6stWNVYy8rq
2026-07-31T21:05:50.459+06:00  INFO 578387 --- [pangochain-backend] [io-8080-exec-28] c.pangochain.backend.ipfs.IpfsService    : Fetched 780 bytes from primary IPFS CID=QmdMbyBpoGFK1mURYDVGnjQ4AkNoJfnaBed6stWNVYy8rq
2026-07-31T21:05:50.467+06:00  INFO 578387 --- [pangochain-backend] [io-8080-exec-17] c.pangochain.backend.ipfs.IpfsService    : Fetched 780 bytes from primary IPFS CID=QmdMbyBpoGFK1mURYDVGnjQ4AkNoJfnaBed6stWNVYy8rq
2026-07-31T21:05:50.474+06:00  INFO 578387 --- [pangochain-backend] [io-8080-exec-26] c.pangochain.backend.ipfs.IpfsService    : Fetched 780 bytes from primary IPFS CID=QmdMbyBpoGFK1mURYDVGnjQ4AkNoJfnaBed6stWNVYy8rq
2026-07-31T21:05:50.522+06:00  INFO 578387 --- [pangochain-backend] [io-8080-exec-35] c.pangochain.backend.ipfs.IpfsService    : Fetched 780 bytes from primary IPFS CID=QmdMbyBpoGFK1mURYDVGnjQ4AkNoJfnaBed6stWNVYy8rq
2026-07-31T21:05:50.522+06:00  INFO 578387 --- [pangochain-backend] [io-8080-exec-44] c.pangochain.backend.ipfs.IpfsService    : Fetched 780 bytes from primary IPFS CID=QmdMbyBpoGFK1mURYDVGnjQ4AkNoJfnaBed6stWNVYy8rq
2026-07-31T21:05:50.522+06:00  INFO 578387 --- [pangochain-backend] [io-8080-exec-39] c.pangochain.backend.ipfs.IpfsService    : Fetched 780 bytes from primary IPFS CID=QmdMbyBpoGFK1mURYDVGnjQ4AkNoJfnaBed6stWNVYy8rq
2026-07-31T21:05:50.532+06:00  INFO 578387 --- [pangochain-backend] [io-8080-exec-20] c.pangochain.backend.ipfs.IpfsService    : Fetched 780 bytes from primary IPFS CID=QmdMbyBpoGFK1mURYDVGnjQ4AkNoJfnaBed6stWNVYy8rq
2026-07-31T21:05:50.533+06:00  INFO 578387 --- [pangochain-backend] [io-8080-exec-38] c.pangochain.backend.ipfs.IpfsService    : Fetched 780 bytes from primary IPFS CID=QmdMbyBpoGFK1mURYDVGnjQ4AkNoJfnaBed6stWNVYy8rq
2026-07-31T21:05:50.534+06:00  INFO 578387 --- [pangochain-backend] [nio-8080-exec-1] c.pangochain.backend.ipfs.IpfsService    : Fetched 780 bytes from primary IPFS CID=QmdMbyBpoGFK1mURYDVGnjQ4AkNoJfnaBed6stWNVYy8rq
2026-07-31T21:05:50.534+06:00  INFO 578387 --- [pangochain-backend] [io-8080-exec-47] c.pangochain.backend.ipfs.IpfsService    : Fetched 780 bytes from primary IPFS CID=QmdMbyBpoGFK1mURYDVGnjQ4AkNoJfnaBed6stWNVYy8rq
2026-07-31T21:05:50.536+06:00  INFO 578387 --- [pangochain-backend] [io-8080-exec-34] c.pangochain.backend.ipfs.IpfsService    : Fetched 780 bytes from primary IPFS CID=QmdMbyBpoGFK1mURYDVGnjQ4AkNoJfnaBed6stWNVYy8rq
2026-07-31T21:05:50.540+06:00  INFO 578387 --- [pangochain-backend] [io-8080-exec-40] c.pangochain.backend.ipfs.IpfsService    : Fetched 780 bytes from primary IPFS CID=QmdMbyBpoGFK1mURYDVGnjQ4AkNoJfnaBed6stWNVYy8rq
2026-07-31T21:05:50.552+06:00  INFO 578387 --- [pangochain-backend] [io-8080-exec-46] c.pangochain.backend.ipfs.IpfsService    : Fetched 780 bytes from primary IPFS CID=QmdMbyBpoGFK1mURYDVGnjQ4AkNoJfnaBed6stWNVYy8rq
2026-07-31T21:05:50.565+06:00  INFO 578387 --- [pangochain-backend] [io-8080-exec-32] c.pangochain.backend.ipfs.IpfsService    : Fetched 780 bytes from primary IPFS CID=QmdMbyBpoGFK1mURYDVGnjQ4AkNoJfnaBed6stWNVYy8rq
2026-07-31T21:05:50.577+06:00  INFO 578387 --- [pangochain-backend] [io-8080-exec-42] c.pangochain.backend.ipfs.IpfsService    : Fetched 780 bytes from primary IPFS CID=QmdMbyBpoGFK1mURYDVGnjQ4AkNoJfnaBed6stWNVYy8rq
2026-07-31T21:05:50.582+06:00  INFO 578387 --- [pangochain-backend] [io-8080-exec-15] c.pangochain.backend.ipfs.IpfsService    : Fetched 780 bytes from primary IPFS CID=QmdMbyBpoGFK1mURYDVGnjQ4AkNoJfnaBed6stWNVYy8rq
2026-07-31T21:05:50.586+06:00  INFO 578387 --- [pangochain-backend] [nio-8080-exec-3] c.pangochain.backend.ipfs.IpfsService    : Fetched 780 bytes from primary IPFS CID=QmdMbyBpoGFK1mURYDVGnjQ4AkNoJfnaBed6stWNVYy8rq
2026-07-31T21:05:50.588+06:00  INFO 578387 --- [pangochain-backend] [io-8080-exec-12] c.pangochain.backend.ipfs.IpfsService    : Fetched 780 bytes from primary IPFS CID=QmdMbyBpoGFK1mURYDVGnjQ4AkNoJfnaBed6stWNVYy8rq
2026-07-31T21:05:50.591+06:00  INFO 578387 --- [pangochain-backend] [io-8080-exec-30] c.pangochain.backend.ipfs.IpfsService    : Fetched 780 bytes from primary IPFS CID=QmdMbyBpoGFK1mURYDVGnjQ4AkNoJfnaBed6stWNVYy8rq
2026-07-31T21:05:50.595+06:00  INFO 578387 --- [pangochain-backend] [io-8080-exec-33] c.pangochain.backend.ipfs.IpfsService    : Fetched 780 bytes from primary IPFS CID=QmdMbyBpoGFK1mURYDVGnjQ4AkNoJfnaBed6stWNVYy8rq
2026-07-31T21:05:50.607+06:00  INFO 578387 --- [pangochain-backend] [io-8080-exec-10] c.pangochain.backend.ipfs.IpfsService    : Fetched 780 bytes from primary IPFS CID=QmdMbyBpoGFK1mURYDVGnjQ4AkNoJfnaBed6stWNVYy8rq
2026-07-31T21:05:50.632+06:00  INFO 578387 --- [pangochain-backend] [io-8080-exec-36] c.pangochain.backend.ipfs.IpfsService    : Fetched 780 bytes from primary IPFS CID=QmdMbyBpoGFK1mURYDVGnjQ4AkNoJfnaBed6stWNVYy8rq
2026-07-31T21:05:50.634+06:00  INFO 578387 --- [pangochain-backend] [io-8080-exec-13] c.pangochain.backend.ipfs.IpfsService    : Fetched 780 bytes from primary IPFS CID=QmdMbyBpoGFK1mURYDVGnjQ4AkNoJfnaBed6stWNVYy8rq
2026-07-31T21:05:50.635+06:00  INFO 578387 --- [pangochain-backend] [nio-8080-exec-9] c.pangochain.backend.ipfs.IpfsService    : Fetched 780 bytes from primary IPFS CID=QmdMbyBpoGFK1mURYDVGnjQ4AkNoJfnaBed6stWNVYy8rq
2026-07-31T21:05:50.647+06:00  INFO 578387 --- [pangochain-backend] [io-8080-exec-14] c.pangochain.backend.ipfs.IpfsService    : Fetched 780 bytes from primary IPFS CID=QmdMbyBpoGFK1mURYDVGnjQ4AkNoJfnaBed6stWNVYy8rq
2026-07-31T21:05:50.651+06:00  INFO 578387 --- [pangochain-backend] [io-8080-exec-31] c.pangochain.backend.ipfs.IpfsService    : Fetched 780 bytes from primary IPFS CID=QmdMbyBpoGFK1mURYDVGnjQ4AkNoJfnaBed6stWNVYy8rq
2026-07-31T21:05:50.637+06:00  INFO 578387 --- [pangochain-backend] [nio-8080-exec-5] c.pangochain.backend.ipfs.IpfsService    : Fetched 780 bytes from primary IPFS CID=QmdMbyBpoGFK1mURYDVGnjQ4AkNoJfnaBed6stWNVYy8rq
2026-07-31T21:05:50.657+06:00  INFO 578387 --- [pangochain-backend] [io-8080-exec-18] c.pangochain.backend.ipfs.IpfsService    : Fetched 780 bytes from primary IPFS CID=QmdMbyBpoGFK1mURYDVGnjQ4AkNoJfnaBed6stWNVYy8rq
2026-07-31T21:05:50.666+06:00  INFO 578387 --- [pangochain-backend] [io-8080-exec-27] c.pangochain.backend.ipfs.IpfsService    : Fetched 780 bytes from primary IPFS CID=QmdMbyBpoGFK1mURYDVGnjQ4AkNoJfnaBed6stWNVYy8rq
2026-07-31T21:05:50.668+06:00  INFO 578387 --- [pangochain-backend] [io-8080-exec-16] c.pangochain.backend.ipfs.IpfsService    : Fetched 780 bytes from primary IPFS CID=QmdMbyBpoGFK1mURYDVGnjQ4AkNoJfnaBed6stWNVYy8rq
2026-07-31T21:05:50.672+06:00  INFO 578387 --- [pangochain-backend] [io-8080-exec-24] c.pangochain.backend.ipfs.IpfsService    : Fetched 780 bytes from primary IPFS CID=QmdMbyBpoGFK1mURYDVGnjQ4AkNoJfnaBed6stWNVYy8rq
2026-07-31T21:05:50.676+06:00  INFO 578387 --- [pangochain-backend] [io-8080-exec-22] c.pangochain.backend.ipfs.IpfsService    : Fetched 780 bytes from primary IPFS CID=QmdMbyBpoGFK1mURYDVGnjQ4AkNoJfnaBed6stWNVYy8rq
2026-07-31T21:05:50.682+06:00  INFO 578387 --- [pangochain-backend] [nio-8080-exec-7] c.pangochain.backend.ipfs.IpfsService    : Fetched 780 bytes from primary IPFS CID=QmdMbyBpoGFK1mURYDVGnjQ4AkNoJfnaBed6stWNVYy8rq
2026-07-31T21:05:50.683+06:00  INFO 578387 --- [pangochain-backend] [io-8080-exec-21] c.pangochain.backend.ipfs.IpfsService    : Fetched 780 bytes from primary IPFS CID=QmdMbyBpoGFK1mURYDVGnjQ4AkNoJfnaBed6stWNVYy8rq
2026-07-31T21:05:50.687+06:00  INFO 578387 --- [pangochain-backend] [io-8080-exec-29] c.pangochain.backend.ipfs.IpfsService    : Fetched 780 bytes from primary IPFS CID=QmdMbyBpoGFK1mURYDVGnjQ4AkNoJfnaBed6stWNVYy8rq
2026-07-31T21:05:50.688+06:00  INFO 578387 --- [pangochain-backend] [io-8080-exec-11] c.pangochain.backend.ipfs.IpfsService    : Fetched 780 bytes from primary IPFS CID=QmdMbyBpoGFK1mURYDVGnjQ4AkNoJfnaBed6stWNVYy8rq
2026-07-31T21:05:50.696+06:00  INFO 578387 --- [pangochain-backend] [io-8080-exec-17] c.pangochain.backend.ipfs.IpfsService    : Fetched 780 bytes from primary IPFS CID=QmdMbyBpoGFK1mURYDVGnjQ4AkNoJfnaBed6stWNVYy8rq
2026-07-31T21:05:50.699+06:00  INFO 578387 --- [pangochain-backend] [io-8080-exec-41] c.pangochain.backend.ipfs.IpfsService    : Fetched 780 bytes from primary IPFS CID=QmdMbyBpoGFK1mURYDVGnjQ4AkNoJfnaBed6stWNVYy8rq
2026-07-31T21:05:50.702+06:00  INFO 578387 --- [pangochain-backend] [io-8080-exec-37] c.pangochain.backend.ipfs.IpfsService    : Fetched 780 bytes from primary IPFS CID=QmdMbyBpoGFK1mURYDVGnjQ4AkNoJfnaBed6stWNVYy8rq
2026-07-31T21:05:50.715+06:00  INFO 578387 --- [pangochain-backend] [io-8080-exec-50] c.pangochain.backend.ipfs.IpfsService    : Fetched 780 bytes from primary IPFS CID=QmdMbyBpoGFK1mURYDVGnjQ4AkNoJfnaBed6stWNVYy8rq
2026-07-31T21:05:50.723+06:00  INFO 578387 --- [pangochain-backend] [io-8080-exec-51] c.pangochain.backend.ipfs.IpfsService    : Fetched 780 bytes from primary IPFS CID=QmdMbyBpoGFK1mURYDVGnjQ4AkNoJfnaBed6stWNVYy8rq
2026-07-31T21:05:50.726+06:00  INFO 578387 --- [pangochain-backend] [nio-8080-exec-8] c.pangochain.backend.ipfs.IpfsService    : Fetched 780 bytes from primary IPFS CID=QmdMbyBpoGFK1mURYDVGnjQ4AkNoJfnaBed6stWNVYy8rq
2026-07-31T21:05:50.728+06:00  INFO 578387 --- [pangochain-backend] [io-8080-exec-23] c.pangochain.backend.ipfs.IpfsService    : Fetched 780 bytes from primary IPFS CID=QmdMbyBpoGFK1mURYDVGnjQ4AkNoJfnaBed6stWNVYy8rq
2026-07-31T21:05:50.733+06:00  INFO 578387 --- [pangochain-backend] [io-8080-exec-10] c.pangochain.backend.ipfs.IpfsService    : Fetched 780 bytes from primary IPFS CID=QmdMbyBpoGFK1mURYDVGnjQ4AkNoJfnaBed6stWNVYy8rq
2026-07-31T21:05:50.748+06:00  INFO 578387 --- [pangochain-backend] [io-8080-exec-42] c.pangochain.backend.ipfs.IpfsService    : Fetched 780 bytes from primary IPFS CID=QmdMbyBpoGFK1mURYDVGnjQ4AkNoJfnaBed6stWNVYy8rq
2026-07-31T21:05:50.794+06:00  INFO 578387 --- [pangochain-backend] [io-8080-exec-30] c.pangochain.backend.ipfs.IpfsService    : Fetched 780 bytes from primary IPFS CID=QmdMbyBpoGFK1mURYDVGnjQ4AkNoJfnaBed6stWNVYy8rq
2026-07-31T21:05:50.800+06:00  INFO 578387 --- [pangochain-backend] [nio-8080-exec-3] c.pangochain.backend.ipfs.IpfsService    : Fetched 780 bytes from primary IPFS CID=QmdMbyBpoGFK1mURYDVGnjQ4AkNoJfnaBed6stWNVYy8rq
2026-07-31T21:05:50.810+06:00  INFO 578387 --- [pangochain-backend] [nio-8080-exec-1] c.pangochain.backend.ipfs.IpfsService    : Fetched 780 bytes from primary IPFS CID=QmdMbyBpoGFK1mURYDVGnjQ4AkNoJfnaBed6stWNVYy8rq
2026-07-31T21:05:50.814+06:00  INFO 578387 --- [pangochain-backend] [io-8080-exec-28] c.pangochain.backend.ipfs.IpfsService    : Fetched 780 bytes from primary IPFS CID=QmdMbyBpoGFK1mURYDVGnjQ4AkNoJfnaBed6stWNVYy8rq
2026-07-31T21:05:50.815+06:00  INFO 578387 --- [pangochain-backend] [io-8080-exec-19] c.pangochain.backend.ipfs.IpfsService    : Fetched 780 bytes from primary IPFS CID=QmdMbyBpoGFK1mURYDVGnjQ4AkNoJfnaBed6stWNVYy8rq
2026-07-31T21:05:50.820+06:00  INFO 578387 --- [pangochain-backend] [io-8080-exec-12] c.pangochain.backend.ipfs.IpfsService    : Fetched 780 bytes from primary IPFS CID=QmdMbyBpoGFK1mURYDVGnjQ4AkNoJfnaBed6stWNVYy8rq
2026-07-31T21:05:50.843+06:00  INFO 578387 --- [pangochain-backend] [io-8080-exec-40] c.pangochain.backend.ipfs.IpfsService    : Fetched 780 bytes from primary IPFS CID=QmdMbyBpoGFK1mURYDVGnjQ4AkNoJfnaBed6stWNVYy8rq
2026-07-31T21:05:50.852+06:00  INFO 578387 --- [pangochain-backend] [io-8080-exec-49] c.pangochain.backend.ipfs.IpfsService    : Fetched 780 bytes from primary IPFS CID=QmdMbyBpoGFK1mURYDVGnjQ4AkNoJfnaBed6stWNVYy8rq
2026-07-31T21:05:50.875+06:00  INFO 578387 --- [pangochain-backend] [io-8080-exec-44] c.pangochain.backend.ipfs.IpfsService    : Fetched 780 bytes from primary IPFS CID=QmdMbyBpoGFK1mURYDVGnjQ4AkNoJfnaBed6stWNVYy8rq
2026-07-31T21:05:50.875+06:00  INFO 578387 --- [pangochain-backend] [io-8080-exec-39] c.pangochain.backend.ipfs.IpfsService    : Fetched 780 bytes from primary IPFS CID=QmdMbyBpoGFK1mURYDVGnjQ4AkNoJfnaBed6stWNVYy8rq
2026-07-31T21:05:50.875+06:00  INFO 578387 --- [pangochain-backend] [nio-8080-exec-2] c.pangochain.backend.ipfs.IpfsService    : Fetched 780 bytes from primary IPFS CID=QmdMbyBpoGFK1mURYDVGnjQ4AkNoJfnaBed6stWNVYy8rq
2026-07-31T21:05:50.880+06:00  INFO 578387 --- [pangochain-backend] [io-8080-exec-18] c.pangochain.backend.ipfs.IpfsService    : Fetched 780 bytes from primary IPFS CID=QmdMbyBpoGFK1mURYDVGnjQ4AkNoJfnaBed6stWNVYy8rq
2026-07-31T21:05:50.881+06:00  INFO 578387 --- [pangochain-backend] [io-8080-exec-16] c.pangochain.backend.ipfs.IpfsService    : Fetched 780 bytes from primary IPFS CID=QmdMbyBpoGFK1mURYDVGnjQ4AkNoJfnaBed6stWNVYy8rq
2026-07-31T21:05:50.897+06:00  INFO 578387 --- [pangochain-backend] [io-8080-exec-13] c.pangochain.backend.ipfs.IpfsService    : Fetched 780 bytes from primary IPFS CID=QmdMbyBpoGFK1mURYDVGnjQ4AkNoJfnaBed6stWNVYy8rq
2026-07-31T21:05:50.901+06:00  INFO 578387 --- [pangochain-backend] [io-8080-exec-47] c.pangochain.backend.ipfs.IpfsService    : Fetched 780 bytes from primary IPFS CID=QmdMbyBpoGFK1mURYDVGnjQ4AkNoJfnaBed6stWNVYy8rq
2026-07-31T21:05:50.919+06:00  INFO 578387 --- [pangochain-backend] [io-8080-exec-46] c.pangochain.backend.ipfs.IpfsService    : Fetched 780 bytes from primary IPFS CID=QmdMbyBpoGFK1mURYDVGnjQ4AkNoJfnaBed6stWNVYy8rq
2026-07-31T21:05:50.924+06:00  INFO 578387 --- [pangochain-backend] [io-8080-exec-20] c.pangochain.backend.ipfs.IpfsService    : Fetched 780 bytes from primary IPFS CID=QmdMbyBpoGFK1mURYDVGnjQ4AkNoJfnaBed6stWNVYy8rq
2026-07-31T21:05:50.902+06:00  INFO 578387 --- [pangochain-backend] [nio-8080-exec-4] c.pangochain.backend.ipfs.IpfsService    : Fetched 780 bytes from primary IPFS CID=QmdMbyBpoGFK1mURYDVGnjQ4AkNoJfnaBed6stWNVYy8rq
2026-07-31T21:05:50.927+06:00  INFO 578387 --- [pangochain-backend] [nio-8080-exec-9] c.pangochain.backend.ipfs.IpfsService    : Fetched 780 bytes from primary IPFS CID=QmdMbyBpoGFK1mURYDVGnjQ4AkNoJfnaBed6stWNVYy8rq
2026-07-31T21:05:50.906+06:00  INFO 578387 --- [pangochain-backend] [io-8080-exec-45] c.pangochain.backend.ipfs.IpfsService    : Fetched 780 bytes from primary IPFS CID=QmdMbyBpoGFK1mURYDVGnjQ4AkNoJfnaBed6stWNVYy8rq
2026-07-31T21:05:50.909+06:00  INFO 578387 --- [pangochain-backend] [io-8080-exec-14] c.pangochain.backend.ipfs.IpfsService    : Fetched 780 bytes from primary IPFS CID=QmdMbyBpoGFK1mURYDVGnjQ4AkNoJfnaBed6stWNVYy8rq
2026-07-31T21:05:50.925+06:00  INFO 578387 --- [pangochain-backend] [nio-8080-exec-5] c.pangochain.backend.ipfs.IpfsService    : Fetched 780 bytes from primary IPFS CID=QmdMbyBpoGFK1mURYDVGnjQ4AkNoJfnaBed6stWNVYy8rq
2026-07-31T21:05:50.932+06:00  INFO 578387 --- [pangochain-backend] [io-8080-exec-15] c.pangochain.backend.ipfs.IpfsService    : Fetched 780 bytes from primary IPFS CID=QmdMbyBpoGFK1mURYDVGnjQ4AkNoJfnaBed6stWNVYy8rq
2026-07-31T21:05:50.948+06:00  INFO 578387 --- [pangochain-backend] [io-8080-exec-33] c.pangochain.backend.ipfs.IpfsService    : Fetched 780 bytes from primary IPFS CID=QmdMbyBpoGFK1mURYDVGnjQ4AkNoJfnaBed6stWNVYy8rq
2026-07-31T21:05:50.954+06:00  INFO 578387 --- [pangochain-backend] [io-8080-exec-51] c.pangochain.backend.ipfs.IpfsService    : Fetched 780 bytes from primary IPFS CID=QmdMbyBpoGFK1mURYDVGnjQ4AkNoJfnaBed6stWNVYy8rq
2026-07-31T21:05:50.959+06:00  INFO 578387 --- [pangochain-backend] [io-8080-exec-36] c.pangochain.backend.ipfs.IpfsService    : Fetched 780 bytes from primary IPFS CID=QmdMbyBpoGFK1mURYDVGnjQ4AkNoJfnaBed6stWNVYy8rq
2026-07-31T21:05:50.964+06:00  INFO 578387 --- [pangochain-backend] [io-8080-exec-24] c.pangochain.backend.ipfs.IpfsService    : Fetched 780 bytes from primary IPFS CID=QmdMbyBpoGFK1mURYDVGnjQ4AkNoJfnaBed6stWNVYy8rq
2026-07-31T21:05:50.971+06:00  INFO 578387 --- [pangochain-backend] [io-8080-exec-48] c.pangochain.backend.ipfs.IpfsService    : Fetched 780 bytes from primary IPFS CID=QmdMbyBpoGFK1mURYDVGnjQ4AkNoJfnaBed6stWNVYy8rq
2026-07-31T21:05:50.983+06:00  INFO 578387 --- [pangochain-backend] [io-8080-exec-38] c.pangochain.backend.ipfs.IpfsService    : Fetched 780 bytes from primary IPFS CID=QmdMbyBpoGFK1mURYDVGnjQ4AkNoJfnaBed6stWNVYy8rq
2026-07-31T21:05:51.000+06:00  INFO 578387 --- [pangochain-backend] [io-8080-exec-32] c.pangochain.backend.ipfs.IpfsService    : Fetched 780 bytes from primary IPFS CID=QmdMbyBpoGFK1mURYDVGnjQ4AkNoJfnaBed6stWNVYy8rq
2026-07-31T21:05:51.025+06:00  INFO 578387 --- [pangochain-backend] [io-8080-exec-35] c.pangochain.backend.ipfs.IpfsService    : Fetched 780 bytes from primary IPFS CID=QmdMbyBpoGFK1mURYDVGnjQ4AkNoJfnaBed6stWNVYy8rq
2026-07-31T21:05:51.046+06:00  INFO 578387 --- [pangochain-backend] [io-8080-exec-31] c.pangochain.backend.ipfs.IpfsService    : Fetched 780 bytes from primary IPFS CID=QmdMbyBpoGFK1mURYDVGnjQ4AkNoJfnaBed6stWNVYy8rq
2026-07-31T21:05:51.045+06:00  INFO 578387 --- [pangochain-backend] [io-8080-exec-42] c.pangochain.backend.ipfs.IpfsService    : Fetched 780 bytes from primary IPFS CID=QmdMbyBpoGFK1mURYDVGnjQ4AkNoJfnaBed6stWNVYy8rq
2026-07-31T21:05:51.129+06:00  INFO 578387 --- [pangochain-backend] [io-8080-exec-50] c.pangochain.backend.ipfs.IpfsService    : Fetched 780 bytes from primary IPFS CID=QmdMbyBpoGFK1mURYDVGnjQ4AkNoJfnaBed6stWNVYy8rq
2026-07-31T21:05:51.139+06:00  INFO 578387 --- [pangochain-backend] [io-8080-exec-21] c.pangochain.backend.ipfs.IpfsService    : Fetched 780 bytes from primary IPFS CID=QmdMbyBpoGFK1mURYDVGnjQ4AkNoJfnaBed6stWNVYy8rq
2026-07-31T21:05:51.127+06:00  INFO 578387 --- [pangochain-backend] [io-8080-exec-22] c.pangochain.backend.ipfs.IpfsService    : Fetched 780 bytes from primary IPFS CID=QmdMbyBpoGFK1mURYDVGnjQ4AkNoJfnaBed6stWNVYy8rq
2026-07-31T21:05:51.140+06:00  INFO 578387 --- [pangochain-backend] [io-8080-exec-17] c.pangochain.backend.ipfs.IpfsService    : Fetched 780 bytes from primary IPFS CID=QmdMbyBpoGFK1mURYDVGnjQ4AkNoJfnaBed6stWNVYy8rq
2026-07-31T21:05:51.142+06:00  INFO 578387 --- [pangochain-backend] [io-8080-exec-12] c.pangochain.backend.ipfs.IpfsService    : Fetched 780 bytes from primary IPFS CID=QmdMbyBpoGFK1mURYDVGnjQ4AkNoJfnaBed6stWNVYy8rq
2026-07-31T21:05:51.145+06:00  INFO 578387 --- [pangochain-backend] [nio-8080-exec-7] c.pangochain.backend.ipfs.IpfsService    : Fetched 780 bytes from primary IPFS CID=QmdMbyBpoGFK1mURYDVGnjQ4AkNoJfnaBed6stWNVYy8rq
2026-07-31T21:05:51.146+06:00  INFO 578387 --- [pangochain-backend] [nio-8080-exec-9] c.pangochain.backend.ipfs.IpfsService    : Fetched 780 bytes from primary IPFS CID=QmdMbyBpoGFK1mURYDVGnjQ4AkNoJfnaBed6stWNVYy8rq
2026-07-31T21:05:51.146+06:00  INFO 578387 --- [pangochain-backend] [io-8080-exec-28] c.pangochain.backend.ipfs.IpfsService    : Fetched 780 bytes from primary IPFS CID=QmdMbyBpoGFK1mURYDVGnjQ4AkNoJfnaBed6stWNVYy8rq
2026-07-31T21:05:51.147+06:00  INFO 578387 --- [pangochain-backend] [io-8080-exec-30] c.pangochain.backend.ipfs.IpfsService    : Fetched 780 bytes from primary IPFS CID=QmdMbyBpoGFK1mURYDVGnjQ4AkNoJfnaBed6stWNVYy8rq
2026-07-31T21:05:51.149+06:00  INFO 578387 --- [pangochain-backend] [io-8080-exec-18] c.pangochain.backend.ipfs.IpfsService    : Fetched 780 bytes from primary IPFS CID=QmdMbyBpoGFK1mURYDVGnjQ4AkNoJfnaBed6stWNVYy8rq
2026-07-31T21:05:51.150+06:00  INFO 578387 --- [pangochain-backend] [nio-8080-exec-2] c.pangochain.backend.ipfs.IpfsService    : Fetched 780 bytes from primary IPFS CID=QmdMbyBpoGFK1mURYDVGnjQ4AkNoJfnaBed6stWNVYy8rq
2026-07-31T21:05:51.150+06:00  INFO 578387 --- [pangochain-backend] [io-8080-exec-29] c.pangochain.backend.ipfs.IpfsService    : Fetched 780 bytes from primary IPFS CID=QmdMbyBpoGFK1mURYDVGnjQ4AkNoJfnaBed6stWNVYy8rq
2026-07-31T21:05:51.150+06:00  INFO 578387 --- [pangochain-backend] [nio-8080-exec-3] c.pangochain.backend.ipfs.IpfsService    : Fetched 780 bytes from primary IPFS CID=QmdMbyBpoGFK1mURYDVGnjQ4AkNoJfnaBed6stWNVYy8rq
2026-07-31T21:05:51.151+06:00  INFO 578387 --- [pangochain-backend] [io-8080-exec-26] c.pangochain.backend.ipfs.IpfsService    : Fetched 780 bytes from primary IPFS CID=QmdMbyBpoGFK1mURYDVGnjQ4AkNoJfnaBed6stWNVYy8rq
2026-07-31T21:05:51.152+06:00  INFO 578387 --- [pangochain-backend] [io-8080-exec-16] c.pangochain.backend.ipfs.IpfsService    : Fetched 780 bytes from primary IPFS CID=QmdMbyBpoGFK1mURYDVGnjQ4AkNoJfnaBed6stWNVYy8rq
2026-07-31T21:05:51.152+06:00  INFO 578387 --- [pangochain-backend] [io-8080-exec-10] c.pangochain.backend.ipfs.IpfsService    : Fetched 780 bytes from primary IPFS CID=QmdMbyBpoGFK1mURYDVGnjQ4AkNoJfnaBed6stWNVYy8rq
2026-07-31T21:05:51.153+06:00  INFO 578387 --- [pangochain-backend] [io-8080-exec-43] c.pangochain.backend.ipfs.IpfsService    : Fetched 780 bytes from primary IPFS CID=QmdMbyBpoGFK1mURYDVGnjQ4AkNoJfnaBed6stWNVYy8rq
2026-07-31T21:05:51.153+06:00  INFO 578387 --- [pangochain-backend] [nio-8080-exec-4] c.pangochain.backend.ipfs.IpfsService    : Fetched 780 bytes from primary IPFS CID=QmdMbyBpoGFK1mURYDVGnjQ4AkNoJfnaBed6stWNVYy8rq
2026-07-31T21:05:51.153+06:00  INFO 578387 --- [pangochain-backend] [io-8080-exec-44] c.pangochain.backend.ipfs.IpfsService    : Fetched 780 bytes from primary IPFS CID=QmdMbyBpoGFK1mURYDVGnjQ4AkNoJfnaBed6stWNVYy8rq
2026-07-31T21:05:51.153+06:00  INFO 578387 --- [pangochain-backend] [nio-8080-exec-8] c.pangochain.backend.ipfs.IpfsService    : Fetched 780 bytes from primary IPFS CID=QmdMbyBpoGFK1mURYDVGnjQ4AkNoJfnaBed6stWNVYy8rq
2026-07-31T21:05:51.155+06:00  INFO 578387 --- [pangochain-backend] [io-8080-exec-20] c.pangochain.backend.ipfs.IpfsService    : Fetched 780 bytes from primary IPFS CID=QmdMbyBpoGFK1mURYDVGnjQ4AkNoJfnaBed6stWNVYy8rq
2026-07-31T21:05:51.155+06:00  INFO 578387 --- [pangochain-backend] [io-8080-exec-25] c.pangochain.backend.ipfs.IpfsService    : Fetched 780 bytes from primary IPFS CID=QmdMbyBpoGFK1mURYDVGnjQ4AkNoJfnaBed6stWNVYy8rq
2026-07-31T21:05:51.156+06:00  INFO 578387 --- [pangochain-backend] [io-8080-exec-41] c.pangochain.backend.ipfs.IpfsService    : Fetched 780 bytes from primary IPFS CID=QmdMbyBpoGFK1mURYDVGnjQ4AkNoJfnaBed6stWNVYy8rq
2026-07-31T21:05:51.156+06:00  INFO 578387 --- [pangochain-backend] [io-8080-exec-45] c.pangochain.backend.ipfs.IpfsService    : Fetched 780 bytes from primary IPFS CID=QmdMbyBpoGFK1mURYDVGnjQ4AkNoJfnaBed6stWNVYy8rq
2026-07-31T21:05:51.156+06:00  INFO 578387 --- [pangochain-backend] [io-8080-exec-11] c.pangochain.backend.ipfs.IpfsService    : Fetched 780 bytes from primary IPFS CID=QmdMbyBpoGFK1mURYDVGnjQ4AkNoJfnaBed6stWNVYy8rq
2026-07-31T21:05:51.157+06:00  INFO 578387 --- [pangochain-backend] [io-8080-exec-38] c.pangochain.backend.ipfs.IpfsService    : Fetched 780 bytes from primary IPFS CID=QmdMbyBpoGFK1mURYDVGnjQ4AkNoJfnaBed6stWNVYy8rq
2026-07-31T21:05:51.157+06:00  INFO 578387 --- [pangochain-backend] [nio-8080-exec-5] c.pangochain.backend.ipfs.IpfsService    : Fetched 780 bytes from primary IPFS CID=QmdMbyBpoGFK1mURYDVGnjQ4AkNoJfnaBed6stWNVYy8rq
2026-07-31T21:05:51.158+06:00  INFO 578387 --- [pangochain-backend] [nio-8080-exec-1] c.pangochain.backend.ipfs.IpfsService    : Fetched 780 bytes from primary IPFS CID=QmdMbyBpoGFK1mURYDVGnjQ4AkNoJfnaBed6stWNVYy8rq
2026-07-31T21:05:51.158+06:00  INFO 578387 --- [pangochain-backend] [io-8080-exec-24] c.pangochain.backend.ipfs.IpfsService    : Fetched 780 bytes from primary IPFS CID=QmdMbyBpoGFK1mURYDVGnjQ4AkNoJfnaBed6stWNVYy8rq
2026-07-31T21:05:51.159+06:00  INFO 578387 --- [pangochain-backend] [io-8080-exec-51] c.pangochain.backend.ipfs.IpfsService    : Fetched 780 bytes from primary IPFS CID=QmdMbyBpoGFK1mURYDVGnjQ4AkNoJfnaBed6stWNVYy8rq
2026-07-31T21:05:51.159+06:00  INFO 578387 --- [pangochain-backend] [io-8080-exec-21] c.pangochain.backend.ipfs.IpfsService    : Fetched 780 bytes from primary IPFS CID=QmdMbyBpoGFK1mURYDVGnjQ4AkNoJfnaBed6stWNVYy8rq
2026-07-31T21:05:51.160+06:00  INFO 578387 --- [pangochain-backend] [io-8080-exec-14] c.pangochain.backend.ipfs.IpfsService    : Fetched 780 bytes from primary IPFS CID=QmdMbyBpoGFK1mURYDVGnjQ4AkNoJfnaBed6stWNVYy8rq
2026-07-31T21:05:51.160+06:00  INFO 578387 --- [pangochain-backend] [io-8080-exec-27] c.pangochain.backend.ipfs.IpfsService    : Fetched 780 bytes from primary IPFS CID=QmdMbyBpoGFK1mURYDVGnjQ4AkNoJfnaBed6stWNVYy8rq
2026-07-31T21:05:51.161+06:00  INFO 578387 --- [pangochain-backend] [io-8080-exec-49] c.pangochain.backend.ipfs.IpfsService    : Fetched 780 bytes from primary IPFS CID=QmdMbyBpoGFK1mURYDVGnjQ4AkNoJfnaBed6stWNVYy8rq
2026-07-31T21:05:51.161+06:00  INFO 578387 --- [pangochain-backend] [io-8080-exec-19] c.pangochain.backend.ipfs.IpfsService    : Fetched 780 bytes from primary IPFS CID=QmdMbyBpoGFK1mURYDVGnjQ4AkNoJfnaBed6stWNVYy8rq
2026-07-31T21:05:51.162+06:00  INFO 578387 --- [pangochain-backend] [nio-8080-exec-6] c.pangochain.backend.ipfs.IpfsService    : Fetched 780 bytes from primary IPFS CID=QmdMbyBpoGFK1mURYDVGnjQ4AkNoJfnaBed6stWNVYy8rq
2026-07-31T21:05:51.163+06:00  INFO 578387 --- [pangochain-backend] [io-8080-exec-37] c.pangochain.backend.ipfs.IpfsService    : Fetched 780 bytes from primary IPFS CID=QmdMbyBpoGFK1mURYDVGnjQ4AkNoJfnaBed6stWNVYy8rq
2026-07-31T21:05:51.163+06:00  INFO 578387 --- [pangochain-backend] [io-8080-exec-32] c.pangochain.backend.ipfs.IpfsService    : Fetched 780 bytes from primary IPFS CID=QmdMbyBpoGFK1mURYDVGnjQ4AkNoJfnaBed6stWNVYy8rq
2026-07-31T21:05:51.164+06:00  INFO 578387 --- [pangochain-backend] [io-8080-exec-40] c.pangochain.backend.ipfs.IpfsService    : Fetched 780 bytes from primary IPFS CID=QmdMbyBpoGFK1mURYDVGnjQ4AkNoJfnaBed6stWNVYy8rq
2026-07-31T21:05:51.164+06:00  INFO 578387 --- [pangochain-backend] [io-8080-exec-35] c.pangochain.backend.ipfs.IpfsService    : Fetched 780 bytes from primary IPFS CID=QmdMbyBpoGFK1mURYDVGnjQ4AkNoJfnaBed6stWNVYy8rq
2026-07-31T21:05:51.164+06:00  INFO 578387 --- [pangochain-backend] [io-8080-exec-39] c.pangochain.backend.ipfs.IpfsService    : Fetched 780 bytes from primary IPFS CID=QmdMbyBpoGFK1mURYDVGnjQ4AkNoJfnaBed6stWNVYy8rq
2026-07-31T21:05:51.164+06:00  INFO 578387 --- [pangochain-backend] [io-8080-exec-13] c.pangochain.backend.ipfs.IpfsService    : Fetched 780 bytes from primary IPFS CID=QmdMbyBpoGFK1mURYDVGnjQ4AkNoJfnaBed6stWNVYy8rq
2026-07-31T21:05:51.164+06:00  INFO 578387 --- [pangochain-backend] [io-8080-exec-48] c.pangochain.backend.ipfs.IpfsService    : Fetched 780 bytes from primary IPFS CID=QmdMbyBpoGFK1mURYDVGnjQ4AkNoJfnaBed6stWNVYy8rq
2026-07-31T21:05:51.166+06:00  INFO 578387 --- [pangochain-backend] [io-8080-exec-18] c.pangochain.backend.ipfs.IpfsService    : Fetched 780 bytes from primary IPFS CID=QmdMbyBpoGFK1mURYDVGnjQ4AkNoJfnaBed6stWNVYy8rq
2026-07-31T21:05:51.166+06:00  INFO 578387 --- [pangochain-backend] [io-8080-exec-36] c.pangochain.backend.ipfs.IpfsService    : Fetched 780 bytes from primary IPFS CID=QmdMbyBpoGFK1mURYDVGnjQ4AkNoJfnaBed6stWNVYy8rq
2026-07-31T21:05:51.167+06:00  INFO 578387 --- [pangochain-backend] [io-8080-exec-46] c.pangochain.backend.ipfs.IpfsService    : Fetched 780 bytes from primary IPFS CID=QmdMbyBpoGFK1mURYDVGnjQ4AkNoJfnaBed6stWNVYy8rq
2026-07-31T21:05:51.167+06:00  INFO 578387 --- [pangochain-backend] [io-8080-exec-17] c.pangochain.backend.ipfs.IpfsService    : Fetched 780 bytes from primary IPFS CID=QmdMbyBpoGFK1mURYDVGnjQ4AkNoJfnaBed6stWNVYy8rq
2026-07-31T21:05:51.167+06:00  INFO 578387 --- [pangochain-backend] [io-8080-exec-23] c.pangochain.backend.ipfs.IpfsService    : Fetched 780 bytes from primary IPFS CID=QmdMbyBpoGFK1mURYDVGnjQ4AkNoJfnaBed6stWNVYy8rq
2026-07-31T21:05:51.167+06:00  INFO 578387 --- [pangochain-backend] [io-8080-exec-34] c.pangochain.backend.ipfs.IpfsService    : Fetched 780 bytes from primary IPFS CID=QmdMbyBpoGFK1mURYDVGnjQ4AkNoJfnaBed6stWNVYy8rq
2026-07-31T21:05:51.167+06:00  INFO 578387 --- [pangochain-backend] [io-8080-exec-33] c.pangochain.backend.ipfs.IpfsService    : Fetched 780 bytes from primary IPFS CID=QmdMbyBpoGFK1mURYDVGnjQ4AkNoJfnaBed6stWNVYy8rq
2026-07-31T21:05:51.168+06:00  INFO 578387 --- [pangochain-backend] [io-8080-exec-47] c.pangochain.backend.ipfs.IpfsService    : Fetched 780 bytes from primary IPFS CID=QmdMbyBpoGFK1mURYDVGnjQ4AkNoJfnaBed6stWNVYy8rq
2026-07-31T21:05:51.168+06:00  INFO 578387 --- [pangochain-backend] [nio-8080-exec-2] c.pangochain.backend.ipfs.IpfsService    : Fetched 780 bytes from primary IPFS CID=QmdMbyBpoGFK1mURYDVGnjQ4AkNoJfnaBed6stWNVYy8rq
2026-07-31T21:05:51.168+06:00  INFO 578387 --- [pangochain-backend] [io-8080-exec-10] c.pangochain.backend.ipfs.IpfsService    : Fetched 780 bytes from primary IPFS CID=QmdMbyBpoGFK1mURYDVGnjQ4AkNoJfnaBed6stWNVYy8rq
2026-07-31T21:05:51.169+06:00  INFO 578387 --- [pangochain-backend] [io-8080-exec-28] c.pangochain.backend.ipfs.IpfsService    : Fetched 780 bytes from primary IPFS CID=QmdMbyBpoGFK1mURYDVGnjQ4AkNoJfnaBed6stWNVYy8rq
2026-07-31T21:05:51.169+06:00  INFO 578387 --- [pangochain-backend] [io-8080-exec-42] c.pangochain.backend.ipfs.IpfsService    : Fetched 780 bytes from primary IPFS CID=QmdMbyBpoGFK1mURYDVGnjQ4AkNoJfnaBed6stWNVYy8rq
2026-07-31T21:05:51.169+06:00  INFO 578387 --- [pangochain-backend] [nio-8080-exec-3] c.pangochain.backend.ipfs.IpfsService    : Fetched 780 bytes from primary IPFS CID=QmdMbyBpoGFK1mURYDVGnjQ4AkNoJfnaBed6stWNVYy8rq
2026-07-31T21:05:51.169+06:00  INFO 578387 --- [pangochain-backend] [io-8080-exec-22] c.pangochain.backend.ipfs.IpfsService    : Fetched 780 bytes from primary IPFS CID=QmdMbyBpoGFK1mURYDVGnjQ4AkNoJfnaBed6stWNVYy8rq
2026-07-31T21:05:51.169+06:00  INFO 578387 --- [pangochain-backend] [io-8080-exec-20] c.pangochain.backend.ipfs.IpfsService    : Fetched 780 bytes from primary IPFS CID=QmdMbyBpoGFK1mURYDVGnjQ4AkNoJfnaBed6stWNVYy8rq
2026-07-31T21:05:51.170+06:00  INFO 578387 --- [pangochain-backend] [io-8080-exec-16] c.pangochain.backend.ipfs.IpfsService    : Fetched 780 bytes from primary IPFS CID=QmdMbyBpoGFK1mURYDVGnjQ4AkNoJfnaBed6stWNVYy8rq
2026-07-31T21:05:51.170+06:00  INFO 578387 --- [pangochain-backend] [io-8080-exec-25] c.pangochain.backend.ipfs.IpfsService    : Fetched 780 bytes from primary IPFS CID=QmdMbyBpoGFK1mURYDVGnjQ4AkNoJfnaBed6stWNVYy8rq
2026-07-31T21:05:51.171+06:00  INFO 578387 --- [pangochain-backend] [io-8080-exec-44] c.pangochain.backend.ipfs.IpfsService    : Fetched 780 bytes from primary IPFS CID=QmdMbyBpoGFK1mURYDVGnjQ4AkNoJfnaBed6stWNVYy8rq
2026-07-31T21:05:51.173+06:00  INFO 578387 --- [pangochain-backend] [io-8080-exec-45] c.pangochain.backend.ipfs.IpfsService    : Fetched 780 bytes from primary IPFS CID=QmdMbyBpoGFK1mURYDVGnjQ4AkNoJfnaBed6stWNVYy8rq
2026-07-31T21:05:51.173+06:00  INFO 578387 --- [pangochain-backend] [io-8080-exec-30] c.pangochain.backend.ipfs.IpfsService    : Fetched 780 bytes from primary IPFS CID=QmdMbyBpoGFK1mURYDVGnjQ4AkNoJfnaBed6stWNVYy8rq
2026-07-31T21:05:51.173+06:00  INFO 578387 --- [pangochain-backend] [io-8080-exec-41] c.pangochain.backend.ipfs.IpfsService    : Fetched 780 bytes from primary IPFS CID=QmdMbyBpoGFK1mURYDVGnjQ4AkNoJfnaBed6stWNVYy8rq
2026-07-31T21:05:51.174+06:00  INFO 578387 --- [pangochain-backend] [io-8080-exec-29] c.pangochain.backend.ipfs.IpfsService    : Fetched 780 bytes from primary IPFS CID=QmdMbyBpoGFK1mURYDVGnjQ4AkNoJfnaBed6stWNVYy8rq
2026-07-31T21:05:51.174+06:00  INFO 578387 --- [pangochain-backend] [io-8080-exec-15] c.pangochain.backend.ipfs.IpfsService    : Fetched 780 bytes from primary IPFS CID=QmdMbyBpoGFK1mURYDVGnjQ4AkNoJfnaBed6stWNVYy8rq
2026-07-31T21:05:51.174+06:00  INFO 578387 --- [pangochain-backend] [io-8080-exec-31] c.pangochain.backend.ipfs.IpfsService    : Fetched 780 bytes from primary IPFS CID=QmdMbyBpoGFK1mURYDVGnjQ4AkNoJfnaBed6stWNVYy8rq
2026-07-31T21:05:51.175+06:00  INFO 578387 --- [pangochain-backend] [nio-8080-exec-8] c.pangochain.backend.ipfs.IpfsService    : Fetched 780 bytes from primary IPFS CID=QmdMbyBpoGFK1mURYDVGnjQ4AkNoJfnaBed6stWNVYy8rq
2026-07-31T21:05:51.176+06:00  INFO 578387 --- [pangochain-backend] [nio-8080-exec-7] c.pangochain.backend.ipfs.IpfsService    : Fetched 780 bytes from primary IPFS CID=QmdMbyBpoGFK1mURYDVGnjQ4AkNoJfnaBed6stWNVYy8rq
2026-07-31T21:05:51.176+06:00  INFO 578387 --- [pangochain-backend] [io-8080-exec-11] c.pangochain.backend.ipfs.IpfsService    : Fetched 780 bytes from primary IPFS CID=QmdMbyBpoGFK1mURYDVGnjQ4AkNoJfnaBed6stWNVYy8rq
2026-07-31T21:05:51.177+06:00  INFO 578387 --- [pangochain-backend] [nio-8080-exec-4] c.pangochain.backend.ipfs.IpfsService    : Fetched 780 bytes from primary IPFS CID=QmdMbyBpoGFK1mURYDVGnjQ4AkNoJfnaBed6stWNVYy8rq
2026-07-31T21:05:51.177+06:00  INFO 578387 --- [pangochain-backend] [io-8080-exec-26] c.pangochain.backend.ipfs.IpfsService    : Fetched 780 bytes from primary IPFS CID=QmdMbyBpoGFK1mURYDVGnjQ4AkNoJfnaBed6stWNVYy8rq
2026-07-31T21:05:51.177+06:00  INFO 578387 --- [pangochain-backend] [io-8080-exec-13] c.pangochain.backend.ipfs.IpfsService    : Fetched 780 bytes from primary IPFS CID=QmdMbyBpoGFK1mURYDVGnjQ4AkNoJfnaBed6stWNVYy8rq
2026-07-31T21:05:51.179+06:00  INFO 578387 --- [pangochain-backend] [io-8080-exec-43] c.pangochain.backend.ipfs.IpfsService    : Fetched 780 bytes from primary IPFS CID=QmdMbyBpoGFK1mURYDVGnjQ4AkNoJfnaBed6stWNVYy8rq
2026-07-31T21:05:51.181+06:00  INFO 578387 --- [pangochain-backend] [io-8080-exec-50] c.pangochain.backend.ipfs.IpfsService    : Fetched 780 bytes from primary IPFS CID=QmdMbyBpoGFK1mURYDVGnjQ4AkNoJfnaBed6stWNVYy8rq
2026-07-31T21:05:51.183+06:00  INFO 578387 --- [pangochain-backend] [io-8080-exec-12] c.pangochain.backend.ipfs.IpfsService    : Fetched 780 bytes from primary IPFS CID=QmdMbyBpoGFK1mURYDVGnjQ4AkNoJfnaBed6stWNVYy8rq
2026-07-31T21:05:51.183+06:00  INFO 578387 --- [pangochain-backend] [io-8080-exec-44] c.pangochain.backend.ipfs.IpfsService    : Fetched 780 bytes from primary IPFS CID=QmdMbyBpoGFK1mURYDVGnjQ4AkNoJfnaBed6stWNVYy8rq
2026-07-31T21:05:51.183+06:00  INFO 578387 --- [pangochain-backend] [io-8080-exec-38] c.pangochain.backend.ipfs.IpfsService    : Fetched 780 bytes from primary IPFS CID=QmdMbyBpoGFK1mURYDVGnjQ4AkNoJfnaBed6stWNVYy8rq
2026-07-31T21:05:51.183+06:00  INFO 578387 --- [pangochain-backend] [io-8080-exec-25] c.pangochain.backend.ipfs.IpfsService    : Fetched 780 bytes from primary IPFS CID=QmdMbyBpoGFK1mURYDVGnjQ4AkNoJfnaBed6stWNVYy8rq
2026-07-31T21:05:51.190+06:00  INFO 578387 --- [pangochain-backend] [nio-8080-exec-1] c.pangochain.backend.ipfs.IpfsService    : Fetched 780 bytes from primary IPFS CID=QmdMbyBpoGFK1mURYDVGnjQ4AkNoJfnaBed6stWNVYy8rq
2026-07-31T21:05:51.191+06:00  INFO 578387 --- [pangochain-backend] [io-8080-exec-19] c.pangochain.backend.ipfs.IpfsService    : Fetched 780 bytes from primary IPFS CID=QmdMbyBpoGFK1mURYDVGnjQ4AkNoJfnaBed6stWNVYy8rq
2026-07-31T21:05:51.191+06:00  INFO 578387 --- [pangochain-backend] [io-8080-exec-36] c.pangochain.backend.ipfs.IpfsService    : Fetched 780 bytes from primary IPFS CID=QmdMbyBpoGFK1mURYDVGnjQ4AkNoJfnaBed6stWNVYy8rq
2026-07-31T21:05:51.191+06:00  INFO 578387 --- [pangochain-backend] [io-8080-exec-27] c.pangochain.backend.ipfs.IpfsService    : Fetched 780 bytes from primary IPFS CID=QmdMbyBpoGFK1mURYDVGnjQ4AkNoJfnaBed6stWNVYy8rq
2026-07-31T21:05:51.195+06:00  INFO 578387 --- [pangochain-backend] [io-8080-exec-49] c.pangochain.backend.ipfs.IpfsService    : Fetched 780 bytes from primary IPFS CID=QmdMbyBpoGFK1mURYDVGnjQ4AkNoJfnaBed6stWNVYy8rq
2026-07-31T21:05:51.195+06:00  INFO 578387 --- [pangochain-backend] [nio-8080-exec-6] c.pangochain.backend.ipfs.IpfsService    : Fetched 780 bytes from primary IPFS CID=QmdMbyBpoGFK1mURYDVGnjQ4AkNoJfnaBed6stWNVYy8rq
2026-07-31T21:05:51.196+06:00  INFO 578387 --- [pangochain-backend] [io-8080-exec-14] c.pangochain.backend.ipfs.IpfsService    : Fetched 780 bytes from primary IPFS CID=QmdMbyBpoGFK1mURYDVGnjQ4AkNoJfnaBed6stWNVYy8rq
2026-07-31T21:05:51.196+06:00  INFO 578387 --- [pangochain-backend] [io-8080-exec-48] c.pangochain.backend.ipfs.IpfsService    : Fetched 780 bytes from primary IPFS CID=QmdMbyBpoGFK1mURYDVGnjQ4AkNoJfnaBed6stWNVYy8rq
2026-07-31T21:05:51.196+06:00  INFO 578387 --- [pangochain-backend] [nio-8080-exec-7] c.pangochain.backend.ipfs.IpfsService    : Fetched 780 bytes from primary IPFS CID=QmdMbyBpoGFK1mURYDVGnjQ4AkNoJfnaBed6stWNVYy8rq
2026-07-31T21:05:51.198+06:00  INFO 578387 --- [pangochain-backend] [io-8080-exec-13] c.pangochain.backend.ipfs.IpfsService    : Fetched 780 bytes from primary IPFS CID=QmdMbyBpoGFK1mURYDVGnjQ4AkNoJfnaBed6stWNVYy8rq
2026-07-31T21:05:51.200+06:00  INFO 578387 --- [pangochain-backend] [io-8080-exec-12] c.pangochain.backend.ipfs.IpfsService    : Fetched 780 bytes from primary IPFS CID=QmdMbyBpoGFK1mURYDVGnjQ4AkNoJfnaBed6stWNVYy8rq
2026-07-31T21:05:51.200+06:00  INFO 578387 --- [pangochain-backend] [io-8080-exec-17] c.pangochain.backend.ipfs.IpfsService    : Fetched 780 bytes from primary IPFS CID=QmdMbyBpoGFK1mURYDVGnjQ4AkNoJfnaBed6stWNVYy8rq
2026-07-31T21:05:51.200+06:00  INFO 578387 --- [pangochain-backend] [io-8080-exec-26] c.pangochain.backend.ipfs.IpfsService    : Fetched 780 bytes from primary IPFS CID=QmdMbyBpoGFK1mURYDVGnjQ4AkNoJfnaBed6stWNVYy8rq
2026-07-31T21:05:51.200+06:00  INFO 578387 --- [pangochain-backend] [io-8080-exec-34] c.pangochain.backend.ipfs.IpfsService    : Fetched 780 bytes from primary IPFS CID=QmdMbyBpoGFK1mURYDVGnjQ4AkNoJfnaBed6stWNVYy8rq
2026-07-31T21:05:51.201+06:00  INFO 578387 --- [pangochain-backend] [io-8080-exec-37] c.pangochain.backend.ipfs.IpfsService    : Fetched 780 bytes from primary IPFS CID=QmdMbyBpoGFK1mURYDVGnjQ4AkNoJfnaBed6stWNVYy8rq
2026-07-31T21:05:51.201+06:00  INFO 578387 --- [pangochain-backend] [io-8080-exec-38] c.pangochain.backend.ipfs.IpfsService    : Fetched 780 bytes from primary IPFS CID=QmdMbyBpoGFK1mURYDVGnjQ4AkNoJfnaBed6stWNVYy8rq
2026-07-31T21:05:51.202+06:00  INFO 578387 --- [pangochain-backend] [io-8080-exec-21] c.pangochain.backend.ipfs.IpfsService    : Fetched 780 bytes from primary IPFS CID=QmdMbyBpoGFK1mURYDVGnjQ4AkNoJfnaBed6stWNVYy8rq
2026-07-31T21:05:51.202+06:00  INFO 578387 --- [pangochain-backend] [io-8080-exec-22] c.pangochain.backend.ipfs.IpfsService    : Fetched 780 bytes from primary IPFS CID=QmdMbyBpoGFK1mURYDVGnjQ4AkNoJfnaBed6stWNVYy8rq
2026-07-31T21:05:51.202+06:00  INFO 578387 --- [pangochain-backend] [nio-8080-exec-1] c.pangochain.backend.ipfs.IpfsService    : Fetched 780 bytes from primary IPFS CID=QmdMbyBpoGFK1mURYDVGnjQ4AkNoJfnaBed6stWNVYy8rq
2026-07-31T21:05:51.202+06:00  INFO 578387 --- [pangochain-backend] [nio-8080-exec-3] c.pangochain.backend.ipfs.IpfsService    : Fetched 780 bytes from primary IPFS CID=QmdMbyBpoGFK1mURYDVGnjQ4AkNoJfnaBed6stWNVYy8rq
2026-07-31T21:05:51.202+06:00  INFO 578387 --- [pangochain-backend] [io-8080-exec-23] c.pangochain.backend.ipfs.IpfsService    : Fetched 780 bytes from primary IPFS CID=QmdMbyBpoGFK1mURYDVGnjQ4AkNoJfnaBed6stWNVYy8rq
2026-07-31T21:05:51.203+06:00  INFO 578387 --- [pangochain-backend] [io-8080-exec-24] c.pangochain.backend.ipfs.IpfsService    : Fetched 780 bytes from primary IPFS CID=QmdMbyBpoGFK1mURYDVGnjQ4AkNoJfnaBed6stWNVYy8rq
2026-07-31T21:05:51.205+06:00  INFO 578387 --- [pangochain-backend] [io-8080-exec-35] c.pangochain.backend.ipfs.IpfsService    : Fetched 780 bytes from primary IPFS CID=QmdMbyBpoGFK1mURYDVGnjQ4AkNoJfnaBed6stWNVYy8rq
2026-07-31T21:05:51.205+06:00  INFO 578387 --- [pangochain-backend] [io-8080-exec-36] c.pangochain.backend.ipfs.IpfsService    : Fetched 780 bytes from primary IPFS CID=QmdMbyBpoGFK1mURYDVGnjQ4AkNoJfnaBed6stWNVYy8rq
2026-07-31T21:05:51.206+06:00  INFO 578387 --- [pangochain-backend] [io-8080-exec-27] c.pangochain.backend.ipfs.IpfsService    : Fetched 780 bytes from primary IPFS CID=QmdMbyBpoGFK1mURYDVGnjQ4AkNoJfnaBed6stWNVYy8rq
2026-07-31T21:05:51.206+06:00  INFO 578387 --- [pangochain-backend] [io-8080-exec-20] c.pangochain.backend.ipfs.IpfsService    : Fetched 780 bytes from primary IPFS CID=QmdMbyBpoGFK1mURYDVGnjQ4AkNoJfnaBed6stWNVYy8rq
2026-07-31T21:05:51.206+06:00  INFO 578387 --- [pangochain-backend] [io-8080-exec-10] c.pangochain.backend.ipfs.IpfsService    : Fetched 780 bytes from primary IPFS CID=QmdMbyBpoGFK1mURYDVGnjQ4AkNoJfnaBed6stWNVYy8rq
2026-07-31T21:05:51.206+06:00  INFO 578387 --- [pangochain-backend] [io-8080-exec-42] c.pangochain.backend.ipfs.IpfsService    : Fetched 780 bytes from primary IPFS CID=QmdMbyBpoGFK1mURYDVGnjQ4AkNoJfnaBed6stWNVYy8rq
2026-07-31T21:05:51.207+06:00  INFO 578387 --- [pangochain-backend] [nio-8080-exec-4] c.pangochain.backend.ipfs.IpfsService    : Fetched 780 bytes from primary IPFS CID=QmdMbyBpoGFK1mURYDVGnjQ4AkNoJfnaBed6stWNVYy8rq
2026-07-31T21:05:51.207+06:00  INFO 578387 --- [pangochain-backend] [io-8080-exec-46] c.pangochain.backend.ipfs.IpfsService    : Fetched 780 bytes from primary IPFS CID=QmdMbyBpoGFK1mURYDVGnjQ4AkNoJfnaBed6stWNVYy8rq
2026-07-31T21:05:51.208+06:00  INFO 578387 --- [pangochain-backend] [io-8080-exec-47] c.pangochain.backend.ipfs.IpfsService    : Fetched 780 bytes from primary IPFS CID=QmdMbyBpoGFK1mURYDVGnjQ4AkNoJfnaBed6stWNVYy8rq
2026-07-31T21:05:51.209+06:00  INFO 578387 --- [pangochain-backend] [io-8080-exec-19] c.pangochain.backend.ipfs.IpfsService    : Fetched 780 bytes from primary IPFS CID=QmdMbyBpoGFK1mURYDVGnjQ4AkNoJfnaBed6stWNVYy8rq
2026-07-31T21:05:51.210+06:00  INFO 578387 --- [pangochain-backend] [io-8080-exec-40] c.pangochain.backend.ipfs.IpfsService    : Fetched 780 bytes from primary IPFS CID=QmdMbyBpoGFK1mURYDVGnjQ4AkNoJfnaBed6stWNVYy8rq
2026-07-31T21:05:51.210+06:00  INFO 578387 --- [pangochain-backend] [nio-8080-exec-2] c.pangochain.backend.ipfs.IpfsService    : Fetched 780 bytes from primary IPFS CID=QmdMbyBpoGFK1mURYDVGnjQ4AkNoJfnaBed6stWNVYy8rq
2026-07-31T21:05:51.210+06:00  INFO 578387 --- [pangochain-backend] [io-8080-exec-25] c.pangochain.backend.ipfs.IpfsService    : Fetched 780 bytes from primary IPFS CID=QmdMbyBpoGFK1mURYDVGnjQ4AkNoJfnaBed6stWNVYy8rq
2026-07-31T21:05:51.210+06:00  INFO 578387 --- [pangochain-backend] [io-8080-exec-16] c.pangochain.backend.ipfs.IpfsService    : Fetched 780 bytes from primary IPFS CID=QmdMbyBpoGFK1mURYDVGnjQ4AkNoJfnaBed6stWNVYy8rq
2026-07-31T21:05:51.210+06:00  INFO 578387 --- [pangochain-backend] [io-8080-exec-51] c.pangochain.backend.ipfs.IpfsService    : Fetched 780 bytes from primary IPFS CID=QmdMbyBpoGFK1mURYDVGnjQ4AkNoJfnaBed6stWNVYy8rq
2026-07-31T21:05:51.211+06:00  INFO 578387 --- [pangochain-backend] [io-8080-exec-28] c.pangochain.backend.ipfs.IpfsService    : Fetched 780 bytes from primary IPFS CID=QmdMbyBpoGFK1mURYDVGnjQ4AkNoJfnaBed6stWNVYy8rq
2026-07-31T21:05:51.212+06:00  INFO 578387 --- [pangochain-backend] [io-8080-exec-33] c.pangochain.backend.ipfs.IpfsService    : Fetched 780 bytes from primary IPFS CID=QmdMbyBpoGFK1mURYDVGnjQ4AkNoJfnaBed6stWNVYy8rq
2026-07-31T21:05:51.212+06:00  INFO 578387 --- [pangochain-backend] [nio-8080-exec-5] c.pangochain.backend.ipfs.IpfsService    : Fetched 780 bytes from primary IPFS CID=QmdMbyBpoGFK1mURYDVGnjQ4AkNoJfnaBed6stWNVYy8rq
2026-07-31T21:05:51.212+06:00  INFO 578387 --- [pangochain-backend] [io-8080-exec-44] c.pangochain.backend.ipfs.IpfsService    : Fetched 780 bytes from primary IPFS CID=QmdMbyBpoGFK1mURYDVGnjQ4AkNoJfnaBed6stWNVYy8rq
2026-07-31T21:05:52.300+06:00  INFO 578387 --- [pangochain-backend] [MessageBroker-1] c.p.b.blockchain.FabricGatewayService    : Fabric tx committed: fn=LogAuditEvent txId=e45a1765e8682f7e4888b13710d9e0425660bdc316561beaca8f1b89fbb5c4a6
2026-07-31T21:05:52.301+06:00  INFO 578387 --- [pangochain-backend] [   async-task-7] c.p.b.blockchain.FabricGatewayService    : Fabric tx committed: fn=LogAuditEvent txId=6ad7d86ccd5e4f6b381f908fa484fbac6f6d643371b4d8dbbbae97f0d548b0c1
2026-07-31T21:05:52.301+06:00  INFO 578387 --- [pangochain-backend] [   async-task-6] c.p.b.blockchain.FabricGatewayService    : Fabric tx committed: fn=LogAuditEvent txId=d47bbfceb6a0361e4b174a3d8bc6bee30575f46dfa0f98587a3b681750fd7e46
2026-07-31T21:05:52.301+06:00  INFO 578387 --- [pangochain-backend] [   async-task-8] c.p.b.blockchain.FabricGatewayService    : Fabric tx committed: fn=LogAuditEvent txId=ba51baee6ed57883be7b235557c6d99bf6c88d555c0e87016f330d57c89bff90
2026-07-31T21:05:52.301+06:00  INFO 578387 --- [pangochain-backend] [   async-task-2] c.p.b.blockchain.FabricGatewayService    : Fabric tx committed: fn=LogAuditEvent txId=9a25b47683ec70f463dd70374916114ea189ce253fd945f9543d2bba7d75b277
2026-07-31T21:05:52.301+06:00  INFO 578387 --- [pangochain-backend] [   async-task-1] c.p.b.blockchain.FabricGatewayService    : Fabric tx committed: fn=LogAuditEvent txId=83cfdde6e54cf0f012e60b578a9470f12796fffd4555722b73da2378b7085afb
2026-07-31T21:05:52.301+06:00  INFO 578387 --- [pangochain-backend] [   async-task-5] c.p.b.blockchain.FabricGatewayService    : Fabric tx committed: fn=LogAuditEvent txId=9f866e5e9f4f0c61ef221e08868c66898e2e21528a711787fec236f6002d58ed
2026-07-31T21:05:52.301+06:00  INFO 578387 --- [pangochain-backend] [   async-task-3] c.p.b.blockchain.FabricGatewayService    : Fabric tx committed: fn=LogAuditEvent txId=cf10760042c98b788f2d6206954732603d7084530e1f46a0e2626d74172080d4
2026-07-31T21:05:52.302+06:00  INFO 578387 --- [pangochain-backend] [   async-task-4] c.p.b.blockchain.FabricGatewayService    : Fabric tx committed: fn=LogAuditEvent txId=6c9c1b3d54f037302756330024cb395cee27fa4eccdc48d904b6b227413aa325
2026-07-31T21:05:52.304+06:00  INFO 578387 --- [pangochain-backend] [MessageBroker-1] c.p.b.audit.AuditAnchorBackfillWorker    : Anchored 16 audit events (ids 51155-51170) in batch tx e45a1765e8682f7e4888b13710d9e0425660bdc316561beaca8f1b89fbb5c4a6
2026-07-31T21:05:54.632+06:00  INFO 578387 --- [pangochain-backend] [MessageBroker-3] c.p.b.blockchain.FabricGatewayService    : Fabric tx committed: fn=UpdateTimeAnchor txId=0efdd732aa18b0cc0b6491a94158ff828a017a986d6c9961ac66bc55ce8b67d4
2026-07-31T21:05:54.632+06:00  INFO 578387 --- [pangochain-backend] [   async-task-5] c.p.b.blockchain.FabricGatewayService    : Fabric tx committed: fn=LogAuditEvent txId=7844a9099b87207a23f44ff76519cef97e104b2b641ad9d777fc441f7fb18305
2026-07-31T21:05:54.632+06:00  INFO 578387 --- [pangochain-backend] [   async-task-2] c.p.b.blockchain.FabricGatewayService    : Fabric tx committed: fn=LogAuditEvent txId=1ee31772e46f05e569a60105655f002a01175e99dddf60496fa18014fd1ba19e
2026-07-31T21:05:54.632+06:00  INFO 578387 --- [pangochain-backend] [   async-task-6] c.p.b.blockchain.FabricGatewayService    : Fabric tx committed: fn=LogAuditEvent txId=ecbc70ee424d2cd023432889b24c214925ba91e7cb5992f1db67cd4eafd7c131
2026-07-31T21:05:54.632+06:00  INFO 578387 --- [pangochain-backend] [   async-task-8] c.p.b.blockchain.FabricGatewayService    : Fabric tx committed: fn=LogAuditEvent txId=a768c1307901cfdd6ea4f4fe11d153c3570bcafde31ccbdd1a00c31c62e67f11
2026-07-31T21:05:54.632+06:00  INFO 578387 --- [pangochain-backend] [   async-task-1] c.p.b.blockchain.FabricGatewayService    : Fabric tx committed: fn=LogAuditEvent txId=df241182ce1a7990df0886af2de4878114cfb4021a0e5f900b136e8734f94dbb
2026-07-31T21:05:54.632+06:00  INFO 578387 --- [pangochain-backend] [   async-task-7] c.p.b.blockchain.FabricGatewayService    : Fabric tx committed: fn=LogAuditEvent txId=eddc2f7bed2b7c9322669414e2d4211a5836dae479292dcfb051d6041002b47c
2026-07-31T21:05:54.633+06:00  INFO 578387 --- [pangochain-backend] [   async-task-3] c.p.b.blockchain.FabricGatewayService    : Fabric tx committed: fn=LogAuditEvent txId=ccab3b29eb7e5a769cf822cbf33fc040732783a7ade06b89f3b19873af661d10
2026-07-31T21:05:54.633+06:00  INFO 578387 --- [pangochain-backend] [   async-task-4] c.p.b.blockchain.FabricGatewayService    : Fabric tx committed: fn=LogAuditEvent txId=6c6771620e4eccd1edbc8941921568a88f0279b21313ef93948e63552bdad873
2026-07-31T21:05:56.912+06:00  INFO 578387 --- [pangochain-backend] [   async-task-5] c.p.b.blockchain.FabricGatewayService    : Fabric tx committed: fn=LogAuditEvent txId=e97df1bd156d0baa0ba3731b156fb323de2f9963dfe7fae3d15629b379eb1b13
2026-07-31T21:05:56.916+06:00  INFO 578387 --- [pangochain-backend] [   async-task-4] c.p.b.blockchain.FabricGatewayService    : Fabric tx committed: fn=LogAuditEvent txId=6d9c88b487b51fbf84778c7c2c5d3c6b804a1ba5c6574a34c58759b9b8232289
2026-07-31T21:05:56.916+06:00  INFO 578387 --- [pangochain-backend] [   async-task-6] c.p.b.blockchain.FabricGatewayService    : Fabric tx committed: fn=LogAuditEvent txId=f17bd8b62798cb9de40530e792c6bf758d9fa61069279dfc3673a287a142496a
2026-07-31T21:05:56.917+06:00  INFO 578387 --- [pangochain-backend] [   async-task-1] c.p.b.blockchain.FabricGatewayService    : Fabric tx committed: fn=LogAuditEvent txId=b3d4d0e04c2020ec296ac6c9c6f821bb44ea0f785e15231eef0babc16939ae49
2026-07-31T21:05:56.922+06:00  INFO 578387 --- [pangochain-backend] [MessageBroker-4] c.p.b.blockchain.FabricGatewayService    : Fabric tx committed: fn=LogAuditEvent txId=350d1ee3257b25479fa6c95a9a9546e8e685201f5269812348d6937f96f107ae
2026-07-31T21:05:56.923+06:00  INFO 578387 --- [pangochain-backend] [   async-task-2] c.p.b.blockchain.FabricGatewayService    : Fabric tx committed: fn=LogAuditEvent txId=8060b9e71841e191938885ee8ac98e24ca37a5f72971641c4790606f7d1b11f8
2026-07-31T21:05:56.924+06:00  INFO 578387 --- [pangochain-backend] [   async-task-8] c.p.b.blockchain.FabricGatewayService    : Fabric tx committed: fn=LogAuditEvent txId=d0d976f969b11eb23e12abf1002f823a0a0811e1de9b75fd3770c8d01f8d6905
2026-07-31T21:05:56.928+06:00  INFO 578387 --- [pangochain-backend] [   async-task-7] c.p.b.blockchain.FabricGatewayService    : Fabric tx committed: fn=LogAuditEvent txId=1ebdd1a39c3ef2cfa9e2c21742d16d6d98c8dd268eaaa2d4bafd1b4cef3117b0
2026-07-31T21:05:56.929+06:00  INFO 578387 --- [pangochain-backend] [   async-task-3] c.p.b.blockchain.FabricGatewayService    : Fabric tx committed: fn=LogAuditEvent txId=65509c881f96b06532fbcdd8cb47fc5159d5d8cb347aabb0758a1173dcc26d8e
2026-07-31T21:05:56.955+06:00  INFO 578387 --- [pangochain-backend] [MessageBroker-4] c.p.b.audit.AuditAnchorBackfillWorker    : Anchored 8 audit events (ids 51171-51178) in batch tx 350d1ee3257b25479fa6c95a9a9546e8e685201f5269812348d6937f96f107ae
2026-07-31T21:05:59.121+06:00  INFO 578387 --- [pangochain-backend] [   async-task-2] c.p.b.blockchain.FabricGatewayService    : Fabric tx committed: fn=LogAuditEvent txId=8dd75e042a263e2bbc38091b6f0f68f70015da545bb18d7838bcd66e32c7d99a
2026-07-31T21:05:59.121+06:00  INFO 578387 --- [pangochain-backend] [   async-task-6] c.p.b.blockchain.FabricGatewayService    : Fabric tx committed: fn=LogAuditEvent txId=6ef88aa55465409033a6099988932b880032062a36ebd39ab9854e166a3b4e15
2026-07-31T21:05:59.121+06:00  INFO 578387 --- [pangochain-backend] [   async-task-7] c.p.b.blockchain.FabricGatewayService    : Fabric tx committed: fn=LogAuditEvent txId=b306996255eaa841c0950e88f8d0cb9f6b5ad64266aff0673f5ef168c5679f6c
2026-07-31T21:05:59.121+06:00  INFO 578387 --- [pangochain-backend] [   async-task-5] c.p.b.blockchain.FabricGatewayService    : Fabric tx committed: fn=LogAuditEvent txId=b474f081aec20a8013f943f0e48cb960052be07c28678399fb0e71e88120dfa7
2026-07-31T21:05:59.122+06:00  INFO 578387 --- [pangochain-backend] [   async-task-4] c.p.b.blockchain.FabricGatewayService    : Fabric tx committed: fn=LogAuditEvent txId=da92ba88c5d626e116a0bc24872c73ec54a415f9118568f726f8e2ea88ecca06
2026-07-31T21:05:59.122+06:00  INFO 578387 --- [pangochain-backend] [   async-task-1] c.p.b.blockchain.FabricGatewayService    : Fabric tx committed: fn=LogAuditEvent txId=5f5f5f075fcdc1c655b23cb5616215592cf38f78aa43aaa99765acdfa3bdb31a
2026-07-31T21:05:59.123+06:00  INFO 578387 --- [pangochain-backend] [   async-task-8] c.p.b.blockchain.FabricGatewayService    : Fabric tx committed: fn=LogAuditEvent txId=37e89699defc9af796696583ff0487a7b2b05b8c72cae05598ef30f240a9f83f
2026-07-31T21:05:59.123+06:00  INFO 578387 --- [pangochain-backend] [   async-task-3] c.p.b.blockchain.FabricGatewayService    : Fabric tx committed: fn=LogAuditEvent txId=f8279901d4bc8c618270c18d5cab8c84245c7382941ce4e9321e9929982774fc
2026-07-31T21:06:01.147+06:00  INFO 578387 --- [pangochain-backend] [MessageBroker-7] c.p.b.blockchain.FabricGatewayService    : Fabric tx committed: fn=LogAuditEvent txId=22f0c1a9d42817afb065bec5248c76b9325e1085e1fb4523e890b2004c1cea46
2026-07-31T21:06:01.147+06:00  INFO 578387 --- [pangochain-backend] [   async-task-7] c.p.b.blockchain.FabricGatewayService    : Fabric tx committed: fn=LogAuditEvent txId=b7db425bb8c6ce022043334acea4f2379f9e6180b428db20ba22d4dba5d304d9
2026-07-31T21:06:01.147+06:00  INFO 578387 --- [pangochain-backend] [   async-task-3] c.p.b.blockchain.FabricGatewayService    : Fabric tx committed: fn=LogAuditEvent txId=fc6aae86fd5328ec0bbf5aedfc2baa6e689c2bfd953ffeff0013eb478623a628
2026-07-31T21:06:01.148+06:00  INFO 578387 --- [pangochain-backend] [   async-task-2] c.p.b.blockchain.FabricGatewayService    : Fabric tx committed: fn=LogAuditEvent txId=6db5538ae9d64cc7e17bded7b016d4cc06264e0843d39e4e483f83f48de199bf
2026-07-31T21:06:01.148+06:00  INFO 578387 --- [pangochain-backend] [   async-task-6] c.p.b.blockchain.FabricGatewayService    : Fabric tx committed: fn=LogAuditEvent txId=088b539f32af5728e4427c56ecae3e1a6535dfddb22884b21e0edfb14ea5a059
2026-07-31T21:06:01.148+06:00  INFO 578387 --- [pangochain-backend] [   async-task-8] c.p.b.blockchain.FabricGatewayService    : Fabric tx committed: fn=LogAuditEvent txId=8fb5126b64ab1cc5dc87860b61797bd733d8c819100bc9a6444e8a81b2f79135
2026-07-31T21:06:01.148+06:00  INFO 578387 --- [pangochain-backend] [   async-task-1] c.p.b.blockchain.FabricGatewayService    : Fabric tx committed: fn=LogAuditEvent txId=de7d4921659586eb536039428cfa4eec075c7104126697c48e9175becdc78be0
2026-07-31T21:06:01.149+06:00  INFO 578387 --- [pangochain-backend] [   async-task-5] c.p.b.blockchain.FabricGatewayService    : Fabric tx committed: fn=LogAuditEvent txId=c169a56c194cac2f0716bdb82f4f0bb4b52dcd79284569eb2571c3ca5b1db3e2
2026-07-31T21:06:01.149+06:00  INFO 578387 --- [pangochain-backend] [   async-task-4] c.p.b.blockchain.FabricGatewayService    : Fabric tx committed: fn=LogAuditEvent txId=f3eb8321f949b539835dd2365c965cb0802966aa0eac43760eeb87a8295176b9
2026-07-31T21:06:01.152+06:00  INFO 578387 --- [pangochain-backend] [MessageBroker-7] c.p.b.audit.AuditAnchorBackfillWorker    : Anchored 16 audit events (ids 51179-51194) in batch tx 22f0c1a9d42817afb065bec5248c76b9325e1085e1fb4523e890b2004c1cea46
2026-07-31T21:06:03.054+06:00 ERROR 578387 --- [pangochain-backend] [MessageBroker-6] c.p.b.blockchain.FabricGatewayService    : Submit transaction 'RevokeAccess' failed: io.grpc.StatusRuntimeException: ABORTED: failed to endorse transaction, see attached details for more info
2026-07-31T21:06:03.239+06:00  INFO 578387 --- [pangochain-backend] [   async-task-3] c.p.b.blockchain.FabricGatewayService    : Fabric tx committed: fn=LogAuditEvent txId=ac622f4267d70a220baf3d49471fb55bfcf68b2768c56f8ab2804253aa0050a6
2026-07-31T21:06:03.239+06:00  INFO 578387 --- [pangochain-backend] [   async-task-1] c.p.b.blockchain.FabricGatewayService    : Fabric tx committed: fn=LogAuditEvent txId=910375cf8781843bdc8c577a2be1c31976c408d6cfd878ba44200f475471d38f
2026-07-31T21:06:03.239+06:00  INFO 578387 --- [pangochain-backend] [   async-task-7] c.p.b.blockchain.FabricGatewayService    : Fabric tx committed: fn=LogAuditEvent txId=6a99cd3c1a45d6b9c9badc01ea3280794dbe3c357a2f3747de578c33b3539f65
2026-07-31T21:06:03.239+06:00  INFO 578387 --- [pangochain-backend] [   async-task-2] c.p.b.blockchain.FabricGatewayService    : Fabric tx committed: fn=LogAuditEvent txId=e872064703252b4f52e426466646fe74ae87a4e1662947c343421deae3a11150
2026-07-31T21:06:03.239+06:00  INFO 578387 --- [pangochain-backend] [   async-task-5] c.p.b.blockchain.FabricGatewayService    : Fabric tx committed: fn=LogAuditEvent txId=d783b983d2980106161dc24b8c369c8e42af1668fc3f752c3783ac7434cde7de
2026-07-31T21:06:03.239+06:00  INFO 578387 --- [pangochain-backend] [   async-task-8] c.p.b.blockchain.FabricGatewayService    : Fabric tx committed: fn=LogAuditEvent txId=a7e6a19985bbe9c9b2b3b9806f7c7641434b90a1443a72389c9334173c992cee
2026-07-31T21:06:03.239+06:00  INFO 578387 --- [pangochain-backend] [   async-task-4] c.p.b.blockchain.FabricGatewayService    : Fabric tx committed: fn=LogAuditEvent txId=f527123f34c151dd6668f0611a122a025bdef3d19d01d876fc17d71c16ad517f
2026-07-31T21:06:03.239+06:00  INFO 578387 --- [pangochain-backend] [   async-task-6] c.p.b.blockchain.FabricGatewayService    : Fabric tx committed: fn=LogAuditEvent txId=9d9cca24bfdcce1a4252fd0d9c95bc98f1a3c2bc0245d26b959f572989287901
2026-07-31T21:06:03.359+06:00  WARN 578387 --- [pangochain-backend] [MessageBroker-6] c.p.b.access.AnchorReconciliationWorker  : Anchor cd2c2e32-80b0-4d12-a3e8-d8ca4e6d5935 (RevokeAccess) retry 214 failed, next attempt in 60s: Blockchain submit failed: io.grpc.StatusRuntimeException: ABORTED: failed to endorse transaction, see attached details for more info
2026-07-31T21:06:05.302+06:00  INFO 578387 --- [pangochain-backend] [   async-task-5] c.p.b.blockchain.FabricGatewayService    : Fabric tx committed: fn=LogAuditEvent txId=b48da82bc46ef96ed23b03dca683ac94b623f8972ec98aeed2fa2aa6109754e0
2026-07-31T21:06:05.302+06:00  INFO 578387 --- [pangochain-backend] [   async-task-1] c.p.b.blockchain.FabricGatewayService    : Fabric tx committed: fn=LogAuditEvent txId=ca07acfc83eb537cf8eb97c91f0c697409ea5bdd384b12c8350d693a6f731f6a
2026-07-31T21:06:05.302+06:00  INFO 578387 --- [pangochain-backend] [essageBroker-10] c.p.b.blockchain.FabricGatewayService    : Fabric tx committed: fn=LogAuditEvent txId=fabdaf43b45639b2e0aabe766bc7b523ecfe5184458f899a77735c627eaba00c
2026-07-31T21:06:05.303+06:00  INFO 578387 --- [pangochain-backend] [   async-task-4] c.p.b.blockchain.FabricGatewayService    : Fabric tx committed: fn=LogAuditEvent txId=30e680e9f77dbf75d6a162522849eea2b7e2d4d25784b032e64ee052d1f5cbf8
2026-07-31T21:06:05.303+06:00  INFO 578387 --- [pangochain-backend] [   async-task-2] c.p.b.blockchain.FabricGatewayService    : Fabric tx committed: fn=LogAuditEvent txId=cd1b0c4c174ade41b595b246a18e67d784deb219eee1fd845a3dca3cc7da5c37
2026-07-31T21:06:05.303+06:00  INFO 578387 --- [pangochain-backend] [   async-task-8] c.p.b.blockchain.FabricGatewayService    : Fabric tx committed: fn=LogAuditEvent txId=c604f81faabc492109d5bd02f17b7d08584d19120b8e85cb31e8c35f23e9335b
2026-07-31T21:06:05.303+06:00  INFO 578387 --- [pangochain-backend] [   async-task-3] c.p.b.blockchain.FabricGatewayService    : Fabric tx committed: fn=LogAuditEvent txId=8014fab691fd9e6a4a7f493504fe6938dc1dbef0fdc87a7cdc507017666a191f
2026-07-31T21:06:05.303+06:00  INFO 578387 --- [pangochain-backend] [   async-task-6] c.p.b.blockchain.FabricGatewayService    : Fabric tx committed: fn=LogAuditEvent txId=86a078d0ada22a630384fcc09dad97fdca3fb839d57466065bfec2d1b56b2825
2026-07-31T21:06:05.303+06:00  INFO 578387 --- [pangochain-backend] [   async-task-7] c.p.b.blockchain.FabricGatewayService    : Fabric tx committed: fn=LogAuditEvent txId=fc53acd06aed91679a696e319b2c26ca524213b327ee0688e95c5f8065693550
2026-07-31T21:06:05.306+06:00  INFO 578387 --- [pangochain-backend] [essageBroker-10] c.p.b.audit.AuditAnchorBackfillWorker    : Anchored 16 audit events (ids 51195-51210) in batch tx fabdaf43b45639b2e0aabe766bc7b523ecfe5184458f899a77735c627eaba00c
2026-07-31T21:06:07.368+06:00  INFO 578387 --- [pangochain-backend] [   async-task-3] c.p.b.blockchain.FabricGatewayService    : Fabric tx committed: fn=LogAuditEvent txId=1c9f127adc2ddd863d0bf7b3679651afdee839a1ff53632600b6b1ab71509d08
2026-07-31T21:06:07.368+06:00  INFO 578387 --- [pangochain-backend] [   async-task-8] c.p.b.blockchain.FabricGatewayService    : Fabric tx committed: fn=LogAuditEvent txId=979444f5ae735ecb01580f253d154d1e2a7d9ec294ba30a20b21ebff63fd3824
2026-07-31T21:06:07.368+06:00  INFO 578387 --- [pangochain-backend] [   async-task-1] c.p.b.blockchain.FabricGatewayService    : Fabric tx committed: fn=LogAuditEvent txId=bd345b8250625c01c698c24aae0e0bd8c327790f2ba484032c9d77ae23bfa79e
2026-07-31T21:06:07.368+06:00  INFO 578387 --- [pangochain-backend] [   async-task-2] c.p.b.blockchain.FabricGatewayService    : Fabric tx committed: fn=LogAuditEvent txId=879eae6119b4a5ab600b8fedf0c8ef5bc3ce19cbdbcc526b4c5ed5273b25f547
2026-07-31T21:06:07.368+06:00  INFO 578387 --- [pangochain-backend] [   async-task-4] c.p.b.blockchain.FabricGatewayService    : Fabric tx committed: fn=LogAuditEvent txId=a9e3c6eb6670e46343cb3b0b51771f2619263d5805731b601dff7134875c7e6a
2026-07-31T21:06:07.368+06:00  INFO 578387 --- [pangochain-backend] [   async-task-6] c.p.b.blockchain.FabricGatewayService    : Fabric tx committed: fn=LogAuditEvent txId=baec3174b6007a00686d6ac8a5cb8ce23041082b3653a104678214b3e2088e0f
2026-07-31T21:06:07.368+06:00  INFO 578387 --- [pangochain-backend] [   async-task-5] c.p.b.blockchain.FabricGatewayService    : Fabric tx committed: fn=LogAuditEvent txId=5c225aa6e553d0407fae1d9c314e23f6a24b98a1e1d885924093437c591dd118
2026-07-31T21:06:07.368+06:00  INFO 578387 --- [pangochain-backend] [   async-task-7] c.p.b.blockchain.FabricGatewayService    : Fabric tx committed: fn=LogAuditEvent txId=589eb3cc305d2ccf4153540d9d2293d580b55400b4c903467a288e9f2125c079
2026-07-31T21:06:09.586+06:00  INFO 578387 --- [pangochain-backend] [   async-task-6] c.p.b.blockchain.FabricGatewayService    : Fabric tx committed: fn=LogAuditEvent txId=7c31a87c4ea2e15cf31d3095aa6668bde0cbdef4c8f7b1f55264aa16c68e0dbc
2026-07-31T21:06:09.586+06:00  INFO 578387 --- [pangochain-backend] [   async-task-2] c.p.b.blockchain.FabricGatewayService    : Fabric tx committed: fn=LogAuditEvent txId=409a4ab782f5f17348ffec7b3fc4b487ccc85c1badf03e4587f7a7835d8efc0f
2026-07-31T21:06:09.587+06:00  INFO 578387 --- [pangochain-backend] [   async-task-3] c.p.b.blockchain.FabricGatewayService    : Fabric tx committed: fn=LogAuditEvent txId=dcd8562ed66068b67afad3b29e9d0065b5074508ee793cbc8451e0d849993f6c
2026-07-31T21:06:09.588+06:00  INFO 578387 --- [pangochain-backend] [   async-task-8] c.p.b.blockchain.FabricGatewayService    : Fabric tx committed: fn=LogAuditEvent txId=55a8d711d80a95b15680e59d2f5d567a579c0585984efd11ec4e3add0a587e93
2026-07-31T21:06:09.589+06:00  INFO 578387 --- [pangochain-backend] [   async-task-7] c.p.b.blockchain.FabricGatewayService    : Fabric tx committed: fn=LogAuditEvent txId=4ceea82ab2581dd0cb6e1742993fd2fa2c5abb03905746b53a1d63d187cc89e6
2026-07-31T21:06:09.589+06:00  INFO 578387 --- [pangochain-backend] [essageBroker-10] c.p.b.blockchain.FabricGatewayService    : Fabric tx committed: fn=LogAuditEvent txId=063f6c3876b421d29ecf76c06ca897fd4d73ad4c84cee80d617f8d783c2d98c8
2026-07-31T21:06:09.588+06:00  INFO 578387 --- [pangochain-backend] [   async-task-1] c.p.b.blockchain.FabricGatewayService    : Fabric tx committed: fn=LogAuditEvent txId=803357e527f67d5d9e59484cb5e589b2fa4e2bda84c0943c8c5ec29e2f66350e
2026-07-31T21:06:09.588+06:00  INFO 578387 --- [pangochain-backend] [   async-task-5] c.p.b.blockchain.FabricGatewayService    : Fabric tx committed: fn=LogAuditEvent txId=7cfa82faf487d8b9bfa30a5f793968cced4aad0f65585b598a6b55db677b758f
2026-07-31T21:06:09.596+06:00  INFO 578387 --- [pangochain-backend] [   async-task-4] c.p.b.blockchain.FabricGatewayService    : Fabric tx committed: fn=LogAuditEvent txId=4165803b91af881c0954c4f8587466047b9379f7b054dc34e0542bcd37407a32
2026-07-31T21:06:09.625+06:00  INFO 578387 --- [pangochain-backend] [essageBroker-10] c.p.b.audit.AuditAnchorBackfillWorker    : Anchored 16 audit events (ids 51211-51226) in batch tx 063f6c3876b421d29ecf76c06ca897fd4d73ad4c84cee80d617f8d783c2d98c8
2026-07-31T21:06:11.754+06:00  INFO 578387 --- [pangochain-backend] [   async-task-4] c.p.b.blockchain.FabricGatewayService    : Fabric tx committed: fn=LogAuditEvent txId=ac9b9c1aeb73ca0054793b02d7b6db1595be9509fea32bb9676d27b7d6154a1f
2026-07-31T21:06:11.754+06:00  INFO 578387 --- [pangochain-backend] [   async-task-6] c.p.b.blockchain.FabricGatewayService    : Fabric tx committed: fn=LogAuditEvent txId=3b67f2947d4065aff2683d18f48d34d1b434ba85ec0ec5f3dfb65e6a76dace03
2026-07-31T21:06:11.754+06:00  INFO 578387 --- [pangochain-backend] [   async-task-8] c.p.b.blockchain.FabricGatewayService    : Fabric tx committed: fn=LogAuditEvent txId=1138658984924955544ade87e4835631e4e7fa0a9a69233a4b37cc25f877a295
2026-07-31T21:06:11.754+06:00  INFO 578387 --- [pangochain-backend] [essageBroker-10] c.p.b.blockchain.FabricGatewayService    : Fabric tx committed: fn=LogAuditEvent txId=0fe18e7b41fbda46195a96695eae57e84a75c63a18cb1c067193a0f56f2c7e85
2026-07-31T21:06:11.754+06:00  INFO 578387 --- [pangochain-backend] [   async-task-2] c.p.b.blockchain.FabricGatewayService    : Fabric tx committed: fn=LogAuditEvent txId=3a473d52ecdb5f06fe1d815183d7030e7455a076addfef247acde6dff896fa47
2026-07-31T21:06:11.754+06:00  INFO 578387 --- [pangochain-backend] [   async-task-1] c.p.b.blockchain.FabricGatewayService    : Fabric tx committed: fn=LogAuditEvent txId=752b4849d5690132072ad333b3c197920e010387837312d9d9a1ae3b5d63f01d
2026-07-31T21:06:11.754+06:00  INFO 578387 --- [pangochain-backend] [   async-task-3] c.p.b.blockchain.FabricGatewayService    : Fabric tx committed: fn=LogAuditEvent txId=61348c7507106dea446cba0b85399734f79e92d9a0bd51276fa6279b5195284d
2026-07-31T21:06:11.755+06:00  INFO 578387 --- [pangochain-backend] [   async-task-7] c.p.b.blockchain.FabricGatewayService    : Fabric tx committed: fn=LogAuditEvent txId=becf90a954ce3fad4c8b903c6d0e38e9407306bd6cb7045e778b994b5a309551
2026-07-31T21:06:11.755+06:00  INFO 578387 --- [pangochain-backend] [   async-task-5] c.p.b.blockchain.FabricGatewayService    : Fabric tx committed: fn=LogAuditEvent txId=600b6443ec21ce1d4232889b4f5f762c3652a8efbacba224c18d916e0d365be8
2026-07-31T21:06:11.758+06:00  INFO 578387 --- [pangochain-backend] [essageBroker-10] c.p.b.audit.AuditAnchorBackfillWorker    : Anchored 16 audit events (ids 51227-51242) in batch tx 0fe18e7b41fbda46195a96695eae57e84a75c63a18cb1c067193a0f56f2c7e85
2026-07-31T21:06:13.844+06:00  INFO 578387 --- [pangochain-backend] [MessageBroker-3] c.p.b.blockchain.FabricGatewayService    : Fabric tx committed: fn=LogAuditEvent txId=3e563f52399bc4dba65d203a6031c778d323a5a27892717bda707b7da987831c
2026-07-31T21:06:13.844+06:00  INFO 578387 --- [pangochain-backend] [   async-task-6] c.p.b.blockchain.FabricGatewayService    : Fabric tx committed: fn=LogAuditEvent txId=1bfbb3c9df981e488a28aea329d4110d4678d8128cb3e2a239c96af2a2a0a596
2026-07-31T21:06:13.844+06:00  INFO 578387 --- [pangochain-backend] [   async-task-3] c.p.b.blockchain.FabricGatewayService    : Fabric tx committed: fn=LogAuditEvent txId=f2bcddea49a2a652dc5c4495a5283d5a85606c4cabbd30b861fecc0d6adfe8b9
2026-07-31T21:06:13.844+06:00  INFO 578387 --- [pangochain-backend] [   async-task-4] c.p.b.blockchain.FabricGatewayService    : Fabric tx committed: fn=LogAuditEvent txId=10f0f24f636de486d6baeb3078087bb63271393bd20bbed78cad5847a089a391
2026-07-31T21:06:13.844+06:00  INFO 578387 --- [pangochain-backend] [   async-task-2] c.p.b.blockchain.FabricGatewayService    : Fabric tx committed: fn=LogAuditEvent txId=c8bb207980583e7d651be10ba42f9517a9226eecee213dcc6c563d86fac14bb1
2026-07-31T21:06:13.844+06:00  INFO 578387 --- [pangochain-backend] [   async-task-7] c.p.b.blockchain.FabricGatewayService    : Fabric tx committed: fn=LogAuditEvent txId=662bf7297c66798641a81fdb89a94c78509ec8a1f7856a64f44ec7a2fd910411
2026-07-31T21:06:13.845+06:00  INFO 578387 --- [pangochain-backend] [   async-task-1] c.p.b.blockchain.FabricGatewayService    : Fabric tx committed: fn=LogAuditEvent txId=2e62f8389b0171b31cd2bf86ddf577e66b85ff737c5267840fcf57789ac9b44f
2026-07-31T21:06:13.845+06:00  INFO 578387 --- [pangochain-backend] [   async-task-8] c.p.b.blockchain.FabricGatewayService    : Fabric tx committed: fn=LogAuditEvent txId=6f9c5b9b1de4b37089ea116e590313fbc11f2369c6e1760d6fb20b082f88572a
2026-07-31T21:06:13.844+06:00  INFO 578387 --- [pangochain-backend] [   async-task-5] c.p.b.blockchain.FabricGatewayService    : Fabric tx committed: fn=LogAuditEvent txId=c57dd59c59e86c0d1bbc323174475d2718ad9a69bf7a85e2d031bf2bc350f35a
2026-07-31T21:06:13.849+06:00  INFO 578387 --- [pangochain-backend] [MessageBroker-3] c.p.b.audit.AuditAnchorBackfillWorker    : Anchored 8 audit events (ids 51243-51250) in batch tx 3e563f52399bc4dba65d203a6031c778d323a5a27892717bda707b7da987831c
2026-07-31T21:06:15.909+06:00  INFO 578387 --- [pangochain-backend] [   async-task-8] c.p.b.blockchain.FabricGatewayService    : Fabric tx committed: fn=LogAuditEvent txId=f2a01af7b4de16a7c981ed684bba6b988da695cb8ce450ae1b0d0d043d1694da
2026-07-31T21:06:15.909+06:00  INFO 578387 --- [pangochain-backend] [   async-task-1] c.p.b.blockchain.FabricGatewayService    : Fabric tx committed: fn=LogAuditEvent txId=d49fdd37f40615e7dbb6c5f07d86b9eb1b800e5a6583d6aa412ba5c2a631f576
2026-07-31T21:06:15.909+06:00  INFO 578387 --- [pangochain-backend] [   async-task-5] c.p.b.blockchain.FabricGatewayService    : Fabric tx committed: fn=LogAuditEvent txId=e6b0ea217e1327d3abbe19e987069f716281fc481c021fd78945cb27643765ca
2026-07-31T21:06:15.909+06:00  INFO 578387 --- [pangochain-backend] [   async-task-3] c.p.b.blockchain.FabricGatewayService    : Fabric tx committed: fn=LogAuditEvent txId=827914b718589be0002891bd19329850bee486045ce9c0b0a9e90bf9f9c1edc0
2026-07-31T21:06:15.909+06:00  INFO 578387 --- [pangochain-backend] [   async-task-2] c.p.b.blockchain.FabricGatewayService    : Fabric tx committed: fn=LogAuditEvent txId=6ae2e7e0b6e0570a6e5e24632d70de4fffc301d3e77d52f3a533dbd7cb626b07
2026-07-31T21:06:15.909+06:00  INFO 578387 --- [pangochain-backend] [   async-task-7] c.p.b.blockchain.FabricGatewayService    : Fabric tx committed: fn=LogAuditEvent txId=2e6cdff9f5c6f5e4fe2ec7d2264208f945a36f95b7576722571a98204369962f
2026-07-31T21:06:15.909+06:00  INFO 578387 --- [pangochain-backend] [   async-task-4] c.p.b.blockchain.FabricGatewayService    : Fabric tx committed: fn=LogAuditEvent txId=0cdd47d21dcd4e12934fafbc209eda5616cd14fc5b405675ec703ca7fbbbdc87
2026-07-31T21:06:15.910+06:00  INFO 578387 --- [pangochain-backend] [   async-task-6] c.p.b.blockchain.FabricGatewayService    : Fabric tx committed: fn=LogAuditEvent txId=9ea049dfdd1e36d1dcc5c6b3c059f3af42552dfdf57a74226ac59dcfd2d26f40
2026-07-31T21:06:18.143+06:00  INFO 578387 --- [pangochain-backend] [   async-task-8] c.p.b.blockchain.FabricGatewayService    : Fabric tx committed: fn=LogAuditEvent txId=cfd1ee374714dfee548a1ce942274a41954f1bfabbc930c43bed20e3e04ae42f
2026-07-31T21:06:18.145+06:00  INFO 578387 --- [pangochain-backend] [   async-task-3] c.p.b.blockchain.FabricGatewayService    : Fabric tx committed: fn=LogAuditEvent txId=818e024e24711c29384f62fa4a5f6f16add8210fa7591295f6c6cb3cd3f27b83
2026-07-31T21:06:18.144+06:00  INFO 578387 --- [pangochain-backend] [   async-task-5] c.p.b.blockchain.FabricGatewayService    : Fabric tx committed: fn=LogAuditEvent txId=68428b22b9d0a88395c10ee89b75983d3209b8f5c5d54fb46f7d8cec8671c114
2026-07-31T21:06:18.146+06:00  INFO 578387 --- [pangochain-backend] [   async-task-6] c.p.b.blockchain.FabricGatewayService    : Fabric tx committed: fn=LogAuditEvent txId=cd688292c446eb7288242fd35b75863fe1a3e75f82986c975df3ff7de4cf0125
2026-07-31T21:06:18.146+06:00  INFO 578387 --- [pangochain-backend] [   async-task-1] c.p.b.blockchain.FabricGatewayService    : Fabric tx committed: fn=LogAuditEvent txId=1d852e302bb3afc5f05ba50838b83ef783e6656d72b701a5360f11856e364636
2026-07-31T21:06:18.147+06:00  INFO 578387 --- [pangochain-backend] [   async-task-2] c.p.b.blockchain.FabricGatewayService    : Fabric tx committed: fn=LogAuditEvent txId=074cec17e7e091d117a0c5ced37b4c84effb20ddbda7fc7db33db09bc65767b5
2026-07-31T21:06:18.149+06:00  INFO 578387 --- [pangochain-backend] [MessageBroker-3] c.p.b.blockchain.FabricGatewayService    : Fabric tx committed: fn=LogAuditEvent txId=a2351f5027988e448ce84b1ccc86b064bdfdf1e6bb06287f02576f779db4787d
2026-07-31T21:06:18.150+06:00  INFO 578387 --- [pangochain-backend] [   async-task-7] c.p.b.blockchain.FabricGatewayService    : Fabric tx committed: fn=LogAuditEvent txId=26b5c2d364c62db645eb6c23bccd24014219d8f36c319175a3cf8871b6d17657
2026-07-31T21:06:18.151+06:00  INFO 578387 --- [pangochain-backend] [   async-task-4] c.p.b.blockchain.FabricGatewayService    : Fabric tx committed: fn=LogAuditEvent txId=df37a59621c85b3bb563ecf152f31b2aa34f4883a36ec51fd3e731a360be433c
2026-07-31T21:06:18.172+06:00  INFO 578387 --- [pangochain-backend] [MessageBroker-3] c.p.b.audit.AuditAnchorBackfillWorker    : Anchored 8 audit events (ids 51251-51258) in batch tx a2351f5027988e448ce84b1ccc86b064bdfdf1e6bb06287f02576f779db4787d
2026-07-31T21:06:21.100+06:00  INFO 578387 --- [pangochain-backend] [   async-task-8] c.p.b.blockchain.FabricGatewayService    : Fabric tx committed: fn=LogAuditEvent txId=55a219110182b346836e5d57271d002e02b1be22bba4a3345dbe670ca30c1019
2026-07-31T21:06:21.101+06:00  INFO 578387 --- [pangochain-backend] [   async-task-7] c.p.b.blockchain.FabricGatewayService    : Fabric tx committed: fn=LogAuditEvent txId=7504655b74e1746e04eed1455194f88290e1bd032e362e946b140b7e54a00de0
2026-07-31T21:06:21.102+06:00  INFO 578387 --- [pangochain-backend] [   async-task-3] c.p.b.blockchain.FabricGatewayService    : Fabric tx committed: fn=LogAuditEvent txId=2f4104e16a1b8b5698707bbf081544e2a2e467d9628aea0aeb379ec434ca7023
2026-07-31T21:06:21.102+06:00  INFO 578387 --- [pangochain-backend] [   async-task-2] c.p.b.blockchain.FabricGatewayService    : Fabric tx committed: fn=LogAuditEvent txId=bf86ee8d23c3ad281d7822711619d2e449157517154ae2effeadac15f673d9b7
2026-07-31T21:06:21.105+06:00  INFO 578387 --- [pangochain-backend] [   async-task-5] c.p.b.blockchain.FabricGatewayService    : Fabric tx committed: fn=LogAuditEvent txId=7079300ea970dede6e0e7499a5c768979714e092e376e342a1a3610c2bf00b67
2026-07-31T21:06:21.105+06:00  INFO 578387 --- [pangochain-backend] [   async-task-6] c.p.b.blockchain.FabricGatewayService    : Fabric tx committed: fn=LogAuditEvent txId=bd457109efd2c85989984e4ec346e7c76ce12c167f45e12e7ee1988e0a60b1a9
2026-07-31T21:06:21.106+06:00  INFO 578387 --- [pangochain-backend] [   async-task-4] c.p.b.blockchain.FabricGatewayService    : Fabric tx committed: fn=LogAuditEvent txId=8e9eb86b2ada6fb83a3f7cd6c195f028fcc61f016e8fc7e7690c13853be48395
2026-07-31T21:06:21.108+06:00  INFO 578387 --- [pangochain-backend] [   async-task-1] c.p.b.blockchain.FabricGatewayService    : Fabric tx committed: fn=LogAuditEvent txId=ddab4ac796a61c058211459d91b102b805d8f7184aade535818bcdf45326a6b5
2026-07-31T21:06:23.133+06:00  INFO 578387 --- [pangochain-backend] [   async-task-6] c.p.b.blockchain.FabricGatewayService    : Fabric tx committed: fn=LogAuditEvent txId=8c057b16031c2333097d2356c425dba11b62f0ec40637b68e49bfdf29560854e
2026-07-31T21:06:23.133+06:00  INFO 578387 --- [pangochain-backend] [   async-task-7] c.p.b.blockchain.FabricGatewayService    : Fabric tx committed: fn=LogAuditEvent txId=5167487f4c29181021666c3e5fda9e81fed387a9ca5d96a5539e42d85dbcfea9
2026-07-31T21:06:23.133+06:00  INFO 578387 --- [pangochain-backend] [   async-task-2] c.p.b.blockchain.FabricGatewayService    : Fabric tx committed: fn=LogAuditEvent txId=1d2cbd06a11f369be7b87ae811bdd7336e1d10ee0a2e69080fd2f9af0ef284c3
2026-07-31T21:06:23.133+06:00  INFO 578387 --- [pangochain-backend] [   async-task-5] c.p.b.blockchain.FabricGatewayService    : Fabric tx committed: fn=LogAuditEvent txId=8a6a5c05ad7a147fe461e080fecce203e009c293a4515810d8d039ea2ffebbad
2026-07-31T21:06:23.134+06:00  INFO 578387 --- [pangochain-backend] [   async-task-1] c.p.b.blockchain.FabricGatewayService    : Fabric tx committed: fn=LogAuditEvent txId=695c3e6fd67dd910b86f44e3f4ba4bcf040d7a429493c5b0c9bf8ecead92095e
2026-07-31T21:06:23.134+06:00  INFO 578387 --- [pangochain-backend] [   async-task-4] c.p.b.blockchain.FabricGatewayService    : Fabric tx committed: fn=LogAuditEvent txId=4bae4e9bff505b014879d7b4bbc0a7b319414607c2d03df1a5f7e425d2f6d786
2026-07-31T21:06:23.135+06:00  INFO 578387 --- [pangochain-backend] [   async-task-8] c.p.b.blockchain.FabricGatewayService    : Fabric tx committed: fn=LogAuditEvent txId=ab6cdfc0954a89d592071536077306cd40392f96163ddb909d09b9f96adef889
2026-07-31T21:06:23.136+06:00  INFO 578387 --- [pangochain-backend] [essageBroker-14] c.p.b.blockchain.FabricGatewayService    : Fabric tx committed: fn=LogAuditEvent txId=9a347319177de06e6409e6197a075779d78543ee542c42767215f7613609934c
2026-07-31T21:06:23.137+06:00  INFO 578387 --- [pangochain-backend] [   async-task-3] c.p.b.blockchain.FabricGatewayService    : Fabric tx committed: fn=LogAuditEvent txId=1076a1bd00a52eec545644344afc552c6e6a242e8d33c5b67c9f6ab0e67dd835
2026-07-31T21:06:23.164+06:00  INFO 578387 --- [pangochain-backend] [essageBroker-14] c.p.b.audit.AuditAnchorBackfillWorker    : Anchored 16 audit events (ids 51259-51274) in batch tx 9a347319177de06e6409e6197a075779d78543ee542c42767215f7613609934c
2026-07-31T21:06:25.515+06:00  INFO 578387 --- [pangochain-backend] [   async-task-1] c.p.b.blockchain.FabricGatewayService    : Fabric tx committed: fn=LogAuditEvent txId=fe870ea516c7d9830b9f2e1f728974955df3ce16bad3ce2a429352dc81dfa8fe
2026-07-31T21:06:25.516+06:00  INFO 578387 --- [pangochain-backend] [   async-task-8] c.p.b.blockchain.FabricGatewayService    : Fabric tx committed: fn=LogAuditEvent txId=e2379c3cf7b321538301987df4be3c0e7540c8e8c472cbae4156faa6b1d6671d
2026-07-31T21:06:25.517+06:00  INFO 578387 --- [pangochain-backend] [   async-task-2] c.p.b.blockchain.FabricGatewayService    : Fabric tx committed: fn=LogAuditEvent txId=144909e4b59c8024df340d47802ebd8a1403790596afe46dbe325238ad83f34e
2026-07-31T21:06:25.517+06:00  INFO 578387 --- [pangochain-backend] [   async-task-5] c.p.b.blockchain.FabricGatewayService    : Fabric tx committed: fn=LogAuditEvent txId=1d1afa994af1042ed56ae4f1c3c141a716d383f13a463fb1a4a6dbdfb4a34501
2026-07-31T21:06:25.517+06:00  INFO 578387 --- [pangochain-backend] [   async-task-7] c.p.b.blockchain.FabricGatewayService    : Fabric tx committed: fn=LogAuditEvent txId=abac9349a28cf185f3f4ecd54703856a250a24d47801fd63c7d0c5e81e3657b2
2026-07-31T21:06:25.517+06:00  INFO 578387 --- [pangochain-backend] [   async-task-6] c.p.b.blockchain.FabricGatewayService    : Fabric tx committed: fn=LogAuditEvent txId=e9ba2fc8fcaef5e53715199f0fe26359bb8c9eb66a76472e8886694d8233927c
2026-07-31T21:06:25.518+06:00  INFO 578387 --- [pangochain-backend] [   async-task-4] c.p.b.blockchain.FabricGatewayService    : Fabric tx committed: fn=LogAuditEvent txId=2578f544d94375d07bfec0377aa94e62e217e5599001db024ff5b76832a5f42a
2026-07-31T21:06:25.517+06:00  INFO 578387 --- [pangochain-backend] [   async-task-3] c.p.b.blockchain.FabricGatewayService    : Fabric tx committed: fn=LogAuditEvent txId=1787f0f3f1e2f07055a73ae5572bc478f3c8db20687a6766583f8ebcf8aa19a9
2026-07-31T21:06:27.494+06:00  INFO 578387 --- [pangochain-backend] [   async-task-5] c.p.b.blockchain.FabricGatewayService    : Fabric tx committed: fn=LogAuditEvent txId=ddfe770fe0f364fcb7a48223f1e9213d2d3ca4dcbc5f50eed8f7ef5f059cf1dc
2026-07-31T21:06:27.494+06:00  INFO 578387 --- [pangochain-backend] [MessageBroker-7] c.p.b.blockchain.FabricGatewayService    : Fabric tx committed: fn=LogAuditEvent txId=886ad7db0191da02e00751890c184c7ac579fcd1c193fd75a5c7830a946e9853
2026-07-31T21:06:27.495+06:00  INFO 578387 --- [pangochain-backend] [   async-task-1] c.p.b.blockchain.FabricGatewayService    : Fabric tx committed: fn=LogAuditEvent txId=410af3ac99b41e43379b9abe9cd9f9cf17eebe0dea9fd793a35057557e6f1db0
2026-07-31T21:06:27.495+06:00  INFO 578387 --- [pangochain-backend] [   async-task-6] c.p.b.blockchain.FabricGatewayService    : Fabric tx committed: fn=LogAuditEvent txId=c16c4f1853ba6ce287fb1d07446ddaea38e192b4ea32a6b9b827f8bc572c9200
2026-07-31T21:06:27.496+06:00  INFO 578387 --- [pangochain-backend] [   async-task-2] c.p.b.blockchain.FabricGatewayService    : Fabric tx committed: fn=LogAuditEvent txId=9ae2a055d7bb6a0203d22c599ff354202e5db441ee465ffd82129190693ebe37
2026-07-31T21:06:27.498+06:00  INFO 578387 --- [pangochain-backend] [   async-task-3] c.p.b.blockchain.FabricGatewayService    : Fabric tx committed: fn=LogAuditEvent txId=c1a1dad0aa2d7024496ab4d6cd8386f1c7e875713189619db118bae7f422d98b
2026-07-31T21:06:27.501+06:00  INFO 578387 --- [pangochain-backend] [   async-task-8] c.p.b.blockchain.FabricGatewayService    : Fabric tx committed: fn=LogAuditEvent txId=dd92ba09f74b1c3ec7fcd1ad2b9d7c2cefa5eb7ae3b9a7e4ae93b1219647a6fb
2026-07-31T21:06:27.501+06:00  INFO 578387 --- [pangochain-backend] [   async-task-7] c.p.b.blockchain.FabricGatewayService    : Fabric tx committed: fn=LogAuditEvent txId=2d450bd7c15f74ee666fc7cd43af56e1202875c24d7dc1b3e7f866a1894d2e5b
2026-07-31T21:06:27.498+06:00  INFO 578387 --- [pangochain-backend] [   async-task-4] c.p.b.blockchain.FabricGatewayService    : Fabric tx committed: fn=LogAuditEvent txId=085b103fa1530bcd389bd98592c9996d15dc5411d08a206ea9fd122a24ae812f
2026-07-31T21:06:27.535+06:00  INFO 578387 --- [pangochain-backend] [MessageBroker-7] c.p.b.audit.AuditAnchorBackfillWorker    : Anchored 16 audit events (ids 51275-51290) in batch tx 886ad7db0191da02e00751890c184c7ac579fcd1c193fd75a5c7830a946e9853
2026-07-31T21:06:29.664+06:00  INFO 578387 --- [pangochain-backend] [   async-task-1] c.p.b.blockchain.FabricGatewayService    : Fabric tx committed: fn=LogAuditEvent txId=1fafe8baf92e17f85af7f80dadda5f4fdec044121114a656108ff3102c97b31a
2026-07-31T21:06:29.664+06:00  INFO 578387 --- [pangochain-backend] [   async-task-5] c.p.b.blockchain.FabricGatewayService    : Fabric tx committed: fn=LogAuditEvent txId=90aac9814eeb5b84846302cee04e647ae2644bb4110aa9b384c44772fcc951cf
2026-07-31T21:06:29.664+06:00  INFO 578387 --- [pangochain-backend] [   async-task-3] c.p.b.blockchain.FabricGatewayService    : Fabric tx committed: fn=LogAuditEvent txId=f724e89477c6cc309a495636df21edb6f433bac98f9c3b31b25999082ab82a7b
2026-07-31T21:06:29.664+06:00  INFO 578387 --- [pangochain-backend] [MessageBroker-2] c.p.b.blockchain.FabricGatewayService    : Fabric tx committed: fn=LogAuditEvent txId=857af30478efa8d7f63ce0f0bacdb57af8c50e0a9fa2ed3c0e4fa45a070f4f82
2026-07-31T21:06:29.664+06:00  INFO 578387 --- [pangochain-backend] [   async-task-8] c.p.b.blockchain.FabricGatewayService    : Fabric tx committed: fn=LogAuditEvent txId=de9979b12770a6107d18ec79d57e7c5110838b55b74eea3fc2d26fb0ca6fae74
2026-07-31T21:06:29.664+06:00  INFO 578387 --- [pangochain-backend] [   async-task-7] c.p.b.blockchain.FabricGatewayService    : Fabric tx committed: fn=LogAuditEvent txId=17bd1d009f682ce14b3685014ffefdc1dfaccd8cd685d0ea077fef8f4b47bdb1
2026-07-31T21:06:29.664+06:00  INFO 578387 --- [pangochain-backend] [   async-task-4] c.p.b.blockchain.FabricGatewayService    : Fabric tx committed: fn=LogAuditEvent txId=c633025755b5ce3dc278222b7f6290d13d4412b3ca506a3ca53330c84cf4598c
2026-07-31T21:06:29.665+06:00  INFO 578387 --- [pangochain-backend] [   async-task-2] c.p.b.blockchain.FabricGatewayService    : Fabric tx committed: fn=LogAuditEvent txId=eeab266d826d47497b29e8cf341f8a16f8141f23ff7c69a4f98e5cf0e0281a61
2026-07-31T21:06:29.665+06:00  INFO 578387 --- [pangochain-backend] [   async-task-6] c.p.b.blockchain.FabricGatewayService    : Fabric tx committed: fn=LogAuditEvent txId=c61d5d1e02ab36e21a669b3b53c97ecd73c0338bcece36b177c9afe7c586b367
2026-07-31T21:06:29.671+06:00  INFO 578387 --- [pangochain-backend] [MessageBroker-2] c.p.b.audit.AuditAnchorBackfillWorker    : Anchored 16 audit events (ids 51291-51306) in batch tx 857af30478efa8d7f63ce0f0bacdb57af8c50e0a9fa2ed3c0e4fa45a070f4f82
2026-07-31T21:06:31.751+06:00  INFO 578387 --- [pangochain-backend] [   async-task-3] c.p.b.blockchain.FabricGatewayService    : Fabric tx committed: fn=LogAuditEvent txId=a69712544c9958c21164ab7e42c3dfd506f89317a7c547ccd43bd089b175224a
2026-07-31T21:06:31.751+06:00  INFO 578387 --- [pangochain-backend] [   async-task-8] c.p.b.blockchain.FabricGatewayService    : Fabric tx committed: fn=LogAuditEvent txId=5ab030f1312ae83427aa1ef706fb370a8c6237c7d2aad1b86e41683945ba2570
2026-07-31T21:06:31.751+06:00  INFO 578387 --- [pangochain-backend] [   async-task-1] c.p.b.blockchain.FabricGatewayService    : Fabric tx committed: fn=LogAuditEvent txId=c50078ec496e751748598cf2f342bb04958fa1f93d2f85aaf62f29145d57b696
2026-07-31T21:06:31.752+06:00  INFO 578387 --- [pangochain-backend] [   async-task-5] c.p.b.blockchain.FabricGatewayService    : Fabric tx committed: fn=LogAuditEvent txId=1adf57a7ab8d27ad82a33493db87d36f609631c4f5988d08cc9a1a36830c1555
2026-07-31T21:06:31.752+06:00  INFO 578387 --- [pangochain-backend] [   async-task-4] c.p.b.blockchain.FabricGatewayService    : Fabric tx committed: fn=LogAuditEvent txId=7e47805d25dc21d831bd5fba7a6bf4d2812f0547da690fd1b55eedc238cfc716
2026-07-31T21:06:31.752+06:00  INFO 578387 --- [pangochain-backend] [   async-task-7] c.p.b.blockchain.FabricGatewayService    : Fabric tx committed: fn=LogAuditEvent txId=9aaf364bb7f3a0adf2072cbac78c2d970669e996d23969ef60f2416347c6bdee
2026-07-31T21:06:31.752+06:00  INFO 578387 --- [pangochain-backend] [   async-task-2] c.p.b.blockchain.FabricGatewayService    : Fabric tx committed: fn=LogAuditEvent txId=9d3fe0f6b2fecca8ca5ecfe41d9137ec884c3ae10f94fa70bb37cdd5f60ef23b
2026-07-31T21:06:31.752+06:00  INFO 578387 --- [pangochain-backend] [   async-task-6] c.p.b.blockchain.FabricGatewayService    : Fabric tx committed: fn=LogAuditEvent txId=ec147a8902d1d5b66856aeb46a21e2e982ef2aa51f2135f133f95e932e73d1ac
2026-07-31T21:06:33.952+06:00  INFO 578387 --- [pangochain-backend] [   async-task-5] c.p.b.blockchain.FabricGatewayService    : Fabric tx committed: fn=LogAuditEvent txId=6e0be03f1a658140bda9552bd66b75ecbd3292b9ab5414cff410be21b4a02d4e
2026-07-31T21:06:33.954+06:00  INFO 578387 --- [pangochain-backend] [   async-task-6] c.p.b.blockchain.FabricGatewayService    : Fabric tx committed: fn=LogAuditEvent txId=c741d18978b03ca04c2a0678ed1d9175c7ae2794d4e52f940429c63b5db11117
2026-07-31T21:06:33.954+06:00  INFO 578387 --- [pangochain-backend] [   async-task-3] c.p.b.blockchain.FabricGatewayService    : Fabric tx committed: fn=LogAuditEvent txId=1c6e578f93eba843a18c68a41687a096b094a68981738860a803637ae11e92f1
2026-07-31T21:06:33.953+06:00  INFO 578387 --- [pangochain-backend] [   async-task-2] c.p.b.blockchain.FabricGatewayService    : Fabric tx committed: fn=LogAuditEvent txId=c3c2527fa4ef7479068ef19aee57a82884703e7a68b3f7d6c6f436fee6eb93b0
2026-07-31T21:06:33.955+06:00  INFO 578387 --- [pangochain-backend] [   async-task-1] c.p.b.blockchain.FabricGatewayService    : Fabric tx committed: fn=LogAuditEvent txId=11503be2d5bbea37745ed5af4e63c942680aac89709a4a384d02b1bc398fdea7
2026-07-31T21:06:33.956+06:00  INFO 578387 --- [pangochain-backend] [   async-task-8] c.p.b.blockchain.FabricGatewayService    : Fabric tx committed: fn=LogAuditEvent txId=9bec32f61165d85cab8298b7cd363cab0da96f78a39ffdc24a85404fdc4cd31c
2026-07-31T21:06:33.956+06:00  INFO 578387 --- [pangochain-backend] [MessageBroker-2] c.p.b.blockchain.FabricGatewayService    : Fabric tx committed: fn=LogAuditEvent txId=cbb7d0b6bd1d058708d261e1bc9bf03e8ba248c0544b4f7e2ca899e6a3a56232
2026-07-31T21:06:33.957+06:00  INFO 578387 --- [pangochain-backend] [   async-task-4] c.p.b.blockchain.FabricGatewayService    : Fabric tx committed: fn=LogAuditEvent txId=91f4152ec3d4f496e774bc86a908192ded2ee5cc02377e41a2bf783a75fa7e88
2026-07-31T21:06:33.959+06:00  INFO 578387 --- [pangochain-backend] [   async-task-7] c.p.b.blockchain.FabricGatewayService    : Fabric tx committed: fn=LogAuditEvent txId=b92c29a3b523820b96ff8ac1e8c92f4daab774ee111bc8ddf4033b6bf0905ea2
2026-07-31T21:06:33.987+06:00  INFO 578387 --- [pangochain-backend] [MessageBroker-2] c.p.b.audit.AuditAnchorBackfillWorker    : Anchored 8 audit events (ids 51307-51314) in batch tx cbb7d0b6bd1d058708d261e1bc9bf03e8ba248c0544b4f7e2ca899e6a3a56232
2026-07-31T21:06:36.363+06:00  INFO 578387 --- [pangochain-backend] [   async-task-4] c.p.b.blockchain.FabricGatewayService    : Fabric tx committed: fn=LogAuditEvent txId=d6c45f33659ba0c38a403d83633ef3213739f052fde3af7599036e97144fdce4
2026-07-31T21:06:36.364+06:00  INFO 578387 --- [pangochain-backend] [   async-task-6] c.p.b.blockchain.FabricGatewayService    : Fabric tx committed: fn=LogAuditEvent txId=ac377fecbddd5d4258ad4153e2ad7fd65fec7d3fd073299f9c02885c242cef56
2026-07-31T21:06:36.363+06:00  INFO 578387 --- [pangochain-backend] [   async-task-7] c.p.b.blockchain.FabricGatewayService    : Fabric tx committed: fn=LogAuditEvent txId=a98cd470e8e3fffb674cf0c63f93f169cfd580b35750b0b013b1bc339b773530
2026-07-31T21:06:36.363+06:00  INFO 578387 --- [pangochain-backend] [   async-task-1] c.p.b.blockchain.FabricGatewayService    : Fabric tx committed: fn=LogAuditEvent txId=6e8e370a8fd5f83a58d3a1d043a321b7d7567d40a37a8c781267772fa7558fbb
2026-07-31T21:06:36.365+06:00  INFO 578387 --- [pangochain-backend] [   async-task-2] c.p.b.blockchain.FabricGatewayService    : Fabric tx committed: fn=LogAuditEvent txId=cd34c2bec22a1e387ea768618ccfbcc9ddd30ceaeb5ec37ee08d8c187b0fc58a
2026-07-31T21:06:36.366+06:00  INFO 578387 --- [pangochain-backend] [   async-task-5] c.p.b.blockchain.FabricGatewayService    : Fabric tx committed: fn=LogAuditEvent txId=7e77fa271890f19695fabd30bec771cfcd1a9b65fc6b61dd48be550cb17a5e51
2026-07-31T21:06:36.366+06:00  INFO 578387 --- [pangochain-backend] [   async-task-3] c.p.b.blockchain.FabricGatewayService    : Fabric tx committed: fn=LogAuditEvent txId=25517cec6334ae6b837fda90ebd295d97059d71aa7a3677f2b2537142b5c8c77
2026-07-31T21:06:36.366+06:00  INFO 578387 --- [pangochain-backend] [   async-task-8] c.p.b.blockchain.FabricGatewayService    : Fabric tx committed: fn=LogAuditEvent txId=9f1a16fcb6ea8c629f532b211d155f247287cf6b4a86c9fbef5df2f6cee3227b
2026-07-31T21:06:37.671+06:00  INFO 578387 --- [pangochain-backend] [MessageBroker-1] o.s.w.s.c.WebSocketMessageBrokerStats    : WebSocketSession[0 current WS(0)-HttpStream(0)-HttpPoll(0), 0 total, 0 closed abnormally (0 connect failure, 0 send limit, 0 transport error)], stompSubProtocol[processed CONNECT(0)-CONNECTED(0)-DISCONNECT(0)], stompBrokerRelay[null], inboundChannel[pool size = 0, active threads = 0, queued tasks = 0, completed tasks = 0], outboundChannel[pool size = 0, active threads = 0, queued tasks = 0, completed tasks = 0], sockJsScheduler[pool size = 18, active threads = 2, queued tasks = 3, completed tasks = 28]
2026-07-31T21:06:38.185+06:00  INFO 578387 --- [pangochain-backend] [   async-task-8] c.p.b.blockchain.FabricGatewayService    : Fabric tx committed: fn=LogAuditEvent txId=04fb400981146e5c246877e3221c75802e1344a89bb94889f9241074679e6448
2026-07-31T21:06:38.185+06:00  INFO 578387 --- [pangochain-backend] [   async-task-1] c.p.b.blockchain.FabricGatewayService    : Fabric tx committed: fn=LogAuditEvent txId=f280aedc8159501d5b72c6ffaaa8497dec39bca81867825ba2aed87158982937
2026-07-31T21:06:38.185+06:00  INFO 578387 --- [pangochain-backend] [   async-task-6] c.p.b.blockchain.FabricGatewayService    : Fabric tx committed: fn=LogAuditEvent txId=257840cd1e5405b1abc58eeb81883789f4369ea0d89e841be09547d54b7b9136
2026-07-31T21:06:38.185+06:00  INFO 578387 --- [pangochain-backend] [   async-task-2] c.p.b.blockchain.FabricGatewayService    : Fabric tx committed: fn=LogAuditEvent txId=8e9fd8424f18fb24846b950c721a6a80568c6d5e8adcb51cb0cef24300d0a1cb
2026-07-31T21:06:38.185+06:00  INFO 578387 --- [pangochain-backend] [MessageBroker-2] c.p.b.blockchain.FabricGatewayService    : Fabric tx committed: fn=LogAuditEvent txId=c5cf49c083a3da80912f8d3d7d31f811d68f86e7b9e6d7a8a069c3e01f85447a
2026-07-31T21:06:38.185+06:00  INFO 578387 --- [pangochain-backend] [   async-task-7] c.p.b.blockchain.FabricGatewayService    : Fabric tx committed: fn=LogAuditEvent txId=7b5475066596465e489271907fd748fb755791d389453515e8086d5d50cb7867
2026-07-31T21:06:38.185+06:00  INFO 578387 --- [pangochain-backend] [   async-task-4] c.p.b.blockchain.FabricGatewayService    : Fabric tx committed: fn=LogAuditEvent txId=1af09925437674b2d9406a789f729ce74cd23c3bcc26557df204b45216d65ffd
2026-07-31T21:06:38.185+06:00  INFO 578387 --- [pangochain-backend] [   async-task-5] c.p.b.blockchain.FabricGatewayService    : Fabric tx committed: fn=LogAuditEvent txId=d0225d5d7bcb0c3d5b75b0af83ba74343b81edf9e36105b035acc3b5eec6f682
2026-07-31T21:06:38.186+06:00  INFO 578387 --- [pangochain-backend] [   async-task-3] c.p.b.blockchain.FabricGatewayService    : Fabric tx committed: fn=LogAuditEvent txId=c1abff1b90e7092dc54d94c9858139598046c8cad1e94fc065c8b6610bee10fc
2026-07-31T21:06:38.189+06:00  INFO 578387 --- [pangochain-backend] [MessageBroker-2] c.p.b.audit.AuditAnchorBackfillWorker    : Anchored 16 audit events (ids 51315-51330) in batch tx c5cf49c083a3da80912f8d3d7d31f811d68f86e7b9e6d7a8a069c3e01f85447a
2026-07-31T21:06:40.348+06:00  INFO 578387 --- [pangochain-backend] [   async-task-2] c.p.b.blockchain.FabricGatewayService    : Fabric tx committed: fn=LogAuditEvent txId=ba5183c545cc2df1a8368a457c25fa8a9832aac3a04273199e9af6dcb2812200
2026-07-31T21:06:40.351+06:00  INFO 578387 --- [pangochain-backend] [   async-task-8] c.p.b.blockchain.FabricGatewayService    : Fabric tx committed: fn=LogAuditEvent txId=8f37ac95d24824421897a80c8180bbc199e30eb50f37dfd66d918ce96a8baf3c
2026-07-31T21:06:40.350+06:00  INFO 578387 --- [pangochain-backend] [   async-task-5] c.p.b.blockchain.FabricGatewayService    : Fabric tx committed: fn=LogAuditEvent txId=b51c249cb621e3614f671b23e6911a1be67373eaf3e457337fd84ae61bb81f17
2026-07-31T21:06:40.351+06:00  INFO 578387 --- [pangochain-backend] [   async-task-6] c.p.b.blockchain.FabricGatewayService    : Fabric tx committed: fn=LogAuditEvent txId=c49c01627f49affda649afb393b14c1fbbaf4fe596c7cf2d0abe76ae5f745063
2026-07-31T21:06:40.352+06:00  INFO 578387 --- [pangochain-backend] [   async-task-3] c.p.b.blockchain.FabricGatewayService    : Fabric tx committed: fn=LogAuditEvent txId=3cf7591ca31e5abc3776b1d35dfa128be765a7efedf0fbf61519c2d1a106d4e6
2026-07-31T21:06:40.352+06:00  INFO 578387 --- [pangochain-backend] [   async-task-7] c.p.b.blockchain.FabricGatewayService    : Fabric tx committed: fn=LogAuditEvent txId=25b88d7b5ffc58169e776b568f64155c0d37b0e66532a176496c126cd5fa6548
2026-07-31T21:06:40.353+06:00  INFO 578387 --- [pangochain-backend] [   async-task-1] c.p.b.blockchain.FabricGatewayService    : Fabric tx committed: fn=LogAuditEvent txId=d539a44d38926d8e12d59cdcd8b20fec99919184095697f4aeb1778ddfe97337
2026-07-31T21:06:40.355+06:00  INFO 578387 --- [pangochain-backend] [   async-task-4] c.p.b.blockchain.FabricGatewayService    : Fabric tx committed: fn=LogAuditEvent txId=4e27214950c824c1bf01ce1663fe3a7dde16176ce3ba18c60fc2df06c7a42670
2026-07-31T21:06:42.281+06:00  INFO 578387 --- [pangochain-backend] [MessageBroker-5] c.p.b.blockchain.FabricGatewayService    : Fabric tx committed: fn=LogAuditEvent txId=35ffb385233d81adcaf7f0530ddb394593886de19ecaa3dd81de88206154d4ea
2026-07-31T21:06:42.280+06:00  INFO 578387 --- [pangochain-backend] [   async-task-2] c.p.b.blockchain.FabricGatewayService    : Fabric tx committed: fn=LogAuditEvent txId=91e9497ae970aa3bf72e90ab567d7e75cc16536ff8f4c5de37bced45e5456d15
2026-07-31T21:06:42.281+06:00  INFO 578387 --- [pangochain-backend] [   async-task-7] c.p.b.blockchain.FabricGatewayService    : Fabric tx committed: fn=LogAuditEvent txId=61ddd66e914ede22aecb9ecff4430331f87aa229a123dd60330601c09e33543c
2026-07-31T21:06:42.280+06:00  INFO 578387 --- [pangochain-backend] [   async-task-8] c.p.b.blockchain.FabricGatewayService    : Fabric tx committed: fn=LogAuditEvent txId=5df40c49edf3107b79a164248184bf92b84580945048cdea2c5bc466a73f7215
2026-07-31T21:06:42.281+06:00  INFO 578387 --- [pangochain-backend] [   async-task-3] c.p.b.blockchain.FabricGatewayService    : Fabric tx committed: fn=LogAuditEvent txId=c0a4029367d0408c29ca65cf5be33095615b502078a3f199639fa31b1dafa874
2026-07-31T21:06:42.281+06:00  INFO 578387 --- [pangochain-backend] [   async-task-5] c.p.b.blockchain.FabricGatewayService    : Fabric tx committed: fn=LogAuditEvent txId=9fdd57c78d907fe0ace3506cf4675b24ca6e42e42ae1779a7b8405038b810cae
2026-07-31T21:06:42.281+06:00  INFO 578387 --- [pangochain-backend] [   async-task-6] c.p.b.blockchain.FabricGatewayService    : Fabric tx committed: fn=LogAuditEvent txId=187bdb6aae996146f32c813afb1355e417d9b5b5ade51e94488d9bc13d430a96
2026-07-31T21:06:42.281+06:00  INFO 578387 --- [pangochain-backend] [   async-task-1] c.p.b.blockchain.FabricGatewayService    : Fabric tx committed: fn=LogAuditEvent txId=825ac9d0b9f2268916342ee79ed1cdfedfbba402a5248042b43150af48e6169c
2026-07-31T21:06:42.282+06:00  INFO 578387 --- [pangochain-backend] [   async-task-4] c.p.b.blockchain.FabricGatewayService    : Fabric tx committed: fn=LogAuditEvent txId=280c779f5603771015e3868ff5b5a261cfd60dfacf21e9d09cec0384797b0930
2026-07-31T21:06:42.293+06:00  INFO 578387 --- [pangochain-backend] [MessageBroker-5] c.p.b.audit.AuditAnchorBackfillWorker    : Anchored 16 audit events (ids 51331-51346) in batch tx 35ffb385233d81adcaf7f0530ddb394593886de19ecaa3dd81de88206154d4ea
2026-07-31T21:06:44.703+06:00  INFO 578387 --- [pangochain-backend] [   async-task-4] c.p.b.blockchain.FabricGatewayService    : Fabric tx committed: fn=LogAuditEvent txId=b64e4a051dcf60df862350cf11f75a0c692a17a70dd860d8511fd815e967632c
2026-07-31T21:06:44.706+06:00  INFO 578387 --- [pangochain-backend] [   async-task-7] c.p.b.blockchain.FabricGatewayService    : Fabric tx committed: fn=LogAuditEvent txId=6d2e366a5d861e5330c8f5f8af28778b479a20b3972f0115b908cb2907674585
2026-07-31T21:06:44.707+06:00  INFO 578387 --- [pangochain-backend] [   async-task-5] c.p.b.blockchain.FabricGatewayService    : Fabric tx committed: fn=LogAuditEvent txId=6a5c3bae511b1ad535a15d474aab0973561759d32dfd7a83c9af2778ce991cd5
2026-07-31T21:06:44.707+06:00  INFO 578387 --- [pangochain-backend] [   async-task-8] c.p.b.blockchain.FabricGatewayService    : Fabric tx committed: fn=LogAuditEvent txId=1add1e38b32cf42fe7ac47bbbddcac0b13260dc366e842be34cd19e0bfca6acb
2026-07-31T21:06:44.708+06:00  INFO 578387 --- [pangochain-backend] [   async-task-6] c.p.b.blockchain.FabricGatewayService    : Fabric tx committed: fn=LogAuditEvent txId=60b767ef74b2ccd7f05c83da3841d0570e60f85d6a663d194962f4dd9e0e7065
2026-07-31T21:06:44.708+06:00  INFO 578387 --- [pangochain-backend] [   async-task-1] c.p.b.blockchain.FabricGatewayService    : Fabric tx committed: fn=LogAuditEvent txId=5b80cdbc536aaf769b1071d07f666b09f450ddc60c4dde853abab88a2d25cf04
2026-07-31T21:06:44.709+06:00  INFO 578387 --- [pangochain-backend] [   async-task-2] c.p.b.blockchain.FabricGatewayService    : Fabric tx committed: fn=LogAuditEvent txId=174ccefd2cbcfbf5d7a938180d0e1f4ab7cdd788a76418103668ca7c9c3ee24a
2026-07-31T21:06:44.710+06:00  INFO 578387 --- [pangochain-backend] [   async-task-3] c.p.b.blockchain.FabricGatewayService    : Fabric tx committed: fn=LogAuditEvent txId=18d599c1ae0103a233787adb4cbe2232643fdf66312fd8e75de21fb0929694c9
2026-07-31T21:06:46.578+06:00  INFO 578387 --- [pangochain-backend] [   async-task-6] c.p.b.blockchain.FabricGatewayService    : Fabric tx committed: fn=LogAuditEvent txId=2a5f5ecd3774ba064e3f20d08715c342442f4d00900e160a6b16afb97344a2c2
2026-07-31T21:06:46.578+06:00  INFO 578387 --- [pangochain-backend] [   async-task-1] c.p.b.blockchain.FabricGatewayService    : Fabric tx committed: fn=LogAuditEvent txId=4d7e3667849763eb07c2c061caf03005b61db059b9c8b69983d5e706a784e555
2026-07-31T21:06:46.578+06:00  INFO 578387 --- [pangochain-backend] [essageBroker-10] c.p.b.blockchain.FabricGatewayService    : Fabric tx committed: fn=LogAuditEvent txId=6cd3f20ddce961083a862bfd395d4ee538da5556f56929bfcc02e80be4115c8f
2026-07-31T21:06:46.578+06:00  INFO 578387 --- [pangochain-backend] [   async-task-2] c.p.b.blockchain.FabricGatewayService    : Fabric tx committed: fn=LogAuditEvent txId=05751681f8f12c550e029789aeffd7462ef054a8182ae008b8ecc7f675ae4704
2026-07-31T21:06:46.579+06:00  INFO 578387 --- [pangochain-backend] [   async-task-3] c.p.b.blockchain.FabricGatewayService    : Fabric tx committed: fn=LogAuditEvent txId=7208c8898e6649086b68a9937da0b30d78ad7a608dccfa9abbefa84d051613dd
2026-07-31T21:06:46.579+06:00  INFO 578387 --- [pangochain-backend] [   async-task-8] c.p.b.blockchain.FabricGatewayService    : Fabric tx committed: fn=LogAuditEvent txId=b2d1a803308e4f9c0b4c1fec19d8ebcb2091a842760975ebc5c8c51adbbdc5ca
2026-07-31T21:06:46.579+06:00  INFO 578387 --- [pangochain-backend] [   async-task-5] c.p.b.blockchain.FabricGatewayService    : Fabric tx committed: fn=LogAuditEvent txId=dfe56b5b369be530f8051ae538f4b1c64a091773ce04e0d2f9a82b1fe75074b5
2026-07-31T21:06:46.578+06:00  INFO 578387 --- [pangochain-backend] [   async-task-4] c.p.b.blockchain.FabricGatewayService    : Fabric tx committed: fn=LogAuditEvent txId=ac08fc7288bc77625b2dd06b4b7771b7d093e0e14a45ca8360d177b31820bc43
2026-07-31T21:06:46.579+06:00  INFO 578387 --- [pangochain-backend] [   async-task-7] c.p.b.blockchain.FabricGatewayService    : Fabric tx committed: fn=LogAuditEvent txId=1aca6853e42897b8a6f95f889a2c2fd689f6c7a795ffd76c83f8d63dfe9107d9
2026-07-31T21:06:46.587+06:00  INFO 578387 --- [pangochain-backend] [essageBroker-10] c.p.b.audit.AuditAnchorBackfillWorker    : Anchored 16 audit events (ids 51347-51362) in batch tx 6cd3f20ddce961083a862bfd395d4ee538da5556f56929bfcc02e80be4115c8f
2026-07-31T21:06:48.662+06:00  INFO 578387 --- [pangochain-backend] [   async-task-6] c.p.b.blockchain.FabricGatewayService    : Fabric tx committed: fn=LogAuditEvent txId=9fabc5a05d54dbf3d2608286a72d34ff3f70e06af3a9aeb89672ff87a89ce00b
2026-07-31T21:06:48.662+06:00  INFO 578387 --- [pangochain-backend] [   async-task-3] c.p.b.blockchain.FabricGatewayService    : Fabric tx committed: fn=LogAuditEvent txId=445f7df17cab921fe6780c149000b7097116c0691220812a8772d9687dcc0118
2026-07-31T21:06:48.662+06:00  INFO 578387 --- [pangochain-backend] [   async-task-4] c.p.b.blockchain.FabricGatewayService    : Fabric tx committed: fn=LogAuditEvent txId=4185dd86498ae8c0f6e49f29e71901bcba84cfd25844fe1a0f1e4fcb90e05dcb
2026-07-31T21:06:48.662+06:00  INFO 578387 --- [pangochain-backend] [   async-task-1] c.p.b.blockchain.FabricGatewayService    : Fabric tx committed: fn=LogAuditEvent txId=54b60e0ff32dec8d36e4ad1b3dbd2d953dd0da8a79ad7752947230e2aee8c992
2026-07-31T21:06:48.662+06:00  INFO 578387 --- [pangochain-backend] [   async-task-5] c.p.b.blockchain.FabricGatewayService    : Fabric tx committed: fn=LogAuditEvent txId=f5e0c4d206a8243c712daa53787f248d332e8374a3efaac5f04a9e86512f804d
2026-07-31T21:06:48.662+06:00  INFO 578387 --- [pangochain-backend] [   async-task-7] c.p.b.blockchain.FabricGatewayService    : Fabric tx committed: fn=LogAuditEvent txId=6a303e9db233d3c727dddb4a99b8166d82c4cb0ba6b356f254e7e367e716833e
2026-07-31T21:06:48.662+06:00  INFO 578387 --- [pangochain-backend] [   async-task-8] c.p.b.blockchain.FabricGatewayService    : Fabric tx committed: fn=LogAuditEvent txId=db18ce6189c0022769c2f03de68094a53b2dde022fe473a1baa66809513b5dbb
2026-07-31T21:06:48.662+06:00  INFO 578387 --- [pangochain-backend] [   async-task-2] c.p.b.blockchain.FabricGatewayService    : Fabric tx committed: fn=LogAuditEvent txId=1a4d8974906e06764c3b1d97562bc53bc3699be72b78f922e62b10dfdf4b9232
2026-07-31T21:06:50.678+06:00  INFO 578387 --- [pangochain-backend] [   async-task-4] c.p.b.blockchain.FabricGatewayService    : Fabric tx committed: fn=LogAuditEvent txId=0e4c135d316f9699b133c29499cea5388023d172c1605c108dc09bb6603b2f3c
2026-07-31T21:06:50.678+06:00  INFO 578387 --- [pangochain-backend] [   async-task-6] c.p.b.blockchain.FabricGatewayService    : Fabric tx committed: fn=LogAuditEvent txId=6d49bbb6ae041265d742219601ade823441ac1a3b45305acc0af942c02d01c69
2026-07-31T21:06:50.678+06:00  INFO 578387 --- [pangochain-backend] [   async-task-3] c.p.b.blockchain.FabricGatewayService    : Fabric tx committed: fn=LogAuditEvent txId=f88ca2f574d87d9aa95e0bd2932fc7fa14ef977616cd5ca665b36748a4ce6b93
2026-07-31T21:06:50.678+06:00  INFO 578387 --- [pangochain-backend] [   async-task-1] c.p.b.blockchain.FabricGatewayService    : Fabric tx committed: fn=LogAuditEvent txId=d564d35196250bc2c05e80fe138e4f17b026b6c377e29dce2b8eabf792014b32
2026-07-31T21:06:50.678+06:00  INFO 578387 --- [pangochain-backend] [MessageBroker-4] c.p.b.blockchain.FabricGatewayService    : Fabric tx committed: fn=LogAuditEvent txId=affd100384ce3b4d811d08eaff8a1464b1d9fe0924b94271b3886f32f21b35ff
2026-07-31T21:06:50.678+06:00  INFO 578387 --- [pangochain-backend] [   async-task-2] c.p.b.blockchain.FabricGatewayService    : Fabric tx committed: fn=LogAuditEvent txId=9f327df07c7d0ce6f694ecfa22409b66ce77bf53382dab6284d4f0f4d1f4bacd
2026-07-31T21:06:50.678+06:00  INFO 578387 --- [pangochain-backend] [   async-task-8] c.p.b.blockchain.FabricGatewayService    : Fabric tx committed: fn=LogAuditEvent txId=1a776fddde460db8759d9bbabe84da9084fc282f2e264c9f9062c2dad6085517
2026-07-31T21:06:50.678+06:00  INFO 578387 --- [pangochain-backend] [   async-task-5] c.p.b.blockchain.FabricGatewayService    : Fabric tx committed: fn=LogAuditEvent txId=2a1fa3a10fb8823c80caab03c125f3304ef59e0adf4896acd56f5df446e6d4da
2026-07-31T21:06:50.678+06:00  INFO 578387 --- [pangochain-backend] [   async-task-7] c.p.b.blockchain.FabricGatewayService    : Fabric tx committed: fn=LogAuditEvent txId=b7fe7b25e5542f577f99873f13b305a834f95381925a6ef91a871a54bd8dadd5
2026-07-31T21:06:50.685+06:00  INFO 578387 --- [pangochain-backend] [MessageBroker-4] c.p.b.audit.AuditAnchorBackfillWorker    : Anchored 16 audit events (ids 51363-51378) in batch tx affd100384ce3b4d811d08eaff8a1464b1d9fe0924b94271b3886f32f21b35ff
2026-07-31T21:06:52.740+06:00  INFO 578387 --- [pangochain-backend] [   async-task-7] c.p.b.blockchain.FabricGatewayService    : Fabric tx committed: fn=LogAuditEvent txId=d3e7efff031a1237c3fe0046eb5f61cf4293f48c44599023a0bcad3cc892982e
2026-07-31T21:06:52.740+06:00  INFO 578387 --- [pangochain-backend] [   async-task-1] c.p.b.blockchain.FabricGatewayService    : Fabric tx committed: fn=LogAuditEvent txId=9135d8057dbe87e43bd83dd05224e6de0f167b80e575f81145bac6a0b01c12cc
2026-07-31T21:06:52.740+06:00  INFO 578387 --- [pangochain-backend] [   async-task-3] c.p.b.blockchain.FabricGatewayService    : Fabric tx committed: fn=LogAuditEvent txId=32debae5d52b5084e05175d4840bdc0acff4cd2e7871bc82bca2993b74b70b4c
2026-07-31T21:06:52.740+06:00  INFO 578387 --- [pangochain-backend] [   async-task-2] c.p.b.blockchain.FabricGatewayService    : Fabric tx committed: fn=LogAuditEvent txId=807406915d9797d4894471aad01eb71582980868bb2275792c7f87e01eccf9e2
2026-07-31T21:06:52.740+06:00  INFO 578387 --- [pangochain-backend] [   async-task-4] c.p.b.blockchain.FabricGatewayService    : Fabric tx committed: fn=LogAuditEvent txId=89c4d6520ca687da23705e43f872faf32d02c57303f177f46608f33cf6305dfc
2026-07-31T21:06:52.740+06:00  INFO 578387 --- [pangochain-backend] [   async-task-5] c.p.b.blockchain.FabricGatewayService    : Fabric tx committed: fn=LogAuditEvent txId=b8d30699f805d961da773f0b1b694c2f12e104cc3688955fc99034a6e977d562
2026-07-31T21:06:52.740+06:00  INFO 578387 --- [pangochain-backend] [   async-task-8] c.p.b.blockchain.FabricGatewayService    : Fabric tx committed: fn=LogAuditEvent txId=223e29a609e6abe1bb8fcdf78ff446f7dcc888f5ea4a49c824f23604e0340c04
2026-07-31T21:06:52.740+06:00  INFO 578387 --- [pangochain-backend] [   async-task-6] c.p.b.blockchain.FabricGatewayService    : Fabric tx committed: fn=LogAuditEvent txId=7a20bcbba8ad0d0e3c1f3eb1ec65f4a3349f08fa5305adac42d7aa480ee629f9
2026-07-31T21:06:55.004+06:00  INFO 578387 --- [pangochain-backend] [   async-task-1] c.p.b.blockchain.FabricGatewayService    : Fabric tx committed: fn=LogAuditEvent txId=be5ef0ea9d7cdca86dfeb80bc5df617bc2c4d41205aba47deaa7c6ac315816d7
2026-07-31T21:06:55.005+06:00  INFO 578387 --- [pangochain-backend] [   async-task-7] c.p.b.blockchain.FabricGatewayService    : Fabric tx committed: fn=LogAuditEvent txId=52356cd7105430ca4fd2b92043012f4b5f9764449f5b777e8c2e25922f5b00b9
2026-07-31T21:06:55.004+06:00  INFO 578387 --- [pangochain-backend] [   async-task-8] c.p.b.blockchain.FabricGatewayService    : Fabric tx committed: fn=LogAuditEvent txId=30fcb6313c9511b22d7888b7bdf3d82f325a1a8ec99d3360c1becd7b72337b92
2026-07-31T21:06:55.006+06:00  INFO 578387 --- [pangochain-backend] [   async-task-2] c.p.b.blockchain.FabricGatewayService    : Fabric tx committed: fn=LogAuditEvent txId=445223a3a06ea5b647515950233ab4ed241c719d1917a88a41150c8b8492ed64
2026-07-31T21:06:55.007+06:00  INFO 578387 --- [pangochain-backend] [   async-task-3] c.p.b.blockchain.FabricGatewayService    : Fabric tx committed: fn=LogAuditEvent txId=0e503996929a73a62ad8e81217764d953cad686251186bb7767f5390e724831d
2026-07-31T21:06:55.009+06:00  INFO 578387 --- [pangochain-backend] [MessageBroker-4] c.p.b.blockchain.FabricGatewayService    : Fabric tx committed: fn=LogAuditEvent txId=9d608a9c2f67c6cd0d549b9ea1a9be6088d9ba009c21d4a279bf96ff22b1f858
2026-07-31T21:06:55.009+06:00  INFO 578387 --- [pangochain-backend] [   async-task-6] c.p.b.blockchain.FabricGatewayService    : Fabric tx committed: fn=LogAuditEvent txId=77fbbafbf8b0b8f10a580109603b094c7f7f4c421676c26607948953cd935b57
2026-07-31T21:06:55.016+06:00  INFO 578387 --- [pangochain-backend] [   async-task-5] c.p.b.blockchain.FabricGatewayService    : Fabric tx committed: fn=LogAuditEvent txId=82ded501477525e9c62979c94eb74d33cc70b5c3e7b2f4ec5ac2acff46835d31
2026-07-31T21:06:55.010+06:00  INFO 578387 --- [pangochain-backend] [   async-task-4] c.p.b.blockchain.FabricGatewayService    : Fabric tx committed: fn=LogAuditEvent txId=bb89ca3571ff907e8637f6a291df3afc29c99df0a98179ea42a9b845e146409a
2026-07-31T21:06:55.033+06:00  INFO 578387 --- [pangochain-backend] [MessageBroker-4] c.p.b.audit.AuditAnchorBackfillWorker    : Anchored 16 audit events (ids 51379-51394) in batch tx 9d608a9c2f67c6cd0d549b9ea1a9be6088d9ba009c21d4a279bf96ff22b1f858
2026-07-31T21:06:56.819+06:00  INFO 578387 --- [pangochain-backend] [   async-task-8] c.p.b.blockchain.FabricGatewayService    : Fabric tx committed: fn=LogAuditEvent txId=5cd9d1b8489ec8e5c85c6de1299ab17810ab98934c7efa3e9fed2713e34c9f45
2026-07-31T21:06:56.819+06:00  INFO 578387 --- [pangochain-backend] [   async-task-3] c.p.b.blockchain.FabricGatewayService    : Fabric tx committed: fn=LogAuditEvent txId=9ce778e702ae5458f24f71a402a26a1fc4fe2f6cf92fe9c12f5c0348eb43019d
2026-07-31T21:06:56.819+06:00  INFO 578387 --- [pangochain-backend] [   async-task-1] c.p.b.blockchain.FabricGatewayService    : Fabric tx committed: fn=LogAuditEvent txId=75837979a7ebfe90a82f4d0d28257943cfb11d8d4800a3e11fa4e8808b139249
2026-07-31T21:06:56.819+06:00  INFO 578387 --- [pangochain-backend] [   async-task-6] c.p.b.blockchain.FabricGatewayService    : Fabric tx committed: fn=LogAuditEvent txId=3a8b55ae0b508c3cb047692e46a2b5f0ee18c599a108763f8eb4e621f3724a09
2026-07-31T21:06:56.819+06:00  INFO 578387 --- [pangochain-backend] [   async-task-5] c.p.b.blockchain.FabricGatewayService    : Fabric tx committed: fn=LogAuditEvent txId=d6f7f7e71ed9a9a41439e198b0b0c4fbe8c5a44f02354c86039c59b34d127c52
2026-07-31T21:06:56.819+06:00  INFO 578387 --- [pangochain-backend] [   async-task-4] c.p.b.blockchain.FabricGatewayService    : Fabric tx committed: fn=LogAuditEvent txId=2b640618bb35e5ad52811252dc76c9808070e10bcdef22bc294badaa40fc69e3
2026-07-31T21:06:56.820+06:00  INFO 578387 --- [pangochain-backend] [   async-task-7] c.p.b.blockchain.FabricGatewayService    : Fabric tx committed: fn=LogAuditEvent txId=7a7f57b7365dc1ec6ae7bbdb3fa794f7b528844c4929594ad403d77b150b14ea
2026-07-31T21:06:56.820+06:00  INFO 578387 --- [pangochain-backend] [   async-task-2] c.p.b.blockchain.FabricGatewayService    : Fabric tx committed: fn=LogAuditEvent txId=9cc01d4ca0770af26e997b97098f79937dd716b6ab67ba9a42cb24b8aa7c2fbc
2026-07-31T21:06:56.820+06:00  INFO 578387 --- [pangochain-backend] [MessageBroker-3] c.p.b.blockchain.FabricGatewayService    : Fabric tx committed: fn=UpdateTimeAnchor txId=dbd07905e17401278e6dc216fa96df083141b35608c23d606043d784bbf5c517
2026-07-31T21:06:59.104+06:00  INFO 578387 --- [pangochain-backend] [   async-task-4] c.p.b.blockchain.FabricGatewayService    : Fabric tx committed: fn=LogAuditEvent txId=fbed994c9c5c797db26b6db5fb9a7f48bd972a7d38881033d9a511d6df16fca0
2026-07-31T21:06:59.107+06:00  INFO 578387 --- [pangochain-backend] [MessageBroker-4] c.p.b.blockchain.FabricGatewayService    : Fabric tx committed: fn=LogAuditEvent txId=227549451da0548ddc53ff99ec960bc7e5db01edebde01dd41bb55850c5c987b
2026-07-31T21:06:59.108+06:00  INFO 578387 --- [pangochain-backend] [   async-task-3] c.p.b.blockchain.FabricGatewayService    : Fabric tx committed: fn=LogAuditEvent txId=a2079ed80202872262c138ee367e44cb5173f90529a34b0ab04be8be25180881
2026-07-31T21:06:59.108+06:00  INFO 578387 --- [pangochain-backend] [   async-task-5] c.p.b.blockchain.FabricGatewayService    : Fabric tx committed: fn=LogAuditEvent txId=4b0af02e4f34a3cea41c28b2620c062c2f44e7ff151c9175e2f810761cd03bc5
2026-07-31T21:06:59.110+06:00  INFO 578387 --- [pangochain-backend] [   async-task-7] c.p.b.blockchain.FabricGatewayService    : Fabric tx committed: fn=LogAuditEvent txId=7f8cdb633efc5ad791b85b763ebffe23c8fff0232a5502547d2c8f2be8c5713e
2026-07-31T21:06:59.110+06:00  INFO 578387 --- [pangochain-backend] [   async-task-8] c.p.b.blockchain.FabricGatewayService    : Fabric tx committed: fn=LogAuditEvent txId=a7b1bc3375ff38f53f599ca689e581bd8c7e172fab33f8019135330c10135464
2026-07-31T21:06:59.110+06:00  INFO 578387 --- [pangochain-backend] [   async-task-1] c.p.b.blockchain.FabricGatewayService    : Fabric tx committed: fn=LogAuditEvent txId=e3aadcb596728833a525343986139a8419a5955c66bc5306da12742e117debe9
2026-07-31T21:06:59.110+06:00  INFO 578387 --- [pangochain-backend] [   async-task-2] c.p.b.blockchain.FabricGatewayService    : Fabric tx committed: fn=LogAuditEvent txId=7d2dda4d5719f1877b693f2591815c1ae516e5bd4badb56b5438f815a04d2206
2026-07-31T21:06:59.111+06:00  INFO 578387 --- [pangochain-backend] [   async-task-6] c.p.b.blockchain.FabricGatewayService    : Fabric tx committed: fn=LogAuditEvent txId=db75fad488a5df991cb879635c069a60eb57b07b0a1d6f79053366dbce4258d4
2026-07-31T21:06:59.127+06:00  INFO 578387 --- [pangochain-backend] [MessageBroker-4] c.p.b.audit.AuditAnchorBackfillWorker    : Anchored 24 audit events (ids 51395-51418) in batch tx 227549451da0548ddc53ff99ec960bc7e5db01edebde01dd41bb55850c5c987b
2026-07-31T21:07:01.305+06:00  INFO 578387 --- [pangochain-backend] [   async-task-1] c.p.b.blockchain.FabricGatewayService    : Fabric tx committed: fn=LogAuditEvent txId=2e5f28b66537f763fd9f33abb926d5af162de9f4085fdf23fbeb927ce8d9962e
2026-07-31T21:07:01.305+06:00  INFO 578387 --- [pangochain-backend] [   async-task-3] c.p.b.blockchain.FabricGatewayService    : Fabric tx committed: fn=LogAuditEvent txId=0ba074967faf5545cf5d7716b02e59ad9b12f83c3ba4c587148942ddea59dfb7
2026-07-31T21:07:01.305+06:00  INFO 578387 --- [pangochain-backend] [   async-task-6] c.p.b.blockchain.FabricGatewayService    : Fabric tx committed: fn=LogAuditEvent txId=4d5b183a63984d531453086002bd0937b4e7ea365f151c990ad6d90efb60b9f6
2026-07-31T21:07:01.305+06:00  INFO 578387 --- [pangochain-backend] [   async-task-5] c.p.b.blockchain.FabricGatewayService    : Fabric tx committed: fn=LogAuditEvent txId=b5b1240a6c44116f7f16e23dd39f3cba9570dab3f8fa3466398ea4bfa6ed587f
2026-07-31T21:07:01.305+06:00  INFO 578387 --- [pangochain-backend] [   async-task-8] c.p.b.blockchain.FabricGatewayService    : Fabric tx committed: fn=LogAuditEvent txId=bfc9946f01032b1df4319c048c53e3f31c65d9255864a015cc3e3a0a9ae96499
2026-07-31T21:07:01.305+06:00  INFO 578387 --- [pangochain-backend] [   async-task-7] c.p.b.blockchain.FabricGatewayService    : Fabric tx committed: fn=LogAuditEvent txId=069b9a93d0dfe88b418cf9ab827e80dc35e3e9ae7b3dcb1ab504ee4c3b433d25
2026-07-31T21:07:01.305+06:00  INFO 578387 --- [pangochain-backend] [   async-task-4] c.p.b.blockchain.FabricGatewayService    : Fabric tx committed: fn=LogAuditEvent txId=e40d1c32536b734951eba5c1ee46cab94dc4cfa683058239d33ac311220aebac
2026-07-31T21:07:01.305+06:00  INFO 578387 --- [pangochain-backend] [   async-task-2] c.p.b.blockchain.FabricGatewayService    : Fabric tx committed: fn=LogAuditEvent txId=6365f86fb530cf0193a492532cea19573e2fa51408180809277832e1dd2e63ef
2026-07-31T21:07:03.334+06:00  INFO 578387 --- [pangochain-backend] [   async-task-5] c.p.b.blockchain.FabricGatewayService    : Fabric tx committed: fn=LogAuditEvent txId=598bde4c3bd56881c6f8e0ed39cad59225025b90013ad89f4d937ddc47ade690
2026-07-31T21:07:03.334+06:00  INFO 578387 --- [pangochain-backend] [   async-task-3] c.p.b.blockchain.FabricGatewayService    : Fabric tx committed: fn=LogAuditEvent txId=bfb930f2d96b8ca0b005f3b4944832d44f92405e7f70a111af15fc931093888d
2026-07-31T21:07:03.334+06:00  INFO 578387 --- [pangochain-backend] [   async-task-8] c.p.b.blockchain.FabricGatewayService    : Fabric tx committed: fn=LogAuditEvent txId=c7c96dff0b72e27fa977a4f78fc1f0095ce95398b3d4fafeaa0e04eb6e33ddd1
2026-07-31T21:07:03.334+06:00  INFO 578387 --- [pangochain-backend] [   async-task-1] c.p.b.blockchain.FabricGatewayService    : Fabric tx committed: fn=LogAuditEvent txId=8e01866afa869a5cb1fa715d9f5bc92b69317d25e74ed9ff51f2e0ef9a0ecc4d
2026-07-31T21:07:03.334+06:00  INFO 578387 --- [pangochain-backend] [   async-task-2] c.p.b.blockchain.FabricGatewayService    : Fabric tx committed: fn=LogAuditEvent txId=b8bfe8d41921cb5cb8ae77f6c8aacdd66622ec88eecf59f0b03aeb21f956b5eb
2026-07-31T21:07:03.334+06:00  INFO 578387 --- [pangochain-backend] [   async-task-6] c.p.b.blockchain.FabricGatewayService    : Fabric tx committed: fn=LogAuditEvent txId=c8288ab0da7708495194943d75510a509eb1fe65218e55feb71eb4450ca6d542
2026-07-31T21:07:03.334+06:00  INFO 578387 --- [pangochain-backend] [   async-task-4] c.p.b.blockchain.FabricGatewayService    : Fabric tx committed: fn=LogAuditEvent txId=6beb34ede13459c6eda79c5b6f569f04fa897e2244f9fdfd712d9af8f1e290e9
2026-07-31T21:07:03.334+06:00  INFO 578387 --- [pangochain-backend] [   async-task-7] c.p.b.blockchain.FabricGatewayService    : Fabric tx committed: fn=LogAuditEvent txId=8e7e753eb6607795a4954f98ef66edb58486c62894180e27526f14bbc50e7c98
2026-07-31T21:07:03.334+06:00  INFO 578387 --- [pangochain-backend] [MessageBroker-4] c.p.b.blockchain.FabricGatewayService    : Fabric tx committed: fn=LogAuditEvent txId=6bbb8e07174a1f6bc63a46f5cd1efd1febe64b27e708f36d55c856d1b8e36582
2026-07-31T21:07:03.338+06:00  INFO 578387 --- [pangochain-backend] [MessageBroker-4] c.p.b.audit.AuditAnchorBackfillWorker    : Anchored 8 audit events (ids 51419-51426) in batch tx 6bbb8e07174a1f6bc63a46f5cd1efd1febe64b27e708f36d55c856d1b8e36582
2026-07-31T21:07:03.621+06:00 ERROR 578387 --- [pangochain-backend] [essageBroker-16] c.p.b.blockchain.FabricGatewayService    : Submit transaction 'RevokeAccess' failed: io.grpc.StatusRuntimeException: ABORTED: failed to endorse transaction, see attached details for more info
2026-07-31T21:07:03.709+06:00  WARN 578387 --- [pangochain-backend] [essageBroker-16] c.p.b.access.AnchorReconciliationWorker  : Anchor cd2c2e32-80b0-4d12-a3e8-d8ca4e6d5935 (RevokeAccess) retry 215 failed, next attempt in 60s: Blockchain submit failed: io.grpc.StatusRuntimeException: ABORTED: failed to endorse transaction, see attached details for more info
2026-07-31T21:07:05.395+06:00  INFO 578387 --- [pangochain-backend] [   async-task-3] c.p.b.blockchain.FabricGatewayService    : Fabric tx committed: fn=LogAuditEvent txId=39ec6c8d6f0e08b0b0616ce0b70a0e36b3e9787269cea87a7335806677bd9a9c
2026-07-31T21:07:05.395+06:00  INFO 578387 --- [pangochain-backend] [   async-task-8] c.p.b.blockchain.FabricGatewayService    : Fabric tx committed: fn=LogAuditEvent txId=6d474bf4354aab79864cb61427c0abb8f3d1179c6ba10bcb21422b58d2ceaeb1
2026-07-31T21:07:05.395+06:00  INFO 578387 --- [pangochain-backend] [   async-task-5] c.p.b.blockchain.FabricGatewayService    : Fabric tx committed: fn=LogAuditEvent txId=63ad33409f49422f43e28c966462f6687413dfac8ddcd63949b8575437a7556b
2026-07-31T21:07:05.395+06:00  INFO 578387 --- [pangochain-backend] [   async-task-6] c.p.b.blockchain.FabricGatewayService    : Fabric tx committed: fn=LogAuditEvent txId=55c597f0932520bc5bd182321f79b9670a4fde7123e33f5c8d00b99e5493f2e4
2026-07-31T21:07:05.395+06:00  INFO 578387 --- [pangochain-backend] [   async-task-1] c.p.b.blockchain.FabricGatewayService    : Fabric tx committed: fn=LogAuditEvent txId=9059dd3a0752a3be4117d0e91157bd0bdb822c3e7156c6ee1cc08a2de40d2540
2026-07-31T21:07:05.395+06:00  INFO 578387 --- [pangochain-backend] [   async-task-7] c.p.b.blockchain.FabricGatewayService    : Fabric tx committed: fn=LogAuditEvent txId=e282973620c58b35725a3fc8ea619717f6447ef1898eae8497499ef7af4f72c9
2026-07-31T21:07:05.395+06:00  INFO 578387 --- [pangochain-backend] [   async-task-2] c.p.b.blockchain.FabricGatewayService    : Fabric tx committed: fn=LogAuditEvent txId=3200e334fe42d490cf25f1caa929147a94a807d4598dec60e2cb48cacf747223
2026-07-31T21:07:05.395+06:00  INFO 578387 --- [pangochain-backend] [   async-task-4] c.p.b.blockchain.FabricGatewayService    : Fabric tx committed: fn=LogAuditEvent txId=b74ea3578fe2c1e38f4140f35884b3aa7ba65b317e167a853f247977e1811a9f
2026-07-31T21:07:07.693+06:00  INFO 578387 --- [pangochain-backend] [   async-task-7] c.p.b.blockchain.FabricGatewayService    : Fabric tx committed: fn=LogAuditEvent txId=cbe4c0ba0841d59ca017ece529a39aa5a913ff78e14a7b311e0e1cc32f544de4
2026-07-31T21:07:07.694+06:00  INFO 578387 --- [pangochain-backend] [   async-task-6] c.p.b.blockchain.FabricGatewayService    : Fabric tx committed: fn=LogAuditEvent txId=77e37bb7692256ba4f6bc25726a8d475e34640f2ac24acdec5aefbc02cbe2b16
2026-07-31T21:07:07.695+06:00  INFO 578387 --- [pangochain-backend] [   async-task-3] c.p.b.blockchain.FabricGatewayService    : Fabric tx committed: fn=LogAuditEvent txId=516427dcd920e7a0ec3dc835cab718903fcd168602c01f1d09e589271fc0fb7f
2026-07-31T21:07:07.697+06:00  INFO 578387 --- [pangochain-backend] [   async-task-2] c.p.b.blockchain.FabricGatewayService    : Fabric tx committed: fn=LogAuditEvent txId=13fe0c5d0ad585afb1173333c16f468fa449199d76a67694b4114e0524ed2661
2026-07-31T21:07:07.698+06:00  INFO 578387 --- [pangochain-backend] [essageBroker-11] c.p.b.blockchain.FabricGatewayService    : Fabric tx committed: fn=LogAuditEvent txId=20ec4a1fc180fb8de841b3f28bc85a2d6769b19bc3346f71ee2b54bca139d5b1
2026-07-31T21:07:07.699+06:00  INFO 578387 --- [pangochain-backend] [   async-task-5] c.p.b.blockchain.FabricGatewayService    : Fabric tx committed: fn=LogAuditEvent txId=b6eab93b0dff7eb774f72848068066da24b8c602f70321e24636abdf939c8542
2026-07-31T21:07:07.699+06:00  INFO 578387 --- [pangochain-backend] [   async-task-1] c.p.b.blockchain.FabricGatewayService    : Fabric tx committed: fn=LogAuditEvent txId=7b992b6dbf915cc914bc33b87265b106ddbe3807cf0d4cdfde7d83e9bbddedd5
2026-07-31T21:07:07.699+06:00  INFO 578387 --- [pangochain-backend] [   async-task-4] c.p.b.blockchain.FabricGatewayService    : Fabric tx committed: fn=LogAuditEvent txId=1999bff45e2918e9760ee1f8337f4d7e3c40770827d9f7417c8ea266d1cef2a4
2026-07-31T21:07:07.703+06:00  INFO 578387 --- [pangochain-backend] [   async-task-8] c.p.b.blockchain.FabricGatewayService    : Fabric tx committed: fn=LogAuditEvent txId=c9511a25d4b90847a7506a23c7b1f717cb57c54ba9d284da4c933116d9ccf283
2026-07-31T21:07:07.731+06:00  INFO 578387 --- [pangochain-backend] [essageBroker-11] c.p.b.audit.AuditAnchorBackfillWorker    : Anchored 16 audit events (ids 51427-51442) in batch tx 20ec4a1fc180fb8de841b3f28bc85a2d6769b19bc3346f71ee2b54bca139d5b1
2026-07-31T21:07:10.114+06:00  INFO 578387 --- [pangochain-backend] [   async-task-6] c.p.b.blockchain.FabricGatewayService    : Fabric tx committed: fn=LogAuditEvent txId=276d87182b30ba1826716a4243c21bc1615080205afc8a363fea953ef9e5c0de
2026-07-31T21:07:10.116+06:00  INFO 578387 --- [pangochain-backend] [   async-task-5] c.p.b.blockchain.FabricGatewayService    : Fabric tx committed: fn=LogAuditEvent txId=d71007732e8bafb131f6b421822c87b5ba0203489eb84173ac15b164fd668c4c
2026-07-31T21:07:10.117+06:00  INFO 578387 --- [pangochain-backend] [   async-task-4] c.p.b.blockchain.FabricGatewayService    : Fabric tx committed: fn=LogAuditEvent txId=4aa0c25edae69ffc55aee9972e2b0a3232b107da825f4d9c159a6b925519dd18
2026-07-31T21:07:10.116+06:00  INFO 578387 --- [pangochain-backend] [   async-task-8] c.p.b.blockchain.FabricGatewayService    : Fabric tx committed: fn=LogAuditEvent txId=8481b5f72221a49a6e2171e9ed64976adbb8add935b680bfd34d7d7fb62ffdf6
2026-07-31T21:07:10.117+06:00  INFO 578387 --- [pangochain-backend] [   async-task-1] c.p.b.blockchain.FabricGatewayService    : Fabric tx committed: fn=LogAuditEvent txId=c299b57f6d93ee4ffc8203181a0434aa7c06c9ec9c7cd773566b03eaea80cfcc
2026-07-31T21:07:10.117+06:00  INFO 578387 --- [pangochain-backend] [   async-task-7] c.p.b.blockchain.FabricGatewayService    : Fabric tx committed: fn=LogAuditEvent txId=8e5f1a7c497240621323acbf4c5abfb4af19c6a23364a5a3b3cebdc9593b62a5
2026-07-31T21:07:10.118+06:00  INFO 578387 --- [pangochain-backend] [   async-task-3] c.p.b.blockchain.FabricGatewayService    : Fabric tx committed: fn=LogAuditEvent txId=1b42d1c6ab7d6207f7a0cb4cd8fe69a11e711f039d39fd6e9eaa1334f0c9b9f7
2026-07-31T21:07:10.120+06:00  INFO 578387 --- [pangochain-backend] [   async-task-2] c.p.b.blockchain.FabricGatewayService    : Fabric tx committed: fn=LogAuditEvent txId=f2fecc30bacff5735caadc5a06a31c1ff3985551949c52e04c0719ca208a5717
2026-07-31T21:07:10.122+06:00  INFO 578387 --- [pangochain-backend] [MessageBroker-2] c.p.b.blockchain.FabricGatewayService    : Fabric tx committed: fn=LogAuditEvent txId=c9320c0278a08c15e46fc9b107290612cf12f90f2b098926e2529cb11fa69818
2026-07-31T21:07:10.144+06:00  INFO 578387 --- [pangochain-backend] [MessageBroker-2] c.p.b.audit.AuditAnchorBackfillWorker    : Anchored 16 audit events (ids 51443-51458) in batch tx c9320c0278a08c15e46fc9b107290612cf12f90f2b098926e2529cb11fa69818
2026-07-31T21:07:12.476+06:00  INFO 578387 --- [pangochain-backend] [   async-task-8] c.p.b.blockchain.FabricGatewayService    : Fabric tx committed: fn=LogAuditEvent txId=6d9f57e59a5eaaddf2dc0cd9c282045bbdcc0d0e529f43dea70225c7ab3d693b
2026-07-31T21:07:12.478+06:00  INFO 578387 --- [pangochain-backend] [   async-task-5] c.p.b.blockchain.FabricGatewayService    : Fabric tx committed: fn=LogAuditEvent txId=d351c2ca4757932ff73e4479697e9c1227fb703ebf002ded10daac45814cf5e2
2026-07-31T21:07:12.478+06:00  INFO 578387 --- [pangochain-backend] [   async-task-3] c.p.b.blockchain.FabricGatewayService    : Fabric tx committed: fn=LogAuditEvent txId=8047d0301b13d86ae512b6e146b81acc0c2ae43676a9e98811c1569bdf6dcff8
2026-07-31T21:07:12.480+06:00  INFO 578387 --- [pangochain-backend] [   async-task-7] c.p.b.blockchain.FabricGatewayService    : Fabric tx committed: fn=LogAuditEvent txId=e87ab7c579d6200b5adaf4e61ee5c1232498135e4861eb9104e47aa82587dc9c
2026-07-31T21:07:12.480+06:00  INFO 578387 --- [pangochain-backend] [   async-task-4] c.p.b.blockchain.FabricGatewayService    : Fabric tx committed: fn=LogAuditEvent txId=49cbc50fcf37762f10c47fdb05d44a6e1297705b7ba29ca1156991d5767078ec
2026-07-31T21:07:12.481+06:00  INFO 578387 --- [pangochain-backend] [   async-task-2] c.p.b.blockchain.FabricGatewayService    : Fabric tx committed: fn=LogAuditEvent txId=871ecc71d7c1e48f569f97fc88779daad7894a1905c3271d686876af80640c7a
2026-07-31T21:07:12.483+06:00  INFO 578387 --- [pangochain-backend] [   async-task-6] c.p.b.blockchain.FabricGatewayService    : Fabric tx committed: fn=LogAuditEvent txId=1dda6c29bf0a6e43b91179080880c1218513e9ae1308076c6b44dcea45af59ce
2026-07-31T21:07:12.486+06:00  INFO 578387 --- [pangochain-backend] [   async-task-1] c.p.b.blockchain.FabricGatewayService    : Fabric tx committed: fn=LogAuditEvent txId=f7a623cb98b323ff516e16d9bcf7f2f9fe9b168c72be6ad4a882ea9a5657d774
2026-07-31T21:07:14.336+06:00  INFO 578387 --- [pangochain-backend] [   async-task-4] c.p.b.blockchain.FabricGatewayService    : Fabric tx committed: fn=LogAuditEvent txId=4346fc5c41ccfe388e8ab31a80e6f49cc994a2d35721f04eaab47ba62090f0e1
2026-07-31T21:07:14.336+06:00  INFO 578387 --- [pangochain-backend] [   async-task-6] c.p.b.blockchain.FabricGatewayService    : Fabric tx committed: fn=LogAuditEvent txId=9b0ffd3892e6c148f8616b852d32d20b80301b4c0c9052ccd64325c1ccbcbf29
2026-07-31T21:07:14.336+06:00  INFO 578387 --- [pangochain-backend] [   async-task-7] c.p.b.blockchain.FabricGatewayService    : Fabric tx committed: fn=LogAuditEvent txId=c418189ce3000a345f3c726e110b3ac7a1536edf83f971dd1710ce84b085b5db
2026-07-31T21:07:14.337+06:00  INFO 578387 --- [pangochain-backend] [   async-task-1] c.p.b.blockchain.FabricGatewayService    : Fabric tx committed: fn=LogAuditEvent txId=cb6fdb5d5bb11dec5dddf6333f764c98d45826526e8a2422019255f6018beccb
2026-07-31T21:07:14.337+06:00  INFO 578387 --- [pangochain-backend] [   async-task-5] c.p.b.blockchain.FabricGatewayService    : Fabric tx committed: fn=LogAuditEvent txId=3e06a7ba1d88741509d65f379a78643a403d56d06e92d39d1dc16c3d3dd7b4dc
2026-07-31T21:07:14.337+06:00  INFO 578387 --- [pangochain-backend] [MessageBroker-2] c.p.b.blockchain.FabricGatewayService    : Fabric tx committed: fn=LogAuditEvent txId=0017622e0282ae2bb32d0fbb79b903c7eeb7d322e864fde36f3984da0c7a3db0
2026-07-31T21:07:14.338+06:00  INFO 578387 --- [pangochain-backend] [   async-task-3] c.p.b.blockchain.FabricGatewayService    : Fabric tx committed: fn=LogAuditEvent txId=a5de4f66e80804c2a561a349d5e9d66eac33249e440871d59111051d6babebe3
2026-07-31T21:07:14.338+06:00  INFO 578387 --- [pangochain-backend] [   async-task-8] c.p.b.blockchain.FabricGatewayService    : Fabric tx committed: fn=LogAuditEvent txId=8df7f63568278e461678b0a78afc8ec7e6a1cbd4c3c243db7e9eef52da20fe7d
2026-07-31T21:07:14.338+06:00  INFO 578387 --- [pangochain-backend] [   async-task-2] c.p.b.blockchain.FabricGatewayService    : Fabric tx committed: fn=LogAuditEvent txId=ccd3c9371bc0038f482fa344f5812dd54eb02ddedb3c6ca013af7b970f0bbf2c
2026-07-31T21:07:14.344+06:00  INFO 578387 --- [pangochain-backend] [MessageBroker-2] c.p.b.audit.AuditAnchorBackfillWorker    : Anchored 8 audit events (ids 51459-51466) in batch tx 0017622e0282ae2bb32d0fbb79b903c7eeb7d322e864fde36f3984da0c7a3db0
2026-07-31T21:07:16.605+06:00  INFO 578387 --- [pangochain-backend] [   async-task-7] c.p.b.blockchain.FabricGatewayService    : Fabric tx committed: fn=LogAuditEvent txId=031fdfed34eb3ea2f5a7160e1af492a4f7a061a26f2088a8d1e4b54520ef77d4
2026-07-31T21:07:16.606+06:00  INFO 578387 --- [pangochain-backend] [   async-task-6] c.p.b.blockchain.FabricGatewayService    : Fabric tx committed: fn=LogAuditEvent txId=533387263b77042dd7791658add2b304bc7005c2a09f93a6d0e9f3dcc7cdaa34
2026-07-31T21:07:16.606+06:00  INFO 578387 --- [pangochain-backend] [   async-task-3] c.p.b.blockchain.FabricGatewayService    : Fabric tx committed: fn=LogAuditEvent txId=b9b6d69f6b80e243371f4e81834119332c0aaca3f1f1d649b3d52ba4c6eb0786
2026-07-31T21:07:16.605+06:00  INFO 578387 --- [pangochain-backend] [   async-task-1] c.p.b.blockchain.FabricGatewayService    : Fabric tx committed: fn=LogAuditEvent txId=5357bb7d97a13aab1fb822b50d2a48b325dc12f77a72cdb600f48a72cd45796f
2026-07-31T21:07:16.605+06:00  INFO 578387 --- [pangochain-backend] [   async-task-5] c.p.b.blockchain.FabricGatewayService    : Fabric tx committed: fn=LogAuditEvent txId=97111d2e68c6fdb7ecb3004dd0cbf9e502fb365e3f1698094957339464e767d0
2026-07-31T21:07:16.609+06:00  INFO 578387 --- [pangochain-backend] [   async-task-8] c.p.b.blockchain.FabricGatewayService    : Fabric tx committed: fn=LogAuditEvent txId=29bea27a795cc21b2c82f8a5c96182a338093a1f2b7674a3912e472437edf7bc
2026-07-31T21:07:16.610+06:00  INFO 578387 --- [pangochain-backend] [   async-task-2] c.p.b.blockchain.FabricGatewayService    : Fabric tx committed: fn=LogAuditEvent txId=f636e17ed50042cac9a051d1ff0c9fdd2b1238395ac712e565d0b5893919a13b
2026-07-31T21:07:16.607+06:00  INFO 578387 --- [pangochain-backend] [   async-task-4] c.p.b.blockchain.FabricGatewayService    : Fabric tx committed: fn=LogAuditEvent txId=8275d5117408a3920d41dfc3b5d4fbae2a6015cce2ba80d7ebebbea7190e98b0
2026-07-31T21:07:18.530+06:00  INFO 578387 --- [pangochain-backend] [   async-task-1] c.p.b.blockchain.FabricGatewayService    : Fabric tx committed: fn=LogAuditEvent txId=341d635f8a3479f517c1453d8c46cd86601f5e07c612917bdbb8db51d3d218f3
2026-07-31T21:07:18.530+06:00  INFO 578387 --- [pangochain-backend] [   async-task-3] c.p.b.blockchain.FabricGatewayService    : Fabric tx committed: fn=LogAuditEvent txId=446175fd2902bd17b38d432e961c70d913fa44916931e993370ce15fa1a583f4
2026-07-31T21:07:18.530+06:00  INFO 578387 --- [pangochain-backend] [   async-task-8] c.p.b.blockchain.FabricGatewayService    : Fabric tx committed: fn=LogAuditEvent txId=5963c29a6a13c3cd184bb94d8775db55656947bc3af16215098fcad0f92695ff
2026-07-31T21:07:18.530+06:00  INFO 578387 --- [pangochain-backend] [   async-task-2] c.p.b.blockchain.FabricGatewayService    : Fabric tx committed: fn=LogAuditEvent txId=da5a77b987e4ef063be7bf1d6d9b2dc42c862527a9813f2efabdd8ad758d53db
2026-07-31T21:07:18.530+06:00  INFO 578387 --- [pangochain-backend] [MessageBroker-2] c.p.b.blockchain.FabricGatewayService    : Fabric tx committed: fn=LogAuditEvent txId=ab115c387b207c697bebb6da91f583746b589d26368a03298378a5c0a4ca411a
2026-07-31T21:07:18.530+06:00  INFO 578387 --- [pangochain-backend] [   async-task-6] c.p.b.blockchain.FabricGatewayService    : Fabric tx committed: fn=LogAuditEvent txId=bad572ddc906f76cce12732c63f5e4d715d051ae54725a775826c5797556102e
2026-07-31T21:07:18.530+06:00  INFO 578387 --- [pangochain-backend] [   async-task-4] c.p.b.blockchain.FabricGatewayService    : Fabric tx committed: fn=LogAuditEvent txId=16de190e694811a3f373b9277161922ce1f177d0bd8436e6dab818a63ccccd1b
2026-07-31T21:07:18.530+06:00  INFO 578387 --- [pangochain-backend] [   async-task-7] c.p.b.blockchain.FabricGatewayService    : Fabric tx committed: fn=LogAuditEvent txId=c7854a271e14635ad7cf7d7c17412ea01490615d19cd90d6491ab70747bfc07e
2026-07-31T21:07:18.530+06:00  INFO 578387 --- [pangochain-backend] [   async-task-5] c.p.b.blockchain.FabricGatewayService    : Fabric tx committed: fn=LogAuditEvent txId=74c0d2daccb81660e6cdf4e6259347b37c0514af5bcfa3b55c032882309ac9c1
2026-07-31T21:07:18.540+06:00  INFO 578387 --- [pangochain-backend] [MessageBroker-2] c.p.b.audit.AuditAnchorBackfillWorker    : Anchored 16 audit events (ids 51467-51482) in batch tx ab115c387b207c697bebb6da91f583746b589d26368a03298378a5c0a4ca411a
2026-07-31T21:07:20.897+06:00  INFO 578387 --- [pangochain-backend] [   async-task-2] c.p.b.blockchain.FabricGatewayService    : Fabric tx committed: fn=LogAuditEvent txId=3f9200cf8eaf44c71de047b9cc40b5e5ef7430533b9e45c41e2882c6c34cb589
2026-07-31T21:07:20.898+06:00  INFO 578387 --- [pangochain-backend] [   async-task-7] c.p.b.blockchain.FabricGatewayService    : Fabric tx committed: fn=LogAuditEvent txId=dbadb4546b8bef57f037073b001a982ca6febd806b61155344fe397f8e1acbe8
2026-07-31T21:07:20.898+06:00  INFO 578387 --- [pangochain-backend] [   async-task-4] c.p.b.blockchain.FabricGatewayService    : Fabric tx committed: fn=LogAuditEvent txId=3ecabb03c3cf1b3db45ffdeca96a97a28edcd3103da98b226230f86226e338c9
2026-07-31T21:07:20.898+06:00  INFO 578387 --- [pangochain-backend] [   async-task-3] c.p.b.blockchain.FabricGatewayService    : Fabric tx committed: fn=LogAuditEvent txId=b365741fe7855883e41e4a09ef1e00eaea178e290b5b890526b6962a086afc12
2026-07-31T21:07:20.898+06:00  INFO 578387 --- [pangochain-backend] [   async-task-8] c.p.b.blockchain.FabricGatewayService    : Fabric tx committed: fn=LogAuditEvent txId=a1462dd17863f6b90ad18da3bec221d8049733ddd5473fab8bee64db0bebe3f2
2026-07-31T21:07:20.898+06:00  INFO 578387 --- [pangochain-backend] [   async-task-5] c.p.b.blockchain.FabricGatewayService    : Fabric tx committed: fn=LogAuditEvent txId=0dfc01e879395e62defe965db7fbdafc6a4ae3aee05fe9226a4f3fa8bde1702f
2026-07-31T21:07:20.899+06:00  INFO 578387 --- [pangochain-backend] [   async-task-6] c.p.b.blockchain.FabricGatewayService    : Fabric tx committed: fn=LogAuditEvent txId=ac5ff099a4406e89909417dd714dbfa4c7c963c9ff8edacf0d3e53081e56e414
2026-07-31T21:07:20.899+06:00  INFO 578387 --- [pangochain-backend] [   async-task-1] c.p.b.blockchain.FabricGatewayService    : Fabric tx committed: fn=LogAuditEvent txId=a520275efa83a556a7fa7a65bf06ded3a9330b540cda9b46ae4c6a609d043295
2026-07-31T21:07:22.985+06:00  INFO 578387 --- [pangochain-backend] [   async-task-3] c.p.b.blockchain.FabricGatewayService    : Fabric tx committed: fn=LogAuditEvent txId=35c7921c958292e769b1cc62b85a85ee7c1d17ee0e61c07fc11d0dfd1c945a6c
2026-07-31T21:07:22.986+06:00  INFO 578387 --- [pangochain-backend] [MessageBroker-9] c.p.b.blockchain.FabricGatewayService    : Fabric tx committed: fn=LogAuditEvent txId=0f497f09abd0a63ff6150599fab61b1c704fcd59835a2baba0f499b48315cbc6
2026-07-31T21:07:22.987+06:00  INFO 578387 --- [pangochain-backend] [   async-task-1] c.p.b.blockchain.FabricGatewayService    : Fabric tx committed: fn=LogAuditEvent txId=2253be97f7af41fd5ef0ea50b5cff9b25e228b58dc7d9e1381fe85911e6931f3
2026-07-31T21:07:22.988+06:00  INFO 578387 --- [pangochain-backend] [   async-task-7] c.p.b.blockchain.FabricGatewayService    : Fabric tx committed: fn=LogAuditEvent txId=eebc4929c114e3a5e68364a9462aee3413694275aea12fcf6a7f3b9cac7a31ac
2026-07-31T21:07:22.989+06:00  INFO 578387 --- [pangochain-backend] [   async-task-6] c.p.b.blockchain.FabricGatewayService    : Fabric tx committed: fn=LogAuditEvent txId=220cb806446ed1820d702c93d9108f3d0264ffc3fd6cf8368de6fcfc602cf959
2026-07-31T21:07:22.989+06:00  INFO 578387 --- [pangochain-backend] [   async-task-4] c.p.b.blockchain.FabricGatewayService    : Fabric tx committed: fn=LogAuditEvent txId=0a682cb9fdf1a24735c9d6bc009c70422f64c2e6564eb0422ca0f7d43de8e75b
2026-07-31T21:07:22.991+06:00  INFO 578387 --- [pangochain-backend] [   async-task-8] c.p.b.blockchain.FabricGatewayService    : Fabric tx committed: fn=LogAuditEvent txId=9af52d65adb627eb1c4d5a1dffb4e92903c875fd5b51cd9a7da39a11252d5f43
2026-07-31T21:07:22.995+06:00  INFO 578387 --- [pangochain-backend] [   async-task-5] c.p.b.blockchain.FabricGatewayService    : Fabric tx committed: fn=LogAuditEvent txId=32d72881f455f48704dd57def45f64d7c2298285a27cf683b0c28b56fbd2ab90
2026-07-31T21:07:22.996+06:00  INFO 578387 --- [pangochain-backend] [   async-task-2] c.p.b.blockchain.FabricGatewayService    : Fabric tx committed: fn=LogAuditEvent txId=3702235f917279c1fe9ad978d105757ec6176c20803e6ac60aae55164bd7ef7b
2026-07-31T21:07:23.022+06:00  INFO 578387 --- [pangochain-backend] [MessageBroker-9] c.p.b.audit.AuditAnchorBackfillWorker    : Anchored 16 audit events (ids 51483-51498) in batch tx 0f497f09abd0a63ff6150599fab61b1c704fcd59835a2baba0f499b48315cbc6
2026-07-31T21:07:25.138+06:00  INFO 578387 --- [pangochain-backend] [   async-task-8] c.p.b.blockchain.FabricGatewayService    : Fabric tx committed: fn=LogAuditEvent txId=70918856a4e91cace526af08e8102680e67df133504e9e9bb4ded1393705db3e
2026-07-31T21:07:25.138+06:00  INFO 578387 --- [pangochain-backend] [essageBroker-15] c.p.b.blockchain.FabricGatewayService    : Fabric tx committed: fn=LogAuditEvent txId=50e438e602f60a6f4e37904a3dc2677fb4a796de6d87ccdb4393f6ed9571007f
2026-07-31T21:07:25.138+06:00  INFO 578387 --- [pangochain-backend] [   async-task-1] c.p.b.blockchain.FabricGatewayService    : Fabric tx committed: fn=LogAuditEvent txId=7d621a7fb5d0953353c2f17b02fee2815e19082c4c6add1f0963040e78a03197
2026-07-31T21:07:25.138+06:00  INFO 578387 --- [pangochain-backend] [   async-task-3] c.p.b.blockchain.FabricGatewayService    : Fabric tx committed: fn=LogAuditEvent txId=11a048200a49c39f95ae512428b58e94dc3cffb9d279009c0b6b24459b5d67e6
2026-07-31T21:07:25.139+06:00  INFO 578387 --- [pangochain-backend] [   async-task-6] c.p.b.blockchain.FabricGatewayService    : Fabric tx committed: fn=LogAuditEvent txId=7e7600508c9fbf75a4e18df96520c2e1695caf487180b4a8764d9f3b542cfac9
2026-07-31T21:07:25.139+06:00  INFO 578387 --- [pangochain-backend] [   async-task-7] c.p.b.blockchain.FabricGatewayService    : Fabric tx committed: fn=LogAuditEvent txId=9647283cda6a92b9058c2fef33138cdc0e4a37ef6211c1e322fcb2c613f0825d
2026-07-31T21:07:25.140+06:00  INFO 578387 --- [pangochain-backend] [   async-task-2] c.p.b.blockchain.FabricGatewayService    : Fabric tx committed: fn=LogAuditEvent txId=cca26d26273dd3202b1af42c93c02202af735c45768ed8eb517b49ca1a9f2ae9
2026-07-31T21:07:25.140+06:00  INFO 578387 --- [pangochain-backend] [   async-task-5] c.p.b.blockchain.FabricGatewayService    : Fabric tx committed: fn=LogAuditEvent txId=60640c3726f59502cab04c7a31ae1e3466f4fe08db5b38889994447fbeb0f263
2026-07-31T21:07:25.141+06:00  INFO 578387 --- [pangochain-backend] [   async-task-4] c.p.b.blockchain.FabricGatewayService    : Fabric tx committed: fn=LogAuditEvent txId=c6e5e7260178b2907fcf5fe2e9876295e07dd0c24bb55fbddd00f822c859db5a
2026-07-31T21:07:25.144+06:00  INFO 578387 --- [pangochain-backend] [essageBroker-15] c.p.b.audit.AuditAnchorBackfillWorker    : Anchored 16 audit events (ids 51499-51514) in batch tx 50e438e602f60a6f4e37904a3dc2677fb4a796de6d87ccdb4393f6ed9571007f
2026-07-31T21:07:27.413+06:00  INFO 578387 --- [pangochain-backend] [   async-task-2] c.p.b.blockchain.FabricGatewayService    : Fabric tx committed: fn=LogAuditEvent txId=70ce5bb8e03a7441a23ed0f59e40abc6398fde4f3f90d059c7976d9a73969108
2026-07-31T21:07:27.413+06:00  INFO 578387 --- [pangochain-backend] [   async-task-4] c.p.b.blockchain.FabricGatewayService    : Fabric tx committed: fn=LogAuditEvent txId=2c5be12508426f0c24ee389a5686d9f9859bbb8367f38675ba525150891e26a3
2026-07-31T21:07:27.413+06:00  INFO 578387 --- [pangochain-backend] [   async-task-1] c.p.b.blockchain.FabricGatewayService    : Fabric tx committed: fn=LogAuditEvent txId=6db3f82496527a870b8dcaeb93b2aa39e3d1615e46c78a9bf83c042fe3c95f24
2026-07-31T21:07:27.413+06:00  INFO 578387 --- [pangochain-backend] [   async-task-5] c.p.b.blockchain.FabricGatewayService    : Fabric tx committed: fn=LogAuditEvent txId=5c9032979bd37d24f1878e87335ccc9d0a2f65a0d9c14210027b5f8710885ab7
2026-07-31T21:07:27.414+06:00  INFO 578387 --- [pangochain-backend] [   async-task-3] c.p.b.blockchain.FabricGatewayService    : Fabric tx committed: fn=LogAuditEvent txId=fec051ff94077b26343edb9553158794d255aa6fe32e5b75ced29517a94f1987
2026-07-31T21:07:27.414+06:00  INFO 578387 --- [pangochain-backend] [   async-task-7] c.p.b.blockchain.FabricGatewayService    : Fabric tx committed: fn=LogAuditEvent txId=d7ce00f6a512a15479a2087c8e6eea498ec8a09c8272b6ca68eaa27ca96ffb93
2026-07-31T21:07:27.415+06:00  INFO 578387 --- [pangochain-backend] [   async-task-8] c.p.b.blockchain.FabricGatewayService    : Fabric tx committed: fn=LogAuditEvent txId=41a4d5c92625dc6d5af21079b35bc4fb8484a43caf573d52d564a0828ee38184
2026-07-31T21:07:27.415+06:00  INFO 578387 --- [pangochain-backend] [   async-task-6] c.p.b.blockchain.FabricGatewayService    : Fabric tx committed: fn=LogAuditEvent txId=c7d09b52a40d95457e7ab93bb4a812e65328a464bca96c23f8acba24565af649
2026-07-31T21:07:29.282+06:00  INFO 578387 --- [pangochain-backend] [   async-task-5] c.p.b.blockchain.FabricGatewayService    : Fabric tx committed: fn=LogAuditEvent txId=863e0ac885f8bf02f4e94fc28033f4fdd63513417dcb45e84c5fb887dde5da17
2026-07-31T21:07:29.282+06:00  INFO 578387 --- [pangochain-backend] [   async-task-6] c.p.b.blockchain.FabricGatewayService    : Fabric tx committed: fn=LogAuditEvent txId=8eae15eaf43e0aaf2933203c7321fc0c3e8977e778b712fc516b89fcb03692d1
2026-07-31T21:07:29.282+06:00  INFO 578387 --- [pangochain-backend] [   async-task-7] c.p.b.blockchain.FabricGatewayService    : Fabric tx committed: fn=LogAuditEvent txId=c15d0ab21af795db6fd47418ed5e1f785d15486eced7a1c4a9ada74d23cefc27
2026-07-31T21:07:29.282+06:00  INFO 578387 --- [pangochain-backend] [essageBroker-15] c.p.b.blockchain.FabricGatewayService    : Fabric tx committed: fn=LogAuditEvent txId=50f09c69fe37e7f2282b42d325fb9cf45e91229ad3199adc471c058176ab5c93
2026-07-31T21:07:29.282+06:00  INFO 578387 --- [pangochain-backend] [   async-task-1] c.p.b.blockchain.FabricGatewayService    : Fabric tx committed: fn=LogAuditEvent txId=8ee797cdb1cbac8806a5e66a1a3d445d3dec746927e11b176c3f552fc4691146
2026-07-31T21:07:29.282+06:00  INFO 578387 --- [pangochain-backend] [   async-task-4] c.p.b.blockchain.FabricGatewayService    : Fabric tx committed: fn=LogAuditEvent txId=e1b84139c38044961e33c795593e85129dd579f1c3cdb33c4afa35a7bc923c43
2026-07-31T21:07:29.283+06:00  INFO 578387 --- [pangochain-backend] [   async-task-8] c.p.b.blockchain.FabricGatewayService    : Fabric tx committed: fn=LogAuditEvent txId=0c6a23d7f74cfb9dbe745cd2683ed138b90ebd3bdbbbdf46d904f63af49836ea
2026-07-31T21:07:29.283+06:00  INFO 578387 --- [pangochain-backend] [   async-task-2] c.p.b.blockchain.FabricGatewayService    : Fabric tx committed: fn=LogAuditEvent txId=032f64d36a0b160702031f25c8da863c39b9d724904be9b3b1c7d5a07ea4183f
2026-07-31T21:07:29.284+06:00  INFO 578387 --- [pangochain-backend] [   async-task-3] c.p.b.blockchain.FabricGatewayService    : Fabric tx committed: fn=LogAuditEvent txId=c7c3ef16e9535ed9de8e47fa32bb18e5445aa08e446fddee08473173e07e6669
2026-07-31T21:07:29.287+06:00  INFO 578387 --- [pangochain-backend] [essageBroker-15] c.p.b.audit.AuditAnchorBackfillWorker    : Anchored 8 audit events (ids 51515-51522) in batch tx 50f09c69fe37e7f2282b42d325fb9cf45e91229ad3199adc471c058176ab5c93
2026-07-31T21:07:31.348+06:00  INFO 578387 --- [pangochain-backend] [   async-task-7] c.p.b.blockchain.FabricGatewayService    : Fabric tx committed: fn=LogAuditEvent txId=6aee2c20be33219a32eb4cbf064e76622ef306bf650cc57a8c73ae520175a39a
2026-07-31T21:07:31.348+06:00  INFO 578387 --- [pangochain-backend] [   async-task-6] c.p.b.blockchain.FabricGatewayService    : Fabric tx committed: fn=LogAuditEvent txId=a19362d893f654ea64ec02ae74fc51ea782716b62a83fc6bb9c3047d7455d436
2026-07-31T21:07:31.348+06:00  INFO 578387 --- [pangochain-backend] [   async-task-8] c.p.b.blockchain.FabricGatewayService    : Fabric tx committed: fn=LogAuditEvent txId=806dd377f075617e8df9ef22767bcdd392d1d335115899cbe1c1f1004326bd20
2026-07-31T21:07:31.348+06:00  INFO 578387 --- [pangochain-backend] [   async-task-3] c.p.b.blockchain.FabricGatewayService    : Fabric tx committed: fn=LogAuditEvent txId=e6b2666e0aae827cf6de24a3ee11e05bb0bd6fa6ce73f4d9fcccc168b7a906ec
2026-07-31T21:07:31.348+06:00  INFO 578387 --- [pangochain-backend] [   async-task-5] c.p.b.blockchain.FabricGatewayService    : Fabric tx committed: fn=LogAuditEvent txId=650ef1d3c4a6fe6c3363da164fa8d7867127ea94efa036a0a92be02f68481970
2026-07-31T21:07:31.348+06:00  INFO 578387 --- [pangochain-backend] [   async-task-1] c.p.b.blockchain.FabricGatewayService    : Fabric tx committed: fn=LogAuditEvent txId=9f7c0ac05d2fb293cf8247ded178208b3f0781d44e318bed59faa3c41a1fc2ab
2026-07-31T21:07:31.348+06:00  INFO 578387 --- [pangochain-backend] [   async-task-4] c.p.b.blockchain.FabricGatewayService    : Fabric tx committed: fn=LogAuditEvent txId=e3090c73eb948ca40a626489c5add1d00effeb5eb5aa34b0732b10a8138c9bad
2026-07-31T21:07:31.348+06:00  INFO 578387 --- [pangochain-backend] [   async-task-2] c.p.b.blockchain.FabricGatewayService    : Fabric tx committed: fn=LogAuditEvent txId=26ccf085588fcfc041348a2111ec0e33a28cd85fac06225a6e8dd465a3b03dfd
2026-07-31T21:07:33.359+06:00  INFO 578387 --- [pangochain-backend] [essageBroker-15] c.p.b.blockchain.FabricGatewayService    : Fabric tx committed: fn=LogAuditEvent txId=32934a80618f08d74b952336089dd29d613e2e5c02657b4d37101f82096f2c36
2026-07-31T21:07:33.359+06:00  INFO 578387 --- [pangochain-backend] [   async-task-7] c.p.b.blockchain.FabricGatewayService    : Fabric tx committed: fn=LogAuditEvent txId=9f27973c441c2ccee013237a37a903c1c600de7188ca16cd207cd98bc5e969fd
2026-07-31T21:07:33.359+06:00  INFO 578387 --- [pangochain-backend] [   async-task-3] c.p.b.blockchain.FabricGatewayService    : Fabric tx committed: fn=LogAuditEvent txId=638998d2c92fbb641fb323034ff82ab5122eda529ea53985034b2b3905f6c32f
2026-07-31T21:07:33.359+06:00  INFO 578387 --- [pangochain-backend] [   async-task-2] c.p.b.blockchain.FabricGatewayService    : Fabric tx committed: fn=LogAuditEvent txId=3011f8d753494befdcbc179c872b87d5eec816f33a3df9bb8fdce58449c7c35f
2026-07-31T21:07:33.359+06:00  INFO 578387 --- [pangochain-backend] [   async-task-8] c.p.b.blockchain.FabricGatewayService    : Fabric tx committed: fn=LogAuditEvent txId=875f1be95b9fdc4fa6934e3161acb4dcff13fec5767dc0870c9cb6ffaffd0efd
2026-07-31T21:07:33.359+06:00  INFO 578387 --- [pangochain-backend] [   async-task-1] c.p.b.blockchain.FabricGatewayService    : Fabric tx committed: fn=LogAuditEvent txId=a752f990bf6ba533ca7a940853d8fb8e5c13e9c8db8a8e69023e26f96158181b
2026-07-31T21:07:33.359+06:00  INFO 578387 --- [pangochain-backend] [   async-task-5] c.p.b.blockchain.FabricGatewayService    : Fabric tx committed: fn=LogAuditEvent txId=d884b4bfab92068e08aa82ffe8b44d9b988b4e19bb7de3b6f3016d9c0c54ff18
2026-07-31T21:07:33.359+06:00  INFO 578387 --- [pangochain-backend] [   async-task-6] c.p.b.blockchain.FabricGatewayService    : Fabric tx committed: fn=LogAuditEvent txId=d943e76d5d7681cb6c7d54c6fe238530c4254c67c6576cccedff862d71238ca7
2026-07-31T21:07:33.360+06:00  INFO 578387 --- [pangochain-backend] [   async-task-4] c.p.b.blockchain.FabricGatewayService    : Fabric tx committed: fn=LogAuditEvent txId=3bdf0f6bad7189671b0e9eee28c3b27b235850a5d98e07acd4e001bfa9ac7a10
2026-07-31T21:07:33.363+06:00  INFO 578387 --- [pangochain-backend] [essageBroker-15] c.p.b.audit.AuditAnchorBackfillWorker    : Anchored 16 audit events (ids 51523-51538) in batch tx 32934a80618f08d74b952336089dd29d613e2e5c02657b4d37101f82096f2c36
2026-07-31T21:07:35.430+06:00  INFO 578387 --- [pangochain-backend] [   async-task-5] c.p.b.blockchain.FabricGatewayService    : Fabric tx committed: fn=LogAuditEvent txId=d9d04be81642bbc9b00666bd8e352f0898ab8387a566826138fcf69f71bdc43b
2026-07-31T21:07:35.430+06:00  INFO 578387 --- [pangochain-backend] [   async-task-8] c.p.b.blockchain.FabricGatewayService    : Fabric tx committed: fn=LogAuditEvent txId=30177b54598dece3d9407fc1aa9972b8a43cbf8392c89107c175c011519619fb
2026-07-31T21:07:35.430+06:00  INFO 578387 --- [pangochain-backend] [   async-task-6] c.p.b.blockchain.FabricGatewayService    : Fabric tx committed: fn=LogAuditEvent txId=e57f1c519d6d0ebee91456107d10bcb76c8a6ad9d68a6a077080a4c8b537225b
2026-07-31T21:07:35.430+06:00  INFO 578387 --- [pangochain-backend] [   async-task-3] c.p.b.blockchain.FabricGatewayService    : Fabric tx committed: fn=LogAuditEvent txId=61fb97350da3a19e39d2c25c0c4ac643419dd71fe92bada6107bd07200d06b9e
2026-07-31T21:07:35.430+06:00  INFO 578387 --- [pangochain-backend] [   async-task-7] c.p.b.blockchain.FabricGatewayService    : Fabric tx committed: fn=LogAuditEvent txId=980137ef13c8c807d57845c306b5dfb2a827f623ea5bfe7c75a381a34337ff4d
2026-07-31T21:07:35.430+06:00  INFO 578387 --- [pangochain-backend] [   async-task-1] c.p.b.blockchain.FabricGatewayService    : Fabric tx committed: fn=LogAuditEvent txId=e94e0242eaa577f7e647a68ed02943f5af9f9bb7d2beb9cb26f5ab65219424f3
2026-07-31T21:07:35.430+06:00  INFO 578387 --- [pangochain-backend] [   async-task-2] c.p.b.blockchain.FabricGatewayService    : Fabric tx committed: fn=LogAuditEvent txId=3e5111f25de7d5d8a0374961be3fd9ffa03c21d2369fe6bb880731edd8914185
2026-07-31T21:07:35.430+06:00  INFO 578387 --- [pangochain-backend] [   async-task-4] c.p.b.blockchain.FabricGatewayService    : Fabric tx committed: fn=LogAuditEvent txId=9b9dbc2465e697dee1dc8f340d501545e7f598f7ba1f4a19b01cb67e5bb95ff8
2026-07-31T21:07:37.444+06:00  INFO 578387 --- [pangochain-backend] [   async-task-1] c.p.b.blockchain.FabricGatewayService    : Fabric tx committed: fn=LogAuditEvent txId=12c5ffdb881ba9a41b0d25a4e12a13a1f0576d9710dda56ac11e09fb3d1cdad1
2026-07-31T21:07:37.444+06:00  INFO 578387 --- [pangochain-backend] [   async-task-7] c.p.b.blockchain.FabricGatewayService    : Fabric tx committed: fn=LogAuditEvent txId=6396fa65b6e5b6be4627b15a5a1b3ad0148fbb2f6662eaeb2f37a7852b50453f
2026-07-31T21:07:37.444+06:00  INFO 578387 --- [pangochain-backend] [   async-task-8] c.p.b.blockchain.FabricGatewayService    : Fabric tx committed: fn=LogAuditEvent txId=18bb547990c5e96c43059dc72a6b50849f456c82511ad8cd03282e27fde3ef1b
2026-07-31T21:07:37.444+06:00  INFO 578387 --- [pangochain-backend] [essageBroker-17] c.p.b.blockchain.FabricGatewayService    : Fabric tx committed: fn=LogAuditEvent txId=b370a5e0c9481208f8afc4eca946c0f822b82a2a173474863561214c933a116d
2026-07-31T21:07:37.444+06:00  INFO 578387 --- [pangochain-backend] [   async-task-6] c.p.b.blockchain.FabricGatewayService    : Fabric tx committed: fn=LogAuditEvent txId=868d2bb87abe6bc49d7afe4e7956f7ad818a002306e6d90113ca2dd34cd4a88c
2026-07-31T21:07:37.444+06:00  INFO 578387 --- [pangochain-backend] [   async-task-2] c.p.b.blockchain.FabricGatewayService    : Fabric tx committed: fn=LogAuditEvent txId=83dc7a93df1070b95704573d5d1f74b907879e858a9af7a3633567546897054e
2026-07-31T21:07:37.445+06:00  INFO 578387 --- [pangochain-backend] [   async-task-4] c.p.b.blockchain.FabricGatewayService    : Fabric tx committed: fn=LogAuditEvent txId=a085a83097779173e9cd28506691ae85f329ff9d7072a78c53b0b938cffaab5b
2026-07-31T21:07:37.445+06:00  INFO 578387 --- [pangochain-backend] [   async-task-3] c.p.b.blockchain.FabricGatewayService    : Fabric tx committed: fn=LogAuditEvent txId=fb8c9259116e12f110b878e37de771c5997fafda44c5b34c3c608c669bdcbcd2
2026-07-31T21:07:37.445+06:00  INFO 578387 --- [pangochain-backend] [   async-task-5] c.p.b.blockchain.FabricGatewayService    : Fabric tx committed: fn=LogAuditEvent txId=ae3418c69749a246fee6bbf3957263eb9aba09f4f48ce8c1aad3babae66ff3a8
2026-07-31T21:07:37.447+06:00  INFO 578387 --- [pangochain-backend] [essageBroker-17] c.p.b.audit.AuditAnchorBackfillWorker    : Anchored 16 audit events (ids 51539-51554) in batch tx b370a5e0c9481208f8afc4eca946c0f822b82a2a173474863561214c933a116d
2026-07-31T21:07:39.514+06:00  INFO 578387 --- [pangochain-backend] [   async-task-6] c.p.b.blockchain.FabricGatewayService    : Fabric tx committed: fn=LogAuditEvent txId=ae2845873dc8452ac402eb65d24ab7875c9e0e1a2b2ba32dcd05e28a6b0f9667
2026-07-31T21:07:39.514+06:00  INFO 578387 --- [pangochain-backend] [   async-task-8] c.p.b.blockchain.FabricGatewayService    : Fabric tx committed: fn=LogAuditEvent txId=ad355a452b1f95fa52277b319af9302fc540a6f1f96f41ea5d6dcf2fb66e1b50
2026-07-31T21:07:39.514+06:00  INFO 578387 --- [pangochain-backend] [   async-task-3] c.p.b.blockchain.FabricGatewayService    : Fabric tx committed: fn=LogAuditEvent txId=b0768ce811e7fd3dbedbdffdf524c08762769880a3f053643c9e2d5392e44d40
2026-07-31T21:07:39.515+06:00  INFO 578387 --- [pangochain-backend] [   async-task-2] c.p.b.blockchain.FabricGatewayService    : Fabric tx committed: fn=LogAuditEvent txId=a3474d3b5cc069bac5c0e965336d0055f6f401d97646e6e4718ec76d876cb12f
2026-07-31T21:07:39.515+06:00  INFO 578387 --- [pangochain-backend] [   async-task-7] c.p.b.blockchain.FabricGatewayService    : Fabric tx committed: fn=LogAuditEvent txId=5997af43e7d461574a052f6442ad640a6edbcaafff9f793611337a20f1773b6c
2026-07-31T21:07:39.515+06:00  INFO 578387 --- [pangochain-backend] [   async-task-4] c.p.b.blockchain.FabricGatewayService    : Fabric tx committed: fn=LogAuditEvent txId=4e4211ac0d487a8c1f31004a72154c7750256f52957dce39ca39f76b19d9482f
2026-07-31T21:07:39.515+06:00  INFO 578387 --- [pangochain-backend] [   async-task-5] c.p.b.blockchain.FabricGatewayService    : Fabric tx committed: fn=LogAuditEvent txId=3d53deeeeaf0e2d5e6e03a6a06c28ac06191261ad844802a3c46e2ccfc8015d4
2026-07-31T21:07:39.515+06:00  INFO 578387 --- [pangochain-backend] [   async-task-1] c.p.b.blockchain.FabricGatewayService    : Fabric tx committed: fn=LogAuditEvent txId=76a90dc1efabdef2377c14f29e4dad5d0c783a58660269afca159933fcecccfb
2026-07-31T21:07:41.528+06:00  INFO 578387 --- [pangochain-backend] [   async-task-5] c.p.b.blockchain.FabricGatewayService    : Fabric tx committed: fn=LogAuditEvent txId=0386ec3fde47bc3d0076d1bd3c9c105eda74c9c41f21b301ecc40ac25b477670
2026-07-31T21:07:41.528+06:00  INFO 578387 --- [pangochain-backend] [   async-task-3] c.p.b.blockchain.FabricGatewayService    : Fabric tx committed: fn=LogAuditEvent txId=25ccd1f8cae2788398a32b66ecdf0566bc3554a7c5f8a6bdef393104675386a1
2026-07-31T21:07:41.528+06:00  INFO 578387 --- [pangochain-backend] [   async-task-8] c.p.b.blockchain.FabricGatewayService    : Fabric tx committed: fn=LogAuditEvent txId=a940f7e2b6b55d3e21a55eab5b8afc27629bea089df2c45eed2092a43fcb9682
2026-07-31T21:07:41.528+06:00  INFO 578387 --- [pangochain-backend] [   async-task-4] c.p.b.blockchain.FabricGatewayService    : Fabric tx committed: fn=LogAuditEvent txId=0fed5a92f2cb4dc8b10b6b7965605c18749324734fc5bd165aadc3694f0649e8
2026-07-31T21:07:41.528+06:00  INFO 578387 --- [pangochain-backend] [   async-task-2] c.p.b.blockchain.FabricGatewayService    : Fabric tx committed: fn=LogAuditEvent txId=a2da1012b5ede260e1c5fb05ad91f74345090e5d0a3545f9e0bea72f789bd89a
2026-07-31T21:07:41.528+06:00  INFO 578387 --- [pangochain-backend] [   async-task-6] c.p.b.blockchain.FabricGatewayService    : Fabric tx committed: fn=LogAuditEvent txId=7904201dea084e058aafd6b9f963b3469454dadf04bb5e4757a6a986773b31b6
2026-07-31T21:07:41.528+06:00  INFO 578387 --- [pangochain-backend] [MessageBroker-5] c.p.b.blockchain.FabricGatewayService    : Fabric tx committed: fn=LogAuditEvent txId=77a1bcfb507752117729429b3daa7e82611b734244dd687693f4471755647273
2026-07-31T21:07:41.528+06:00  INFO 578387 --- [pangochain-backend] [   async-task-1] c.p.b.blockchain.FabricGatewayService    : Fabric tx committed: fn=LogAuditEvent txId=347bd6cb9ee1f786197f4a54057d9e24e42bdb5610e2866c9415db7da1809587
2026-07-31T21:07:41.529+06:00  INFO 578387 --- [pangochain-backend] [   async-task-7] c.p.b.blockchain.FabricGatewayService    : Fabric tx committed: fn=LogAuditEvent txId=c01cb847c8da592545c50423b43502f7c5bdb0e21c4206a3532b7e358150f813
2026-07-31T21:07:41.533+06:00  INFO 578387 --- [pangochain-backend] [MessageBroker-5] c.p.b.audit.AuditAnchorBackfillWorker    : Anchored 16 audit events (ids 51555-51570) in batch tx 77a1bcfb507752117729429b3daa7e82611b734244dd687693f4471755647273
2026-07-31T21:07:43.607+06:00  INFO 578387 --- [pangochain-backend] [   async-task-4] c.p.b.blockchain.FabricGatewayService    : Fabric tx committed: fn=LogAuditEvent txId=33fe963809ffe0a5d7c80b1f1c44c8178e55ec5c1bbb5668f32ac5d6741f2d8a
2026-07-31T21:07:43.607+06:00  INFO 578387 --- [pangochain-backend] [   async-task-2] c.p.b.blockchain.FabricGatewayService    : Fabric tx committed: fn=LogAuditEvent txId=57c4dfa02ae021c5470bdb035c3e6042fef5f5c893c27c9016c074eae41e13ed
2026-07-31T21:07:43.607+06:00  INFO 578387 --- [pangochain-backend] [MessageBroker-5] c.p.b.blockchain.FabricGatewayService    : Fabric tx committed: fn=LogAuditEvent txId=916f1bb604778d56f87c9b7fa217bb64a4f84f0a25066cfd020b3e590929e63e
2026-07-31T21:07:43.607+06:00  INFO 578387 --- [pangochain-backend] [   async-task-1] c.p.b.blockchain.FabricGatewayService    : Fabric tx committed: fn=LogAuditEvent txId=071c2564b6f99946039e646e9a237c36a025ab7563511d917779a7f6757ea078
2026-07-31T21:07:43.607+06:00  INFO 578387 --- [pangochain-backend] [   async-task-7] c.p.b.blockchain.FabricGatewayService    : Fabric tx committed: fn=LogAuditEvent txId=e3d3e9c42f358ad879d56d80e5163998ba80ef377cd3fd48ae07e36938f248b3
2026-07-31T21:07:43.607+06:00  INFO 578387 --- [pangochain-backend] [   async-task-6] c.p.b.blockchain.FabricGatewayService    : Fabric tx committed: fn=LogAuditEvent txId=53159b14e1f1dc3f3e0d54306d971ff3625bd6d78b6c82f5d1a3fbf76178952d
2026-07-31T21:07:43.607+06:00  INFO 578387 --- [pangochain-backend] [   async-task-3] c.p.b.blockchain.FabricGatewayService    : Fabric tx committed: fn=LogAuditEvent txId=ea0aa086d54f1706c47a8184056f7eb5eab13d4264d2ae62ff8165a8e4afb4e1
2026-07-31T21:07:43.607+06:00  INFO 578387 --- [pangochain-backend] [   async-task-8] c.p.b.blockchain.FabricGatewayService    : Fabric tx committed: fn=LogAuditEvent txId=c0fb580a9894d4c2b933ea9060f03f8e2565cc15cc608fd0ae64f84fba203a62
2026-07-31T21:07:43.607+06:00  INFO 578387 --- [pangochain-backend] [   async-task-5] c.p.b.blockchain.FabricGatewayService    : Fabric tx committed: fn=LogAuditEvent txId=9c76d5437653da2e2875ae9dfa53ccad56e7d47f04eef6f8df7e4f0d4c5ecacb
2026-07-31T21:07:43.609+06:00  INFO 578387 --- [pangochain-backend] [MessageBroker-5] c.p.b.audit.AuditAnchorBackfillWorker    : Anchored 16 audit events (ids 51571-51586) in batch tx 916f1bb604778d56f87c9b7fa217bb64a4f84f0a25066cfd020b3e590929e63e
2026-07-31T21:07:45.682+06:00  INFO 578387 --- [pangochain-backend] [   async-task-5] c.p.b.blockchain.FabricGatewayService    : Fabric tx committed: fn=LogAuditEvent txId=363019d8c1bb7c1d0fb82eb5a2417def5e108ba78a66c0098d6d4f688962dae2
2026-07-31T21:07:45.682+06:00  INFO 578387 --- [pangochain-backend] [   async-task-7] c.p.b.blockchain.FabricGatewayService    : Fabric tx committed: fn=LogAuditEvent txId=dbc6a3d58f813f5aca12cd3ee06aff995386e1ba4a6978404433bce762512577
2026-07-31T21:07:45.682+06:00  INFO 578387 --- [pangochain-backend] [   async-task-4] c.p.b.blockchain.FabricGatewayService    : Fabric tx committed: fn=LogAuditEvent txId=45908df05320629d05ce3b9337108ad268df0f6124f901b6ddab93c7470cd92c
2026-07-31T21:07:45.683+06:00  INFO 578387 --- [pangochain-backend] [   async-task-1] c.p.b.blockchain.FabricGatewayService    : Fabric tx committed: fn=LogAuditEvent txId=55c9d69b7360d48ae48f037b8d80a824dc4593f3a9cf24f3d99e93ef8f8e9abc
2026-07-31T21:07:45.683+06:00  INFO 578387 --- [pangochain-backend] [   async-task-3] c.p.b.blockchain.FabricGatewayService    : Fabric tx committed: fn=LogAuditEvent txId=0bba6e7f4b90a0dc938a891d70595c0e495fe16eaf68b918d4f04766a33e0c3f
2026-07-31T21:07:45.684+06:00  INFO 578387 --- [pangochain-backend] [   async-task-2] c.p.b.blockchain.FabricGatewayService    : Fabric tx committed: fn=LogAuditEvent txId=3983cd5347232f019afd50e4a4fb2f9d3e80d139c328e4e2c285e5691abaecd6
2026-07-31T21:07:45.684+06:00  INFO 578387 --- [pangochain-backend] [   async-task-6] c.p.b.blockchain.FabricGatewayService    : Fabric tx committed: fn=LogAuditEvent txId=ed9f98627c6e6fe7d39d626be7a4c60bdd637cbac35f672b400a132ff0ba5e56
2026-07-31T21:07:45.684+06:00  INFO 578387 --- [pangochain-backend] [   async-task-8] c.p.b.blockchain.FabricGatewayService    : Fabric tx committed: fn=LogAuditEvent txId=9afad84a0fbe749f3ea1fde75230627b70b85fd24d6091652c8e9bec94ae18c9
2026-07-31T21:07:47.800+06:00  INFO 578387 --- [pangochain-backend] [   async-task-4] c.p.b.blockchain.FabricGatewayService    : Fabric tx committed: fn=LogAuditEvent txId=84f7468ad6aaa8f88b93e90ef7093c65beb16580b986ab72b3f8c1bfd0f208a6
2026-07-31T21:07:47.801+06:00  INFO 578387 --- [pangochain-backend] [   async-task-2] c.p.b.blockchain.FabricGatewayService    : Fabric tx committed: fn=LogAuditEvent txId=d27df688332091d58b0820a8587ea3b800936639ccd6f77066f686521e911e3c
2026-07-31T21:07:47.803+06:00  INFO 578387 --- [pangochain-backend] [   async-task-1] c.p.b.blockchain.FabricGatewayService    : Fabric tx committed: fn=LogAuditEvent txId=561ff4c9168d95f089f0533f0721978606648afe2a1795c362ba6b8148608bf1
2026-07-31T21:07:47.805+06:00  INFO 578387 --- [pangochain-backend] [   async-task-7] c.p.b.blockchain.FabricGatewayService    : Fabric tx committed: fn=LogAuditEvent txId=12c70ff095758b7ef498da59f6af1c9016047e63a79f7a2b4772a3f2b345243a
2026-07-31T21:07:47.806+06:00  INFO 578387 --- [pangochain-backend] [   async-task-3] c.p.b.blockchain.FabricGatewayService    : Fabric tx committed: fn=LogAuditEvent txId=07e173f70e3367e564a690b291071f83c76455f6030a92e63a628abaf9168672
2026-07-31T21:07:47.806+06:00  INFO 578387 --- [pangochain-backend] [essageBroker-13] c.p.b.blockchain.FabricGatewayService    : Fabric tx committed: fn=LogAuditEvent txId=f63c330d3febed89ca4bd375b86fc381c77b823d59ed5cacfb80d39b15ccfa5d
2026-07-31T21:07:47.805+06:00  INFO 578387 --- [pangochain-backend] [   async-task-6] c.p.b.blockchain.FabricGatewayService    : Fabric tx committed: fn=LogAuditEvent txId=c2af8ded25cb2dda9d93dfe11ba7a82426bf50a936dfedbf242c2301a731ed2c
2026-07-31T21:07:47.806+06:00  INFO 578387 --- [pangochain-backend] [   async-task-5] c.p.b.blockchain.FabricGatewayService    : Fabric tx committed: fn=LogAuditEvent txId=ea53d9c7132a1793cb3a9d619780a6237ebbe24ebc215487bfdca7c342c58178
2026-07-31T21:07:47.808+06:00  INFO 578387 --- [pangochain-backend] [   async-task-8] c.p.b.blockchain.FabricGatewayService    : Fabric tx committed: fn=LogAuditEvent txId=e56f87c5e255839a0f285037734bbdbca9d036ec8374319bfecc745364a2bc8e
2026-07-31T21:07:47.831+06:00  INFO 578387 --- [pangochain-backend] [essageBroker-13] c.p.b.audit.AuditAnchorBackfillWorker    : Anchored 8 audit events (ids 51587-51594) in batch tx f63c330d3febed89ca4bd375b86fc381c77b823d59ed5cacfb80d39b15ccfa5d
2026-07-31T21:07:49.962+06:00  INFO 578387 --- [pangochain-backend] [   async-task-5] c.p.b.blockchain.FabricGatewayService    : Fabric tx committed: fn=LogAuditEvent txId=1fd5e78290011a9af5071671ac799b9c1d8326989d386ad78e8ae58429213bce
2026-07-31T21:07:49.963+06:00  INFO 578387 --- [pangochain-backend] [   async-task-7] c.p.b.blockchain.FabricGatewayService    : Fabric tx committed: fn=LogAuditEvent txId=71a23d8173704a5a079fcb6dda59165003d611f3fdb1642f3ffb3d648a0455de
2026-07-31T21:07:49.963+06:00  INFO 578387 --- [pangochain-backend] [   async-task-2] c.p.b.blockchain.FabricGatewayService    : Fabric tx committed: fn=LogAuditEvent txId=6748bfc56d55f1210c46641df1c5b49980f0d1ee8b7ef38a5cf5b63bece8f4d1
2026-07-31T21:07:49.962+06:00  INFO 578387 --- [pangochain-backend] [   async-task-4] c.p.b.blockchain.FabricGatewayService    : Fabric tx committed: fn=LogAuditEvent txId=f985e6a15ec0818ccae5b55046371a14733b22352d522a9810758cacd56dfcf1
2026-07-31T21:07:49.963+06:00  INFO 578387 --- [pangochain-backend] [   async-task-8] c.p.b.blockchain.FabricGatewayService    : Fabric tx committed: fn=LogAuditEvent txId=bd8fd6b7632ccc1620ca92fd484abbd8757f33c43f6e14357a446860828e29a2
2026-07-31T21:07:49.963+06:00  INFO 578387 --- [pangochain-backend] [   async-task-3] c.p.b.blockchain.FabricGatewayService    : Fabric tx committed: fn=LogAuditEvent txId=bc820655122a3bba91429919ed94b8b63eb36eb9207917d9f2698a7fd4568667
2026-07-31T21:07:49.963+06:00  INFO 578387 --- [pangochain-backend] [   async-task-1] c.p.b.blockchain.FabricGatewayService    : Fabric tx committed: fn=LogAuditEvent txId=f70ffbb83011bbea3136e883b1b2008acf744093dc8266ccf3004c2f182496bb
2026-07-31T21:07:49.963+06:00  INFO 578387 --- [pangochain-backend] [   async-task-6] c.p.b.blockchain.FabricGatewayService    : Fabric tx committed: fn=LogAuditEvent txId=74a5c2e9dc48c912af538d010e802117ac868ebb52bc5120f3f2f17f64cffb8a
2026-07-31T21:07:49.966+06:00  INFO 578387 --- [pangochain-backend] [MessageBroker-9] c.p.b.blockchain.FabricGatewayService    : Fabric tx committed: fn=LogAuditEvent txId=036f21e9935cd5ed8ce3be4426f581201260f28f5346dd0267a8c7046d2b34f1
2026-07-31T21:07:49.969+06:00  INFO 578387 --- [pangochain-backend] [MessageBroker-9] c.p.b.audit.AuditAnchorBackfillWorker    : Anchored 16 audit events (ids 51595-51610) in batch tx 036f21e9935cd5ed8ce3be4426f581201260f28f5346dd0267a8c7046d2b34f1
2026-07-31T21:07:52.220+06:00  INFO 578387 --- [pangochain-backend] [   async-task-6] c.p.b.blockchain.FabricGatewayService    : Fabric tx committed: fn=LogAuditEvent txId=77ed9487d0b608333b799d040b79aeff9b6391d7a31751c78684fd5a48199b73
2026-07-31T21:07:52.220+06:00  INFO 578387 --- [pangochain-backend] [   async-task-7] c.p.b.blockchain.FabricGatewayService    : Fabric tx committed: fn=LogAuditEvent txId=d5d96e9ebefcf084b6986292420d2a05d822afc1214992d513889585bf21d5cf
2026-07-31T21:07:52.220+06:00  INFO 578387 --- [pangochain-backend] [   async-task-8] c.p.b.blockchain.FabricGatewayService    : Fabric tx committed: fn=LogAuditEvent txId=1eb3184584dbb5b9052b5717b84d8011cdc43a288ccae53d040963ba485bdee5
2026-07-31T21:07:52.221+06:00  INFO 578387 --- [pangochain-backend] [   async-task-3] c.p.b.blockchain.FabricGatewayService    : Fabric tx committed: fn=LogAuditEvent txId=c494e6a26dd9bd07b4f1e9c8ba761f7ad23a0a18047d95a9744c90f9c561d40b
2026-07-31T21:07:52.221+06:00  INFO 578387 --- [pangochain-backend] [   async-task-5] c.p.b.blockchain.FabricGatewayService    : Fabric tx committed: fn=LogAuditEvent txId=99a2df98712655236c637998c8be83963747fc8195b784a7c51c75bfb1fab19f
2026-07-31T21:07:52.221+06:00  INFO 578387 --- [pangochain-backend] [   async-task-4] c.p.b.blockchain.FabricGatewayService    : Fabric tx committed: fn=LogAuditEvent txId=e79855417960e7795d5d734dc2bd540ef8933e6f48e1fe92b5782c8a927fd444
2026-07-31T21:07:52.221+06:00  INFO 578387 --- [pangochain-backend] [   async-task-2] c.p.b.blockchain.FabricGatewayService    : Fabric tx committed: fn=LogAuditEvent txId=c440e73c11febaa0135b82059b554159624aadc5923d710424e09e4ce586298a
2026-07-31T21:07:52.222+06:00  INFO 578387 --- [pangochain-backend] [   async-task-1] c.p.b.blockchain.FabricGatewayService    : Fabric tx committed: fn=LogAuditEvent txId=c243dfc07d68af6418198a30d651227d61bd477c3b9f433b474e56855f874420
2026-07-31T21:07:54.388+06:00  INFO 578387 --- [pangochain-backend] [MessageBroker-9] c.p.b.blockchain.FabricGatewayService    : Fabric tx committed: fn=LogAuditEvent txId=7a7b177096a1a42e20b6f7bbdea76b3e13bd759382ff3a8cf3161fb045f307a9
2026-07-31T21:07:54.388+06:00  INFO 578387 --- [pangochain-backend] [   async-task-7] c.p.b.blockchain.FabricGatewayService    : Fabric tx committed: fn=LogAuditEvent txId=2e8a22ad3590dbc86bd370d7e8ad8e4ce5c64eef0afc850032d3403c8c3b0eb3
2026-07-31T21:07:54.388+06:00  INFO 578387 --- [pangochain-backend] [   async-task-2] c.p.b.blockchain.FabricGatewayService    : Fabric tx committed: fn=LogAuditEvent txId=a95b37d2898f2ad3c65437e3b6ee1c63ddcfe5c313a4ec1788756bcd973975d3
2026-07-31T21:07:54.388+06:00  INFO 578387 --- [pangochain-backend] [   async-task-3] c.p.b.blockchain.FabricGatewayService    : Fabric tx committed: fn=LogAuditEvent txId=93806654d396c591eb32aa4d0a8e54ea8737da23e8b6de7392923b57485ca873
2026-07-31T21:07:54.389+06:00  INFO 578387 --- [pangochain-backend] [   async-task-6] c.p.b.blockchain.FabricGatewayService    : Fabric tx committed: fn=LogAuditEvent txId=e0a4aae7aa0b7759fcb0a444d95ec99de3a9f6335737edc55094b296e45f61fb
2026-07-31T21:07:54.389+06:00  INFO 578387 --- [pangochain-backend] [   async-task-5] c.p.b.blockchain.FabricGatewayService    : Fabric tx committed: fn=LogAuditEvent txId=ea6c2666d0c6d136a2717af3760a930fb68136b74511223b134b6388cfda8ebd
2026-07-31T21:07:54.389+06:00  INFO 578387 --- [pangochain-backend] [   async-task-8] c.p.b.blockchain.FabricGatewayService    : Fabric tx committed: fn=LogAuditEvent txId=1f6f2592af5a87414ac6fe87a1a9499c20272816377216ce4243a56086002234
2026-07-31T21:07:54.390+06:00  INFO 578387 --- [pangochain-backend] [   async-task-1] c.p.b.blockchain.FabricGatewayService    : Fabric tx committed: fn=LogAuditEvent txId=8c65841dfc02dd9d33b2594f61621b9a9ac6312f99135a8e423cfe504f7187e4
2026-07-31T21:07:54.390+06:00  INFO 578387 --- [pangochain-backend] [   async-task-4] c.p.b.blockchain.FabricGatewayService    : Fabric tx committed: fn=LogAuditEvent txId=82450ab2681e4a8169eac94a59734a00e6e1d6ff64f10efd1776a58ca6fa09f7
2026-07-31T21:07:54.394+06:00  INFO 578387 --- [pangochain-backend] [MessageBroker-9] c.p.b.audit.AuditAnchorBackfillWorker    : Anchored 8 audit events (ids 51611-51618) in batch tx 7a7b177096a1a42e20b6f7bbdea76b3e13bd759382ff3a8cf3161fb045f307a9
2026-07-31T21:07:56.488+06:00  INFO 578387 --- [pangochain-backend] [   async-task-2] c.p.b.blockchain.FabricGatewayService    : Fabric tx committed: fn=LogAuditEvent txId=2bbdf32cc92c7c7327fc5c65423e4b4b2dcf789f56db8466297da21950532ac0
2026-07-31T21:07:56.488+06:00  INFO 578387 --- [pangochain-backend] [   async-task-7] c.p.b.blockchain.FabricGatewayService    : Fabric tx committed: fn=LogAuditEvent txId=99675534d0409728bbdc3b54dab3788582cfe9b17dfa9edc8aa5ba3874360762
2026-07-31T21:07:56.488+06:00  INFO 578387 --- [pangochain-backend] [   async-task-8] c.p.b.blockchain.FabricGatewayService    : Fabric tx committed: fn=LogAuditEvent txId=1e73ad1a6ece6a47cc6b2c2817cf5349cdccc93940d15c992084691d6f1e89b3
2026-07-31T21:07:56.488+06:00  INFO 578387 --- [pangochain-backend] [MessageBroker-9] c.p.b.blockchain.FabricGatewayService    : Fabric tx committed: fn=LogAuditEvent txId=8cef43b09bf9f2a8f22d818e3d9f97265518691d9f919659d683f3224c37a683
2026-07-31T21:07:56.488+06:00  INFO 578387 --- [pangochain-backend] [   async-task-4] c.p.b.blockchain.FabricGatewayService    : Fabric tx committed: fn=LogAuditEvent txId=fd21205103c2f1a3bac56f672509e3ce674fb4c63268a8cc483a045ef77bf093
2026-07-31T21:07:56.488+06:00  INFO 578387 --- [pangochain-backend] [   async-task-6] c.p.b.blockchain.FabricGatewayService    : Fabric tx committed: fn=LogAuditEvent txId=5ea1d8801742b7e9619270c54f9247740a842f03b68a000506d3a3ea9ddf6265
2026-07-31T21:07:56.489+06:00  INFO 578387 --- [pangochain-backend] [   async-task-5] c.p.b.blockchain.FabricGatewayService    : Fabric tx committed: fn=LogAuditEvent txId=e79b9203b23ae5235f8e44a6d97750b4c994b66587682fd07fca4073308efe2d
2026-07-31T21:07:56.489+06:00  INFO 578387 --- [pangochain-backend] [   async-task-3] c.p.b.blockchain.FabricGatewayService    : Fabric tx committed: fn=LogAuditEvent txId=370161789b38d71469ee869083ee2f8e10142f421d5e70a684d1a0c344e7a72f
2026-07-31T21:07:56.490+06:00  INFO 578387 --- [pangochain-backend] [   async-task-1] c.p.b.blockchain.FabricGatewayService    : Fabric tx committed: fn=LogAuditEvent txId=97e6198d761e11ab7cd86419f3f941a712603c321c1d5c7488443ff054963972
2026-07-31T21:07:56.495+06:00  INFO 578387 --- [pangochain-backend] [MessageBroker-9] c.p.b.audit.AuditAnchorBackfillWorker    : Anchored 16 audit events (ids 51619-51634) in batch tx 8cef43b09bf9f2a8f22d818e3d9f97265518691d9f919659d683f3224c37a683
2026-07-31T21:07:58.574+06:00  INFO 578387 --- [pangochain-backend] [   async-task-6] c.p.b.blockchain.FabricGatewayService    : Fabric tx committed: fn=LogAuditEvent txId=32183a303a3ef64b6382863c56858dbf15ebe0246315462dd3e99a18c3422434
2026-07-31T21:07:58.575+06:00  INFO 578387 --- [pangochain-backend] [   async-task-1] c.p.b.blockchain.FabricGatewayService    : Fabric tx committed: fn=LogAuditEvent txId=4c612c706e58af9a68006b3a19e15bccee9b8966cb44d340d17bf7c9255af5fc
2026-07-31T21:07:58.575+06:00  INFO 578387 --- [pangochain-backend] [MessageBroker-7] c.p.b.blockchain.FabricGatewayService    : Fabric tx committed: fn=UpdateTimeAnchor txId=89c8fce62da340bbf91c3900d00d4b74270699a0f877bfc071411f07570fbb37
2026-07-31T21:07:58.575+06:00  INFO 578387 --- [pangochain-backend] [   async-task-3] c.p.b.blockchain.FabricGatewayService    : Fabric tx committed: fn=LogAuditEvent txId=091e2187e7f927605b3f9c0e47af87adeb9cf4c7667e7d874cd77f4ca9def198
2026-07-31T21:07:58.575+06:00  INFO 578387 --- [pangochain-backend] [   async-task-7] c.p.b.blockchain.FabricGatewayService    : Fabric tx committed: fn=LogAuditEvent txId=0369a7bb76369e05c1bc9c42ed2c5e055b424d5f8ca8600b0f3e0dc34f359598
2026-07-31T21:07:58.575+06:00  INFO 578387 --- [pangochain-backend] [   async-task-8] c.p.b.blockchain.FabricGatewayService    : Fabric tx committed: fn=LogAuditEvent txId=1f8a0067499c1a2726c46409139c1e450eb2dffd2f6f89668aec04c71d16b516
2026-07-31T21:07:58.575+06:00  INFO 578387 --- [pangochain-backend] [   async-task-2] c.p.b.blockchain.FabricGatewayService    : Fabric tx committed: fn=LogAuditEvent txId=6f5fd9f004a6c27fbd7ed6d86eb8c25db2ee3cf00d4607323c05fd195bc13926
2026-07-31T21:07:58.575+06:00  INFO 578387 --- [pangochain-backend] [   async-task-4] c.p.b.blockchain.FabricGatewayService    : Fabric tx committed: fn=LogAuditEvent txId=ea5a2350be6afcbfed9fa12bad4cc3ede3628824d9f2d098b8bfab4e0dba02c4
2026-07-31T21:07:58.575+06:00  INFO 578387 --- [pangochain-backend] [   async-task-5] c.p.b.blockchain.FabricGatewayService    : Fabric tx committed: fn=LogAuditEvent txId=3b29a79891ed441ec22ed92e220503cb403a5f8db9b820e927a44e22f94cb1af
2026-07-31T21:08:00.565+06:00  INFO 578387 --- [pangochain-backend] [   async-task-5] c.p.b.blockchain.FabricGatewayService    : Fabric tx committed: fn=LogAuditEvent txId=53ccc841aa88aa2ff37051829c72c9da06db56b1613924d6f9d91708c9125a30
2026-07-31T21:08:00.565+06:00  INFO 578387 --- [pangochain-backend] [   async-task-1] c.p.b.blockchain.FabricGatewayService    : Fabric tx committed: fn=LogAuditEvent txId=3208f67bebaa9f7ce694868435bd6eb373c6cff42f8224e5bcac76ba5ec8fd8f
2026-07-31T21:08:00.565+06:00  INFO 578387 --- [pangochain-backend] [   async-task-2] c.p.b.blockchain.FabricGatewayService    : Fabric tx committed: fn=LogAuditEvent txId=75b1aab6a35c274fc76a5e8e439a041f53322adbb87b81c5d0e95433ca451241
2026-07-31T21:08:00.565+06:00  INFO 578387 --- [pangochain-backend] [   async-task-4] c.p.b.blockchain.FabricGatewayService    : Fabric tx committed: fn=LogAuditEvent txId=79f2f06b2a825d8613898189ed92443613967f6ea531589472035cd3ff77bdc8
2026-07-31T21:08:00.565+06:00  INFO 578387 --- [pangochain-backend] [   async-task-8] c.p.b.blockchain.FabricGatewayService    : Fabric tx committed: fn=LogAuditEvent txId=37e075c200575f57ac1c32bce16cfa6b30f6c6b22ee6e4c9f22fb3552f9aa567
2026-07-31T21:08:00.565+06:00  INFO 578387 --- [pangochain-backend] [   async-task-7] c.p.b.blockchain.FabricGatewayService    : Fabric tx committed: fn=LogAuditEvent txId=5686cea98de1bf6ede30a1cb75b45c7664f9fd16840957219814e8f0800ca72f
2026-07-31T21:08:00.565+06:00  INFO 578387 --- [pangochain-backend] [MessageBroker-6] c.p.b.blockchain.FabricGatewayService    : Fabric tx committed: fn=LogAuditEvent txId=6cb96d355e1c3445d88ed70304102e072ef399314b7f5331e7fd342ddbfc721a
2026-07-31T21:08:00.565+06:00  INFO 578387 --- [pangochain-backend] [   async-task-3] c.p.b.blockchain.FabricGatewayService    : Fabric tx committed: fn=LogAuditEvent txId=e62a881e1e81fe5eaad7786cd6f3f94dff25bd5baa54b8d1e0b7d39a71a84378
2026-07-31T21:08:00.566+06:00  INFO 578387 --- [pangochain-backend] [   async-task-6] c.p.b.blockchain.FabricGatewayService    : Fabric tx committed: fn=LogAuditEvent txId=b38f8d87826c6e8dcf38d53bfa2b94d594a63f0cce67e289fb497ec8e5d90a1a
2026-07-31T21:08:00.568+06:00  INFO 578387 --- [pangochain-backend] [MessageBroker-6] c.p.b.audit.AuditAnchorBackfillWorker    : Anchored 8 audit events (ids 51635-51642) in batch tx 6cb96d355e1c3445d88ed70304102e072ef399314b7f5331e7fd342ddbfc721a
2026-07-31T21:08:02.839+06:00  INFO 578387 --- [pangochain-backend] [   async-task-8] c.p.b.blockchain.FabricGatewayService    : Fabric tx committed: fn=LogAuditEvent txId=f2433c06c71e3fdc45ea4e834c35d495675955460ad6c2a020fe7069eb2be8a9
2026-07-31T21:08:02.839+06:00  INFO 578387 --- [pangochain-backend] [   async-task-4] c.p.b.blockchain.FabricGatewayService    : Fabric tx committed: fn=LogAuditEvent txId=cd1aece00785d234a37d83ad3d09a914210317b4a2444010579aa01deb55e529
2026-07-31T21:08:02.840+06:00  INFO 578387 --- [pangochain-backend] [   async-task-5] c.p.b.blockchain.FabricGatewayService    : Fabric tx committed: fn=LogAuditEvent txId=1e4be312184a19873f3ce4484f5cd97a3125a3fdff71d8dbc2cb27394373b0ae
2026-07-31T21:08:02.840+06:00  INFO 578387 --- [pangochain-backend] [   async-task-6] c.p.b.blockchain.FabricGatewayService    : Fabric tx committed: fn=LogAuditEvent txId=6dc36e7627f2f32c88a4eaf1ada8b0db607f5d3b570b545ff18b658bee2e0a99
2026-07-31T21:08:02.839+06:00  INFO 578387 --- [pangochain-backend] [   async-task-1] c.p.b.blockchain.FabricGatewayService    : Fabric tx committed: fn=LogAuditEvent txId=8c2bf733a574b3f64d43554c19dd9b6e2fd778f913c96fb10c8966ee95b81296
2026-07-31T21:08:02.843+06:00  INFO 578387 --- [pangochain-backend] [   async-task-7] c.p.b.blockchain.FabricGatewayService    : Fabric tx committed: fn=LogAuditEvent txId=fe2693f9da9fe80abecbfda714ef1074f30d574a89b7537c30bf994998ef5286
2026-07-31T21:08:02.840+06:00  INFO 578387 --- [pangochain-backend] [   async-task-2] c.p.b.blockchain.FabricGatewayService    : Fabric tx committed: fn=LogAuditEvent txId=0a32a0268085b44aaf0fa4339633a6bbe903873f59fe6ee007108e2ca006d86f
2026-07-31T21:08:02.844+06:00  INFO 578387 --- [pangochain-backend] [   async-task-3] c.p.b.blockchain.FabricGatewayService    : Fabric tx committed: fn=LogAuditEvent txId=e2c25645335681b370f2b69f5ed4109a3bfdce196a9f9b63b154adcd9aa4fa13
2026-07-31T21:08:03.829+06:00 ERROR 578387 --- [pangochain-backend] [MessageBroker-4] c.p.b.blockchain.FabricGatewayService    : Submit transaction 'RevokeAccess' failed: io.grpc.StatusRuntimeException: ABORTED: failed to endorse transaction, see attached details for more info
2026-07-31T21:08:03.842+06:00  WARN 578387 --- [pangochain-backend] [MessageBroker-4] c.p.b.access.AnchorReconciliationWorker  : Anchor cd2c2e32-80b0-4d12-a3e8-d8ca4e6d5935 (RevokeAccess) retry 216 failed, next attempt in 60s: Blockchain submit failed: io.grpc.StatusRuntimeException: ABORTED: failed to endorse transaction, see attached details for more info
2026-07-31T21:08:04.753+06:00  INFO 578387 --- [pangochain-backend] [   async-task-4] c.p.b.blockchain.FabricGatewayService    : Fabric tx committed: fn=LogAuditEvent txId=8616be8a4a0c14d1e0e8d39fc60e00a0c0a3ed1dd5ded409c5beec3e75d96e22
2026-07-31T21:08:04.754+06:00  INFO 578387 --- [pangochain-backend] [   async-task-2] c.p.b.blockchain.FabricGatewayService    : Fabric tx committed: fn=LogAuditEvent txId=f99a5d0d908022027aea2ca6268fc42afe8573639a61f8ebddefafb89184759d
2026-07-31T21:08:04.754+06:00  INFO 578387 --- [pangochain-backend] [   async-task-1] c.p.b.blockchain.FabricGatewayService    : Fabric tx committed: fn=LogAuditEvent txId=0901d8d943bd9278d07739a2a69270db2258a92f58067db71ab83c7e05e923a9
2026-07-31T21:08:04.754+06:00  INFO 578387 --- [pangochain-backend] [   async-task-8] c.p.b.blockchain.FabricGatewayService    : Fabric tx committed: fn=LogAuditEvent txId=ae758e6f60d3087f306d65d641efb8f75bf882f7e9ef96adff6d908164bc6973
2026-07-31T21:08:04.754+06:00  INFO 578387 --- [pangochain-backend] [   async-task-7] c.p.b.blockchain.FabricGatewayService    : Fabric tx committed: fn=LogAuditEvent txId=6e32280c037174f2fca32e278cf4d43f0de46b0d794f2f29af96e7ad28643c07
2026-07-31T21:08:04.754+06:00  INFO 578387 --- [pangochain-backend] [MessageBroker-6] c.p.b.blockchain.FabricGatewayService    : Fabric tx committed: fn=LogAuditEvent txId=25e620e19903d0dfdf5b29c1535ce16efe96d56476942f36a5c8ed8878363beb
2026-07-31T21:08:04.754+06:00  INFO 578387 --- [pangochain-backend] [   async-task-3] c.p.b.blockchain.FabricGatewayService    : Fabric tx committed: fn=LogAuditEvent txId=d513665aeb27d2be4ad8b248546da13ec7cb968805d7d9e996bc7d128c0c9b28
2026-07-31T21:08:04.754+06:00  INFO 578387 --- [pangochain-backend] [   async-task-5] c.p.b.blockchain.FabricGatewayService    : Fabric tx committed: fn=LogAuditEvent txId=5e0c747d3ead4c87a734b8cd2ada0a76352bb331ac6e45d2fdcb2a965ce2641d
2026-07-31T21:08:04.754+06:00  INFO 578387 --- [pangochain-backend] [   async-task-6] c.p.b.blockchain.FabricGatewayService    : Fabric tx committed: fn=LogAuditEvent txId=ec925501fb93849af17a9e14168f306ebd4e9ed18bc8fe145de8c4fa1a2a76eb
2026-07-31T21:08:04.759+06:00  INFO 578387 --- [pangochain-backend] [MessageBroker-6] c.p.b.audit.AuditAnchorBackfillWorker    : Anchored 16 audit events (ids 51643-51658) in batch tx 25e620e19903d0dfdf5b29c1535ce16efe96d56476942f36a5c8ed8878363beb
2026-07-31T21:08:06.822+06:00  INFO 578387 --- [pangochain-backend] [   async-task-4] c.p.b.blockchain.FabricGatewayService    : Fabric tx committed: fn=LogAuditEvent txId=7e29c46e85cb12ecb2b75c50f16c3b71dc75cef47e0d3eba592080e3a398499c
2026-07-31T21:08:06.822+06:00  INFO 578387 --- [pangochain-backend] [   async-task-5] c.p.b.blockchain.FabricGatewayService    : Fabric tx committed: fn=LogAuditEvent txId=18c15e85d1c1c16c7f98f6cd9f814608749a9362512ffcd7d2990ed32384ca72
2026-07-31T21:08:06.822+06:00  INFO 578387 --- [pangochain-backend] [   async-task-6] c.p.b.blockchain.FabricGatewayService    : Fabric tx committed: fn=LogAuditEvent txId=919edfa7e80eb55a656e6496493886862970b1bc9de9653551a6a92244a7cd74
2026-07-31T21:08:06.823+06:00  INFO 578387 --- [pangochain-backend] [   async-task-3] c.p.b.blockchain.FabricGatewayService    : Fabric tx committed: fn=LogAuditEvent txId=95fc48fe8af0be8eae248089bdd22e49a1940e96fb001efbb9cb9e265fa0e484
2026-07-31T21:08:06.823+06:00  INFO 578387 --- [pangochain-backend] [   async-task-7] c.p.b.blockchain.FabricGatewayService    : Fabric tx committed: fn=LogAuditEvent txId=644834a45c6f6b3ec4c71a3f2026d5ae9e57fc3c07deca73aa0c09ea762236a4
2026-07-31T21:08:06.823+06:00  INFO 578387 --- [pangochain-backend] [   async-task-8] c.p.b.blockchain.FabricGatewayService    : Fabric tx committed: fn=LogAuditEvent txId=ab02791a0ed95abfde52b93f57887abe765fc49d954c5e7335c27fba0d8ebefc
2026-07-31T21:08:06.823+06:00  INFO 578387 --- [pangochain-backend] [   async-task-1] c.p.b.blockchain.FabricGatewayService    : Fabric tx committed: fn=LogAuditEvent txId=c36c1b69b60c8a8c243327d8ca124849341921ad97349853e1921d0a92ea3a41
2026-07-31T21:08:06.823+06:00  INFO 578387 --- [pangochain-backend] [   async-task-2] c.p.b.blockchain.FabricGatewayService    : Fabric tx committed: fn=LogAuditEvent txId=b725493b53aedcbdfff9a120870b1d16925b47dfe575b4ad7ca7cd5c7fb9dd74
2026-07-31T21:08:08.831+06:00  INFO 578387 --- [pangochain-backend] [MessageBroker-6] c.p.b.blockchain.FabricGatewayService    : Fabric tx committed: fn=LogAuditEvent txId=c8f61abe38bf25e55f99537a5cd235b9e85549ac94bb2a2150e13ff83a074484
2026-07-31T21:08:08.831+06:00  INFO 578387 --- [pangochain-backend] [   async-task-1] c.p.b.blockchain.FabricGatewayService    : Fabric tx committed: fn=LogAuditEvent txId=90a0d2028a72bbd9485141b6dcee40344134cda80bdb10af78f3770dd1fdf697
2026-07-31T21:08:08.832+06:00  INFO 578387 --- [pangochain-backend] [   async-task-3] c.p.b.blockchain.FabricGatewayService    : Fabric tx committed: fn=LogAuditEvent txId=dba2357c438aa070160dd95608bd5679f7308212eeaa276e31671350af88f8f4
2026-07-31T21:08:08.832+06:00  INFO 578387 --- [pangochain-backend] [   async-task-5] c.p.b.blockchain.FabricGatewayService    : Fabric tx committed: fn=LogAuditEvent txId=cabb00e40553c93c656d42b07b7ab91097786ff9ee79fd036da1ebe6bf9a7f2d
2026-07-31T21:08:08.832+06:00  INFO 578387 --- [pangochain-backend] [   async-task-7] c.p.b.blockchain.FabricGatewayService    : Fabric tx committed: fn=LogAuditEvent txId=81948d4255c94b3273849f6e73eb3cbdba256239ac65d9dce7fe29f112965c24
2026-07-31T21:08:08.832+06:00  INFO 578387 --- [pangochain-backend] [   async-task-8] c.p.b.blockchain.FabricGatewayService    : Fabric tx committed: fn=LogAuditEvent txId=e5d6eb7eba97ed6429ed224e8959ada7f4f36bb8ce1f885ce12a1c07a7350232
2026-07-31T21:08:08.832+06:00  INFO 578387 --- [pangochain-backend] [   async-task-2] c.p.b.blockchain.FabricGatewayService    : Fabric tx committed: fn=LogAuditEvent txId=a713177826d9a05728c0c24d15f4a61d1e2c21fbde12068401a784da79dafb9a
2026-07-31T21:08:08.832+06:00  INFO 578387 --- [pangochain-backend] [   async-task-4] c.p.b.blockchain.FabricGatewayService    : Fabric tx committed: fn=LogAuditEvent txId=3fcbf2fcb841bbbf0f1933e950a30c46c3b0e000a4b86fefc265ccf7d229a199
2026-07-31T21:08:08.834+06:00  INFO 578387 --- [pangochain-backend] [MessageBroker-6] c.p.b.audit.AuditAnchorBackfillWorker    : Anchored 16 audit events (ids 51659-51674) in batch tx c8f61abe38bf25e55f99537a5cd235b9e85549ac94bb2a2150e13ff83a074484
2026-07-31T21:08:08.833+06:00  INFO 578387 --- [pangochain-backend] [   async-task-6] c.p.b.blockchain.FabricGatewayService    : Fabric tx committed: fn=LogAuditEvent txId=b6ab93d2fb11477ed408200b405d927e49fcb4808f163ba5fc16c925c773989d
2026-07-31T21:08:10.913+06:00  INFO 578387 --- [pangochain-backend] [MessageBroker-5] c.p.b.blockchain.FabricGatewayService    : Fabric tx committed: fn=LogAuditEvent txId=57f4573cb7a74be481911f7fd2e93ab69982b3b257d0eccae9454a30975914c3
2026-07-31T21:08:10.914+06:00  INFO 578387 --- [pangochain-backend] [   async-task-7] c.p.b.blockchain.FabricGatewayService    : Fabric tx committed: fn=LogAuditEvent txId=82a6e64b2e796c3b82657c3ee2faaa013b5bb5a7053d72f0b330d12159de9e3c
2026-07-31T21:08:10.914+06:00  INFO 578387 --- [pangochain-backend] [   async-task-1] c.p.b.blockchain.FabricGatewayService    : Fabric tx committed: fn=LogAuditEvent txId=2761faae661c70a97faef691121975580e4ffb97fa2ed316d56ed07cb4e25b21
2026-07-31T21:08:10.914+06:00  INFO 578387 --- [pangochain-backend] [   async-task-6] c.p.b.blockchain.FabricGatewayService    : Fabric tx committed: fn=LogAuditEvent txId=51bb277b60dc7fdcfe9695f5a1ead2569a7a0cc50766ea899bd2bddb665c6762
2026-07-31T21:08:10.914+06:00  INFO 578387 --- [pangochain-backend] [   async-task-8] c.p.b.blockchain.FabricGatewayService    : Fabric tx committed: fn=LogAuditEvent txId=086edd56054eed4bebc89dae4cc617ccd42b23d036c47c6cd539ed27a474fd5f
2026-07-31T21:08:10.914+06:00  INFO 578387 --- [pangochain-backend] [   async-task-3] c.p.b.blockchain.FabricGatewayService    : Fabric tx committed: fn=LogAuditEvent txId=f100d80baeb40b23f4c5d2451f1d276119802d089a4a576aa84133105de59222
2026-07-31T21:08:10.915+06:00  INFO 578387 --- [pangochain-backend] [   async-task-4] c.p.b.blockchain.FabricGatewayService    : Fabric tx committed: fn=LogAuditEvent txId=11f66efe5a206b03c515dc6a69f65de6caa7bfb488b48b89d9cc6b40f8b29e78
2026-07-31T21:08:10.915+06:00  INFO 578387 --- [pangochain-backend] [   async-task-5] c.p.b.blockchain.FabricGatewayService    : Fabric tx committed: fn=LogAuditEvent txId=eb6066b2eb6c22efba3691d7ff7cfa3d4ae4b15b3d516e838b58e2290498ffa6
2026-07-31T21:08:10.916+06:00  INFO 578387 --- [pangochain-backend] [MessageBroker-5] c.p.b.audit.AuditAnchorBackfillWorker    : Anchored 16 audit events (ids 51675-51690) in batch tx 57f4573cb7a74be481911f7fd2e93ab69982b3b257d0eccae9454a30975914c3
2026-07-31T21:08:10.915+06:00  INFO 578387 --- [pangochain-backend] [   async-task-2] c.p.b.blockchain.FabricGatewayService    : Fabric tx committed: fn=LogAuditEvent txId=4526222ab78b6282fafa86e765ff14bc0c96b973dced367cf3494677c540ed40
2026-07-31T21:08:12.999+06:00  INFO 578387 --- [pangochain-backend] [MessageBroker-5] c.p.b.blockchain.FabricGatewayService    : Fabric tx committed: fn=LogAuditEvent txId=c7a9932011db9d339b1e46a7f62a43bca8e90e4d5540e3a34be159f931812df5
2026-07-31T21:08:12.999+06:00  INFO 578387 --- [pangochain-backend] [   async-task-8] c.p.b.blockchain.FabricGatewayService    : Fabric tx committed: fn=LogAuditEvent txId=953a50591e67d757297b3540730ac2187bd14ba8d287a59f28582bdccccafd28
2026-07-31T21:08:12.999+06:00  INFO 578387 --- [pangochain-backend] [   async-task-2] c.p.b.blockchain.FabricGatewayService    : Fabric tx committed: fn=LogAuditEvent txId=16ebd3f1d555f9761e4d89942ae54e10efeb0a6a9a481107079d285629b64155
2026-07-31T21:08:12.999+06:00  INFO 578387 --- [pangochain-backend] [   async-task-7] c.p.b.blockchain.FabricGatewayService    : Fabric tx committed: fn=LogAuditEvent txId=6e72b093053204ad8f3ff908261dc8adc677d505569c10b779e53e8efd79556c
2026-07-31T21:08:12.999+06:00  INFO 578387 --- [pangochain-backend] [   async-task-3] c.p.b.blockchain.FabricGatewayService    : Fabric tx committed: fn=LogAuditEvent txId=a66cf3d0f9f8d5b574fada965bba1c9d3c497da25c45d322527e37490a60927c
2026-07-31T21:08:13.000+06:00  INFO 578387 --- [pangochain-backend] [   async-task-4] c.p.b.blockchain.FabricGatewayService    : Fabric tx committed: fn=LogAuditEvent txId=fc2245521927e724eb732bf1598d2b458c32f5d28c0dbe53169356bbf2d759f5
2026-07-31T21:08:13.000+06:00  INFO 578387 --- [pangochain-backend] [   async-task-5] c.p.b.blockchain.FabricGatewayService    : Fabric tx committed: fn=LogAuditEvent txId=6884bb717c8985df92f60b42c124f7507a469ca7e3da7f81458bbc0582dc357e
2026-07-31T21:08:13.000+06:00  INFO 578387 --- [pangochain-backend] [   async-task-1] c.p.b.blockchain.FabricGatewayService    : Fabric tx committed: fn=LogAuditEvent txId=bc46aafc68b531b21b9bc554cc857d98ba367f5d6dd493dd86680bbf67a6b96e
2026-07-31T21:08:13.000+06:00  INFO 578387 --- [pangochain-backend] [   async-task-6] c.p.b.blockchain.FabricGatewayService    : Fabric tx committed: fn=LogAuditEvent txId=e701c25bd50a46bd388b48353110e3e08a52fe8c77d2cf479ba95cb5d52c5624
2026-07-31T21:08:13.002+06:00  INFO 578387 --- [pangochain-backend] [MessageBroker-5] c.p.b.audit.AuditAnchorBackfillWorker    : Anchored 8 audit events (ids 51691-51698) in batch tx c7a9932011db9d339b1e46a7f62a43bca8e90e4d5540e3a34be159f931812df5
2026-07-31T21:08:15.099+06:00  INFO 578387 --- [pangochain-backend] [   async-task-7] c.p.b.blockchain.FabricGatewayService    : Fabric tx committed: fn=LogAuditEvent txId=8a12e097aa6eb7cfabc17f64a1550452088951cd8cd6bc4a39de8d8e93fad1dc
2026-07-31T21:08:15.098+06:00  INFO 578387 --- [pangochain-backend] [   async-task-6] c.p.b.blockchain.FabricGatewayService    : Fabric tx committed: fn=LogAuditEvent txId=b87a11866494b8165c5ef5ab906af2e038f8b9c297e1f5f569284dc66ccde5fa
2026-07-31T21:08:15.099+06:00  INFO 578387 --- [pangochain-backend] [   async-task-1] c.p.b.blockchain.FabricGatewayService    : Fabric tx committed: fn=LogAuditEvent txId=c87100bfa8f788ef95c33c8c8f7cc5164e0670a49d9372ccf09d454087d42093
2026-07-31T21:08:15.098+06:00  INFO 578387 --- [pangochain-backend] [   async-task-2] c.p.b.blockchain.FabricGatewayService    : Fabric tx committed: fn=LogAuditEvent txId=bcf2334cfbaa7cdbe557ffa665e143ef26b3beee3c3836dddeb833fc8c2af363
2026-07-31T21:08:15.099+06:00  INFO 578387 --- [pangochain-backend] [   async-task-8] c.p.b.blockchain.FabricGatewayService    : Fabric tx committed: fn=LogAuditEvent txId=6089ced84eee911733eca19439f24825fe4c678bfe012e33f946d65623501772
2026-07-31T21:08:15.099+06:00  INFO 578387 --- [pangochain-backend] [   async-task-3] c.p.b.blockchain.FabricGatewayService    : Fabric tx committed: fn=LogAuditEvent txId=d60cb0786ebb1ad4f5f643ff837a5d0d0139ad0a71bcbf0a729278886a15363d
2026-07-31T21:08:15.099+06:00  INFO 578387 --- [pangochain-backend] [   async-task-4] c.p.b.blockchain.FabricGatewayService    : Fabric tx committed: fn=LogAuditEvent txId=a70160ccc182804afbd9987b113126d4e206bec2efca95b9972d26749697e992
2026-07-31T21:08:15.123+06:00  INFO 578387 --- [pangochain-backend] [   async-task-5] c.p.b.blockchain.FabricGatewayService    : Fabric tx committed: fn=LogAuditEvent txId=a09c22131967e77956d8f4a208876f837fbec0453e70d527dcad186c63bda094
2026-07-31T21:08:17.202+06:00  INFO 578387 --- [pangochain-backend] [   async-task-3] c.p.b.blockchain.FabricGatewayService    : Fabric tx committed: fn=LogAuditEvent txId=a6565e5009e6dfe87c74621274a89127e803b90b66572a6ef463f08d89689850
2026-07-31T21:08:17.202+06:00  INFO 578387 --- [pangochain-backend] [   async-task-5] c.p.b.blockchain.FabricGatewayService    : Fabric tx committed: fn=LogAuditEvent txId=8cb74a3856a14ec9fec00d004ed592d00563e74c486a499a5262c591a9bce178
2026-07-31T21:08:17.202+06:00  INFO 578387 --- [pangochain-backend] [essageBroker-13] c.p.b.blockchain.FabricGatewayService    : Fabric tx committed: fn=LogAuditEvent txId=677468a3b0c3368af555ad6a68434b28721bfabad4bcc07b61c349b678caa3d9
2026-07-31T21:08:17.202+06:00  INFO 578387 --- [pangochain-backend] [   async-task-1] c.p.b.blockchain.FabricGatewayService    : Fabric tx committed: fn=LogAuditEvent txId=0084f7a821d122e43c5b70c2489af66d5530a35bdefbbc2d71afc2d1cef1a32f
2026-07-31T21:08:17.202+06:00  INFO 578387 --- [pangochain-backend] [   async-task-4] c.p.b.blockchain.FabricGatewayService    : Fabric tx committed: fn=LogAuditEvent txId=2dc3f2c422b30e8f0c7b3c8d6dcddbbd2a325325fdda395122073c356fa9bb3c
2026-07-31T21:08:17.202+06:00  INFO 578387 --- [pangochain-backend] [   async-task-7] c.p.b.blockchain.FabricGatewayService    : Fabric tx committed: fn=LogAuditEvent txId=f643ce45a30046205d77d9ba92ffd027aad8c64c0c1105f3587857dc26535b3c
2026-07-31T21:08:17.202+06:00  INFO 578387 --- [pangochain-backend] [   async-task-2] c.p.b.blockchain.FabricGatewayService    : Fabric tx committed: fn=LogAuditEvent txId=919e072faba86e1b6a94391c472cae9689e90d0fa2502d4e60d2bbeb2e4e2579
2026-07-31T21:08:17.203+06:00  INFO 578387 --- [pangochain-backend] [   async-task-6] c.p.b.blockchain.FabricGatewayService    : Fabric tx committed: fn=LogAuditEvent txId=16aa3c6afccf22d921b07fb4d437b1073b5470af92e28413c963ab7166629e3d
2026-07-31T21:08:17.224+06:00  INFO 578387 --- [pangochain-backend] [essageBroker-13] c.p.b.audit.AuditAnchorBackfillWorker    : Anchored 8 audit events (ids 51699-51706) in batch tx 677468a3b0c3368af555ad6a68434b28721bfabad4bcc07b61c349b678caa3d9
2026-07-31T21:08:19.261+06:00  INFO 578387 --- [pangochain-backend] [   async-task-4] c.p.b.blockchain.FabricGatewayService    : Fabric tx committed: fn=LogAuditEvent txId=a0473d48192f2f879fb0a1de658bf7bb8fc16b158c69f7284a3638ded7157340
2026-07-31T21:08:19.261+06:00  INFO 578387 --- [pangochain-backend] [   async-task-7] c.p.b.blockchain.FabricGatewayService    : Fabric tx committed: fn=LogAuditEvent txId=e3e0a58fc2070f0e0fec5d3f286f532fb5b6e6b2765d6550e5bf07d0e6acaf72
2026-07-31T21:08:19.261+06:00  INFO 578387 --- [pangochain-backend] [   async-task-6] c.p.b.blockchain.FabricGatewayService    : Fabric tx committed: fn=LogAuditEvent txId=ace8adf0ca561ca13ce218e4deb1d470db350a65e65cfdae9889f87f394d548e
2026-07-31T21:08:19.261+06:00  INFO 578387 --- [pangochain-backend] [   async-task-1] c.p.b.blockchain.FabricGatewayService    : Fabric tx committed: fn=LogAuditEvent txId=8a3a498f4b742898670ec182483075504282c66365ab59b013553a322022f00c
2026-07-31T21:08:19.261+06:00  INFO 578387 --- [pangochain-backend] [   async-task-5] c.p.b.blockchain.FabricGatewayService    : Fabric tx committed: fn=LogAuditEvent txId=a1da908490b909d2ae2735ca9db8715d7672d4d286e4c56f00297ffbb006223a
2026-07-31T21:08:19.261+06:00  INFO 578387 --- [pangochain-backend] [   async-task-8] c.p.b.blockchain.FabricGatewayService    : Fabric tx committed: fn=LogAuditEvent txId=40bdf076183481c3c1f4588a03b551b6ef6a3f5f67342d4304fea2fe05ac19e5
2026-07-31T21:08:19.261+06:00  INFO 578387 --- [pangochain-backend] [   async-task-3] c.p.b.blockchain.FabricGatewayService    : Fabric tx committed: fn=LogAuditEvent txId=789c85aeb668438c796d074f51b4e5b38fabfbe36d30e309a85b9046fb2e4c95
2026-07-31T21:08:19.262+06:00  INFO 578387 --- [pangochain-backend] [   async-task-2] c.p.b.blockchain.FabricGatewayService    : Fabric tx committed: fn=LogAuditEvent txId=a631a9f5975a067dc3bfd30303849832f75924e8463291c48afc5ec63bfb4cdd
2026-07-31T21:08:21.324+06:00  INFO 578387 --- [pangochain-backend] [   async-task-7] c.p.b.blockchain.FabricGatewayService    : Fabric tx committed: fn=LogAuditEvent txId=82bef96573b48e5a37437aa20d3bae940bc59fc354f225ca224c59b64914488a
2026-07-31T21:08:21.324+06:00  INFO 578387 --- [pangochain-backend] [   async-task-1] c.p.b.blockchain.FabricGatewayService    : Fabric tx committed: fn=LogAuditEvent txId=846e4222d9d28b54664f88e7aba1d0c31c45f7d8d4106e457b8db385b959899a
2026-07-31T21:08:21.324+06:00  INFO 578387 --- [pangochain-backend] [   async-task-2] c.p.b.blockchain.FabricGatewayService    : Fabric tx committed: fn=LogAuditEvent txId=28f60794e5d94a4960d2623ff6d34d96b2eec94ce880f29cb80379d08e7bf9b6
2026-07-31T21:08:21.324+06:00  INFO 578387 --- [pangochain-backend] [   async-task-4] c.p.b.blockchain.FabricGatewayService    : Fabric tx committed: fn=LogAuditEvent txId=41b9bc0127a5c9001619e89641136d2d829ae17a9227d88992359f880dbe0198
2026-07-31T21:08:21.324+06:00  INFO 578387 --- [pangochain-backend] [   async-task-5] c.p.b.blockchain.FabricGatewayService    : Fabric tx committed: fn=LogAuditEvent txId=caeb86e40ccfc64b861b02a1764ea767c6688234283c49394c7f55503a421359
2026-07-31T21:08:21.325+06:00  INFO 578387 --- [pangochain-backend] [   async-task-3] c.p.b.blockchain.FabricGatewayService    : Fabric tx committed: fn=LogAuditEvent txId=60b291c57343ff56b92b3d6a031dd222d632d757430e74abffa0ca6c6ffd32ba
2026-07-31T21:08:21.325+06:00  INFO 578387 --- [pangochain-backend] [   async-task-8] c.p.b.blockchain.FabricGatewayService    : Fabric tx committed: fn=LogAuditEvent txId=e02842f5f31700ac9d5398567a7131ceda4f56f03b9540b9979cb854e94c5484
2026-07-31T21:08:21.324+06:00  INFO 578387 --- [pangochain-backend] [   async-task-6] c.p.b.blockchain.FabricGatewayService    : Fabric tx committed: fn=LogAuditEvent txId=af5d54c4e4f566bd7a9ea229a1573d7eb898f107837198e0f32b20b6f9efe366
2026-07-31T21:08:21.325+06:00  INFO 578387 --- [pangochain-backend] [essageBroker-13] c.p.b.blockchain.FabricGatewayService    : Fabric tx committed: fn=LogAuditEvent txId=a7e8921d406726813028652e803927f9699de1a2b78c66415d15cf38e8fa352f
2026-07-31T21:08:21.329+06:00  INFO 578387 --- [pangochain-backend] [essageBroker-13] c.p.b.audit.AuditAnchorBackfillWorker    : Anchored 15 audit events (ids 51707-51721) in batch tx a7e8921d406726813028652e803927f9699de1a2b78c66415d15cf38e8fa352f
2026-07-31T21:08:23.400+06:00  INFO 578387 --- [pangochain-backend] [   async-task-3] c.p.b.blockchain.FabricGatewayService    : Fabric tx committed: fn=LogAuditEvent txId=c69b5b54b64ee0e4225586f39b5c8342ad9f9317b26f6688629b3ddcc86d3361
2026-07-31T21:08:23.400+06:00  INFO 578387 --- [pangochain-backend] [   async-task-4] c.p.b.blockchain.FabricGatewayService    : Fabric tx committed: fn=LogAuditEvent txId=4a2ecacd564435da7757ea5a2351c39f111a35624079ce3166bf8f14baae0c93
2026-07-31T21:08:23.400+06:00  INFO 578387 --- [pangochain-backend] [   async-task-8] c.p.b.blockchain.FabricGatewayService    : Fabric tx committed: fn=LogAuditEvent txId=44f6a81f630ec7201b71e6feed1c22b337a097cc5f677fb456cca09989d42389
2026-07-31T21:08:23.400+06:00  INFO 578387 --- [pangochain-backend] [   async-task-2] c.p.b.blockchain.FabricGatewayService    : Fabric tx committed: fn=LogAuditEvent txId=9cd3d9af6989b14f7461540641ae15684a652e56b5c9bcf7694a61d568e8ecef
2026-07-31T21:08:23.401+06:00  INFO 578387 --- [pangochain-backend] [   async-task-6] c.p.b.blockchain.FabricGatewayService    : Fabric tx committed: fn=LogAuditEvent txId=83eb36db8df866bdbf49987385551f3d37bcb5c2e13000ca9aabef2d1fec5a78
2026-07-31T21:08:23.401+06:00  INFO 578387 --- [pangochain-backend] [   async-task-5] c.p.b.blockchain.FabricGatewayService    : Fabric tx committed: fn=LogAuditEvent txId=9d01fe3311e9ce9c6ae1a6e626b32ff37a53b7b7e1f9fa16e3320ec52801ad09
2026-07-31T21:08:23.401+06:00  INFO 578387 --- [pangochain-backend] [   async-task-1] c.p.b.blockchain.FabricGatewayService    : Fabric tx committed: fn=LogAuditEvent txId=89be0826274d9135c95d1ae525554ef89f621e0cc0c83a8ba4d3fb0d48a8ccd6
2026-07-31T21:08:23.401+06:00  INFO 578387 --- [pangochain-backend] [   async-task-7] c.p.b.blockchain.FabricGatewayService    : Fabric tx committed: fn=LogAuditEvent txId=c6d2d3e9d34c8788d2c6f9b8a10741669e180fde459b6b177c2ee5625eb782e3
2026-07-31T21:08:25.753+06:00  INFO 578387 --- [pangochain-backend] [   async-task-7] c.p.b.blockchain.FabricGatewayService    : Fabric tx committed: fn=LogAuditEvent txId=3d6f86a82f7ca4b681fd36af022e9f9a641955c428ecfe78e1a3ede34ff25d1b
2026-07-31T21:08:25.754+06:00  INFO 578387 --- [pangochain-backend] [essageBroker-13] c.p.b.blockchain.FabricGatewayService    : Fabric tx committed: fn=LogAuditEvent txId=f3c63b999999ddbb579155508f3ab05342bd56dd15c9194ca145cb68f4b9881b
2026-07-31T21:08:25.754+06:00  INFO 578387 --- [pangochain-backend] [   async-task-5] c.p.b.blockchain.FabricGatewayService    : Fabric tx committed: fn=LogAuditEvent txId=686ed0f1e307f4519d6a9fd03e68ceb5aedcc56898aca102917115c6a2dc3a8b
2026-07-31T21:08:25.754+06:00  INFO 578387 --- [pangochain-backend] [   async-task-8] c.p.b.blockchain.FabricGatewayService    : Fabric tx committed: fn=LogAuditEvent txId=e9709534d06b565825bf74637d55b40dcc611602d29b2d8bb84ce0c02113d680
2026-07-31T21:08:25.755+06:00  INFO 578387 --- [pangochain-backend] [   async-task-2] c.p.b.blockchain.FabricGatewayService    : Fabric tx committed: fn=LogAuditEvent txId=ff4af79019961b7fe0a5ad868202788151d1e703b6726a7f81ebcfd4482667a7
2026-07-31T21:08:25.756+06:00  INFO 578387 --- [pangochain-backend] [   async-task-3] c.p.b.blockchain.FabricGatewayService    : Fabric tx committed: fn=LogAuditEvent txId=066b3b69d768250778b077d0327a53544251ae563c6e42e7d7ff6fdcb9521256
2026-07-31T21:08:25.762+06:00  INFO 578387 --- [pangochain-backend] [   async-task-6] c.p.b.blockchain.FabricGatewayService    : Fabric tx committed: fn=LogAuditEvent txId=7cf2f5f3e361a0fdf818cefabc01dd224b1ece2ece38f37ca63d5561cb8f80bc
2026-07-31T21:08:25.766+06:00  INFO 578387 --- [pangochain-backend] [   async-task-4] c.p.b.blockchain.FabricGatewayService    : Fabric tx committed: fn=LogAuditEvent txId=92245ca26dcb6b2896d2fee9e695f34174f34c57f60a05543e0bb57a289a89ab
2026-07-31T21:08:25.768+06:00  INFO 578387 --- [pangochain-backend] [   async-task-1] c.p.b.blockchain.FabricGatewayService    : Fabric tx committed: fn=LogAuditEvent txId=1f864da45d34f10afa927cb716fea1d1ef8b2e3707095cfce0917c2d2d90a0d3
2026-07-31T21:08:25.791+06:00  INFO 578387 --- [pangochain-backend] [essageBroker-13] c.p.b.audit.AuditAnchorBackfillWorker    : Anchored 16 audit events (ids 51722-51737) in batch tx f3c63b999999ddbb579155508f3ab05342bd56dd15c9194ca145cb68f4b9881b
2026-07-31T21:08:28.104+06:00  INFO 578387 --- [pangochain-backend] [   async-task-4] c.p.b.blockchain.FabricGatewayService    : Fabric tx committed: fn=LogAuditEvent txId=2cafae34a7dfd0bf894ff480f0227689fb0076a19d62f55462eb2160b90577cc
2026-07-31T21:08:28.104+06:00  INFO 578387 --- [pangochain-backend] [   async-task-3] c.p.b.blockchain.FabricGatewayService    : Fabric tx committed: fn=LogAuditEvent txId=245a51e8267995e49a02c3213238f8712583864d99c4242d955cceca493848c2
2026-07-31T21:08:28.105+06:00  INFO 578387 --- [pangochain-backend] [   async-task-1] c.p.b.blockchain.FabricGatewayService    : Fabric tx committed: fn=LogAuditEvent txId=8e0565203817861eb545f982893e924e32b228849e137272a44eb8a6ac3005c6
2026-07-31T21:08:28.105+06:00  INFO 578387 --- [pangochain-backend] [   async-task-2] c.p.b.blockchain.FabricGatewayService    : Fabric tx committed: fn=LogAuditEvent txId=4f8908ddea3c2660aa6d764dd59c909340c3510584f1b2d914f6399e6eca41b2
2026-07-31T21:08:28.106+06:00  INFO 578387 --- [pangochain-backend] [   async-task-6] c.p.b.blockchain.FabricGatewayService    : Fabric tx committed: fn=LogAuditEvent txId=986c1166b89bf8dd7b3c6e0b1faebd00264e9aa08f9767c26731dc7f90bd5605
2026-07-31T21:08:28.107+06:00  INFO 578387 --- [pangochain-backend] [   async-task-7] c.p.b.blockchain.FabricGatewayService    : Fabric tx committed: fn=LogAuditEvent txId=d0922c1df9b9a20ad7c16d4312d193ee7b24d77f53df6af1f0cb6856993a2133
2026-07-31T21:08:28.107+06:00  INFO 578387 --- [pangochain-backend] [   async-task-8] c.p.b.blockchain.FabricGatewayService    : Fabric tx committed: fn=LogAuditEvent txId=34198406090c36870c65adfbfab57b11deae8a1750d143ba3682ec27bfa8b19c
2026-07-31T21:08:28.110+06:00  INFO 578387 --- [pangochain-backend] [   async-task-5] c.p.b.blockchain.FabricGatewayService    : Fabric tx committed: fn=LogAuditEvent txId=c1e0afe3cda67a69dd9f7c485f96a5ea96e4f1089e2b9ca35c4da502b1527cab
2026-07-31T21:08:29.946+06:00  INFO 578387 --- [pangochain-backend] [   async-task-1] c.p.b.blockchain.FabricGatewayService    : Fabric tx committed: fn=LogAuditEvent txId=bbaee4be43a7e7232ac57b8d880fb513f6c1b2a0c30b3d018d48214859710ab0
2026-07-31T21:08:29.946+06:00  INFO 578387 --- [pangochain-backend] [   async-task-5] c.p.b.blockchain.FabricGatewayService    : Fabric tx committed: fn=LogAuditEvent txId=67e5d52ae997e416cad4cb6388545f376cebfc15e466ad25d97080c9a87456eb
2026-07-31T21:08:29.946+06:00  INFO 578387 --- [pangochain-backend] [   async-task-7] c.p.b.blockchain.FabricGatewayService    : Fabric tx committed: fn=LogAuditEvent txId=a2445f2abd0d89224dee82021fd6e2c98b9c2ace3ccf2fac4de58aa33737b8d8
2026-07-31T21:08:29.946+06:00  INFO 578387 --- [pangochain-backend] [   async-task-2] c.p.b.blockchain.FabricGatewayService    : Fabric tx committed: fn=LogAuditEvent txId=3e800def9c8ad9b9d7a2d029f6ae1234ae3bdf3f89cadb5bf56e7cdcbc0c522d
2026-07-31T21:08:29.946+06:00  INFO 578387 --- [pangochain-backend] [essageBroker-13] c.p.b.blockchain.FabricGatewayService    : Fabric tx committed: fn=LogAuditEvent txId=3e7f3c85dec269d315a570b2e03c3dee83202910c5b6a9b569b460565f20e8d3
2026-07-31T21:08:29.946+06:00  INFO 578387 --- [pangochain-backend] [   async-task-6] c.p.b.blockchain.FabricGatewayService    : Fabric tx committed: fn=LogAuditEvent txId=783af275a06291d6fb971f5b27e77fcaddf14cd8c5081fd50c23318126185f41
2026-07-31T21:08:29.946+06:00  INFO 578387 --- [pangochain-backend] [   async-task-3] c.p.b.blockchain.FabricGatewayService    : Fabric tx committed: fn=LogAuditEvent txId=8883f8210e6097927f68daa4a57933e218688a0b90c930466d8b4795ab170f2e
2026-07-31T21:08:29.946+06:00  INFO 578387 --- [pangochain-backend] [   async-task-4] c.p.b.blockchain.FabricGatewayService    : Fabric tx committed: fn=LogAuditEvent txId=ffc13b567c5b35e3140a064d77c763beea28728252c635363a1cba5861dd8863
2026-07-31T21:08:29.946+06:00  INFO 578387 --- [pangochain-backend] [   async-task-8] c.p.b.blockchain.FabricGatewayService    : Fabric tx committed: fn=LogAuditEvent txId=9d262f01c0acb4d73aae85f89308932f9305764124df264f3fe2d1c6e1c13fd9
2026-07-31T21:08:29.950+06:00  INFO 578387 --- [pangochain-backend] [essageBroker-13] c.p.b.audit.AuditAnchorBackfillWorker    : Anchored 16 audit events (ids 51738-51753) in batch tx 3e7f3c85dec269d315a570b2e03c3dee83202910c5b6a9b569b460565f20e8d3
2026-07-31T21:08:32.010+06:00  INFO 578387 --- [pangochain-backend] [   async-task-6] c.p.b.blockchain.FabricGatewayService    : Fabric tx committed: fn=LogAuditEvent txId=5f289b8a97ba3c6fbadc5113f921e0002fc64a5391306796a7b34c97982d5ebb
2026-07-31T21:08:32.010+06:00  INFO 578387 --- [pangochain-backend] [   async-task-3] c.p.b.blockchain.FabricGatewayService    : Fabric tx committed: fn=LogAuditEvent txId=5ba1ccff5fe1f1d7f0ca4129e0b5487ebc3e650cc128a97d9b085e72fa30c534
2026-07-31T21:08:32.010+06:00  INFO 578387 --- [pangochain-backend] [   async-task-5] c.p.b.blockchain.FabricGatewayService    : Fabric tx committed: fn=LogAuditEvent txId=8dd6bbc65ecbe7c1512f629517ab89f8a7b0a808e1e5abb4af219f50de8aa56b
2026-07-31T21:08:32.010+06:00  INFO 578387 --- [pangochain-backend] [   async-task-2] c.p.b.blockchain.FabricGatewayService    : Fabric tx committed: fn=LogAuditEvent txId=ca5f01ff44ab1cc5344f4c374236966c446622a3fa3dfe362dc59b9f58e070ab
2026-07-31T21:08:32.010+06:00  INFO 578387 --- [pangochain-backend] [   async-task-1] c.p.b.blockchain.FabricGatewayService    : Fabric tx committed: fn=LogAuditEvent txId=c184cf27bef45129efd477d91f94d037ca37d11938f09c475545b9f4df520bac
2026-07-31T21:08:32.010+06:00  INFO 578387 --- [pangochain-backend] [   async-task-7] c.p.b.blockchain.FabricGatewayService    : Fabric tx committed: fn=LogAuditEvent txId=7ccc94486cd4cbf06f86c9a2e26e43341accca7ddf8e1fc65a963a3bc6d41bb2
2026-07-31T21:08:32.010+06:00  INFO 578387 --- [pangochain-backend] [   async-task-8] c.p.b.blockchain.FabricGatewayService    : Fabric tx committed: fn=LogAuditEvent txId=613381af3e075d93440fd5408027983ddbb8614e9dff289c2d4ba533e6b45f0d
2026-07-31T21:08:32.010+06:00  INFO 578387 --- [pangochain-backend] [   async-task-4] c.p.b.blockchain.FabricGatewayService    : Fabric tx committed: fn=LogAuditEvent txId=757caae85fe0519d1873b04800e04834ba7bd795fa23247bbac9a0e005702b89
2026-07-31T21:08:34.009+06:00  INFO 578387 --- [pangochain-backend] [   async-task-2] c.p.b.blockchain.FabricGatewayService    : Fabric tx committed: fn=LogAuditEvent txId=f594e35ce00a06418c396fcfe2651c696329b2d57b647bce29934d1bb513f0be
2026-07-31T21:08:34.009+06:00  INFO 578387 --- [pangochain-backend] [   async-task-3] c.p.b.blockchain.FabricGatewayService    : Fabric tx committed: fn=LogAuditEvent txId=0560572bdd21f5ad9063e12ccbd70ffee802bcc3cc1ef7569b5cdda4265f78b8
2026-07-31T21:08:34.009+06:00  INFO 578387 --- [pangochain-backend] [   async-task-7] c.p.b.blockchain.FabricGatewayService    : Fabric tx committed: fn=LogAuditEvent txId=f4ae09089af0d3248599510d9e738a66589f8f34a82370ba6df82236eaad65fb
2026-07-31T21:08:34.009+06:00  INFO 578387 --- [pangochain-backend] [   async-task-8] c.p.b.blockchain.FabricGatewayService    : Fabric tx committed: fn=LogAuditEvent txId=a1d0d57bcf5a425a14d22c8aa27e719f9cb253d6250e9661b9efd0db0805bdf5
2026-07-31T21:08:34.009+06:00  INFO 578387 --- [pangochain-backend] [   async-task-1] c.p.b.blockchain.FabricGatewayService    : Fabric tx committed: fn=LogAuditEvent txId=364712cfd84bbff4c6819fe97f5504128d9a3eedb87264a03a95cda46ac688f1
2026-07-31T21:08:34.009+06:00  INFO 578387 --- [pangochain-backend] [   async-task-6] c.p.b.blockchain.FabricGatewayService    : Fabric tx committed: fn=LogAuditEvent txId=e3f0672d9eb665f5af026d2ae5da157474f3187f280cdfc392841a2eb868e0ba
2026-07-31T21:08:34.009+06:00  INFO 578387 --- [pangochain-backend] [   async-task-4] c.p.b.blockchain.FabricGatewayService    : Fabric tx committed: fn=LogAuditEvent txId=51cb7072a2042e544ed335bb37d0fb6f973d0c605d1c01bb17847ea99e1bf8d4
2026-07-31T21:08:34.009+06:00  INFO 578387 --- [pangochain-backend] [   async-task-5] c.p.b.blockchain.FabricGatewayService    : Fabric tx committed: fn=LogAuditEvent txId=53b7ab3e9f4ae6ebbc713119f79cd3a4e9b5fee052c0f6f90869cb396de2df95
2026-07-31T21:08:34.009+06:00  INFO 578387 --- [pangochain-backend] [MessageBroker-1] c.p.b.blockchain.FabricGatewayService    : Fabric tx committed: fn=LogAuditEvent txId=973dacd5433d6c935bf86bc61b1de49dfbb86802ddb9541de2c3db7412bc4bdd
2026-07-31T21:08:34.014+06:00  INFO 578387 --- [pangochain-backend] [MessageBroker-1] c.p.b.audit.AuditAnchorBackfillWorker    : Anchored 16 audit events (ids 51754-51769) in batch tx 973dacd5433d6c935bf86bc61b1de49dfbb86802ddb9541de2c3db7412bc4bdd
2026-07-31T21:08:36.068+06:00  INFO 578387 --- [pangochain-backend] [   async-task-6] c.p.b.blockchain.FabricGatewayService    : Fabric tx committed: fn=LogAuditEvent txId=2cced8c391651d3e42c4be6a0b9ccf927caa9678a45eceea6bd9fb100b5c4363
2026-07-31T21:08:36.068+06:00  INFO 578387 --- [pangochain-backend] [   async-task-7] c.p.b.blockchain.FabricGatewayService    : Fabric tx committed: fn=LogAuditEvent txId=d6c0d230e5ac53617d91a05cd1d3abcba44acbb1e87412b7533859ed33c074ce
2026-07-31T21:08:36.068+06:00  INFO 578387 --- [pangochain-backend] [   async-task-2] c.p.b.blockchain.FabricGatewayService    : Fabric tx committed: fn=LogAuditEvent txId=fc70cec00dcd6700f6457a766a5cd8022adafb2125d36f5fe16fd7141522b9ba
2026-07-31T21:08:36.068+06:00  INFO 578387 --- [pangochain-backend] [   async-task-1] c.p.b.blockchain.FabricGatewayService    : Fabric tx committed: fn=LogAuditEvent txId=7034888656cb334c8012c14903ce782f7d1fa7ee3b7484fe7e3ade8a92cb49de
2026-07-31T21:08:36.068+06:00  INFO 578387 --- [pangochain-backend] [   async-task-5] c.p.b.blockchain.FabricGatewayService    : Fabric tx committed: fn=LogAuditEvent txId=5eedbbaf0f4efc65f978b7d1b4817c147b2bc95b7f403fe987da29568639b5bd
2026-07-31T21:08:36.068+06:00  INFO 578387 --- [pangochain-backend] [   async-task-8] c.p.b.blockchain.FabricGatewayService    : Fabric tx committed: fn=LogAuditEvent txId=627a13a264efa499dabfbc44946b98a1fc26331e3f221e4dbced5d5ec08a4935
2026-07-31T21:08:36.068+06:00  INFO 578387 --- [pangochain-backend] [   async-task-4] c.p.b.blockchain.FabricGatewayService    : Fabric tx committed: fn=LogAuditEvent txId=573bb131a29700576b1920e0252608c4b3b422dde4f5e36f6d9977316c6be887
2026-07-31T21:08:36.068+06:00  INFO 578387 --- [pangochain-backend] [   async-task-3] c.p.b.blockchain.FabricGatewayService    : Fabric tx committed: fn=LogAuditEvent txId=b1eee9d58a6d2ca3a241223eb5cb42e04b504a729704c1db10b6f82dc28e064e
2026-07-31T21:08:38.080+06:00  INFO 578387 --- [pangochain-backend] [   async-task-4] c.p.b.blockchain.FabricGatewayService    : Fabric tx committed: fn=LogAuditEvent txId=b3fcb30ef204dc508af6b411863a3821d1a97264ad1e5a97680a5a3ca4d1541f
2026-07-31T21:08:38.080+06:00  INFO 578387 --- [pangochain-backend] [   async-task-2] c.p.b.blockchain.FabricGatewayService    : Fabric tx committed: fn=LogAuditEvent txId=02a4093b26218e39a28ffb7aea1f6dc5084a817cdac73ad95cc59f99964f8ee9
2026-07-31T21:08:38.080+06:00  INFO 578387 --- [pangochain-backend] [   async-task-5] c.p.b.blockchain.FabricGatewayService    : Fabric tx committed: fn=LogAuditEvent txId=4426ef72f6d6bfad5afaa2016914b7342603f15327eb8a5c0ee311af4d050c3c
2026-07-31T21:08:38.080+06:00  INFO 578387 --- [pangochain-backend] [   async-task-8] c.p.b.blockchain.FabricGatewayService    : Fabric tx committed: fn=LogAuditEvent txId=471a753bdf6829b7455627e26cfc42fb28a690ca570e649cd570c7a85368ba64
2026-07-31T21:08:38.080+06:00  INFO 578387 --- [pangochain-backend] [   async-task-3] c.p.b.blockchain.FabricGatewayService    : Fabric tx committed: fn=LogAuditEvent txId=d56713be0712e09ba4e83f33530de2f841bd0026791312d4d08d0185f50189e2
2026-07-31T21:08:38.080+06:00  INFO 578387 --- [pangochain-backend] [MessageBroker-6] c.p.b.blockchain.FabricGatewayService    : Fabric tx committed: fn=LogAuditEvent txId=ccd3aeaec75a130e599c76abcac6142b3ad642ec3135d92e1b4c01d86e471092
2026-07-31T21:08:38.080+06:00  INFO 578387 --- [pangochain-backend] [   async-task-6] c.p.b.blockchain.FabricGatewayService    : Fabric tx committed: fn=LogAuditEvent txId=a880a5b4135c84cb169646489288e0a0239181cf9a42dff61a2756c9dccfdb5a
2026-07-31T21:08:38.080+06:00  INFO 578387 --- [pangochain-backend] [   async-task-1] c.p.b.blockchain.FabricGatewayService    : Fabric tx committed: fn=LogAuditEvent txId=05db28d7d2ec18b97e9b08f6793b586b78139008f03513d36fbebbf59e6d8e9d
2026-07-31T21:08:38.080+06:00  INFO 578387 --- [pangochain-backend] [   async-task-7] c.p.b.blockchain.FabricGatewayService    : Fabric tx committed: fn=LogAuditEvent txId=351be9ee4d288486f7ec91017f7d21368eea60bf89c7a32b26729a10a556a801
2026-07-31T21:08:38.083+06:00  INFO 578387 --- [pangochain-backend] [MessageBroker-6] c.p.b.audit.AuditAnchorBackfillWorker    : Anchored 16 audit events (ids 51770-51785) in batch tx ccd3aeaec75a130e599c76abcac6142b3ad642ec3135d92e1b4c01d86e471092
2026-07-31T21:08:40.146+06:00  INFO 578387 --- [pangochain-backend] [   async-task-4] c.p.b.blockchain.FabricGatewayService    : Fabric tx committed: fn=LogAuditEvent txId=484c335f6c39c65431e8df67b067084b0c17dee5f4d161196d2d9b2629f91ad3
2026-07-31T21:08:40.146+06:00  INFO 578387 --- [pangochain-backend] [   async-task-7] c.p.b.blockchain.FabricGatewayService    : Fabric tx committed: fn=LogAuditEvent txId=a54e31dc498ac31c2946c1c9a3a37b116b57c1cbe12ee28be502a391314a5b13
2026-07-31T21:08:40.146+06:00  INFO 578387 --- [pangochain-backend] [   async-task-5] c.p.b.blockchain.FabricGatewayService    : Fabric tx committed: fn=LogAuditEvent txId=0a9f185839cc4aeeb635ea95c8ed128aeb81a677080428af86bb4da9d78f949f
2026-07-31T21:08:40.146+06:00  INFO 578387 --- [pangochain-backend] [   async-task-8] c.p.b.blockchain.FabricGatewayService    : Fabric tx committed: fn=LogAuditEvent txId=ccc349acec01a3c3156851112230ef5495e9d5bf095448ec632fab07c7bf1780
2026-07-31T21:08:40.146+06:00  INFO 578387 --- [pangochain-backend] [   async-task-2] c.p.b.blockchain.FabricGatewayService    : Fabric tx committed: fn=LogAuditEvent txId=a30a329969314eacad528c1a10addc299b165c6ea36dc3ece09f0dda6ce1f241
2026-07-31T21:08:40.146+06:00  INFO 578387 --- [pangochain-backend] [   async-task-3] c.p.b.blockchain.FabricGatewayService    : Fabric tx committed: fn=LogAuditEvent txId=4c534b5c1d987ddd365f2768c14792b67ff26bc4eb0c015b28a7aea6ffd4163c
2026-07-31T21:08:40.146+06:00  INFO 578387 --- [pangochain-backend] [   async-task-6] c.p.b.blockchain.FabricGatewayService    : Fabric tx committed: fn=LogAuditEvent txId=7e62267968fab3d9236cda5411edf015e106e70aa9099d5bc099a3fc119446b4
2026-07-31T21:08:40.146+06:00  INFO 578387 --- [pangochain-backend] [   async-task-1] c.p.b.blockchain.FabricGatewayService    : Fabric tx committed: fn=LogAuditEvent txId=a7f2abb8b3bf4c640d1b49d4d08e25b68e1ab6b4d25d8de1e4bcf030016006b3
2026-07-31T21:08:42.146+06:00  INFO 578387 --- [pangochain-backend] [   async-task-7] c.p.b.blockchain.FabricGatewayService    : Fabric tx committed: fn=LogAuditEvent txId=a719ea8a4b003f0af8690f05db080d055a780b817570b16f2bf2d4207c2c8f78
2026-07-31T21:08:42.146+06:00  INFO 578387 --- [pangochain-backend] [MessageBroker-6] c.p.b.blockchain.FabricGatewayService    : Fabric tx committed: fn=LogAuditEvent txId=d0f066420da33ad806fb2614deadea30001ed326a480f4a0f372880322c2226c
2026-07-31T21:08:42.147+06:00  INFO 578387 --- [pangochain-backend] [   async-task-2] c.p.b.blockchain.FabricGatewayService    : Fabric tx committed: fn=LogAuditEvent txId=3681d9e4c0614daa3a8694fa85acfd5398f6076d0509671e866146caf0d810fa
2026-07-31T21:08:42.147+06:00  INFO 578387 --- [pangochain-backend] [   async-task-5] c.p.b.blockchain.FabricGatewayService    : Fabric tx committed: fn=LogAuditEvent txId=19118830f3ed217e3facc922214c0edda937fa718a1ee7cdd5db55bf3f708e88
2026-07-31T21:08:42.147+06:00  INFO 578387 --- [pangochain-backend] [   async-task-4] c.p.b.blockchain.FabricGatewayService    : Fabric tx committed: fn=LogAuditEvent txId=34e8c2cafb5620f959495e91c3edf64daad6163193f6dd06636d5cce7b17f52d
2026-07-31T21:08:42.147+06:00  INFO 578387 --- [pangochain-backend] [   async-task-1] c.p.b.blockchain.FabricGatewayService    : Fabric tx committed: fn=LogAuditEvent txId=b11e2e729dc9cbd4607eac196ec5938c4e8b92e23ada8b0499a118fd0972c165
2026-07-31T21:08:42.147+06:00  INFO 578387 --- [pangochain-backend] [   async-task-6] c.p.b.blockchain.FabricGatewayService    : Fabric tx committed: fn=LogAuditEvent txId=c869dc0455398abe0320fc59ef2eb6083a29357353ceec1788e077add990e12e
2026-07-31T21:08:42.147+06:00  INFO 578387 --- [pangochain-backend] [   async-task-8] c.p.b.blockchain.FabricGatewayService    : Fabric tx committed: fn=LogAuditEvent txId=965647b9cf01ef2d1c6a0e1b9b0893972d638877b01fd2d1f2e472ab29038ba2
2026-07-31T21:08:42.147+06:00  INFO 578387 --- [pangochain-backend] [   async-task-3] c.p.b.blockchain.FabricGatewayService    : Fabric tx committed: fn=LogAuditEvent txId=87a217bae8c11774671bd0ad7bea1fcc2b817611c546219cb0e3d96090542aeb
2026-07-31T21:08:42.149+06:00  INFO 578387 --- [pangochain-backend] [MessageBroker-6] c.p.b.audit.AuditAnchorBackfillWorker    : Anchored 16 audit events (ids 51786-51801) in batch tx d0f066420da33ad806fb2614deadea30001ed326a480f4a0f372880322c2226c
2026-07-31T21:08:44.213+06:00  INFO 578387 --- [pangochain-backend] [   async-task-5] c.p.b.blockchain.FabricGatewayService    : Fabric tx committed: fn=LogAuditEvent txId=b3538b5d14edbcd80b53bd03bea8c7858fee2bfd017f91fdcd45074668051785
2026-07-31T21:08:44.213+06:00  INFO 578387 --- [pangochain-backend] [   async-task-7] c.p.b.blockchain.FabricGatewayService    : Fabric tx committed: fn=LogAuditEvent txId=04303507ca89891d039aba206ced250c7a6c838138eb21afca928efbc643ceb4
2026-07-31T21:08:44.213+06:00  INFO 578387 --- [pangochain-backend] [   async-task-6] c.p.b.blockchain.FabricGatewayService    : Fabric tx committed: fn=LogAuditEvent txId=9a762959a87ce8dab4c3c6358829ec273d0a8f4a26a72cbb70a97539bd0d7ff7
2026-07-31T21:08:44.213+06:00  INFO 578387 --- [pangochain-backend] [   async-task-2] c.p.b.blockchain.FabricGatewayService    : Fabric tx committed: fn=LogAuditEvent txId=9984dba0f134b245243d01e0ce17d542fbf7e04ad3f41caabf14788c00a69464
2026-07-31T21:08:44.213+06:00  INFO 578387 --- [pangochain-backend] [   async-task-4] c.p.b.blockchain.FabricGatewayService    : Fabric tx committed: fn=LogAuditEvent txId=57d03915240f0dbbb86289aee68857b8efea4e384c7655daa8ba3182b1f36fa8
2026-07-31T21:08:44.213+06:00  INFO 578387 --- [pangochain-backend] [   async-task-8] c.p.b.blockchain.FabricGatewayService    : Fabric tx committed: fn=LogAuditEvent txId=6e98d718f010ad3be5bf754bf0036dd93bbe964c329a43ffaa794c9c5facef54
2026-07-31T21:08:44.213+06:00  INFO 578387 --- [pangochain-backend] [   async-task-1] c.p.b.blockchain.FabricGatewayService    : Fabric tx committed: fn=LogAuditEvent txId=1dcc054cf089c3a07987593f99e3f05ef70f86da7ad17f266ce1dc04306a97ce
2026-07-31T21:08:44.213+06:00  INFO 578387 --- [pangochain-backend] [   async-task-3] c.p.b.blockchain.FabricGatewayService    : Fabric tx committed: fn=LogAuditEvent txId=4198b4539415a9593de99c028517690eea8b2eca336137b2df792f076cf1e942
2026-07-31T21:08:46.211+06:00  INFO 578387 --- [pangochain-backend] [   async-task-4] c.p.b.blockchain.FabricGatewayService    : Fabric tx committed: fn=LogAuditEvent txId=f98fe47b52ff57ed1e5cfb4af883ddcf1c42152f475a2e2709171c87272f8643
2026-07-31T21:08:46.211+06:00  INFO 578387 --- [pangochain-backend] [   async-task-7] c.p.b.blockchain.FabricGatewayService    : Fabric tx committed: fn=LogAuditEvent txId=9c72a731892579f839bef3d0c12287fad0cd0e2e6e608ab77945264f897c28f5
2026-07-31T21:08:46.211+06:00  INFO 578387 --- [pangochain-backend] [   async-task-3] c.p.b.blockchain.FabricGatewayService    : Fabric tx committed: fn=LogAuditEvent txId=e1a053305a474fd9fc1653fb315e64d98e7d8520c6f106e39421726b79d7f3ce
2026-07-31T21:08:46.211+06:00  INFO 578387 --- [pangochain-backend] [   async-task-2] c.p.b.blockchain.FabricGatewayService    : Fabric tx committed: fn=LogAuditEvent txId=5f1d2f1ae587658ce8953a6a9ba50ed4b313796808867cbd9988cc10a2845908
2026-07-31T21:08:46.211+06:00  INFO 578387 --- [pangochain-backend] [   async-task-1] c.p.b.blockchain.FabricGatewayService    : Fabric tx committed: fn=LogAuditEvent txId=5006d4a760f5d9d36f5910b5451596b1636a63ea9283fe8f0f428de1b3dee91c
2026-07-31T21:08:46.211+06:00  INFO 578387 --- [pangochain-backend] [MessageBroker-6] c.p.b.blockchain.FabricGatewayService    : Fabric tx committed: fn=LogAuditEvent txId=32537caf92f07090c643caa52f49e65aa09a312237a8627bd2ff185f93f6d45c
2026-07-31T21:08:46.211+06:00  INFO 578387 --- [pangochain-backend] [   async-task-6] c.p.b.blockchain.FabricGatewayService    : Fabric tx committed: fn=LogAuditEvent txId=1ca2db9787792a2d05587dc2be9fdb46ebce45b9bd995d01b6401e9c1276b137
2026-07-31T21:08:46.211+06:00  INFO 578387 --- [pangochain-backend] [   async-task-8] c.p.b.blockchain.FabricGatewayService    : Fabric tx committed: fn=LogAuditEvent txId=3ef863ac3ecec85cd2cffe2d93c59b9c1b8d7fd24795d08f4cb14c8253722fba
2026-07-31T21:08:46.211+06:00  INFO 578387 --- [pangochain-backend] [   async-task-5] c.p.b.blockchain.FabricGatewayService    : Fabric tx committed: fn=LogAuditEvent txId=c554ecb87db88460a45111424a28a5e39a50075ba32727034446e62086c363b3
2026-07-31T21:08:46.214+06:00  INFO 578387 --- [pangochain-backend] [MessageBroker-6] c.p.b.audit.AuditAnchorBackfillWorker    : Anchored 16 audit events (ids 51802-51817) in batch tx 32537caf92f07090c643caa52f49e65aa09a312237a8627bd2ff185f93f6d45c
2026-07-31T21:08:48.272+06:00  INFO 578387 --- [pangochain-backend] [   async-task-7] c.p.b.blockchain.FabricGatewayService    : Fabric tx committed: fn=LogAuditEvent txId=389cb7d8b604c7d944cfbdf3a5b7b672bb05c0cd39ee12029dd94073f17fd067
2026-07-31T21:08:48.272+06:00  INFO 578387 --- [pangochain-backend] [   async-task-5] c.p.b.blockchain.FabricGatewayService    : Fabric tx committed: fn=LogAuditEvent txId=6bbd60156948996bf750a3ef0c64ea229a9da94cf32333dbfe2ea73e1924035b
2026-07-31T21:08:48.272+06:00  INFO 578387 --- [pangochain-backend] [   async-task-8] c.p.b.blockchain.FabricGatewayService    : Fabric tx committed: fn=LogAuditEvent txId=e2df6a4ee3a234b65dbb4f03d6b5ce565991d31850fb8c5f83c4e8b1de1eae16
2026-07-31T21:08:48.272+06:00  INFO 578387 --- [pangochain-backend] [   async-task-3] c.p.b.blockchain.FabricGatewayService    : Fabric tx committed: fn=LogAuditEvent txId=4ab3c64d9326b2fb058c5bb84d953efcb8c552f18e1cb9a45aa653a45a3bcee0
2026-07-31T21:08:48.272+06:00  INFO 578387 --- [pangochain-backend] [   async-task-2] c.p.b.blockchain.FabricGatewayService    : Fabric tx committed: fn=LogAuditEvent txId=bc82ed0cbb33e0270c63e84d7b24f60402510d1d691ecd069e705f54d32c1421
2026-07-31T21:08:48.272+06:00  INFO 578387 --- [pangochain-backend] [   async-task-1] c.p.b.blockchain.FabricGatewayService    : Fabric tx committed: fn=LogAuditEvent txId=bc8d009d11a56761d4c45dacd14a360afd241954ec1462ad9e47e624af0c813d
2026-07-31T21:08:48.272+06:00  INFO 578387 --- [pangochain-backend] [   async-task-6] c.p.b.blockchain.FabricGatewayService    : Fabric tx committed: fn=LogAuditEvent txId=46bf6f4b7bf44b947e67a4d5e5fa71eb3d3a059b0a64bdb96bd6328627148fe5
2026-07-31T21:08:48.272+06:00  INFO 578387 --- [pangochain-backend] [   async-task-4] c.p.b.blockchain.FabricGatewayService    : Fabric tx committed: fn=LogAuditEvent txId=9b0720880e27610b6ff9d3e65e0b1245a445917d28cfca3781824aaf79295d40
2026-07-31T21:08:50.279+06:00  INFO 578387 --- [pangochain-backend] [   async-task-1] c.p.b.blockchain.FabricGatewayService    : Fabric tx committed: fn=LogAuditEvent txId=f302c652aa75e92f9cc67f7632149759a143d0aa3be3cac4e49939e3f7613682
2026-07-31T21:08:50.279+06:00  INFO 578387 --- [pangochain-backend] [MessageBroker-6] c.p.b.blockchain.FabricGatewayService    : Fabric tx committed: fn=LogAuditEvent txId=879ef2643709905e4aa289b06238beffbb1a80962ee372cb515dc2087373371c
2026-07-31T21:08:50.279+06:00  INFO 578387 --- [pangochain-backend] [   async-task-6] c.p.b.blockchain.FabricGatewayService    : Fabric tx committed: fn=LogAuditEvent txId=ce5ef1ba9539e49fc2993419b78c11ec606082e1c89dc97182b0e0c5816282be
2026-07-31T21:08:50.279+06:00  INFO 578387 --- [pangochain-backend] [   async-task-2] c.p.b.blockchain.FabricGatewayService    : Fabric tx committed: fn=LogAuditEvent txId=7fe41f7fc75213493dc5578f1336093926a89b61c0e3ebf198f5f944473b532b
2026-07-31T21:08:50.279+06:00  INFO 578387 --- [pangochain-backend] [   async-task-5] c.p.b.blockchain.FabricGatewayService    : Fabric tx committed: fn=LogAuditEvent txId=7447a04e0d767be2f95b5cd94cd84116dbd43cd70f51d83813135fa53e2be6da
2026-07-31T21:08:50.279+06:00  INFO 578387 --- [pangochain-backend] [   async-task-3] c.p.b.blockchain.FabricGatewayService    : Fabric tx committed: fn=LogAuditEvent txId=b8a672fc09bcf7f497753dc75c5152f8139a9be5dec282fa047a516b92ca2c14
2026-07-31T21:08:50.279+06:00  INFO 578387 --- [pangochain-backend] [   async-task-4] c.p.b.blockchain.FabricGatewayService    : Fabric tx committed: fn=LogAuditEvent txId=2b05d96e474b878761a3f79a88df4ce0365685981d1cd3c628916edfe442e5c3
2026-07-31T21:08:50.280+06:00  INFO 578387 --- [pangochain-backend] [   async-task-7] c.p.b.blockchain.FabricGatewayService    : Fabric tx committed: fn=LogAuditEvent txId=3ce2c1d2d013bc838785e9bc7c716dae0db182c459ba0e8ca4632ef7b11d608f
2026-07-31T21:08:50.280+06:00  INFO 578387 --- [pangochain-backend] [   async-task-8] c.p.b.blockchain.FabricGatewayService    : Fabric tx committed: fn=LogAuditEvent txId=c5103b4e176d164f201b5b68e5e4a923f75a5279aeaeab0d5e5835dcc3f6dbc8
2026-07-31T21:08:50.282+06:00  INFO 578387 --- [pangochain-backend] [MessageBroker-6] c.p.b.audit.AuditAnchorBackfillWorker    : Anchored 16 audit events (ids 51818-51833) in batch tx 879ef2643709905e4aa289b06238beffbb1a80962ee372cb515dc2087373371c
2026-07-31T21:08:52.340+06:00  INFO 578387 --- [pangochain-backend] [   async-task-4] c.p.b.blockchain.FabricGatewayService    : Fabric tx committed: fn=LogAuditEvent txId=ca296e48c6c8a9c3146ce74f9880563a0bb2341349d7bb3f3fff62d9caa4378d
2026-07-31T21:08:52.340+06:00  INFO 578387 --- [pangochain-backend] [   async-task-2] c.p.b.blockchain.FabricGatewayService    : Fabric tx committed: fn=LogAuditEvent txId=6795fc55a383d7f8aa439a53f08566d34189ff632402a36ae84ac8aa8544c50e
2026-07-31T21:08:52.340+06:00  INFO 578387 --- [pangochain-backend] [   async-task-1] c.p.b.blockchain.FabricGatewayService    : Fabric tx committed: fn=LogAuditEvent txId=74b451d7de53190f067eb5ddf722402253e72c42388bfa7de85ecd2f0f9debc9
2026-07-31T21:08:52.340+06:00  INFO 578387 --- [pangochain-backend] [   async-task-6] c.p.b.blockchain.FabricGatewayService    : Fabric tx committed: fn=LogAuditEvent txId=7625b6ace9ef00b4d7902624975b564180101fbcf33c9be7a22b1b61b689bf0d
2026-07-31T21:08:52.340+06:00  INFO 578387 --- [pangochain-backend] [   async-task-3] c.p.b.blockchain.FabricGatewayService    : Fabric tx committed: fn=LogAuditEvent txId=425befb66443f82ebf5942a8d439aff384628a7c739c9fd0c8515105465c2928
2026-07-31T21:08:52.340+06:00  INFO 578387 --- [pangochain-backend] [   async-task-7] c.p.b.blockchain.FabricGatewayService    : Fabric tx committed: fn=LogAuditEvent txId=0deb5b865ea97545ad1a564ae1c11908d4453a8fe92686b2c9d2ca98dbc5fd2e
2026-07-31T21:08:52.340+06:00  INFO 578387 --- [pangochain-backend] [   async-task-8] c.p.b.blockchain.FabricGatewayService    : Fabric tx committed: fn=LogAuditEvent txId=e78e3269397ceeb4944a9ca659f807f3f985f61fb2d489bbe18ff57dd7405796
2026-07-31T21:08:52.340+06:00  INFO 578387 --- [pangochain-backend] [   async-task-5] c.p.b.blockchain.FabricGatewayService    : Fabric tx committed: fn=LogAuditEvent txId=34d50b99799fc712dc9dbd38a6b2bf8b3796c17467810b301830bb07061925c5
2026-07-31T21:08:54.344+06:00  INFO 578387 --- [pangochain-backend] [   async-task-5] c.p.b.blockchain.FabricGatewayService    : Fabric tx committed: fn=LogAuditEvent txId=965e6258d6c8f08bfbe5b683a1c4ee44b27434bc80a8eb5be2239a8995156152
2026-07-31T21:08:54.344+06:00  INFO 578387 --- [pangochain-backend] [   async-task-1] c.p.b.blockchain.FabricGatewayService    : Fabric tx committed: fn=LogAuditEvent txId=d59671b6318ae6016922dd7a1caba4d6c48a2177f6c9c90d9ece5c4786f236d0
2026-07-31T21:08:54.344+06:00  INFO 578387 --- [pangochain-backend] [   async-task-2] c.p.b.blockchain.FabricGatewayService    : Fabric tx committed: fn=LogAuditEvent txId=d3bce2221b750a32508f3bda6669b0b27d4411fb4692fae98f7ffab78fe3e166
2026-07-31T21:08:54.344+06:00  INFO 578387 --- [pangochain-backend] [   async-task-7] c.p.b.blockchain.FabricGatewayService    : Fabric tx committed: fn=LogAuditEvent txId=4d351e8224313f37cef7d485488576f02a3a84c60017e6cd464daa6274faa9b8
2026-07-31T21:08:54.344+06:00  INFO 578387 --- [pangochain-backend] [   async-task-3] c.p.b.blockchain.FabricGatewayService    : Fabric tx committed: fn=LogAuditEvent txId=bcb2dc7af87df73343c8d9976fe5cf7a5f8610513666aaa83e461dd41ee49504
2026-07-31T21:08:54.344+06:00  INFO 578387 --- [pangochain-backend] [   async-task-8] c.p.b.blockchain.FabricGatewayService    : Fabric tx committed: fn=LogAuditEvent txId=fe64c49cd9106705ac309011d6759a945997a792271714b1d503ee39ea9019ea
2026-07-31T21:08:54.344+06:00  INFO 578387 --- [pangochain-backend] [   async-task-4] c.p.b.blockchain.FabricGatewayService    : Fabric tx committed: fn=LogAuditEvent txId=9aeacb50c96c6acfddafc7b759cf7abd9ae2bf8f56312a3d513a52a08d14eadc
2026-07-31T21:08:54.344+06:00  INFO 578387 --- [pangochain-backend] [   async-task-6] c.p.b.blockchain.FabricGatewayService    : Fabric tx committed: fn=LogAuditEvent txId=4e529a0f439aebdfc568b4cdc02b9f6dd12ac658ebd1b75c83b96734d82c41ae
2026-07-31T21:08:54.344+06:00  INFO 578387 --- [pangochain-backend] [MessageBroker-6] c.p.b.blockchain.FabricGatewayService    : Fabric tx committed: fn=LogAuditEvent txId=3dff0b3728d7f3d21fa833deba75c66bb925552d44ba568385c48a8a63d9e566
2026-07-31T21:08:54.348+06:00  INFO 578387 --- [pangochain-backend] [MessageBroker-6] c.p.b.audit.AuditAnchorBackfillWorker    : Anchored 16 audit events (ids 51834-51849) in batch tx 3dff0b3728d7f3d21fa833deba75c66bb925552d44ba568385c48a8a63d9e566
2026-07-31T21:08:56.399+06:00  INFO 578387 --- [pangochain-backend] [   async-task-4] c.p.b.blockchain.FabricGatewayService    : Fabric tx committed: fn=LogAuditEvent txId=714a9c32d94e1758a5c40ebfbb42ff762c28ee683bcd7503232aa37bfe81c5cf
2026-07-31T21:08:56.399+06:00  INFO 578387 --- [pangochain-backend] [   async-task-7] c.p.b.blockchain.FabricGatewayService    : Fabric tx committed: fn=LogAuditEvent txId=9d8ba4613229ecf52d8fbc8f2eea3c02ca62fa326c15493b185f332224f67db8
2026-07-31T21:08:56.399+06:00  INFO 578387 --- [pangochain-backend] [   async-task-1] c.p.b.blockchain.FabricGatewayService    : Fabric tx committed: fn=LogAuditEvent txId=ffdd71d391adde89b7c96707dfe7df85aff9315e86135d939507dec4718d0414
2026-07-31T21:08:56.399+06:00  INFO 578387 --- [pangochain-backend] [   async-task-8] c.p.b.blockchain.FabricGatewayService    : Fabric tx committed: fn=LogAuditEvent txId=ed5d90e6193917e3c871ef6f04bb8113a965733cdfc656f70b981b9206b647ea
2026-07-31T21:08:56.399+06:00  INFO 578387 --- [pangochain-backend] [   async-task-6] c.p.b.blockchain.FabricGatewayService    : Fabric tx committed: fn=LogAuditEvent txId=0320f30b2dd9248a076341f4455d3b0c9fd5e914ec440060fafe81ebfb8b21fc
2026-07-31T21:08:56.399+06:00  INFO 578387 --- [pangochain-backend] [   async-task-5] c.p.b.blockchain.FabricGatewayService    : Fabric tx committed: fn=LogAuditEvent txId=2113eef078ccda751f70c67c74fe4e9436963297777d464a7c28410340226bd5
2026-07-31T21:08:56.399+06:00  INFO 578387 --- [pangochain-backend] [   async-task-2] c.p.b.blockchain.FabricGatewayService    : Fabric tx committed: fn=LogAuditEvent txId=9aaceb72e391755fffc1d40a3cf3d989148659ead78b8623419646969f3d45ae
2026-07-31T21:08:56.399+06:00  INFO 578387 --- [pangochain-backend] [   async-task-3] c.p.b.blockchain.FabricGatewayService    : Fabric tx committed: fn=LogAuditEvent txId=567913d9ae4b3d2beac1980b3f82066a218352341d80f1169f2027689bcda382
2026-07-31T21:08:58.415+06:00  INFO 578387 --- [pangochain-backend] [   async-task-8] c.p.b.blockchain.FabricGatewayService    : Fabric tx committed: fn=LogAuditEvent txId=15bf04ebdbde70e79b21ad4520c1533d1821b7c398a6c6134cd5353988f49b0f
2026-07-31T21:08:58.415+06:00  INFO 578387 --- [pangochain-backend] [   async-task-5] c.p.b.blockchain.FabricGatewayService    : Fabric tx committed: fn=LogAuditEvent txId=7b62fd332ee71dc69500c51f8aeff69c7e99838f7c730a42ed4cc56be37f8ea3
2026-07-31T21:08:58.415+06:00  INFO 578387 --- [pangochain-backend] [   async-task-6] c.p.b.blockchain.FabricGatewayService    : Fabric tx committed: fn=LogAuditEvent txId=66b4159005ef16476b394969041d15612d169d81d6af23fa1ae3a6a1caa593a2
2026-07-31T21:08:58.415+06:00  INFO 578387 --- [pangochain-backend] [   async-task-3] c.p.b.blockchain.FabricGatewayService    : Fabric tx committed: fn=LogAuditEvent txId=f798bee560608eae1b89f29fe9bdd1b2c09a1ef48372fac847acf922245b9710
2026-07-31T21:08:58.415+06:00  INFO 578387 --- [pangochain-backend] [   async-task-1] c.p.b.blockchain.FabricGatewayService    : Fabric tx committed: fn=LogAuditEvent txId=e431093c626ca84d32c9d5b10843825da4feb1d5d6ed20b8b178650fa254c732
2026-07-31T21:08:58.415+06:00  INFO 578387 --- [pangochain-backend] [   async-task-7] c.p.b.blockchain.FabricGatewayService    : Fabric tx committed: fn=LogAuditEvent txId=107677fa0e66c2d9c823fe7e3c7da15b3a03781b7d9aa9bbf89837e35260fa90
2026-07-31T21:08:58.415+06:00  INFO 578387 --- [pangochain-backend] [essageBroker-13] c.p.b.blockchain.FabricGatewayService    : Fabric tx committed: fn=LogAuditEvent txId=200b3357065b54df749d2df95f7bb80b0adc57a077534d891b657312818e6dbb
2026-07-31T21:08:58.415+06:00  INFO 578387 --- [pangochain-backend] [   async-task-2] c.p.b.blockchain.FabricGatewayService    : Fabric tx committed: fn=LogAuditEvent txId=6328ad9dd217ad901ce0e0b39f91d8baf728f2f065e5ce6b7031e5e6957cc6c4
2026-07-31T21:08:58.415+06:00  INFO 578387 --- [pangochain-backend] [   async-task-4] c.p.b.blockchain.FabricGatewayService    : Fabric tx committed: fn=LogAuditEvent txId=52d3eaeedee28b16094ed504e27fece7e313c43f4eb3aa1e1744ab5a66e98da2
2026-07-31T21:08:58.417+06:00  INFO 578387 --- [pangochain-backend] [essageBroker-13] c.p.b.audit.AuditAnchorBackfillWorker    : Anchored 16 audit events (ids 51850-51865) in batch tx 200b3357065b54df749d2df95f7bb80b0adc57a077534d891b657312818e6dbb
2026-07-31T21:09:00.474+06:00  INFO 578387 --- [pangochain-backend] [   async-task-8] c.p.b.blockchain.FabricGatewayService    : Fabric tx committed: fn=LogAuditEvent txId=3cd1aabe072020dd240538bda61e9462a5aa32a6a5f2d82e7d2f12db86307981
2026-07-31T21:09:00.474+06:00  INFO 578387 --- [pangochain-backend] [   async-task-1] c.p.b.blockchain.FabricGatewayService    : Fabric tx committed: fn=LogAuditEvent txId=d1d1e850c2b86239fc7da5cdf4fafb62202c8e97c01e92d62ee288c3428b9232
2026-07-31T21:09:00.474+06:00  INFO 578387 --- [pangochain-backend] [essageBroker-11] c.p.b.blockchain.FabricGatewayService    : Fabric tx committed: fn=UpdateTimeAnchor txId=00076ac4f1914616cbd5843449d33d46c24f32e1db22b4018d8252fe46200b83
2026-07-31T21:09:00.474+06:00  INFO 578387 --- [pangochain-backend] [   async-task-4] c.p.b.blockchain.FabricGatewayService    : Fabric tx committed: fn=LogAuditEvent txId=560e908ae456def72dcb492e054a7363f8044c823ee6927b00a4df83ca6daf59
2026-07-31T21:09:00.474+06:00  INFO 578387 --- [pangochain-backend] [   async-task-3] c.p.b.blockchain.FabricGatewayService    : Fabric tx committed: fn=LogAuditEvent txId=9c05499ba04c1a3615587d20a9737919c240a4fbec1c6d83566864f9a2a9bf77
2026-07-31T21:09:00.474+06:00  INFO 578387 --- [pangochain-backend] [   async-task-2] c.p.b.blockchain.FabricGatewayService    : Fabric tx committed: fn=LogAuditEvent txId=78a8513b7594c4e3662b18904fa0561189840e8491821d40cf0f8c5814ec26df
2026-07-31T21:09:00.474+06:00  INFO 578387 --- [pangochain-backend] [   async-task-5] c.p.b.blockchain.FabricGatewayService    : Fabric tx committed: fn=LogAuditEvent txId=e91a36b75f37a06d19bbae0646e643bb50098c14d18fe592b98323ae40382d2d
2026-07-31T21:09:00.474+06:00  INFO 578387 --- [pangochain-backend] [   async-task-6] c.p.b.blockchain.FabricGatewayService    : Fabric tx committed: fn=LogAuditEvent txId=de85982e6709ce29204970b6a4c268162f7d76373da219bad08a90b4fb492ea1
2026-07-31T21:09:00.474+06:00  INFO 578387 --- [pangochain-backend] [   async-task-7] c.p.b.blockchain.FabricGatewayService    : Fabric tx committed: fn=LogAuditEvent txId=1f123180c77b78430970141b2f015f6dcb5d2f174836a8419dc7a7fc7583ca8b
2026-07-31T21:09:02.477+06:00  INFO 578387 --- [pangochain-backend] [   async-task-5] c.p.b.blockchain.FabricGatewayService    : Fabric tx committed: fn=LogAuditEvent txId=f186868f385cedbb18f498c4e34864fd03d36b0303ea524fc3507cee9185ff30
2026-07-31T21:09:02.477+06:00  INFO 578387 --- [pangochain-backend] [   async-task-2] c.p.b.blockchain.FabricGatewayService    : Fabric tx committed: fn=LogAuditEvent txId=8d1f0bc8c4f5d755dac84973a3e98795b287c071a9d2febf3a341f2f3dca8339
2026-07-31T21:09:02.477+06:00  INFO 578387 --- [pangochain-backend] [MessageBroker-1] c.p.b.blockchain.FabricGatewayService    : Fabric tx committed: fn=LogAuditEvent txId=d68aaddaef2a25c08b0c2431591d659ee989958f16e13454c88b83d780494c2d
2026-07-31T21:09:02.477+06:00  INFO 578387 --- [pangochain-backend] [   async-task-8] c.p.b.blockchain.FabricGatewayService    : Fabric tx committed: fn=LogAuditEvent txId=3c20ecfb1ffd7ee6a8d8c98d0fe5d6ffe2dfda45bdfa86db53d531322bcd2108
2026-07-31T21:09:02.477+06:00  INFO 578387 --- [pangochain-backend] [   async-task-3] c.p.b.blockchain.FabricGatewayService    : Fabric tx committed: fn=LogAuditEvent txId=d66e5fb3804baa6ae1372d5bf85384ac65006c97c9bd9054321a15055c41b751
2026-07-31T21:09:02.477+06:00  INFO 578387 --- [pangochain-backend] [   async-task-1] c.p.b.blockchain.FabricGatewayService    : Fabric tx committed: fn=LogAuditEvent txId=da0be5511521d3fac5b850deaadfa7b418794b4e01751d5729ba8686fa8cc3d9
2026-07-31T21:09:02.477+06:00  INFO 578387 --- [pangochain-backend] [   async-task-6] c.p.b.blockchain.FabricGatewayService    : Fabric tx committed: fn=LogAuditEvent txId=36549f3aa3fbc7db1ab54884dea6318d17c3a2414af5bad7890e539268f42fc7
2026-07-31T21:09:02.477+06:00  INFO 578387 --- [pangochain-backend] [   async-task-4] c.p.b.blockchain.FabricGatewayService    : Fabric tx committed: fn=LogAuditEvent txId=9909844bb657af64a85504ebb820c61a980ed8dc0429dc4d40fa1eb1db41603f
2026-07-31T21:09:02.477+06:00  INFO 578387 --- [pangochain-backend] [   async-task-7] c.p.b.blockchain.FabricGatewayService    : Fabric tx committed: fn=LogAuditEvent txId=d1b4cbcc3482cfa20de0b62c15a38a21fda0ec9afb183877b0b57076b9ed6bee
2026-07-31T21:09:02.480+06:00  INFO 578387 --- [pangochain-backend] [MessageBroker-1] c.p.b.audit.AuditAnchorBackfillWorker    : Anchored 16 audit events (ids 51866-51881) in batch tx d68aaddaef2a25c08b0c2431591d659ee989958f16e13454c88b83d780494c2d
2026-07-31T21:09:04.533+06:00  INFO 578387 --- [pangochain-backend] [   async-task-6] c.p.b.blockchain.FabricGatewayService    : Fabric tx committed: fn=LogAuditEvent txId=ff3b10611fd624f5f6c9ee498509d843d56e8609c018d3ecc915d6adc9463a5e
2026-07-31T21:09:04.533+06:00  INFO 578387 --- [pangochain-backend] [   async-task-2] c.p.b.blockchain.FabricGatewayService    : Fabric tx committed: fn=LogAuditEvent txId=163f54786fa0c774d4bcb3daa0054cdc6d03c098b78c70b99eed4ee1f6972206
2026-07-31T21:09:04.533+06:00  INFO 578387 --- [pangochain-backend] [   async-task-1] c.p.b.blockchain.FabricGatewayService    : Fabric tx committed: fn=LogAuditEvent txId=809ff0fb11b0680bfcb7b8a9571ba5799f63f56762cef0d76df4a804d355751c
2026-07-31T21:09:04.533+06:00  INFO 578387 --- [pangochain-backend] [   async-task-8] c.p.b.blockchain.FabricGatewayService    : Fabric tx committed: fn=LogAuditEvent txId=b957ab0ae0a5da4499c5f5c0e56655c92d88b5485b763a5a6d7c850cf9ea3451
2026-07-31T21:09:04.533+06:00  INFO 578387 --- [pangochain-backend] [   async-task-5] c.p.b.blockchain.FabricGatewayService    : Fabric tx committed: fn=LogAuditEvent txId=9d800a7abb0757e867b66a374317a9e01eb0163044357b05c6279462c3d6bd10
2026-07-31T21:09:04.533+06:00  INFO 578387 --- [pangochain-backend] [   async-task-3] c.p.b.blockchain.FabricGatewayService    : Fabric tx committed: fn=LogAuditEvent txId=d2534df5cd80baed1c9e18a77082aa44ed8a22406e2ac76fa7214f9e97921ef6
2026-07-31T21:09:04.533+06:00  INFO 578387 --- [pangochain-backend] [   async-task-4] c.p.b.blockchain.FabricGatewayService    : Fabric tx committed: fn=LogAuditEvent txId=367d7cb8d190dba162ae44cf34f6f4d658f9a647f72ab63d20bfa17310e8498d
2026-07-31T21:09:04.534+06:00  INFO 578387 --- [pangochain-backend] [   async-task-7] c.p.b.blockchain.FabricGatewayService    : Fabric tx committed: fn=LogAuditEvent txId=5a25287545dac5f0b69dadaf174bf1952f136187874d622dc8f2dcba49a78ae8
2026-07-31T21:09:05.236+06:00 ERROR 578387 --- [pangochain-backend] [MessageBroker-8] c.p.b.blockchain.FabricGatewayService    : Submit transaction 'RevokeAccess' failed: io.grpc.StatusRuntimeException: ABORTED: failed to endorse transaction, see attached details for more info
2026-07-31T21:09:05.242+06:00  WARN 578387 --- [pangochain-backend] [MessageBroker-8] c.p.b.access.AnchorReconciliationWorker  : Anchor cd2c2e32-80b0-4d12-a3e8-d8ca4e6d5935 (RevokeAccess) retry 217 failed, next attempt in 60s: Blockchain submit failed: io.grpc.StatusRuntimeException: ABORTED: failed to endorse transaction, see attached details for more info
2026-07-31T21:09:06.541+06:00  INFO 578387 --- [pangochain-backend] [   async-task-6] c.p.b.blockchain.FabricGatewayService    : Fabric tx committed: fn=LogAuditEvent txId=2e95ba18e1a40cf64dddd0df610dc3cd0c910446414da2293457630440bd3190
2026-07-31T21:09:06.542+06:00  INFO 578387 --- [pangochain-backend] [MessageBroker-1] c.p.b.blockchain.FabricGatewayService    : Fabric tx committed: fn=LogAuditEvent txId=a441e8c77d8de72edb8d55faa3ad5dad7f05ef2f022c091d221b44439ac04839
2026-07-31T21:09:06.542+06:00  INFO 578387 --- [pangochain-backend] [   async-task-7] c.p.b.blockchain.FabricGatewayService    : Fabric tx committed: fn=LogAuditEvent txId=2c2fd4ef0eaae863c2ab623559c828699ae6214eb6131ca215627cf8fff97052
2026-07-31T21:09:06.542+06:00  INFO 578387 --- [pangochain-backend] [   async-task-5] c.p.b.blockchain.FabricGatewayService    : Fabric tx committed: fn=LogAuditEvent txId=01f3f173230c86906ffe75f822e734b46529a1ccbaadc445b7bcce368ac7361b
2026-07-31T21:09:06.542+06:00  INFO 578387 --- [pangochain-backend] [   async-task-1] c.p.b.blockchain.FabricGatewayService    : Fabric tx committed: fn=LogAuditEvent txId=6f8ed395ed2b1dac34444881ff586f2b0d8cc41e4d4ab88f0a6baeb120b48bb0
2026-07-31T21:09:06.542+06:00  INFO 578387 --- [pangochain-backend] [   async-task-8] c.p.b.blockchain.FabricGatewayService    : Fabric tx committed: fn=LogAuditEvent txId=c2d088c68ec76182a01132077e20c97f44cb9eaf14c9739990c245e74c46d3ee
2026-07-31T21:09:06.542+06:00  INFO 578387 --- [pangochain-backend] [   async-task-4] c.p.b.blockchain.FabricGatewayService    : Fabric tx committed: fn=LogAuditEvent txId=3ce651cebfd7dd88944ca99e5175f5099631816578d590b07fa814b2d8c2807e
2026-07-31T21:09:06.542+06:00  INFO 578387 --- [pangochain-backend] [   async-task-2] c.p.b.blockchain.FabricGatewayService    : Fabric tx committed: fn=LogAuditEvent txId=bb8f5d81648a178c8c4977a19593f9feebbda3fb8ef7c9e591fc46673a1ee54a
2026-07-31T21:09:06.542+06:00  INFO 578387 --- [pangochain-backend] [   async-task-3] c.p.b.blockchain.FabricGatewayService    : Fabric tx committed: fn=LogAuditEvent txId=7d923a00ca0e20d827d7965052e74d53b79f01b97f94dcb49e865d335da749c6
2026-07-31T21:09:06.546+06:00  INFO 578387 --- [pangochain-backend] [MessageBroker-1] c.p.b.audit.AuditAnchorBackfillWorker    : Anchored 16 audit events (ids 51882-51897) in batch tx a441e8c77d8de72edb8d55faa3ad5dad7f05ef2f022c091d221b44439ac04839
2026-07-31T21:09:08.602+06:00  INFO 578387 --- [pangochain-backend] [   async-task-7] c.p.b.blockchain.FabricGatewayService    : Fabric tx committed: fn=LogAuditEvent txId=356bf048c41c33ebaa3963afa19ab753db83fa1338b6c18d23aa16bd9735874d
2026-07-31T21:09:08.602+06:00  INFO 578387 --- [pangochain-backend] [   async-task-1] c.p.b.blockchain.FabricGatewayService    : Fabric tx committed: fn=LogAuditEvent txId=6967141faf2e33fa97686a671d6d70769d274c733096e2cde3c42002a7e2c83b
2026-07-31T21:09:08.602+06:00  INFO 578387 --- [pangochain-backend] [   async-task-3] c.p.b.blockchain.FabricGatewayService    : Fabric tx committed: fn=LogAuditEvent txId=1fd14d076925a276dfcb192f37f715a8f436bb5560087a3c5ea66b44dd3502b0
2026-07-31T21:09:08.602+06:00  INFO 578387 --- [pangochain-backend] [   async-task-6] c.p.b.blockchain.FabricGatewayService    : Fabric tx committed: fn=LogAuditEvent txId=42983ca1a29f0bec62ed16319b180fa8c17f0a58df692b17769d2abd4dcee690
2026-07-31T21:09:08.602+06:00  INFO 578387 --- [pangochain-backend] [   async-task-4] c.p.b.blockchain.FabricGatewayService    : Fabric tx committed: fn=LogAuditEvent txId=84e9962ac1a4035c48fc335032d827c0011bf59d89a9dd99e28c0030810a613f
2026-07-31T21:09:08.602+06:00  INFO 578387 --- [pangochain-backend] [   async-task-2] c.p.b.blockchain.FabricGatewayService    : Fabric tx committed: fn=LogAuditEvent txId=d6f6f7deb697ff9e7dd7a6f1c8a6b2cb4e4a34921161710567aaab497db0a690
2026-07-31T21:09:08.602+06:00  INFO 578387 --- [pangochain-backend] [   async-task-8] c.p.b.blockchain.FabricGatewayService    : Fabric tx committed: fn=LogAuditEvent txId=0501fab7c15a513a9f855f9703d0f569c1ee2aa86d4ed02c84981efe7df0a9e4
2026-07-31T21:09:08.602+06:00  INFO 578387 --- [pangochain-backend] [   async-task-5] c.p.b.blockchain.FabricGatewayService    : Fabric tx committed: fn=LogAuditEvent txId=86c073fc73a7b56ab5281d5d052eb41da7b4292d8e9440517e86d041921c6e68
2026-07-31T21:09:10.615+06:00  INFO 578387 --- [pangochain-backend] [   async-task-3] c.p.b.blockchain.FabricGatewayService    : Fabric tx committed: fn=LogAuditEvent txId=f0bf2c07444fb1edba525005da3116a76ff18884a383af7d9ddf3084f5ed97b1
2026-07-31T21:09:10.615+06:00  INFO 578387 --- [pangochain-backend] [   async-task-5] c.p.b.blockchain.FabricGatewayService    : Fabric tx committed: fn=LogAuditEvent txId=3b917188968be70f730b012fcca3cf49dcc50050ea6ded92ac1523058ae3579f
2026-07-31T21:09:10.615+06:00  INFO 578387 --- [pangochain-backend] [   async-task-2] c.p.b.blockchain.FabricGatewayService    : Fabric tx committed: fn=LogAuditEvent txId=0e53c732a1587f312925f1182646d94f549a359576bd94ad5c508e79b5b73a85
2026-07-31T21:09:10.615+06:00  INFO 578387 --- [pangochain-backend] [   async-task-8] c.p.b.blockchain.FabricGatewayService    : Fabric tx committed: fn=LogAuditEvent txId=c150b8716233d34724d7c7f6bdfc1e6391e68c4ea4101c64c50ef984779885b7
2026-07-31T21:09:10.615+06:00  INFO 578387 --- [pangochain-backend] [MessageBroker-1] c.p.b.blockchain.FabricGatewayService    : Fabric tx committed: fn=LogAuditEvent txId=603dd721eb5756f089a23d13be39b3d36e0701c8f91706fe0ef18f6206a9250f
2026-07-31T21:09:10.615+06:00  INFO 578387 --- [pangochain-backend] [   async-task-4] c.p.b.blockchain.FabricGatewayService    : Fabric tx committed: fn=LogAuditEvent txId=76bfd31fad63df08682e8142169d4c17c33d95cea67fd93c7b51feb7872a5d0b
2026-07-31T21:09:10.615+06:00  INFO 578387 --- [pangochain-backend] [   async-task-6] c.p.b.blockchain.FabricGatewayService    : Fabric tx committed: fn=LogAuditEvent txId=c7a190b5650eaf00b85c3c9b9c6c40991da3f151b12a690e820e2acb872c8ff9
2026-07-31T21:09:10.615+06:00  INFO 578387 --- [pangochain-backend] [   async-task-1] c.p.b.blockchain.FabricGatewayService    : Fabric tx committed: fn=LogAuditEvent txId=0d1e8c2ca9df816692518619bdd81780b1e205e4094bc9850441b7fdbd2fcbd6
2026-07-31T21:09:10.615+06:00  INFO 578387 --- [pangochain-backend] [   async-task-7] c.p.b.blockchain.FabricGatewayService    : Fabric tx committed: fn=LogAuditEvent txId=c32e8cf9f145e8ba44f1fced99382580869e903c3f59fc5f6f70e1ae712e2128
2026-07-31T21:09:10.617+06:00  INFO 578387 --- [pangochain-backend] [MessageBroker-1] c.p.b.audit.AuditAnchorBackfillWorker    : Anchored 16 audit events (ids 51898-51913) in batch tx 603dd721eb5756f089a23d13be39b3d36e0701c8f91706fe0ef18f6206a9250f
2026-07-31T21:09:12.679+06:00  INFO 578387 --- [pangochain-backend] [   async-task-6] c.p.b.blockchain.FabricGatewayService    : Fabric tx committed: fn=LogAuditEvent txId=fccd84abe0c2b595ae848e59436587c1f909dbf8b13cfd1e759113c9f5c2e3b8
2026-07-31T21:09:12.679+06:00  INFO 578387 --- [pangochain-backend] [   async-task-1] c.p.b.blockchain.FabricGatewayService    : Fabric tx committed: fn=LogAuditEvent txId=c970cbe2b3d250e45331b4f892628b6dc641d0b3cee6a159119cd71b7ffaf804
2026-07-31T21:09:12.679+06:00  INFO 578387 --- [pangochain-backend] [   async-task-8] c.p.b.blockchain.FabricGatewayService    : Fabric tx committed: fn=LogAuditEvent txId=cc696e18d4e46eebf034c28ee7cb1624df5dd9c25d5f5117d57eb61d486fea0b
2026-07-31T21:09:12.679+06:00  INFO 578387 --- [pangochain-backend] [   async-task-4] c.p.b.blockchain.FabricGatewayService    : Fabric tx committed: fn=LogAuditEvent txId=319870ace1a88e0d59faf1fd7f1dd6e92a06f26e40962f4d0330e57a0e664e20
2026-07-31T21:09:12.679+06:00  INFO 578387 --- [pangochain-backend] [   async-task-2] c.p.b.blockchain.FabricGatewayService    : Fabric tx committed: fn=LogAuditEvent txId=4fe49f9370b627f6e85d916fbe8780dabeb6af359bdfe52c2c399c7156bc903e
2026-07-31T21:09:12.679+06:00  INFO 578387 --- [pangochain-backend] [   async-task-5] c.p.b.blockchain.FabricGatewayService    : Fabric tx committed: fn=LogAuditEvent txId=dc7cc7516d9a8c38a0f9bd71d724cbbc63154d0dae7e9e530d2b1ce747ab3b67
2026-07-31T21:09:12.679+06:00  INFO 578387 --- [pangochain-backend] [   async-task-7] c.p.b.blockchain.FabricGatewayService    : Fabric tx committed: fn=LogAuditEvent txId=3b22aec95e72a02bb5e768868c05fd320f9ab6c646dea45b4aa6eb1931deac20
2026-07-31T21:09:12.679+06:00  INFO 578387 --- [pangochain-backend] [   async-task-3] c.p.b.blockchain.FabricGatewayService    : Fabric tx committed: fn=LogAuditEvent txId=c36449eb411f1b8126a11fe509eaacaf5c736a32484ea9da7a59966eb9a9cdd3
2026-07-31T21:09:14.682+06:00  INFO 578387 --- [pangochain-backend] [   async-task-6] c.p.b.blockchain.FabricGatewayService    : Fabric tx committed: fn=LogAuditEvent txId=8889ff4558dd559f1c929f48a444a9844ec1cc6aaa8cd9817070884ee793bec6
2026-07-31T21:09:14.682+06:00  INFO 578387 --- [pangochain-backend] [   async-task-3] c.p.b.blockchain.FabricGatewayService    : Fabric tx committed: fn=LogAuditEvent txId=159cf44c85525717159b185abc0846bfdb040ce5aae5cec075b35b9dad800573
2026-07-31T21:09:14.682+06:00  INFO 578387 --- [pangochain-backend] [   async-task-5] c.p.b.blockchain.FabricGatewayService    : Fabric tx committed: fn=LogAuditEvent txId=eb38bc3f6eee7f63c02b7fdef2c8a7c82e9653f71c7d89455dd4abcc0a59d56c
2026-07-31T21:09:14.682+06:00  INFO 578387 --- [pangochain-backend] [   async-task-4] c.p.b.blockchain.FabricGatewayService    : Fabric tx committed: fn=LogAuditEvent txId=6b7dcb9c08c1245e7c435651f769de547cc252742e2d6c2a6eaea3b95f247b0e
2026-07-31T21:09:14.682+06:00  INFO 578387 --- [pangochain-backend] [   async-task-1] c.p.b.blockchain.FabricGatewayService    : Fabric tx committed: fn=LogAuditEvent txId=be795ae7f91e7f787f2cd7f750f73d1837dde64d878331b6ce3f11ea1b8d982c
2026-07-31T21:09:14.682+06:00  INFO 578387 --- [pangochain-backend] [   async-task-7] c.p.b.blockchain.FabricGatewayService    : Fabric tx committed: fn=LogAuditEvent txId=aa1222a5b35b587c9821d42c1ce71a92ab06af7793cd025a10f242b77184733c
2026-07-31T21:09:14.682+06:00  INFO 578387 --- [pangochain-backend] [   async-task-8] c.p.b.blockchain.FabricGatewayService    : Fabric tx committed: fn=LogAuditEvent txId=0d644d16287779f762ff9480ed8c27920e8e668ee7331ff6e4df470dc5700963
2026-07-31T21:09:14.682+06:00  INFO 578387 --- [pangochain-backend] [   async-task-2] c.p.b.blockchain.FabricGatewayService    : Fabric tx committed: fn=LogAuditEvent txId=5323936320c05608e974841bf2870234713b075bad2006f5356d51571f35afe9
2026-07-31T21:09:14.682+06:00  INFO 578387 --- [pangochain-backend] [MessageBroker-1] c.p.b.blockchain.FabricGatewayService    : Fabric tx committed: fn=LogAuditEvent txId=5da767bc6cd3e438a1dbe28417b652f7db41b88c1dadc10dd4027be268afa83e
2026-07-31T21:09:14.685+06:00  INFO 578387 --- [pangochain-backend] [MessageBroker-1] c.p.b.audit.AuditAnchorBackfillWorker    : Anchored 16 audit events (ids 51914-51929) in batch tx 5da767bc6cd3e438a1dbe28417b652f7db41b88c1dadc10dd4027be268afa83e
2026-07-31T21:09:16.743+06:00  INFO 578387 --- [pangochain-backend] [   async-task-1] c.p.b.blockchain.FabricGatewayService    : Fabric tx committed: fn=LogAuditEvent txId=f5db1629256ead175c99f929922449ff80f432cd2d4cdd3b6e3bfe5925913755
2026-07-31T21:09:16.743+06:00  INFO 578387 --- [pangochain-backend] [   async-task-5] c.p.b.blockchain.FabricGatewayService    : Fabric tx committed: fn=LogAuditEvent txId=26aaadcaf2bcd0f322d48308f03944a21610d190ec36ba280ecbdddbd704010c
2026-07-31T21:09:16.743+06:00  INFO 578387 --- [pangochain-backend] [   async-task-8] c.p.b.blockchain.FabricGatewayService    : Fabric tx committed: fn=LogAuditEvent txId=bdc662ccd381a252d0fe055df357dd20495a42da9fd3e0b10d18ad56bacd8e95
2026-07-31T21:09:16.743+06:00  INFO 578387 --- [pangochain-backend] [   async-task-2] c.p.b.blockchain.FabricGatewayService    : Fabric tx committed: fn=LogAuditEvent txId=3d971fc024a1c089a0d971bdb36e0c34ec5e252849c04a15f966741321fabd63
2026-07-31T21:09:16.743+06:00  INFO 578387 --- [pangochain-backend] [   async-task-4] c.p.b.blockchain.FabricGatewayService    : Fabric tx committed: fn=LogAuditEvent txId=baa8db1b0cf8abd1940bdb758eaa3f2ab8d0c4e24f0461415965160b37674311
2026-07-31T21:09:16.743+06:00  INFO 578387 --- [pangochain-backend] [   async-task-7] c.p.b.blockchain.FabricGatewayService    : Fabric tx committed: fn=LogAuditEvent txId=2a6927631bc091ddae53fa4d682234a004459ce42c1466bc563ab417d76ad8e3
2026-07-31T21:09:16.743+06:00  INFO 578387 --- [pangochain-backend] [   async-task-3] c.p.b.blockchain.FabricGatewayService    : Fabric tx committed: fn=LogAuditEvent txId=cae2e1cf2ffb5d1cd5b7a007b66675ca7ef50ebffeb75e13117954e3b6c12f06
2026-07-31T21:09:16.743+06:00  INFO 578387 --- [pangochain-backend] [   async-task-6] c.p.b.blockchain.FabricGatewayService    : Fabric tx committed: fn=LogAuditEvent txId=06a633804b2b31e96ba6c0f18ae13ec2d2dbe09c64e22ad2bead5ea1354ec7dd
2026-07-31T21:09:18.748+06:00  INFO 578387 --- [pangochain-backend] [   async-task-8] c.p.b.blockchain.FabricGatewayService    : Fabric tx committed: fn=LogAuditEvent txId=2b902a10b774503641322fe34240b18443aca68e91abe36ead2def1d9c9cb316
2026-07-31T21:09:18.748+06:00  INFO 578387 --- [pangochain-backend] [   async-task-1] c.p.b.blockchain.FabricGatewayService    : Fabric tx committed: fn=LogAuditEvent txId=ac0d19b3008e01a816589d633cdc3684e65a7188c5e75fdad5adf35fdda55373
2026-07-31T21:09:18.748+06:00  INFO 578387 --- [pangochain-backend] [essageBroker-17] c.p.b.blockchain.FabricGatewayService    : Fabric tx committed: fn=LogAuditEvent txId=105eac7601339b633c441d7f9a01ca1bcec88637ecb729e6ee351c63fc32abc6
2026-07-31T21:09:18.748+06:00  INFO 578387 --- [pangochain-backend] [   async-task-2] c.p.b.blockchain.FabricGatewayService    : Fabric tx committed: fn=LogAuditEvent txId=3e9d66bb0c04341a353c3bf456fafcc2b0612a1e40aa5252b429f04a40745825
2026-07-31T21:09:18.749+06:00  INFO 578387 --- [pangochain-backend] [   async-task-3] c.p.b.blockchain.FabricGatewayService    : Fabric tx committed: fn=LogAuditEvent txId=a1325c9b6bdae31b2eec576e4c8b5b5cc5b1dbae1a022b4e8f544956ac36a39d
2026-07-31T21:09:18.749+06:00  INFO 578387 --- [pangochain-backend] [   async-task-6] c.p.b.blockchain.FabricGatewayService    : Fabric tx committed: fn=LogAuditEvent txId=de8d9cf54383866e52bf719a4835873410d2bc65494f53f85ef2ce46d87c4ec3
2026-07-31T21:09:18.749+06:00  INFO 578387 --- [pangochain-backend] [   async-task-5] c.p.b.blockchain.FabricGatewayService    : Fabric tx committed: fn=LogAuditEvent txId=8df584e51028d8b060bbf2e17c5f555ae7c5ffe46d7afa1d03652a70526da8f3
2026-07-31T21:09:18.749+06:00  INFO 578387 --- [pangochain-backend] [   async-task-7] c.p.b.blockchain.FabricGatewayService    : Fabric tx committed: fn=LogAuditEvent txId=de167409a093d646b79e8c1a386371da071e7353237a1c2c86a4b8f1580635c1
2026-07-31T21:09:18.749+06:00  INFO 578387 --- [pangochain-backend] [   async-task-4] c.p.b.blockchain.FabricGatewayService    : Fabric tx committed: fn=LogAuditEvent txId=c7ee487f3e993ef1b498f2024475a584a1acd369509a23eeb2d74c0592621bcc
2026-07-31T21:09:18.753+06:00  INFO 578387 --- [pangochain-backend] [essageBroker-17] c.p.b.audit.AuditAnchorBackfillWorker    : Anchored 16 audit events (ids 51930-51945) in batch tx 105eac7601339b633c441d7f9a01ca1bcec88637ecb729e6ee351c63fc32abc6
2026-07-31T21:09:20.805+06:00  INFO 578387 --- [pangochain-backend] [   async-task-2] c.p.b.blockchain.FabricGatewayService    : Fabric tx committed: fn=LogAuditEvent txId=0b2481c97ac5fb2ffffa31f3026c5dea442b7df066d8ef4790d447e795bdb34d
2026-07-31T21:09:20.805+06:00  INFO 578387 --- [pangochain-backend] [   async-task-7] c.p.b.blockchain.FabricGatewayService    : Fabric tx committed: fn=LogAuditEvent txId=5ae847b883e97afd356852f1f1469e3e00a90142ef5347500d4430099b93c8b0
2026-07-31T21:09:20.805+06:00  INFO 578387 --- [pangochain-backend] [   async-task-6] c.p.b.blockchain.FabricGatewayService    : Fabric tx committed: fn=LogAuditEvent txId=048b41b7e01037528446bc864a57ccbd54c7998f5eab1253b350465a0cecbe3c
2026-07-31T21:09:20.805+06:00  INFO 578387 --- [pangochain-backend] [   async-task-1] c.p.b.blockchain.FabricGatewayService    : Fabric tx committed: fn=LogAuditEvent txId=b84858469fa156ce4a6aeb87a3c017048475d38f2456e196aea9b392cb8ff7ae
2026-07-31T21:09:20.805+06:00  INFO 578387 --- [pangochain-backend] [   async-task-8] c.p.b.blockchain.FabricGatewayService    : Fabric tx committed: fn=LogAuditEvent txId=41fff11ad6f8a00399dac34bab494024647b37dbf292d1ef0f087a8395a865f6
2026-07-31T21:09:20.805+06:00  INFO 578387 --- [pangochain-backend] [   async-task-3] c.p.b.blockchain.FabricGatewayService    : Fabric tx committed: fn=LogAuditEvent txId=6b4be5219cf6542f3825aea6bc0d1156949a704c09cf899f4fb680b6f48a16be
2026-07-31T21:09:20.805+06:00  INFO 578387 --- [pangochain-backend] [   async-task-5] c.p.b.blockchain.FabricGatewayService    : Fabric tx committed: fn=LogAuditEvent txId=fc8f12c44f80ccc5a773e0f050e365fefc61ea0ef29fd2e9ba6dccca0b948a26
2026-07-31T21:09:20.805+06:00  INFO 578387 --- [pangochain-backend] [   async-task-4] c.p.b.blockchain.FabricGatewayService    : Fabric tx committed: fn=LogAuditEvent txId=c9e2c0e98d07833f49553b2c06427eaa046ed2ca37adb0ddc3f7fb06a9d14346
2026-07-31T21:09:22.810+06:00  INFO 578387 --- [pangochain-backend] [   async-task-2] c.p.b.blockchain.FabricGatewayService    : Fabric tx committed: fn=LogAuditEvent txId=3841b228b8c5aacccaffe91fe7585a5d837c8b054349e6dba14b7d13450d6c8e
2026-07-31T21:09:22.810+06:00  INFO 578387 --- [pangochain-backend] [   async-task-4] c.p.b.blockchain.FabricGatewayService    : Fabric tx committed: fn=LogAuditEvent txId=8d7247b115908ccf3bb639993d6a38793796aa8896023c59f7424013be9d7f27
2026-07-31T21:09:22.810+06:00  INFO 578387 --- [pangochain-backend] [   async-task-3] c.p.b.blockchain.FabricGatewayService    : Fabric tx committed: fn=LogAuditEvent txId=8e6fd0f28b9184123d169cab5e3d021f9405e80aa37e88a37a700184bced19d2
2026-07-31T21:09:22.810+06:00  INFO 578387 --- [pangochain-backend] [   async-task-7] c.p.b.blockchain.FabricGatewayService    : Fabric tx committed: fn=LogAuditEvent txId=74743469dca6a41e5be53a61785cc6ccb22938e2257d1006a4b05ca21c9307d2
2026-07-31T21:09:22.810+06:00  INFO 578387 --- [pangochain-backend] [   async-task-5] c.p.b.blockchain.FabricGatewayService    : Fabric tx committed: fn=LogAuditEvent txId=93589a5648fb0287bb32c8557aaef32141fb0118160c6dffc95af6de2b6990cd
2026-07-31T21:09:22.810+06:00  INFO 578387 --- [pangochain-backend] [MessageBroker-2] c.p.b.blockchain.FabricGatewayService    : Fabric tx committed: fn=LogAuditEvent txId=9394d24c87961138b15212fb2ec50ec11d3c516d910d51184abc02013576ff9e
2026-07-31T21:09:22.810+06:00  INFO 578387 --- [pangochain-backend] [   async-task-8] c.p.b.blockchain.FabricGatewayService    : Fabric tx committed: fn=LogAuditEvent txId=272814b01b4c9c18ef0057b947e942a40a78488ae25a3335f4afd695613a9409
2026-07-31T21:09:22.810+06:00  INFO 578387 --- [pangochain-backend] [   async-task-6] c.p.b.blockchain.FabricGatewayService    : Fabric tx committed: fn=LogAuditEvent txId=9ad0d0ad0628e3d495cd594f7605031076ef260a6b41945cc2da4fc5f035eabe
2026-07-31T21:09:22.810+06:00  INFO 578387 --- [pangochain-backend] [   async-task-1] c.p.b.blockchain.FabricGatewayService    : Fabric tx committed: fn=LogAuditEvent txId=fd002504106201296bf1e568b54565ae2d87f4115eb0187f11bcc8b0d33280a6
2026-07-31T21:09:22.814+06:00  INFO 578387 --- [pangochain-backend] [MessageBroker-2] c.p.b.audit.AuditAnchorBackfillWorker    : Anchored 16 audit events (ids 51946-51961) in batch tx 9394d24c87961138b15212fb2ec50ec11d3c516d910d51184abc02013576ff9e
2026-07-31T21:09:24.876+06:00  INFO 578387 --- [pangochain-backend] [   async-task-2] c.p.b.blockchain.FabricGatewayService    : Fabric tx committed: fn=LogAuditEvent txId=d27d5ab77c6c753490c866be1d6169bc66a8861cb872ae1ddb6e6e564f77b5bb
2026-07-31T21:09:24.876+06:00  INFO 578387 --- [pangochain-backend] [   async-task-3] c.p.b.blockchain.FabricGatewayService    : Fabric tx committed: fn=LogAuditEvent txId=d279435b06a3915d1066f47e0c8a9bff07a8c900ab7a6c4d73fdc0e0f912fb7c
2026-07-31T21:09:24.876+06:00  INFO 578387 --- [pangochain-backend] [   async-task-7] c.p.b.blockchain.FabricGatewayService    : Fabric tx committed: fn=LogAuditEvent txId=a7c74e8966f55c37dd87ca61c70471f9c8895d8360a42e4f38261fcf39554e4b
2026-07-31T21:09:24.876+06:00  INFO 578387 --- [pangochain-backend] [   async-task-5] c.p.b.blockchain.FabricGatewayService    : Fabric tx committed: fn=LogAuditEvent txId=07709b8b1cff738e5f9e8fb03c4a98d68204a7a1fce921fab90fd3fa4ac54b88
2026-07-31T21:09:24.876+06:00  INFO 578387 --- [pangochain-backend] [   async-task-4] c.p.b.blockchain.FabricGatewayService    : Fabric tx committed: fn=LogAuditEvent txId=4158b14122eb3ac4f8bfef8a56c499c014e968cc067ae33ed5cf74d7e2b800fb
2026-07-31T21:09:24.876+06:00  INFO 578387 --- [pangochain-backend] [   async-task-1] c.p.b.blockchain.FabricGatewayService    : Fabric tx committed: fn=LogAuditEvent txId=10818dbd833ce884ae738b97c80b190318db795ec6d91122a5b3c58c0859bbe5
2026-07-31T21:09:24.876+06:00  INFO 578387 --- [pangochain-backend] [   async-task-8] c.p.b.blockchain.FabricGatewayService    : Fabric tx committed: fn=LogAuditEvent txId=eb25a2781b99d0afe95ed1c53fae693a9f4fc13b8ae6080eed558217abd5a84b
2026-07-31T21:09:24.876+06:00  INFO 578387 --- [pangochain-backend] [   async-task-6] c.p.b.blockchain.FabricGatewayService    : Fabric tx committed: fn=LogAuditEvent txId=3e81d9a56989baf0c0296b601562163a5009e401c6e637e010364cac5698b7be
2026-07-31T21:09:26.879+06:00  INFO 578387 --- [pangochain-backend] [   async-task-4] c.p.b.blockchain.FabricGatewayService    : Fabric tx committed: fn=LogAuditEvent txId=c57740c9b1b08a5d54b72440c300ea16bb4aa8bdbc948aec3dcd8aa93782461d
2026-07-31T21:09:26.879+06:00  INFO 578387 --- [pangochain-backend] [   async-task-8] c.p.b.blockchain.FabricGatewayService    : Fabric tx committed: fn=LogAuditEvent txId=19fccdcedb44ebb3fd59f68f483225af913715f8ab82e0f41835b3d71f3f591b
2026-07-31T21:09:26.879+06:00  INFO 578387 --- [pangochain-backend] [   async-task-5] c.p.b.blockchain.FabricGatewayService    : Fabric tx committed: fn=LogAuditEvent txId=35ca4b3d8772d74f173c1ab8f361832c2fb29c452d5fa6d31feaab96b27653d1
2026-07-31T21:09:26.879+06:00  INFO 578387 --- [pangochain-backend] [   async-task-3] c.p.b.blockchain.FabricGatewayService    : Fabric tx committed: fn=LogAuditEvent txId=47f382c32ffa47e455d2e962f630b90a4bdb76234ba18c8ced44d8b3378ab849
2026-07-31T21:09:26.879+06:00  INFO 578387 --- [pangochain-backend] [   async-task-2] c.p.b.blockchain.FabricGatewayService    : Fabric tx committed: fn=LogAuditEvent txId=adeffface89b5e7e30cb8d55ac9949fa0ba6c2c217d3ec78a0d31133dffd175c
2026-07-31T21:09:26.879+06:00  INFO 578387 --- [pangochain-backend] [   async-task-1] c.p.b.blockchain.FabricGatewayService    : Fabric tx committed: fn=LogAuditEvent txId=191c241392f9780f04b0e0e67c48ef6b3fad8b4eccd3c60b8d078fd0113c3fdb
2026-07-31T21:09:26.879+06:00  INFO 578387 --- [pangochain-backend] [   async-task-7] c.p.b.blockchain.FabricGatewayService    : Fabric tx committed: fn=LogAuditEvent txId=8ab833c8f34bbcae3ca39f8613fa11c3b7116da4226ffa6d67774aa94f31de63
2026-07-31T21:09:26.879+06:00  INFO 578387 --- [pangochain-backend] [   async-task-6] c.p.b.blockchain.FabricGatewayService    : Fabric tx committed: fn=LogAuditEvent txId=9009bb8416e0d15838f11fef66327b50e39074ecff72e9d00da8ee78e7adad6f
2026-07-31T21:09:26.879+06:00  INFO 578387 --- [pangochain-backend] [MessageBroker-2] c.p.b.blockchain.FabricGatewayService    : Fabric tx committed: fn=LogAuditEvent txId=81e46333c32d095549133091ce848423c0091d58a861ec19d48e6b5a358f0158
2026-07-31T21:09:26.882+06:00  INFO 578387 --- [pangochain-backend] [MessageBroker-2] c.p.b.audit.AuditAnchorBackfillWorker    : Anchored 16 audit events (ids 51962-51977) in batch tx 81e46333c32d095549133091ce848423c0091d58a861ec19d48e6b5a358f0158
2026-07-31T21:09:27.533+06:00  INFO 578387 --- [pangochain-backend] [ionShutdownHook] o.s.m.s.b.SimpleBrokerMessageHandler     : Stopping...
2026-07-31T21:09:27.533+06:00  INFO 578387 --- [pangochain-backend] [ionShutdownHook] o.s.m.s.b.SimpleBrokerMessageHandler     : BrokerAvailabilityEvent[available=false, SimpleBrokerMessageHandler [org.springframework.messaging.simp.broker.DefaultSubscriptionRegistry@33263239]]
2026-07-31T21:09:27.533+06:00  INFO 578387 --- [pangochain-backend] [ionShutdownHook] o.s.m.s.b.SimpleBrokerMessageHandler     : Stopped.
2026-07-31T21:09:28.938+06:00  INFO 578387 --- [pangochain-backend] [   async-task-7] c.p.b.blockchain.FabricGatewayService    : Fabric tx committed: fn=LogAuditEvent txId=107f209fae7f8e1dafa52a0f0d56e283dc8ac112a072921bbdbb5f53f9e47da3
2026-07-31T21:09:28.938+06:00  INFO 578387 --- [pangochain-backend] [   async-task-4] c.p.b.blockchain.FabricGatewayService    : Fabric tx committed: fn=LogAuditEvent txId=b86534dc511cd648b47d3b3d16ac5a027410b1e11b43355b3ef64afa6e3087c2
2026-07-31T21:09:28.938+06:00  INFO 578387 --- [pangochain-backend] [   async-task-8] c.p.b.blockchain.FabricGatewayService    : Fabric tx committed: fn=LogAuditEvent txId=050c86a161f77aed037bb756b1d3179d9a3f69b9c2fef80aec152631536b0000
2026-07-31T21:09:28.938+06:00  INFO 578387 --- [pangochain-backend] [   async-task-2] c.p.b.blockchain.FabricGatewayService    : Fabric tx committed: fn=LogAuditEvent txId=e6654284e1303d3df53d13add6832a1d5bcdb128cf6b65a8292bcf62a0170c52
2026-07-31T21:09:28.938+06:00  INFO 578387 --- [pangochain-backend] [   async-task-5] c.p.b.blockchain.FabricGatewayService    : Fabric tx committed: fn=LogAuditEvent txId=f031571e6d907000fff09717571669331a6e421c08d74ef33d023af360d330a7
2026-07-31T21:09:28.938+06:00  INFO 578387 --- [pangochain-backend] [   async-task-6] c.p.b.blockchain.FabricGatewayService    : Fabric tx committed: fn=LogAuditEvent txId=d4adc79a6a5b0b0cbd9967f387b16ac2460a9cadb4a59a6622c156333e024299
2026-07-31T21:09:28.938+06:00  INFO 578387 --- [pangochain-backend] [   async-task-1] c.p.b.blockchain.FabricGatewayService    : Fabric tx committed: fn=LogAuditEvent txId=fc15553d25ec9f144cb30b33664f1283f783b961c3d6bbf70baada881a5279a0
2026-07-31T21:09:28.938+06:00  INFO 578387 --- [pangochain-backend] [   async-task-3] c.p.b.blockchain.FabricGatewayService    : Fabric tx committed: fn=LogAuditEvent txId=d58be9e647468a359520de5360cea2f4bf6a56ada78e2be944a5bb0843c34e89
2026-07-31T21:09:29.617+06:00  INFO 578387 --- [pangochain-backend] [ionShutdownHook] j.LocalContainerEntityManagerFactoryBean : Closing JPA EntityManagerFactory for persistence unit 'default'
2026-07-31T21:09:29.620+06:00  INFO 578387 --- [pangochain-backend] [ionShutdownHook] com.zaxxer.hikari.HikariDataSource       : HikariPool-1 - Shutdown initiated...
2026-07-31T21:09:29.624+06:00  INFO 578387 --- [pangochain-backend] [ionShutdownHook] com.zaxxer.hikari.HikariDataSource       : HikariPool-1 - Shutdown completed.
