Standard Commons Logging discovery in action with spring-jcl: please remove commons-logging.jar from classpath in order to avoid potential conflicts

  .   ____          _            __ _ _
 /\\ / ___'_ __ _ _(_)_ __  __ _ \ \ \ \
( ( )\___ | '_ | '_| | '_ \/ _` | \ \ \ \
 \\/  ___)| |_)| | | | | || (_| |  ) ) ) )
  '  |____| .__|_| |_|_| |_\__, | / / / /
 =========|_|==============|___/=/_/_/_/
 :: Spring Boot ::                (v3.2.5)

2026-07-31T21:04:51.015+06:00  INFO 577828 --- [pangochain-backend] [           main] c.p.backend.PangochainApplication        : Starting PangochainApplication using Java 21.0.11 with PID 577828 (/home/angkon/Projects/Blockchain/FCDH_linux_validation/Fardeen_Codex_Dhaka_Meetup_Hackathon/pangochain-backend/target/classes started by angkon in /home/angkon/Projects/Blockchain/FCDH_linux_validation/Fardeen_Codex_Dhaka_Meetup_Hackathon/pangochain-backend)
2026-07-31T21:04:51.016+06:00  INFO 577828 --- [pangochain-backend] [           main] c.p.backend.PangochainApplication        : The following 1 profile is active: "audit-log-only"
2026-07-31T21:04:51.946+06:00  INFO 577828 --- [pangochain-backend] [           main] .s.d.r.c.RepositoryConfigurationDelegate : Bootstrapping Spring Data JPA repositories in DEFAULT mode.
2026-07-31T21:04:52.088+06:00  INFO 577828 --- [pangochain-backend] [           main] .s.d.r.c.RepositoryConfigurationDelegate : Finished Spring Data repository scanning in 137 ms. Found 37 JPA repository interfaces.
2026-07-31T21:04:52.797+06:00  INFO 577828 --- [pangochain-backend] [           main] o.s.b.w.embedded.tomcat.TomcatWebServer  : Tomcat initialized with port 8080 (http)
2026-07-31T21:04:52.804+06:00  INFO 577828 --- [pangochain-backend] [           main] o.apache.catalina.core.StandardService   : Starting service [Tomcat]
2026-07-31T21:04:52.804+06:00  INFO 577828 --- [pangochain-backend] [           main] o.apache.catalina.core.StandardEngine    : Starting Servlet engine: [Apache Tomcat/10.1.20]
2026-07-31T21:04:52.841+06:00  INFO 577828 --- [pangochain-backend] [           main] o.a.c.c.C.[Tomcat].[localhost].[/]       : Initializing Spring embedded WebApplicationContext
2026-07-31T21:04:52.842+06:00  INFO 577828 --- [pangochain-backend] [           main] w.s.c.ServletWebServerApplicationContext : Root WebApplicationContext: initialization completed in 1797 ms
Standard Commons Logging discovery in action with spring-jcl: please remove commons-logging.jar from classpath in order to avoid potential conflicts
2026-07-31T21:04:52.956+06:00  INFO 577828 --- [pangochain-backend] [           main] com.zaxxer.hikari.HikariDataSource       : HikariPool-1 - Starting...
2026-07-31T21:04:53.105+06:00  INFO 577828 --- [pangochain-backend] [           main] com.zaxxer.hikari.pool.HikariPool        : HikariPool-1 - Added connection org.postgresql.jdbc.PgConnection@2586e878
2026-07-31T21:04:53.107+06:00  INFO 577828 --- [pangochain-backend] [           main] com.zaxxer.hikari.HikariDataSource       : HikariPool-1 - Start completed.
2026-07-31T21:04:53.221+06:00  INFO 577828 --- [pangochain-backend] [           main] liquibase.database                       : Set default schema name to public
2026-07-31T21:04:53.338+06:00  INFO 577828 --- [pangochain-backend] [           main] liquibase.changelog                      : Reading resource: db/changelog/changes/001-initial-schema.sql
2026-07-31T21:04:53.346+06:00  INFO 577828 --- [pangochain-backend] [           main] liquibase.changelog                      : Reading resource: db/changelog/changes/002-client-features.sql
2026-07-31T21:04:53.347+06:00  INFO 577828 --- [pangochain-backend] [           main] liquibase.changelog                      : Reading resource: db/changelog/changes/003-key-rotation.sql
2026-07-31T21:04:53.348+06:00  INFO 577828 --- [pangochain-backend] [           main] liquibase.changelog                      : Reading resource: db/changelog/changes/004-signing-key.sql
2026-07-31T21:04:53.350+06:00  INFO 577828 --- [pangochain-backend] [           main] liquibase.changelog                      : Reading resource: db/changelog/changes/005-performance-indexes.sql
2026-07-31T21:04:53.351+06:00  INFO 577828 --- [pangochain-backend] [           main] liquibase.changelog                      : Reading resource: db/changelog/changes/006-chat.sql
2026-07-31T21:04:53.352+06:00  INFO 577828 --- [pangochain-backend] [           main] liquibase.changelog                      : Reading resource: db/changelog/changes/007-case-journey.sql
2026-07-31T21:04:53.353+06:00  INFO 577828 --- [pangochain-backend] [           main] liquibase.changelog                      : Reading resource: db/changelog/changes/008-case-journey-merge.sql
2026-07-31T21:04:53.354+06:00  INFO 577828 --- [pangochain-backend] [           main] liquibase.changelog                      : Reading resource: db/changelog/changes/009-recovery-codes.sql
2026-07-31T21:04:53.354+06:00  INFO 577828 --- [pangochain-backend] [           main] liquibase.changelog                      : Reading resource: db/changelog/changes/010-conflict-check.sql
2026-07-31T21:04:53.355+06:00  INFO 577828 --- [pangochain-backend] [           main] liquibase.changelog                      : Reading resource: db/changelog/changes/011-case-milestones.sql
2026-07-31T21:04:53.356+06:00  INFO 577828 --- [pangochain-backend] [           main] liquibase.changelog                      : Reading resource: db/changelog/changes/012-case-deadlines.sql
2026-07-31T21:04:53.356+06:00  INFO 577828 --- [pangochain-backend] [           main] liquibase.changelog                      : Reading resource: db/changelog/changes/013-doc-classification.sql
2026-07-31T21:04:53.357+06:00  INFO 577828 --- [pangochain-backend] [           main] liquibase.changelog                      : Reading resource: db/changelog/changes/014-security-alerts.sql
2026-07-31T21:04:53.358+06:00  INFO 577828 --- [pangochain-backend] [           main] liquibase.changelog                      : Reading resource: db/changelog/changes/015-billing.sql
2026-07-31T21:04:53.359+06:00  INFO 577828 --- [pangochain-backend] [           main] liquibase.changelog                      : Reading resource: db/changelog/changes/016-deletion-requests.sql
2026-07-31T21:04:53.359+06:00  INFO 577828 --- [pangochain-backend] [           main] liquibase.changelog                      : Reading resource: db/changelog/changes/017-feedback.sql
2026-07-31T21:04:53.360+06:00  INFO 577828 --- [pangochain-backend] [           main] liquibase.changelog                      : Reading resource: db/changelog/changes/018-document-templates.sql
2026-07-31T21:04:53.361+06:00  INFO 577828 --- [pangochain-backend] [           main] liquibase.changelog                      : Reading resource: db/changelog/changes/019-settlement-offers.sql
2026-07-31T21:04:53.362+06:00  INFO 577828 --- [pangochain-backend] [           main] liquibase.changelog                      : Reading resource: db/changelog/changes/020-document-annotations.sql
2026-07-31T21:04:53.363+06:00  INFO 577828 --- [pangochain-backend] [           main] liquibase.changelog                      : Reading resource: db/changelog/changes/021-signing-workflows.sql
2026-07-31T21:04:53.363+06:00  INFO 577828 --- [pangochain-backend] [           main] liquibase.changelog                      : Reading resource: db/changelog/changes/022-document-redactions.sql
2026-07-31T21:04:53.364+06:00  INFO 577828 --- [pangochain-backend] [           main] liquibase.changelog                      : Reading resource: db/changelog/changes/023-more-legal-templates.sql
2026-07-31T21:04:53.365+06:00  INFO 577828 --- [pangochain-backend] [           main] liquibase.changelog                      : Reading resource: db/changelog/changes/024-ai-conversations.sql
2026-07-31T21:04:53.366+06:00  INFO 577828 --- [pangochain-backend] [           main] liquibase.changelog                      : Reading resource: db/changelog/changes/025-ai-insights-multi.sql
2026-07-31T21:04:53.366+06:00  INFO 577828 --- [pangochain-backend] [           main] liquibase.changelog                      : Reading resource: db/changelog/changes/026-ai-chat-sessions.sql
2026-07-31T21:04:53.367+06:00  INFO 577828 --- [pangochain-backend] [           main] liquibase.changelog                      : Reading resource: db/changelog/changes/027-pending-anchor.sql
2026-07-31T21:04:53.367+06:00  INFO 577828 --- [pangochain-backend] [           main] liquibase.changelog                      : Reading resource: db/changelog/changes/028-audit-anchor-batch.sql
2026-07-31T21:04:53.407+06:00  INFO 577828 --- [pangochain-backend] [           main] liquibase.changelog                      : Reading from public.databasechangelog
Database is up to date, no changesets to execute
2026-07-31T21:04:53.460+06:00  INFO 577828 --- [pangochain-backend] [           main] liquibase.changelog                      : Reading from public.databasechangelog
2026-07-31T21:04:53.489+06:00  INFO 577828 --- [pangochain-backend] [           main] liquibase.util                           : UPDATE SUMMARY
2026-07-31T21:04:53.489+06:00  INFO 577828 --- [pangochain-backend] [           main] liquibase.util                           : Run:                          0
2026-07-31T21:04:53.489+06:00  INFO 577828 --- [pangochain-backend] [           main] liquibase.util                           : Previously run:              63
2026-07-31T21:04:53.489+06:00  INFO 577828 --- [pangochain-backend] [           main] liquibase.util                           : Filtered out:                 0
2026-07-31T21:04:53.489+06:00  INFO 577828 --- [pangochain-backend] [           main] liquibase.util                           : -------------------------------
2026-07-31T21:04:53.489+06:00  INFO 577828 --- [pangochain-backend] [           main] liquibase.util                           : Total change sets:           63
2026-07-31T21:04:53.489+06:00  INFO 577828 --- [pangochain-backend] [           main] liquibase.util                           : Update summary generated
2026-07-31T21:04:53.509+06:00  INFO 577828 --- [pangochain-backend] [           main] liquibase.lockservice                    : Successfully released change log lock
2026-07-31T21:04:53.511+06:00  INFO 577828 --- [pangochain-backend] [           main] liquibase.command                        : Command execution complete
2026-07-31T21:04:53.612+06:00  INFO 577828 --- [pangochain-backend] [           main] o.hibernate.jpa.internal.util.LogHelper  : HHH000204: Processing PersistenceUnitInfo [name: default]
2026-07-31T21:04:53.640+06:00  INFO 577828 --- [pangochain-backend] [           main] org.hibernate.Version                    : HHH000412: Hibernate ORM core version 6.4.4.Final
2026-07-31T21:04:53.660+06:00  INFO 577828 --- [pangochain-backend] [           main] o.h.c.internal.RegionFactoryInitiator    : HHH000026: Second-level cache disabled
2026-07-31T21:04:53.801+06:00  INFO 577828 --- [pangochain-backend] [           main] o.s.o.j.p.SpringPersistenceUnitInfo      : No LoadTimeWeaver setup: ignoring JPA class transformer
2026-07-31T21:04:53.828+06:00  WARN 577828 --- [pangochain-backend] [           main] org.hibernate.orm.deprecation            : HHH90000025: PostgreSQLDialect does not need to be specified explicitly using 'hibernate.dialect' (remove the property setting and it will be selected by default)
2026-07-31T21:04:54.890+06:00  INFO 577828 --- [pangochain-backend] [           main] o.h.e.t.j.p.i.JtaPlatformInitiator       : HHH000489: No JTA platform available (set 'hibernate.transaction.jta.platform' to enable JTA platform integration)
2026-07-31T21:04:54.936+06:00  INFO 577828 --- [pangochain-backend] [           main] j.LocalContainerEntityManagerFactoryBean : Initialized JPA EntityManagerFactory for persistence unit 'default'
2026-07-31T21:04:55.381+06:00  INFO 577828 --- [pangochain-backend] [           main] o.s.boot.web.servlet.RegistrationBean    : Filter rateLimitFilterRegistration was not registered (disabled)
2026-07-31T21:04:55.428+06:00  INFO 577828 --- [pangochain-backend] [           main] o.s.d.j.r.query.QueryEnhancerFactory     : Hibernate is in classpath; If applicable, HQL parser will be used.
2026-07-31T21:04:56.958+06:00  INFO 577828 --- [pangochain-backend] [           main] c.p.b.blockchain.FabricGatewayService    : FabricGatewayService initialised for chaincode 'legalcc'
2026-07-31T21:04:57.072+06:00  INFO 577828 --- [pangochain-backend] [-event-listener] c.p.b.blockchain.FabricGatewayService    : Chaincode event listener started for 'legalcc'
2026-07-31T21:04:59.357+06:00  WARN 577828 --- [pangochain-backend] [           main] .s.s.UserDetailsServiceAutoConfiguration : 

Using generated security password: 2cf69734-2d1d-4da0-acfe-e4078592d54c

This generated password is for development use only. Your security configuration must be updated before running your application in production.

2026-07-31T21:04:59.716+06:00  INFO 577828 --- [pangochain-backend] [           main] o.s.b.a.e.web.EndpointLinksResolver      : Exposing 3 endpoint(s) beneath base path '/actuator'
2026-07-31T21:05:00.652+06:00  INFO 577828 --- [pangochain-backend] [           main] o.s.b.w.embedded.tomcat.TomcatWebServer  : Tomcat started on port 8080 (http) with context path ''
2026-07-31T21:05:00.654+06:00  INFO 577828 --- [pangochain-backend] [           main] o.s.m.s.b.SimpleBrokerMessageHandler     : Starting...
2026-07-31T21:05:00.654+06:00  INFO 577828 --- [pangochain-backend] [           main] o.s.m.s.b.SimpleBrokerMessageHandler     : BrokerAvailabilityEvent[available=true, SimpleBrokerMessageHandler [org.springframework.messaging.simp.broker.DefaultSubscriptionRegistry@3083f394]]
2026-07-31T21:05:00.654+06:00  INFO 577828 --- [pangochain-backend] [           main] o.s.m.s.b.SimpleBrokerMessageHandler     : Started.
2026-07-31T21:05:00.666+06:00  INFO 577828 --- [pangochain-backend] [           main] c.p.backend.PangochainApplication        : Started PangochainApplication in 9.917 seconds (process running for 10.156)
2026-07-31T21:05:00.772+06:00  INFO 577828 --- [pangochain-backend] [           main] c.pangochain.backend.config.DataSeeder   : Base seed already present — running additive team/chat seed only
2026-07-31T21:05:00.889+06:00 ERROR 577828 --- [pangochain-backend] [MessageBroker-2] c.p.b.blockchain.FabricGatewayService    : Submit transaction 'RevokeAccess' failed: io.grpc.StatusRuntimeException: ABORTED: failed to endorse transaction, see attached details for more info
2026-07-31T21:05:00.890+06:00  INFO 577828 --- [pangochain-backend] [           main] c.pangochain.backend.config.DataSeeder   : ✅ Team/chat seed complete — associates a–d@pangolawfirm.com / Assoc123!
2026-07-31T21:05:00.912+06:00  INFO 577828 --- [pangochain-backend] [nio-8080-exec-1] o.a.c.c.C.[Tomcat].[localhost].[/]       : Initializing Spring DispatcherServlet 'dispatcherServlet'
2026-07-31T21:05:00.912+06:00  INFO 577828 --- [pangochain-backend] [nio-8080-exec-1] o.s.web.servlet.DispatcherServlet        : Initializing Servlet 'dispatcherServlet'
2026-07-31T21:05:00.914+06:00  WARN 577828 --- [pangochain-backend] [MessageBroker-2] c.p.b.access.AnchorReconciliationWorker  : Anchor cd2c2e32-80b0-4d12-a3e8-d8ca4e6d5935 (RevokeAccess) retry 213 failed, next attempt in 60s: Blockchain submit failed: io.grpc.StatusRuntimeException: ABORTED: failed to endorse transaction, see attached details for more info
2026-07-31T21:05:00.915+06:00  INFO 577828 --- [pangochain-backend] [nio-8080-exec-1] o.s.web.servlet.DispatcherServlet        : Completed initialization in 3 ms
2026-07-31T21:05:00.954+06:00  INFO 577828 --- [pangochain-backend] [           main] c.pangochain.backend.config.DataSeeder   : ✅ Feature demo data seeded on Chen v. Meridian (settlement, billing, milestones, deadlines, feedback, admin alerts).
2026-07-31T21:05:01.306+06:00  INFO 577828 --- [pangochain-backend] [nio-8080-exec-2] c.pangochain.backend.ipfs.IpfsService    : Fetched 780 bytes from primary IPFS CID=QmdMbyBpoGFK1mURYDVGnjQ4AkNoJfnaBed6stWNVYy8rq
2026-07-31T21:05:01.399+06:00  INFO 577828 --- [pangochain-backend] [io-8080-exec-12] c.pangochain.backend.ipfs.IpfsService    : Fetched 780 bytes from primary IPFS CID=QmdMbyBpoGFK1mURYDVGnjQ4AkNoJfnaBed6stWNVYy8rq
2026-07-31T21:05:01.401+06:00  INFO 577828 --- [pangochain-backend] [nio-8080-exec-5] c.pangochain.backend.ipfs.IpfsService    : Fetched 780 bytes from primary IPFS CID=QmdMbyBpoGFK1mURYDVGnjQ4AkNoJfnaBed6stWNVYy8rq
2026-07-31T21:05:01.401+06:00  INFO 577828 --- [pangochain-backend] [nio-8080-exec-4] c.pangochain.backend.ipfs.IpfsService    : Fetched 780 bytes from primary IPFS CID=QmdMbyBpoGFK1mURYDVGnjQ4AkNoJfnaBed6stWNVYy8rq
2026-07-31T21:05:01.402+06:00  INFO 577828 --- [pangochain-backend] [io-8080-exec-11] c.pangochain.backend.ipfs.IpfsService    : Fetched 780 bytes from primary IPFS CID=QmdMbyBpoGFK1mURYDVGnjQ4AkNoJfnaBed6stWNVYy8rq
2026-07-31T21:05:01.402+06:00  INFO 577828 --- [pangochain-backend] [nio-8080-exec-9] c.pangochain.backend.ipfs.IpfsService    : Fetched 780 bytes from primary IPFS CID=QmdMbyBpoGFK1mURYDVGnjQ4AkNoJfnaBed6stWNVYy8rq
2026-07-31T21:05:01.404+06:00  INFO 577828 --- [pangochain-backend] [nio-8080-exec-3] c.pangochain.backend.ipfs.IpfsService    : Fetched 780 bytes from primary IPFS CID=QmdMbyBpoGFK1mURYDVGnjQ4AkNoJfnaBed6stWNVYy8rq
2026-07-31T21:05:01.409+06:00  INFO 577828 --- [pangochain-backend] [nio-8080-exec-6] c.pangochain.backend.ipfs.IpfsService    : Fetched 780 bytes from primary IPFS CID=QmdMbyBpoGFK1mURYDVGnjQ4AkNoJfnaBed6stWNVYy8rq
2026-07-31T21:05:01.410+06:00  INFO 577828 --- [pangochain-backend] [nio-8080-exec-7] c.pangochain.backend.ipfs.IpfsService    : Fetched 780 bytes from primary IPFS CID=QmdMbyBpoGFK1mURYDVGnjQ4AkNoJfnaBed6stWNVYy8rq
2026-07-31T21:05:01.421+06:00  INFO 577828 --- [pangochain-backend] [           main] c.pangochain.backend.ipfs.IpfsService    : Uploaded 1213 bytes to primary IPFS CID=QmY3bXzStJkeqhHSUTkCYBdhdaMV7XiE4BrA6dFhrJcD2s
2026-07-31T21:05:01.454+06:00  INFO 577828 --- [pangochain-backend] [           main] c.pangochain.backend.ipfs.IpfsService    : Pinned CID QmY3bXzStJkeqhHSUTkCYBdhdaMV7XiE4BrA6dFhrJcD2s on both IPFS nodes
2026-07-31T21:05:01.494+06:00  INFO 577828 --- [pangochain-backend] [nio-8080-exec-8] c.pangochain.backend.ipfs.IpfsService    : Fetched 780 bytes from primary IPFS CID=QmdMbyBpoGFK1mURYDVGnjQ4AkNoJfnaBed6stWNVYy8rq
2026-07-31T21:05:01.494+06:00  INFO 577828 --- [pangochain-backend] [io-8080-exec-10] c.pangochain.backend.ipfs.IpfsService    : Fetched 780 bytes from primary IPFS CID=QmdMbyBpoGFK1mURYDVGnjQ4AkNoJfnaBed6stWNVYy8rq
2026-07-31T21:05:01.539+06:00  INFO 577828 --- [pangochain-backend] [           main] c.pangochain.backend.ipfs.IpfsService    : Uploaded 876 bytes to primary IPFS CID=QmTu2tCLcvRL7fF4x1RMcs38BBt8XHxLEpDatHaqcEf87i
2026-07-31T21:05:01.562+06:00  INFO 577828 --- [pangochain-backend] [io-8080-exec-14] c.pangochain.backend.ipfs.IpfsService    : Fetched 780 bytes from primary IPFS CID=QmdMbyBpoGFK1mURYDVGnjQ4AkNoJfnaBed6stWNVYy8rq
2026-07-31T21:05:01.563+06:00  INFO 577828 --- [pangochain-backend] [io-8080-exec-13] c.pangochain.backend.ipfs.IpfsService    : Fetched 780 bytes from primary IPFS CID=QmdMbyBpoGFK1mURYDVGnjQ4AkNoJfnaBed6stWNVYy8rq
2026-07-31T21:05:01.563+06:00  INFO 577828 --- [pangochain-backend] [nio-8080-exec-1] c.pangochain.backend.ipfs.IpfsService    : Fetched 780 bytes from primary IPFS CID=QmdMbyBpoGFK1mURYDVGnjQ4AkNoJfnaBed6stWNVYy8rq
2026-07-31T21:05:01.563+06:00  INFO 577828 --- [pangochain-backend] [io-8080-exec-19] c.pangochain.backend.ipfs.IpfsService    : Fetched 780 bytes from primary IPFS CID=QmdMbyBpoGFK1mURYDVGnjQ4AkNoJfnaBed6stWNVYy8rq
2026-07-31T21:05:01.563+06:00  INFO 577828 --- [pangochain-backend] [io-8080-exec-17] c.pangochain.backend.ipfs.IpfsService    : Fetched 780 bytes from primary IPFS CID=QmdMbyBpoGFK1mURYDVGnjQ4AkNoJfnaBed6stWNVYy8rq
2026-07-31T21:05:01.564+06:00  INFO 577828 --- [pangochain-backend] [io-8080-exec-15] c.pangochain.backend.ipfs.IpfsService    : Fetched 780 bytes from primary IPFS CID=QmdMbyBpoGFK1mURYDVGnjQ4AkNoJfnaBed6stWNVYy8rq
2026-07-31T21:05:01.564+06:00  INFO 577828 --- [pangochain-backend] [io-8080-exec-18] c.pangochain.backend.ipfs.IpfsService    : Fetched 780 bytes from primary IPFS CID=QmdMbyBpoGFK1mURYDVGnjQ4AkNoJfnaBed6stWNVYy8rq
2026-07-31T21:05:01.566+06:00  INFO 577828 --- [pangochain-backend] [nio-8080-exec-2] c.pangochain.backend.ipfs.IpfsService    : Fetched 780 bytes from primary IPFS CID=QmdMbyBpoGFK1mURYDVGnjQ4AkNoJfnaBed6stWNVYy8rq
2026-07-31T21:05:01.566+06:00  INFO 577828 --- [pangochain-backend] [io-8080-exec-20] c.pangochain.backend.ipfs.IpfsService    : Fetched 780 bytes from primary IPFS CID=QmdMbyBpoGFK1mURYDVGnjQ4AkNoJfnaBed6stWNVYy8rq
2026-07-31T21:05:01.567+06:00  INFO 577828 --- [pangochain-backend] [io-8080-exec-16] c.pangochain.backend.ipfs.IpfsService    : Fetched 780 bytes from primary IPFS CID=QmdMbyBpoGFK1mURYDVGnjQ4AkNoJfnaBed6stWNVYy8rq
2026-07-31T21:05:01.568+06:00  INFO 577828 --- [pangochain-backend] [           main] c.pangochain.backend.ipfs.IpfsService    : Pinned CID QmTu2tCLcvRL7fF4x1RMcs38BBt8XHxLEpDatHaqcEf87i on both IPFS nodes
2026-07-31T21:05:01.591+06:00  INFO 577828 --- [pangochain-backend] [nio-8080-exec-2] c.pangochain.backend.ipfs.IpfsService    : Fetched 780 bytes from primary IPFS CID=QmdMbyBpoGFK1mURYDVGnjQ4AkNoJfnaBed6stWNVYy8rq
2026-07-31T21:05:01.593+06:00  INFO 577828 --- [pangochain-backend] [nio-8080-exec-4] c.pangochain.backend.ipfs.IpfsService    : Fetched 780 bytes from primary IPFS CID=QmdMbyBpoGFK1mURYDVGnjQ4AkNoJfnaBed6stWNVYy8rq
2026-07-31T21:05:01.594+06:00  INFO 577828 --- [pangochain-backend] [io-8080-exec-11] c.pangochain.backend.ipfs.IpfsService    : Fetched 780 bytes from primary IPFS CID=QmdMbyBpoGFK1mURYDVGnjQ4AkNoJfnaBed6stWNVYy8rq
2026-07-31T21:05:01.594+06:00  INFO 577828 --- [pangochain-backend] [io-8080-exec-18] c.pangochain.backend.ipfs.IpfsService    : Fetched 780 bytes from primary IPFS CID=QmdMbyBpoGFK1mURYDVGnjQ4AkNoJfnaBed6stWNVYy8rq
2026-07-31T21:05:01.595+06:00  INFO 577828 --- [pangochain-backend] [io-8080-exec-12] c.pangochain.backend.ipfs.IpfsService    : Fetched 780 bytes from primary IPFS CID=QmdMbyBpoGFK1mURYDVGnjQ4AkNoJfnaBed6stWNVYy8rq
2026-07-31T21:05:01.598+06:00  INFO 577828 --- [pangochain-backend] [           main] c.pangochain.backend.ipfs.IpfsService    : Uploaded 796 bytes to primary IPFS CID=QmRzAxT6cSejb3XYXkXy99nWj7yvad4UHywqZXy8Rh4Na9
2026-07-31T21:05:01.598+06:00  INFO 577828 --- [pangochain-backend] [nio-8080-exec-9] c.pangochain.backend.ipfs.IpfsService    : Fetched 780 bytes from primary IPFS CID=QmdMbyBpoGFK1mURYDVGnjQ4AkNoJfnaBed6stWNVYy8rq
2026-07-31T21:05:01.599+06:00  INFO 577828 --- [pangochain-backend] [io-8080-exec-16] c.pangochain.backend.ipfs.IpfsService    : Fetched 780 bytes from primary IPFS CID=QmdMbyBpoGFK1mURYDVGnjQ4AkNoJfnaBed6stWNVYy8rq
2026-07-31T21:05:01.600+06:00  INFO 577828 --- [pangochain-backend] [io-8080-exec-20] c.pangochain.backend.ipfs.IpfsService    : Fetched 780 bytes from primary IPFS CID=QmdMbyBpoGFK1mURYDVGnjQ4AkNoJfnaBed6stWNVYy8rq
2026-07-31T21:05:01.602+06:00  INFO 577828 --- [pangochain-backend] [nio-8080-exec-5] c.pangochain.backend.ipfs.IpfsService    : Fetched 780 bytes from primary IPFS CID=QmdMbyBpoGFK1mURYDVGnjQ4AkNoJfnaBed6stWNVYy8rq
2026-07-31T21:05:01.621+06:00  INFO 577828 --- [pangochain-backend] [nio-8080-exec-3] c.pangochain.backend.ipfs.IpfsService    : Fetched 780 bytes from primary IPFS CID=QmdMbyBpoGFK1mURYDVGnjQ4AkNoJfnaBed6stWNVYy8rq
2026-07-31T21:05:01.626+06:00  INFO 577828 --- [pangochain-backend] [           main] c.pangochain.backend.ipfs.IpfsService    : Pinned CID QmRzAxT6cSejb3XYXkXy99nWj7yvad4UHywqZXy8Rh4Na9 on both IPFS nodes
2026-07-31T21:05:01.628+06:00  INFO 577828 --- [pangochain-backend] [io-8080-exec-15] c.pangochain.backend.ipfs.IpfsService    : Fetched 780 bytes from primary IPFS CID=QmdMbyBpoGFK1mURYDVGnjQ4AkNoJfnaBed6stWNVYy8rq
2026-07-31T21:05:01.632+06:00  INFO 577828 --- [pangochain-backend] [io-8080-exec-18] c.pangochain.backend.ipfs.IpfsService    : Fetched 780 bytes from primary IPFS CID=QmdMbyBpoGFK1mURYDVGnjQ4AkNoJfnaBed6stWNVYy8rq
2026-07-31T21:05:01.632+06:00  INFO 577828 --- [pangochain-backend] [io-8080-exec-14] c.pangochain.backend.ipfs.IpfsService    : Fetched 780 bytes from primary IPFS CID=QmdMbyBpoGFK1mURYDVGnjQ4AkNoJfnaBed6stWNVYy8rq
2026-07-31T21:05:01.633+06:00  INFO 577828 --- [pangochain-backend] [io-8080-exec-19] c.pangochain.backend.ipfs.IpfsService    : Fetched 780 bytes from primary IPFS CID=QmdMbyBpoGFK1mURYDVGnjQ4AkNoJfnaBed6stWNVYy8rq
2026-07-31T21:05:01.633+06:00  INFO 577828 --- [pangochain-backend] [nio-8080-exec-5] c.pangochain.backend.ipfs.IpfsService    : Fetched 780 bytes from primary IPFS CID=QmdMbyBpoGFK1mURYDVGnjQ4AkNoJfnaBed6stWNVYy8rq
2026-07-31T21:05:01.634+06:00  INFO 577828 --- [pangochain-backend] [io-8080-exec-13] c.pangochain.backend.ipfs.IpfsService    : Fetched 780 bytes from primary IPFS CID=QmdMbyBpoGFK1mURYDVGnjQ4AkNoJfnaBed6stWNVYy8rq
2026-07-31T21:05:01.636+06:00  INFO 577828 --- [pangochain-backend] [nio-8080-exec-1] c.pangochain.backend.ipfs.IpfsService    : Fetched 780 bytes from primary IPFS CID=QmdMbyBpoGFK1mURYDVGnjQ4AkNoJfnaBed6stWNVYy8rq
2026-07-31T21:05:01.641+06:00  INFO 577828 --- [pangochain-backend] [io-8080-exec-17] c.pangochain.backend.ipfs.IpfsService    : Fetched 780 bytes from primary IPFS CID=QmdMbyBpoGFK1mURYDVGnjQ4AkNoJfnaBed6stWNVYy8rq
2026-07-31T21:05:01.641+06:00  INFO 577828 --- [pangochain-backend] [io-8080-exec-20] c.pangochain.backend.ipfs.IpfsService    : Fetched 780 bytes from primary IPFS CID=QmdMbyBpoGFK1mURYDVGnjQ4AkNoJfnaBed6stWNVYy8rq
2026-07-31T21:05:01.653+06:00  INFO 577828 --- [pangochain-backend] [nio-8080-exec-3] c.pangochain.backend.ipfs.IpfsService    : Fetched 780 bytes from primary IPFS CID=QmdMbyBpoGFK1mURYDVGnjQ4AkNoJfnaBed6stWNVYy8rq
2026-07-31T21:05:01.654+06:00  INFO 577828 --- [pangochain-backend] [io-8080-exec-18] c.pangochain.backend.ipfs.IpfsService    : Fetched 780 bytes from primary IPFS CID=QmdMbyBpoGFK1mURYDVGnjQ4AkNoJfnaBed6stWNVYy8rq
2026-07-31T21:05:01.654+06:00  INFO 577828 --- [pangochain-backend] [nio-8080-exec-5] c.pangochain.backend.ipfs.IpfsService    : Fetched 780 bytes from primary IPFS CID=QmdMbyBpoGFK1mURYDVGnjQ4AkNoJfnaBed6stWNVYy8rq
2026-07-31T21:05:01.658+06:00  INFO 577828 --- [pangochain-backend] [io-8080-exec-10] c.pangochain.backend.ipfs.IpfsService    : Fetched 780 bytes from primary IPFS CID=QmdMbyBpoGFK1mURYDVGnjQ4AkNoJfnaBed6stWNVYy8rq
2026-07-31T21:05:01.660+06:00  INFO 577828 --- [pangochain-backend] [nio-8080-exec-7] c.pangochain.backend.ipfs.IpfsService    : Fetched 780 bytes from primary IPFS CID=QmdMbyBpoGFK1mURYDVGnjQ4AkNoJfnaBed6stWNVYy8rq
2026-07-31T21:05:01.660+06:00  INFO 577828 --- [pangochain-backend] [io-8080-exec-15] c.pangochain.backend.ipfs.IpfsService    : Fetched 780 bytes from primary IPFS CID=QmdMbyBpoGFK1mURYDVGnjQ4AkNoJfnaBed6stWNVYy8rq
2026-07-31T21:05:01.664+06:00  INFO 577828 --- [pangochain-backend] [           main] c.pangochain.backend.ipfs.IpfsService    : Uploaded 704 bytes to primary IPFS CID=QmbfCUV5oeJfFtRXuQZPco3PZbyMUYSE6MCy9cjbD7dq8v
2026-07-31T21:05:01.667+06:00  INFO 577828 --- [pangochain-backend] [nio-8080-exec-2] c.pangochain.backend.ipfs.IpfsService    : Fetched 780 bytes from primary IPFS CID=QmdMbyBpoGFK1mURYDVGnjQ4AkNoJfnaBed6stWNVYy8rq
2026-07-31T21:05:01.669+06:00  INFO 577828 --- [pangochain-backend] [nio-8080-exec-6] c.pangochain.backend.ipfs.IpfsService    : Fetched 780 bytes from primary IPFS CID=QmdMbyBpoGFK1mURYDVGnjQ4AkNoJfnaBed6stWNVYy8rq
2026-07-31T21:05:01.670+06:00  INFO 577828 --- [pangochain-backend] [nio-8080-exec-4] c.pangochain.backend.ipfs.IpfsService    : Fetched 780 bytes from primary IPFS CID=QmdMbyBpoGFK1mURYDVGnjQ4AkNoJfnaBed6stWNVYy8rq
2026-07-31T21:05:01.675+06:00  INFO 577828 --- [pangochain-backend] [nio-8080-exec-8] c.pangochain.backend.ipfs.IpfsService    : Fetched 780 bytes from primary IPFS CID=QmdMbyBpoGFK1mURYDVGnjQ4AkNoJfnaBed6stWNVYy8rq
2026-07-31T21:05:01.684+06:00  INFO 577828 --- [pangochain-backend] [io-8080-exec-16] c.pangochain.backend.ipfs.IpfsService    : Fetched 780 bytes from primary IPFS CID=QmdMbyBpoGFK1mURYDVGnjQ4AkNoJfnaBed6stWNVYy8rq
2026-07-31T21:05:01.685+06:00  INFO 577828 --- [pangochain-backend] [io-8080-exec-11] c.pangochain.backend.ipfs.IpfsService    : Fetched 780 bytes from primary IPFS CID=QmdMbyBpoGFK1mURYDVGnjQ4AkNoJfnaBed6stWNVYy8rq
2026-07-31T21:05:01.686+06:00  INFO 577828 --- [pangochain-backend] [nio-8080-exec-9] c.pangochain.backend.ipfs.IpfsService    : Fetched 780 bytes from primary IPFS CID=QmdMbyBpoGFK1mURYDVGnjQ4AkNoJfnaBed6stWNVYy8rq
2026-07-31T21:05:01.687+06:00  INFO 577828 --- [pangochain-backend] [io-8080-exec-14] c.pangochain.backend.ipfs.IpfsService    : Fetched 780 bytes from primary IPFS CID=QmdMbyBpoGFK1mURYDVGnjQ4AkNoJfnaBed6stWNVYy8rq
2026-07-31T21:05:01.687+06:00  INFO 577828 --- [pangochain-backend] [           main] c.pangochain.backend.ipfs.IpfsService    : Pinned CID QmbfCUV5oeJfFtRXuQZPco3PZbyMUYSE6MCy9cjbD7dq8v on both IPFS nodes
2026-07-31T21:05:01.693+06:00  INFO 577828 --- [pangochain-backend] [nio-8080-exec-1] c.pangochain.backend.ipfs.IpfsService    : Fetched 780 bytes from primary IPFS CID=QmdMbyBpoGFK1mURYDVGnjQ4AkNoJfnaBed6stWNVYy8rq
2026-07-31T21:05:01.693+06:00  INFO 577828 --- [pangochain-backend] [nio-8080-exec-6] c.pangochain.backend.ipfs.IpfsService    : Fetched 780 bytes from primary IPFS CID=QmdMbyBpoGFK1mURYDVGnjQ4AkNoJfnaBed6stWNVYy8rq
2026-07-31T21:05:01.693+06:00  INFO 577828 --- [pangochain-backend] [io-8080-exec-12] c.pangochain.backend.ipfs.IpfsService    : Fetched 780 bytes from primary IPFS CID=QmdMbyBpoGFK1mURYDVGnjQ4AkNoJfnaBed6stWNVYy8rq
2026-07-31T21:05:01.697+06:00  INFO 577828 --- [pangochain-backend] [io-8080-exec-13] c.pangochain.backend.ipfs.IpfsService    : Fetched 780 bytes from primary IPFS CID=QmdMbyBpoGFK1mURYDVGnjQ4AkNoJfnaBed6stWNVYy8rq
2026-07-31T21:05:01.704+06:00  INFO 577828 --- [pangochain-backend] [io-8080-exec-19] c.pangochain.backend.ipfs.IpfsService    : Fetched 780 bytes from primary IPFS CID=QmdMbyBpoGFK1mURYDVGnjQ4AkNoJfnaBed6stWNVYy8rq
2026-07-31T21:05:01.704+06:00  INFO 577828 --- [pangochain-backend] [io-8080-exec-17] c.pangochain.backend.ipfs.IpfsService    : Fetched 780 bytes from primary IPFS CID=QmdMbyBpoGFK1mURYDVGnjQ4AkNoJfnaBed6stWNVYy8rq
2026-07-31T21:05:01.704+06:00  INFO 577828 --- [pangochain-backend] [io-8080-exec-20] c.pangochain.backend.ipfs.IpfsService    : Fetched 780 bytes from primary IPFS CID=QmdMbyBpoGFK1mURYDVGnjQ4AkNoJfnaBed6stWNVYy8rq
2026-07-31T21:05:01.710+06:00  INFO 577828 --- [pangochain-backend] [nio-8080-exec-3] c.pangochain.backend.ipfs.IpfsService    : Fetched 780 bytes from primary IPFS CID=QmdMbyBpoGFK1mURYDVGnjQ4AkNoJfnaBed6stWNVYy8rq
2026-07-31T21:05:01.725+06:00  INFO 577828 --- [pangochain-backend] [           main] c.pangochain.backend.ipfs.IpfsService    : Uploaded 1042 bytes to primary IPFS CID=Qmc87Mc1Xk4VhxBu1RZT6YC3kGWtMHZfp8aL2ar51YP4bp
2026-07-31T21:05:01.727+06:00  INFO 577828 --- [pangochain-backend] [nio-8080-exec-7] c.pangochain.backend.ipfs.IpfsService    : Fetched 780 bytes from primary IPFS CID=QmdMbyBpoGFK1mURYDVGnjQ4AkNoJfnaBed6stWNVYy8rq
2026-07-31T21:05:01.730+06:00  INFO 577828 --- [pangochain-backend] [nio-8080-exec-5] c.pangochain.backend.ipfs.IpfsService    : Fetched 780 bytes from primary IPFS CID=QmdMbyBpoGFK1mURYDVGnjQ4AkNoJfnaBed6stWNVYy8rq
2026-07-31T21:05:01.731+06:00  INFO 577828 --- [pangochain-backend] [io-8080-exec-10] c.pangochain.backend.ipfs.IpfsService    : Fetched 780 bytes from primary IPFS CID=QmdMbyBpoGFK1mURYDVGnjQ4AkNoJfnaBed6stWNVYy8rq
2026-07-31T21:05:01.732+06:00  INFO 577828 --- [pangochain-backend] [io-8080-exec-18] c.pangochain.backend.ipfs.IpfsService    : Fetched 780 bytes from primary IPFS CID=QmdMbyBpoGFK1mURYDVGnjQ4AkNoJfnaBed6stWNVYy8rq
2026-07-31T21:05:01.734+06:00  INFO 577828 --- [pangochain-backend] [nio-8080-exec-2] c.pangochain.backend.ipfs.IpfsService    : Fetched 780 bytes from primary IPFS CID=QmdMbyBpoGFK1mURYDVGnjQ4AkNoJfnaBed6stWNVYy8rq
2026-07-31T21:05:01.740+06:00  INFO 577828 --- [pangochain-backend] [nio-8080-exec-8] c.pangochain.backend.ipfs.IpfsService    : Fetched 780 bytes from primary IPFS CID=QmdMbyBpoGFK1mURYDVGnjQ4AkNoJfnaBed6stWNVYy8rq
2026-07-31T21:05:01.739+06:00  INFO 577828 --- [pangochain-backend] [io-8080-exec-15] c.pangochain.backend.ipfs.IpfsService    : Fetched 780 bytes from primary IPFS CID=QmdMbyBpoGFK1mURYDVGnjQ4AkNoJfnaBed6stWNVYy8rq
2026-07-31T21:05:01.751+06:00  INFO 577828 --- [pangochain-backend] [nio-8080-exec-3] c.pangochain.backend.ipfs.IpfsService    : Fetched 780 bytes from primary IPFS CID=QmdMbyBpoGFK1mURYDVGnjQ4AkNoJfnaBed6stWNVYy8rq
2026-07-31T21:05:01.753+06:00  INFO 577828 --- [pangochain-backend] [nio-8080-exec-4] c.pangochain.backend.ipfs.IpfsService    : Fetched 780 bytes from primary IPFS CID=QmdMbyBpoGFK1mURYDVGnjQ4AkNoJfnaBed6stWNVYy8rq
2026-07-31T21:05:01.761+06:00  INFO 577828 --- [pangochain-backend] [io-8080-exec-16] c.pangochain.backend.ipfs.IpfsService    : Fetched 780 bytes from primary IPFS CID=QmdMbyBpoGFK1mURYDVGnjQ4AkNoJfnaBed6stWNVYy8rq
2026-07-31T21:05:01.762+06:00  INFO 577828 --- [pangochain-backend] [io-8080-exec-20] c.pangochain.backend.ipfs.IpfsService    : Fetched 780 bytes from primary IPFS CID=QmdMbyBpoGFK1mURYDVGnjQ4AkNoJfnaBed6stWNVYy8rq
2026-07-31T21:05:01.762+06:00  INFO 577828 --- [pangochain-backend] [io-8080-exec-14] c.pangochain.backend.ipfs.IpfsService    : Fetched 780 bytes from primary IPFS CID=QmdMbyBpoGFK1mURYDVGnjQ4AkNoJfnaBed6stWNVYy8rq
2026-07-31T21:05:01.762+06:00  INFO 577828 --- [pangochain-backend] [           main] c.pangochain.backend.ipfs.IpfsService    : Pinned CID Qmc87Mc1Xk4VhxBu1RZT6YC3kGWtMHZfp8aL2ar51YP4bp on both IPFS nodes
2026-07-31T21:05:01.767+06:00  INFO 577828 --- [pangochain-backend] [io-8080-exec-11] c.pangochain.backend.ipfs.IpfsService    : Fetched 780 bytes from primary IPFS CID=QmdMbyBpoGFK1mURYDVGnjQ4AkNoJfnaBed6stWNVYy8rq
2026-07-31T21:05:01.821+06:00  INFO 577828 --- [pangochain-backend] [nio-8080-exec-2] c.pangochain.backend.ipfs.IpfsService    : Fetched 780 bytes from primary IPFS CID=QmdMbyBpoGFK1mURYDVGnjQ4AkNoJfnaBed6stWNVYy8rq
2026-07-31T21:05:01.828+06:00  INFO 577828 --- [pangochain-backend] [nio-8080-exec-9] c.pangochain.backend.ipfs.IpfsService    : Fetched 780 bytes from primary IPFS CID=QmdMbyBpoGFK1mURYDVGnjQ4AkNoJfnaBed6stWNVYy8rq
2026-07-31T21:05:01.873+06:00  INFO 577828 --- [pangochain-backend] [io-8080-exec-19] c.pangochain.backend.ipfs.IpfsService    : Fetched 780 bytes from primary IPFS CID=QmdMbyBpoGFK1mURYDVGnjQ4AkNoJfnaBed6stWNVYy8rq
2026-07-31T21:05:01.882+06:00  INFO 577828 --- [pangochain-backend] [io-8080-exec-17] c.pangochain.backend.ipfs.IpfsService    : Fetched 780 bytes from primary IPFS CID=QmdMbyBpoGFK1mURYDVGnjQ4AkNoJfnaBed6stWNVYy8rq
2026-07-31T21:05:01.882+06:00  INFO 577828 --- [pangochain-backend] [io-8080-exec-13] c.pangochain.backend.ipfs.IpfsService    : Fetched 780 bytes from primary IPFS CID=QmdMbyBpoGFK1mURYDVGnjQ4AkNoJfnaBed6stWNVYy8rq
2026-07-31T21:05:01.884+06:00  INFO 577828 --- [pangochain-backend] [nio-8080-exec-1] c.pangochain.backend.ipfs.IpfsService    : Fetched 780 bytes from primary IPFS CID=QmdMbyBpoGFK1mURYDVGnjQ4AkNoJfnaBed6stWNVYy8rq
2026-07-31T21:05:01.889+06:00  INFO 577828 --- [pangochain-backend] [io-8080-exec-11] c.pangochain.backend.ipfs.IpfsService    : Fetched 780 bytes from primary IPFS CID=QmdMbyBpoGFK1mURYDVGnjQ4AkNoJfnaBed6stWNVYy8rq
2026-07-31T21:05:01.892+06:00  INFO 577828 --- [pangochain-backend] [io-8080-exec-12] c.pangochain.backend.ipfs.IpfsService    : Fetched 780 bytes from primary IPFS CID=QmdMbyBpoGFK1mURYDVGnjQ4AkNoJfnaBed6stWNVYy8rq
2026-07-31T21:05:01.896+06:00  INFO 577828 --- [pangochain-backend] [nio-8080-exec-5] c.pangochain.backend.ipfs.IpfsService    : Fetched 780 bytes from primary IPFS CID=QmdMbyBpoGFK1mURYDVGnjQ4AkNoJfnaBed6stWNVYy8rq
2026-07-31T21:05:01.901+06:00  INFO 577828 --- [pangochain-backend] [io-8080-exec-18] c.pangochain.backend.ipfs.IpfsService    : Fetched 780 bytes from primary IPFS CID=QmdMbyBpoGFK1mURYDVGnjQ4AkNoJfnaBed6stWNVYy8rq
2026-07-31T21:05:01.905+06:00  INFO 577828 --- [pangochain-backend] [           main] c.pangochain.backend.ipfs.IpfsService    : Uploaded 503 bytes to primary IPFS CID=QmP8Ty2phimpbQqXbQ3amhKFVFRtsJJqDDBUnj2pns9koN
2026-07-31T21:05:01.907+06:00  INFO 577828 --- [pangochain-backend] [io-8080-exec-10] c.pangochain.backend.ipfs.IpfsService    : Fetched 780 bytes from primary IPFS CID=QmdMbyBpoGFK1mURYDVGnjQ4AkNoJfnaBed6stWNVYy8rq
2026-07-31T21:05:01.908+06:00  INFO 577828 --- [pangochain-backend] [io-8080-exec-19] c.pangochain.backend.ipfs.IpfsService    : Fetched 780 bytes from primary IPFS CID=QmdMbyBpoGFK1mURYDVGnjQ4AkNoJfnaBed6stWNVYy8rq
2026-07-31T21:05:01.910+06:00  INFO 577828 --- [pangochain-backend] [nio-8080-exec-7] c.pangochain.backend.ipfs.IpfsService    : Fetched 780 bytes from primary IPFS CID=QmdMbyBpoGFK1mURYDVGnjQ4AkNoJfnaBed6stWNVYy8rq
2026-07-31T21:05:01.910+06:00  INFO 577828 --- [pangochain-backend] [nio-8080-exec-6] c.pangochain.backend.ipfs.IpfsService    : Fetched 780 bytes from primary IPFS CID=QmdMbyBpoGFK1mURYDVGnjQ4AkNoJfnaBed6stWNVYy8rq
2026-07-31T21:05:01.921+06:00  INFO 577828 --- [pangochain-backend] [nio-8080-exec-8] c.pangochain.backend.ipfs.IpfsService    : Fetched 780 bytes from primary IPFS CID=QmdMbyBpoGFK1mURYDVGnjQ4AkNoJfnaBed6stWNVYy8rq
2026-07-31T21:05:01.922+06:00  INFO 577828 --- [pangochain-backend] [io-8080-exec-13] c.pangochain.backend.ipfs.IpfsService    : Fetched 780 bytes from primary IPFS CID=QmdMbyBpoGFK1mURYDVGnjQ4AkNoJfnaBed6stWNVYy8rq
2026-07-31T21:05:01.922+06:00  INFO 577828 --- [pangochain-backend] [io-8080-exec-15] c.pangochain.backend.ipfs.IpfsService    : Fetched 780 bytes from primary IPFS CID=QmdMbyBpoGFK1mURYDVGnjQ4AkNoJfnaBed6stWNVYy8rq
2026-07-31T21:05:01.923+06:00  INFO 577828 --- [pangochain-backend] [nio-8080-exec-5] c.pangochain.backend.ipfs.IpfsService    : Fetched 780 bytes from primary IPFS CID=QmdMbyBpoGFK1mURYDVGnjQ4AkNoJfnaBed6stWNVYy8rq
2026-07-31T21:05:01.924+06:00  INFO 577828 --- [pangochain-backend] [io-8080-exec-11] c.pangochain.backend.ipfs.IpfsService    : Fetched 780 bytes from primary IPFS CID=QmdMbyBpoGFK1mURYDVGnjQ4AkNoJfnaBed6stWNVYy8rq
2026-07-31T21:05:01.931+06:00  INFO 577828 --- [pangochain-backend] [io-8080-exec-19] c.pangochain.backend.ipfs.IpfsService    : Fetched 780 bytes from primary IPFS CID=QmdMbyBpoGFK1mURYDVGnjQ4AkNoJfnaBed6stWNVYy8rq
2026-07-31T21:05:01.931+06:00  INFO 577828 --- [pangochain-backend] [nio-8080-exec-3] c.pangochain.backend.ipfs.IpfsService    : Fetched 780 bytes from primary IPFS CID=QmdMbyBpoGFK1mURYDVGnjQ4AkNoJfnaBed6stWNVYy8rq
2026-07-31T21:05:01.932+06:00  INFO 577828 --- [pangochain-backend] [           main] c.pangochain.backend.ipfs.IpfsService    : Pinned CID QmP8Ty2phimpbQqXbQ3amhKFVFRtsJJqDDBUnj2pns9koN on both IPFS nodes
2026-07-31T21:05:01.932+06:00  INFO 577828 --- [pangochain-backend] [nio-8080-exec-4] c.pangochain.backend.ipfs.IpfsService    : Fetched 780 bytes from primary IPFS CID=QmdMbyBpoGFK1mURYDVGnjQ4AkNoJfnaBed6stWNVYy8rq
2026-07-31T21:05:01.935+06:00  INFO 577828 --- [pangochain-backend] [nio-8080-exec-7] c.pangochain.backend.ipfs.IpfsService    : Fetched 780 bytes from primary IPFS CID=QmdMbyBpoGFK1mURYDVGnjQ4AkNoJfnaBed6stWNVYy8rq
2026-07-31T21:05:01.935+06:00  INFO 577828 --- [pangochain-backend] [io-8080-exec-16] c.pangochain.backend.ipfs.IpfsService    : Fetched 780 bytes from primary IPFS CID=QmdMbyBpoGFK1mURYDVGnjQ4AkNoJfnaBed6stWNVYy8rq
2026-07-31T21:05:01.945+06:00  INFO 577828 --- [pangochain-backend] [nio-8080-exec-2] c.pangochain.backend.ipfs.IpfsService    : Fetched 780 bytes from primary IPFS CID=QmdMbyBpoGFK1mURYDVGnjQ4AkNoJfnaBed6stWNVYy8rq
2026-07-31T21:05:01.946+06:00  INFO 577828 --- [pangochain-backend] [io-8080-exec-14] c.pangochain.backend.ipfs.IpfsService    : Fetched 780 bytes from primary IPFS CID=QmdMbyBpoGFK1mURYDVGnjQ4AkNoJfnaBed6stWNVYy8rq
2026-07-31T21:05:01.946+06:00  INFO 577828 --- [pangochain-backend] [io-8080-exec-15] c.pangochain.backend.ipfs.IpfsService    : Fetched 780 bytes from primary IPFS CID=QmdMbyBpoGFK1mURYDVGnjQ4AkNoJfnaBed6stWNVYy8rq
2026-07-31T21:05:01.948+06:00  INFO 577828 --- [pangochain-backend] [nio-8080-exec-9] c.pangochain.backend.ipfs.IpfsService    : Fetched 780 bytes from primary IPFS CID=QmdMbyBpoGFK1mURYDVGnjQ4AkNoJfnaBed6stWNVYy8rq
2026-07-31T21:05:01.948+06:00  INFO 577828 --- [pangochain-backend] [nio-8080-exec-1] c.pangochain.backend.ipfs.IpfsService    : Fetched 780 bytes from primary IPFS CID=QmdMbyBpoGFK1mURYDVGnjQ4AkNoJfnaBed6stWNVYy8rq
2026-07-31T21:05:01.950+06:00  INFO 577828 --- [pangochain-backend] [nio-8080-exec-5] c.pangochain.backend.ipfs.IpfsService    : Fetched 780 bytes from primary IPFS CID=QmdMbyBpoGFK1mURYDVGnjQ4AkNoJfnaBed6stWNVYy8rq
2026-07-31T21:05:01.948+06:00  INFO 577828 --- [pangochain-backend] [nio-8080-exec-4] c.pangochain.backend.ipfs.IpfsService    : Fetched 780 bytes from primary IPFS CID=QmdMbyBpoGFK1mURYDVGnjQ4AkNoJfnaBed6stWNVYy8rq
2026-07-31T21:05:01.953+06:00  INFO 577828 --- [pangochain-backend] [io-8080-exec-17] c.pangochain.backend.ipfs.IpfsService    : Fetched 780 bytes from primary IPFS CID=QmdMbyBpoGFK1mURYDVGnjQ4AkNoJfnaBed6stWNVYy8rq
2026-07-31T21:05:01.959+06:00  INFO 577828 --- [pangochain-backend] [nio-8080-exec-3] c.pangochain.backend.ipfs.IpfsService    : Fetched 780 bytes from primary IPFS CID=QmdMbyBpoGFK1mURYDVGnjQ4AkNoJfnaBed6stWNVYy8rq
2026-07-31T21:05:01.962+06:00  INFO 577828 --- [pangochain-backend] [io-8080-exec-12] c.pangochain.backend.ipfs.IpfsService    : Fetched 780 bytes from primary IPFS CID=QmdMbyBpoGFK1mURYDVGnjQ4AkNoJfnaBed6stWNVYy8rq
2026-07-31T21:05:01.966+06:00  INFO 577828 --- [pangochain-backend] [           main] c.pangochain.backend.ipfs.IpfsService    : Uploaded 859 bytes to primary IPFS CID=QmU8KuZbM6upDbNV2XxxgPzKoy7u5U34SsYxWMD1K8E6bH
2026-07-31T21:05:01.966+06:00  INFO 577828 --- [pangochain-backend] [nio-8080-exec-2] c.pangochain.backend.ipfs.IpfsService    : Fetched 780 bytes from primary IPFS CID=QmdMbyBpoGFK1mURYDVGnjQ4AkNoJfnaBed6stWNVYy8rq
2026-07-31T21:05:01.966+06:00  INFO 577828 --- [pangochain-backend] [nio-8080-exec-8] c.pangochain.backend.ipfs.IpfsService    : Fetched 780 bytes from primary IPFS CID=QmdMbyBpoGFK1mURYDVGnjQ4AkNoJfnaBed6stWNVYy8rq
2026-07-31T21:05:01.968+06:00  INFO 577828 --- [pangochain-backend] [nio-8080-exec-6] c.pangochain.backend.ipfs.IpfsService    : Fetched 780 bytes from primary IPFS CID=QmdMbyBpoGFK1mURYDVGnjQ4AkNoJfnaBed6stWNVYy8rq
2026-07-31T21:05:01.968+06:00  INFO 577828 --- [pangochain-backend] [io-8080-exec-10] c.pangochain.backend.ipfs.IpfsService    : Fetched 780 bytes from primary IPFS CID=QmdMbyBpoGFK1mURYDVGnjQ4AkNoJfnaBed6stWNVYy8rq
2026-07-31T21:05:01.969+06:00  INFO 577828 --- [pangochain-backend] [io-8080-exec-18] c.pangochain.backend.ipfs.IpfsService    : Fetched 780 bytes from primary IPFS CID=QmdMbyBpoGFK1mURYDVGnjQ4AkNoJfnaBed6stWNVYy8rq
2026-07-31T21:05:01.975+06:00  INFO 577828 --- [pangochain-backend] [io-8080-exec-11] c.pangochain.backend.ipfs.IpfsService    : Fetched 780 bytes from primary IPFS CID=QmdMbyBpoGFK1mURYDVGnjQ4AkNoJfnaBed6stWNVYy8rq
2026-07-31T21:05:01.976+06:00  INFO 577828 --- [pangochain-backend] [io-8080-exec-13] c.pangochain.backend.ipfs.IpfsService    : Fetched 780 bytes from primary IPFS CID=QmdMbyBpoGFK1mURYDVGnjQ4AkNoJfnaBed6stWNVYy8rq
2026-07-31T21:05:01.979+06:00  INFO 577828 --- [pangochain-backend] [io-8080-exec-19] c.pangochain.backend.ipfs.IpfsService    : Fetched 780 bytes from primary IPFS CID=QmdMbyBpoGFK1mURYDVGnjQ4AkNoJfnaBed6stWNVYy8rq
2026-07-31T21:05:01.982+06:00  INFO 577828 --- [pangochain-backend] [nio-8080-exec-3] c.pangochain.backend.ipfs.IpfsService    : Fetched 780 bytes from primary IPFS CID=QmdMbyBpoGFK1mURYDVGnjQ4AkNoJfnaBed6stWNVYy8rq
2026-07-31T21:05:01.985+06:00  INFO 577828 --- [pangochain-backend] [io-8080-exec-14] c.pangochain.backend.ipfs.IpfsService    : Fetched 780 bytes from primary IPFS CID=QmdMbyBpoGFK1mURYDVGnjQ4AkNoJfnaBed6stWNVYy8rq
2026-07-31T21:05:01.985+06:00  INFO 577828 --- [pangochain-backend] [io-8080-exec-15] c.pangochain.backend.ipfs.IpfsService    : Fetched 780 bytes from primary IPFS CID=QmdMbyBpoGFK1mURYDVGnjQ4AkNoJfnaBed6stWNVYy8rq
2026-07-31T21:05:01.986+06:00  INFO 577828 --- [pangochain-backend] [nio-8080-exec-7] c.pangochain.backend.ipfs.IpfsService    : Fetched 780 bytes from primary IPFS CID=QmdMbyBpoGFK1mURYDVGnjQ4AkNoJfnaBed6stWNVYy8rq
2026-07-31T21:05:01.989+06:00  INFO 577828 --- [pangochain-backend] [io-8080-exec-20] c.pangochain.backend.ipfs.IpfsService    : Fetched 780 bytes from primary IPFS CID=QmdMbyBpoGFK1mURYDVGnjQ4AkNoJfnaBed6stWNVYy8rq
2026-07-31T21:05:01.990+06:00  INFO 577828 --- [pangochain-backend] [nio-8080-exec-2] c.pangochain.backend.ipfs.IpfsService    : Fetched 780 bytes from primary IPFS CID=QmdMbyBpoGFK1mURYDVGnjQ4AkNoJfnaBed6stWNVYy8rq
2026-07-31T21:05:01.990+06:00  INFO 577828 --- [pangochain-backend] [io-8080-exec-16] c.pangochain.backend.ipfs.IpfsService    : Fetched 780 bytes from primary IPFS CID=QmdMbyBpoGFK1mURYDVGnjQ4AkNoJfnaBed6stWNVYy8rq
2026-07-31T21:05:01.993+06:00  INFO 577828 --- [pangochain-backend] [           main] c.pangochain.backend.ipfs.IpfsService    : Pinned CID QmU8KuZbM6upDbNV2XxxgPzKoy7u5U34SsYxWMD1K8E6bH on both IPFS nodes
2026-07-31T21:05:01.993+06:00  INFO 577828 --- [pangochain-backend] [nio-8080-exec-1] c.pangochain.backend.ipfs.IpfsService    : Fetched 780 bytes from primary IPFS CID=QmdMbyBpoGFK1mURYDVGnjQ4AkNoJfnaBed6stWNVYy8rq
2026-07-31T21:05:02.002+06:00  INFO 577828 --- [pangochain-backend] [nio-8080-exec-9] c.pangochain.backend.ipfs.IpfsService    : Fetched 780 bytes from primary IPFS CID=QmdMbyBpoGFK1mURYDVGnjQ4AkNoJfnaBed6stWNVYy8rq
2026-07-31T21:05:02.005+06:00  INFO 577828 --- [pangochain-backend] [nio-8080-exec-5] c.pangochain.backend.ipfs.IpfsService    : Fetched 780 bytes from primary IPFS CID=QmdMbyBpoGFK1mURYDVGnjQ4AkNoJfnaBed6stWNVYy8rq
2026-07-31T21:05:02.008+06:00  INFO 577828 --- [pangochain-backend] [io-8080-exec-17] c.pangochain.backend.ipfs.IpfsService    : Fetched 780 bytes from primary IPFS CID=QmdMbyBpoGFK1mURYDVGnjQ4AkNoJfnaBed6stWNVYy8rq
2026-07-31T21:05:02.009+06:00  INFO 577828 --- [pangochain-backend] [io-8080-exec-12] c.pangochain.backend.ipfs.IpfsService    : Fetched 780 bytes from primary IPFS CID=QmdMbyBpoGFK1mURYDVGnjQ4AkNoJfnaBed6stWNVYy8rq
2026-07-31T21:05:02.009+06:00  INFO 577828 --- [pangochain-backend] [nio-8080-exec-4] c.pangochain.backend.ipfs.IpfsService    : Fetched 780 bytes from primary IPFS CID=QmdMbyBpoGFK1mURYDVGnjQ4AkNoJfnaBed6stWNVYy8rq
2026-07-31T21:05:02.014+06:00  INFO 577828 --- [pangochain-backend] [nio-8080-exec-6] c.pangochain.backend.ipfs.IpfsService    : Fetched 780 bytes from primary IPFS CID=QmdMbyBpoGFK1mURYDVGnjQ4AkNoJfnaBed6stWNVYy8rq
2026-07-31T21:05:02.014+06:00  INFO 577828 --- [pangochain-backend] [nio-8080-exec-8] c.pangochain.backend.ipfs.IpfsService    : Fetched 780 bytes from primary IPFS CID=QmdMbyBpoGFK1mURYDVGnjQ4AkNoJfnaBed6stWNVYy8rq
2026-07-31T21:05:02.015+06:00  INFO 577828 --- [pangochain-backend] [io-8080-exec-10] c.pangochain.backend.ipfs.IpfsService    : Fetched 780 bytes from primary IPFS CID=QmdMbyBpoGFK1mURYDVGnjQ4AkNoJfnaBed6stWNVYy8rq
2026-07-31T21:05:02.015+06:00  INFO 577828 --- [pangochain-backend] [io-8080-exec-13] c.pangochain.backend.ipfs.IpfsService    : Fetched 780 bytes from primary IPFS CID=QmdMbyBpoGFK1mURYDVGnjQ4AkNoJfnaBed6stWNVYy8rq
2026-07-31T21:05:02.015+06:00  INFO 577828 --- [pangochain-backend] [io-8080-exec-18] c.pangochain.backend.ipfs.IpfsService    : Fetched 780 bytes from primary IPFS CID=QmdMbyBpoGFK1mURYDVGnjQ4AkNoJfnaBed6stWNVYy8rq
2026-07-31T21:05:02.018+06:00  INFO 577828 --- [pangochain-backend] [nio-8080-exec-9] c.pangochain.backend.ipfs.IpfsService    : Fetched 780 bytes from primary IPFS CID=QmdMbyBpoGFK1mURYDVGnjQ4AkNoJfnaBed6stWNVYy8rq
2026-07-31T21:05:02.025+06:00  INFO 577828 --- [pangochain-backend] [nio-8080-exec-5] c.pangochain.backend.ipfs.IpfsService    : Fetched 780 bytes from primary IPFS CID=QmdMbyBpoGFK1mURYDVGnjQ4AkNoJfnaBed6stWNVYy8rq
2026-07-31T21:05:02.026+06:00  INFO 577828 --- [pangochain-backend] [           main] c.pangochain.backend.ipfs.IpfsService    : Uploaded 2194 bytes to primary IPFS CID=QmZcCXKwSEcW7jeqkM4S9Z8zVnHn4mYj61C21CE1FVHokg
2026-07-31T21:05:02.030+06:00  INFO 577828 --- [pangochain-backend] [io-8080-exec-11] c.pangochain.backend.ipfs.IpfsService    : Fetched 780 bytes from primary IPFS CID=QmdMbyBpoGFK1mURYDVGnjQ4AkNoJfnaBed6stWNVYy8rq
2026-07-31T21:05:02.030+06:00  INFO 577828 --- [pangochain-backend] [nio-8080-exec-3] c.pangochain.backend.ipfs.IpfsService    : Fetched 780 bytes from primary IPFS CID=QmdMbyBpoGFK1mURYDVGnjQ4AkNoJfnaBed6stWNVYy8rq
2026-07-31T21:05:02.030+06:00  INFO 577828 --- [pangochain-backend] [io-8080-exec-19] c.pangochain.backend.ipfs.IpfsService    : Fetched 780 bytes from primary IPFS CID=QmdMbyBpoGFK1mURYDVGnjQ4AkNoJfnaBed6stWNVYy8rq
2026-07-31T21:05:02.033+06:00  INFO 577828 --- [pangochain-backend] [io-8080-exec-12] c.pangochain.backend.ipfs.IpfsService    : Fetched 780 bytes from primary IPFS CID=QmdMbyBpoGFK1mURYDVGnjQ4AkNoJfnaBed6stWNVYy8rq
2026-07-31T21:05:02.036+06:00  INFO 577828 --- [pangochain-backend] [nio-8080-exec-4] c.pangochain.backend.ipfs.IpfsService    : Fetched 780 bytes from primary IPFS CID=QmdMbyBpoGFK1mURYDVGnjQ4AkNoJfnaBed6stWNVYy8rq
2026-07-31T21:05:02.036+06:00  INFO 577828 --- [pangochain-backend] [io-8080-exec-14] c.pangochain.backend.ipfs.IpfsService    : Fetched 780 bytes from primary IPFS CID=QmdMbyBpoGFK1mURYDVGnjQ4AkNoJfnaBed6stWNVYy8rq
2026-07-31T21:05:02.036+06:00  INFO 577828 --- [pangochain-backend] [io-8080-exec-15] c.pangochain.backend.ipfs.IpfsService    : Fetched 780 bytes from primary IPFS CID=QmdMbyBpoGFK1mURYDVGnjQ4AkNoJfnaBed6stWNVYy8rq
2026-07-31T21:05:02.037+06:00  INFO 577828 --- [pangochain-backend] [io-8080-exec-17] c.pangochain.backend.ipfs.IpfsService    : Fetched 780 bytes from primary IPFS CID=QmdMbyBpoGFK1mURYDVGnjQ4AkNoJfnaBed6stWNVYy8rq
2026-07-31T21:05:02.043+06:00  INFO 577828 --- [pangochain-backend] [nio-8080-exec-7] c.pangochain.backend.ipfs.IpfsService    : Fetched 780 bytes from primary IPFS CID=QmdMbyBpoGFK1mURYDVGnjQ4AkNoJfnaBed6stWNVYy8rq
2026-07-31T21:05:02.043+06:00  INFO 577828 --- [pangochain-backend] [io-8080-exec-20] c.pangochain.backend.ipfs.IpfsService    : Fetched 780 bytes from primary IPFS CID=QmdMbyBpoGFK1mURYDVGnjQ4AkNoJfnaBed6stWNVYy8rq
2026-07-31T21:05:02.050+06:00  INFO 577828 --- [pangochain-backend] [io-8080-exec-16] c.pangochain.backend.ipfs.IpfsService    : Fetched 780 bytes from primary IPFS CID=QmdMbyBpoGFK1mURYDVGnjQ4AkNoJfnaBed6stWNVYy8rq
2026-07-31T21:05:02.051+06:00  INFO 577828 --- [pangochain-backend] [nio-8080-exec-1] c.pangochain.backend.ipfs.IpfsService    : Fetched 780 bytes from primary IPFS CID=QmdMbyBpoGFK1mURYDVGnjQ4AkNoJfnaBed6stWNVYy8rq
2026-07-31T21:05:02.051+06:00  INFO 577828 --- [pangochain-backend] [io-8080-exec-13] c.pangochain.backend.ipfs.IpfsService    : Fetched 780 bytes from primary IPFS CID=QmdMbyBpoGFK1mURYDVGnjQ4AkNoJfnaBed6stWNVYy8rq
2026-07-31T21:05:02.052+06:00  INFO 577828 --- [pangochain-backend] [nio-8080-exec-2] c.pangochain.backend.ipfs.IpfsService    : Fetched 780 bytes from primary IPFS CID=QmdMbyBpoGFK1mURYDVGnjQ4AkNoJfnaBed6stWNVYy8rq
2026-07-31T21:05:02.053+06:00  INFO 577828 --- [pangochain-backend] [           main] c.pangochain.backend.ipfs.IpfsService    : Pinned CID QmZcCXKwSEcW7jeqkM4S9Z8zVnHn4mYj61C21CE1FVHokg on both IPFS nodes
2026-07-31T21:05:02.054+06:00  INFO 577828 --- [pangochain-backend] [io-8080-exec-18] c.pangochain.backend.ipfs.IpfsService    : Fetched 780 bytes from primary IPFS CID=QmdMbyBpoGFK1mURYDVGnjQ4AkNoJfnaBed6stWNVYy8rq
2026-07-31T21:05:02.056+06:00  INFO 577828 --- [pangochain-backend] [io-8080-exec-10] c.pangochain.backend.ipfs.IpfsService    : Fetched 780 bytes from primary IPFS CID=QmdMbyBpoGFK1mURYDVGnjQ4AkNoJfnaBed6stWNVYy8rq
2026-07-31T21:05:02.058+06:00  INFO 577828 --- [pangochain-backend] [nio-8080-exec-8] c.pangochain.backend.ipfs.IpfsService    : Fetched 780 bytes from primary IPFS CID=QmdMbyBpoGFK1mURYDVGnjQ4AkNoJfnaBed6stWNVYy8rq
2026-07-31T21:05:02.061+06:00  INFO 577828 --- [pangochain-backend] [nio-8080-exec-9] c.pangochain.backend.ipfs.IpfsService    : Fetched 780 bytes from primary IPFS CID=QmdMbyBpoGFK1mURYDVGnjQ4AkNoJfnaBed6stWNVYy8rq
2026-07-31T21:05:02.063+06:00  INFO 577828 --- [pangochain-backend] [nio-8080-exec-6] c.pangochain.backend.ipfs.IpfsService    : Fetched 780 bytes from primary IPFS CID=QmdMbyBpoGFK1mURYDVGnjQ4AkNoJfnaBed6stWNVYy8rq
2026-07-31T21:05:02.061+06:00  INFO 577828 --- [pangochain-backend] [nio-8080-exec-5] c.pangochain.backend.ipfs.IpfsService    : Fetched 780 bytes from primary IPFS CID=QmdMbyBpoGFK1mURYDVGnjQ4AkNoJfnaBed6stWNVYy8rq
2026-07-31T21:05:02.076+06:00  INFO 577828 --- [pangochain-backend] [io-8080-exec-11] c.pangochain.backend.ipfs.IpfsService    : Fetched 780 bytes from primary IPFS CID=QmdMbyBpoGFK1mURYDVGnjQ4AkNoJfnaBed6stWNVYy8rq
2026-07-31T21:05:02.077+06:00  INFO 577828 --- [pangochain-backend] [io-8080-exec-12] c.pangochain.backend.ipfs.IpfsService    : Fetched 780 bytes from primary IPFS CID=QmdMbyBpoGFK1mURYDVGnjQ4AkNoJfnaBed6stWNVYy8rq
2026-07-31T21:05:02.078+06:00  INFO 577828 --- [pangochain-backend] [nio-8080-exec-3] c.pangochain.backend.ipfs.IpfsService    : Fetched 780 bytes from primary IPFS CID=QmdMbyBpoGFK1mURYDVGnjQ4AkNoJfnaBed6stWNVYy8rq
2026-07-31T21:05:02.079+06:00  INFO 577828 --- [pangochain-backend] [io-8080-exec-14] c.pangochain.backend.ipfs.IpfsService    : Fetched 780 bytes from primary IPFS CID=QmdMbyBpoGFK1mURYDVGnjQ4AkNoJfnaBed6stWNVYy8rq
2026-07-31T21:05:02.088+06:00  INFO 577828 --- [pangochain-backend] [io-8080-exec-19] c.pangochain.backend.ipfs.IpfsService    : Fetched 780 bytes from primary IPFS CID=QmdMbyBpoGFK1mURYDVGnjQ4AkNoJfnaBed6stWNVYy8rq
2026-07-31T21:05:02.098+06:00  INFO 577828 --- [pangochain-backend] [nio-8080-exec-4] c.pangochain.backend.ipfs.IpfsService    : Fetched 780 bytes from primary IPFS CID=QmdMbyBpoGFK1mURYDVGnjQ4AkNoJfnaBed6stWNVYy8rq
2026-07-31T21:05:02.116+06:00  INFO 577828 --- [pangochain-backend] [io-8080-exec-17] c.pangochain.backend.ipfs.IpfsService    : Fetched 780 bytes from primary IPFS CID=QmdMbyBpoGFK1mURYDVGnjQ4AkNoJfnaBed6stWNVYy8rq
2026-07-31T21:05:02.136+06:00  INFO 577828 --- [pangochain-backend] [           main] c.pangochain.backend.ipfs.IpfsService    : Uploaded 2537 bytes to primary IPFS CID=QmUBS1zPSwsWmRk3pLmBeNN7qP66ASFDndNigY7X4CF8mh
2026-07-31T21:05:02.183+06:00  INFO 577828 --- [pangochain-backend] [nio-8080-exec-5] c.pangochain.backend.ipfs.IpfsService    : Fetched 780 bytes from primary IPFS CID=QmdMbyBpoGFK1mURYDVGnjQ4AkNoJfnaBed6stWNVYy8rq
2026-07-31T21:05:02.195+06:00  INFO 577828 --- [pangochain-backend] [io-8080-exec-16] c.pangochain.backend.ipfs.IpfsService    : Fetched 780 bytes from primary IPFS CID=QmdMbyBpoGFK1mURYDVGnjQ4AkNoJfnaBed6stWNVYy8rq
2026-07-31T21:05:02.199+06:00  INFO 577828 --- [pangochain-backend] [io-8080-exec-11] c.pangochain.backend.ipfs.IpfsService    : Fetched 780 bytes from primary IPFS CID=QmdMbyBpoGFK1mURYDVGnjQ4AkNoJfnaBed6stWNVYy8rq
2026-07-31T21:05:02.199+06:00  INFO 577828 --- [pangochain-backend] [nio-8080-exec-1] c.pangochain.backend.ipfs.IpfsService    : Fetched 780 bytes from primary IPFS CID=QmdMbyBpoGFK1mURYDVGnjQ4AkNoJfnaBed6stWNVYy8rq
2026-07-31T21:05:02.201+06:00  INFO 577828 --- [pangochain-backend] [io-8080-exec-15] c.pangochain.backend.ipfs.IpfsService    : Fetched 780 bytes from primary IPFS CID=QmdMbyBpoGFK1mURYDVGnjQ4AkNoJfnaBed6stWNVYy8rq
2026-07-31T21:05:02.204+06:00  INFO 577828 --- [pangochain-backend] [io-8080-exec-20] c.pangochain.backend.ipfs.IpfsService    : Fetched 780 bytes from primary IPFS CID=QmdMbyBpoGFK1mURYDVGnjQ4AkNoJfnaBed6stWNVYy8rq
2026-07-31T21:05:02.206+06:00  INFO 577828 --- [pangochain-backend] [nio-8080-exec-6] c.pangochain.backend.ipfs.IpfsService    : Fetched 780 bytes from primary IPFS CID=QmdMbyBpoGFK1mURYDVGnjQ4AkNoJfnaBed6stWNVYy8rq
2026-07-31T21:05:02.206+06:00  INFO 577828 --- [pangochain-backend] [io-8080-exec-13] c.pangochain.backend.ipfs.IpfsService    : Fetched 780 bytes from primary IPFS CID=QmdMbyBpoGFK1mURYDVGnjQ4AkNoJfnaBed6stWNVYy8rq
2026-07-31T21:05:02.206+06:00  INFO 577828 --- [pangochain-backend] [nio-8080-exec-4] c.pangochain.backend.ipfs.IpfsService    : Fetched 780 bytes from primary IPFS CID=QmdMbyBpoGFK1mURYDVGnjQ4AkNoJfnaBed6stWNVYy8rq
2026-07-31T21:05:02.207+06:00  INFO 577828 --- [pangochain-backend] [nio-8080-exec-7] c.pangochain.backend.ipfs.IpfsService    : Fetched 780 bytes from primary IPFS CID=QmdMbyBpoGFK1mURYDVGnjQ4AkNoJfnaBed6stWNVYy8rq
2026-07-31T21:05:02.217+06:00  INFO 577828 --- [pangochain-backend] [nio-8080-exec-2] c.pangochain.backend.ipfs.IpfsService    : Fetched 780 bytes from primary IPFS CID=QmdMbyBpoGFK1mURYDVGnjQ4AkNoJfnaBed6stWNVYy8rq
2026-07-31T21:05:02.220+06:00  INFO 577828 --- [pangochain-backend] [io-8080-exec-10] c.pangochain.backend.ipfs.IpfsService    : Fetched 780 bytes from primary IPFS CID=QmdMbyBpoGFK1mURYDVGnjQ4AkNoJfnaBed6stWNVYy8rq
2026-07-31T21:05:02.220+06:00  INFO 577828 --- [pangochain-backend] [nio-8080-exec-1] c.pangochain.backend.ipfs.IpfsService    : Fetched 780 bytes from primary IPFS CID=QmdMbyBpoGFK1mURYDVGnjQ4AkNoJfnaBed6stWNVYy8rq
2026-07-31T21:05:02.221+06:00  INFO 577828 --- [pangochain-backend] [           main] c.pangochain.backend.ipfs.IpfsService    : Pinned CID QmUBS1zPSwsWmRk3pLmBeNN7qP66ASFDndNigY7X4CF8mh on both IPFS nodes
2026-07-31T21:05:02.221+06:00  INFO 577828 --- [pangochain-backend] [io-8080-exec-18] c.pangochain.backend.ipfs.IpfsService    : Fetched 780 bytes from primary IPFS CID=QmdMbyBpoGFK1mURYDVGnjQ4AkNoJfnaBed6stWNVYy8rq
2026-07-31T21:05:02.221+06:00  INFO 577828 --- [pangochain-backend] [io-8080-exec-14] c.pangochain.backend.ipfs.IpfsService    : Fetched 780 bytes from primary IPFS CID=QmdMbyBpoGFK1mURYDVGnjQ4AkNoJfnaBed6stWNVYy8rq
2026-07-31T21:05:02.222+06:00  INFO 577828 --- [pangochain-backend] [io-8080-exec-19] c.pangochain.backend.ipfs.IpfsService    : Fetched 780 bytes from primary IPFS CID=QmdMbyBpoGFK1mURYDVGnjQ4AkNoJfnaBed6stWNVYy8rq
2026-07-31T21:05:02.223+06:00  INFO 577828 --- [pangochain-backend] [nio-8080-exec-8] c.pangochain.backend.ipfs.IpfsService    : Fetched 780 bytes from primary IPFS CID=QmdMbyBpoGFK1mURYDVGnjQ4AkNoJfnaBed6stWNVYy8rq
2026-07-31T21:05:02.223+06:00  INFO 577828 --- [pangochain-backend] [io-8080-exec-20] c.pangochain.backend.ipfs.IpfsService    : Fetched 780 bytes from primary IPFS CID=QmdMbyBpoGFK1mURYDVGnjQ4AkNoJfnaBed6stWNVYy8rq
2026-07-31T21:05:02.231+06:00  INFO 577828 --- [pangochain-backend] [nio-8080-exec-3] c.pangochain.backend.ipfs.IpfsService    : Fetched 780 bytes from primary IPFS CID=QmdMbyBpoGFK1mURYDVGnjQ4AkNoJfnaBed6stWNVYy8rq
2026-07-31T21:05:02.231+06:00  INFO 577828 --- [pangochain-backend] [io-8080-exec-13] c.pangochain.backend.ipfs.IpfsService    : Fetched 780 bytes from primary IPFS CID=QmdMbyBpoGFK1mURYDVGnjQ4AkNoJfnaBed6stWNVYy8rq
2026-07-31T21:05:02.233+06:00  INFO 577828 --- [pangochain-backend] [io-8080-exec-12] c.pangochain.backend.ipfs.IpfsService    : Fetched 780 bytes from primary IPFS CID=QmdMbyBpoGFK1mURYDVGnjQ4AkNoJfnaBed6stWNVYy8rq
2026-07-31T21:05:02.240+06:00  INFO 577828 --- [pangochain-backend] [nio-8080-exec-8] c.pangochain.backend.ipfs.IpfsService    : Fetched 780 bytes from primary IPFS CID=QmdMbyBpoGFK1mURYDVGnjQ4AkNoJfnaBed6stWNVYy8rq
2026-07-31T21:05:02.240+06:00  INFO 577828 --- [pangochain-backend] [io-8080-exec-17] c.pangochain.backend.ipfs.IpfsService    : Fetched 780 bytes from primary IPFS CID=QmdMbyBpoGFK1mURYDVGnjQ4AkNoJfnaBed6stWNVYy8rq
2026-07-31T21:05:02.241+06:00  INFO 577828 --- [pangochain-backend] [nio-8080-exec-6] c.pangochain.backend.ipfs.IpfsService    : Fetched 780 bytes from primary IPFS CID=QmdMbyBpoGFK1mURYDVGnjQ4AkNoJfnaBed6stWNVYy8rq
2026-07-31T21:05:02.241+06:00  INFO 577828 --- [pangochain-backend] [nio-8080-exec-5] c.pangochain.backend.ipfs.IpfsService    : Fetched 780 bytes from primary IPFS CID=QmdMbyBpoGFK1mURYDVGnjQ4AkNoJfnaBed6stWNVYy8rq
2026-07-31T21:05:02.241+06:00  INFO 577828 --- [pangochain-backend] [io-8080-exec-15] c.pangochain.backend.ipfs.IpfsService    : Fetched 780 bytes from primary IPFS CID=QmdMbyBpoGFK1mURYDVGnjQ4AkNoJfnaBed6stWNVYy8rq
2026-07-31T21:05:02.242+06:00  INFO 577828 --- [pangochain-backend] [io-8080-exec-16] c.pangochain.backend.ipfs.IpfsService    : Fetched 780 bytes from primary IPFS CID=QmdMbyBpoGFK1mURYDVGnjQ4AkNoJfnaBed6stWNVYy8rq
2026-07-31T21:05:02.249+06:00  INFO 577828 --- [pangochain-backend] [nio-8080-exec-4] c.pangochain.backend.ipfs.IpfsService    : Fetched 780 bytes from primary IPFS CID=QmdMbyBpoGFK1mURYDVGnjQ4AkNoJfnaBed6stWNVYy8rq
2026-07-31T21:05:02.250+06:00  INFO 577828 --- [pangochain-backend] [           main] c.pangochain.backend.ipfs.IpfsService    : Uploaded 2187 bytes to primary IPFS CID=QmXusy6EXBbMchKyoy7UAXN66XVcnczqRQQ153xsLNACHS
2026-07-31T21:05:02.252+06:00  INFO 577828 --- [pangochain-backend] [nio-8080-exec-2] c.pangochain.backend.ipfs.IpfsService    : Fetched 780 bytes from primary IPFS CID=QmdMbyBpoGFK1mURYDVGnjQ4AkNoJfnaBed6stWNVYy8rq
2026-07-31T21:05:02.259+06:00  INFO 577828 --- [pangochain-backend] [io-8080-exec-14] c.pangochain.backend.ipfs.IpfsService    : Fetched 780 bytes from primary IPFS CID=QmdMbyBpoGFK1mURYDVGnjQ4AkNoJfnaBed6stWNVYy8rq
2026-07-31T21:05:02.261+06:00  INFO 577828 --- [pangochain-backend] [io-8080-exec-18] c.pangochain.backend.ipfs.IpfsService    : Fetched 780 bytes from primary IPFS CID=QmdMbyBpoGFK1mURYDVGnjQ4AkNoJfnaBed6stWNVYy8rq
2026-07-31T21:05:02.262+06:00  INFO 577828 --- [pangochain-backend] [nio-8080-exec-7] c.pangochain.backend.ipfs.IpfsService    : Fetched 780 bytes from primary IPFS CID=QmdMbyBpoGFK1mURYDVGnjQ4AkNoJfnaBed6stWNVYy8rq
2026-07-31T21:05:02.262+06:00  INFO 577828 --- [pangochain-backend] [io-8080-exec-19] c.pangochain.backend.ipfs.IpfsService    : Fetched 780 bytes from primary IPFS CID=QmdMbyBpoGFK1mURYDVGnjQ4AkNoJfnaBed6stWNVYy8rq
2026-07-31T21:05:02.261+06:00  INFO 577828 --- [pangochain-backend] [nio-8080-exec-1] c.pangochain.backend.ipfs.IpfsService    : Fetched 780 bytes from primary IPFS CID=QmdMbyBpoGFK1mURYDVGnjQ4AkNoJfnaBed6stWNVYy8rq
2026-07-31T21:05:02.265+06:00  INFO 577828 --- [pangochain-backend] [io-8080-exec-10] c.pangochain.backend.ipfs.IpfsService    : Fetched 780 bytes from primary IPFS CID=QmdMbyBpoGFK1mURYDVGnjQ4AkNoJfnaBed6stWNVYy8rq
2026-07-31T21:05:02.265+06:00  INFO 577828 --- [pangochain-backend] [nio-8080-exec-9] c.pangochain.backend.ipfs.IpfsService    : Fetched 780 bytes from primary IPFS CID=QmdMbyBpoGFK1mURYDVGnjQ4AkNoJfnaBed6stWNVYy8rq
2026-07-31T21:05:02.270+06:00  INFO 577828 --- [pangochain-backend] [io-8080-exec-11] c.pangochain.backend.ipfs.IpfsService    : Fetched 780 bytes from primary IPFS CID=QmdMbyBpoGFK1mURYDVGnjQ4AkNoJfnaBed6stWNVYy8rq
2026-07-31T21:05:02.270+06:00  INFO 577828 --- [pangochain-backend] [nio-8080-exec-2] c.pangochain.backend.ipfs.IpfsService    : Fetched 780 bytes from primary IPFS CID=QmdMbyBpoGFK1mURYDVGnjQ4AkNoJfnaBed6stWNVYy8rq
2026-07-31T21:05:02.270+06:00  INFO 577828 --- [pangochain-backend] [nio-8080-exec-6] c.pangochain.backend.ipfs.IpfsService    : Fetched 780 bytes from primary IPFS CID=QmdMbyBpoGFK1mURYDVGnjQ4AkNoJfnaBed6stWNVYy8rq
2026-07-31T21:05:02.275+06:00  INFO 577828 --- [pangochain-backend] [io-8080-exec-12] c.pangochain.backend.ipfs.IpfsService    : Fetched 780 bytes from primary IPFS CID=QmdMbyBpoGFK1mURYDVGnjQ4AkNoJfnaBed6stWNVYy8rq
2026-07-31T21:05:02.276+06:00  INFO 577828 --- [pangochain-backend] [io-8080-exec-13] c.pangochain.backend.ipfs.IpfsService    : Fetched 780 bytes from primary IPFS CID=QmdMbyBpoGFK1mURYDVGnjQ4AkNoJfnaBed6stWNVYy8rq
2026-07-31T21:05:02.276+06:00  INFO 577828 --- [pangochain-backend] [io-8080-exec-19] c.pangochain.backend.ipfs.IpfsService    : Fetched 780 bytes from primary IPFS CID=QmdMbyBpoGFK1mURYDVGnjQ4AkNoJfnaBed6stWNVYy8rq
2026-07-31T21:05:02.276+06:00  INFO 577828 --- [pangochain-backend] [io-8080-exec-20] c.pangochain.backend.ipfs.IpfsService    : Fetched 780 bytes from primary IPFS CID=QmdMbyBpoGFK1mURYDVGnjQ4AkNoJfnaBed6stWNVYy8rq
2026-07-31T21:05:02.285+06:00  INFO 577828 --- [pangochain-backend] [nio-8080-exec-3] c.pangochain.backend.ipfs.IpfsService    : Fetched 780 bytes from primary IPFS CID=QmdMbyBpoGFK1mURYDVGnjQ4AkNoJfnaBed6stWNVYy8rq
2026-07-31T21:05:02.286+06:00  INFO 577828 --- [pangochain-backend] [           main] c.pangochain.backend.ipfs.IpfsService    : Pinned CID QmXusy6EXBbMchKyoy7UAXN66XVcnczqRQQ153xsLNACHS on both IPFS nodes
2026-07-31T21:05:02.290+06:00  INFO 577828 --- [pangochain-backend] [nio-8080-exec-8] c.pangochain.backend.ipfs.IpfsService    : Fetched 780 bytes from primary IPFS CID=QmdMbyBpoGFK1mURYDVGnjQ4AkNoJfnaBed6stWNVYy8rq
2026-07-31T21:05:02.292+06:00  INFO 577828 --- [pangochain-backend] [io-8080-exec-17] c.pangochain.backend.ipfs.IpfsService    : Fetched 780 bytes from primary IPFS CID=QmdMbyBpoGFK1mURYDVGnjQ4AkNoJfnaBed6stWNVYy8rq
2026-07-31T21:05:02.296+06:00  INFO 577828 --- [pangochain-backend] [io-8080-exec-15] c.pangochain.backend.ipfs.IpfsService    : Fetched 780 bytes from primary IPFS CID=QmdMbyBpoGFK1mURYDVGnjQ4AkNoJfnaBed6stWNVYy8rq
2026-07-31T21:05:02.296+06:00  INFO 577828 --- [pangochain-backend] [nio-8080-exec-5] c.pangochain.backend.ipfs.IpfsService    : Fetched 780 bytes from primary IPFS CID=QmdMbyBpoGFK1mURYDVGnjQ4AkNoJfnaBed6stWNVYy8rq
2026-07-31T21:05:02.297+06:00  INFO 577828 --- [pangochain-backend] [io-8080-exec-16] c.pangochain.backend.ipfs.IpfsService    : Fetched 780 bytes from primary IPFS CID=QmdMbyBpoGFK1mURYDVGnjQ4AkNoJfnaBed6stWNVYy8rq
2026-07-31T21:05:02.297+06:00  INFO 577828 --- [pangochain-backend] [io-8080-exec-12] c.pangochain.backend.ipfs.IpfsService    : Fetched 780 bytes from primary IPFS CID=QmdMbyBpoGFK1mURYDVGnjQ4AkNoJfnaBed6stWNVYy8rq
2026-07-31T21:05:02.298+06:00  INFO 577828 --- [pangochain-backend] [io-8080-exec-13] c.pangochain.backend.ipfs.IpfsService    : Fetched 780 bytes from primary IPFS CID=QmdMbyBpoGFK1mURYDVGnjQ4AkNoJfnaBed6stWNVYy8rq
2026-07-31T21:05:02.299+06:00  INFO 577828 --- [pangochain-backend] [nio-8080-exec-4] c.pangochain.backend.ipfs.IpfsService    : Fetched 780 bytes from primary IPFS CID=QmdMbyBpoGFK1mURYDVGnjQ4AkNoJfnaBed6stWNVYy8rq
2026-07-31T21:05:02.301+06:00  INFO 577828 --- [pangochain-backend] [nio-8080-exec-3] c.pangochain.backend.ipfs.IpfsService    : Fetched 780 bytes from primary IPFS CID=QmdMbyBpoGFK1mURYDVGnjQ4AkNoJfnaBed6stWNVYy8rq
2026-07-31T21:05:02.304+06:00  INFO 577828 --- [pangochain-backend] [nio-8080-exec-8] c.pangochain.backend.ipfs.IpfsService    : Fetched 780 bytes from primary IPFS CID=QmdMbyBpoGFK1mURYDVGnjQ4AkNoJfnaBed6stWNVYy8rq
2026-07-31T21:05:02.305+06:00  INFO 577828 --- [pangochain-backend] [io-8080-exec-14] c.pangochain.backend.ipfs.IpfsService    : Fetched 780 bytes from primary IPFS CID=QmdMbyBpoGFK1mURYDVGnjQ4AkNoJfnaBed6stWNVYy8rq
2026-07-31T21:05:02.308+06:00  INFO 577828 --- [pangochain-backend] [io-8080-exec-19] c.pangochain.backend.ipfs.IpfsService    : Fetched 780 bytes from primary IPFS CID=QmdMbyBpoGFK1mURYDVGnjQ4AkNoJfnaBed6stWNVYy8rq
2026-07-31T21:05:02.317+06:00  INFO 577828 --- [pangochain-backend] [nio-8080-exec-6] c.pangochain.backend.ipfs.IpfsService    : Fetched 780 bytes from primary IPFS CID=QmdMbyBpoGFK1mURYDVGnjQ4AkNoJfnaBed6stWNVYy8rq
2026-07-31T21:05:02.317+06:00  INFO 577828 --- [pangochain-backend] [nio-8080-exec-2] c.pangochain.backend.ipfs.IpfsService    : Fetched 780 bytes from primary IPFS CID=QmdMbyBpoGFK1mURYDVGnjQ4AkNoJfnaBed6stWNVYy8rq
2026-07-31T21:05:02.317+06:00  INFO 577828 --- [pangochain-backend] [nio-8080-exec-7] c.pangochain.backend.ipfs.IpfsService    : Fetched 780 bytes from primary IPFS CID=QmdMbyBpoGFK1mURYDVGnjQ4AkNoJfnaBed6stWNVYy8rq
2026-07-31T21:05:02.317+06:00  INFO 577828 --- [pangochain-backend] [           main] c.pangochain.backend.ipfs.IpfsService    : Uploaded 1527 bytes to primary IPFS CID=QmYk4FCoY8DaAcZH9hGqocqYhG4UTGrcvK72n8NFWznXvC
2026-07-31T21:05:02.318+06:00  INFO 577828 --- [pangochain-backend] [nio-8080-exec-9] c.pangochain.backend.ipfs.IpfsService    : Fetched 780 bytes from primary IPFS CID=QmdMbyBpoGFK1mURYDVGnjQ4AkNoJfnaBed6stWNVYy8rq
2026-07-31T21:05:02.319+06:00  INFO 577828 --- [pangochain-backend] [io-8080-exec-18] c.pangochain.backend.ipfs.IpfsService    : Fetched 780 bytes from primary IPFS CID=QmdMbyBpoGFK1mURYDVGnjQ4AkNoJfnaBed6stWNVYy8rq
2026-07-31T21:05:02.330+06:00  INFO 577828 --- [pangochain-backend] [io-8080-exec-14] c.pangochain.backend.ipfs.IpfsService    : Fetched 780 bytes from primary IPFS CID=QmdMbyBpoGFK1mURYDVGnjQ4AkNoJfnaBed6stWNVYy8rq
2026-07-31T21:05:02.330+06:00  INFO 577828 --- [pangochain-backend] [io-8080-exec-11] c.pangochain.backend.ipfs.IpfsService    : Fetched 780 bytes from primary IPFS CID=QmdMbyBpoGFK1mURYDVGnjQ4AkNoJfnaBed6stWNVYy8rq
2026-07-31T21:05:02.332+06:00  INFO 577828 --- [pangochain-backend] [io-8080-exec-15] c.pangochain.backend.ipfs.IpfsService    : Fetched 780 bytes from primary IPFS CID=QmdMbyBpoGFK1mURYDVGnjQ4AkNoJfnaBed6stWNVYy8rq
2026-07-31T21:05:02.335+06:00  INFO 577828 --- [pangochain-backend] [nio-8080-exec-5] c.pangochain.backend.ipfs.IpfsService    : Fetched 780 bytes from primary IPFS CID=QmdMbyBpoGFK1mURYDVGnjQ4AkNoJfnaBed6stWNVYy8rq
2026-07-31T21:05:02.336+06:00  INFO 577828 --- [pangochain-backend] [io-8080-exec-12] c.pangochain.backend.ipfs.IpfsService    : Fetched 780 bytes from primary IPFS CID=QmdMbyBpoGFK1mURYDVGnjQ4AkNoJfnaBed6stWNVYy8rq
2026-07-31T21:05:02.337+06:00  INFO 577828 --- [pangochain-backend] [nio-8080-exec-1] c.pangochain.backend.ipfs.IpfsService    : Fetched 780 bytes from primary IPFS CID=QmdMbyBpoGFK1mURYDVGnjQ4AkNoJfnaBed6stWNVYy8rq
2026-07-31T21:05:02.340+06:00  INFO 577828 --- [pangochain-backend] [io-8080-exec-10] c.pangochain.backend.ipfs.IpfsService    : Fetched 780 bytes from primary IPFS CID=QmdMbyBpoGFK1mURYDVGnjQ4AkNoJfnaBed6stWNVYy8rq
2026-07-31T21:05:02.341+06:00  INFO 577828 --- [pangochain-backend] [io-8080-exec-20] c.pangochain.backend.ipfs.IpfsService    : Fetched 780 bytes from primary IPFS CID=QmdMbyBpoGFK1mURYDVGnjQ4AkNoJfnaBed6stWNVYy8rq
2026-07-31T21:05:02.344+06:00  INFO 577828 --- [pangochain-backend] [io-8080-exec-13] c.pangochain.backend.ipfs.IpfsService    : Fetched 780 bytes from primary IPFS CID=QmdMbyBpoGFK1mURYDVGnjQ4AkNoJfnaBed6stWNVYy8rq
2026-07-31T21:05:02.344+06:00  INFO 577828 --- [pangochain-backend] [           main] c.pangochain.backend.ipfs.IpfsService    : Pinned CID QmYk4FCoY8DaAcZH9hGqocqYhG4UTGrcvK72n8NFWznXvC on both IPFS nodes
2026-07-31T21:05:02.348+06:00  INFO 577828 --- [pangochain-backend] [nio-8080-exec-8] c.pangochain.backend.ipfs.IpfsService    : Fetched 780 bytes from primary IPFS CID=QmdMbyBpoGFK1mURYDVGnjQ4AkNoJfnaBed6stWNVYy8rq
2026-07-31T21:05:02.348+06:00  INFO 577828 --- [pangochain-backend] [io-8080-exec-16] c.pangochain.backend.ipfs.IpfsService    : Fetched 780 bytes from primary IPFS CID=QmdMbyBpoGFK1mURYDVGnjQ4AkNoJfnaBed6stWNVYy8rq
2026-07-31T21:05:02.350+06:00  INFO 577828 --- [pangochain-backend] [io-8080-exec-19] c.pangochain.backend.ipfs.IpfsService    : Fetched 780 bytes from primary IPFS CID=QmdMbyBpoGFK1mURYDVGnjQ4AkNoJfnaBed6stWNVYy8rq
2026-07-31T21:05:02.352+06:00  INFO 577828 --- [pangochain-backend] [nio-8080-exec-3] c.pangochain.backend.ipfs.IpfsService    : Fetched 780 bytes from primary IPFS CID=QmdMbyBpoGFK1mURYDVGnjQ4AkNoJfnaBed6stWNVYy8rq
2026-07-31T21:05:02.358+06:00  INFO 577828 --- [pangochain-backend] [io-8080-exec-17] c.pangochain.backend.ipfs.IpfsService    : Fetched 780 bytes from primary IPFS CID=QmdMbyBpoGFK1mURYDVGnjQ4AkNoJfnaBed6stWNVYy8rq
2026-07-31T21:05:02.358+06:00  INFO 577828 --- [pangochain-backend] [io-8080-exec-20] c.pangochain.backend.ipfs.IpfsService    : Fetched 780 bytes from primary IPFS CID=QmdMbyBpoGFK1mURYDVGnjQ4AkNoJfnaBed6stWNVYy8rq
2026-07-31T21:05:02.359+06:00  INFO 577828 --- [pangochain-backend] [nio-8080-exec-1] c.pangochain.backend.ipfs.IpfsService    : Fetched 780 bytes from primary IPFS CID=QmdMbyBpoGFK1mURYDVGnjQ4AkNoJfnaBed6stWNVYy8rq
2026-07-31T21:05:02.359+06:00  INFO 577828 --- [pangochain-backend] [nio-8080-exec-6] c.pangochain.backend.ipfs.IpfsService    : Fetched 780 bytes from primary IPFS CID=QmdMbyBpoGFK1mURYDVGnjQ4AkNoJfnaBed6stWNVYy8rq
2026-07-31T21:05:02.361+06:00  INFO 577828 --- [pangochain-backend] [nio-8080-exec-4] c.pangochain.backend.ipfs.IpfsService    : Fetched 780 bytes from primary IPFS CID=QmdMbyBpoGFK1mURYDVGnjQ4AkNoJfnaBed6stWNVYy8rq
2026-07-31T21:05:02.404+06:00  INFO 577828 --- [pangochain-backend] [io-8080-exec-13] c.pangochain.backend.ipfs.IpfsService    : Fetched 780 bytes from primary IPFS CID=QmdMbyBpoGFK1mURYDVGnjQ4AkNoJfnaBed6stWNVYy8rq
2026-07-31T21:05:02.428+06:00  INFO 577828 --- [pangochain-backend] [           main] c.pangochain.backend.ipfs.IpfsService    : Uploaded 1889 bytes to primary IPFS CID=QmX98qPiC29rnVf73JaYcLN4JXwUdbPMTAbjc4jF8ernWW
2026-07-31T21:05:02.444+06:00  INFO 577828 --- [pangochain-backend] [io-8080-exec-19] c.pangochain.backend.ipfs.IpfsService    : Fetched 780 bytes from primary IPFS CID=QmdMbyBpoGFK1mURYDVGnjQ4AkNoJfnaBed6stWNVYy8rq
2026-07-31T21:05:02.481+06:00  INFO 577828 --- [pangochain-backend] [nio-8080-exec-2] c.pangochain.backend.ipfs.IpfsService    : Fetched 780 bytes from primary IPFS CID=QmdMbyBpoGFK1mURYDVGnjQ4AkNoJfnaBed6stWNVYy8rq
2026-07-31T21:05:02.488+06:00  INFO 577828 --- [pangochain-backend] [nio-8080-exec-6] c.pangochain.backend.ipfs.IpfsService    : Fetched 780 bytes from primary IPFS CID=QmdMbyBpoGFK1mURYDVGnjQ4AkNoJfnaBed6stWNVYy8rq
2026-07-31T21:05:02.492+06:00  INFO 577828 --- [pangochain-backend] [io-8080-exec-16] c.pangochain.backend.ipfs.IpfsService    : Fetched 780 bytes from primary IPFS CID=QmdMbyBpoGFK1mURYDVGnjQ4AkNoJfnaBed6stWNVYy8rq
2026-07-31T21:05:02.492+06:00  INFO 577828 --- [pangochain-backend] [io-8080-exec-19] c.pangochain.backend.ipfs.IpfsService    : Fetched 780 bytes from primary IPFS CID=QmdMbyBpoGFK1mURYDVGnjQ4AkNoJfnaBed6stWNVYy8rq
2026-07-31T21:05:02.492+06:00  INFO 577828 --- [pangochain-backend] [nio-8080-exec-5] c.pangochain.backend.ipfs.IpfsService    : Fetched 780 bytes from primary IPFS CID=QmdMbyBpoGFK1mURYDVGnjQ4AkNoJfnaBed6stWNVYy8rq
2026-07-31T21:05:02.492+06:00  INFO 577828 --- [pangochain-backend] [io-8080-exec-14] c.pangochain.backend.ipfs.IpfsService    : Fetched 780 bytes from primary IPFS CID=QmdMbyBpoGFK1mURYDVGnjQ4AkNoJfnaBed6stWNVYy8rq
2026-07-31T21:05:02.494+06:00  INFO 577828 --- [pangochain-backend] [io-8080-exec-18] c.pangochain.backend.ipfs.IpfsService    : Fetched 780 bytes from primary IPFS CID=QmdMbyBpoGFK1mURYDVGnjQ4AkNoJfnaBed6stWNVYy8rq
2026-07-31T21:05:02.497+06:00  INFO 577828 --- [pangochain-backend] [io-8080-exec-15] c.pangochain.backend.ipfs.IpfsService    : Fetched 780 bytes from primary IPFS CID=QmdMbyBpoGFK1mURYDVGnjQ4AkNoJfnaBed6stWNVYy8rq
2026-07-31T21:05:02.497+06:00  INFO 577828 --- [pangochain-backend] [nio-8080-exec-9] c.pangochain.backend.ipfs.IpfsService    : Fetched 780 bytes from primary IPFS CID=QmdMbyBpoGFK1mURYDVGnjQ4AkNoJfnaBed6stWNVYy8rq
2026-07-31T21:05:02.506+06:00  INFO 577828 --- [pangochain-backend] [           main] c.pangochain.backend.ipfs.IpfsService    : Pinned CID QmX98qPiC29rnVf73JaYcLN4JXwUdbPMTAbjc4jF8ernWW on both IPFS nodes
2026-07-31T21:05:02.506+06:00  INFO 577828 --- [pangochain-backend] [io-8080-exec-11] c.pangochain.backend.ipfs.IpfsService    : Fetched 780 bytes from primary IPFS CID=QmdMbyBpoGFK1mURYDVGnjQ4AkNoJfnaBed6stWNVYy8rq
2026-07-31T21:05:02.507+06:00  INFO 577828 --- [pangochain-backend] [nio-8080-exec-2] c.pangochain.backend.ipfs.IpfsService    : Fetched 780 bytes from primary IPFS CID=QmdMbyBpoGFK1mURYDVGnjQ4AkNoJfnaBed6stWNVYy8rq
2026-07-31T21:05:02.513+06:00  INFO 577828 --- [pangochain-backend] [nio-8080-exec-3] c.pangochain.backend.ipfs.IpfsService    : Fetched 780 bytes from primary IPFS CID=QmdMbyBpoGFK1mURYDVGnjQ4AkNoJfnaBed6stWNVYy8rq
2026-07-31T21:05:02.515+06:00  INFO 577828 --- [pangochain-backend] [nio-8080-exec-7] c.pangochain.backend.ipfs.IpfsService    : Fetched 780 bytes from primary IPFS CID=QmdMbyBpoGFK1mURYDVGnjQ4AkNoJfnaBed6stWNVYy8rq
2026-07-31T21:05:02.515+06:00  INFO 577828 --- [pangochain-backend] [io-8080-exec-12] c.pangochain.backend.ipfs.IpfsService    : Fetched 780 bytes from primary IPFS CID=QmdMbyBpoGFK1mURYDVGnjQ4AkNoJfnaBed6stWNVYy8rq
2026-07-31T21:05:02.515+06:00  INFO 577828 --- [pangochain-backend] [io-8080-exec-10] c.pangochain.backend.ipfs.IpfsService    : Fetched 780 bytes from primary IPFS CID=QmdMbyBpoGFK1mURYDVGnjQ4AkNoJfnaBed6stWNVYy8rq
2026-07-31T21:05:02.515+06:00  INFO 577828 --- [pangochain-backend] [nio-8080-exec-8] c.pangochain.backend.ipfs.IpfsService    : Fetched 780 bytes from primary IPFS CID=QmdMbyBpoGFK1mURYDVGnjQ4AkNoJfnaBed6stWNVYy8rq
2026-07-31T21:05:02.519+06:00  INFO 577828 --- [pangochain-backend] [io-8080-exec-17] c.pangochain.backend.ipfs.IpfsService    : Fetched 780 bytes from primary IPFS CID=QmdMbyBpoGFK1mURYDVGnjQ4AkNoJfnaBed6stWNVYy8rq
2026-07-31T21:05:02.524+06:00  INFO 577828 --- [pangochain-backend] [nio-8080-exec-2] c.pangochain.backend.ipfs.IpfsService    : Fetched 780 bytes from primary IPFS CID=QmdMbyBpoGFK1mURYDVGnjQ4AkNoJfnaBed6stWNVYy8rq
2026-07-31T21:05:02.524+06:00  INFO 577828 --- [pangochain-backend] [io-8080-exec-11] c.pangochain.backend.ipfs.IpfsService    : Fetched 780 bytes from primary IPFS CID=QmdMbyBpoGFK1mURYDVGnjQ4AkNoJfnaBed6stWNVYy8rq
2026-07-31T21:05:02.524+06:00  INFO 577828 --- [pangochain-backend] [nio-8080-exec-1] c.pangochain.backend.ipfs.IpfsService    : Fetched 780 bytes from primary IPFS CID=QmdMbyBpoGFK1mURYDVGnjQ4AkNoJfnaBed6stWNVYy8rq
2026-07-31T21:05:02.527+06:00  INFO 577828 --- [pangochain-backend] [io-8080-exec-15] c.pangochain.backend.ipfs.IpfsService    : Fetched 780 bytes from primary IPFS CID=QmdMbyBpoGFK1mURYDVGnjQ4AkNoJfnaBed6stWNVYy8rq
2026-07-31T21:05:02.529+06:00  INFO 577828 --- [pangochain-backend] [io-8080-exec-13] c.pangochain.backend.ipfs.IpfsService    : Fetched 780 bytes from primary IPFS CID=QmdMbyBpoGFK1mURYDVGnjQ4AkNoJfnaBed6stWNVYy8rq
2026-07-31T21:05:02.529+06:00  INFO 577828 --- [pangochain-backend] [nio-8080-exec-6] c.pangochain.backend.ipfs.IpfsService    : Fetched 780 bytes from primary IPFS CID=QmdMbyBpoGFK1mURYDVGnjQ4AkNoJfnaBed6stWNVYy8rq
2026-07-31T21:05:02.534+06:00  INFO 577828 --- [pangochain-backend] [nio-8080-exec-4] c.pangochain.backend.ipfs.IpfsService    : Fetched 780 bytes from primary IPFS CID=QmdMbyBpoGFK1mURYDVGnjQ4AkNoJfnaBed6stWNVYy8rq
2026-07-31T21:05:02.535+06:00  INFO 577828 --- [pangochain-backend] [nio-8080-exec-8] c.pangochain.backend.ipfs.IpfsService    : Fetched 780 bytes from primary IPFS CID=QmdMbyBpoGFK1mURYDVGnjQ4AkNoJfnaBed6stWNVYy8rq
2026-07-31T21:05:02.535+06:00  INFO 577828 --- [pangochain-backend] [nio-8080-exec-7] c.pangochain.backend.ipfs.IpfsService    : Fetched 780 bytes from primary IPFS CID=QmdMbyBpoGFK1mURYDVGnjQ4AkNoJfnaBed6stWNVYy8rq
2026-07-31T21:05:02.535+06:00  INFO 577828 --- [pangochain-backend] [io-8080-exec-17] c.pangochain.backend.ipfs.IpfsService    : Fetched 780 bytes from primary IPFS CID=QmdMbyBpoGFK1mURYDVGnjQ4AkNoJfnaBed6stWNVYy8rq
2026-07-31T21:05:02.536+06:00  INFO 577828 --- [pangochain-backend] [nio-8080-exec-2] c.pangochain.backend.ipfs.IpfsService    : Fetched 780 bytes from primary IPFS CID=QmdMbyBpoGFK1mURYDVGnjQ4AkNoJfnaBed6stWNVYy8rq
2026-07-31T21:05:02.537+06:00  INFO 577828 --- [pangochain-backend] [io-8080-exec-11] c.pangochain.backend.ipfs.IpfsService    : Fetched 780 bytes from primary IPFS CID=QmdMbyBpoGFK1mURYDVGnjQ4AkNoJfnaBed6stWNVYy8rq
2026-07-31T21:05:02.537+06:00  INFO 577828 --- [pangochain-backend] [nio-8080-exec-5] c.pangochain.backend.ipfs.IpfsService    : Fetched 780 bytes from primary IPFS CID=QmdMbyBpoGFK1mURYDVGnjQ4AkNoJfnaBed6stWNVYy8rq
2026-07-31T21:05:02.540+06:00  INFO 577828 --- [pangochain-backend] [io-8080-exec-19] c.pangochain.backend.ipfs.IpfsService    : Fetched 780 bytes from primary IPFS CID=QmdMbyBpoGFK1mURYDVGnjQ4AkNoJfnaBed6stWNVYy8rq
2026-07-31T21:05:02.543+06:00  INFO 577828 --- [pangochain-backend] [nio-8080-exec-6] c.pangochain.backend.ipfs.IpfsService    : Fetched 780 bytes from primary IPFS CID=QmdMbyBpoGFK1mURYDVGnjQ4AkNoJfnaBed6stWNVYy8rq
2026-07-31T21:05:02.544+06:00  INFO 577828 --- [pangochain-backend] [io-8080-exec-16] c.pangochain.backend.ipfs.IpfsService    : Fetched 780 bytes from primary IPFS CID=QmdMbyBpoGFK1mURYDVGnjQ4AkNoJfnaBed6stWNVYy8rq
2026-07-31T21:05:02.548+06:00  INFO 577828 --- [pangochain-backend] [io-8080-exec-14] c.pangochain.backend.ipfs.IpfsService    : Fetched 780 bytes from primary IPFS CID=QmdMbyBpoGFK1mURYDVGnjQ4AkNoJfnaBed6stWNVYy8rq
2026-07-31T21:05:02.548+06:00  INFO 577828 --- [pangochain-backend] [nio-8080-exec-9] c.pangochain.backend.ipfs.IpfsService    : Fetched 780 bytes from primary IPFS CID=QmdMbyBpoGFK1mURYDVGnjQ4AkNoJfnaBed6stWNVYy8rq
2026-07-31T21:05:02.549+06:00  INFO 577828 --- [pangochain-backend] [io-8080-exec-20] c.pangochain.backend.ipfs.IpfsService    : Fetched 780 bytes from primary IPFS CID=QmdMbyBpoGFK1mURYDVGnjQ4AkNoJfnaBed6stWNVYy8rq
2026-07-31T21:05:02.548+06:00  INFO 577828 --- [pangochain-backend] [io-8080-exec-18] c.pangochain.backend.ipfs.IpfsService    : Fetched 780 bytes from primary IPFS CID=QmdMbyBpoGFK1mURYDVGnjQ4AkNoJfnaBed6stWNVYy8rq
2026-07-31T21:05:02.549+06:00  INFO 577828 --- [pangochain-backend] [io-8080-exec-10] c.pangochain.backend.ipfs.IpfsService    : Fetched 780 bytes from primary IPFS CID=QmdMbyBpoGFK1mURYDVGnjQ4AkNoJfnaBed6stWNVYy8rq
2026-07-31T21:05:02.555+06:00  INFO 577828 --- [pangochain-backend] [nio-8080-exec-3] c.pangochain.backend.ipfs.IpfsService    : Fetched 780 bytes from primary IPFS CID=QmdMbyBpoGFK1mURYDVGnjQ4AkNoJfnaBed6stWNVYy8rq
2026-07-31T21:05:02.555+06:00  INFO 577828 --- [pangochain-backend] [io-8080-exec-12] c.pangochain.backend.ipfs.IpfsService    : Fetched 780 bytes from primary IPFS CID=QmdMbyBpoGFK1mURYDVGnjQ4AkNoJfnaBed6stWNVYy8rq
2026-07-31T21:05:02.555+06:00  INFO 577828 --- [pangochain-backend] [nio-8080-exec-1] c.pangochain.backend.ipfs.IpfsService    : Fetched 780 bytes from primary IPFS CID=QmdMbyBpoGFK1mURYDVGnjQ4AkNoJfnaBed6stWNVYy8rq
2026-07-31T21:05:02.555+06:00  INFO 577828 --- [pangochain-backend] [io-8080-exec-17] c.pangochain.backend.ipfs.IpfsService    : Fetched 780 bytes from primary IPFS CID=QmdMbyBpoGFK1mURYDVGnjQ4AkNoJfnaBed6stWNVYy8rq
2026-07-31T21:05:02.557+06:00  INFO 577828 --- [pangochain-backend] [io-8080-exec-15] c.pangochain.backend.ipfs.IpfsService    : Fetched 780 bytes from primary IPFS CID=QmdMbyBpoGFK1mURYDVGnjQ4AkNoJfnaBed6stWNVYy8rq
2026-07-31T21:05:02.559+06:00  INFO 577828 --- [pangochain-backend] [io-8080-exec-13] c.pangochain.backend.ipfs.IpfsService    : Fetched 780 bytes from primary IPFS CID=QmdMbyBpoGFK1mURYDVGnjQ4AkNoJfnaBed6stWNVYy8rq
2026-07-31T21:05:02.561+06:00  INFO 577828 --- [pangochain-backend] [nio-8080-exec-7] c.pangochain.backend.ipfs.IpfsService    : Fetched 780 bytes from primary IPFS CID=QmdMbyBpoGFK1mURYDVGnjQ4AkNoJfnaBed6stWNVYy8rq
2026-07-31T21:05:02.561+06:00  INFO 577828 --- [pangochain-backend] [nio-8080-exec-2] c.pangochain.backend.ipfs.IpfsService    : Fetched 780 bytes from primary IPFS CID=QmdMbyBpoGFK1mURYDVGnjQ4AkNoJfnaBed6stWNVYy8rq
2026-07-31T21:05:02.562+06:00  INFO 577828 --- [pangochain-backend] [nio-8080-exec-8] c.pangochain.backend.ipfs.IpfsService    : Fetched 780 bytes from primary IPFS CID=QmdMbyBpoGFK1mURYDVGnjQ4AkNoJfnaBed6stWNVYy8rq
2026-07-31T21:05:02.563+06:00  INFO 577828 --- [pangochain-backend] [nio-8080-exec-4] c.pangochain.backend.ipfs.IpfsService    : Fetched 780 bytes from primary IPFS CID=QmdMbyBpoGFK1mURYDVGnjQ4AkNoJfnaBed6stWNVYy8rq
2026-07-31T21:05:02.568+06:00  INFO 577828 --- [pangochain-backend] [nio-8080-exec-6] c.pangochain.backend.ipfs.IpfsService    : Fetched 780 bytes from primary IPFS CID=QmdMbyBpoGFK1mURYDVGnjQ4AkNoJfnaBed6stWNVYy8rq
2026-07-31T21:05:02.568+06:00  INFO 577828 --- [pangochain-backend] [io-8080-exec-19] c.pangochain.backend.ipfs.IpfsService    : Fetched 780 bytes from primary IPFS CID=QmdMbyBpoGFK1mURYDVGnjQ4AkNoJfnaBed6stWNVYy8rq
2026-07-31T21:05:02.568+06:00  INFO 577828 --- [pangochain-backend] [io-8080-exec-11] c.pangochain.backend.ipfs.IpfsService    : Fetched 780 bytes from primary IPFS CID=QmdMbyBpoGFK1mURYDVGnjQ4AkNoJfnaBed6stWNVYy8rq
2026-07-31T21:05:02.569+06:00  INFO 577828 --- [pangochain-backend] [io-8080-exec-16] c.pangochain.backend.ipfs.IpfsService    : Fetched 780 bytes from primary IPFS CID=QmdMbyBpoGFK1mURYDVGnjQ4AkNoJfnaBed6stWNVYy8rq
2026-07-31T21:05:02.570+06:00  INFO 577828 --- [pangochain-backend] [nio-8080-exec-5] c.pangochain.backend.ipfs.IpfsService    : Fetched 780 bytes from primary IPFS CID=QmdMbyBpoGFK1mURYDVGnjQ4AkNoJfnaBed6stWNVYy8rq
2026-07-31T21:05:02.572+06:00  INFO 577828 --- [pangochain-backend] [io-8080-exec-13] c.pangochain.backend.ipfs.IpfsService    : Fetched 780 bytes from primary IPFS CID=QmdMbyBpoGFK1mURYDVGnjQ4AkNoJfnaBed6stWNVYy8rq
2026-07-31T21:05:02.572+06:00  INFO 577828 --- [pangochain-backend] [io-8080-exec-20] c.pangochain.backend.ipfs.IpfsService    : Fetched 780 bytes from primary IPFS CID=QmdMbyBpoGFK1mURYDVGnjQ4AkNoJfnaBed6stWNVYy8rq
2026-07-31T21:05:02.577+06:00  INFO 577828 --- [pangochain-backend] [nio-8080-exec-9] c.pangochain.backend.ipfs.IpfsService    : Fetched 780 bytes from primary IPFS CID=QmdMbyBpoGFK1mURYDVGnjQ4AkNoJfnaBed6stWNVYy8rq
2026-07-31T21:05:02.581+06:00  INFO 577828 --- [pangochain-backend] [nio-8080-exec-6] c.pangochain.backend.ipfs.IpfsService    : Fetched 780 bytes from primary IPFS CID=QmdMbyBpoGFK1mURYDVGnjQ4AkNoJfnaBed6stWNVYy8rq
2026-07-31T21:05:02.582+06:00  INFO 577828 --- [pangochain-backend] [nio-8080-exec-1] c.pangochain.backend.ipfs.IpfsService    : Fetched 780 bytes from primary IPFS CID=QmdMbyBpoGFK1mURYDVGnjQ4AkNoJfnaBed6stWNVYy8rq
2026-07-31T21:05:02.583+06:00  INFO 577828 --- [pangochain-backend] [nio-8080-exec-3] c.pangochain.backend.ipfs.IpfsService    : Fetched 780 bytes from primary IPFS CID=QmdMbyBpoGFK1mURYDVGnjQ4AkNoJfnaBed6stWNVYy8rq
2026-07-31T21:05:02.586+06:00  INFO 577828 --- [pangochain-backend] [io-8080-exec-15] c.pangochain.backend.ipfs.IpfsService    : Fetched 780 bytes from primary IPFS CID=QmdMbyBpoGFK1mURYDVGnjQ4AkNoJfnaBed6stWNVYy8rq
2026-07-31T21:05:02.586+06:00  INFO 577828 --- [pangochain-backend] [io-8080-exec-12] c.pangochain.backend.ipfs.IpfsService    : Fetched 780 bytes from primary IPFS CID=QmdMbyBpoGFK1mURYDVGnjQ4AkNoJfnaBed6stWNVYy8rq
2026-07-31T21:05:02.586+06:00  INFO 577828 --- [pangochain-backend] [io-8080-exec-10] c.pangochain.backend.ipfs.IpfsService    : Fetched 780 bytes from primary IPFS CID=QmdMbyBpoGFK1mURYDVGnjQ4AkNoJfnaBed6stWNVYy8rq
2026-07-31T21:05:02.587+06:00  INFO 577828 --- [pangochain-backend] [io-8080-exec-14] c.pangochain.backend.ipfs.IpfsService    : Fetched 780 bytes from primary IPFS CID=QmdMbyBpoGFK1mURYDVGnjQ4AkNoJfnaBed6stWNVYy8rq
2026-07-31T21:05:02.588+06:00  INFO 577828 --- [pangochain-backend] [io-8080-exec-18] c.pangochain.backend.ipfs.IpfsService    : Fetched 780 bytes from primary IPFS CID=QmdMbyBpoGFK1mURYDVGnjQ4AkNoJfnaBed6stWNVYy8rq
2026-07-31T21:05:02.589+06:00  INFO 577828 --- [pangochain-backend] [io-8080-exec-17] c.pangochain.backend.ipfs.IpfsService    : Fetched 780 bytes from primary IPFS CID=QmdMbyBpoGFK1mURYDVGnjQ4AkNoJfnaBed6stWNVYy8rq
2026-07-31T21:05:02.593+06:00  INFO 577828 --- [pangochain-backend] [nio-8080-exec-1] c.pangochain.backend.ipfs.IpfsService    : Fetched 780 bytes from primary IPFS CID=QmdMbyBpoGFK1mURYDVGnjQ4AkNoJfnaBed6stWNVYy8rq
2026-07-31T21:05:02.594+06:00  INFO 577828 --- [pangochain-backend] [nio-8080-exec-2] c.pangochain.backend.ipfs.IpfsService    : Fetched 780 bytes from primary IPFS CID=QmdMbyBpoGFK1mURYDVGnjQ4AkNoJfnaBed6stWNVYy8rq
2026-07-31T21:05:02.594+06:00  INFO 577828 --- [pangochain-backend] [nio-8080-exec-3] c.pangochain.backend.ipfs.IpfsService    : Fetched 780 bytes from primary IPFS CID=QmdMbyBpoGFK1mURYDVGnjQ4AkNoJfnaBed6stWNVYy8rq
2026-07-31T21:05:02.596+06:00  INFO 577828 --- [pangochain-backend] [nio-8080-exec-7] c.pangochain.backend.ipfs.IpfsService    : Fetched 780 bytes from primary IPFS CID=QmdMbyBpoGFK1mURYDVGnjQ4AkNoJfnaBed6stWNVYy8rq
2026-07-31T21:05:02.599+06:00  INFO 577828 --- [pangochain-backend] [io-8080-exec-10] c.pangochain.backend.ipfs.IpfsService    : Fetched 780 bytes from primary IPFS CID=QmdMbyBpoGFK1mURYDVGnjQ4AkNoJfnaBed6stWNVYy8rq
2026-07-31T21:05:02.600+06:00  INFO 577828 --- [pangochain-backend] [io-8080-exec-19] c.pangochain.backend.ipfs.IpfsService    : Fetched 780 bytes from primary IPFS CID=QmdMbyBpoGFK1mURYDVGnjQ4AkNoJfnaBed6stWNVYy8rq
2026-07-31T21:05:02.600+06:00  INFO 577828 --- [pangochain-backend] [nio-8080-exec-8] c.pangochain.backend.ipfs.IpfsService    : Fetched 780 bytes from primary IPFS CID=QmdMbyBpoGFK1mURYDVGnjQ4AkNoJfnaBed6stWNVYy8rq
2026-07-31T21:05:02.601+06:00  INFO 577828 --- [pangochain-backend] [io-8080-exec-11] c.pangochain.backend.ipfs.IpfsService    : Fetched 780 bytes from primary IPFS CID=QmdMbyBpoGFK1mURYDVGnjQ4AkNoJfnaBed6stWNVYy8rq
2026-07-31T21:05:02.601+06:00  INFO 577828 --- [pangochain-backend] [nio-8080-exec-4] c.pangochain.backend.ipfs.IpfsService    : Fetched 780 bytes from primary IPFS CID=QmdMbyBpoGFK1mURYDVGnjQ4AkNoJfnaBed6stWNVYy8rq
2026-07-31T21:05:02.605+06:00  INFO 577828 --- [pangochain-backend] [io-8080-exec-16] c.pangochain.backend.ipfs.IpfsService    : Fetched 780 bytes from primary IPFS CID=QmdMbyBpoGFK1mURYDVGnjQ4AkNoJfnaBed6stWNVYy8rq
2026-07-31T21:05:02.606+06:00  INFO 577828 --- [pangochain-backend] [nio-8080-exec-7] c.pangochain.backend.ipfs.IpfsService    : Fetched 780 bytes from primary IPFS CID=QmdMbyBpoGFK1mURYDVGnjQ4AkNoJfnaBed6stWNVYy8rq
2026-07-31T21:05:02.608+06:00  INFO 577828 --- [pangochain-backend] [nio-8080-exec-5] c.pangochain.backend.ipfs.IpfsService    : Fetched 780 bytes from primary IPFS CID=QmdMbyBpoGFK1mURYDVGnjQ4AkNoJfnaBed6stWNVYy8rq
2026-07-31T21:05:02.611+06:00  INFO 577828 --- [pangochain-backend] [nio-8080-exec-1] c.pangochain.backend.ipfs.IpfsService    : Fetched 780 bytes from primary IPFS CID=QmdMbyBpoGFK1mURYDVGnjQ4AkNoJfnaBed6stWNVYy8rq
2026-07-31T21:05:02.613+06:00  INFO 577828 --- [pangochain-backend] [io-8080-exec-20] c.pangochain.backend.ipfs.IpfsService    : Fetched 780 bytes from primary IPFS CID=QmdMbyBpoGFK1mURYDVGnjQ4AkNoJfnaBed6stWNVYy8rq
2026-07-31T21:05:02.613+06:00  INFO 577828 --- [pangochain-backend] [nio-8080-exec-9] c.pangochain.backend.ipfs.IpfsService    : Fetched 780 bytes from primary IPFS CID=QmdMbyBpoGFK1mURYDVGnjQ4AkNoJfnaBed6stWNVYy8rq
2026-07-31T21:05:02.614+06:00  INFO 577828 --- [pangochain-backend] [nio-8080-exec-2] c.pangochain.backend.ipfs.IpfsService    : Fetched 780 bytes from primary IPFS CID=QmdMbyBpoGFK1mURYDVGnjQ4AkNoJfnaBed6stWNVYy8rq
2026-07-31T21:05:02.614+06:00  INFO 577828 --- [pangochain-backend] [io-8080-exec-13] c.pangochain.backend.ipfs.IpfsService    : Fetched 780 bytes from primary IPFS CID=QmdMbyBpoGFK1mURYDVGnjQ4AkNoJfnaBed6stWNVYy8rq
2026-07-31T21:05:02.618+06:00  INFO 577828 --- [pangochain-backend] [nio-8080-exec-6] c.pangochain.backend.ipfs.IpfsService    : Fetched 780 bytes from primary IPFS CID=QmdMbyBpoGFK1mURYDVGnjQ4AkNoJfnaBed6stWNVYy8rq
2026-07-31T21:05:02.619+06:00  INFO 577828 --- [pangochain-backend] [nio-8080-exec-5] c.pangochain.backend.ipfs.IpfsService    : Fetched 780 bytes from primary IPFS CID=QmdMbyBpoGFK1mURYDVGnjQ4AkNoJfnaBed6stWNVYy8rq
2026-07-31T21:05:02.619+06:00  INFO 577828 --- [pangochain-backend] [io-8080-exec-12] c.pangochain.backend.ipfs.IpfsService    : Fetched 780 bytes from primary IPFS CID=QmdMbyBpoGFK1mURYDVGnjQ4AkNoJfnaBed6stWNVYy8rq
2026-07-31T21:05:02.622+06:00  INFO 577828 --- [pangochain-backend] [nio-8080-exec-9] c.pangochain.backend.ipfs.IpfsService    : Fetched 780 bytes from primary IPFS CID=QmdMbyBpoGFK1mURYDVGnjQ4AkNoJfnaBed6stWNVYy8rq
2026-07-31T21:05:02.622+06:00  INFO 577828 --- [pangochain-backend] [nio-8080-exec-7] c.pangochain.backend.ipfs.IpfsService    : Fetched 780 bytes from primary IPFS CID=QmdMbyBpoGFK1mURYDVGnjQ4AkNoJfnaBed6stWNVYy8rq
2026-07-31T21:05:02.623+06:00  INFO 577828 --- [pangochain-backend] [io-8080-exec-15] c.pangochain.backend.ipfs.IpfsService    : Fetched 780 bytes from primary IPFS CID=QmdMbyBpoGFK1mURYDVGnjQ4AkNoJfnaBed6stWNVYy8rq
2026-07-31T21:05:02.629+06:00  INFO 577828 --- [pangochain-backend] [io-8080-exec-10] c.pangochain.backend.ipfs.IpfsService    : Fetched 780 bytes from primary IPFS CID=QmdMbyBpoGFK1mURYDVGnjQ4AkNoJfnaBed6stWNVYy8rq
2026-07-31T21:05:02.632+06:00  INFO 577828 --- [pangochain-backend] [io-8080-exec-14] c.pangochain.backend.ipfs.IpfsService    : Fetched 780 bytes from primary IPFS CID=QmdMbyBpoGFK1mURYDVGnjQ4AkNoJfnaBed6stWNVYy8rq
2026-07-31T21:05:02.632+06:00  INFO 577828 --- [pangochain-backend] [io-8080-exec-11] c.pangochain.backend.ipfs.IpfsService    : Fetched 780 bytes from primary IPFS CID=QmdMbyBpoGFK1mURYDVGnjQ4AkNoJfnaBed6stWNVYy8rq
2026-07-31T21:05:02.632+06:00  INFO 577828 --- [pangochain-backend] [nio-8080-exec-3] c.pangochain.backend.ipfs.IpfsService    : Fetched 780 bytes from primary IPFS CID=QmdMbyBpoGFK1mURYDVGnjQ4AkNoJfnaBed6stWNVYy8rq
2026-07-31T21:05:02.633+06:00  INFO 577828 --- [pangochain-backend] [io-8080-exec-19] c.pangochain.backend.ipfs.IpfsService    : Fetched 780 bytes from primary IPFS CID=QmdMbyBpoGFK1mURYDVGnjQ4AkNoJfnaBed6stWNVYy8rq
2026-07-31T21:05:02.633+06:00  INFO 577828 --- [pangochain-backend] [io-8080-exec-17] c.pangochain.backend.ipfs.IpfsService    : Fetched 780 bytes from primary IPFS CID=QmdMbyBpoGFK1mURYDVGnjQ4AkNoJfnaBed6stWNVYy8rq
2026-07-31T21:05:02.633+06:00  INFO 577828 --- [pangochain-backend] [nio-8080-exec-8] c.pangochain.backend.ipfs.IpfsService    : Fetched 780 bytes from primary IPFS CID=QmdMbyBpoGFK1mURYDVGnjQ4AkNoJfnaBed6stWNVYy8rq
2026-07-31T21:05:02.636+06:00  INFO 577828 --- [pangochain-backend] [io-8080-exec-16] c.pangochain.backend.ipfs.IpfsService    : Fetched 780 bytes from primary IPFS CID=QmdMbyBpoGFK1mURYDVGnjQ4AkNoJfnaBed6stWNVYy8rq
2026-07-31T21:05:02.636+06:00  INFO 577828 --- [pangochain-backend] [nio-8080-exec-4] c.pangochain.backend.ipfs.IpfsService    : Fetched 780 bytes from primary IPFS CID=QmdMbyBpoGFK1mURYDVGnjQ4AkNoJfnaBed6stWNVYy8rq
2026-07-31T21:05:02.639+06:00  INFO 577828 --- [pangochain-backend] [nio-8080-exec-1] c.pangochain.backend.ipfs.IpfsService    : Fetched 780 bytes from primary IPFS CID=QmdMbyBpoGFK1mURYDVGnjQ4AkNoJfnaBed6stWNVYy8rq
2026-07-31T21:05:02.644+06:00  INFO 577828 --- [pangochain-backend] [nio-8080-exec-3] c.pangochain.backend.ipfs.IpfsService    : Fetched 780 bytes from primary IPFS CID=QmdMbyBpoGFK1mURYDVGnjQ4AkNoJfnaBed6stWNVYy8rq
2026-07-31T21:05:02.647+06:00  INFO 577828 --- [pangochain-backend] [io-8080-exec-20] c.pangochain.backend.ipfs.IpfsService    : Fetched 780 bytes from primary IPFS CID=QmdMbyBpoGFK1mURYDVGnjQ4AkNoJfnaBed6stWNVYy8rq
2026-07-31T21:05:02.649+06:00  INFO 577828 --- [pangochain-backend] [nio-8080-exec-5] c.pangochain.backend.ipfs.IpfsService    : Fetched 780 bytes from primary IPFS CID=QmdMbyBpoGFK1mURYDVGnjQ4AkNoJfnaBed6stWNVYy8rq
2026-07-31T21:05:02.649+06:00  INFO 577828 --- [pangochain-backend] [nio-8080-exec-6] c.pangochain.backend.ipfs.IpfsService    : Fetched 780 bytes from primary IPFS CID=QmdMbyBpoGFK1mURYDVGnjQ4AkNoJfnaBed6stWNVYy8rq
2026-07-31T21:05:02.649+06:00  INFO 577828 --- [pangochain-backend] [nio-8080-exec-2] c.pangochain.backend.ipfs.IpfsService    : Fetched 780 bytes from primary IPFS CID=QmdMbyBpoGFK1mURYDVGnjQ4AkNoJfnaBed6stWNVYy8rq
2026-07-31T21:05:02.650+06:00  INFO 577828 --- [pangochain-backend] [io-8080-exec-13] c.pangochain.backend.ipfs.IpfsService    : Fetched 780 bytes from primary IPFS CID=QmdMbyBpoGFK1mURYDVGnjQ4AkNoJfnaBed6stWNVYy8rq
2026-07-31T21:05:02.654+06:00  INFO 577828 --- [pangochain-backend] [io-8080-exec-16] c.pangochain.backend.ipfs.IpfsService    : Fetched 780 bytes from primary IPFS CID=QmdMbyBpoGFK1mURYDVGnjQ4AkNoJfnaBed6stWNVYy8rq
2026-07-31T21:05:02.656+06:00  INFO 577828 --- [pangochain-backend] [io-8080-exec-12] c.pangochain.backend.ipfs.IpfsService    : Fetched 780 bytes from primary IPFS CID=QmdMbyBpoGFK1mURYDVGnjQ4AkNoJfnaBed6stWNVYy8rq
2026-07-31T21:05:02.656+06:00  INFO 577828 --- [pangochain-backend] [nio-8080-exec-7] c.pangochain.backend.ipfs.IpfsService    : Fetched 780 bytes from primary IPFS CID=QmdMbyBpoGFK1mURYDVGnjQ4AkNoJfnaBed6stWNVYy8rq
2026-07-31T21:05:02.658+06:00  INFO 577828 --- [pangochain-backend] [io-8080-exec-17] c.pangochain.backend.ipfs.IpfsService    : Fetched 780 bytes from primary IPFS CID=QmdMbyBpoGFK1mURYDVGnjQ4AkNoJfnaBed6stWNVYy8rq
2026-07-31T21:05:02.660+06:00  INFO 577828 --- [pangochain-backend] [io-8080-exec-15] c.pangochain.backend.ipfs.IpfsService    : Fetched 780 bytes from primary IPFS CID=QmdMbyBpoGFK1mURYDVGnjQ4AkNoJfnaBed6stWNVYy8rq
2026-07-31T21:05:02.660+06:00  INFO 577828 --- [pangochain-backend] [nio-8080-exec-2] c.pangochain.backend.ipfs.IpfsService    : Fetched 780 bytes from primary IPFS CID=QmdMbyBpoGFK1mURYDVGnjQ4AkNoJfnaBed6stWNVYy8rq
2026-07-31T21:05:02.660+06:00  INFO 577828 --- [pangochain-backend] [io-8080-exec-10] c.pangochain.backend.ipfs.IpfsService    : Fetched 780 bytes from primary IPFS CID=QmdMbyBpoGFK1mURYDVGnjQ4AkNoJfnaBed6stWNVYy8rq
2026-07-31T21:05:02.660+06:00  INFO 577828 --- [pangochain-backend] [nio-8080-exec-6] c.pangochain.backend.ipfs.IpfsService    : Fetched 780 bytes from primary IPFS CID=QmdMbyBpoGFK1mURYDVGnjQ4AkNoJfnaBed6stWNVYy8rq
2026-07-31T21:05:02.662+06:00  INFO 577828 --- [pangochain-backend] [nio-8080-exec-9] c.pangochain.backend.ipfs.IpfsService    : Fetched 780 bytes from primary IPFS CID=QmdMbyBpoGFK1mURYDVGnjQ4AkNoJfnaBed6stWNVYy8rq
2026-07-31T21:05:02.666+06:00  INFO 577828 --- [pangochain-backend] [io-8080-exec-11] c.pangochain.backend.ipfs.IpfsService    : Fetched 780 bytes from primary IPFS CID=QmdMbyBpoGFK1mURYDVGnjQ4AkNoJfnaBed6stWNVYy8rq
2026-07-31T21:05:02.670+06:00  INFO 577828 --- [pangochain-backend] [io-8080-exec-18] c.pangochain.backend.ipfs.IpfsService    : Fetched 780 bytes from primary IPFS CID=QmdMbyBpoGFK1mURYDVGnjQ4AkNoJfnaBed6stWNVYy8rq
2026-07-31T21:05:02.673+06:00  INFO 577828 --- [pangochain-backend] [io-8080-exec-14] c.pangochain.backend.ipfs.IpfsService    : Fetched 780 bytes from primary IPFS CID=QmdMbyBpoGFK1mURYDVGnjQ4AkNoJfnaBed6stWNVYy8rq
2026-07-31T21:05:02.674+06:00  INFO 577828 --- [pangochain-backend] [nio-8080-exec-8] c.pangochain.backend.ipfs.IpfsService    : Fetched 780 bytes from primary IPFS CID=QmdMbyBpoGFK1mURYDVGnjQ4AkNoJfnaBed6stWNVYy8rq
2026-07-31T21:05:02.674+06:00  INFO 577828 --- [pangochain-backend] [nio-8080-exec-4] c.pangochain.backend.ipfs.IpfsService    : Fetched 780 bytes from primary IPFS CID=QmdMbyBpoGFK1mURYDVGnjQ4AkNoJfnaBed6stWNVYy8rq
2026-07-31T21:05:02.679+06:00  INFO 577828 --- [pangochain-backend] [nio-8080-exec-6] c.pangochain.backend.ipfs.IpfsService    : Fetched 780 bytes from primary IPFS CID=QmdMbyBpoGFK1mURYDVGnjQ4AkNoJfnaBed6stWNVYy8rq
2026-07-31T21:05:02.679+06:00  INFO 577828 --- [pangochain-backend] [io-8080-exec-13] c.pangochain.backend.ipfs.IpfsService    : Fetched 780 bytes from primary IPFS CID=QmdMbyBpoGFK1mURYDVGnjQ4AkNoJfnaBed6stWNVYy8rq
2026-07-31T21:05:02.679+06:00  INFO 577828 --- [pangochain-backend] [nio-8080-exec-9] c.pangochain.backend.ipfs.IpfsService    : Fetched 780 bytes from primary IPFS CID=QmdMbyBpoGFK1mURYDVGnjQ4AkNoJfnaBed6stWNVYy8rq
2026-07-31T21:05:02.680+06:00  INFO 577828 --- [pangochain-backend] [io-8080-exec-11] c.pangochain.backend.ipfs.IpfsService    : Fetched 780 bytes from primary IPFS CID=QmdMbyBpoGFK1mURYDVGnjQ4AkNoJfnaBed6stWNVYy8rq
2026-07-31T21:05:02.680+06:00  INFO 577828 --- [pangochain-backend] [nio-8080-exec-1] c.pangochain.backend.ipfs.IpfsService    : Fetched 780 bytes from primary IPFS CID=QmdMbyBpoGFK1mURYDVGnjQ4AkNoJfnaBed6stWNVYy8rq
2026-07-31T21:05:02.680+06:00  INFO 577828 --- [pangochain-backend] [io-8080-exec-19] c.pangochain.backend.ipfs.IpfsService    : Fetched 780 bytes from primary IPFS CID=QmdMbyBpoGFK1mURYDVGnjQ4AkNoJfnaBed6stWNVYy8rq
2026-07-31T21:05:02.702+06:00  INFO 577828 --- [pangochain-backend] [nio-8080-exec-5] c.pangochain.backend.ipfs.IpfsService    : Fetched 780 bytes from primary IPFS CID=QmdMbyBpoGFK1mURYDVGnjQ4AkNoJfnaBed6stWNVYy8rq
2026-07-31T21:05:02.706+06:00  INFO 577828 --- [pangochain-backend] [io-8080-exec-20] c.pangochain.backend.ipfs.IpfsService    : Fetched 780 bytes from primary IPFS CID=QmdMbyBpoGFK1mURYDVGnjQ4AkNoJfnaBed6stWNVYy8rq
2026-07-31T21:05:02.709+06:00  INFO 577828 --- [pangochain-backend] [nio-8080-exec-3] c.pangochain.backend.ipfs.IpfsService    : Fetched 780 bytes from primary IPFS CID=QmdMbyBpoGFK1mURYDVGnjQ4AkNoJfnaBed6stWNVYy8rq
2026-07-31T21:05:02.724+06:00  INFO 577828 --- [pangochain-backend] [io-8080-exec-12] c.pangochain.backend.ipfs.IpfsService    : Fetched 780 bytes from primary IPFS CID=QmdMbyBpoGFK1mURYDVGnjQ4AkNoJfnaBed6stWNVYy8rq
2026-07-31T21:05:02.727+06:00  INFO 577828 --- [pangochain-backend] [io-8080-exec-16] c.pangochain.backend.ipfs.IpfsService    : Fetched 780 bytes from primary IPFS CID=QmdMbyBpoGFK1mURYDVGnjQ4AkNoJfnaBed6stWNVYy8rq
2026-07-31T21:05:02.753+06:00  INFO 577828 --- [pangochain-backend] [nio-8080-exec-8] c.pangochain.backend.ipfs.IpfsService    : Fetched 780 bytes from primary IPFS CID=QmdMbyBpoGFK1mURYDVGnjQ4AkNoJfnaBed6stWNVYy8rq
2026-07-31T21:05:02.756+06:00  INFO 577828 --- [pangochain-backend] [io-8080-exec-15] c.pangochain.backend.ipfs.IpfsService    : Fetched 780 bytes from primary IPFS CID=QmdMbyBpoGFK1mURYDVGnjQ4AkNoJfnaBed6stWNVYy8rq
2026-07-31T21:05:02.776+06:00  INFO 577828 --- [pangochain-backend] [nio-8080-exec-2] c.pangochain.backend.ipfs.IpfsService    : Fetched 780 bytes from primary IPFS CID=QmdMbyBpoGFK1mURYDVGnjQ4AkNoJfnaBed6stWNVYy8rq
2026-07-31T21:05:02.777+06:00  INFO 577828 --- [pangochain-backend] [io-8080-exec-17] c.pangochain.backend.ipfs.IpfsService    : Fetched 780 bytes from primary IPFS CID=QmdMbyBpoGFK1mURYDVGnjQ4AkNoJfnaBed6stWNVYy8rq
2026-07-31T21:05:02.795+06:00  INFO 577828 --- [pangochain-backend] [nio-8080-exec-7] c.pangochain.backend.ipfs.IpfsService    : Fetched 780 bytes from primary IPFS CID=QmdMbyBpoGFK1mURYDVGnjQ4AkNoJfnaBed6stWNVYy8rq
2026-07-31T21:05:02.795+06:00  INFO 577828 --- [pangochain-backend] [io-8080-exec-20] c.pangochain.backend.ipfs.IpfsService    : Fetched 780 bytes from primary IPFS CID=QmdMbyBpoGFK1mURYDVGnjQ4AkNoJfnaBed6stWNVYy8rq
2026-07-31T21:05:02.809+06:00  INFO 577828 --- [pangochain-backend] [nio-8080-exec-5] c.pangochain.backend.ipfs.IpfsService    : Fetched 780 bytes from primary IPFS CID=QmdMbyBpoGFK1mURYDVGnjQ4AkNoJfnaBed6stWNVYy8rq
2026-07-31T21:05:02.811+06:00  INFO 577828 --- [pangochain-backend] [io-8080-exec-10] c.pangochain.backend.ipfs.IpfsService    : Fetched 780 bytes from primary IPFS CID=QmdMbyBpoGFK1mURYDVGnjQ4AkNoJfnaBed6stWNVYy8rq
2026-07-31T21:05:02.819+06:00  INFO 577828 --- [pangochain-backend] [io-8080-exec-14] c.pangochain.backend.ipfs.IpfsService    : Fetched 780 bytes from primary IPFS CID=QmdMbyBpoGFK1mURYDVGnjQ4AkNoJfnaBed6stWNVYy8rq
2026-07-31T21:05:02.819+06:00  INFO 577828 --- [pangochain-backend] [nio-8080-exec-4] c.pangochain.backend.ipfs.IpfsService    : Fetched 780 bytes from primary IPFS CID=QmdMbyBpoGFK1mURYDVGnjQ4AkNoJfnaBed6stWNVYy8rq
2026-07-31T21:05:02.820+06:00  INFO 577828 --- [pangochain-backend] [io-8080-exec-11] c.pangochain.backend.ipfs.IpfsService    : Fetched 780 bytes from primary IPFS CID=QmdMbyBpoGFK1mURYDVGnjQ4AkNoJfnaBed6stWNVYy8rq
2026-07-31T21:05:02.820+06:00  INFO 577828 --- [pangochain-backend] [io-8080-exec-18] c.pangochain.backend.ipfs.IpfsService    : Fetched 780 bytes from primary IPFS CID=QmdMbyBpoGFK1mURYDVGnjQ4AkNoJfnaBed6stWNVYy8rq
2026-07-31T21:05:02.823+06:00  INFO 577828 --- [pangochain-backend] [io-8080-exec-20] c.pangochain.backend.ipfs.IpfsService    : Fetched 780 bytes from primary IPFS CID=QmdMbyBpoGFK1mURYDVGnjQ4AkNoJfnaBed6stWNVYy8rq
2026-07-31T21:05:02.825+06:00  INFO 577828 --- [pangochain-backend] [nio-8080-exec-1] c.pangochain.backend.ipfs.IpfsService    : Fetched 780 bytes from primary IPFS CID=QmdMbyBpoGFK1mURYDVGnjQ4AkNoJfnaBed6stWNVYy8rq
2026-07-31T21:05:02.826+06:00  INFO 577828 --- [pangochain-backend] [nio-8080-exec-6] c.pangochain.backend.ipfs.IpfsService    : Fetched 780 bytes from primary IPFS CID=QmdMbyBpoGFK1mURYDVGnjQ4AkNoJfnaBed6stWNVYy8rq
2026-07-31T21:05:02.826+06:00  INFO 577828 --- [pangochain-backend] [nio-8080-exec-9] c.pangochain.backend.ipfs.IpfsService    : Fetched 780 bytes from primary IPFS CID=QmdMbyBpoGFK1mURYDVGnjQ4AkNoJfnaBed6stWNVYy8rq
2026-07-31T21:05:02.826+06:00  INFO 577828 --- [pangochain-backend] [nio-8080-exec-3] c.pangochain.backend.ipfs.IpfsService    : Fetched 780 bytes from primary IPFS CID=QmdMbyBpoGFK1mURYDVGnjQ4AkNoJfnaBed6stWNVYy8rq
2026-07-31T21:05:02.828+06:00  INFO 577828 --- [pangochain-backend] [io-8080-exec-19] c.pangochain.backend.ipfs.IpfsService    : Fetched 780 bytes from primary IPFS CID=QmdMbyBpoGFK1mURYDVGnjQ4AkNoJfnaBed6stWNVYy8rq
2026-07-31T21:05:02.833+06:00  INFO 577828 --- [pangochain-backend] [io-8080-exec-16] c.pangochain.backend.ipfs.IpfsService    : Fetched 780 bytes from primary IPFS CID=QmdMbyBpoGFK1mURYDVGnjQ4AkNoJfnaBed6stWNVYy8rq
2026-07-31T21:05:02.838+06:00  INFO 577828 --- [pangochain-backend] [nio-8080-exec-2] c.pangochain.backend.ipfs.IpfsService    : Fetched 780 bytes from primary IPFS CID=QmdMbyBpoGFK1mURYDVGnjQ4AkNoJfnaBed6stWNVYy8rq
2026-07-31T21:05:02.838+06:00  INFO 577828 --- [pangochain-backend] [nio-8080-exec-7] c.pangochain.backend.ipfs.IpfsService    : Fetched 780 bytes from primary IPFS CID=QmdMbyBpoGFK1mURYDVGnjQ4AkNoJfnaBed6stWNVYy8rq
2026-07-31T21:05:02.838+06:00  INFO 577828 --- [pangochain-backend] [io-8080-exec-12] c.pangochain.backend.ipfs.IpfsService    : Fetched 780 bytes from primary IPFS CID=QmdMbyBpoGFK1mURYDVGnjQ4AkNoJfnaBed6stWNVYy8rq
2026-07-31T21:05:02.841+06:00  INFO 577828 --- [pangochain-backend] [nio-8080-exec-8] c.pangochain.backend.ipfs.IpfsService    : Fetched 780 bytes from primary IPFS CID=QmdMbyBpoGFK1mURYDVGnjQ4AkNoJfnaBed6stWNVYy8rq
2026-07-31T21:05:02.841+06:00  INFO 577828 --- [pangochain-backend] [nio-8080-exec-3] c.pangochain.backend.ipfs.IpfsService    : Fetched 780 bytes from primary IPFS CID=QmdMbyBpoGFK1mURYDVGnjQ4AkNoJfnaBed6stWNVYy8rq
2026-07-31T21:05:02.841+06:00  INFO 577828 --- [pangochain-backend] [io-8080-exec-17] c.pangochain.backend.ipfs.IpfsService    : Fetched 780 bytes from primary IPFS CID=QmdMbyBpoGFK1mURYDVGnjQ4AkNoJfnaBed6stWNVYy8rq
2026-07-31T21:05:02.841+06:00  INFO 577828 --- [pangochain-backend] [nio-8080-exec-5] c.pangochain.backend.ipfs.IpfsService    : Fetched 780 bytes from primary IPFS CID=QmdMbyBpoGFK1mURYDVGnjQ4AkNoJfnaBed6stWNVYy8rq
2026-07-31T21:05:02.842+06:00  INFO 577828 --- [pangochain-backend] [io-8080-exec-15] c.pangochain.backend.ipfs.IpfsService    : Fetched 780 bytes from primary IPFS CID=QmdMbyBpoGFK1mURYDVGnjQ4AkNoJfnaBed6stWNVYy8rq
2026-07-31T21:05:02.843+06:00  INFO 577828 --- [pangochain-backend] [io-8080-exec-13] c.pangochain.backend.ipfs.IpfsService    : Fetched 780 bytes from primary IPFS CID=QmdMbyBpoGFK1mURYDVGnjQ4AkNoJfnaBed6stWNVYy8rq
2026-07-31T21:05:02.848+06:00  INFO 577828 --- [pangochain-backend] [io-8080-exec-11] c.pangochain.backend.ipfs.IpfsService    : Fetched 780 bytes from primary IPFS CID=QmdMbyBpoGFK1mURYDVGnjQ4AkNoJfnaBed6stWNVYy8rq
2026-07-31T21:05:02.851+06:00  INFO 577828 --- [pangochain-backend] [nio-8080-exec-4] c.pangochain.backend.ipfs.IpfsService    : Fetched 780 bytes from primary IPFS CID=QmdMbyBpoGFK1mURYDVGnjQ4AkNoJfnaBed6stWNVYy8rq
2026-07-31T21:05:02.851+06:00  INFO 577828 --- [pangochain-backend] [io-8080-exec-18] c.pangochain.backend.ipfs.IpfsService    : Fetched 780 bytes from primary IPFS CID=QmdMbyBpoGFK1mURYDVGnjQ4AkNoJfnaBed6stWNVYy8rq
2026-07-31T21:05:02.851+06:00  INFO 577828 --- [pangochain-backend] [nio-8080-exec-1] c.pangochain.backend.ipfs.IpfsService    : Fetched 780 bytes from primary IPFS CID=QmdMbyBpoGFK1mURYDVGnjQ4AkNoJfnaBed6stWNVYy8rq
2026-07-31T21:05:02.851+06:00  INFO 577828 --- [pangochain-backend] [io-8080-exec-14] c.pangochain.backend.ipfs.IpfsService    : Fetched 780 bytes from primary IPFS CID=QmdMbyBpoGFK1mURYDVGnjQ4AkNoJfnaBed6stWNVYy8rq
2026-07-31T21:05:02.852+06:00  INFO 577828 --- [pangochain-backend] [io-8080-exec-20] c.pangochain.backend.ipfs.IpfsService    : Fetched 780 bytes from primary IPFS CID=QmdMbyBpoGFK1mURYDVGnjQ4AkNoJfnaBed6stWNVYy8rq
2026-07-31T21:05:02.852+06:00  INFO 577828 --- [pangochain-backend] [nio-8080-exec-6] c.pangochain.backend.ipfs.IpfsService    : Fetched 780 bytes from primary IPFS CID=QmdMbyBpoGFK1mURYDVGnjQ4AkNoJfnaBed6stWNVYy8rq
2026-07-31T21:05:02.852+06:00  INFO 577828 --- [pangochain-backend] [nio-8080-exec-9] c.pangochain.backend.ipfs.IpfsService    : Fetched 780 bytes from primary IPFS CID=QmdMbyBpoGFK1mURYDVGnjQ4AkNoJfnaBed6stWNVYy8rq
2026-07-31T21:05:02.852+06:00  INFO 577828 --- [pangochain-backend] [io-8080-exec-15] c.pangochain.backend.ipfs.IpfsService    : Fetched 780 bytes from primary IPFS CID=QmdMbyBpoGFK1mURYDVGnjQ4AkNoJfnaBed6stWNVYy8rq
2026-07-31T21:05:02.855+06:00  INFO 577828 --- [pangochain-backend] [io-8080-exec-13] c.pangochain.backend.ipfs.IpfsService    : Fetched 780 bytes from primary IPFS CID=QmdMbyBpoGFK1mURYDVGnjQ4AkNoJfnaBed6stWNVYy8rq
2026-07-31T21:05:02.859+06:00  INFO 577828 --- [pangochain-backend] [io-8080-exec-19] c.pangochain.backend.ipfs.IpfsService    : Fetched 780 bytes from primary IPFS CID=QmdMbyBpoGFK1mURYDVGnjQ4AkNoJfnaBed6stWNVYy8rq
2026-07-31T21:05:02.861+06:00  INFO 577828 --- [pangochain-backend] [nio-8080-exec-2] c.pangochain.backend.ipfs.IpfsService    : Fetched 780 bytes from primary IPFS CID=QmdMbyBpoGFK1mURYDVGnjQ4AkNoJfnaBed6stWNVYy8rq
2026-07-31T21:05:02.861+06:00  INFO 577828 --- [pangochain-backend] [io-8080-exec-16] c.pangochain.backend.ipfs.IpfsService    : Fetched 780 bytes from primary IPFS CID=QmdMbyBpoGFK1mURYDVGnjQ4AkNoJfnaBed6stWNVYy8rq
2026-07-31T21:05:02.861+06:00  INFO 577828 --- [pangochain-backend] [io-8080-exec-10] c.pangochain.backend.ipfs.IpfsService    : Fetched 780 bytes from primary IPFS CID=QmdMbyBpoGFK1mURYDVGnjQ4AkNoJfnaBed6stWNVYy8rq
2026-07-31T21:05:02.862+06:00  INFO 577828 --- [pangochain-backend] [io-8080-exec-12] c.pangochain.backend.ipfs.IpfsService    : Fetched 780 bytes from primary IPFS CID=QmdMbyBpoGFK1mURYDVGnjQ4AkNoJfnaBed6stWNVYy8rq
2026-07-31T21:05:02.862+06:00  INFO 577828 --- [pangochain-backend] [io-8080-exec-17] c.pangochain.backend.ipfs.IpfsService    : Fetched 780 bytes from primary IPFS CID=QmdMbyBpoGFK1mURYDVGnjQ4AkNoJfnaBed6stWNVYy8rq
2026-07-31T21:05:02.863+06:00  INFO 577828 --- [pangochain-backend] [nio-8080-exec-7] c.pangochain.backend.ipfs.IpfsService    : Fetched 780 bytes from primary IPFS CID=QmdMbyBpoGFK1mURYDVGnjQ4AkNoJfnaBed6stWNVYy8rq
2026-07-31T21:05:02.863+06:00  INFO 577828 --- [pangochain-backend] [nio-8080-exec-3] c.pangochain.backend.ipfs.IpfsService    : Fetched 780 bytes from primary IPFS CID=QmdMbyBpoGFK1mURYDVGnjQ4AkNoJfnaBed6stWNVYy8rq
2026-07-31T21:05:02.864+06:00  INFO 577828 --- [pangochain-backend] [nio-8080-exec-8] c.pangochain.backend.ipfs.IpfsService    : Fetched 780 bytes from primary IPFS CID=QmdMbyBpoGFK1mURYDVGnjQ4AkNoJfnaBed6stWNVYy8rq
2026-07-31T21:05:02.866+06:00  INFO 577828 --- [pangochain-backend] [io-8080-exec-13] c.pangochain.backend.ipfs.IpfsService    : Fetched 780 bytes from primary IPFS CID=QmdMbyBpoGFK1mURYDVGnjQ4AkNoJfnaBed6stWNVYy8rq
2026-07-31T21:05:02.870+06:00  INFO 577828 --- [pangochain-backend] [nio-8080-exec-7] c.pangochain.backend.ipfs.IpfsService    : Fetched 780 bytes from primary IPFS CID=QmdMbyBpoGFK1mURYDVGnjQ4AkNoJfnaBed6stWNVYy8rq
2026-07-31T21:05:02.870+06:00  INFO 577828 --- [pangochain-backend] [io-8080-exec-17] c.pangochain.backend.ipfs.IpfsService    : Fetched 780 bytes from primary IPFS CID=QmdMbyBpoGFK1mURYDVGnjQ4AkNoJfnaBed6stWNVYy8rq
2026-07-31T21:05:02.870+06:00  INFO 577828 --- [pangochain-backend] [io-8080-exec-12] c.pangochain.backend.ipfs.IpfsService    : Fetched 780 bytes from primary IPFS CID=QmdMbyBpoGFK1mURYDVGnjQ4AkNoJfnaBed6stWNVYy8rq
2026-07-31T21:05:02.871+06:00  INFO 577828 --- [pangochain-backend] [nio-8080-exec-3] c.pangochain.backend.ipfs.IpfsService    : Fetched 780 bytes from primary IPFS CID=QmdMbyBpoGFK1mURYDVGnjQ4AkNoJfnaBed6stWNVYy8rq
2026-07-31T21:05:02.871+06:00  INFO 577828 --- [pangochain-backend] [nio-8080-exec-5] c.pangochain.backend.ipfs.IpfsService    : Fetched 780 bytes from primary IPFS CID=QmdMbyBpoGFK1mURYDVGnjQ4AkNoJfnaBed6stWNVYy8rq
2026-07-31T21:05:02.875+06:00  INFO 577828 --- [pangochain-backend] [io-8080-exec-19] c.pangochain.backend.ipfs.IpfsService    : Fetched 780 bytes from primary IPFS CID=QmdMbyBpoGFK1mURYDVGnjQ4AkNoJfnaBed6stWNVYy8rq
2026-07-31T21:05:02.876+06:00  INFO 577828 --- [pangochain-backend] [nio-8080-exec-2] c.pangochain.backend.ipfs.IpfsService    : Fetched 780 bytes from primary IPFS CID=QmdMbyBpoGFK1mURYDVGnjQ4AkNoJfnaBed6stWNVYy8rq
2026-07-31T21:05:02.876+06:00  INFO 577828 --- [pangochain-backend] [io-8080-exec-11] c.pangochain.backend.ipfs.IpfsService    : Fetched 780 bytes from primary IPFS CID=QmdMbyBpoGFK1mURYDVGnjQ4AkNoJfnaBed6stWNVYy8rq
2026-07-31T21:05:02.877+06:00  INFO 577828 --- [pangochain-backend] [nio-8080-exec-8] c.pangochain.backend.ipfs.IpfsService    : Fetched 780 bytes from primary IPFS CID=QmdMbyBpoGFK1mURYDVGnjQ4AkNoJfnaBed6stWNVYy8rq
2026-07-31T21:05:02.878+06:00  INFO 577828 --- [pangochain-backend] [nio-8080-exec-6] c.pangochain.backend.ipfs.IpfsService    : Fetched 780 bytes from primary IPFS CID=QmdMbyBpoGFK1mURYDVGnjQ4AkNoJfnaBed6stWNVYy8rq
2026-07-31T21:05:02.881+06:00  INFO 577828 --- [pangochain-backend] [io-8080-exec-15] c.pangochain.backend.ipfs.IpfsService    : Fetched 780 bytes from primary IPFS CID=QmdMbyBpoGFK1mURYDVGnjQ4AkNoJfnaBed6stWNVYy8rq
2026-07-31T21:05:02.881+06:00  INFO 577828 --- [pangochain-backend] [nio-8080-exec-9] c.pangochain.backend.ipfs.IpfsService    : Fetched 780 bytes from primary IPFS CID=QmdMbyBpoGFK1mURYDVGnjQ4AkNoJfnaBed6stWNVYy8rq
2026-07-31T21:05:02.881+06:00  INFO 577828 --- [pangochain-backend] [io-8080-exec-10] c.pangochain.backend.ipfs.IpfsService    : Fetched 780 bytes from primary IPFS CID=QmdMbyBpoGFK1mURYDVGnjQ4AkNoJfnaBed6stWNVYy8rq
2026-07-31T21:05:02.882+06:00  INFO 577828 --- [pangochain-backend] [io-8080-exec-18] c.pangochain.backend.ipfs.IpfsService    : Fetched 780 bytes from primary IPFS CID=QmdMbyBpoGFK1mURYDVGnjQ4AkNoJfnaBed6stWNVYy8rq
2026-07-31T21:05:02.884+06:00  INFO 577828 --- [pangochain-backend] [io-8080-exec-16] c.pangochain.backend.ipfs.IpfsService    : Fetched 780 bytes from primary IPFS CID=QmdMbyBpoGFK1mURYDVGnjQ4AkNoJfnaBed6stWNVYy8rq
2026-07-31T21:05:02.886+06:00  INFO 577828 --- [pangochain-backend] [nio-8080-exec-1] c.pangochain.backend.ipfs.IpfsService    : Fetched 780 bytes from primary IPFS CID=QmdMbyBpoGFK1mURYDVGnjQ4AkNoJfnaBed6stWNVYy8rq
2026-07-31T21:05:02.886+06:00  INFO 577828 --- [pangochain-backend] [io-8080-exec-20] c.pangochain.backend.ipfs.IpfsService    : Fetched 780 bytes from primary IPFS CID=QmdMbyBpoGFK1mURYDVGnjQ4AkNoJfnaBed6stWNVYy8rq
2026-07-31T21:05:02.886+06:00  INFO 577828 --- [pangochain-backend] [io-8080-exec-14] c.pangochain.backend.ipfs.IpfsService    : Fetched 780 bytes from primary IPFS CID=QmdMbyBpoGFK1mURYDVGnjQ4AkNoJfnaBed6stWNVYy8rq
2026-07-31T21:05:02.887+06:00  INFO 577828 --- [pangochain-backend] [nio-8080-exec-4] c.pangochain.backend.ipfs.IpfsService    : Fetched 780 bytes from primary IPFS CID=QmdMbyBpoGFK1mURYDVGnjQ4AkNoJfnaBed6stWNVYy8rq
2026-07-31T21:05:02.887+06:00  INFO 577828 --- [pangochain-backend] [io-8080-exec-13] c.pangochain.backend.ipfs.IpfsService    : Fetched 780 bytes from primary IPFS CID=QmdMbyBpoGFK1mURYDVGnjQ4AkNoJfnaBed6stWNVYy8rq
2026-07-31T21:05:02.890+06:00  INFO 577828 --- [pangochain-backend] [io-8080-exec-12] c.pangochain.backend.ipfs.IpfsService    : Fetched 780 bytes from primary IPFS CID=QmdMbyBpoGFK1mURYDVGnjQ4AkNoJfnaBed6stWNVYy8rq
2026-07-31T21:05:02.891+06:00  INFO 577828 --- [pangochain-backend] [io-8080-exec-17] c.pangochain.backend.ipfs.IpfsService    : Fetched 780 bytes from primary IPFS CID=QmdMbyBpoGFK1mURYDVGnjQ4AkNoJfnaBed6stWNVYy8rq
2026-07-31T21:05:02.891+06:00  INFO 577828 --- [pangochain-backend] [nio-8080-exec-7] c.pangochain.backend.ipfs.IpfsService    : Fetched 780 bytes from primary IPFS CID=QmdMbyBpoGFK1mURYDVGnjQ4AkNoJfnaBed6stWNVYy8rq
2026-07-31T21:05:02.892+06:00  INFO 577828 --- [pangochain-backend] [nio-8080-exec-5] c.pangochain.backend.ipfs.IpfsService    : Fetched 780 bytes from primary IPFS CID=QmdMbyBpoGFK1mURYDVGnjQ4AkNoJfnaBed6stWNVYy8rq
2026-07-31T21:05:02.893+06:00  INFO 577828 --- [pangochain-backend] [nio-8080-exec-3] c.pangochain.backend.ipfs.IpfsService    : Fetched 780 bytes from primary IPFS CID=QmdMbyBpoGFK1mURYDVGnjQ4AkNoJfnaBed6stWNVYy8rq
2026-07-31T21:05:02.896+06:00  INFO 577828 --- [pangochain-backend] [io-8080-exec-19] c.pangochain.backend.ipfs.IpfsService    : Fetched 780 bytes from primary IPFS CID=QmdMbyBpoGFK1mURYDVGnjQ4AkNoJfnaBed6stWNVYy8rq
2026-07-31T21:05:02.896+06:00  INFO 577828 --- [pangochain-backend] [io-8080-exec-11] c.pangochain.backend.ipfs.IpfsService    : Fetched 780 bytes from primary IPFS CID=QmdMbyBpoGFK1mURYDVGnjQ4AkNoJfnaBed6stWNVYy8rq
2026-07-31T21:05:02.896+06:00  INFO 577828 --- [pangochain-backend] [nio-8080-exec-6] c.pangochain.backend.ipfs.IpfsService    : Fetched 780 bytes from primary IPFS CID=QmdMbyBpoGFK1mURYDVGnjQ4AkNoJfnaBed6stWNVYy8rq
2026-07-31T21:05:02.897+06:00  INFO 577828 --- [pangochain-backend] [nio-8080-exec-8] c.pangochain.backend.ipfs.IpfsService    : Fetched 780 bytes from primary IPFS CID=QmdMbyBpoGFK1mURYDVGnjQ4AkNoJfnaBed6stWNVYy8rq
2026-07-31T21:05:02.899+06:00  INFO 577828 --- [pangochain-backend] [nio-8080-exec-2] c.pangochain.backend.ipfs.IpfsService    : Fetched 780 bytes from primary IPFS CID=QmdMbyBpoGFK1mURYDVGnjQ4AkNoJfnaBed6stWNVYy8rq
2026-07-31T21:05:02.899+06:00  INFO 577828 --- [pangochain-backend] [           main] c.pangochain.backend.config.DataSeeder   : ✅ Showcase demo data seeded — portfolio cases, documents, signatures, annotations, custody, billing, and client/admin stories.
2026-07-31T21:05:02.901+06:00  INFO 577828 --- [pangochain-backend] [io-8080-exec-18] c.pangochain.backend.ipfs.IpfsService    : Fetched 780 bytes from primary IPFS CID=QmdMbyBpoGFK1mURYDVGnjQ4AkNoJfnaBed6stWNVYy8rq
2026-07-31T21:05:02.901+06:00  INFO 577828 --- [pangochain-backend] [io-8080-exec-15] c.pangochain.backend.ipfs.IpfsService    : Fetched 780 bytes from primary IPFS CID=QmdMbyBpoGFK1mURYDVGnjQ4AkNoJfnaBed6stWNVYy8rq
2026-07-31T21:05:02.902+06:00  INFO 577828 --- [pangochain-backend] [io-8080-exec-10] c.pangochain.backend.ipfs.IpfsService    : Fetched 780 bytes from primary IPFS CID=QmdMbyBpoGFK1mURYDVGnjQ4AkNoJfnaBed6stWNVYy8rq
2026-07-31T21:05:02.903+06:00  INFO 577828 --- [pangochain-backend] [nio-8080-exec-9] c.pangochain.backend.ipfs.IpfsService    : Fetched 780 bytes from primary IPFS CID=QmdMbyBpoGFK1mURYDVGnjQ4AkNoJfnaBed6stWNVYy8rq
2026-07-31T21:05:02.905+06:00  INFO 577828 --- [pangochain-backend] [nio-8080-exec-7] c.pangochain.backend.ipfs.IpfsService    : Fetched 780 bytes from primary IPFS CID=QmdMbyBpoGFK1mURYDVGnjQ4AkNoJfnaBed6stWNVYy8rq
2026-07-31T21:05:02.905+06:00  INFO 577828 --- [pangochain-backend] [io-8080-exec-20] c.pangochain.backend.ipfs.IpfsService    : Fetched 780 bytes from primary IPFS CID=QmdMbyBpoGFK1mURYDVGnjQ4AkNoJfnaBed6stWNVYy8rq
2026-07-31T21:05:02.906+06:00  INFO 577828 --- [pangochain-backend] [io-8080-exec-16] c.pangochain.backend.ipfs.IpfsService    : Fetched 780 bytes from primary IPFS CID=QmdMbyBpoGFK1mURYDVGnjQ4AkNoJfnaBed6stWNVYy8rq
2026-07-31T21:05:02.907+06:00  INFO 577828 --- [pangochain-backend] [nio-8080-exec-4] c.pangochain.backend.ipfs.IpfsService    : Fetched 780 bytes from primary IPFS CID=QmdMbyBpoGFK1mURYDVGnjQ4AkNoJfnaBed6stWNVYy8rq
2026-07-31T21:05:02.909+06:00  INFO 577828 --- [pangochain-backend] [nio-8080-exec-1] c.pangochain.backend.ipfs.IpfsService    : Fetched 780 bytes from primary IPFS CID=QmdMbyBpoGFK1mURYDVGnjQ4AkNoJfnaBed6stWNVYy8rq
2026-07-31T21:05:02.911+06:00  INFO 577828 --- [pangochain-backend] [io-8080-exec-18] c.pangochain.backend.ipfs.IpfsService    : Fetched 780 bytes from primary IPFS CID=QmdMbyBpoGFK1mURYDVGnjQ4AkNoJfnaBed6stWNVYy8rq
2026-07-31T21:05:02.911+06:00  INFO 577828 --- [pangochain-backend] [io-8080-exec-17] c.pangochain.backend.ipfs.IpfsService    : Fetched 780 bytes from primary IPFS CID=QmdMbyBpoGFK1mURYDVGnjQ4AkNoJfnaBed6stWNVYy8rq
2026-07-31T21:05:02.912+06:00  INFO 577828 --- [pangochain-backend] [nio-8080-exec-8] c.pangochain.backend.ipfs.IpfsService    : Fetched 780 bytes from primary IPFS CID=QmdMbyBpoGFK1mURYDVGnjQ4AkNoJfnaBed6stWNVYy8rq
2026-07-31T21:05:02.913+06:00  INFO 577828 --- [pangochain-backend] [io-8080-exec-13] c.pangochain.backend.ipfs.IpfsService    : Fetched 780 bytes from primary IPFS CID=QmdMbyBpoGFK1mURYDVGnjQ4AkNoJfnaBed6stWNVYy8rq
2026-07-31T21:05:02.913+06:00  INFO 577828 --- [pangochain-backend] [io-8080-exec-12] c.pangochain.backend.ipfs.IpfsService    : Fetched 780 bytes from primary IPFS CID=QmdMbyBpoGFK1mURYDVGnjQ4AkNoJfnaBed6stWNVYy8rq
2026-07-31T21:05:02.913+06:00  INFO 577828 --- [pangochain-backend] [nio-8080-exec-3] c.pangochain.backend.ipfs.IpfsService    : Fetched 780 bytes from primary IPFS CID=QmdMbyBpoGFK1mURYDVGnjQ4AkNoJfnaBed6stWNVYy8rq
2026-07-31T21:05:02.917+06:00  INFO 577828 --- [pangochain-backend] [nio-8080-exec-6] c.pangochain.backend.ipfs.IpfsService    : Fetched 780 bytes from primary IPFS CID=QmdMbyBpoGFK1mURYDVGnjQ4AkNoJfnaBed6stWNVYy8rq
2026-07-31T21:05:02.917+06:00  INFO 577828 --- [pangochain-backend] [nio-8080-exec-5] c.pangochain.backend.ipfs.IpfsService    : Fetched 780 bytes from primary IPFS CID=QmdMbyBpoGFK1mURYDVGnjQ4AkNoJfnaBed6stWNVYy8rq
2026-07-31T21:05:02.920+06:00  INFO 577828 --- [pangochain-backend] [nio-8080-exec-4] c.pangochain.backend.ipfs.IpfsService    : Fetched 780 bytes from primary IPFS CID=QmdMbyBpoGFK1mURYDVGnjQ4AkNoJfnaBed6stWNVYy8rq
2026-07-31T21:05:02.920+06:00  INFO 577828 --- [pangochain-backend] [io-8080-exec-19] c.pangochain.backend.ipfs.IpfsService    : Fetched 780 bytes from primary IPFS CID=QmdMbyBpoGFK1mURYDVGnjQ4AkNoJfnaBed6stWNVYy8rq
2026-07-31T21:05:02.920+06:00  INFO 577828 --- [pangochain-backend] [io-8080-exec-11] c.pangochain.backend.ipfs.IpfsService    : Fetched 780 bytes from primary IPFS CID=QmdMbyBpoGFK1mURYDVGnjQ4AkNoJfnaBed6stWNVYy8rq
2026-07-31T21:05:02.921+06:00  INFO 577828 --- [pangochain-backend] [nio-8080-exec-2] c.pangochain.backend.ipfs.IpfsService    : Fetched 780 bytes from primary IPFS CID=QmdMbyBpoGFK1mURYDVGnjQ4AkNoJfnaBed6stWNVYy8rq
2026-07-31T21:05:02.922+06:00  INFO 577828 --- [pangochain-backend] [io-8080-exec-14] c.pangochain.backend.ipfs.IpfsService    : Fetched 780 bytes from primary IPFS CID=QmdMbyBpoGFK1mURYDVGnjQ4AkNoJfnaBed6stWNVYy8rq
2026-07-31T21:05:02.926+06:00  INFO 577828 --- [pangochain-backend] [io-8080-exec-15] c.pangochain.backend.ipfs.IpfsService    : Fetched 780 bytes from primary IPFS CID=QmdMbyBpoGFK1mURYDVGnjQ4AkNoJfnaBed6stWNVYy8rq
2026-07-31T21:05:02.926+06:00  INFO 577828 --- [pangochain-backend] [nio-8080-exec-9] c.pangochain.backend.ipfs.IpfsService    : Fetched 780 bytes from primary IPFS CID=QmdMbyBpoGFK1mURYDVGnjQ4AkNoJfnaBed6stWNVYy8rq
2026-07-31T21:05:02.928+06:00  INFO 577828 --- [pangochain-backend] [nio-8080-exec-7] c.pangochain.backend.ipfs.IpfsService    : Fetched 780 bytes from primary IPFS CID=QmdMbyBpoGFK1mURYDVGnjQ4AkNoJfnaBed6stWNVYy8rq
2026-07-31T21:05:02.928+06:00  INFO 577828 --- [pangochain-backend] [io-8080-exec-20] c.pangochain.backend.ipfs.IpfsService    : Fetched 780 bytes from primary IPFS CID=QmdMbyBpoGFK1mURYDVGnjQ4AkNoJfnaBed6stWNVYy8rq
2026-07-31T21:05:02.928+06:00  INFO 577828 --- [pangochain-backend] [io-8080-exec-10] c.pangochain.backend.ipfs.IpfsService    : Fetched 780 bytes from primary IPFS CID=QmdMbyBpoGFK1mURYDVGnjQ4AkNoJfnaBed6stWNVYy8rq
2026-07-31T21:05:02.929+06:00  INFO 577828 --- [pangochain-backend] [nio-8080-exec-8] c.pangochain.backend.ipfs.IpfsService    : Fetched 780 bytes from primary IPFS CID=QmdMbyBpoGFK1mURYDVGnjQ4AkNoJfnaBed6stWNVYy8rq
2026-07-31T21:05:02.930+06:00  INFO 577828 --- [pangochain-backend] [nio-8080-exec-1] c.pangochain.backend.ipfs.IpfsService    : Fetched 780 bytes from primary IPFS CID=QmdMbyBpoGFK1mURYDVGnjQ4AkNoJfnaBed6stWNVYy8rq
2026-07-31T21:05:02.933+06:00  INFO 577828 --- [pangochain-backend] [io-8080-exec-17] c.pangochain.backend.ipfs.IpfsService    : Fetched 780 bytes from primary IPFS CID=QmdMbyBpoGFK1mURYDVGnjQ4AkNoJfnaBed6stWNVYy8rq
2026-07-31T21:05:02.933+06:00  INFO 577828 --- [pangochain-backend] [io-8080-exec-18] c.pangochain.backend.ipfs.IpfsService    : Fetched 780 bytes from primary IPFS CID=QmdMbyBpoGFK1mURYDVGnjQ4AkNoJfnaBed6stWNVYy8rq
2026-07-31T21:05:02.936+06:00  INFO 577828 --- [pangochain-backend] [io-8080-exec-13] c.pangochain.backend.ipfs.IpfsService    : Fetched 780 bytes from primary IPFS CID=QmdMbyBpoGFK1mURYDVGnjQ4AkNoJfnaBed6stWNVYy8rq
2026-07-31T21:05:02.937+06:00  INFO 577828 --- [pangochain-backend] [io-8080-exec-16] c.pangochain.backend.ipfs.IpfsService    : Fetched 780 bytes from primary IPFS CID=QmdMbyBpoGFK1mURYDVGnjQ4AkNoJfnaBed6stWNVYy8rq
2026-07-31T21:05:02.937+06:00  INFO 577828 --- [pangochain-backend] [nio-8080-exec-3] c.pangochain.backend.ipfs.IpfsService    : Fetched 780 bytes from primary IPFS CID=QmdMbyBpoGFK1mURYDVGnjQ4AkNoJfnaBed6stWNVYy8rq
2026-07-31T21:05:02.938+06:00  INFO 577828 --- [pangochain-backend] [nio-8080-exec-5] c.pangochain.backend.ipfs.IpfsService    : Fetched 780 bytes from primary IPFS CID=QmdMbyBpoGFK1mURYDVGnjQ4AkNoJfnaBed6stWNVYy8rq
2026-07-31T21:05:02.938+06:00  INFO 577828 --- [pangochain-backend] [io-8080-exec-12] c.pangochain.backend.ipfs.IpfsService    : Fetched 780 bytes from primary IPFS CID=QmdMbyBpoGFK1mURYDVGnjQ4AkNoJfnaBed6stWNVYy8rq
2026-07-31T21:05:02.938+06:00  INFO 577828 --- [pangochain-backend] [io-8080-exec-11] c.pangochain.backend.ipfs.IpfsService    : Fetched 780 bytes from primary IPFS CID=QmdMbyBpoGFK1mURYDVGnjQ4AkNoJfnaBed6stWNVYy8rq
2026-07-31T21:05:02.940+06:00  INFO 577828 --- [pangochain-backend] [nio-8080-exec-6] c.pangochain.backend.ipfs.IpfsService    : Fetched 780 bytes from primary IPFS CID=QmdMbyBpoGFK1mURYDVGnjQ4AkNoJfnaBed6stWNVYy8rq
2026-07-31T21:05:02.944+06:00  INFO 577828 --- [pangochain-backend] [io-8080-exec-19] c.pangochain.backend.ipfs.IpfsService    : Fetched 780 bytes from primary IPFS CID=QmdMbyBpoGFK1mURYDVGnjQ4AkNoJfnaBed6stWNVYy8rq
2026-07-31T21:05:02.944+06:00  INFO 577828 --- [pangochain-backend] [nio-8080-exec-2] c.pangochain.backend.ipfs.IpfsService    : Fetched 780 bytes from primary IPFS CID=QmdMbyBpoGFK1mURYDVGnjQ4AkNoJfnaBed6stWNVYy8rq
2026-07-31T21:05:02.948+06:00  INFO 577828 --- [pangochain-backend] [io-8080-exec-20] c.pangochain.backend.ipfs.IpfsService    : Fetched 780 bytes from primary IPFS CID=QmdMbyBpoGFK1mURYDVGnjQ4AkNoJfnaBed6stWNVYy8rq
2026-07-31T21:05:02.951+06:00  INFO 577828 --- [pangochain-backend] [nio-8080-exec-4] c.pangochain.backend.ipfs.IpfsService    : Fetched 780 bytes from primary IPFS CID=QmdMbyBpoGFK1mURYDVGnjQ4AkNoJfnaBed6stWNVYy8rq
2026-07-31T21:05:02.952+06:00  INFO 577828 --- [pangochain-backend] [nio-8080-exec-7] c.pangochain.backend.ipfs.IpfsService    : Fetched 780 bytes from primary IPFS CID=QmdMbyBpoGFK1mURYDVGnjQ4AkNoJfnaBed6stWNVYy8rq
2026-07-31T21:05:02.954+06:00  INFO 577828 --- [pangochain-backend] [io-8080-exec-15] c.pangochain.backend.ipfs.IpfsService    : Fetched 780 bytes from primary IPFS CID=QmdMbyBpoGFK1mURYDVGnjQ4AkNoJfnaBed6stWNVYy8rq
2026-07-31T21:05:02.954+06:00  INFO 577828 --- [pangochain-backend] [nio-8080-exec-9] c.pangochain.backend.ipfs.IpfsService    : Fetched 780 bytes from primary IPFS CID=QmdMbyBpoGFK1mURYDVGnjQ4AkNoJfnaBed6stWNVYy8rq
2026-07-31T21:05:02.954+06:00  INFO 577828 --- [pangochain-backend] [nio-8080-exec-6] c.pangochain.backend.ipfs.IpfsService    : Fetched 780 bytes from primary IPFS CID=QmdMbyBpoGFK1mURYDVGnjQ4AkNoJfnaBed6stWNVYy8rq
2026-07-31T21:05:02.956+06:00  INFO 577828 --- [pangochain-backend] [nio-8080-exec-8] c.pangochain.backend.ipfs.IpfsService    : Fetched 780 bytes from primary IPFS CID=QmdMbyBpoGFK1mURYDVGnjQ4AkNoJfnaBed6stWNVYy8rq
2026-07-31T21:05:02.957+06:00  INFO 577828 --- [pangochain-backend] [io-8080-exec-14] c.pangochain.backend.ipfs.IpfsService    : Fetched 780 bytes from primary IPFS CID=QmdMbyBpoGFK1mURYDVGnjQ4AkNoJfnaBed6stWNVYy8rq
2026-07-31T21:05:02.958+06:00  INFO 577828 --- [pangochain-backend] [nio-8080-exec-1] c.pangochain.backend.ipfs.IpfsService    : Fetched 780 bytes from primary IPFS CID=QmdMbyBpoGFK1mURYDVGnjQ4AkNoJfnaBed6stWNVYy8rq
2026-07-31T21:05:02.958+06:00  INFO 577828 --- [pangochain-backend] [io-8080-exec-19] c.pangochain.backend.ipfs.IpfsService    : Fetched 780 bytes from primary IPFS CID=QmdMbyBpoGFK1mURYDVGnjQ4AkNoJfnaBed6stWNVYy8rq
2026-07-31T21:05:02.964+06:00  INFO 577828 --- [pangochain-backend] [io-8080-exec-16] c.pangochain.backend.ipfs.IpfsService    : Fetched 780 bytes from primary IPFS CID=QmdMbyBpoGFK1mURYDVGnjQ4AkNoJfnaBed6stWNVYy8rq
2026-07-31T21:05:02.964+06:00  INFO 577828 --- [pangochain-backend] [io-8080-exec-10] c.pangochain.backend.ipfs.IpfsService    : Fetched 780 bytes from primary IPFS CID=QmdMbyBpoGFK1mURYDVGnjQ4AkNoJfnaBed6stWNVYy8rq
2026-07-31T21:05:02.971+06:00  INFO 577828 --- [pangochain-backend] [io-8080-exec-18] c.pangochain.backend.ipfs.IpfsService    : Fetched 780 bytes from primary IPFS CID=QmdMbyBpoGFK1mURYDVGnjQ4AkNoJfnaBed6stWNVYy8rq
2026-07-31T21:05:02.971+06:00  INFO 577828 --- [pangochain-backend] [nio-8080-exec-3] c.pangochain.backend.ipfs.IpfsService    : Fetched 780 bytes from primary IPFS CID=QmdMbyBpoGFK1mURYDVGnjQ4AkNoJfnaBed6stWNVYy8rq
2026-07-31T21:05:02.971+06:00  INFO 577828 --- [pangochain-backend] [nio-8080-exec-5] c.pangochain.backend.ipfs.IpfsService    : Fetched 780 bytes from primary IPFS CID=QmdMbyBpoGFK1mURYDVGnjQ4AkNoJfnaBed6stWNVYy8rq
2026-07-31T21:05:02.971+06:00  INFO 577828 --- [pangochain-backend] [io-8080-exec-13] c.pangochain.backend.ipfs.IpfsService    : Fetched 780 bytes from primary IPFS CID=QmdMbyBpoGFK1mURYDVGnjQ4AkNoJfnaBed6stWNVYy8rq
2026-07-31T21:05:02.971+06:00  INFO 577828 --- [pangochain-backend] [nio-8080-exec-8] c.pangochain.backend.ipfs.IpfsService    : Fetched 780 bytes from primary IPFS CID=QmdMbyBpoGFK1mURYDVGnjQ4AkNoJfnaBed6stWNVYy8rq
2026-07-31T21:05:02.974+06:00  INFO 577828 --- [pangochain-backend] [io-8080-exec-11] c.pangochain.backend.ipfs.IpfsService    : Fetched 780 bytes from primary IPFS CID=QmdMbyBpoGFK1mURYDVGnjQ4AkNoJfnaBed6stWNVYy8rq
2026-07-31T21:05:02.977+06:00  INFO 577828 --- [pangochain-backend] [io-8080-exec-17] c.pangochain.backend.ipfs.IpfsService    : Fetched 780 bytes from primary IPFS CID=QmdMbyBpoGFK1mURYDVGnjQ4AkNoJfnaBed6stWNVYy8rq
2026-07-31T21:05:02.983+06:00  INFO 577828 --- [pangochain-backend] [io-8080-exec-12] c.pangochain.backend.ipfs.IpfsService    : Fetched 780 bytes from primary IPFS CID=QmdMbyBpoGFK1mURYDVGnjQ4AkNoJfnaBed6stWNVYy8rq
2026-07-31T21:05:02.988+06:00  INFO 577828 --- [pangochain-backend] [nio-8080-exec-4] c.pangochain.backend.ipfs.IpfsService    : Fetched 780 bytes from primary IPFS CID=QmdMbyBpoGFK1mURYDVGnjQ4AkNoJfnaBed6stWNVYy8rq
2026-07-31T21:05:02.988+06:00  INFO 577828 --- [pangochain-backend] [io-8080-exec-10] c.pangochain.backend.ipfs.IpfsService    : Fetched 780 bytes from primary IPFS CID=QmdMbyBpoGFK1mURYDVGnjQ4AkNoJfnaBed6stWNVYy8rq
2026-07-31T21:05:02.989+06:00  INFO 577828 --- [pangochain-backend] [nio-8080-exec-9] c.pangochain.backend.ipfs.IpfsService    : Fetched 780 bytes from primary IPFS CID=QmdMbyBpoGFK1mURYDVGnjQ4AkNoJfnaBed6stWNVYy8rq
2026-07-31T21:05:02.990+06:00  INFO 577828 --- [pangochain-backend] [io-8080-exec-20] c.pangochain.backend.ipfs.IpfsService    : Fetched 780 bytes from primary IPFS CID=QmdMbyBpoGFK1mURYDVGnjQ4AkNoJfnaBed6stWNVYy8rq
2026-07-31T21:05:02.990+06:00  INFO 577828 --- [pangochain-backend] [nio-8080-exec-2] c.pangochain.backend.ipfs.IpfsService    : Fetched 780 bytes from primary IPFS CID=QmdMbyBpoGFK1mURYDVGnjQ4AkNoJfnaBed6stWNVYy8rq
2026-07-31T21:05:02.997+06:00  INFO 577828 --- [pangochain-backend] [io-8080-exec-15] c.pangochain.backend.ipfs.IpfsService    : Fetched 780 bytes from primary IPFS CID=QmdMbyBpoGFK1mURYDVGnjQ4AkNoJfnaBed6stWNVYy8rq
2026-07-31T21:05:03.003+06:00  INFO 577828 --- [pangochain-backend] [nio-8080-exec-6] c.pangochain.backend.ipfs.IpfsService    : Fetched 780 bytes from primary IPFS CID=QmdMbyBpoGFK1mURYDVGnjQ4AkNoJfnaBed6stWNVYy8rq
2026-07-31T21:05:03.025+06:00  INFO 577828 --- [pangochain-backend] [nio-8080-exec-7] c.pangochain.backend.ipfs.IpfsService    : Fetched 780 bytes from primary IPFS CID=QmdMbyBpoGFK1mURYDVGnjQ4AkNoJfnaBed6stWNVYy8rq
2026-07-31T21:05:03.046+06:00  INFO 577828 --- [pangochain-backend] [io-8080-exec-11] c.pangochain.backend.ipfs.IpfsService    : Fetched 780 bytes from primary IPFS CID=QmdMbyBpoGFK1mURYDVGnjQ4AkNoJfnaBed6stWNVYy8rq
2026-07-31T21:05:03.073+06:00  INFO 577828 --- [pangochain-backend] [nio-8080-exec-1] c.pangochain.backend.ipfs.IpfsService    : Fetched 780 bytes from primary IPFS CID=QmdMbyBpoGFK1mURYDVGnjQ4AkNoJfnaBed6stWNVYy8rq
2026-07-31T21:05:03.079+06:00  INFO 577828 --- [pangochain-backend] [io-8080-exec-16] c.pangochain.backend.ipfs.IpfsService    : Fetched 780 bytes from primary IPFS CID=QmdMbyBpoGFK1mURYDVGnjQ4AkNoJfnaBed6stWNVYy8rq
2026-07-31T21:05:03.080+06:00  INFO 577828 --- [pangochain-backend] [nio-8080-exec-6] c.pangochain.backend.ipfs.IpfsService    : Fetched 780 bytes from primary IPFS CID=QmdMbyBpoGFK1mURYDVGnjQ4AkNoJfnaBed6stWNVYy8rq
2026-07-31T21:05:03.084+06:00  INFO 577828 --- [pangochain-backend] [io-8080-exec-14] c.pangochain.backend.ipfs.IpfsService    : Fetched 780 bytes from primary IPFS CID=QmdMbyBpoGFK1mURYDVGnjQ4AkNoJfnaBed6stWNVYy8rq
2026-07-31T21:05:03.087+06:00  INFO 577828 --- [pangochain-backend] [io-8080-exec-20] c.pangochain.backend.ipfs.IpfsService    : Fetched 780 bytes from primary IPFS CID=QmdMbyBpoGFK1mURYDVGnjQ4AkNoJfnaBed6stWNVYy8rq
2026-07-31T21:05:03.090+06:00  INFO 577828 --- [pangochain-backend] [io-8080-exec-10] c.pangochain.backend.ipfs.IpfsService    : Fetched 780 bytes from primary IPFS CID=QmdMbyBpoGFK1mURYDVGnjQ4AkNoJfnaBed6stWNVYy8rq
2026-07-31T21:05:03.118+06:00  INFO 577828 --- [pangochain-backend] [nio-8080-exec-4] c.pangochain.backend.ipfs.IpfsService    : Fetched 780 bytes from primary IPFS CID=QmdMbyBpoGFK1mURYDVGnjQ4AkNoJfnaBed6stWNVYy8rq
2026-07-31T21:05:03.124+06:00  INFO 577828 --- [pangochain-backend] [nio-8080-exec-9] c.pangochain.backend.ipfs.IpfsService    : Fetched 780 bytes from primary IPFS CID=QmdMbyBpoGFK1mURYDVGnjQ4AkNoJfnaBed6stWNVYy8rq
2026-07-31T21:05:03.125+06:00  INFO 577828 --- [pangochain-backend] [io-8080-exec-17] c.pangochain.backend.ipfs.IpfsService    : Fetched 780 bytes from primary IPFS CID=QmdMbyBpoGFK1mURYDVGnjQ4AkNoJfnaBed6stWNVYy8rq
2026-07-31T21:05:03.125+06:00  INFO 577828 --- [pangochain-backend] [nio-8080-exec-7] c.pangochain.backend.ipfs.IpfsService    : Fetched 780 bytes from primary IPFS CID=QmdMbyBpoGFK1mURYDVGnjQ4AkNoJfnaBed6stWNVYy8rq
2026-07-31T21:05:03.125+06:00  INFO 577828 --- [pangochain-backend] [nio-8080-exec-8] c.pangochain.backend.ipfs.IpfsService    : Fetched 780 bytes from primary IPFS CID=QmdMbyBpoGFK1mURYDVGnjQ4AkNoJfnaBed6stWNVYy8rq
2026-07-31T21:05:03.126+06:00  INFO 577828 --- [pangochain-backend] [io-8080-exec-12] c.pangochain.backend.ipfs.IpfsService    : Fetched 780 bytes from primary IPFS CID=QmdMbyBpoGFK1mURYDVGnjQ4AkNoJfnaBed6stWNVYy8rq
2026-07-31T21:05:03.126+06:00  INFO 577828 --- [pangochain-backend] [nio-8080-exec-6] c.pangochain.backend.ipfs.IpfsService    : Fetched 780 bytes from primary IPFS CID=QmdMbyBpoGFK1mURYDVGnjQ4AkNoJfnaBed6stWNVYy8rq
2026-07-31T21:05:03.126+06:00  INFO 577828 --- [pangochain-backend] [io-8080-exec-18] c.pangochain.backend.ipfs.IpfsService    : Fetched 780 bytes from primary IPFS CID=QmdMbyBpoGFK1mURYDVGnjQ4AkNoJfnaBed6stWNVYy8rq
2026-07-31T21:05:03.127+06:00  INFO 577828 --- [pangochain-backend] [nio-8080-exec-3] c.pangochain.backend.ipfs.IpfsService    : Fetched 780 bytes from primary IPFS CID=QmdMbyBpoGFK1mURYDVGnjQ4AkNoJfnaBed6stWNVYy8rq
2026-07-31T21:05:03.128+06:00  INFO 577828 --- [pangochain-backend] [nio-8080-exec-5] c.pangochain.backend.ipfs.IpfsService    : Fetched 780 bytes from primary IPFS CID=QmdMbyBpoGFK1mURYDVGnjQ4AkNoJfnaBed6stWNVYy8rq
2026-07-31T21:05:03.132+06:00  INFO 577828 --- [pangochain-backend] [nio-8080-exec-4] c.pangochain.backend.ipfs.IpfsService    : Fetched 780 bytes from primary IPFS CID=QmdMbyBpoGFK1mURYDVGnjQ4AkNoJfnaBed6stWNVYy8rq
2026-07-31T21:05:03.133+06:00  INFO 577828 --- [pangochain-backend] [nio-8080-exec-2] c.pangochain.backend.ipfs.IpfsService    : Fetched 780 bytes from primary IPFS CID=QmdMbyBpoGFK1mURYDVGnjQ4AkNoJfnaBed6stWNVYy8rq
2026-07-31T21:05:03.133+06:00  INFO 577828 --- [pangochain-backend] [io-8080-exec-19] c.pangochain.backend.ipfs.IpfsService    : Fetched 780 bytes from primary IPFS CID=QmdMbyBpoGFK1mURYDVGnjQ4AkNoJfnaBed6stWNVYy8rq
2026-07-31T21:05:03.134+06:00  INFO 577828 --- [pangochain-backend] [io-8080-exec-11] c.pangochain.backend.ipfs.IpfsService    : Fetched 780 bytes from primary IPFS CID=QmdMbyBpoGFK1mURYDVGnjQ4AkNoJfnaBed6stWNVYy8rq
2026-07-31T21:05:03.135+06:00  INFO 577828 --- [pangochain-backend] [nio-8080-exec-6] c.pangochain.backend.ipfs.IpfsService    : Fetched 780 bytes from primary IPFS CID=QmdMbyBpoGFK1mURYDVGnjQ4AkNoJfnaBed6stWNVYy8rq
2026-07-31T21:05:03.136+06:00  INFO 577828 --- [pangochain-backend] [nio-8080-exec-5] c.pangochain.backend.ipfs.IpfsService    : Fetched 780 bytes from primary IPFS CID=QmdMbyBpoGFK1mURYDVGnjQ4AkNoJfnaBed6stWNVYy8rq
2026-07-31T21:05:03.136+06:00  INFO 577828 --- [pangochain-backend] [io-8080-exec-15] c.pangochain.backend.ipfs.IpfsService    : Fetched 780 bytes from primary IPFS CID=QmdMbyBpoGFK1mURYDVGnjQ4AkNoJfnaBed6stWNVYy8rq
2026-07-31T21:05:03.138+06:00  INFO 577828 --- [pangochain-backend] [nio-8080-exec-1] c.pangochain.backend.ipfs.IpfsService    : Fetched 780 bytes from primary IPFS CID=QmdMbyBpoGFK1mURYDVGnjQ4AkNoJfnaBed6stWNVYy8rq
2026-07-31T21:05:03.138+06:00  INFO 577828 --- [pangochain-backend] [io-8080-exec-16] c.pangochain.backend.ipfs.IpfsService    : Fetched 780 bytes from primary IPFS CID=QmdMbyBpoGFK1mURYDVGnjQ4AkNoJfnaBed6stWNVYy8rq
2026-07-31T21:05:03.140+06:00  INFO 577828 --- [pangochain-backend] [nio-8080-exec-3] c.pangochain.backend.ipfs.IpfsService    : Fetched 780 bytes from primary IPFS CID=QmdMbyBpoGFK1mURYDVGnjQ4AkNoJfnaBed6stWNVYy8rq
2026-07-31T21:05:03.142+06:00  INFO 577828 --- [pangochain-backend] [io-8080-exec-14] c.pangochain.backend.ipfs.IpfsService    : Fetched 780 bytes from primary IPFS CID=QmdMbyBpoGFK1mURYDVGnjQ4AkNoJfnaBed6stWNVYy8rq
2026-07-31T21:05:03.142+06:00  INFO 577828 --- [pangochain-backend] [io-8080-exec-20] c.pangochain.backend.ipfs.IpfsService    : Fetched 780 bytes from primary IPFS CID=QmdMbyBpoGFK1mURYDVGnjQ4AkNoJfnaBed6stWNVYy8rq
2026-07-31T21:05:03.143+06:00  INFO 577828 --- [pangochain-backend] [nio-8080-exec-9] c.pangochain.backend.ipfs.IpfsService    : Fetched 780 bytes from primary IPFS CID=QmdMbyBpoGFK1mURYDVGnjQ4AkNoJfnaBed6stWNVYy8rq
2026-07-31T21:05:03.143+06:00  INFO 577828 --- [pangochain-backend] [io-8080-exec-17] c.pangochain.backend.ipfs.IpfsService    : Fetched 780 bytes from primary IPFS CID=QmdMbyBpoGFK1mURYDVGnjQ4AkNoJfnaBed6stWNVYy8rq
2026-07-31T21:05:03.144+06:00  INFO 577828 --- [pangochain-backend] [io-8080-exec-10] c.pangochain.backend.ipfs.IpfsService    : Fetched 780 bytes from primary IPFS CID=QmdMbyBpoGFK1mURYDVGnjQ4AkNoJfnaBed6stWNVYy8rq
2026-07-31T21:05:03.145+06:00  INFO 577828 --- [pangochain-backend] [nio-8080-exec-7] c.pangochain.backend.ipfs.IpfsService    : Fetched 780 bytes from primary IPFS CID=QmdMbyBpoGFK1mURYDVGnjQ4AkNoJfnaBed6stWNVYy8rq
2026-07-31T21:05:03.145+06:00  INFO 577828 --- [pangochain-backend] [nio-8080-exec-8] c.pangochain.backend.ipfs.IpfsService    : Fetched 780 bytes from primary IPFS CID=QmdMbyBpoGFK1mURYDVGnjQ4AkNoJfnaBed6stWNVYy8rq
2026-07-31T21:05:03.150+06:00  INFO 577828 --- [pangochain-backend] [io-8080-exec-12] c.pangochain.backend.ipfs.IpfsService    : Fetched 780 bytes from primary IPFS CID=QmdMbyBpoGFK1mURYDVGnjQ4AkNoJfnaBed6stWNVYy8rq
2026-07-31T21:05:03.151+06:00  INFO 577828 --- [pangochain-backend] [io-8080-exec-13] c.pangochain.backend.ipfs.IpfsService    : Fetched 780 bytes from primary IPFS CID=QmdMbyBpoGFK1mURYDVGnjQ4AkNoJfnaBed6stWNVYy8rq
2026-07-31T21:05:03.151+06:00  INFO 577828 --- [pangochain-backend] [io-8080-exec-18] c.pangochain.backend.ipfs.IpfsService    : Fetched 780 bytes from primary IPFS CID=QmdMbyBpoGFK1mURYDVGnjQ4AkNoJfnaBed6stWNVYy8rq
2026-07-31T21:05:03.151+06:00  INFO 577828 --- [pangochain-backend] [nio-8080-exec-9] c.pangochain.backend.ipfs.IpfsService    : Fetched 780 bytes from primary IPFS CID=QmdMbyBpoGFK1mURYDVGnjQ4AkNoJfnaBed6stWNVYy8rq
2026-07-31T21:05:03.154+06:00  INFO 577828 --- [pangochain-backend] [io-8080-exec-10] c.pangochain.backend.ipfs.IpfsService    : Fetched 780 bytes from primary IPFS CID=QmdMbyBpoGFK1mURYDVGnjQ4AkNoJfnaBed6stWNVYy8rq
2026-07-31T21:05:03.155+06:00  INFO 577828 --- [pangochain-backend] [nio-8080-exec-8] c.pangochain.backend.ipfs.IpfsService    : Fetched 780 bytes from primary IPFS CID=QmdMbyBpoGFK1mURYDVGnjQ4AkNoJfnaBed6stWNVYy8rq
2026-07-31T21:05:03.156+06:00  INFO 577828 --- [pangochain-backend] [nio-8080-exec-4] c.pangochain.backend.ipfs.IpfsService    : Fetched 780 bytes from primary IPFS CID=QmdMbyBpoGFK1mURYDVGnjQ4AkNoJfnaBed6stWNVYy8rq
2026-07-31T21:05:03.156+06:00  INFO 577828 --- [pangochain-backend] [nio-8080-exec-2] c.pangochain.backend.ipfs.IpfsService    : Fetched 780 bytes from primary IPFS CID=QmdMbyBpoGFK1mURYDVGnjQ4AkNoJfnaBed6stWNVYy8rq
2026-07-31T21:05:03.156+06:00  INFO 577828 --- [pangochain-backend] [io-8080-exec-11] c.pangochain.backend.ipfs.IpfsService    : Fetched 780 bytes from primary IPFS CID=QmdMbyBpoGFK1mURYDVGnjQ4AkNoJfnaBed6stWNVYy8rq
2026-07-31T21:05:03.158+06:00  INFO 577828 --- [pangochain-backend] [io-8080-exec-19] c.pangochain.backend.ipfs.IpfsService    : Fetched 780 bytes from primary IPFS CID=QmdMbyBpoGFK1mURYDVGnjQ4AkNoJfnaBed6stWNVYy8rq
2026-07-31T21:05:03.159+06:00  INFO 577828 --- [pangochain-backend] [nio-8080-exec-3] c.pangochain.backend.ipfs.IpfsService    : Fetched 780 bytes from primary IPFS CID=QmdMbyBpoGFK1mURYDVGnjQ4AkNoJfnaBed6stWNVYy8rq
2026-07-31T21:05:03.159+06:00  INFO 577828 --- [pangochain-backend] [nio-8080-exec-1] c.pangochain.backend.ipfs.IpfsService    : Fetched 780 bytes from primary IPFS CID=QmdMbyBpoGFK1mURYDVGnjQ4AkNoJfnaBed6stWNVYy8rq
2026-07-31T21:05:03.160+06:00  INFO 577828 --- [pangochain-backend] [nio-8080-exec-9] c.pangochain.backend.ipfs.IpfsService    : Fetched 780 bytes from primary IPFS CID=QmdMbyBpoGFK1mURYDVGnjQ4AkNoJfnaBed6stWNVYy8rq
2026-07-31T21:05:03.183+06:00  INFO 577828 --- [pangochain-backend] [io-8080-exec-16] c.pangochain.backend.ipfs.IpfsService    : Fetched 780 bytes from primary IPFS CID=QmdMbyBpoGFK1mURYDVGnjQ4AkNoJfnaBed6stWNVYy8rq
2026-07-31T21:05:03.187+06:00  INFO 577828 --- [pangochain-backend] [io-8080-exec-14] c.pangochain.backend.ipfs.IpfsService    : Fetched 780 bytes from primary IPFS CID=QmdMbyBpoGFK1mURYDVGnjQ4AkNoJfnaBed6stWNVYy8rq
2026-07-31T21:05:03.187+06:00  INFO 577828 --- [pangochain-backend] [nio-8080-exec-2] c.pangochain.backend.ipfs.IpfsService    : Fetched 780 bytes from primary IPFS CID=QmdMbyBpoGFK1mURYDVGnjQ4AkNoJfnaBed6stWNVYy8rq
2026-07-31T21:05:03.188+06:00  INFO 577828 --- [pangochain-backend] [nio-8080-exec-9] c.pangochain.backend.ipfs.IpfsService    : Fetched 780 bytes from primary IPFS CID=QmdMbyBpoGFK1mURYDVGnjQ4AkNoJfnaBed6stWNVYy8rq
2026-07-31T21:05:03.188+06:00  INFO 577828 --- [pangochain-backend] [nio-8080-exec-8] c.pangochain.backend.ipfs.IpfsService    : Fetched 780 bytes from primary IPFS CID=QmdMbyBpoGFK1mURYDVGnjQ4AkNoJfnaBed6stWNVYy8rq
2026-07-31T21:05:03.190+06:00  INFO 577828 --- [pangochain-backend] [io-8080-exec-19] c.pangochain.backend.ipfs.IpfsService    : Fetched 780 bytes from primary IPFS CID=QmdMbyBpoGFK1mURYDVGnjQ4AkNoJfnaBed6stWNVYy8rq
2026-07-31T21:05:03.191+06:00  INFO 577828 --- [pangochain-backend] [io-8080-exec-17] c.pangochain.backend.ipfs.IpfsService    : Fetched 780 bytes from primary IPFS CID=QmdMbyBpoGFK1mURYDVGnjQ4AkNoJfnaBed6stWNVYy8rq
2026-07-31T21:05:03.191+06:00  INFO 577828 --- [pangochain-backend] [nio-8080-exec-7] c.pangochain.backend.ipfs.IpfsService    : Fetched 780 bytes from primary IPFS CID=QmdMbyBpoGFK1mURYDVGnjQ4AkNoJfnaBed6stWNVYy8rq
2026-07-31T21:05:03.190+06:00  INFO 577828 --- [pangochain-backend] [io-8080-exec-11] c.pangochain.backend.ipfs.IpfsService    : Fetched 780 bytes from primary IPFS CID=QmdMbyBpoGFK1mURYDVGnjQ4AkNoJfnaBed6stWNVYy8rq
2026-07-31T21:05:03.193+06:00  INFO 577828 --- [pangochain-backend] [io-8080-exec-20] c.pangochain.backend.ipfs.IpfsService    : Fetched 780 bytes from primary IPFS CID=QmdMbyBpoGFK1mURYDVGnjQ4AkNoJfnaBed6stWNVYy8rq
2026-07-31T21:05:03.198+06:00  INFO 577828 --- [pangochain-backend] [nio-8080-exec-6] c.pangochain.backend.ipfs.IpfsService    : Fetched 780 bytes from primary IPFS CID=QmdMbyBpoGFK1mURYDVGnjQ4AkNoJfnaBed6stWNVYy8rq
2026-07-31T21:05:03.198+06:00  INFO 577828 --- [pangochain-backend] [io-8080-exec-13] c.pangochain.backend.ipfs.IpfsService    : Fetched 780 bytes from primary IPFS CID=QmdMbyBpoGFK1mURYDVGnjQ4AkNoJfnaBed6stWNVYy8rq
2026-07-31T21:05:03.199+06:00  INFO 577828 --- [pangochain-backend] [io-8080-exec-12] c.pangochain.backend.ipfs.IpfsService    : Fetched 780 bytes from primary IPFS CID=QmdMbyBpoGFK1mURYDVGnjQ4AkNoJfnaBed6stWNVYy8rq
2026-07-31T21:05:03.199+06:00  INFO 577828 --- [pangochain-backend] [nio-8080-exec-5] c.pangochain.backend.ipfs.IpfsService    : Fetched 780 bytes from primary IPFS CID=QmdMbyBpoGFK1mURYDVGnjQ4AkNoJfnaBed6stWNVYy8rq
2026-07-31T21:05:03.203+06:00  INFO 577828 --- [pangochain-backend] [io-8080-exec-18] c.pangochain.backend.ipfs.IpfsService    : Fetched 780 bytes from primary IPFS CID=QmdMbyBpoGFK1mURYDVGnjQ4AkNoJfnaBed6stWNVYy8rq
2026-07-31T21:05:03.204+06:00  INFO 577828 --- [pangochain-backend] [io-8080-exec-10] c.pangochain.backend.ipfs.IpfsService    : Fetched 780 bytes from primary IPFS CID=QmdMbyBpoGFK1mURYDVGnjQ4AkNoJfnaBed6stWNVYy8rq
2026-07-31T21:05:03.204+06:00  INFO 577828 --- [pangochain-backend] [nio-8080-exec-1] c.pangochain.backend.ipfs.IpfsService    : Fetched 780 bytes from primary IPFS CID=QmdMbyBpoGFK1mURYDVGnjQ4AkNoJfnaBed6stWNVYy8rq
2026-07-31T21:05:03.205+06:00  INFO 577828 --- [pangochain-backend] [io-8080-exec-17] c.pangochain.backend.ipfs.IpfsService    : Fetched 780 bytes from primary IPFS CID=QmdMbyBpoGFK1mURYDVGnjQ4AkNoJfnaBed6stWNVYy8rq
2026-07-31T21:05:03.207+06:00  INFO 577828 --- [pangochain-backend] [nio-8080-exec-3] c.pangochain.backend.ipfs.IpfsService    : Fetched 780 bytes from primary IPFS CID=QmdMbyBpoGFK1mURYDVGnjQ4AkNoJfnaBed6stWNVYy8rq
2026-07-31T21:05:03.208+06:00  INFO 577828 --- [pangochain-backend] [nio-8080-exec-4] c.pangochain.backend.ipfs.IpfsService    : Fetched 780 bytes from primary IPFS CID=QmdMbyBpoGFK1mURYDVGnjQ4AkNoJfnaBed6stWNVYy8rq
2026-07-31T21:05:03.209+06:00  INFO 577828 --- [pangochain-backend] [io-8080-exec-16] c.pangochain.backend.ipfs.IpfsService    : Fetched 780 bytes from primary IPFS CID=QmdMbyBpoGFK1mURYDVGnjQ4AkNoJfnaBed6stWNVYy8rq
2026-07-31T21:05:03.212+06:00  INFO 577828 --- [pangochain-backend] [nio-8080-exec-2] c.pangochain.backend.ipfs.IpfsService    : Fetched 780 bytes from primary IPFS CID=QmdMbyBpoGFK1mURYDVGnjQ4AkNoJfnaBed6stWNVYy8rq
2026-07-31T21:05:03.214+06:00  INFO 577828 --- [pangochain-backend] [io-8080-exec-15] c.pangochain.backend.ipfs.IpfsService    : Fetched 780 bytes from primary IPFS CID=QmdMbyBpoGFK1mURYDVGnjQ4AkNoJfnaBed6stWNVYy8rq
2026-07-31T21:05:03.215+06:00  INFO 577828 --- [pangochain-backend] [nio-8080-exec-8] c.pangochain.backend.ipfs.IpfsService    : Fetched 780 bytes from primary IPFS CID=QmdMbyBpoGFK1mURYDVGnjQ4AkNoJfnaBed6stWNVYy8rq
2026-07-31T21:05:03.216+06:00  INFO 577828 --- [pangochain-backend] [io-8080-exec-19] c.pangochain.backend.ipfs.IpfsService    : Fetched 780 bytes from primary IPFS CID=QmdMbyBpoGFK1mURYDVGnjQ4AkNoJfnaBed6stWNVYy8rq
2026-07-31T21:05:03.216+06:00  INFO 577828 --- [pangochain-backend] [io-8080-exec-20] c.pangochain.backend.ipfs.IpfsService    : Fetched 780 bytes from primary IPFS CID=QmdMbyBpoGFK1mURYDVGnjQ4AkNoJfnaBed6stWNVYy8rq
2026-07-31T21:05:03.218+06:00  INFO 577828 --- [pangochain-backend] [nio-8080-exec-7] c.pangochain.backend.ipfs.IpfsService    : Fetched 780 bytes from primary IPFS CID=QmdMbyBpoGFK1mURYDVGnjQ4AkNoJfnaBed6stWNVYy8rq
2026-07-31T21:05:03.219+06:00  INFO 577828 --- [pangochain-backend] [io-8080-exec-14] c.pangochain.backend.ipfs.IpfsService    : Fetched 780 bytes from primary IPFS CID=QmdMbyBpoGFK1mURYDVGnjQ4AkNoJfnaBed6stWNVYy8rq
2026-07-31T21:05:03.220+06:00  INFO 577828 --- [pangochain-backend] [io-8080-exec-11] c.pangochain.backend.ipfs.IpfsService    : Fetched 780 bytes from primary IPFS CID=QmdMbyBpoGFK1mURYDVGnjQ4AkNoJfnaBed6stWNVYy8rq
2026-07-31T21:05:03.220+06:00  INFO 577828 --- [pangochain-backend] [nio-8080-exec-9] c.pangochain.backend.ipfs.IpfsService    : Fetched 780 bytes from primary IPFS CID=QmdMbyBpoGFK1mURYDVGnjQ4AkNoJfnaBed6stWNVYy8rq
2026-07-31T21:05:03.223+06:00  INFO 577828 --- [pangochain-backend] [nio-8080-exec-4] c.pangochain.backend.ipfs.IpfsService    : Fetched 780 bytes from primary IPFS CID=QmdMbyBpoGFK1mURYDVGnjQ4AkNoJfnaBed6stWNVYy8rq
2026-07-31T21:05:03.226+06:00  INFO 577828 --- [pangochain-backend] [io-8080-exec-12] c.pangochain.backend.ipfs.IpfsService    : Fetched 780 bytes from primary IPFS CID=QmdMbyBpoGFK1mURYDVGnjQ4AkNoJfnaBed6stWNVYy8rq
2026-07-31T21:05:03.226+06:00  INFO 577828 --- [pangochain-backend] [nio-8080-exec-8] c.pangochain.backend.ipfs.IpfsService    : Fetched 780 bytes from primary IPFS CID=QmdMbyBpoGFK1mURYDVGnjQ4AkNoJfnaBed6stWNVYy8rq
2026-07-31T21:05:03.232+06:00  INFO 577828 --- [pangochain-backend] [io-8080-exec-11] c.pangochain.backend.ipfs.IpfsService    : Fetched 780 bytes from primary IPFS CID=QmdMbyBpoGFK1mURYDVGnjQ4AkNoJfnaBed6stWNVYy8rq
2026-07-31T21:05:03.234+06:00  INFO 577828 --- [pangochain-backend] [io-8080-exec-19] c.pangochain.backend.ipfs.IpfsService    : Fetched 780 bytes from primary IPFS CID=QmdMbyBpoGFK1mURYDVGnjQ4AkNoJfnaBed6stWNVYy8rq
2026-07-31T21:05:03.236+06:00  INFO 577828 --- [pangochain-backend] [io-8080-exec-13] c.pangochain.backend.ipfs.IpfsService    : Fetched 780 bytes from primary IPFS CID=QmdMbyBpoGFK1mURYDVGnjQ4AkNoJfnaBed6stWNVYy8rq
2026-07-31T21:05:03.237+06:00  INFO 577828 --- [pangochain-backend] [io-8080-exec-18] c.pangochain.backend.ipfs.IpfsService    : Fetched 780 bytes from primary IPFS CID=QmdMbyBpoGFK1mURYDVGnjQ4AkNoJfnaBed6stWNVYy8rq
2026-07-31T21:05:03.237+06:00  INFO 577828 --- [pangochain-backend] [nio-8080-exec-9] c.pangochain.backend.ipfs.IpfsService    : Fetched 780 bytes from primary IPFS CID=QmdMbyBpoGFK1mURYDVGnjQ4AkNoJfnaBed6stWNVYy8rq
2026-07-31T21:05:03.239+06:00  INFO 577828 --- [pangochain-backend] [nio-8080-exec-6] c.pangochain.backend.ipfs.IpfsService    : Fetched 780 bytes from primary IPFS CID=QmdMbyBpoGFK1mURYDVGnjQ4AkNoJfnaBed6stWNVYy8rq
2026-07-31T21:05:03.240+06:00  INFO 577828 --- [pangochain-backend] [nio-8080-exec-5] c.pangochain.backend.ipfs.IpfsService    : Fetched 780 bytes from primary IPFS CID=QmdMbyBpoGFK1mURYDVGnjQ4AkNoJfnaBed6stWNVYy8rq
2026-07-31T21:05:03.241+06:00  INFO 577828 --- [pangochain-backend] [nio-8080-exec-1] c.pangochain.backend.ipfs.IpfsService    : Fetched 780 bytes from primary IPFS CID=QmdMbyBpoGFK1mURYDVGnjQ4AkNoJfnaBed6stWNVYy8rq
2026-07-31T21:05:03.245+06:00  INFO 577828 --- [pangochain-backend] [io-8080-exec-17] c.pangochain.backend.ipfs.IpfsService    : Fetched 780 bytes from primary IPFS CID=QmdMbyBpoGFK1mURYDVGnjQ4AkNoJfnaBed6stWNVYy8rq
2026-07-31T21:05:03.245+06:00  INFO 577828 --- [pangochain-backend] [io-8080-exec-13] c.pangochain.backend.ipfs.IpfsService    : Fetched 780 bytes from primary IPFS CID=QmdMbyBpoGFK1mURYDVGnjQ4AkNoJfnaBed6stWNVYy8rq
2026-07-31T21:05:03.246+06:00  INFO 577828 --- [pangochain-backend] [nio-8080-exec-3] c.pangochain.backend.ipfs.IpfsService    : Fetched 780 bytes from primary IPFS CID=QmdMbyBpoGFK1mURYDVGnjQ4AkNoJfnaBed6stWNVYy8rq
2026-07-31T21:05:03.248+06:00  INFO 577828 --- [pangochain-backend] [nio-8080-exec-6] c.pangochain.backend.ipfs.IpfsService    : Fetched 780 bytes from primary IPFS CID=QmdMbyBpoGFK1mURYDVGnjQ4AkNoJfnaBed6stWNVYy8rq
2026-07-31T21:05:03.249+06:00  INFO 577828 --- [pangochain-backend] [io-8080-exec-20] c.pangochain.backend.ipfs.IpfsService    : Fetched 780 bytes from primary IPFS CID=QmdMbyBpoGFK1mURYDVGnjQ4AkNoJfnaBed6stWNVYy8rq
2026-07-31T21:05:03.250+06:00  INFO 577828 --- [pangochain-backend] [io-8080-exec-10] c.pangochain.backend.ipfs.IpfsService    : Fetched 780 bytes from primary IPFS CID=QmdMbyBpoGFK1mURYDVGnjQ4AkNoJfnaBed6stWNVYy8rq
2026-07-31T21:05:03.256+06:00  INFO 577828 --- [pangochain-backend] [io-8080-exec-11] c.pangochain.backend.ipfs.IpfsService    : Fetched 780 bytes from primary IPFS CID=QmdMbyBpoGFK1mURYDVGnjQ4AkNoJfnaBed6stWNVYy8rq
2026-07-31T21:05:03.256+06:00  INFO 577828 --- [pangochain-backend] [nio-8080-exec-7] c.pangochain.backend.ipfs.IpfsService    : Fetched 780 bytes from primary IPFS CID=QmdMbyBpoGFK1mURYDVGnjQ4AkNoJfnaBed6stWNVYy8rq
2026-07-31T21:05:03.259+06:00  INFO 577828 --- [pangochain-backend] [nio-8080-exec-8] c.pangochain.backend.ipfs.IpfsService    : Fetched 780 bytes from primary IPFS CID=QmdMbyBpoGFK1mURYDVGnjQ4AkNoJfnaBed6stWNVYy8rq
2026-07-31T21:05:03.261+06:00  INFO 577828 --- [pangochain-backend] [io-8080-exec-14] c.pangochain.backend.ipfs.IpfsService    : Fetched 780 bytes from primary IPFS CID=QmdMbyBpoGFK1mURYDVGnjQ4AkNoJfnaBed6stWNVYy8rq
2026-07-31T21:05:03.266+06:00  INFO 577828 --- [pangochain-backend] [nio-8080-exec-2] c.pangochain.backend.ipfs.IpfsService    : Fetched 780 bytes from primary IPFS CID=QmdMbyBpoGFK1mURYDVGnjQ4AkNoJfnaBed6stWNVYy8rq
2026-07-31T21:05:03.266+06:00  INFO 577828 --- [pangochain-backend] [io-8080-exec-19] c.pangochain.backend.ipfs.IpfsService    : Fetched 780 bytes from primary IPFS CID=QmdMbyBpoGFK1mURYDVGnjQ4AkNoJfnaBed6stWNVYy8rq
2026-07-31T21:05:03.269+06:00  INFO 577828 --- [pangochain-backend] [io-8080-exec-12] c.pangochain.backend.ipfs.IpfsService    : Fetched 780 bytes from primary IPFS CID=QmdMbyBpoGFK1mURYDVGnjQ4AkNoJfnaBed6stWNVYy8rq
2026-07-31T21:05:03.272+06:00  INFO 577828 --- [pangochain-backend] [io-8080-exec-10] c.pangochain.backend.ipfs.IpfsService    : Fetched 780 bytes from primary IPFS CID=QmdMbyBpoGFK1mURYDVGnjQ4AkNoJfnaBed6stWNVYy8rq
2026-07-31T21:05:03.289+06:00  INFO 577828 --- [pangochain-backend] [io-8080-exec-16] c.pangochain.backend.ipfs.IpfsService    : Fetched 780 bytes from primary IPFS CID=QmdMbyBpoGFK1mURYDVGnjQ4AkNoJfnaBed6stWNVYy8rq
2026-07-31T21:05:03.305+06:00  INFO 577828 --- [pangochain-backend] [nio-8080-exec-4] c.pangochain.backend.ipfs.IpfsService    : Fetched 780 bytes from primary IPFS CID=QmdMbyBpoGFK1mURYDVGnjQ4AkNoJfnaBed6stWNVYy8rq
2026-07-31T21:05:03.315+06:00  INFO 577828 --- [pangochain-backend] [io-8080-exec-18] c.pangochain.backend.ipfs.IpfsService    : Fetched 780 bytes from primary IPFS CID=QmdMbyBpoGFK1mURYDVGnjQ4AkNoJfnaBed6stWNVYy8rq
2026-07-31T21:05:03.324+06:00  INFO 577828 --- [pangochain-backend] [nio-8080-exec-7] c.pangochain.backend.ipfs.IpfsService    : Fetched 780 bytes from primary IPFS CID=QmdMbyBpoGFK1mURYDVGnjQ4AkNoJfnaBed6stWNVYy8rq
2026-07-31T21:05:03.382+06:00  INFO 577828 --- [pangochain-backend] [nio-8080-exec-8] c.pangochain.backend.ipfs.IpfsService    : Fetched 780 bytes from primary IPFS CID=QmdMbyBpoGFK1mURYDVGnjQ4AkNoJfnaBed6stWNVYy8rq
2026-07-31T21:05:03.387+06:00  INFO 577828 --- [pangochain-backend] [io-8080-exec-14] c.pangochain.backend.ipfs.IpfsService    : Fetched 780 bytes from primary IPFS CID=QmdMbyBpoGFK1mURYDVGnjQ4AkNoJfnaBed6stWNVYy8rq
2026-07-31T21:05:03.388+06:00  INFO 577828 --- [pangochain-backend] [nio-8080-exec-5] c.pangochain.backend.ipfs.IpfsService    : Fetched 780 bytes from primary IPFS CID=QmdMbyBpoGFK1mURYDVGnjQ4AkNoJfnaBed6stWNVYy8rq
2026-07-31T21:05:03.389+06:00  INFO 577828 --- [pangochain-backend] [io-8080-exec-10] c.pangochain.backend.ipfs.IpfsService    : Fetched 780 bytes from primary IPFS CID=QmdMbyBpoGFK1mURYDVGnjQ4AkNoJfnaBed6stWNVYy8rq
2026-07-31T21:05:03.389+06:00  INFO 577828 --- [pangochain-backend] [io-8080-exec-15] c.pangochain.backend.ipfs.IpfsService    : Fetched 780 bytes from primary IPFS CID=QmdMbyBpoGFK1mURYDVGnjQ4AkNoJfnaBed6stWNVYy8rq
2026-07-31T21:05:03.394+06:00  INFO 577828 --- [pangochain-backend] [nio-8080-exec-2] c.pangochain.backend.ipfs.IpfsService    : Fetched 780 bytes from primary IPFS CID=QmdMbyBpoGFK1mURYDVGnjQ4AkNoJfnaBed6stWNVYy8rq
2026-07-31T21:05:03.394+06:00  INFO 577828 --- [pangochain-backend] [io-8080-exec-19] c.pangochain.backend.ipfs.IpfsService    : Fetched 780 bytes from primary IPFS CID=QmdMbyBpoGFK1mURYDVGnjQ4AkNoJfnaBed6stWNVYy8rq
2026-07-31T21:05:03.399+06:00  INFO 577828 --- [pangochain-backend] [nio-8080-exec-1] c.pangochain.backend.ipfs.IpfsService    : Fetched 780 bytes from primary IPFS CID=QmdMbyBpoGFK1mURYDVGnjQ4AkNoJfnaBed6stWNVYy8rq
2026-07-31T21:05:03.399+06:00  INFO 577828 --- [pangochain-backend] [io-8080-exec-17] c.pangochain.backend.ipfs.IpfsService    : Fetched 780 bytes from primary IPFS CID=QmdMbyBpoGFK1mURYDVGnjQ4AkNoJfnaBed6stWNVYy8rq
2026-07-31T21:05:03.400+06:00  INFO 577828 --- [pangochain-backend] [   async-task-8] c.p.b.blockchain.FabricGatewayService    : Fabric tx committed: fn=LogAuditEvent txId=f98e7797fb25f5966808348d5551dd27213138a55c609429bf59e1ebbcc0ef12
2026-07-31T21:05:03.401+06:00  INFO 577828 --- [pangochain-backend] [   async-task-6] c.p.b.blockchain.FabricGatewayService    : Fabric tx committed: fn=LogAuditEvent txId=205da88caf6478e398d47f0abaab31bd8354dd6c226e08223b5f69beea7a81a4
2026-07-31T21:05:03.401+06:00  INFO 577828 --- [pangochain-backend] [nio-8080-exec-3] c.pangochain.backend.ipfs.IpfsService    : Fetched 780 bytes from primary IPFS CID=QmdMbyBpoGFK1mURYDVGnjQ4AkNoJfnaBed6stWNVYy8rq
2026-07-31T21:05:03.402+06:00  INFO 577828 --- [pangochain-backend] [   async-task-2] c.p.b.blockchain.FabricGatewayService    : Fabric tx committed: fn=LogAuditEvent txId=feab0ded55457c0736eb6674c627ad9b2d56bfc99a8885efa90eb4b9f369da84
2026-07-31T21:05:03.403+06:00  INFO 577828 --- [pangochain-backend] [   async-task-3] c.p.b.blockchain.FabricGatewayService    : Fabric tx committed: fn=LogAuditEvent txId=d2583c3d9c5f25bd6c7f69a1643e35bb17f25734bec0772576827a7d2934b984
2026-07-31T21:05:03.403+06:00  INFO 577828 --- [pangochain-backend] [   async-task-7] c.p.b.blockchain.FabricGatewayService    : Fabric tx committed: fn=LogAuditEvent txId=e9dbecf4789cd7742031abe9ccb1d86c39088eab358015e885b4202dc7dedd19
2026-07-31T21:05:03.403+06:00  INFO 577828 --- [pangochain-backend] [   async-task-1] c.p.b.blockchain.FabricGatewayService    : Fabric tx committed: fn=LogAuditEvent txId=31cd1a09e55271f9dd3bd964c0332e2c903efe36ffdda9241cf7df8625e49a33
2026-07-31T21:05:03.403+06:00  INFO 577828 --- [pangochain-backend] [   async-task-5] c.p.b.blockchain.FabricGatewayService    : Fabric tx committed: fn=LogAuditEvent txId=608348da4f499c0a3faba4ce9169a8dd2322b8cca268a034f7157651c4543ece
2026-07-31T21:05:03.404+06:00  INFO 577828 --- [pangochain-backend] [   async-task-4] c.p.b.blockchain.FabricGatewayService    : Fabric tx committed: fn=LogAuditEvent txId=0589aa4ab58061845de5040bae133f506d87466b4e6ed6f076f11c318771636c
2026-07-31T21:05:03.406+06:00  INFO 577828 --- [pangochain-backend] [io-8080-exec-13] c.pangochain.backend.ipfs.IpfsService    : Fetched 780 bytes from primary IPFS CID=QmdMbyBpoGFK1mURYDVGnjQ4AkNoJfnaBed6stWNVYy8rq
2026-07-31T21:05:03.406+06:00  INFO 577828 --- [pangochain-backend] [io-8080-exec-20] c.pangochain.backend.ipfs.IpfsService    : Fetched 780 bytes from primary IPFS CID=QmdMbyBpoGFK1mURYDVGnjQ4AkNoJfnaBed6stWNVYy8rq
2026-07-31T21:05:03.407+06:00  INFO 577828 --- [pangochain-backend] [io-8080-exec-11] c.pangochain.backend.ipfs.IpfsService    : Fetched 780 bytes from primary IPFS CID=QmdMbyBpoGFK1mURYDVGnjQ4AkNoJfnaBed6stWNVYy8rq
2026-07-31T21:05:03.408+06:00  INFO 577828 --- [pangochain-backend] [nio-8080-exec-6] c.pangochain.backend.ipfs.IpfsService    : Fetched 780 bytes from primary IPFS CID=QmdMbyBpoGFK1mURYDVGnjQ4AkNoJfnaBed6stWNVYy8rq
2026-07-31T21:05:03.409+06:00  INFO 577828 --- [pangochain-backend] [nio-8080-exec-9] c.pangochain.backend.ipfs.IpfsService    : Fetched 780 bytes from primary IPFS CID=QmdMbyBpoGFK1mURYDVGnjQ4AkNoJfnaBed6stWNVYy8rq
2026-07-31T21:05:03.409+06:00  INFO 577828 --- [pangochain-backend] [io-8080-exec-19] c.pangochain.backend.ipfs.IpfsService    : Fetched 780 bytes from primary IPFS CID=QmdMbyBpoGFK1mURYDVGnjQ4AkNoJfnaBed6stWNVYy8rq
2026-07-31T21:05:03.419+06:00  INFO 577828 --- [pangochain-backend] [io-8080-exec-18] c.pangochain.backend.ipfs.IpfsService    : Fetched 780 bytes from primary IPFS CID=QmdMbyBpoGFK1mURYDVGnjQ4AkNoJfnaBed6stWNVYy8rq
2026-07-31T21:05:03.421+06:00  INFO 577828 --- [pangochain-backend] [io-8080-exec-10] c.pangochain.backend.ipfs.IpfsService    : Fetched 780 bytes from primary IPFS CID=QmdMbyBpoGFK1mURYDVGnjQ4AkNoJfnaBed6stWNVYy8rq
2026-07-31T21:05:03.423+06:00  INFO 577828 --- [pangochain-backend] [nio-8080-exec-5] c.pangochain.backend.ipfs.IpfsService    : Fetched 780 bytes from primary IPFS CID=QmdMbyBpoGFK1mURYDVGnjQ4AkNoJfnaBed6stWNVYy8rq
2026-07-31T21:05:03.424+06:00  INFO 577828 --- [pangochain-backend] [nio-8080-exec-6] c.pangochain.backend.ipfs.IpfsService    : Fetched 780 bytes from primary IPFS CID=QmdMbyBpoGFK1mURYDVGnjQ4AkNoJfnaBed6stWNVYy8rq
2026-07-31T21:05:03.424+06:00  INFO 577828 --- [pangochain-backend] [io-8080-exec-14] c.pangochain.backend.ipfs.IpfsService    : Fetched 780 bytes from primary IPFS CID=QmdMbyBpoGFK1mURYDVGnjQ4AkNoJfnaBed6stWNVYy8rq
2026-07-31T21:05:03.425+06:00  INFO 577828 --- [pangochain-backend] [nio-8080-exec-4] c.pangochain.backend.ipfs.IpfsService    : Fetched 780 bytes from primary IPFS CID=QmdMbyBpoGFK1mURYDVGnjQ4AkNoJfnaBed6stWNVYy8rq
2026-07-31T21:05:03.426+06:00  INFO 577828 --- [pangochain-backend] [io-8080-exec-16] c.pangochain.backend.ipfs.IpfsService    : Fetched 780 bytes from primary IPFS CID=QmdMbyBpoGFK1mURYDVGnjQ4AkNoJfnaBed6stWNVYy8rq
2026-07-31T21:05:03.427+06:00  INFO 577828 --- [pangochain-backend] [nio-8080-exec-8] c.pangochain.backend.ipfs.IpfsService    : Fetched 780 bytes from primary IPFS CID=QmdMbyBpoGFK1mURYDVGnjQ4AkNoJfnaBed6stWNVYy8rq
2026-07-31T21:05:03.427+06:00  INFO 577828 --- [pangochain-backend] [nio-8080-exec-7] c.pangochain.backend.ipfs.IpfsService    : Fetched 780 bytes from primary IPFS CID=QmdMbyBpoGFK1mURYDVGnjQ4AkNoJfnaBed6stWNVYy8rq
2026-07-31T21:05:03.437+06:00  INFO 577828 --- [pangochain-backend] [io-8080-exec-15] c.pangochain.backend.ipfs.IpfsService    : Fetched 780 bytes from primary IPFS CID=QmdMbyBpoGFK1mURYDVGnjQ4AkNoJfnaBed6stWNVYy8rq
2026-07-31T21:05:03.438+06:00  INFO 577828 --- [pangochain-backend] [nio-8080-exec-1] c.pangochain.backend.ipfs.IpfsService    : Fetched 780 bytes from primary IPFS CID=QmdMbyBpoGFK1mURYDVGnjQ4AkNoJfnaBed6stWNVYy8rq
2026-07-31T21:05:03.442+06:00  INFO 577828 --- [pangochain-backend] [nio-8080-exec-2] c.pangochain.backend.ipfs.IpfsService    : Fetched 780 bytes from primary IPFS CID=QmdMbyBpoGFK1mURYDVGnjQ4AkNoJfnaBed6stWNVYy8rq
2026-07-31T21:05:03.443+06:00  INFO 577828 --- [pangochain-backend] [io-8080-exec-13] c.pangochain.backend.ipfs.IpfsService    : Fetched 780 bytes from primary IPFS CID=QmdMbyBpoGFK1mURYDVGnjQ4AkNoJfnaBed6stWNVYy8rq
2026-07-31T21:05:03.446+06:00  INFO 577828 --- [pangochain-backend] [io-8080-exec-20] c.pangochain.backend.ipfs.IpfsService    : Fetched 780 bytes from primary IPFS CID=QmdMbyBpoGFK1mURYDVGnjQ4AkNoJfnaBed6stWNVYy8rq
2026-07-31T21:05:03.447+06:00  INFO 577828 --- [pangochain-backend] [io-8080-exec-12] c.pangochain.backend.ipfs.IpfsService    : Fetched 780 bytes from primary IPFS CID=QmdMbyBpoGFK1mURYDVGnjQ4AkNoJfnaBed6stWNVYy8rq
2026-07-31T21:05:03.448+06:00  INFO 577828 --- [pangochain-backend] [nio-8080-exec-3] c.pangochain.backend.ipfs.IpfsService    : Fetched 780 bytes from primary IPFS CID=QmdMbyBpoGFK1mURYDVGnjQ4AkNoJfnaBed6stWNVYy8rq
2026-07-31T21:05:03.449+06:00  INFO 577828 --- [pangochain-backend] [io-8080-exec-18] c.pangochain.backend.ipfs.IpfsService    : Fetched 780 bytes from primary IPFS CID=QmdMbyBpoGFK1mURYDVGnjQ4AkNoJfnaBed6stWNVYy8rq
2026-07-31T21:05:03.450+06:00  INFO 577828 --- [pangochain-backend] [io-8080-exec-14] c.pangochain.backend.ipfs.IpfsService    : Fetched 780 bytes from primary IPFS CID=QmdMbyBpoGFK1mURYDVGnjQ4AkNoJfnaBed6stWNVYy8rq
2026-07-31T21:05:03.452+06:00  INFO 577828 --- [pangochain-backend] [io-8080-exec-17] c.pangochain.backend.ipfs.IpfsService    : Fetched 780 bytes from primary IPFS CID=QmdMbyBpoGFK1mURYDVGnjQ4AkNoJfnaBed6stWNVYy8rq
2026-07-31T21:05:03.453+06:00  INFO 577828 --- [pangochain-backend] [nio-8080-exec-9] c.pangochain.backend.ipfs.IpfsService    : Fetched 780 bytes from primary IPFS CID=QmdMbyBpoGFK1mURYDVGnjQ4AkNoJfnaBed6stWNVYy8rq
2026-07-31T21:05:03.460+06:00  INFO 577828 --- [pangochain-backend] [nio-8080-exec-1] c.pangochain.backend.ipfs.IpfsService    : Fetched 780 bytes from primary IPFS CID=QmdMbyBpoGFK1mURYDVGnjQ4AkNoJfnaBed6stWNVYy8rq
2026-07-31T21:05:03.460+06:00  INFO 577828 --- [pangochain-backend] [io-8080-exec-19] c.pangochain.backend.ipfs.IpfsService    : Fetched 780 bytes from primary IPFS CID=QmdMbyBpoGFK1mURYDVGnjQ4AkNoJfnaBed6stWNVYy8rq
2026-07-31T21:05:03.460+06:00  INFO 577828 --- [pangochain-backend] [io-8080-exec-11] c.pangochain.backend.ipfs.IpfsService    : Fetched 780 bytes from primary IPFS CID=QmdMbyBpoGFK1mURYDVGnjQ4AkNoJfnaBed6stWNVYy8rq
2026-07-31T21:05:03.462+06:00  INFO 577828 --- [pangochain-backend] [nio-8080-exec-5] c.pangochain.backend.ipfs.IpfsService    : Fetched 780 bytes from primary IPFS CID=QmdMbyBpoGFK1mURYDVGnjQ4AkNoJfnaBed6stWNVYy8rq
2026-07-31T21:05:03.466+06:00  INFO 577828 --- [pangochain-backend] [nio-8080-exec-4] c.pangochain.backend.ipfs.IpfsService    : Fetched 780 bytes from primary IPFS CID=QmdMbyBpoGFK1mURYDVGnjQ4AkNoJfnaBed6stWNVYy8rq
2026-07-31T21:05:03.467+06:00  INFO 577828 --- [pangochain-backend] [nio-8080-exec-7] c.pangochain.backend.ipfs.IpfsService    : Fetched 780 bytes from primary IPFS CID=QmdMbyBpoGFK1mURYDVGnjQ4AkNoJfnaBed6stWNVYy8rq
2026-07-31T21:05:03.471+06:00  INFO 577828 --- [pangochain-backend] [io-8080-exec-13] c.pangochain.backend.ipfs.IpfsService    : Fetched 780 bytes from primary IPFS CID=QmdMbyBpoGFK1mURYDVGnjQ4AkNoJfnaBed6stWNVYy8rq
2026-07-31T21:05:03.471+06:00  INFO 577828 --- [pangochain-backend] [nio-8080-exec-2] c.pangochain.backend.ipfs.IpfsService    : Fetched 780 bytes from primary IPFS CID=QmdMbyBpoGFK1mURYDVGnjQ4AkNoJfnaBed6stWNVYy8rq
2026-07-31T21:05:03.472+06:00  INFO 577828 --- [pangochain-backend] [io-8080-exec-16] c.pangochain.backend.ipfs.IpfsService    : Fetched 780 bytes from primary IPFS CID=QmdMbyBpoGFK1mURYDVGnjQ4AkNoJfnaBed6stWNVYy8rq
2026-07-31T21:05:03.472+06:00  INFO 577828 --- [pangochain-backend] [io-8080-exec-10] c.pangochain.backend.ipfs.IpfsService    : Fetched 780 bytes from primary IPFS CID=QmdMbyBpoGFK1mURYDVGnjQ4AkNoJfnaBed6stWNVYy8rq
2026-07-31T21:05:03.473+06:00  INFO 577828 --- [pangochain-backend] [nio-8080-exec-8] c.pangochain.backend.ipfs.IpfsService    : Fetched 780 bytes from primary IPFS CID=QmdMbyBpoGFK1mURYDVGnjQ4AkNoJfnaBed6stWNVYy8rq
2026-07-31T21:05:03.474+06:00  INFO 577828 --- [pangochain-backend] [io-8080-exec-15] c.pangochain.backend.ipfs.IpfsService    : Fetched 780 bytes from primary IPFS CID=QmdMbyBpoGFK1mURYDVGnjQ4AkNoJfnaBed6stWNVYy8rq
2026-07-31T21:05:03.476+06:00  INFO 577828 --- [pangochain-backend] [nio-8080-exec-6] c.pangochain.backend.ipfs.IpfsService    : Fetched 780 bytes from primary IPFS CID=QmdMbyBpoGFK1mURYDVGnjQ4AkNoJfnaBed6stWNVYy8rq
2026-07-31T21:05:03.482+06:00  INFO 577828 --- [pangochain-backend] [io-8080-exec-12] c.pangochain.backend.ipfs.IpfsService    : Fetched 780 bytes from primary IPFS CID=QmdMbyBpoGFK1mURYDVGnjQ4AkNoJfnaBed6stWNVYy8rq
2026-07-31T21:05:03.483+06:00  INFO 577828 --- [pangochain-backend] [nio-8080-exec-7] c.pangochain.backend.ipfs.IpfsService    : Fetched 780 bytes from primary IPFS CID=QmdMbyBpoGFK1mURYDVGnjQ4AkNoJfnaBed6stWNVYy8rq
2026-07-31T21:05:03.484+06:00  INFO 577828 --- [pangochain-backend] [io-8080-exec-14] c.pangochain.backend.ipfs.IpfsService    : Fetched 780 bytes from primary IPFS CID=QmdMbyBpoGFK1mURYDVGnjQ4AkNoJfnaBed6stWNVYy8rq
2026-07-31T21:05:03.486+06:00  INFO 577828 --- [pangochain-backend] [io-8080-exec-18] c.pangochain.backend.ipfs.IpfsService    : Fetched 780 bytes from primary IPFS CID=QmdMbyBpoGFK1mURYDVGnjQ4AkNoJfnaBed6stWNVYy8rq
2026-07-31T21:05:03.488+06:00  INFO 577828 --- [pangochain-backend] [io-8080-exec-20] c.pangochain.backend.ipfs.IpfsService    : Fetched 780 bytes from primary IPFS CID=QmdMbyBpoGFK1mURYDVGnjQ4AkNoJfnaBed6stWNVYy8rq
2026-07-31T21:05:03.490+06:00  INFO 577828 --- [pangochain-backend] [nio-8080-exec-8] c.pangochain.backend.ipfs.IpfsService    : Fetched 780 bytes from primary IPFS CID=QmdMbyBpoGFK1mURYDVGnjQ4AkNoJfnaBed6stWNVYy8rq
2026-07-31T21:05:03.490+06:00  INFO 577828 --- [pangochain-backend] [io-8080-exec-10] c.pangochain.backend.ipfs.IpfsService    : Fetched 780 bytes from primary IPFS CID=QmdMbyBpoGFK1mURYDVGnjQ4AkNoJfnaBed6stWNVYy8rq
2026-07-31T21:05:03.491+06:00  INFO 577828 --- [pangochain-backend] [io-8080-exec-16] c.pangochain.backend.ipfs.IpfsService    : Fetched 780 bytes from primary IPFS CID=QmdMbyBpoGFK1mURYDVGnjQ4AkNoJfnaBed6stWNVYy8rq
2026-07-31T21:05:03.491+06:00  INFO 577828 --- [pangochain-backend] [io-8080-exec-15] c.pangochain.backend.ipfs.IpfsService    : Fetched 780 bytes from primary IPFS CID=QmdMbyBpoGFK1mURYDVGnjQ4AkNoJfnaBed6stWNVYy8rq
2026-07-31T21:05:03.499+06:00  INFO 577828 --- [pangochain-backend] [io-8080-exec-18] c.pangochain.backend.ipfs.IpfsService    : Fetched 780 bytes from primary IPFS CID=QmdMbyBpoGFK1mURYDVGnjQ4AkNoJfnaBed6stWNVYy8rq
2026-07-31T21:05:03.499+06:00  INFO 577828 --- [pangochain-backend] [nio-8080-exec-6] c.pangochain.backend.ipfs.IpfsService    : Fetched 780 bytes from primary IPFS CID=QmdMbyBpoGFK1mURYDVGnjQ4AkNoJfnaBed6stWNVYy8rq
2026-07-31T21:05:03.499+06:00  INFO 577828 --- [pangochain-backend] [io-8080-exec-10] c.pangochain.backend.ipfs.IpfsService    : Fetched 780 bytes from primary IPFS CID=QmdMbyBpoGFK1mURYDVGnjQ4AkNoJfnaBed6stWNVYy8rq
2026-07-31T21:05:03.500+06:00  INFO 577828 --- [pangochain-backend] [io-8080-exec-20] c.pangochain.backend.ipfs.IpfsService    : Fetched 780 bytes from primary IPFS CID=QmdMbyBpoGFK1mURYDVGnjQ4AkNoJfnaBed6stWNVYy8rq
2026-07-31T21:05:03.500+06:00  INFO 577828 --- [pangochain-backend] [nio-8080-exec-9] c.pangochain.backend.ipfs.IpfsService    : Fetched 780 bytes from primary IPFS CID=QmdMbyBpoGFK1mURYDVGnjQ4AkNoJfnaBed6stWNVYy8rq
2026-07-31T21:05:03.500+06:00  INFO 577828 --- [pangochain-backend] [nio-8080-exec-7] c.pangochain.backend.ipfs.IpfsService    : Fetched 780 bytes from primary IPFS CID=QmdMbyBpoGFK1mURYDVGnjQ4AkNoJfnaBed6stWNVYy8rq
2026-07-31T21:05:03.501+06:00  INFO 577828 --- [pangochain-backend] [io-8080-exec-17] c.pangochain.backend.ipfs.IpfsService    : Fetched 780 bytes from primary IPFS CID=QmdMbyBpoGFK1mURYDVGnjQ4AkNoJfnaBed6stWNVYy8rq
2026-07-31T21:05:03.503+06:00  INFO 577828 --- [pangochain-backend] [nio-8080-exec-1] c.pangochain.backend.ipfs.IpfsService    : Fetched 780 bytes from primary IPFS CID=QmdMbyBpoGFK1mURYDVGnjQ4AkNoJfnaBed6stWNVYy8rq
2026-07-31T21:05:03.503+06:00  INFO 577828 --- [pangochain-backend] [io-8080-exec-19] c.pangochain.backend.ipfs.IpfsService    : Fetched 780 bytes from primary IPFS CID=QmdMbyBpoGFK1mURYDVGnjQ4AkNoJfnaBed6stWNVYy8rq
2026-07-31T21:05:03.503+06:00  INFO 577828 --- [pangochain-backend] [io-8080-exec-16] c.pangochain.backend.ipfs.IpfsService    : Fetched 780 bytes from primary IPFS CID=QmdMbyBpoGFK1mURYDVGnjQ4AkNoJfnaBed6stWNVYy8rq
2026-07-31T21:05:03.508+06:00  INFO 577828 --- [pangochain-backend] [nio-8080-exec-4] c.pangochain.backend.ipfs.IpfsService    : Fetched 780 bytes from primary IPFS CID=QmdMbyBpoGFK1mURYDVGnjQ4AkNoJfnaBed6stWNVYy8rq
2026-07-31T21:05:03.508+06:00  INFO 577828 --- [pangochain-backend] [io-8080-exec-13] c.pangochain.backend.ipfs.IpfsService    : Fetched 780 bytes from primary IPFS CID=QmdMbyBpoGFK1mURYDVGnjQ4AkNoJfnaBed6stWNVYy8rq
2026-07-31T21:05:03.508+06:00  INFO 577828 --- [pangochain-backend] [nio-8080-exec-5] c.pangochain.backend.ipfs.IpfsService    : Fetched 780 bytes from primary IPFS CID=QmdMbyBpoGFK1mURYDVGnjQ4AkNoJfnaBed6stWNVYy8rq
2026-07-31T21:05:03.508+06:00  INFO 577828 --- [pangochain-backend] [nio-8080-exec-3] c.pangochain.backend.ipfs.IpfsService    : Fetched 780 bytes from primary IPFS CID=QmdMbyBpoGFK1mURYDVGnjQ4AkNoJfnaBed6stWNVYy8rq
2026-07-31T21:05:03.513+06:00  INFO 577828 --- [pangochain-backend] [nio-8080-exec-8] c.pangochain.backend.ipfs.IpfsService    : Fetched 780 bytes from primary IPFS CID=QmdMbyBpoGFK1mURYDVGnjQ4AkNoJfnaBed6stWNVYy8rq
2026-07-31T21:05:03.513+06:00  INFO 577828 --- [pangochain-backend] [io-8080-exec-17] c.pangochain.backend.ipfs.IpfsService    : Fetched 780 bytes from primary IPFS CID=QmdMbyBpoGFK1mURYDVGnjQ4AkNoJfnaBed6stWNVYy8rq
2026-07-31T21:05:03.513+06:00  INFO 577828 --- [pangochain-backend] [io-8080-exec-12] c.pangochain.backend.ipfs.IpfsService    : Fetched 780 bytes from primary IPFS CID=QmdMbyBpoGFK1mURYDVGnjQ4AkNoJfnaBed6stWNVYy8rq
2026-07-31T21:05:03.513+06:00  INFO 577828 --- [pangochain-backend] [io-8080-exec-14] c.pangochain.backend.ipfs.IpfsService    : Fetched 780 bytes from primary IPFS CID=QmdMbyBpoGFK1mURYDVGnjQ4AkNoJfnaBed6stWNVYy8rq
2026-07-31T21:05:03.513+06:00  INFO 577828 --- [pangochain-backend] [io-8080-exec-11] c.pangochain.backend.ipfs.IpfsService    : Fetched 780 bytes from primary IPFS CID=QmdMbyBpoGFK1mURYDVGnjQ4AkNoJfnaBed6stWNVYy8rq
2026-07-31T21:05:03.513+06:00  INFO 577828 --- [pangochain-backend] [nio-8080-exec-2] c.pangochain.backend.ipfs.IpfsService    : Fetched 780 bytes from primary IPFS CID=QmdMbyBpoGFK1mURYDVGnjQ4AkNoJfnaBed6stWNVYy8rq
2026-07-31T21:05:03.515+06:00  INFO 577828 --- [pangochain-backend] [io-8080-exec-15] c.pangochain.backend.ipfs.IpfsService    : Fetched 780 bytes from primary IPFS CID=QmdMbyBpoGFK1mURYDVGnjQ4AkNoJfnaBed6stWNVYy8rq
2026-07-31T21:05:03.518+06:00  INFO 577828 --- [pangochain-backend] [io-8080-exec-18] c.pangochain.backend.ipfs.IpfsService    : Fetched 780 bytes from primary IPFS CID=QmdMbyBpoGFK1mURYDVGnjQ4AkNoJfnaBed6stWNVYy8rq
2026-07-31T21:05:03.520+06:00  INFO 577828 --- [pangochain-backend] [nio-8080-exec-3] c.pangochain.backend.ipfs.IpfsService    : Fetched 780 bytes from primary IPFS CID=QmdMbyBpoGFK1mURYDVGnjQ4AkNoJfnaBed6stWNVYy8rq
2026-07-31T21:05:03.520+06:00  INFO 577828 --- [pangochain-backend] [nio-8080-exec-5] c.pangochain.backend.ipfs.IpfsService    : Fetched 780 bytes from primary IPFS CID=QmdMbyBpoGFK1mURYDVGnjQ4AkNoJfnaBed6stWNVYy8rq
2026-07-31T21:05:03.521+06:00  INFO 577828 --- [pangochain-backend] [io-8080-exec-10] c.pangochain.backend.ipfs.IpfsService    : Fetched 780 bytes from primary IPFS CID=QmdMbyBpoGFK1mURYDVGnjQ4AkNoJfnaBed6stWNVYy8rq
2026-07-31T21:05:03.522+06:00  INFO 577828 --- [pangochain-backend] [nio-8080-exec-1] c.pangochain.backend.ipfs.IpfsService    : Fetched 780 bytes from primary IPFS CID=QmdMbyBpoGFK1mURYDVGnjQ4AkNoJfnaBed6stWNVYy8rq
2026-07-31T21:05:03.522+06:00  INFO 577828 --- [pangochain-backend] [nio-8080-exec-9] c.pangochain.backend.ipfs.IpfsService    : Fetched 780 bytes from primary IPFS CID=QmdMbyBpoGFK1mURYDVGnjQ4AkNoJfnaBed6stWNVYy8rq
2026-07-31T21:05:03.523+06:00  INFO 577828 --- [pangochain-backend] [io-8080-exec-20] c.pangochain.backend.ipfs.IpfsService    : Fetched 780 bytes from primary IPFS CID=QmdMbyBpoGFK1mURYDVGnjQ4AkNoJfnaBed6stWNVYy8rq
2026-07-31T21:05:03.523+06:00  INFO 577828 --- [pangochain-backend] [nio-8080-exec-6] c.pangochain.backend.ipfs.IpfsService    : Fetched 780 bytes from primary IPFS CID=QmdMbyBpoGFK1mURYDVGnjQ4AkNoJfnaBed6stWNVYy8rq
2026-07-31T21:05:03.523+06:00  INFO 577828 --- [pangochain-backend] [io-8080-exec-16] c.pangochain.backend.ipfs.IpfsService    : Fetched 780 bytes from primary IPFS CID=QmdMbyBpoGFK1mURYDVGnjQ4AkNoJfnaBed6stWNVYy8rq
2026-07-31T21:05:03.524+06:00  INFO 577828 --- [pangochain-backend] [nio-8080-exec-7] c.pangochain.backend.ipfs.IpfsService    : Fetched 780 bytes from primary IPFS CID=QmdMbyBpoGFK1mURYDVGnjQ4AkNoJfnaBed6stWNVYy8rq
2026-07-31T21:05:03.526+06:00  INFO 577828 --- [pangochain-backend] [io-8080-exec-19] c.pangochain.backend.ipfs.IpfsService    : Fetched 780 bytes from primary IPFS CID=QmdMbyBpoGFK1mURYDVGnjQ4AkNoJfnaBed6stWNVYy8rq
2026-07-31T21:05:03.528+06:00  INFO 577828 --- [pangochain-backend] [io-8080-exec-10] c.pangochain.backend.ipfs.IpfsService    : Fetched 780 bytes from primary IPFS CID=QmdMbyBpoGFK1mURYDVGnjQ4AkNoJfnaBed6stWNVYy8rq
2026-07-31T21:05:03.532+06:00  INFO 577828 --- [pangochain-backend] [io-8080-exec-14] c.pangochain.backend.ipfs.IpfsService    : Fetched 780 bytes from primary IPFS CID=QmdMbyBpoGFK1mURYDVGnjQ4AkNoJfnaBed6stWNVYy8rq
2026-07-31T21:05:03.534+06:00  INFO 577828 --- [pangochain-backend] [nio-8080-exec-9] c.pangochain.backend.ipfs.IpfsService    : Fetched 780 bytes from primary IPFS CID=QmdMbyBpoGFK1mURYDVGnjQ4AkNoJfnaBed6stWNVYy8rq
2026-07-31T21:05:03.534+06:00  INFO 577828 --- [pangochain-backend] [io-8080-exec-11] c.pangochain.backend.ipfs.IpfsService    : Fetched 780 bytes from primary IPFS CID=QmdMbyBpoGFK1mURYDVGnjQ4AkNoJfnaBed6stWNVYy8rq
2026-07-31T21:05:03.534+06:00  INFO 577828 --- [pangochain-backend] [io-8080-exec-15] c.pangochain.backend.ipfs.IpfsService    : Fetched 780 bytes from primary IPFS CID=QmdMbyBpoGFK1mURYDVGnjQ4AkNoJfnaBed6stWNVYy8rq
2026-07-31T21:05:03.534+06:00  INFO 577828 --- [pangochain-backend] [nio-8080-exec-6] c.pangochain.backend.ipfs.IpfsService    : Fetched 780 bytes from primary IPFS CID=QmdMbyBpoGFK1mURYDVGnjQ4AkNoJfnaBed6stWNVYy8rq
2026-07-31T21:05:03.535+06:00  INFO 577828 --- [pangochain-backend] [io-8080-exec-17] c.pangochain.backend.ipfs.IpfsService    : Fetched 780 bytes from primary IPFS CID=QmdMbyBpoGFK1mURYDVGnjQ4AkNoJfnaBed6stWNVYy8rq
2026-07-31T21:05:03.537+06:00  INFO 577828 --- [pangochain-backend] [nio-8080-exec-2] c.pangochain.backend.ipfs.IpfsService    : Fetched 780 bytes from primary IPFS CID=QmdMbyBpoGFK1mURYDVGnjQ4AkNoJfnaBed6stWNVYy8rq
2026-07-31T21:05:03.537+06:00  INFO 577828 --- [pangochain-backend] [nio-8080-exec-3] c.pangochain.backend.ipfs.IpfsService    : Fetched 780 bytes from primary IPFS CID=QmdMbyBpoGFK1mURYDVGnjQ4AkNoJfnaBed6stWNVYy8rq
2026-07-31T21:05:03.540+06:00  INFO 577828 --- [pangochain-backend] [io-8080-exec-18] c.pangochain.backend.ipfs.IpfsService    : Fetched 780 bytes from primary IPFS CID=QmdMbyBpoGFK1mURYDVGnjQ4AkNoJfnaBed6stWNVYy8rq
2026-07-31T21:05:03.541+06:00  INFO 577828 --- [pangochain-backend] [io-8080-exec-20] c.pangochain.backend.ipfs.IpfsService    : Fetched 780 bytes from primary IPFS CID=QmdMbyBpoGFK1mURYDVGnjQ4AkNoJfnaBed6stWNVYy8rq
2026-07-31T21:05:03.541+06:00  INFO 577828 --- [pangochain-backend] [io-8080-exec-13] c.pangochain.backend.ipfs.IpfsService    : Fetched 780 bytes from primary IPFS CID=QmdMbyBpoGFK1mURYDVGnjQ4AkNoJfnaBed6stWNVYy8rq
2026-07-31T21:05:03.541+06:00  INFO 577828 --- [pangochain-backend] [nio-8080-exec-5] c.pangochain.backend.ipfs.IpfsService    : Fetched 780 bytes from primary IPFS CID=QmdMbyBpoGFK1mURYDVGnjQ4AkNoJfnaBed6stWNVYy8rq
2026-07-31T21:05:03.542+06:00  INFO 577828 --- [pangochain-backend] [nio-8080-exec-1] c.pangochain.backend.ipfs.IpfsService    : Fetched 780 bytes from primary IPFS CID=QmdMbyBpoGFK1mURYDVGnjQ4AkNoJfnaBed6stWNVYy8rq
2026-07-31T21:05:03.544+06:00  INFO 577828 --- [pangochain-backend] [nio-8080-exec-4] c.pangochain.backend.ipfs.IpfsService    : Fetched 780 bytes from primary IPFS CID=QmdMbyBpoGFK1mURYDVGnjQ4AkNoJfnaBed6stWNVYy8rq
2026-07-31T21:05:03.544+06:00  INFO 577828 --- [pangochain-backend] [io-8080-exec-17] c.pangochain.backend.ipfs.IpfsService    : Fetched 780 bytes from primary IPFS CID=QmdMbyBpoGFK1mURYDVGnjQ4AkNoJfnaBed6stWNVYy8rq
2026-07-31T21:05:03.545+06:00  INFO 577828 --- [pangochain-backend] [io-8080-exec-12] c.pangochain.backend.ipfs.IpfsService    : Fetched 780 bytes from primary IPFS CID=QmdMbyBpoGFK1mURYDVGnjQ4AkNoJfnaBed6stWNVYy8rq
2026-07-31T21:05:03.548+06:00  INFO 577828 --- [pangochain-backend] [nio-8080-exec-8] c.pangochain.backend.ipfs.IpfsService    : Fetched 780 bytes from primary IPFS CID=QmdMbyBpoGFK1mURYDVGnjQ4AkNoJfnaBed6stWNVYy8rq
2026-07-31T21:05:03.550+06:00  INFO 577828 --- [pangochain-backend] [io-8080-exec-13] c.pangochain.backend.ipfs.IpfsService    : Fetched 780 bytes from primary IPFS CID=QmdMbyBpoGFK1mURYDVGnjQ4AkNoJfnaBed6stWNVYy8rq
2026-07-31T21:05:03.550+06:00  INFO 577828 --- [pangochain-backend] [io-8080-exec-14] c.pangochain.backend.ipfs.IpfsService    : Fetched 780 bytes from primary IPFS CID=QmdMbyBpoGFK1mURYDVGnjQ4AkNoJfnaBed6stWNVYy8rq
2026-07-31T21:05:03.550+06:00  INFO 577828 --- [pangochain-backend] [io-8080-exec-10] c.pangochain.backend.ipfs.IpfsService    : Fetched 780 bytes from primary IPFS CID=QmdMbyBpoGFK1mURYDVGnjQ4AkNoJfnaBed6stWNVYy8rq
2026-07-31T21:05:03.550+06:00  INFO 577828 --- [pangochain-backend] [io-8080-exec-16] c.pangochain.backend.ipfs.IpfsService    : Fetched 780 bytes from primary IPFS CID=QmdMbyBpoGFK1mURYDVGnjQ4AkNoJfnaBed6stWNVYy8rq
2026-07-31T21:05:03.550+06:00  INFO 577828 --- [pangochain-backend] [io-8080-exec-20] c.pangochain.backend.ipfs.IpfsService    : Fetched 780 bytes from primary IPFS CID=QmdMbyBpoGFK1mURYDVGnjQ4AkNoJfnaBed6stWNVYy8rq
2026-07-31T21:05:03.553+06:00  INFO 577828 --- [pangochain-backend] [io-8080-exec-19] c.pangochain.backend.ipfs.IpfsService    : Fetched 780 bytes from primary IPFS CID=QmdMbyBpoGFK1mURYDVGnjQ4AkNoJfnaBed6stWNVYy8rq
2026-07-31T21:05:03.555+06:00  INFO 577828 --- [pangochain-backend] [io-8080-exec-11] c.pangochain.backend.ipfs.IpfsService    : Fetched 780 bytes from primary IPFS CID=QmdMbyBpoGFK1mURYDVGnjQ4AkNoJfnaBed6stWNVYy8rq
2026-07-31T21:05:03.555+06:00  INFO 577828 --- [pangochain-backend] [nio-8080-exec-4] c.pangochain.backend.ipfs.IpfsService    : Fetched 780 bytes from primary IPFS CID=QmdMbyBpoGFK1mURYDVGnjQ4AkNoJfnaBed6stWNVYy8rq
2026-07-31T21:05:03.556+06:00  INFO 577828 --- [pangochain-backend] [io-8080-exec-12] c.pangochain.backend.ipfs.IpfsService    : Fetched 780 bytes from primary IPFS CID=QmdMbyBpoGFK1mURYDVGnjQ4AkNoJfnaBed6stWNVYy8rq
2026-07-31T21:05:03.559+06:00  INFO 577828 --- [pangochain-backend] [nio-8080-exec-9] c.pangochain.backend.ipfs.IpfsService    : Fetched 780 bytes from primary IPFS CID=QmdMbyBpoGFK1mURYDVGnjQ4AkNoJfnaBed6stWNVYy8rq
2026-07-31T21:05:03.559+06:00  INFO 577828 --- [pangochain-backend] [io-8080-exec-15] c.pangochain.backend.ipfs.IpfsService    : Fetched 780 bytes from primary IPFS CID=QmdMbyBpoGFK1mURYDVGnjQ4AkNoJfnaBed6stWNVYy8rq
2026-07-31T21:05:03.560+06:00  INFO 577828 --- [pangochain-backend] [nio-8080-exec-6] c.pangochain.backend.ipfs.IpfsService    : Fetched 780 bytes from primary IPFS CID=QmdMbyBpoGFK1mURYDVGnjQ4AkNoJfnaBed6stWNVYy8rq
2026-07-31T21:05:03.560+06:00  INFO 577828 --- [pangochain-backend] [io-8080-exec-18] c.pangochain.backend.ipfs.IpfsService    : Fetched 780 bytes from primary IPFS CID=QmdMbyBpoGFK1mURYDVGnjQ4AkNoJfnaBed6stWNVYy8rq
2026-07-31T21:05:03.563+06:00  INFO 577828 --- [pangochain-backend] [nio-8080-exec-2] c.pangochain.backend.ipfs.IpfsService    : Fetched 780 bytes from primary IPFS CID=QmdMbyBpoGFK1mURYDVGnjQ4AkNoJfnaBed6stWNVYy8rq
2026-07-31T21:05:03.563+06:00  INFO 577828 --- [pangochain-backend] [nio-8080-exec-3] c.pangochain.backend.ipfs.IpfsService    : Fetched 780 bytes from primary IPFS CID=QmdMbyBpoGFK1mURYDVGnjQ4AkNoJfnaBed6stWNVYy8rq
2026-07-31T21:05:03.565+06:00  INFO 577828 --- [pangochain-backend] [nio-8080-exec-7] c.pangochain.backend.ipfs.IpfsService    : Fetched 780 bytes from primary IPFS CID=QmdMbyBpoGFK1mURYDVGnjQ4AkNoJfnaBed6stWNVYy8rq
2026-07-31T21:05:03.565+06:00  INFO 577828 --- [pangochain-backend] [io-8080-exec-17] c.pangochain.backend.ipfs.IpfsService    : Fetched 780 bytes from primary IPFS CID=QmdMbyBpoGFK1mURYDVGnjQ4AkNoJfnaBed6stWNVYy8rq
2026-07-31T21:05:03.565+06:00  INFO 577828 --- [pangochain-backend] [nio-8080-exec-1] c.pangochain.backend.ipfs.IpfsService    : Fetched 780 bytes from primary IPFS CID=QmdMbyBpoGFK1mURYDVGnjQ4AkNoJfnaBed6stWNVYy8rq
2026-07-31T21:05:03.566+06:00  INFO 577828 --- [pangochain-backend] [nio-8080-exec-5] c.pangochain.backend.ipfs.IpfsService    : Fetched 780 bytes from primary IPFS CID=QmdMbyBpoGFK1mURYDVGnjQ4AkNoJfnaBed6stWNVYy8rq
2026-07-31T21:05:03.568+06:00  INFO 577828 --- [pangochain-backend] [io-8080-exec-15] c.pangochain.backend.ipfs.IpfsService    : Fetched 780 bytes from primary IPFS CID=QmdMbyBpoGFK1mURYDVGnjQ4AkNoJfnaBed6stWNVYy8rq
2026-07-31T21:05:03.568+06:00  INFO 577828 --- [pangochain-backend] [nio-8080-exec-8] c.pangochain.backend.ipfs.IpfsService    : Fetched 780 bytes from primary IPFS CID=QmdMbyBpoGFK1mURYDVGnjQ4AkNoJfnaBed6stWNVYy8rq
2026-07-31T21:05:03.570+06:00  INFO 577828 --- [pangochain-backend] [io-8080-exec-18] c.pangochain.backend.ipfs.IpfsService    : Fetched 780 bytes from primary IPFS CID=QmdMbyBpoGFK1mURYDVGnjQ4AkNoJfnaBed6stWNVYy8rq
2026-07-31T21:05:03.571+06:00  INFO 577828 --- [pangochain-backend] [io-8080-exec-16] c.pangochain.backend.ipfs.IpfsService    : Fetched 780 bytes from primary IPFS CID=QmdMbyBpoGFK1mURYDVGnjQ4AkNoJfnaBed6stWNVYy8rq
2026-07-31T21:05:03.572+06:00  INFO 577828 --- [pangochain-backend] [io-8080-exec-13] c.pangochain.backend.ipfs.IpfsService    : Fetched 780 bytes from primary IPFS CID=QmdMbyBpoGFK1mURYDVGnjQ4AkNoJfnaBed6stWNVYy8rq
2026-07-31T21:05:03.573+06:00  INFO 577828 --- [pangochain-backend] [io-8080-exec-17] c.pangochain.backend.ipfs.IpfsService    : Fetched 780 bytes from primary IPFS CID=QmdMbyBpoGFK1mURYDVGnjQ4AkNoJfnaBed6stWNVYy8rq
2026-07-31T21:05:03.573+06:00  INFO 577828 --- [pangochain-backend] [nio-8080-exec-3] c.pangochain.backend.ipfs.IpfsService    : Fetched 780 bytes from primary IPFS CID=QmdMbyBpoGFK1mURYDVGnjQ4AkNoJfnaBed6stWNVYy8rq
2026-07-31T21:05:03.574+06:00  INFO 577828 --- [pangochain-backend] [nio-8080-exec-7] c.pangochain.backend.ipfs.IpfsService    : Fetched 780 bytes from primary IPFS CID=QmdMbyBpoGFK1mURYDVGnjQ4AkNoJfnaBed6stWNVYy8rq
2026-07-31T21:05:03.574+06:00  INFO 577828 --- [pangochain-backend] [nio-8080-exec-1] c.pangochain.backend.ipfs.IpfsService    : Fetched 780 bytes from primary IPFS CID=QmdMbyBpoGFK1mURYDVGnjQ4AkNoJfnaBed6stWNVYy8rq
2026-07-31T21:05:03.575+06:00  INFO 577828 --- [pangochain-backend] [nio-8080-exec-5] c.pangochain.backend.ipfs.IpfsService    : Fetched 780 bytes from primary IPFS CID=QmdMbyBpoGFK1mURYDVGnjQ4AkNoJfnaBed6stWNVYy8rq
2026-07-31T21:05:03.578+06:00  INFO 577828 --- [pangochain-backend] [io-8080-exec-14] c.pangochain.backend.ipfs.IpfsService    : Fetched 780 bytes from primary IPFS CID=QmdMbyBpoGFK1mURYDVGnjQ4AkNoJfnaBed6stWNVYy8rq
2026-07-31T21:05:03.580+06:00  INFO 577828 --- [pangochain-backend] [io-8080-exec-19] c.pangochain.backend.ipfs.IpfsService    : Fetched 780 bytes from primary IPFS CID=QmdMbyBpoGFK1mURYDVGnjQ4AkNoJfnaBed6stWNVYy8rq
2026-07-31T21:05:03.582+06:00  INFO 577828 --- [pangochain-backend] [io-8080-exec-20] c.pangochain.backend.ipfs.IpfsService    : Fetched 780 bytes from primary IPFS CID=QmdMbyBpoGFK1mURYDVGnjQ4AkNoJfnaBed6stWNVYy8rq
2026-07-31T21:05:03.582+06:00  INFO 577828 --- [pangochain-backend] [nio-8080-exec-4] c.pangochain.backend.ipfs.IpfsService    : Fetched 780 bytes from primary IPFS CID=QmdMbyBpoGFK1mURYDVGnjQ4AkNoJfnaBed6stWNVYy8rq
2026-07-31T21:05:03.583+06:00  INFO 577828 --- [pangochain-backend] [io-8080-exec-11] c.pangochain.backend.ipfs.IpfsService    : Fetched 780 bytes from primary IPFS CID=QmdMbyBpoGFK1mURYDVGnjQ4AkNoJfnaBed6stWNVYy8rq
2026-07-31T21:05:03.585+06:00  INFO 577828 --- [pangochain-backend] [nio-8080-exec-9] c.pangochain.backend.ipfs.IpfsService    : Fetched 780 bytes from primary IPFS CID=QmdMbyBpoGFK1mURYDVGnjQ4AkNoJfnaBed6stWNVYy8rq
2026-07-31T21:05:03.585+06:00  INFO 577828 --- [pangochain-backend] [io-8080-exec-12] c.pangochain.backend.ipfs.IpfsService    : Fetched 780 bytes from primary IPFS CID=QmdMbyBpoGFK1mURYDVGnjQ4AkNoJfnaBed6stWNVYy8rq
2026-07-31T21:05:03.589+06:00  INFO 577828 --- [pangochain-backend] [nio-8080-exec-7] c.pangochain.backend.ipfs.IpfsService    : Fetched 780 bytes from primary IPFS CID=QmdMbyBpoGFK1mURYDVGnjQ4AkNoJfnaBed6stWNVYy8rq
2026-07-31T21:05:03.592+06:00  INFO 577828 --- [pangochain-backend] [nio-8080-exec-5] c.pangochain.backend.ipfs.IpfsService    : Fetched 780 bytes from primary IPFS CID=QmdMbyBpoGFK1mURYDVGnjQ4AkNoJfnaBed6stWNVYy8rq
2026-07-31T21:05:03.597+06:00  INFO 577828 --- [pangochain-backend] [nio-8080-exec-6] c.pangochain.backend.ipfs.IpfsService    : Fetched 780 bytes from primary IPFS CID=QmdMbyBpoGFK1mURYDVGnjQ4AkNoJfnaBed6stWNVYy8rq
2026-07-31T21:05:03.599+06:00  INFO 577828 --- [pangochain-backend] [io-8080-exec-10] c.pangochain.backend.ipfs.IpfsService    : Fetched 780 bytes from primary IPFS CID=QmdMbyBpoGFK1mURYDVGnjQ4AkNoJfnaBed6stWNVYy8rq
2026-07-31T21:05:03.619+06:00  INFO 577828 --- [pangochain-backend] [nio-8080-exec-2] c.pangochain.backend.ipfs.IpfsService    : Fetched 780 bytes from primary IPFS CID=QmdMbyBpoGFK1mURYDVGnjQ4AkNoJfnaBed6stWNVYy8rq
2026-07-31T21:05:03.633+06:00  INFO 577828 --- [pangochain-backend] [io-8080-exec-15] c.pangochain.backend.ipfs.IpfsService    : Fetched 780 bytes from primary IPFS CID=QmdMbyBpoGFK1mURYDVGnjQ4AkNoJfnaBed6stWNVYy8rq
2026-07-31T21:05:03.638+06:00  INFO 577828 --- [pangochain-backend] [io-8080-exec-18] c.pangochain.backend.ipfs.IpfsService    : Fetched 780 bytes from primary IPFS CID=QmdMbyBpoGFK1mURYDVGnjQ4AkNoJfnaBed6stWNVYy8rq
2026-07-31T21:05:03.648+06:00  INFO 577828 --- [pangochain-backend] [io-8080-exec-17] c.pangochain.backend.ipfs.IpfsService    : Fetched 780 bytes from primary IPFS CID=QmdMbyBpoGFK1mURYDVGnjQ4AkNoJfnaBed6stWNVYy8rq
2026-07-31T21:05:03.653+06:00  INFO 577828 --- [pangochain-backend] [nio-8080-exec-8] c.pangochain.backend.ipfs.IpfsService    : Fetched 780 bytes from primary IPFS CID=QmdMbyBpoGFK1mURYDVGnjQ4AkNoJfnaBed6stWNVYy8rq
2026-07-31T21:05:03.654+06:00  INFO 577828 --- [pangochain-backend] [nio-8080-exec-7] c.pangochain.backend.ipfs.IpfsService    : Fetched 780 bytes from primary IPFS CID=QmdMbyBpoGFK1mURYDVGnjQ4AkNoJfnaBed6stWNVYy8rq
2026-07-31T21:05:03.657+06:00  INFO 577828 --- [pangochain-backend] [nio-8080-exec-3] c.pangochain.backend.ipfs.IpfsService    : Fetched 780 bytes from primary IPFS CID=QmdMbyBpoGFK1mURYDVGnjQ4AkNoJfnaBed6stWNVYy8rq
2026-07-31T21:05:03.659+06:00  INFO 577828 --- [pangochain-backend] [nio-8080-exec-1] c.pangochain.backend.ipfs.IpfsService    : Fetched 780 bytes from primary IPFS CID=QmdMbyBpoGFK1mURYDVGnjQ4AkNoJfnaBed6stWNVYy8rq
2026-07-31T21:05:03.660+06:00  INFO 577828 --- [pangochain-backend] [io-8080-exec-10] c.pangochain.backend.ipfs.IpfsService    : Fetched 780 bytes from primary IPFS CID=QmdMbyBpoGFK1mURYDVGnjQ4AkNoJfnaBed6stWNVYy8rq
2026-07-31T21:05:03.661+06:00  INFO 577828 --- [pangochain-backend] [io-8080-exec-13] c.pangochain.backend.ipfs.IpfsService    : Fetched 780 bytes from primary IPFS CID=QmdMbyBpoGFK1mURYDVGnjQ4AkNoJfnaBed6stWNVYy8rq
2026-07-31T21:05:03.692+06:00  INFO 577828 --- [pangochain-backend] [nio-8080-exec-2] c.pangochain.backend.ipfs.IpfsService    : Fetched 780 bytes from primary IPFS CID=QmdMbyBpoGFK1mURYDVGnjQ4AkNoJfnaBed6stWNVYy8rq
2026-07-31T21:05:03.708+06:00  INFO 577828 --- [pangochain-backend] [io-8080-exec-19] c.pangochain.backend.ipfs.IpfsService    : Fetched 780 bytes from primary IPFS CID=QmdMbyBpoGFK1mURYDVGnjQ4AkNoJfnaBed6stWNVYy8rq
2026-07-31T21:05:03.708+06:00  INFO 577828 --- [pangochain-backend] [io-8080-exec-11] c.pangochain.backend.ipfs.IpfsService    : Fetched 780 bytes from primary IPFS CID=QmdMbyBpoGFK1mURYDVGnjQ4AkNoJfnaBed6stWNVYy8rq
2026-07-31T21:05:03.708+06:00  INFO 577828 --- [pangochain-backend] [io-8080-exec-14] c.pangochain.backend.ipfs.IpfsService    : Fetched 780 bytes from primary IPFS CID=QmdMbyBpoGFK1mURYDVGnjQ4AkNoJfnaBed6stWNVYy8rq
2026-07-31T21:05:03.709+06:00  INFO 577828 --- [pangochain-backend] [nio-8080-exec-3] c.pangochain.backend.ipfs.IpfsService    : Fetched 780 bytes from primary IPFS CID=QmdMbyBpoGFK1mURYDVGnjQ4AkNoJfnaBed6stWNVYy8rq
2026-07-31T21:05:03.710+06:00  INFO 577828 --- [pangochain-backend] [nio-8080-exec-9] c.pangochain.backend.ipfs.IpfsService    : Fetched 780 bytes from primary IPFS CID=QmdMbyBpoGFK1mURYDVGnjQ4AkNoJfnaBed6stWNVYy8rq
2026-07-31T21:05:03.714+06:00  INFO 577828 --- [pangochain-backend] [io-8080-exec-18] c.pangochain.backend.ipfs.IpfsService    : Fetched 780 bytes from primary IPFS CID=QmdMbyBpoGFK1mURYDVGnjQ4AkNoJfnaBed6stWNVYy8rq
2026-07-31T21:05:03.715+06:00  INFO 577828 --- [pangochain-backend] [nio-8080-exec-1] c.pangochain.backend.ipfs.IpfsService    : Fetched 780 bytes from primary IPFS CID=QmdMbyBpoGFK1mURYDVGnjQ4AkNoJfnaBed6stWNVYy8rq
2026-07-31T21:05:03.717+06:00  INFO 577828 --- [pangochain-backend] [nio-8080-exec-7] c.pangochain.backend.ipfs.IpfsService    : Fetched 780 bytes from primary IPFS CID=QmdMbyBpoGFK1mURYDVGnjQ4AkNoJfnaBed6stWNVYy8rq
2026-07-31T21:05:03.717+06:00  INFO 577828 --- [pangochain-backend] [nio-8080-exec-4] c.pangochain.backend.ipfs.IpfsService    : Fetched 780 bytes from primary IPFS CID=QmdMbyBpoGFK1mURYDVGnjQ4AkNoJfnaBed6stWNVYy8rq
2026-07-31T21:05:03.722+06:00  INFO 577828 --- [pangochain-backend] [io-8080-exec-12] c.pangochain.backend.ipfs.IpfsService    : Fetched 780 bytes from primary IPFS CID=QmdMbyBpoGFK1mURYDVGnjQ4AkNoJfnaBed6stWNVYy8rq
2026-07-31T21:05:03.722+06:00  INFO 577828 --- [pangochain-backend] [io-8080-exec-16] c.pangochain.backend.ipfs.IpfsService    : Fetched 780 bytes from primary IPFS CID=QmdMbyBpoGFK1mURYDVGnjQ4AkNoJfnaBed6stWNVYy8rq
2026-07-31T21:05:03.722+06:00  INFO 577828 --- [pangochain-backend] [nio-8080-exec-6] c.pangochain.backend.ipfs.IpfsService    : Fetched 780 bytes from primary IPFS CID=QmdMbyBpoGFK1mURYDVGnjQ4AkNoJfnaBed6stWNVYy8rq
2026-07-31T21:05:03.722+06:00  INFO 577828 --- [pangochain-backend] [nio-8080-exec-9] c.pangochain.backend.ipfs.IpfsService    : Fetched 780 bytes from primary IPFS CID=QmdMbyBpoGFK1mURYDVGnjQ4AkNoJfnaBed6stWNVYy8rq
2026-07-31T21:05:03.723+06:00  INFO 577828 --- [pangochain-backend] [io-8080-exec-15] c.pangochain.backend.ipfs.IpfsService    : Fetched 780 bytes from primary IPFS CID=QmdMbyBpoGFK1mURYDVGnjQ4AkNoJfnaBed6stWNVYy8rq
2026-07-31T21:05:03.725+06:00  INFO 577828 --- [pangochain-backend] [io-8080-exec-20] c.pangochain.backend.ipfs.IpfsService    : Fetched 780 bytes from primary IPFS CID=QmdMbyBpoGFK1mURYDVGnjQ4AkNoJfnaBed6stWNVYy8rq
2026-07-31T21:05:03.725+06:00  INFO 577828 --- [pangochain-backend] [io-8080-exec-17] c.pangochain.backend.ipfs.IpfsService    : Fetched 780 bytes from primary IPFS CID=QmdMbyBpoGFK1mURYDVGnjQ4AkNoJfnaBed6stWNVYy8rq
2026-07-31T21:05:03.725+06:00  INFO 577828 --- [pangochain-backend] [nio-8080-exec-8] c.pangochain.backend.ipfs.IpfsService    : Fetched 780 bytes from primary IPFS CID=QmdMbyBpoGFK1mURYDVGnjQ4AkNoJfnaBed6stWNVYy8rq
2026-07-31T21:05:03.727+06:00  INFO 577828 --- [pangochain-backend] [io-8080-exec-10] c.pangochain.backend.ipfs.IpfsService    : Fetched 780 bytes from primary IPFS CID=QmdMbyBpoGFK1mURYDVGnjQ4AkNoJfnaBed6stWNVYy8rq
2026-07-31T21:05:03.727+06:00  INFO 577828 --- [pangochain-backend] [nio-8080-exec-7] c.pangochain.backend.ipfs.IpfsService    : Fetched 780 bytes from primary IPFS CID=QmdMbyBpoGFK1mURYDVGnjQ4AkNoJfnaBed6stWNVYy8rq
2026-07-31T21:05:03.733+06:00  INFO 577828 --- [pangochain-backend] [io-8080-exec-11] c.pangochain.backend.ipfs.IpfsService    : Fetched 780 bytes from primary IPFS CID=QmdMbyBpoGFK1mURYDVGnjQ4AkNoJfnaBed6stWNVYy8rq
2026-07-31T21:05:03.734+06:00  INFO 577828 --- [pangochain-backend] [io-8080-exec-19] c.pangochain.backend.ipfs.IpfsService    : Fetched 780 bytes from primary IPFS CID=QmdMbyBpoGFK1mURYDVGnjQ4AkNoJfnaBed6stWNVYy8rq
2026-07-31T21:05:03.734+06:00  INFO 577828 --- [pangochain-backend] [io-8080-exec-18] c.pangochain.backend.ipfs.IpfsService    : Fetched 780 bytes from primary IPFS CID=QmdMbyBpoGFK1mURYDVGnjQ4AkNoJfnaBed6stWNVYy8rq
2026-07-31T21:05:03.734+06:00  INFO 577828 --- [pangochain-backend] [nio-8080-exec-1] c.pangochain.backend.ipfs.IpfsService    : Fetched 780 bytes from primary IPFS CID=QmdMbyBpoGFK1mURYDVGnjQ4AkNoJfnaBed6stWNVYy8rq
2026-07-31T21:05:03.734+06:00  INFO 577828 --- [pangochain-backend] [nio-8080-exec-5] c.pangochain.backend.ipfs.IpfsService    : Fetched 780 bytes from primary IPFS CID=QmdMbyBpoGFK1mURYDVGnjQ4AkNoJfnaBed6stWNVYy8rq
2026-07-31T21:05:03.735+06:00  INFO 577828 --- [pangochain-backend] [nio-8080-exec-3] c.pangochain.backend.ipfs.IpfsService    : Fetched 780 bytes from primary IPFS CID=QmdMbyBpoGFK1mURYDVGnjQ4AkNoJfnaBed6stWNVYy8rq
2026-07-31T21:05:03.735+06:00  INFO 577828 --- [pangochain-backend] [io-8080-exec-14] c.pangochain.backend.ipfs.IpfsService    : Fetched 780 bytes from primary IPFS CID=QmdMbyBpoGFK1mURYDVGnjQ4AkNoJfnaBed6stWNVYy8rq
2026-07-31T21:05:03.735+06:00  INFO 577828 --- [pangochain-backend] [nio-8080-exec-2] c.pangochain.backend.ipfs.IpfsService    : Fetched 780 bytes from primary IPFS CID=QmdMbyBpoGFK1mURYDVGnjQ4AkNoJfnaBed6stWNVYy8rq
2026-07-31T21:05:03.737+06:00  INFO 577828 --- [pangochain-backend] [nio-8080-exec-4] c.pangochain.backend.ipfs.IpfsService    : Fetched 780 bytes from primary IPFS CID=QmdMbyBpoGFK1mURYDVGnjQ4AkNoJfnaBed6stWNVYy8rq
2026-07-31T21:05:03.739+06:00  INFO 577828 --- [pangochain-backend] [io-8080-exec-13] c.pangochain.backend.ipfs.IpfsService    : Fetched 780 bytes from primary IPFS CID=QmdMbyBpoGFK1mURYDVGnjQ4AkNoJfnaBed6stWNVYy8rq
2026-07-31T21:05:03.746+06:00  INFO 577828 --- [pangochain-backend] [io-8080-exec-19] c.pangochain.backend.ipfs.IpfsService    : Fetched 780 bytes from primary IPFS CID=QmdMbyBpoGFK1mURYDVGnjQ4AkNoJfnaBed6stWNVYy8rq
2026-07-31T21:05:03.746+06:00  INFO 577828 --- [pangochain-backend] [io-8080-exec-16] c.pangochain.backend.ipfs.IpfsService    : Fetched 780 bytes from primary IPFS CID=QmdMbyBpoGFK1mURYDVGnjQ4AkNoJfnaBed6stWNVYy8rq
2026-07-31T21:05:03.746+06:00  INFO 577828 --- [pangochain-backend] [nio-8080-exec-6] c.pangochain.backend.ipfs.IpfsService    : Fetched 780 bytes from primary IPFS CID=QmdMbyBpoGFK1mURYDVGnjQ4AkNoJfnaBed6stWNVYy8rq
2026-07-31T21:05:03.746+06:00  INFO 577828 --- [pangochain-backend] [io-8080-exec-15] c.pangochain.backend.ipfs.IpfsService    : Fetched 780 bytes from primary IPFS CID=QmdMbyBpoGFK1mURYDVGnjQ4AkNoJfnaBed6stWNVYy8rq
2026-07-31T21:05:03.747+06:00  INFO 577828 --- [pangochain-backend] [io-8080-exec-20] c.pangochain.backend.ipfs.IpfsService    : Fetched 780 bytes from primary IPFS CID=QmdMbyBpoGFK1mURYDVGnjQ4AkNoJfnaBed6stWNVYy8rq
2026-07-31T21:05:03.747+06:00  INFO 577828 --- [pangochain-backend] [io-8080-exec-12] c.pangochain.backend.ipfs.IpfsService    : Fetched 780 bytes from primary IPFS CID=QmdMbyBpoGFK1mURYDVGnjQ4AkNoJfnaBed6stWNVYy8rq
2026-07-31T21:05:03.747+06:00  INFO 577828 --- [pangochain-backend] [nio-8080-exec-8] c.pangochain.backend.ipfs.IpfsService    : Fetched 780 bytes from primary IPFS CID=QmdMbyBpoGFK1mURYDVGnjQ4AkNoJfnaBed6stWNVYy8rq
2026-07-31T21:05:03.747+06:00  INFO 577828 --- [pangochain-backend] [nio-8080-exec-9] c.pangochain.backend.ipfs.IpfsService    : Fetched 780 bytes from primary IPFS CID=QmdMbyBpoGFK1mURYDVGnjQ4AkNoJfnaBed6stWNVYy8rq
2026-07-31T21:05:03.749+06:00  INFO 577828 --- [pangochain-backend] [io-8080-exec-10] c.pangochain.backend.ipfs.IpfsService    : Fetched 780 bytes from primary IPFS CID=QmdMbyBpoGFK1mURYDVGnjQ4AkNoJfnaBed6stWNVYy8rq
2026-07-31T21:05:03.757+06:00  INFO 577828 --- [pangochain-backend] [io-8080-exec-17] c.pangochain.backend.ipfs.IpfsService    : Fetched 780 bytes from primary IPFS CID=QmdMbyBpoGFK1mURYDVGnjQ4AkNoJfnaBed6stWNVYy8rq
2026-07-31T21:05:03.761+06:00  INFO 577828 --- [pangochain-backend] [nio-8080-exec-5] c.pangochain.backend.ipfs.IpfsService    : Fetched 780 bytes from primary IPFS CID=QmdMbyBpoGFK1mURYDVGnjQ4AkNoJfnaBed6stWNVYy8rq
2026-07-31T21:05:03.761+06:00  INFO 577828 --- [pangochain-backend] [io-8080-exec-14] c.pangochain.backend.ipfs.IpfsService    : Fetched 780 bytes from primary IPFS CID=QmdMbyBpoGFK1mURYDVGnjQ4AkNoJfnaBed6stWNVYy8rq
2026-07-31T21:05:03.762+06:00  INFO 577828 --- [pangochain-backend] [nio-8080-exec-8] c.pangochain.backend.ipfs.IpfsService    : Fetched 780 bytes from primary IPFS CID=QmdMbyBpoGFK1mURYDVGnjQ4AkNoJfnaBed6stWNVYy8rq
2026-07-31T21:05:03.762+06:00  INFO 577828 --- [pangochain-backend] [io-8080-exec-11] c.pangochain.backend.ipfs.IpfsService    : Fetched 780 bytes from primary IPFS CID=QmdMbyBpoGFK1mURYDVGnjQ4AkNoJfnaBed6stWNVYy8rq
2026-07-31T21:05:03.763+06:00  INFO 577828 --- [pangochain-backend] [nio-8080-exec-6] c.pangochain.backend.ipfs.IpfsService    : Fetched 780 bytes from primary IPFS CID=QmdMbyBpoGFK1mURYDVGnjQ4AkNoJfnaBed6stWNVYy8rq
2026-07-31T21:05:03.764+06:00  INFO 577828 --- [pangochain-backend] [nio-8080-exec-1] c.pangochain.backend.ipfs.IpfsService    : Fetched 780 bytes from primary IPFS CID=QmdMbyBpoGFK1mURYDVGnjQ4AkNoJfnaBed6stWNVYy8rq
2026-07-31T21:05:03.765+06:00  INFO 577828 --- [pangochain-backend] [nio-8080-exec-4] c.pangochain.backend.ipfs.IpfsService    : Fetched 780 bytes from primary IPFS CID=QmdMbyBpoGFK1mURYDVGnjQ4AkNoJfnaBed6stWNVYy8rq
2026-07-31T21:05:03.765+06:00  INFO 577828 --- [pangochain-backend] [io-8080-exec-13] c.pangochain.backend.ipfs.IpfsService    : Fetched 780 bytes from primary IPFS CID=QmdMbyBpoGFK1mURYDVGnjQ4AkNoJfnaBed6stWNVYy8rq
2026-07-31T21:05:03.766+06:00  INFO 577828 --- [pangochain-backend] [nio-8080-exec-3] c.pangochain.backend.ipfs.IpfsService    : Fetched 780 bytes from primary IPFS CID=QmdMbyBpoGFK1mURYDVGnjQ4AkNoJfnaBed6stWNVYy8rq
2026-07-31T21:05:03.769+06:00  INFO 577828 --- [pangochain-backend] [nio-8080-exec-2] c.pangochain.backend.ipfs.IpfsService    : Fetched 780 bytes from primary IPFS CID=QmdMbyBpoGFK1mURYDVGnjQ4AkNoJfnaBed6stWNVYy8rq
2026-07-31T21:05:03.772+06:00  INFO 577828 --- [pangochain-backend] [io-8080-exec-16] c.pangochain.backend.ipfs.IpfsService    : Fetched 780 bytes from primary IPFS CID=QmdMbyBpoGFK1mURYDVGnjQ4AkNoJfnaBed6stWNVYy8rq
2026-07-31T21:05:03.773+06:00  INFO 577828 --- [pangochain-backend] [nio-8080-exec-6] c.pangochain.backend.ipfs.IpfsService    : Fetched 780 bytes from primary IPFS CID=QmdMbyBpoGFK1mURYDVGnjQ4AkNoJfnaBed6stWNVYy8rq
2026-07-31T21:05:03.773+06:00  INFO 577828 --- [pangochain-backend] [io-8080-exec-19] c.pangochain.backend.ipfs.IpfsService    : Fetched 780 bytes from primary IPFS CID=QmdMbyBpoGFK1mURYDVGnjQ4AkNoJfnaBed6stWNVYy8rq
2026-07-31T21:05:03.773+06:00  INFO 577828 --- [pangochain-backend] [io-8080-exec-15] c.pangochain.backend.ipfs.IpfsService    : Fetched 780 bytes from primary IPFS CID=QmdMbyBpoGFK1mURYDVGnjQ4AkNoJfnaBed6stWNVYy8rq
2026-07-31T21:05:03.774+06:00  INFO 577828 --- [pangochain-backend] [nio-8080-exec-7] c.pangochain.backend.ipfs.IpfsService    : Fetched 780 bytes from primary IPFS CID=QmdMbyBpoGFK1mURYDVGnjQ4AkNoJfnaBed6stWNVYy8rq
2026-07-31T21:05:03.774+06:00  INFO 577828 --- [pangochain-backend] [io-8080-exec-20] c.pangochain.backend.ipfs.IpfsService    : Fetched 780 bytes from primary IPFS CID=QmdMbyBpoGFK1mURYDVGnjQ4AkNoJfnaBed6stWNVYy8rq
2026-07-31T21:05:03.774+06:00  INFO 577828 --- [pangochain-backend] [nio-8080-exec-8] c.pangochain.backend.ipfs.IpfsService    : Fetched 780 bytes from primary IPFS CID=QmdMbyBpoGFK1mURYDVGnjQ4AkNoJfnaBed6stWNVYy8rq
2026-07-31T21:05:03.777+06:00  INFO 577828 --- [pangochain-backend] [io-8080-exec-13] c.pangochain.backend.ipfs.IpfsService    : Fetched 780 bytes from primary IPFS CID=QmdMbyBpoGFK1mURYDVGnjQ4AkNoJfnaBed6stWNVYy8rq
2026-07-31T21:05:03.779+06:00  INFO 577828 --- [pangochain-backend] [nio-8080-exec-9] c.pangochain.backend.ipfs.IpfsService    : Fetched 780 bytes from primary IPFS CID=QmdMbyBpoGFK1mURYDVGnjQ4AkNoJfnaBed6stWNVYy8rq
2026-07-31T21:05:03.781+06:00  INFO 577828 --- [pangochain-backend] [io-8080-exec-18] c.pangochain.backend.ipfs.IpfsService    : Fetched 780 bytes from primary IPFS CID=QmdMbyBpoGFK1mURYDVGnjQ4AkNoJfnaBed6stWNVYy8rq
2026-07-31T21:05:03.782+06:00  INFO 577828 --- [pangochain-backend] [io-8080-exec-12] c.pangochain.backend.ipfs.IpfsService    : Fetched 780 bytes from primary IPFS CID=QmdMbyBpoGFK1mURYDVGnjQ4AkNoJfnaBed6stWNVYy8rq
2026-07-31T21:05:03.782+06:00  INFO 577828 --- [pangochain-backend] [nio-8080-exec-5] c.pangochain.backend.ipfs.IpfsService    : Fetched 780 bytes from primary IPFS CID=QmdMbyBpoGFK1mURYDVGnjQ4AkNoJfnaBed6stWNVYy8rq
2026-07-31T21:05:03.784+06:00  INFO 577828 --- [pangochain-backend] [nio-8080-exec-6] c.pangochain.backend.ipfs.IpfsService    : Fetched 780 bytes from primary IPFS CID=QmdMbyBpoGFK1mURYDVGnjQ4AkNoJfnaBed6stWNVYy8rq
2026-07-31T21:05:03.786+06:00  INFO 577828 --- [pangochain-backend] [io-8080-exec-10] c.pangochain.backend.ipfs.IpfsService    : Fetched 780 bytes from primary IPFS CID=QmdMbyBpoGFK1mURYDVGnjQ4AkNoJfnaBed6stWNVYy8rq
2026-07-31T21:05:03.787+06:00  INFO 577828 --- [pangochain-backend] [nio-8080-exec-8] c.pangochain.backend.ipfs.IpfsService    : Fetched 780 bytes from primary IPFS CID=QmdMbyBpoGFK1mURYDVGnjQ4AkNoJfnaBed6stWNVYy8rq
2026-07-31T21:05:03.787+06:00  INFO 577828 --- [pangochain-backend] [io-8080-exec-14] c.pangochain.backend.ipfs.IpfsService    : Fetched 780 bytes from primary IPFS CID=QmdMbyBpoGFK1mURYDVGnjQ4AkNoJfnaBed6stWNVYy8rq
2026-07-31T21:05:03.788+06:00  INFO 577828 --- [pangochain-backend] [io-8080-exec-11] c.pangochain.backend.ipfs.IpfsService    : Fetched 780 bytes from primary IPFS CID=QmdMbyBpoGFK1mURYDVGnjQ4AkNoJfnaBed6stWNVYy8rq
2026-07-31T21:05:03.790+06:00  INFO 577828 --- [pangochain-backend] [nio-8080-exec-1] c.pangochain.backend.ipfs.IpfsService    : Fetched 780 bytes from primary IPFS CID=QmdMbyBpoGFK1mURYDVGnjQ4AkNoJfnaBed6stWNVYy8rq
2026-07-31T21:05:03.793+06:00  INFO 577828 --- [pangochain-backend] [io-8080-exec-16] c.pangochain.backend.ipfs.IpfsService    : Fetched 780 bytes from primary IPFS CID=QmdMbyBpoGFK1mURYDVGnjQ4AkNoJfnaBed6stWNVYy8rq
2026-07-31T21:05:03.793+06:00  INFO 577828 --- [pangochain-backend] [nio-8080-exec-4] c.pangochain.backend.ipfs.IpfsService    : Fetched 780 bytes from primary IPFS CID=QmdMbyBpoGFK1mURYDVGnjQ4AkNoJfnaBed6stWNVYy8rq
2026-07-31T21:05:03.793+06:00  INFO 577828 --- [pangochain-backend] [nio-8080-exec-3] c.pangochain.backend.ipfs.IpfsService    : Fetched 780 bytes from primary IPFS CID=QmdMbyBpoGFK1mURYDVGnjQ4AkNoJfnaBed6stWNVYy8rq
2026-07-31T21:05:03.793+06:00  INFO 577828 --- [pangochain-backend] [nio-8080-exec-2] c.pangochain.backend.ipfs.IpfsService    : Fetched 780 bytes from primary IPFS CID=QmdMbyBpoGFK1mURYDVGnjQ4AkNoJfnaBed6stWNVYy8rq
2026-07-31T21:05:03.796+06:00  INFO 577828 --- [pangochain-backend] [io-8080-exec-20] c.pangochain.backend.ipfs.IpfsService    : Fetched 780 bytes from primary IPFS CID=QmdMbyBpoGFK1mURYDVGnjQ4AkNoJfnaBed6stWNVYy8rq
2026-07-31T21:05:03.798+06:00  INFO 577828 --- [pangochain-backend] [io-8080-exec-19] c.pangochain.backend.ipfs.IpfsService    : Fetched 780 bytes from primary IPFS CID=QmdMbyBpoGFK1mURYDVGnjQ4AkNoJfnaBed6stWNVYy8rq
2026-07-31T21:05:03.799+06:00  INFO 577828 --- [pangochain-backend] [io-8080-exec-15] c.pangochain.backend.ipfs.IpfsService    : Fetched 780 bytes from primary IPFS CID=QmdMbyBpoGFK1mURYDVGnjQ4AkNoJfnaBed6stWNVYy8rq
2026-07-31T21:05:03.800+06:00  INFO 577828 --- [pangochain-backend] [io-8080-exec-17] c.pangochain.backend.ipfs.IpfsService    : Fetched 780 bytes from primary IPFS CID=QmdMbyBpoGFK1mURYDVGnjQ4AkNoJfnaBed6stWNVYy8rq
2026-07-31T21:05:03.802+06:00  INFO 577828 --- [pangochain-backend] [io-8080-exec-13] c.pangochain.backend.ipfs.IpfsService    : Fetched 780 bytes from primary IPFS CID=QmdMbyBpoGFK1mURYDVGnjQ4AkNoJfnaBed6stWNVYy8rq
2026-07-31T21:05:03.803+06:00  INFO 577828 --- [pangochain-backend] [nio-8080-exec-6] c.pangochain.backend.ipfs.IpfsService    : Fetched 780 bytes from primary IPFS CID=QmdMbyBpoGFK1mURYDVGnjQ4AkNoJfnaBed6stWNVYy8rq
2026-07-31T21:05:03.803+06:00  INFO 577828 --- [pangochain-backend] [nio-8080-exec-7] c.pangochain.backend.ipfs.IpfsService    : Fetched 780 bytes from primary IPFS CID=QmdMbyBpoGFK1mURYDVGnjQ4AkNoJfnaBed6stWNVYy8rq
2026-07-31T21:05:03.805+06:00  INFO 577828 --- [pangochain-backend] [io-8080-exec-12] c.pangochain.backend.ipfs.IpfsService    : Fetched 780 bytes from primary IPFS CID=QmdMbyBpoGFK1mURYDVGnjQ4AkNoJfnaBed6stWNVYy8rq
2026-07-31T21:05:03.805+06:00  INFO 577828 --- [pangochain-backend] [io-8080-exec-18] c.pangochain.backend.ipfs.IpfsService    : Fetched 780 bytes from primary IPFS CID=QmdMbyBpoGFK1mURYDVGnjQ4AkNoJfnaBed6stWNVYy8rq
2026-07-31T21:05:03.805+06:00  INFO 577828 --- [pangochain-backend] [nio-8080-exec-9] c.pangochain.backend.ipfs.IpfsService    : Fetched 780 bytes from primary IPFS CID=QmdMbyBpoGFK1mURYDVGnjQ4AkNoJfnaBed6stWNVYy8rq
2026-07-31T21:05:03.806+06:00  INFO 577828 --- [pangochain-backend] [nio-8080-exec-5] c.pangochain.backend.ipfs.IpfsService    : Fetched 780 bytes from primary IPFS CID=QmdMbyBpoGFK1mURYDVGnjQ4AkNoJfnaBed6stWNVYy8rq
2026-07-31T21:05:03.808+06:00  INFO 577828 --- [pangochain-backend] [nio-8080-exec-8] c.pangochain.backend.ipfs.IpfsService    : Fetched 780 bytes from primary IPFS CID=QmdMbyBpoGFK1mURYDVGnjQ4AkNoJfnaBed6stWNVYy8rq
2026-07-31T21:05:03.810+06:00  INFO 577828 --- [pangochain-backend] [io-8080-exec-10] c.pangochain.backend.ipfs.IpfsService    : Fetched 780 bytes from primary IPFS CID=QmdMbyBpoGFK1mURYDVGnjQ4AkNoJfnaBed6stWNVYy8rq
2026-07-31T21:05:03.811+06:00  INFO 577828 --- [pangochain-backend] [io-8080-exec-14] c.pangochain.backend.ipfs.IpfsService    : Fetched 780 bytes from primary IPFS CID=QmdMbyBpoGFK1mURYDVGnjQ4AkNoJfnaBed6stWNVYy8rq
2026-07-31T21:05:03.811+06:00  INFO 577828 --- [pangochain-backend] [nio-8080-exec-1] c.pangochain.backend.ipfs.IpfsService    : Fetched 780 bytes from primary IPFS CID=QmdMbyBpoGFK1mURYDVGnjQ4AkNoJfnaBed6stWNVYy8rq
2026-07-31T21:05:03.812+06:00  INFO 577828 --- [pangochain-backend] [io-8080-exec-17] c.pangochain.backend.ipfs.IpfsService    : Fetched 780 bytes from primary IPFS CID=QmdMbyBpoGFK1mURYDVGnjQ4AkNoJfnaBed6stWNVYy8rq
2026-07-31T21:05:03.812+06:00  INFO 577828 --- [pangochain-backend] [io-8080-exec-11] c.pangochain.backend.ipfs.IpfsService    : Fetched 780 bytes from primary IPFS CID=QmdMbyBpoGFK1mURYDVGnjQ4AkNoJfnaBed6stWNVYy8rq
2026-07-31T21:05:03.814+06:00  INFO 577828 --- [pangochain-backend] [io-8080-exec-16] c.pangochain.backend.ipfs.IpfsService    : Fetched 780 bytes from primary IPFS CID=QmdMbyBpoGFK1mURYDVGnjQ4AkNoJfnaBed6stWNVYy8rq
2026-07-31T21:05:03.815+06:00  INFO 577828 --- [pangochain-backend] [nio-8080-exec-2] c.pangochain.backend.ipfs.IpfsService    : Fetched 780 bytes from primary IPFS CID=QmdMbyBpoGFK1mURYDVGnjQ4AkNoJfnaBed6stWNVYy8rq
2026-07-31T21:05:03.816+06:00  INFO 577828 --- [pangochain-backend] [nio-8080-exec-3] c.pangochain.backend.ipfs.IpfsService    : Fetched 780 bytes from primary IPFS CID=QmdMbyBpoGFK1mURYDVGnjQ4AkNoJfnaBed6stWNVYy8rq
2026-07-31T21:05:03.816+06:00  INFO 577828 --- [pangochain-backend] [io-8080-exec-20] c.pangochain.backend.ipfs.IpfsService    : Fetched 780 bytes from primary IPFS CID=QmdMbyBpoGFK1mURYDVGnjQ4AkNoJfnaBed6stWNVYy8rq
2026-07-31T21:05:03.819+06:00  INFO 577828 --- [pangochain-backend] [nio-8080-exec-6] c.pangochain.backend.ipfs.IpfsService    : Fetched 780 bytes from primary IPFS CID=QmdMbyBpoGFK1mURYDVGnjQ4AkNoJfnaBed6stWNVYy8rq
2026-07-31T21:05:03.820+06:00  INFO 577828 --- [pangochain-backend] [io-8080-exec-15] c.pangochain.backend.ipfs.IpfsService    : Fetched 780 bytes from primary IPFS CID=QmdMbyBpoGFK1mURYDVGnjQ4AkNoJfnaBed6stWNVYy8rq
2026-07-31T21:05:03.820+06:00  INFO 577828 --- [pangochain-backend] [nio-8080-exec-4] c.pangochain.backend.ipfs.IpfsService    : Fetched 780 bytes from primary IPFS CID=QmdMbyBpoGFK1mURYDVGnjQ4AkNoJfnaBed6stWNVYy8rq
2026-07-31T21:05:03.821+06:00  INFO 577828 --- [pangochain-backend] [io-8080-exec-13] c.pangochain.backend.ipfs.IpfsService    : Fetched 780 bytes from primary IPFS CID=QmdMbyBpoGFK1mURYDVGnjQ4AkNoJfnaBed6stWNVYy8rq
2026-07-31T21:05:03.826+06:00  INFO 577828 --- [pangochain-backend] [io-8080-exec-12] c.pangochain.backend.ipfs.IpfsService    : Fetched 780 bytes from primary IPFS CID=QmdMbyBpoGFK1mURYDVGnjQ4AkNoJfnaBed6stWNVYy8rq
2026-07-31T21:05:03.828+06:00  INFO 577828 --- [pangochain-backend] [io-8080-exec-18] c.pangochain.backend.ipfs.IpfsService    : Fetched 780 bytes from primary IPFS CID=QmdMbyBpoGFK1mURYDVGnjQ4AkNoJfnaBed6stWNVYy8rq
2026-07-31T21:05:03.829+06:00  INFO 577828 --- [pangochain-backend] [nio-8080-exec-9] c.pangochain.backend.ipfs.IpfsService    : Fetched 780 bytes from primary IPFS CID=QmdMbyBpoGFK1mURYDVGnjQ4AkNoJfnaBed6stWNVYy8rq
2026-07-31T21:05:03.829+06:00  INFO 577828 --- [pangochain-backend] [io-8080-exec-19] c.pangochain.backend.ipfs.IpfsService    : Fetched 780 bytes from primary IPFS CID=QmdMbyBpoGFK1mURYDVGnjQ4AkNoJfnaBed6stWNVYy8rq
2026-07-31T21:05:03.830+06:00  INFO 577828 --- [pangochain-backend] [nio-8080-exec-7] c.pangochain.backend.ipfs.IpfsService    : Fetched 780 bytes from primary IPFS CID=QmdMbyBpoGFK1mURYDVGnjQ4AkNoJfnaBed6stWNVYy8rq
2026-07-31T21:05:03.830+06:00  INFO 577828 --- [pangochain-backend] [nio-8080-exec-2] c.pangochain.backend.ipfs.IpfsService    : Fetched 780 bytes from primary IPFS CID=QmdMbyBpoGFK1mURYDVGnjQ4AkNoJfnaBed6stWNVYy8rq
2026-07-31T21:05:03.832+06:00  INFO 577828 --- [pangochain-backend] [nio-8080-exec-1] c.pangochain.backend.ipfs.IpfsService    : Fetched 780 bytes from primary IPFS CID=QmdMbyBpoGFK1mURYDVGnjQ4AkNoJfnaBed6stWNVYy8rq
2026-07-31T21:05:03.833+06:00  INFO 577828 --- [pangochain-backend] [nio-8080-exec-5] c.pangochain.backend.ipfs.IpfsService    : Fetched 780 bytes from primary IPFS CID=QmdMbyBpoGFK1mURYDVGnjQ4AkNoJfnaBed6stWNVYy8rq
2026-07-31T21:05:03.836+06:00  INFO 577828 --- [pangochain-backend] [io-8080-exec-10] c.pangochain.backend.ipfs.IpfsService    : Fetched 780 bytes from primary IPFS CID=QmdMbyBpoGFK1mURYDVGnjQ4AkNoJfnaBed6stWNVYy8rq
2026-07-31T21:05:03.850+06:00  INFO 577828 --- [pangochain-backend] [nio-8080-exec-8] c.pangochain.backend.ipfs.IpfsService    : Fetched 780 bytes from primary IPFS CID=QmdMbyBpoGFK1mURYDVGnjQ4AkNoJfnaBed6stWNVYy8rq
2026-07-31T21:05:03.863+06:00  INFO 577828 --- [pangochain-backend] [io-8080-exec-14] c.pangochain.backend.ipfs.IpfsService    : Fetched 780 bytes from primary IPFS CID=QmdMbyBpoGFK1mURYDVGnjQ4AkNoJfnaBed6stWNVYy8rq
2026-07-31T21:05:03.864+06:00  INFO 577828 --- [pangochain-backend] [io-8080-exec-11] c.pangochain.backend.ipfs.IpfsService    : Fetched 780 bytes from primary IPFS CID=QmdMbyBpoGFK1mURYDVGnjQ4AkNoJfnaBed6stWNVYy8rq
2026-07-31T21:05:03.869+06:00  INFO 577828 --- [pangochain-backend] [io-8080-exec-17] c.pangochain.backend.ipfs.IpfsService    : Fetched 780 bytes from primary IPFS CID=QmdMbyBpoGFK1mURYDVGnjQ4AkNoJfnaBed6stWNVYy8rq
2026-07-31T21:05:03.881+06:00  INFO 577828 --- [pangochain-backend] [io-8080-exec-16] c.pangochain.backend.ipfs.IpfsService    : Fetched 780 bytes from primary IPFS CID=QmdMbyBpoGFK1mURYDVGnjQ4AkNoJfnaBed6stWNVYy8rq
2026-07-31T21:05:03.882+06:00  INFO 577828 --- [pangochain-backend] [io-8080-exec-20] c.pangochain.backend.ipfs.IpfsService    : Fetched 780 bytes from primary IPFS CID=QmdMbyBpoGFK1mURYDVGnjQ4AkNoJfnaBed6stWNVYy8rq
2026-07-31T21:05:03.884+06:00  INFO 577828 --- [pangochain-backend] [nio-8080-exec-3] c.pangochain.backend.ipfs.IpfsService    : Fetched 780 bytes from primary IPFS CID=QmdMbyBpoGFK1mURYDVGnjQ4AkNoJfnaBed6stWNVYy8rq
2026-07-31T21:05:03.887+06:00  INFO 577828 --- [pangochain-backend] [nio-8080-exec-6] c.pangochain.backend.ipfs.IpfsService    : Fetched 780 bytes from primary IPFS CID=QmdMbyBpoGFK1mURYDVGnjQ4AkNoJfnaBed6stWNVYy8rq
2026-07-31T21:05:03.905+06:00  INFO 577828 --- [pangochain-backend] [nio-8080-exec-4] c.pangochain.backend.ipfs.IpfsService    : Fetched 780 bytes from primary IPFS CID=QmdMbyBpoGFK1mURYDVGnjQ4AkNoJfnaBed6stWNVYy8rq
2026-07-31T21:05:03.907+06:00  INFO 577828 --- [pangochain-backend] [io-8080-exec-13] c.pangochain.backend.ipfs.IpfsService    : Fetched 780 bytes from primary IPFS CID=QmdMbyBpoGFK1mURYDVGnjQ4AkNoJfnaBed6stWNVYy8rq
2026-07-31T21:05:03.907+06:00  INFO 577828 --- [pangochain-backend] [io-8080-exec-15] c.pangochain.backend.ipfs.IpfsService    : Fetched 780 bytes from primary IPFS CID=QmdMbyBpoGFK1mURYDVGnjQ4AkNoJfnaBed6stWNVYy8rq
2026-07-31T21:05:03.915+06:00  INFO 577828 --- [pangochain-backend] [io-8080-exec-11] c.pangochain.backend.ipfs.IpfsService    : Fetched 780 bytes from primary IPFS CID=QmdMbyBpoGFK1mURYDVGnjQ4AkNoJfnaBed6stWNVYy8rq
2026-07-31T21:05:03.921+06:00  INFO 577828 --- [pangochain-backend] [nio-8080-exec-7] c.pangochain.backend.ipfs.IpfsService    : Fetched 780 bytes from primary IPFS CID=QmdMbyBpoGFK1mURYDVGnjQ4AkNoJfnaBed6stWNVYy8rq
2026-07-31T21:05:03.941+06:00  INFO 577828 --- [pangochain-backend] [nio-8080-exec-9] c.pangochain.backend.ipfs.IpfsService    : Fetched 780 bytes from primary IPFS CID=QmdMbyBpoGFK1mURYDVGnjQ4AkNoJfnaBed6stWNVYy8rq
2026-07-31T21:05:03.942+06:00  INFO 577828 --- [pangochain-backend] [io-8080-exec-18] c.pangochain.backend.ipfs.IpfsService    : Fetched 780 bytes from primary IPFS CID=QmdMbyBpoGFK1mURYDVGnjQ4AkNoJfnaBed6stWNVYy8rq
2026-07-31T21:05:03.944+06:00  INFO 577828 --- [pangochain-backend] [io-8080-exec-16] c.pangochain.backend.ipfs.IpfsService    : Fetched 780 bytes from primary IPFS CID=QmdMbyBpoGFK1mURYDVGnjQ4AkNoJfnaBed6stWNVYy8rq
2026-07-31T21:05:03.949+06:00  INFO 577828 --- [pangochain-backend] [io-8080-exec-20] c.pangochain.backend.ipfs.IpfsService    : Fetched 780 bytes from primary IPFS CID=QmdMbyBpoGFK1mURYDVGnjQ4AkNoJfnaBed6stWNVYy8rq
2026-07-31T21:05:03.952+06:00  INFO 577828 --- [pangochain-backend] [nio-8080-exec-4] c.pangochain.backend.ipfs.IpfsService    : Fetched 780 bytes from primary IPFS CID=QmdMbyBpoGFK1mURYDVGnjQ4AkNoJfnaBed6stWNVYy8rq
2026-07-31T21:05:03.953+06:00  INFO 577828 --- [pangochain-backend] [io-8080-exec-19] c.pangochain.backend.ipfs.IpfsService    : Fetched 780 bytes from primary IPFS CID=QmdMbyBpoGFK1mURYDVGnjQ4AkNoJfnaBed6stWNVYy8rq
2026-07-31T21:05:03.954+06:00  INFO 577828 --- [pangochain-backend] [nio-8080-exec-2] c.pangochain.backend.ipfs.IpfsService    : Fetched 780 bytes from primary IPFS CID=QmdMbyBpoGFK1mURYDVGnjQ4AkNoJfnaBed6stWNVYy8rq
2026-07-31T21:05:03.954+06:00  INFO 577828 --- [pangochain-backend] [nio-8080-exec-1] c.pangochain.backend.ipfs.IpfsService    : Fetched 780 bytes from primary IPFS CID=QmdMbyBpoGFK1mURYDVGnjQ4AkNoJfnaBed6stWNVYy8rq
2026-07-31T21:05:03.955+06:00  INFO 577828 --- [pangochain-backend] [nio-8080-exec-7] c.pangochain.backend.ipfs.IpfsService    : Fetched 780 bytes from primary IPFS CID=QmdMbyBpoGFK1mURYDVGnjQ4AkNoJfnaBed6stWNVYy8rq
2026-07-31T21:05:03.955+06:00  INFO 577828 --- [pangochain-backend] [nio-8080-exec-5] c.pangochain.backend.ipfs.IpfsService    : Fetched 780 bytes from primary IPFS CID=QmdMbyBpoGFK1mURYDVGnjQ4AkNoJfnaBed6stWNVYy8rq
2026-07-31T21:05:03.959+06:00  INFO 577828 --- [pangochain-backend] [io-8080-exec-14] c.pangochain.backend.ipfs.IpfsService    : Fetched 780 bytes from primary IPFS CID=QmdMbyBpoGFK1mURYDVGnjQ4AkNoJfnaBed6stWNVYy8rq
2026-07-31T21:05:03.959+06:00  INFO 577828 --- [pangochain-backend] [io-8080-exec-10] c.pangochain.backend.ipfs.IpfsService    : Fetched 780 bytes from primary IPFS CID=QmdMbyBpoGFK1mURYDVGnjQ4AkNoJfnaBed6stWNVYy8rq
2026-07-31T21:05:03.959+06:00  INFO 577828 --- [pangochain-backend] [io-8080-exec-12] c.pangochain.backend.ipfs.IpfsService    : Fetched 780 bytes from primary IPFS CID=QmdMbyBpoGFK1mURYDVGnjQ4AkNoJfnaBed6stWNVYy8rq
2026-07-31T21:05:03.959+06:00  INFO 577828 --- [pangochain-backend] [nio-8080-exec-8] c.pangochain.backend.ipfs.IpfsService    : Fetched 780 bytes from primary IPFS CID=QmdMbyBpoGFK1mURYDVGnjQ4AkNoJfnaBed6stWNVYy8rq
2026-07-31T21:05:03.963+06:00  INFO 577828 --- [pangochain-backend] [nio-8080-exec-6] c.pangochain.backend.ipfs.IpfsService    : Fetched 780 bytes from primary IPFS CID=QmdMbyBpoGFK1mURYDVGnjQ4AkNoJfnaBed6stWNVYy8rq
2026-07-31T21:05:03.963+06:00  INFO 577828 --- [pangochain-backend] [io-8080-exec-15] c.pangochain.backend.ipfs.IpfsService    : Fetched 780 bytes from primary IPFS CID=QmdMbyBpoGFK1mURYDVGnjQ4AkNoJfnaBed6stWNVYy8rq
2026-07-31T21:05:03.963+06:00  INFO 577828 --- [pangochain-backend] [io-8080-exec-17] c.pangochain.backend.ipfs.IpfsService    : Fetched 780 bytes from primary IPFS CID=QmdMbyBpoGFK1mURYDVGnjQ4AkNoJfnaBed6stWNVYy8rq
2026-07-31T21:05:03.963+06:00  INFO 577828 --- [pangochain-backend] [io-8080-exec-13] c.pangochain.backend.ipfs.IpfsService    : Fetched 780 bytes from primary IPFS CID=QmdMbyBpoGFK1mURYDVGnjQ4AkNoJfnaBed6stWNVYy8rq
2026-07-31T21:05:03.963+06:00  INFO 577828 --- [pangochain-backend] [nio-8080-exec-3] c.pangochain.backend.ipfs.IpfsService    : Fetched 780 bytes from primary IPFS CID=QmdMbyBpoGFK1mURYDVGnjQ4AkNoJfnaBed6stWNVYy8rq
2026-07-31T21:05:03.964+06:00  INFO 577828 --- [pangochain-backend] [io-8080-exec-11] c.pangochain.backend.ipfs.IpfsService    : Fetched 780 bytes from primary IPFS CID=QmdMbyBpoGFK1mURYDVGnjQ4AkNoJfnaBed6stWNVYy8rq
2026-07-31T21:05:03.967+06:00  INFO 577828 --- [pangochain-backend] [io-8080-exec-16] c.pangochain.backend.ipfs.IpfsService    : Fetched 780 bytes from primary IPFS CID=QmdMbyBpoGFK1mURYDVGnjQ4AkNoJfnaBed6stWNVYy8rq
2026-07-31T21:05:03.968+06:00  INFO 577828 --- [pangochain-backend] [io-8080-exec-18] c.pangochain.backend.ipfs.IpfsService    : Fetched 780 bytes from primary IPFS CID=QmdMbyBpoGFK1mURYDVGnjQ4AkNoJfnaBed6stWNVYy8rq
2026-07-31T21:05:03.968+06:00  INFO 577828 --- [pangochain-backend] [nio-8080-exec-9] c.pangochain.backend.ipfs.IpfsService    : Fetched 780 bytes from primary IPFS CID=QmdMbyBpoGFK1mURYDVGnjQ4AkNoJfnaBed6stWNVYy8rq
2026-07-31T21:05:03.970+06:00  INFO 577828 --- [pangochain-backend] [io-8080-exec-20] c.pangochain.backend.ipfs.IpfsService    : Fetched 780 bytes from primary IPFS CID=QmdMbyBpoGFK1mURYDVGnjQ4AkNoJfnaBed6stWNVYy8rq
2026-07-31T21:05:03.970+06:00  INFO 577828 --- [pangochain-backend] [nio-8080-exec-7] c.pangochain.backend.ipfs.IpfsService    : Fetched 780 bytes from primary IPFS CID=QmdMbyBpoGFK1mURYDVGnjQ4AkNoJfnaBed6stWNVYy8rq
2026-07-31T21:05:03.970+06:00  INFO 577828 --- [pangochain-backend] [nio-8080-exec-1] c.pangochain.backend.ipfs.IpfsService    : Fetched 780 bytes from primary IPFS CID=QmdMbyBpoGFK1mURYDVGnjQ4AkNoJfnaBed6stWNVYy8rq
2026-07-31T21:05:03.970+06:00  INFO 577828 --- [pangochain-backend] [io-8080-exec-19] c.pangochain.backend.ipfs.IpfsService    : Fetched 780 bytes from primary IPFS CID=QmdMbyBpoGFK1mURYDVGnjQ4AkNoJfnaBed6stWNVYy8rq
2026-07-31T21:05:03.971+06:00  INFO 577828 --- [pangochain-backend] [nio-8080-exec-4] c.pangochain.backend.ipfs.IpfsService    : Fetched 780 bytes from primary IPFS CID=QmdMbyBpoGFK1mURYDVGnjQ4AkNoJfnaBed6stWNVYy8rq
2026-07-31T21:05:03.971+06:00  INFO 577828 --- [pangochain-backend] [nio-8080-exec-5] c.pangochain.backend.ipfs.IpfsService    : Fetched 780 bytes from primary IPFS CID=QmdMbyBpoGFK1mURYDVGnjQ4AkNoJfnaBed6stWNVYy8rq
2026-07-31T21:05:03.972+06:00  INFO 577828 --- [pangochain-backend] [nio-8080-exec-2] c.pangochain.backend.ipfs.IpfsService    : Fetched 780 bytes from primary IPFS CID=QmdMbyBpoGFK1mURYDVGnjQ4AkNoJfnaBed6stWNVYy8rq
2026-07-31T21:05:03.975+06:00  INFO 577828 --- [pangochain-backend] [io-8080-exec-14] c.pangochain.backend.ipfs.IpfsService    : Fetched 780 bytes from primary IPFS CID=QmdMbyBpoGFK1mURYDVGnjQ4AkNoJfnaBed6stWNVYy8rq
2026-07-31T21:05:03.975+06:00  INFO 577828 --- [pangochain-backend] [nio-8080-exec-8] c.pangochain.backend.ipfs.IpfsService    : Fetched 780 bytes from primary IPFS CID=QmdMbyBpoGFK1mURYDVGnjQ4AkNoJfnaBed6stWNVYy8rq
2026-07-31T21:05:03.976+06:00  INFO 577828 --- [pangochain-backend] [io-8080-exec-10] c.pangochain.backend.ipfs.IpfsService    : Fetched 780 bytes from primary IPFS CID=QmdMbyBpoGFK1mURYDVGnjQ4AkNoJfnaBed6stWNVYy8rq
2026-07-31T21:05:03.977+06:00  INFO 577828 --- [pangochain-backend] [io-8080-exec-12] c.pangochain.backend.ipfs.IpfsService    : Fetched 780 bytes from primary IPFS CID=QmdMbyBpoGFK1mURYDVGnjQ4AkNoJfnaBed6stWNVYy8rq
2026-07-31T21:05:03.978+06:00  INFO 577828 --- [pangochain-backend] [nio-8080-exec-6] c.pangochain.backend.ipfs.IpfsService    : Fetched 780 bytes from primary IPFS CID=QmdMbyBpoGFK1mURYDVGnjQ4AkNoJfnaBed6stWNVYy8rq
2026-07-31T21:05:03.979+06:00  INFO 577828 --- [pangochain-backend] [io-8080-exec-13] c.pangochain.backend.ipfs.IpfsService    : Fetched 780 bytes from primary IPFS CID=QmdMbyBpoGFK1mURYDVGnjQ4AkNoJfnaBed6stWNVYy8rq
2026-07-31T21:05:03.979+06:00  INFO 577828 --- [pangochain-backend] [nio-8080-exec-3] c.pangochain.backend.ipfs.IpfsService    : Fetched 780 bytes from primary IPFS CID=QmdMbyBpoGFK1mURYDVGnjQ4AkNoJfnaBed6stWNVYy8rq
2026-07-31T21:05:03.979+06:00  INFO 577828 --- [pangochain-backend] [io-8080-exec-17] c.pangochain.backend.ipfs.IpfsService    : Fetched 780 bytes from primary IPFS CID=QmdMbyBpoGFK1mURYDVGnjQ4AkNoJfnaBed6stWNVYy8rq
2026-07-31T21:05:03.979+06:00  INFO 577828 --- [pangochain-backend] [io-8080-exec-15] c.pangochain.backend.ipfs.IpfsService    : Fetched 780 bytes from primary IPFS CID=QmdMbyBpoGFK1mURYDVGnjQ4AkNoJfnaBed6stWNVYy8rq
2026-07-31T21:05:03.979+06:00  INFO 577828 --- [pangochain-backend] [io-8080-exec-11] c.pangochain.backend.ipfs.IpfsService    : Fetched 780 bytes from primary IPFS CID=QmdMbyBpoGFK1mURYDVGnjQ4AkNoJfnaBed6stWNVYy8rq
2026-07-31T21:05:03.984+06:00  INFO 577828 --- [pangochain-backend] [io-8080-exec-16] c.pangochain.backend.ipfs.IpfsService    : Fetched 780 bytes from primary IPFS CID=QmdMbyBpoGFK1mURYDVGnjQ4AkNoJfnaBed6stWNVYy8rq
2026-07-31T21:05:03.984+06:00  INFO 577828 --- [pangochain-backend] [io-8080-exec-10] c.pangochain.backend.ipfs.IpfsService    : Fetched 780 bytes from primary IPFS CID=QmdMbyBpoGFK1mURYDVGnjQ4AkNoJfnaBed6stWNVYy8rq
2026-07-31T21:05:03.984+06:00  INFO 577828 --- [pangochain-backend] [io-8080-exec-18] c.pangochain.backend.ipfs.IpfsService    : Fetched 780 bytes from primary IPFS CID=QmdMbyBpoGFK1mURYDVGnjQ4AkNoJfnaBed6stWNVYy8rq
2026-07-31T21:05:03.986+06:00  INFO 577828 --- [pangochain-backend] [io-8080-exec-20] c.pangochain.backend.ipfs.IpfsService    : Fetched 780 bytes from primary IPFS CID=QmdMbyBpoGFK1mURYDVGnjQ4AkNoJfnaBed6stWNVYy8rq
2026-07-31T21:05:03.986+06:00  INFO 577828 --- [pangochain-backend] [nio-8080-exec-9] c.pangochain.backend.ipfs.IpfsService    : Fetched 780 bytes from primary IPFS CID=QmdMbyBpoGFK1mURYDVGnjQ4AkNoJfnaBed6stWNVYy8rq
2026-07-31T21:05:03.986+06:00  INFO 577828 --- [pangochain-backend] [nio-8080-exec-7] c.pangochain.backend.ipfs.IpfsService    : Fetched 780 bytes from primary IPFS CID=QmdMbyBpoGFK1mURYDVGnjQ4AkNoJfnaBed6stWNVYy8rq
2026-07-31T21:05:03.987+06:00  INFO 577828 --- [pangochain-backend] [nio-8080-exec-1] c.pangochain.backend.ipfs.IpfsService    : Fetched 780 bytes from primary IPFS CID=QmdMbyBpoGFK1mURYDVGnjQ4AkNoJfnaBed6stWNVYy8rq
2026-07-31T21:05:03.987+06:00  INFO 577828 --- [pangochain-backend] [nio-8080-exec-5] c.pangochain.backend.ipfs.IpfsService    : Fetched 780 bytes from primary IPFS CID=QmdMbyBpoGFK1mURYDVGnjQ4AkNoJfnaBed6stWNVYy8rq
2026-07-31T21:05:03.989+06:00  INFO 577828 --- [pangochain-backend] [io-8080-exec-19] c.pangochain.backend.ipfs.IpfsService    : Fetched 780 bytes from primary IPFS CID=QmdMbyBpoGFK1mURYDVGnjQ4AkNoJfnaBed6stWNVYy8rq
2026-07-31T21:05:03.989+06:00  INFO 577828 --- [pangochain-backend] [nio-8080-exec-4] c.pangochain.backend.ipfs.IpfsService    : Fetched 780 bytes from primary IPFS CID=QmdMbyBpoGFK1mURYDVGnjQ4AkNoJfnaBed6stWNVYy8rq
2026-07-31T21:05:03.993+06:00  INFO 577828 --- [pangochain-backend] [io-8080-exec-14] c.pangochain.backend.ipfs.IpfsService    : Fetched 780 bytes from primary IPFS CID=QmdMbyBpoGFK1mURYDVGnjQ4AkNoJfnaBed6stWNVYy8rq
2026-07-31T21:05:03.993+06:00  INFO 577828 --- [pangochain-backend] [nio-8080-exec-2] c.pangochain.backend.ipfs.IpfsService    : Fetched 780 bytes from primary IPFS CID=QmdMbyBpoGFK1mURYDVGnjQ4AkNoJfnaBed6stWNVYy8rq
2026-07-31T21:05:03.994+06:00  INFO 577828 --- [pangochain-backend] [io-8080-exec-17] c.pangochain.backend.ipfs.IpfsService    : Fetched 780 bytes from primary IPFS CID=QmdMbyBpoGFK1mURYDVGnjQ4AkNoJfnaBed6stWNVYy8rq
2026-07-31T21:05:03.994+06:00  INFO 577828 --- [pangochain-backend] [io-8080-exec-12] c.pangochain.backend.ipfs.IpfsService    : Fetched 780 bytes from primary IPFS CID=QmdMbyBpoGFK1mURYDVGnjQ4AkNoJfnaBed6stWNVYy8rq
2026-07-31T21:05:03.994+06:00  INFO 577828 --- [pangochain-backend] [nio-8080-exec-8] c.pangochain.backend.ipfs.IpfsService    : Fetched 780 bytes from primary IPFS CID=QmdMbyBpoGFK1mURYDVGnjQ4AkNoJfnaBed6stWNVYy8rq
2026-07-31T21:05:03.996+06:00  INFO 577828 --- [pangochain-backend] [nio-8080-exec-6] c.pangochain.backend.ipfs.IpfsService    : Fetched 780 bytes from primary IPFS CID=QmdMbyBpoGFK1mURYDVGnjQ4AkNoJfnaBed6stWNVYy8rq
2026-07-31T21:05:03.996+06:00  INFO 577828 --- [pangochain-backend] [nio-8080-exec-7] c.pangochain.backend.ipfs.IpfsService    : Fetched 780 bytes from primary IPFS CID=QmdMbyBpoGFK1mURYDVGnjQ4AkNoJfnaBed6stWNVYy8rq
2026-07-31T21:05:03.996+06:00  INFO 577828 --- [pangochain-backend] [nio-8080-exec-5] c.pangochain.backend.ipfs.IpfsService    : Fetched 780 bytes from primary IPFS CID=QmdMbyBpoGFK1mURYDVGnjQ4AkNoJfnaBed6stWNVYy8rq
2026-07-31T21:05:03.997+06:00  INFO 577828 --- [pangochain-backend] [nio-8080-exec-3] c.pangochain.backend.ipfs.IpfsService    : Fetched 780 bytes from primary IPFS CID=QmdMbyBpoGFK1mURYDVGnjQ4AkNoJfnaBed6stWNVYy8rq
2026-07-31T21:05:03.997+06:00  INFO 577828 --- [pangochain-backend] [io-8080-exec-13] c.pangochain.backend.ipfs.IpfsService    : Fetched 780 bytes from primary IPFS CID=QmdMbyBpoGFK1mURYDVGnjQ4AkNoJfnaBed6stWNVYy8rq
2026-07-31T21:05:04.001+06:00  INFO 577828 --- [pangochain-backend] [io-8080-exec-15] c.pangochain.backend.ipfs.IpfsService    : Fetched 780 bytes from primary IPFS CID=QmdMbyBpoGFK1mURYDVGnjQ4AkNoJfnaBed6stWNVYy8rq
2026-07-31T21:05:04.002+06:00  INFO 577828 --- [pangochain-backend] [io-8080-exec-20] c.pangochain.backend.ipfs.IpfsService    : Fetched 780 bytes from primary IPFS CID=QmdMbyBpoGFK1mURYDVGnjQ4AkNoJfnaBed6stWNVYy8rq
2026-07-31T21:05:04.002+06:00  INFO 577828 --- [pangochain-backend] [io-8080-exec-16] c.pangochain.backend.ipfs.IpfsService    : Fetched 780 bytes from primary IPFS CID=QmdMbyBpoGFK1mURYDVGnjQ4AkNoJfnaBed6stWNVYy8rq
2026-07-31T21:05:04.002+06:00  INFO 577828 --- [pangochain-backend] [io-8080-exec-10] c.pangochain.backend.ipfs.IpfsService    : Fetched 780 bytes from primary IPFS CID=QmdMbyBpoGFK1mURYDVGnjQ4AkNoJfnaBed6stWNVYy8rq
2026-07-31T21:05:04.003+06:00  INFO 577828 --- [pangochain-backend] [io-8080-exec-18] c.pangochain.backend.ipfs.IpfsService    : Fetched 780 bytes from primary IPFS CID=QmdMbyBpoGFK1mURYDVGnjQ4AkNoJfnaBed6stWNVYy8rq
2026-07-31T21:05:04.003+06:00  INFO 577828 --- [pangochain-backend] [io-8080-exec-11] c.pangochain.backend.ipfs.IpfsService    : Fetched 780 bytes from primary IPFS CID=QmdMbyBpoGFK1mURYDVGnjQ4AkNoJfnaBed6stWNVYy8rq
2026-07-31T21:05:04.004+06:00  INFO 577828 --- [pangochain-backend] [nio-8080-exec-9] c.pangochain.backend.ipfs.IpfsService    : Fetched 780 bytes from primary IPFS CID=QmdMbyBpoGFK1mURYDVGnjQ4AkNoJfnaBed6stWNVYy8rq
2026-07-31T21:05:04.007+06:00  INFO 577828 --- [pangochain-backend] [nio-8080-exec-1] c.pangochain.backend.ipfs.IpfsService    : Fetched 780 bytes from primary IPFS CID=QmdMbyBpoGFK1mURYDVGnjQ4AkNoJfnaBed6stWNVYy8rq
2026-07-31T21:05:04.007+06:00  INFO 577828 --- [pangochain-backend] [nio-8080-exec-5] c.pangochain.backend.ipfs.IpfsService    : Fetched 780 bytes from primary IPFS CID=QmdMbyBpoGFK1mURYDVGnjQ4AkNoJfnaBed6stWNVYy8rq
2026-07-31T21:05:04.008+06:00  INFO 577828 --- [pangochain-backend] [nio-8080-exec-4] c.pangochain.backend.ipfs.IpfsService    : Fetched 780 bytes from primary IPFS CID=QmdMbyBpoGFK1mURYDVGnjQ4AkNoJfnaBed6stWNVYy8rq
2026-07-31T21:05:04.009+06:00  INFO 577828 --- [pangochain-backend] [nio-8080-exec-2] c.pangochain.backend.ipfs.IpfsService    : Fetched 780 bytes from primary IPFS CID=QmdMbyBpoGFK1mURYDVGnjQ4AkNoJfnaBed6stWNVYy8rq
2026-07-31T21:05:04.009+06:00  INFO 577828 --- [pangochain-backend] [io-8080-exec-19] c.pangochain.backend.ipfs.IpfsService    : Fetched 780 bytes from primary IPFS CID=QmdMbyBpoGFK1mURYDVGnjQ4AkNoJfnaBed6stWNVYy8rq
2026-07-31T21:05:04.009+06:00  INFO 577828 --- [pangochain-backend] [io-8080-exec-14] c.pangochain.backend.ipfs.IpfsService    : Fetched 780 bytes from primary IPFS CID=QmdMbyBpoGFK1mURYDVGnjQ4AkNoJfnaBed6stWNVYy8rq
2026-07-31T21:05:04.010+06:00  INFO 577828 --- [pangochain-backend] [io-8080-exec-17] c.pangochain.backend.ipfs.IpfsService    : Fetched 780 bytes from primary IPFS CID=QmdMbyBpoGFK1mURYDVGnjQ4AkNoJfnaBed6stWNVYy8rq
2026-07-31T21:05:04.010+06:00  INFO 577828 --- [pangochain-backend] [io-8080-exec-12] c.pangochain.backend.ipfs.IpfsService    : Fetched 780 bytes from primary IPFS CID=QmdMbyBpoGFK1mURYDVGnjQ4AkNoJfnaBed6stWNVYy8rq
2026-07-31T21:05:04.011+06:00  INFO 577828 --- [pangochain-backend] [nio-8080-exec-8] c.pangochain.backend.ipfs.IpfsService    : Fetched 780 bytes from primary IPFS CID=QmdMbyBpoGFK1mURYDVGnjQ4AkNoJfnaBed6stWNVYy8rq
2026-07-31T21:05:04.015+06:00  INFO 577828 --- [pangochain-backend] [nio-8080-exec-9] c.pangochain.backend.ipfs.IpfsService    : Fetched 780 bytes from primary IPFS CID=QmdMbyBpoGFK1mURYDVGnjQ4AkNoJfnaBed6stWNVYy8rq
2026-07-31T21:05:04.017+06:00  INFO 577828 --- [pangochain-backend] [nio-8080-exec-3] c.pangochain.backend.ipfs.IpfsService    : Fetched 780 bytes from primary IPFS CID=QmdMbyBpoGFK1mURYDVGnjQ4AkNoJfnaBed6stWNVYy8rq
2026-07-31T21:05:04.017+06:00  INFO 577828 --- [pangochain-backend] [io-8080-exec-14] c.pangochain.backend.ipfs.IpfsService    : Fetched 780 bytes from primary IPFS CID=QmdMbyBpoGFK1mURYDVGnjQ4AkNoJfnaBed6stWNVYy8rq
2026-07-31T21:05:04.017+06:00  INFO 577828 --- [pangochain-backend] [nio-8080-exec-7] c.pangochain.backend.ipfs.IpfsService    : Fetched 780 bytes from primary IPFS CID=QmdMbyBpoGFK1mURYDVGnjQ4AkNoJfnaBed6stWNVYy8rq
2026-07-31T21:05:04.018+06:00  INFO 577828 --- [pangochain-backend] [nio-8080-exec-8] c.pangochain.backend.ipfs.IpfsService    : Fetched 780 bytes from primary IPFS CID=QmdMbyBpoGFK1mURYDVGnjQ4AkNoJfnaBed6stWNVYy8rq
2026-07-31T21:05:04.020+06:00  INFO 577828 --- [pangochain-backend] [io-8080-exec-20] c.pangochain.backend.ipfs.IpfsService    : Fetched 780 bytes from primary IPFS CID=QmdMbyBpoGFK1mURYDVGnjQ4AkNoJfnaBed6stWNVYy8rq
2026-07-31T21:05:04.020+06:00  INFO 577828 --- [pangochain-backend] [io-8080-exec-15] c.pangochain.backend.ipfs.IpfsService    : Fetched 780 bytes from primary IPFS CID=QmdMbyBpoGFK1mURYDVGnjQ4AkNoJfnaBed6stWNVYy8rq
2026-07-31T21:05:04.022+06:00  INFO 577828 --- [pangochain-backend] [io-8080-exec-16] c.pangochain.backend.ipfs.IpfsService    : Fetched 780 bytes from primary IPFS CID=QmdMbyBpoGFK1mURYDVGnjQ4AkNoJfnaBed6stWNVYy8rq
2026-07-31T21:05:04.023+06:00  INFO 577828 --- [pangochain-backend] [io-8080-exec-10] c.pangochain.backend.ipfs.IpfsService    : Fetched 780 bytes from primary IPFS CID=QmdMbyBpoGFK1mURYDVGnjQ4AkNoJfnaBed6stWNVYy8rq
2026-07-31T21:05:04.025+06:00  INFO 577828 --- [pangochain-backend] [io-8080-exec-11] c.pangochain.backend.ipfs.IpfsService    : Fetched 780 bytes from primary IPFS CID=QmdMbyBpoGFK1mURYDVGnjQ4AkNoJfnaBed6stWNVYy8rq
2026-07-31T21:05:04.025+06:00  INFO 577828 --- [pangochain-backend] [nio-8080-exec-5] c.pangochain.backend.ipfs.IpfsService    : Fetched 780 bytes from primary IPFS CID=QmdMbyBpoGFK1mURYDVGnjQ4AkNoJfnaBed6stWNVYy8rq
2026-07-31T21:05:04.025+06:00  INFO 577828 --- [pangochain-backend] [io-8080-exec-18] c.pangochain.backend.ipfs.IpfsService    : Fetched 780 bytes from primary IPFS CID=QmdMbyBpoGFK1mURYDVGnjQ4AkNoJfnaBed6stWNVYy8rq
2026-07-31T21:05:04.026+06:00  INFO 577828 --- [pangochain-backend] [nio-8080-exec-1] c.pangochain.backend.ipfs.IpfsService    : Fetched 780 bytes from primary IPFS CID=QmdMbyBpoGFK1mURYDVGnjQ4AkNoJfnaBed6stWNVYy8rq
2026-07-31T21:05:04.027+06:00  INFO 577828 --- [pangochain-backend] [nio-8080-exec-2] c.pangochain.backend.ipfs.IpfsService    : Fetched 780 bytes from primary IPFS CID=QmdMbyBpoGFK1mURYDVGnjQ4AkNoJfnaBed6stWNVYy8rq
2026-07-31T21:05:04.027+06:00  INFO 577828 --- [pangochain-backend] [nio-8080-exec-6] c.pangochain.backend.ipfs.IpfsService    : Fetched 780 bytes from primary IPFS CID=QmdMbyBpoGFK1mURYDVGnjQ4AkNoJfnaBed6stWNVYy8rq
2026-07-31T21:05:04.027+06:00  INFO 577828 --- [pangochain-backend] [nio-8080-exec-4] c.pangochain.backend.ipfs.IpfsService    : Fetched 780 bytes from primary IPFS CID=QmdMbyBpoGFK1mURYDVGnjQ4AkNoJfnaBed6stWNVYy8rq
2026-07-31T21:05:04.028+06:00  INFO 577828 --- [pangochain-backend] [io-8080-exec-19] c.pangochain.backend.ipfs.IpfsService    : Fetched 780 bytes from primary IPFS CID=QmdMbyBpoGFK1mURYDVGnjQ4AkNoJfnaBed6stWNVYy8rq
2026-07-31T21:05:04.031+06:00  INFO 577828 --- [pangochain-backend] [io-8080-exec-12] c.pangochain.backend.ipfs.IpfsService    : Fetched 780 bytes from primary IPFS CID=QmdMbyBpoGFK1mURYDVGnjQ4AkNoJfnaBed6stWNVYy8rq
2026-07-31T21:05:04.031+06:00  INFO 577828 --- [pangochain-backend] [io-8080-exec-17] c.pangochain.backend.ipfs.IpfsService    : Fetched 780 bytes from primary IPFS CID=QmdMbyBpoGFK1mURYDVGnjQ4AkNoJfnaBed6stWNVYy8rq
2026-07-31T21:05:04.032+06:00  INFO 577828 --- [pangochain-backend] [io-8080-exec-13] c.pangochain.backend.ipfs.IpfsService    : Fetched 780 bytes from primary IPFS CID=QmdMbyBpoGFK1mURYDVGnjQ4AkNoJfnaBed6stWNVYy8rq
2026-07-31T21:05:04.033+06:00  INFO 577828 --- [pangochain-backend] [nio-8080-exec-3] c.pangochain.backend.ipfs.IpfsService    : Fetched 780 bytes from primary IPFS CID=QmdMbyBpoGFK1mURYDVGnjQ4AkNoJfnaBed6stWNVYy8rq
2026-07-31T21:05:04.033+06:00  INFO 577828 --- [pangochain-backend] [io-8080-exec-14] c.pangochain.backend.ipfs.IpfsService    : Fetched 780 bytes from primary IPFS CID=QmdMbyBpoGFK1mURYDVGnjQ4AkNoJfnaBed6stWNVYy8rq
2026-07-31T21:05:04.033+06:00  INFO 577828 --- [pangochain-backend] [nio-8080-exec-9] c.pangochain.backend.ipfs.IpfsService    : Fetched 780 bytes from primary IPFS CID=QmdMbyBpoGFK1mURYDVGnjQ4AkNoJfnaBed6stWNVYy8rq
2026-07-31T21:05:04.034+06:00  INFO 577828 --- [pangochain-backend] [nio-8080-exec-7] c.pangochain.backend.ipfs.IpfsService    : Fetched 780 bytes from primary IPFS CID=QmdMbyBpoGFK1mURYDVGnjQ4AkNoJfnaBed6stWNVYy8rq
2026-07-31T21:05:04.034+06:00  INFO 577828 --- [pangochain-backend] [io-8080-exec-15] c.pangochain.backend.ipfs.IpfsService    : Fetched 780 bytes from primary IPFS CID=QmdMbyBpoGFK1mURYDVGnjQ4AkNoJfnaBed6stWNVYy8rq
2026-07-31T21:05:04.036+06:00  INFO 577828 --- [pangochain-backend] [io-8080-exec-20] c.pangochain.backend.ipfs.IpfsService    : Fetched 780 bytes from primary IPFS CID=QmdMbyBpoGFK1mURYDVGnjQ4AkNoJfnaBed6stWNVYy8rq
2026-07-31T21:05:04.036+06:00  INFO 577828 --- [pangochain-backend] [nio-8080-exec-8] c.pangochain.backend.ipfs.IpfsService    : Fetched 780 bytes from primary IPFS CID=QmdMbyBpoGFK1mURYDVGnjQ4AkNoJfnaBed6stWNVYy8rq
2026-07-31T21:05:04.039+06:00  INFO 577828 --- [pangochain-backend] [io-8080-exec-17] c.pangochain.backend.ipfs.IpfsService    : Fetched 780 bytes from primary IPFS CID=QmdMbyBpoGFK1mURYDVGnjQ4AkNoJfnaBed6stWNVYy8rq
2026-07-31T21:05:04.039+06:00  INFO 577828 --- [pangochain-backend] [io-8080-exec-10] c.pangochain.backend.ipfs.IpfsService    : Fetched 780 bytes from primary IPFS CID=QmdMbyBpoGFK1mURYDVGnjQ4AkNoJfnaBed6stWNVYy8rq
2026-07-31T21:05:04.040+06:00  INFO 577828 --- [pangochain-backend] [nio-8080-exec-5] c.pangochain.backend.ipfs.IpfsService    : Fetched 780 bytes from primary IPFS CID=QmdMbyBpoGFK1mURYDVGnjQ4AkNoJfnaBed6stWNVYy8rq
2026-07-31T21:05:04.040+06:00  INFO 577828 --- [pangochain-backend] [io-8080-exec-16] c.pangochain.backend.ipfs.IpfsService    : Fetched 780 bytes from primary IPFS CID=QmdMbyBpoGFK1mURYDVGnjQ4AkNoJfnaBed6stWNVYy8rq
2026-07-31T21:05:04.040+06:00  INFO 577828 --- [pangochain-backend] [io-8080-exec-18] c.pangochain.backend.ipfs.IpfsService    : Fetched 780 bytes from primary IPFS CID=QmdMbyBpoGFK1mURYDVGnjQ4AkNoJfnaBed6stWNVYy8rq
2026-07-31T21:05:04.057+06:00  INFO 577828 --- [pangochain-backend] [nio-8080-exec-2] c.pangochain.backend.ipfs.IpfsService    : Fetched 780 bytes from primary IPFS CID=QmdMbyBpoGFK1mURYDVGnjQ4AkNoJfnaBed6stWNVYy8rq
2026-07-31T21:05:04.057+06:00  INFO 577828 --- [pangochain-backend] [io-8080-exec-14] c.pangochain.backend.ipfs.IpfsService    : Fetched 780 bytes from primary IPFS CID=QmdMbyBpoGFK1mURYDVGnjQ4AkNoJfnaBed6stWNVYy8rq
2026-07-31T21:05:04.059+06:00  INFO 577828 --- [pangochain-backend] [nio-8080-exec-1] c.pangochain.backend.ipfs.IpfsService    : Fetched 780 bytes from primary IPFS CID=QmdMbyBpoGFK1mURYDVGnjQ4AkNoJfnaBed6stWNVYy8rq
2026-07-31T21:05:04.061+06:00  INFO 577828 --- [pangochain-backend] [io-8080-exec-13] c.pangochain.backend.ipfs.IpfsService    : Fetched 780 bytes from primary IPFS CID=QmdMbyBpoGFK1mURYDVGnjQ4AkNoJfnaBed6stWNVYy8rq
2026-07-31T21:05:04.061+06:00  INFO 577828 --- [pangochain-backend] [nio-8080-exec-9] c.pangochain.backend.ipfs.IpfsService    : Fetched 780 bytes from primary IPFS CID=QmdMbyBpoGFK1mURYDVGnjQ4AkNoJfnaBed6stWNVYy8rq
2026-07-31T21:05:04.061+06:00  INFO 577828 --- [pangochain-backend] [io-8080-exec-11] c.pangochain.backend.ipfs.IpfsService    : Fetched 780 bytes from primary IPFS CID=QmdMbyBpoGFK1mURYDVGnjQ4AkNoJfnaBed6stWNVYy8rq
2026-07-31T21:05:04.061+06:00  INFO 577828 --- [pangochain-backend] [io-8080-exec-20] c.pangochain.backend.ipfs.IpfsService    : Fetched 780 bytes from primary IPFS CID=QmdMbyBpoGFK1mURYDVGnjQ4AkNoJfnaBed6stWNVYy8rq
2026-07-31T21:05:04.062+06:00  INFO 577828 --- [pangochain-backend] [io-8080-exec-19] c.pangochain.backend.ipfs.IpfsService    : Fetched 780 bytes from primary IPFS CID=QmdMbyBpoGFK1mURYDVGnjQ4AkNoJfnaBed6stWNVYy8rq
2026-07-31T21:05:04.062+06:00  INFO 577828 --- [pangochain-backend] [io-8080-exec-12] c.pangochain.backend.ipfs.IpfsService    : Fetched 780 bytes from primary IPFS CID=QmdMbyBpoGFK1mURYDVGnjQ4AkNoJfnaBed6stWNVYy8rq
2026-07-31T21:05:04.063+06:00  INFO 577828 --- [pangochain-backend] [io-8080-exec-10] c.pangochain.backend.ipfs.IpfsService    : Fetched 780 bytes from primary IPFS CID=QmdMbyBpoGFK1mURYDVGnjQ4AkNoJfnaBed6stWNVYy8rq
2026-07-31T21:05:04.063+06:00  INFO 577828 --- [pangochain-backend] [io-8080-exec-15] c.pangochain.backend.ipfs.IpfsService    : Fetched 780 bytes from primary IPFS CID=QmdMbyBpoGFK1mURYDVGnjQ4AkNoJfnaBed6stWNVYy8rq
2026-07-31T21:05:04.063+06:00  INFO 577828 --- [pangochain-backend] [io-8080-exec-17] c.pangochain.backend.ipfs.IpfsService    : Fetched 780 bytes from primary IPFS CID=QmdMbyBpoGFK1mURYDVGnjQ4AkNoJfnaBed6stWNVYy8rq
2026-07-31T21:05:04.063+06:00  INFO 577828 --- [pangochain-backend] [nio-8080-exec-4] c.pangochain.backend.ipfs.IpfsService    : Fetched 780 bytes from primary IPFS CID=QmdMbyBpoGFK1mURYDVGnjQ4AkNoJfnaBed6stWNVYy8rq
2026-07-31T21:05:04.063+06:00  INFO 577828 --- [pangochain-backend] [nio-8080-exec-8] c.pangochain.backend.ipfs.IpfsService    : Fetched 780 bytes from primary IPFS CID=QmdMbyBpoGFK1mURYDVGnjQ4AkNoJfnaBed6stWNVYy8rq
2026-07-31T21:05:04.064+06:00  INFO 577828 --- [pangochain-backend] [nio-8080-exec-6] c.pangochain.backend.ipfs.IpfsService    : Fetched 780 bytes from primary IPFS CID=QmdMbyBpoGFK1mURYDVGnjQ4AkNoJfnaBed6stWNVYy8rq
2026-07-31T21:05:04.065+06:00  INFO 577828 --- [pangochain-backend] [nio-8080-exec-5] c.pangochain.backend.ipfs.IpfsService    : Fetched 780 bytes from primary IPFS CID=QmdMbyBpoGFK1mURYDVGnjQ4AkNoJfnaBed6stWNVYy8rq
2026-07-31T21:05:04.066+06:00  INFO 577828 --- [pangochain-backend] [io-8080-exec-18] c.pangochain.backend.ipfs.IpfsService    : Fetched 780 bytes from primary IPFS CID=QmdMbyBpoGFK1mURYDVGnjQ4AkNoJfnaBed6stWNVYy8rq
2026-07-31T21:05:04.066+06:00  INFO 577828 --- [pangochain-backend] [io-8080-exec-16] c.pangochain.backend.ipfs.IpfsService    : Fetched 780 bytes from primary IPFS CID=QmdMbyBpoGFK1mURYDVGnjQ4AkNoJfnaBed6stWNVYy8rq
2026-07-31T21:05:04.069+06:00  INFO 577828 --- [pangochain-backend] [nio-8080-exec-7] c.pangochain.backend.ipfs.IpfsService    : Fetched 780 bytes from primary IPFS CID=QmdMbyBpoGFK1mURYDVGnjQ4AkNoJfnaBed6stWNVYy8rq
2026-07-31T21:05:04.070+06:00  INFO 577828 --- [pangochain-backend] [nio-8080-exec-3] c.pangochain.backend.ipfs.IpfsService    : Fetched 780 bytes from primary IPFS CID=QmdMbyBpoGFK1mURYDVGnjQ4AkNoJfnaBed6stWNVYy8rq
2026-07-31T21:05:04.084+06:00  INFO 577828 --- [pangochain-backend] [nio-8080-exec-8] c.pangochain.backend.ipfs.IpfsService    : Fetched 780 bytes from primary IPFS CID=QmdMbyBpoGFK1mURYDVGnjQ4AkNoJfnaBed6stWNVYy8rq
2026-07-31T21:05:04.084+06:00  INFO 577828 --- [pangochain-backend] [io-8080-exec-15] c.pangochain.backend.ipfs.IpfsService    : Fetched 780 bytes from primary IPFS CID=QmdMbyBpoGFK1mURYDVGnjQ4AkNoJfnaBed6stWNVYy8rq
2026-07-31T21:05:04.086+06:00  INFO 577828 --- [pangochain-backend] [nio-8080-exec-6] c.pangochain.backend.ipfs.IpfsService    : Fetched 780 bytes from primary IPFS CID=QmdMbyBpoGFK1mURYDVGnjQ4AkNoJfnaBed6stWNVYy8rq
2026-07-31T21:05:04.087+06:00  INFO 577828 --- [pangochain-backend] [io-8080-exec-13] c.pangochain.backend.ipfs.IpfsService    : Fetched 780 bytes from primary IPFS CID=QmdMbyBpoGFK1mURYDVGnjQ4AkNoJfnaBed6stWNVYy8rq
2026-07-31T21:05:04.087+06:00  INFO 577828 --- [pangochain-backend] [io-8080-exec-10] c.pangochain.backend.ipfs.IpfsService    : Fetched 780 bytes from primary IPFS CID=QmdMbyBpoGFK1mURYDVGnjQ4AkNoJfnaBed6stWNVYy8rq
2026-07-31T21:05:04.087+06:00  INFO 577828 --- [pangochain-backend] [io-8080-exec-20] c.pangochain.backend.ipfs.IpfsService    : Fetched 780 bytes from primary IPFS CID=QmdMbyBpoGFK1mURYDVGnjQ4AkNoJfnaBed6stWNVYy8rq
2026-07-31T21:05:04.087+06:00  INFO 577828 --- [pangochain-backend] [io-8080-exec-12] c.pangochain.backend.ipfs.IpfsService    : Fetched 780 bytes from primary IPFS CID=QmdMbyBpoGFK1mURYDVGnjQ4AkNoJfnaBed6stWNVYy8rq
2026-07-31T21:05:04.089+06:00  INFO 577828 --- [pangochain-backend] [io-8080-exec-19] c.pangochain.backend.ipfs.IpfsService    : Fetched 780 bytes from primary IPFS CID=QmdMbyBpoGFK1mURYDVGnjQ4AkNoJfnaBed6stWNVYy8rq
2026-07-31T21:05:04.089+06:00  INFO 577828 --- [pangochain-backend] [nio-8080-exec-1] c.pangochain.backend.ipfs.IpfsService    : Fetched 780 bytes from primary IPFS CID=QmdMbyBpoGFK1mURYDVGnjQ4AkNoJfnaBed6stWNVYy8rq
2026-07-31T21:05:04.093+06:00  INFO 577828 --- [pangochain-backend] [nio-8080-exec-4] c.pangochain.backend.ipfs.IpfsService    : Fetched 780 bytes from primary IPFS CID=QmdMbyBpoGFK1mURYDVGnjQ4AkNoJfnaBed6stWNVYy8rq
2026-07-31T21:05:04.096+06:00  INFO 577828 --- [pangochain-backend] [nio-8080-exec-9] c.pangochain.backend.ipfs.IpfsService    : Fetched 780 bytes from primary IPFS CID=QmdMbyBpoGFK1mURYDVGnjQ4AkNoJfnaBed6stWNVYy8rq
2026-07-31T21:05:04.094+06:00  INFO 577828 --- [pangochain-backend] [io-8080-exec-16] c.pangochain.backend.ipfs.IpfsService    : Fetched 780 bytes from primary IPFS CID=QmdMbyBpoGFK1mURYDVGnjQ4AkNoJfnaBed6stWNVYy8rq
2026-07-31T21:05:04.097+06:00  INFO 577828 --- [pangochain-backend] [io-8080-exec-21] c.pangochain.backend.ipfs.IpfsService    : Fetched 780 bytes from primary IPFS CID=QmdMbyBpoGFK1mURYDVGnjQ4AkNoJfnaBed6stWNVYy8rq
2026-07-31T21:05:04.099+06:00  INFO 577828 --- [pangochain-backend] [nio-8080-exec-7] c.pangochain.backend.ipfs.IpfsService    : Fetched 780 bytes from primary IPFS CID=QmdMbyBpoGFK1mURYDVGnjQ4AkNoJfnaBed6stWNVYy8rq
2026-07-31T21:05:04.101+06:00  INFO 577828 --- [pangochain-backend] [nio-8080-exec-3] c.pangochain.backend.ipfs.IpfsService    : Fetched 780 bytes from primary IPFS CID=QmdMbyBpoGFK1mURYDVGnjQ4AkNoJfnaBed6stWNVYy8rq
2026-07-31T21:05:04.108+06:00  INFO 577828 --- [pangochain-backend] [io-8080-exec-32] c.pangochain.backend.ipfs.IpfsService    : Fetched 780 bytes from primary IPFS CID=QmdMbyBpoGFK1mURYDVGnjQ4AkNoJfnaBed6stWNVYy8rq
2026-07-31T21:05:04.108+06:00  INFO 577828 --- [pangochain-backend] [nio-8080-exec-8] c.pangochain.backend.ipfs.IpfsService    : Fetched 780 bytes from primary IPFS CID=QmdMbyBpoGFK1mURYDVGnjQ4AkNoJfnaBed6stWNVYy8rq
2026-07-31T21:05:04.108+06:00  INFO 577828 --- [pangochain-backend] [nio-8080-exec-2] c.pangochain.backend.ipfs.IpfsService    : Fetched 780 bytes from primary IPFS CID=QmdMbyBpoGFK1mURYDVGnjQ4AkNoJfnaBed6stWNVYy8rq
2026-07-31T21:05:04.111+06:00  INFO 577828 --- [pangochain-backend] [io-8080-exec-27] c.pangochain.backend.ipfs.IpfsService    : Fetched 780 bytes from primary IPFS CID=QmdMbyBpoGFK1mURYDVGnjQ4AkNoJfnaBed6stWNVYy8rq
2026-07-31T21:05:04.112+06:00  INFO 577828 --- [pangochain-backend] [io-8080-exec-18] c.pangochain.backend.ipfs.IpfsService    : Fetched 780 bytes from primary IPFS CID=QmdMbyBpoGFK1mURYDVGnjQ4AkNoJfnaBed6stWNVYy8rq
2026-07-31T21:05:04.113+06:00  INFO 577828 --- [pangochain-backend] [io-8080-exec-23] c.pangochain.backend.ipfs.IpfsService    : Fetched 780 bytes from primary IPFS CID=QmdMbyBpoGFK1mURYDVGnjQ4AkNoJfnaBed6stWNVYy8rq
2026-07-31T21:05:04.115+06:00  INFO 577828 --- [pangochain-backend] [io-8080-exec-14] c.pangochain.backend.ipfs.IpfsService    : Fetched 780 bytes from primary IPFS CID=QmdMbyBpoGFK1mURYDVGnjQ4AkNoJfnaBed6stWNVYy8rq
2026-07-31T21:05:04.115+06:00  INFO 577828 --- [pangochain-backend] [io-8080-exec-11] c.pangochain.backend.ipfs.IpfsService    : Fetched 780 bytes from primary IPFS CID=QmdMbyBpoGFK1mURYDVGnjQ4AkNoJfnaBed6stWNVYy8rq
2026-07-31T21:05:04.116+06:00  INFO 577828 --- [pangochain-backend] [io-8080-exec-17] c.pangochain.backend.ipfs.IpfsService    : Fetched 780 bytes from primary IPFS CID=QmdMbyBpoGFK1mURYDVGnjQ4AkNoJfnaBed6stWNVYy8rq
2026-07-31T21:05:04.116+06:00  INFO 577828 --- [pangochain-backend] [io-8080-exec-22] c.pangochain.backend.ipfs.IpfsService    : Fetched 780 bytes from primary IPFS CID=QmdMbyBpoGFK1mURYDVGnjQ4AkNoJfnaBed6stWNVYy8rq
2026-07-31T21:05:04.117+06:00  INFO 577828 --- [pangochain-backend] [nio-8080-exec-1] c.pangochain.backend.ipfs.IpfsService    : Fetched 780 bytes from primary IPFS CID=QmdMbyBpoGFK1mURYDVGnjQ4AkNoJfnaBed6stWNVYy8rq
2026-07-31T21:05:04.118+06:00  INFO 577828 --- [pangochain-backend] [io-8080-exec-15] c.pangochain.backend.ipfs.IpfsService    : Fetched 780 bytes from primary IPFS CID=QmdMbyBpoGFK1mURYDVGnjQ4AkNoJfnaBed6stWNVYy8rq
2026-07-31T21:05:04.118+06:00  INFO 577828 --- [pangochain-backend] [io-8080-exec-24] c.pangochain.backend.ipfs.IpfsService    : Fetched 780 bytes from primary IPFS CID=QmdMbyBpoGFK1mURYDVGnjQ4AkNoJfnaBed6stWNVYy8rq
2026-07-31T21:05:04.118+06:00  INFO 577828 --- [pangochain-backend] [io-8080-exec-36] c.pangochain.backend.ipfs.IpfsService    : Fetched 780 bytes from primary IPFS CID=QmdMbyBpoGFK1mURYDVGnjQ4AkNoJfnaBed6stWNVYy8rq
2026-07-31T21:05:04.118+06:00  INFO 577828 --- [pangochain-backend] [io-8080-exec-29] c.pangochain.backend.ipfs.IpfsService    : Fetched 780 bytes from primary IPFS CID=QmdMbyBpoGFK1mURYDVGnjQ4AkNoJfnaBed6stWNVYy8rq
2026-07-31T21:05:04.119+06:00  INFO 577828 --- [pangochain-backend] [io-8080-exec-46] c.pangochain.backend.ipfs.IpfsService    : Fetched 780 bytes from primary IPFS CID=QmdMbyBpoGFK1mURYDVGnjQ4AkNoJfnaBed6stWNVYy8rq
2026-07-31T21:05:04.119+06:00  INFO 577828 --- [pangochain-backend] [io-8080-exec-28] c.pangochain.backend.ipfs.IpfsService    : Fetched 780 bytes from primary IPFS CID=QmdMbyBpoGFK1mURYDVGnjQ4AkNoJfnaBed6stWNVYy8rq
2026-07-31T21:05:04.120+06:00  INFO 577828 --- [pangochain-backend] [io-8080-exec-31] c.pangochain.backend.ipfs.IpfsService    : Fetched 780 bytes from primary IPFS CID=QmdMbyBpoGFK1mURYDVGnjQ4AkNoJfnaBed6stWNVYy8rq
2026-07-31T21:05:04.120+06:00  INFO 577828 --- [pangochain-backend] [io-8080-exec-39] c.pangochain.backend.ipfs.IpfsService    : Fetched 780 bytes from primary IPFS CID=QmdMbyBpoGFK1mURYDVGnjQ4AkNoJfnaBed6stWNVYy8rq
2026-07-31T21:05:04.120+06:00  INFO 577828 --- [pangochain-backend] [io-8080-exec-30] c.pangochain.backend.ipfs.IpfsService    : Fetched 780 bytes from primary IPFS CID=QmdMbyBpoGFK1mURYDVGnjQ4AkNoJfnaBed6stWNVYy8rq
2026-07-31T21:05:04.120+06:00  INFO 577828 --- [pangochain-backend] [io-8080-exec-20] c.pangochain.backend.ipfs.IpfsService    : Fetched 780 bytes from primary IPFS CID=QmdMbyBpoGFK1mURYDVGnjQ4AkNoJfnaBed6stWNVYy8rq
2026-07-31T21:05:04.120+06:00  INFO 577828 --- [pangochain-backend] [io-8080-exec-35] c.pangochain.backend.ipfs.IpfsService    : Fetched 780 bytes from primary IPFS CID=QmdMbyBpoGFK1mURYDVGnjQ4AkNoJfnaBed6stWNVYy8rq
2026-07-31T21:05:04.120+06:00  INFO 577828 --- [pangochain-backend] [io-8080-exec-40] c.pangochain.backend.ipfs.IpfsService    : Fetched 780 bytes from primary IPFS CID=QmdMbyBpoGFK1mURYDVGnjQ4AkNoJfnaBed6stWNVYy8rq
2026-07-31T21:05:04.121+06:00  INFO 577828 --- [pangochain-backend] [nio-8080-exec-5] c.pangochain.backend.ipfs.IpfsService    : Fetched 780 bytes from primary IPFS CID=QmdMbyBpoGFK1mURYDVGnjQ4AkNoJfnaBed6stWNVYy8rq
2026-07-31T21:05:04.121+06:00  INFO 577828 --- [pangochain-backend] [io-8080-exec-47] c.pangochain.backend.ipfs.IpfsService    : Fetched 780 bytes from primary IPFS CID=QmdMbyBpoGFK1mURYDVGnjQ4AkNoJfnaBed6stWNVYy8rq
2026-07-31T21:05:04.123+06:00  INFO 577828 --- [pangochain-backend] [io-8080-exec-41] c.pangochain.backend.ipfs.IpfsService    : Fetched 780 bytes from primary IPFS CID=QmdMbyBpoGFK1mURYDVGnjQ4AkNoJfnaBed6stWNVYy8rq
2026-07-31T21:05:04.123+06:00  INFO 577828 --- [pangochain-backend] [io-8080-exec-32] c.pangochain.backend.ipfs.IpfsService    : Fetched 780 bytes from primary IPFS CID=QmdMbyBpoGFK1mURYDVGnjQ4AkNoJfnaBed6stWNVYy8rq
2026-07-31T21:05:04.123+06:00  INFO 577828 --- [pangochain-backend] [io-8080-exec-42] c.pangochain.backend.ipfs.IpfsService    : Fetched 780 bytes from primary IPFS CID=QmdMbyBpoGFK1mURYDVGnjQ4AkNoJfnaBed6stWNVYy8rq
2026-07-31T21:05:04.123+06:00  INFO 577828 --- [pangochain-backend] [io-8080-exec-43] c.pangochain.backend.ipfs.IpfsService    : Fetched 780 bytes from primary IPFS CID=QmdMbyBpoGFK1mURYDVGnjQ4AkNoJfnaBed6stWNVYy8rq
2026-07-31T21:05:04.124+06:00  INFO 577828 --- [pangochain-backend] [io-8080-exec-13] c.pangochain.backend.ipfs.IpfsService    : Fetched 780 bytes from primary IPFS CID=QmdMbyBpoGFK1mURYDVGnjQ4AkNoJfnaBed6stWNVYy8rq
2026-07-31T21:05:04.124+06:00  INFO 577828 --- [pangochain-backend] [io-8080-exec-48] c.pangochain.backend.ipfs.IpfsService    : Fetched 780 bytes from primary IPFS CID=QmdMbyBpoGFK1mURYDVGnjQ4AkNoJfnaBed6stWNVYy8rq
2026-07-31T21:05:04.124+06:00  INFO 577828 --- [pangochain-backend] [io-8080-exec-26] c.pangochain.backend.ipfs.IpfsService    : Fetched 780 bytes from primary IPFS CID=QmdMbyBpoGFK1mURYDVGnjQ4AkNoJfnaBed6stWNVYy8rq
2026-07-31T21:05:04.125+06:00  INFO 577828 --- [pangochain-backend] [nio-8080-exec-6] c.pangochain.backend.ipfs.IpfsService    : Fetched 780 bytes from primary IPFS CID=QmdMbyBpoGFK1mURYDVGnjQ4AkNoJfnaBed6stWNVYy8rq
2026-07-31T21:05:04.126+06:00  INFO 577828 --- [pangochain-backend] [io-8080-exec-21] c.pangochain.backend.ipfs.IpfsService    : Fetched 780 bytes from primary IPFS CID=QmdMbyBpoGFK1mURYDVGnjQ4AkNoJfnaBed6stWNVYy8rq
2026-07-31T21:05:04.126+06:00  INFO 577828 --- [pangochain-backend] [nio-8080-exec-9] c.pangochain.backend.ipfs.IpfsService    : Fetched 780 bytes from primary IPFS CID=QmdMbyBpoGFK1mURYDVGnjQ4AkNoJfnaBed6stWNVYy8rq
2026-07-31T21:05:04.126+06:00  INFO 577828 --- [pangochain-backend] [io-8080-exec-50] c.pangochain.backend.ipfs.IpfsService    : Fetched 780 bytes from primary IPFS CID=QmdMbyBpoGFK1mURYDVGnjQ4AkNoJfnaBed6stWNVYy8rq
2026-07-31T21:05:04.127+06:00  INFO 577828 --- [pangochain-backend] [nio-8080-exec-7] c.pangochain.backend.ipfs.IpfsService    : Fetched 780 bytes from primary IPFS CID=QmdMbyBpoGFK1mURYDVGnjQ4AkNoJfnaBed6stWNVYy8rq
2026-07-31T21:05:04.127+06:00  INFO 577828 --- [pangochain-backend] [io-8080-exec-38] c.pangochain.backend.ipfs.IpfsService    : Fetched 780 bytes from primary IPFS CID=QmdMbyBpoGFK1mURYDVGnjQ4AkNoJfnaBed6stWNVYy8rq
2026-07-31T21:05:04.125+06:00  INFO 577828 --- [pangochain-backend] [io-8080-exec-10] c.pangochain.backend.ipfs.IpfsService    : Fetched 780 bytes from primary IPFS CID=QmdMbyBpoGFK1mURYDVGnjQ4AkNoJfnaBed6stWNVYy8rq
2026-07-31T21:05:04.128+06:00  INFO 577828 --- [pangochain-backend] [io-8080-exec-27] c.pangochain.backend.ipfs.IpfsService    : Fetched 780 bytes from primary IPFS CID=QmdMbyBpoGFK1mURYDVGnjQ4AkNoJfnaBed6stWNVYy8rq
2026-07-31T21:05:04.130+06:00  INFO 577828 --- [pangochain-backend] [io-8080-exec-34] c.pangochain.backend.ipfs.IpfsService    : Fetched 780 bytes from primary IPFS CID=QmdMbyBpoGFK1mURYDVGnjQ4AkNoJfnaBed6stWNVYy8rq
2026-07-31T21:05:04.132+06:00  INFO 577828 --- [pangochain-backend] [nio-8080-exec-3] c.pangochain.backend.ipfs.IpfsService    : Fetched 780 bytes from primary IPFS CID=QmdMbyBpoGFK1mURYDVGnjQ4AkNoJfnaBed6stWNVYy8rq
2026-07-31T21:05:04.134+06:00  INFO 577828 --- [pangochain-backend] [io-8080-exec-25] c.pangochain.backend.ipfs.IpfsService    : Fetched 780 bytes from primary IPFS CID=QmdMbyBpoGFK1mURYDVGnjQ4AkNoJfnaBed6stWNVYy8rq
2026-07-31T21:05:04.135+06:00  INFO 577828 --- [pangochain-backend] [io-8080-exec-19] c.pangochain.backend.ipfs.IpfsService    : Fetched 780 bytes from primary IPFS CID=QmdMbyBpoGFK1mURYDVGnjQ4AkNoJfnaBed6stWNVYy8rq
2026-07-31T21:05:04.136+06:00  INFO 577828 --- [pangochain-backend] [io-8080-exec-12] c.pangochain.backend.ipfs.IpfsService    : Fetched 780 bytes from primary IPFS CID=QmdMbyBpoGFK1mURYDVGnjQ4AkNoJfnaBed6stWNVYy8rq
2026-07-31T21:05:04.138+06:00  INFO 577828 --- [pangochain-backend] [io-8080-exec-45] c.pangochain.backend.ipfs.IpfsService    : Fetched 780 bytes from primary IPFS CID=QmdMbyBpoGFK1mURYDVGnjQ4AkNoJfnaBed6stWNVYy8rq
2026-07-31T21:05:04.138+06:00  INFO 577828 --- [pangochain-backend] [io-8080-exec-33] c.pangochain.backend.ipfs.IpfsService    : Fetched 780 bytes from primary IPFS CID=QmdMbyBpoGFK1mURYDVGnjQ4AkNoJfnaBed6stWNVYy8rq
2026-07-31T21:05:04.140+06:00  INFO 577828 --- [pangochain-backend] [io-8080-exec-49] c.pangochain.backend.ipfs.IpfsService    : Fetched 780 bytes from primary IPFS CID=QmdMbyBpoGFK1mURYDVGnjQ4AkNoJfnaBed6stWNVYy8rq
2026-07-31T21:05:04.142+06:00  INFO 577828 --- [pangochain-backend] [nio-8080-exec-4] c.pangochain.backend.ipfs.IpfsService    : Fetched 780 bytes from primary IPFS CID=QmdMbyBpoGFK1mURYDVGnjQ4AkNoJfnaBed6stWNVYy8rq
2026-07-31T21:05:04.176+06:00  INFO 577828 --- [pangochain-backend] [io-8080-exec-11] c.pangochain.backend.ipfs.IpfsService    : Fetched 780 bytes from primary IPFS CID=QmdMbyBpoGFK1mURYDVGnjQ4AkNoJfnaBed6stWNVYy8rq
2026-07-31T21:05:04.217+06:00  INFO 577828 --- [pangochain-backend] [io-8080-exec-23] c.pangochain.backend.ipfs.IpfsService    : Fetched 780 bytes from primary IPFS CID=QmdMbyBpoGFK1mURYDVGnjQ4AkNoJfnaBed6stWNVYy8rq
2026-07-31T21:05:04.252+06:00  INFO 577828 --- [pangochain-backend] [io-8080-exec-46] c.pangochain.backend.ipfs.IpfsService    : Fetched 780 bytes from primary IPFS CID=QmdMbyBpoGFK1mURYDVGnjQ4AkNoJfnaBed6stWNVYy8rq
2026-07-31T21:05:04.270+06:00  INFO 577828 --- [pangochain-backend] [io-8080-exec-38] c.pangochain.backend.ipfs.IpfsService    : Fetched 780 bytes from primary IPFS CID=QmdMbyBpoGFK1mURYDVGnjQ4AkNoJfnaBed6stWNVYy8rq
2026-07-31T21:05:04.273+06:00  INFO 577828 --- [pangochain-backend] [io-8080-exec-27] c.pangochain.backend.ipfs.IpfsService    : Fetched 780 bytes from primary IPFS CID=QmdMbyBpoGFK1mURYDVGnjQ4AkNoJfnaBed6stWNVYy8rq
2026-07-31T21:05:04.273+06:00  INFO 577828 --- [pangochain-backend] [io-8080-exec-17] c.pangochain.backend.ipfs.IpfsService    : Fetched 780 bytes from primary IPFS CID=QmdMbyBpoGFK1mURYDVGnjQ4AkNoJfnaBed6stWNVYy8rq
2026-07-31T21:05:04.273+06:00  INFO 577828 --- [pangochain-backend] [io-8080-exec-44] c.pangochain.backend.ipfs.IpfsService    : Fetched 780 bytes from primary IPFS CID=QmdMbyBpoGFK1mURYDVGnjQ4AkNoJfnaBed6stWNVYy8rq
2026-07-31T21:05:04.275+06:00  INFO 577828 --- [pangochain-backend] [nio-8080-exec-8] c.pangochain.backend.ipfs.IpfsService    : Fetched 780 bytes from primary IPFS CID=QmdMbyBpoGFK1mURYDVGnjQ4AkNoJfnaBed6stWNVYy8rq
2026-07-31T21:05:04.275+06:00  INFO 577828 --- [pangochain-backend] [io-8080-exec-15] c.pangochain.backend.ipfs.IpfsService    : Fetched 780 bytes from primary IPFS CID=QmdMbyBpoGFK1mURYDVGnjQ4AkNoJfnaBed6stWNVYy8rq
2026-07-31T21:05:04.276+06:00  INFO 577828 --- [pangochain-backend] [io-8080-exec-18] c.pangochain.backend.ipfs.IpfsService    : Fetched 780 bytes from primary IPFS CID=QmdMbyBpoGFK1mURYDVGnjQ4AkNoJfnaBed6stWNVYy8rq
2026-07-31T21:05:04.276+06:00  INFO 577828 --- [pangochain-backend] [nio-8080-exec-1] c.pangochain.backend.ipfs.IpfsService    : Fetched 780 bytes from primary IPFS CID=QmdMbyBpoGFK1mURYDVGnjQ4AkNoJfnaBed6stWNVYy8rq
2026-07-31T21:05:04.277+06:00  INFO 577828 --- [pangochain-backend] [io-8080-exec-12] c.pangochain.backend.ipfs.IpfsService    : Fetched 780 bytes from primary IPFS CID=QmdMbyBpoGFK1mURYDVGnjQ4AkNoJfnaBed6stWNVYy8rq
2026-07-31T21:05:04.277+06:00  INFO 577828 --- [pangochain-backend] [nio-8080-exec-7] c.pangochain.backend.ipfs.IpfsService    : Fetched 780 bytes from primary IPFS CID=QmdMbyBpoGFK1mURYDVGnjQ4AkNoJfnaBed6stWNVYy8rq
2026-07-31T21:05:04.278+06:00  INFO 577828 --- [pangochain-backend] [io-8080-exec-28] c.pangochain.backend.ipfs.IpfsService    : Fetched 780 bytes from primary IPFS CID=QmdMbyBpoGFK1mURYDVGnjQ4AkNoJfnaBed6stWNVYy8rq
2026-07-31T21:05:04.278+06:00  INFO 577828 --- [pangochain-backend] [io-8080-exec-16] c.pangochain.backend.ipfs.IpfsService    : Fetched 780 bytes from primary IPFS CID=QmdMbyBpoGFK1mURYDVGnjQ4AkNoJfnaBed6stWNVYy8rq
2026-07-31T21:05:04.280+06:00  INFO 577828 --- [pangochain-backend] [io-8080-exec-37] c.pangochain.backend.ipfs.IpfsService    : Fetched 780 bytes from primary IPFS CID=QmdMbyBpoGFK1mURYDVGnjQ4AkNoJfnaBed6stWNVYy8rq
2026-07-31T21:05:04.280+06:00  INFO 577828 --- [pangochain-backend] [io-8080-exec-42] c.pangochain.backend.ipfs.IpfsService    : Fetched 780 bytes from primary IPFS CID=QmdMbyBpoGFK1mURYDVGnjQ4AkNoJfnaBed6stWNVYy8rq
2026-07-31T21:05:04.280+06:00  INFO 577828 --- [pangochain-backend] [nio-8080-exec-2] c.pangochain.backend.ipfs.IpfsService    : Fetched 780 bytes from primary IPFS CID=QmdMbyBpoGFK1mURYDVGnjQ4AkNoJfnaBed6stWNVYy8rq
2026-07-31T21:05:04.281+06:00  INFO 577828 --- [pangochain-backend] [io-8080-exec-31] c.pangochain.backend.ipfs.IpfsService    : Fetched 780 bytes from primary IPFS CID=QmdMbyBpoGFK1mURYDVGnjQ4AkNoJfnaBed6stWNVYy8rq
2026-07-31T21:05:04.281+06:00  INFO 577828 --- [pangochain-backend] [io-8080-exec-10] c.pangochain.backend.ipfs.IpfsService    : Fetched 780 bytes from primary IPFS CID=QmdMbyBpoGFK1mURYDVGnjQ4AkNoJfnaBed6stWNVYy8rq
2026-07-31T21:05:04.282+06:00  INFO 577828 --- [pangochain-backend] [io-8080-exec-25] c.pangochain.backend.ipfs.IpfsService    : Fetched 780 bytes from primary IPFS CID=QmdMbyBpoGFK1mURYDVGnjQ4AkNoJfnaBed6stWNVYy8rq
2026-07-31T21:05:04.288+06:00  INFO 577828 --- [pangochain-backend] [nio-8080-exec-5] c.pangochain.backend.ipfs.IpfsService    : Fetched 780 bytes from primary IPFS CID=QmdMbyBpoGFK1mURYDVGnjQ4AkNoJfnaBed6stWNVYy8rq
2026-07-31T21:05:04.289+06:00  INFO 577828 --- [pangochain-backend] [io-8080-exec-34] c.pangochain.backend.ipfs.IpfsService    : Fetched 780 bytes from primary IPFS CID=QmdMbyBpoGFK1mURYDVGnjQ4AkNoJfnaBed6stWNVYy8rq
2026-07-31T21:05:04.290+06:00  INFO 577828 --- [pangochain-backend] [io-8080-exec-32] c.pangochain.backend.ipfs.IpfsService    : Fetched 780 bytes from primary IPFS CID=QmdMbyBpoGFK1mURYDVGnjQ4AkNoJfnaBed6stWNVYy8rq
2026-07-31T21:05:04.290+06:00  INFO 577828 --- [pangochain-backend] [io-8080-exec-50] c.pangochain.backend.ipfs.IpfsService    : Fetched 780 bytes from primary IPFS CID=QmdMbyBpoGFK1mURYDVGnjQ4AkNoJfnaBed6stWNVYy8rq
2026-07-31T21:05:04.291+06:00  INFO 577828 --- [pangochain-backend] [nio-8080-exec-3] c.pangochain.backend.ipfs.IpfsService    : Fetched 780 bytes from primary IPFS CID=QmdMbyBpoGFK1mURYDVGnjQ4AkNoJfnaBed6stWNVYy8rq
2026-07-31T21:05:04.291+06:00  INFO 577828 --- [pangochain-backend] [io-8080-exec-43] c.pangochain.backend.ipfs.IpfsService    : Fetched 780 bytes from primary IPFS CID=QmdMbyBpoGFK1mURYDVGnjQ4AkNoJfnaBed6stWNVYy8rq
2026-07-31T21:05:04.291+06:00  INFO 577828 --- [pangochain-backend] [io-8080-exec-13] c.pangochain.backend.ipfs.IpfsService    : Fetched 780 bytes from primary IPFS CID=QmdMbyBpoGFK1mURYDVGnjQ4AkNoJfnaBed6stWNVYy8rq
2026-07-31T21:05:04.291+06:00  INFO 577828 --- [pangochain-backend] [nio-8080-exec-9] c.pangochain.backend.ipfs.IpfsService    : Fetched 780 bytes from primary IPFS CID=QmdMbyBpoGFK1mURYDVGnjQ4AkNoJfnaBed6stWNVYy8rq
2026-07-31T21:05:04.292+06:00  INFO 577828 --- [pangochain-backend] [io-8080-exec-39] c.pangochain.backend.ipfs.IpfsService    : Fetched 780 bytes from primary IPFS CID=QmdMbyBpoGFK1mURYDVGnjQ4AkNoJfnaBed6stWNVYy8rq
2026-07-31T21:05:04.292+06:00  INFO 577828 --- [pangochain-backend] [io-8080-exec-20] c.pangochain.backend.ipfs.IpfsService    : Fetched 780 bytes from primary IPFS CID=QmdMbyBpoGFK1mURYDVGnjQ4AkNoJfnaBed6stWNVYy8rq
2026-07-31T21:05:04.294+06:00  INFO 577828 --- [pangochain-backend] [io-8080-exec-48] c.pangochain.backend.ipfs.IpfsService    : Fetched 780 bytes from primary IPFS CID=QmdMbyBpoGFK1mURYDVGnjQ4AkNoJfnaBed6stWNVYy8rq
2026-07-31T21:05:04.294+06:00  INFO 577828 --- [pangochain-backend] [io-8080-exec-49] c.pangochain.backend.ipfs.IpfsService    : Fetched 780 bytes from primary IPFS CID=QmdMbyBpoGFK1mURYDVGnjQ4AkNoJfnaBed6stWNVYy8rq
2026-07-31T21:05:04.294+06:00  INFO 577828 --- [pangochain-backend] [io-8080-exec-29] c.pangochain.backend.ipfs.IpfsService    : Fetched 780 bytes from primary IPFS CID=QmdMbyBpoGFK1mURYDVGnjQ4AkNoJfnaBed6stWNVYy8rq
2026-07-31T21:05:04.295+06:00  INFO 577828 --- [pangochain-backend] [io-8080-exec-40] c.pangochain.backend.ipfs.IpfsService    : Fetched 780 bytes from primary IPFS CID=QmdMbyBpoGFK1mURYDVGnjQ4AkNoJfnaBed6stWNVYy8rq
2026-07-31T21:05:04.295+06:00  INFO 577828 --- [pangochain-backend] [io-8080-exec-23] c.pangochain.backend.ipfs.IpfsService    : Fetched 780 bytes from primary IPFS CID=QmdMbyBpoGFK1mURYDVGnjQ4AkNoJfnaBed6stWNVYy8rq
2026-07-31T21:05:04.295+06:00  INFO 577828 --- [pangochain-backend] [io-8080-exec-24] c.pangochain.backend.ipfs.IpfsService    : Fetched 780 bytes from primary IPFS CID=QmdMbyBpoGFK1mURYDVGnjQ4AkNoJfnaBed6stWNVYy8rq
2026-07-31T21:05:04.296+06:00  INFO 577828 --- [pangochain-backend] [io-8080-exec-19] c.pangochain.backend.ipfs.IpfsService    : Fetched 780 bytes from primary IPFS CID=QmdMbyBpoGFK1mURYDVGnjQ4AkNoJfnaBed6stWNVYy8rq
2026-07-31T21:05:04.297+06:00  INFO 577828 --- [pangochain-backend] [io-8080-exec-21] c.pangochain.backend.ipfs.IpfsService    : Fetched 780 bytes from primary IPFS CID=QmdMbyBpoGFK1mURYDVGnjQ4AkNoJfnaBed6stWNVYy8rq
2026-07-31T21:05:04.297+06:00  INFO 577828 --- [pangochain-backend] [io-8080-exec-36] c.pangochain.backend.ipfs.IpfsService    : Fetched 780 bytes from primary IPFS CID=QmdMbyBpoGFK1mURYDVGnjQ4AkNoJfnaBed6stWNVYy8rq
2026-07-31T21:05:04.298+06:00  INFO 577828 --- [pangochain-backend] [io-8080-exec-14] c.pangochain.backend.ipfs.IpfsService    : Fetched 780 bytes from primary IPFS CID=QmdMbyBpoGFK1mURYDVGnjQ4AkNoJfnaBed6stWNVYy8rq
2026-07-31T21:05:04.298+06:00  INFO 577828 --- [pangochain-backend] [io-8080-exec-30] c.pangochain.backend.ipfs.IpfsService    : Fetched 780 bytes from primary IPFS CID=QmdMbyBpoGFK1mURYDVGnjQ4AkNoJfnaBed6stWNVYy8rq
2026-07-31T21:05:04.301+06:00  INFO 577828 --- [pangochain-backend] [nio-8080-exec-6] c.pangochain.backend.ipfs.IpfsService    : Fetched 780 bytes from primary IPFS CID=QmdMbyBpoGFK1mURYDVGnjQ4AkNoJfnaBed6stWNVYy8rq
2026-07-31T21:05:04.302+06:00  INFO 577828 --- [pangochain-backend] [io-8080-exec-33] c.pangochain.backend.ipfs.IpfsService    : Fetched 780 bytes from primary IPFS CID=QmdMbyBpoGFK1mURYDVGnjQ4AkNoJfnaBed6stWNVYy8rq
2026-07-31T21:05:04.303+06:00  INFO 577828 --- [pangochain-backend] [io-8080-exec-18] c.pangochain.backend.ipfs.IpfsService    : Fetched 780 bytes from primary IPFS CID=QmdMbyBpoGFK1mURYDVGnjQ4AkNoJfnaBed6stWNVYy8rq
2026-07-31T21:05:04.304+06:00  INFO 577828 --- [pangochain-backend] [io-8080-exec-47] c.pangochain.backend.ipfs.IpfsService    : Fetched 780 bytes from primary IPFS CID=QmdMbyBpoGFK1mURYDVGnjQ4AkNoJfnaBed6stWNVYy8rq
2026-07-31T21:05:04.304+06:00  INFO 577828 --- [pangochain-backend] [io-8080-exec-45] c.pangochain.backend.ipfs.IpfsService    : Fetched 780 bytes from primary IPFS CID=QmdMbyBpoGFK1mURYDVGnjQ4AkNoJfnaBed6stWNVYy8rq
2026-07-31T21:05:04.304+06:00  INFO 577828 --- [pangochain-backend] [io-8080-exec-26] c.pangochain.backend.ipfs.IpfsService    : Fetched 780 bytes from primary IPFS CID=QmdMbyBpoGFK1mURYDVGnjQ4AkNoJfnaBed6stWNVYy8rq
2026-07-31T21:05:04.306+06:00  INFO 577828 --- [pangochain-backend] [io-8080-exec-22] c.pangochain.backend.ipfs.IpfsService    : Fetched 780 bytes from primary IPFS CID=QmdMbyBpoGFK1mURYDVGnjQ4AkNoJfnaBed6stWNVYy8rq
2026-07-31T21:05:04.307+06:00  INFO 577828 --- [pangochain-backend] [nio-8080-exec-4] c.pangochain.backend.ipfs.IpfsService    : Fetched 780 bytes from primary IPFS CID=QmdMbyBpoGFK1mURYDVGnjQ4AkNoJfnaBed6stWNVYy8rq
2026-07-31T21:05:04.307+06:00  INFO 577828 --- [pangochain-backend] [io-8080-exec-17] c.pangochain.backend.ipfs.IpfsService    : Fetched 780 bytes from primary IPFS CID=QmdMbyBpoGFK1mURYDVGnjQ4AkNoJfnaBed6stWNVYy8rq
2026-07-31T21:05:04.307+06:00  INFO 577828 --- [pangochain-backend] [io-8080-exec-41] c.pangochain.backend.ipfs.IpfsService    : Fetched 780 bytes from primary IPFS CID=QmdMbyBpoGFK1mURYDVGnjQ4AkNoJfnaBed6stWNVYy8rq
2026-07-31T21:05:04.308+06:00  INFO 577828 --- [pangochain-backend] [io-8080-exec-27] c.pangochain.backend.ipfs.IpfsService    : Fetched 780 bytes from primary IPFS CID=QmdMbyBpoGFK1mURYDVGnjQ4AkNoJfnaBed6stWNVYy8rq
2026-07-31T21:05:04.308+06:00  INFO 577828 --- [pangochain-backend] [io-8080-exec-35] c.pangochain.backend.ipfs.IpfsService    : Fetched 780 bytes from primary IPFS CID=QmdMbyBpoGFK1mURYDVGnjQ4AkNoJfnaBed6stWNVYy8rq
2026-07-31T21:05:04.308+06:00  INFO 577828 --- [pangochain-backend] [io-8080-exec-44] c.pangochain.backend.ipfs.IpfsService    : Fetched 780 bytes from primary IPFS CID=QmdMbyBpoGFK1mURYDVGnjQ4AkNoJfnaBed6stWNVYy8rq
2026-07-31T21:05:04.309+06:00  INFO 577828 --- [pangochain-backend] [nio-8080-exec-9] c.pangochain.backend.ipfs.IpfsService    : Fetched 780 bytes from primary IPFS CID=QmdMbyBpoGFK1mURYDVGnjQ4AkNoJfnaBed6stWNVYy8rq
2026-07-31T21:05:04.309+06:00  INFO 577828 --- [pangochain-backend] [io-8080-exec-25] c.pangochain.backend.ipfs.IpfsService    : Fetched 780 bytes from primary IPFS CID=QmdMbyBpoGFK1mURYDVGnjQ4AkNoJfnaBed6stWNVYy8rq
2026-07-31T21:05:04.309+06:00  INFO 577828 --- [pangochain-backend] [io-8080-exec-29] c.pangochain.backend.ipfs.IpfsService    : Fetched 780 bytes from primary IPFS CID=QmdMbyBpoGFK1mURYDVGnjQ4AkNoJfnaBed6stWNVYy8rq
2026-07-31T21:05:04.309+06:00  INFO 577828 --- [pangochain-backend] [io-8080-exec-43] c.pangochain.backend.ipfs.IpfsService    : Fetched 780 bytes from primary IPFS CID=QmdMbyBpoGFK1mURYDVGnjQ4AkNoJfnaBed6stWNVYy8rq
2026-07-31T21:05:04.310+06:00  INFO 577828 --- [pangochain-backend] [io-8080-exec-34] c.pangochain.backend.ipfs.IpfsService    : Fetched 780 bytes from primary IPFS CID=QmdMbyBpoGFK1mURYDVGnjQ4AkNoJfnaBed6stWNVYy8rq
2026-07-31T21:05:04.311+06:00  INFO 577828 --- [pangochain-backend] [io-8080-exec-11] c.pangochain.backend.ipfs.IpfsService    : Fetched 780 bytes from primary IPFS CID=QmdMbyBpoGFK1mURYDVGnjQ4AkNoJfnaBed6stWNVYy8rq
2026-07-31T21:05:04.311+06:00  INFO 577828 --- [pangochain-backend] [io-8080-exec-20] c.pangochain.backend.ipfs.IpfsService    : Fetched 780 bytes from primary IPFS CID=QmdMbyBpoGFK1mURYDVGnjQ4AkNoJfnaBed6stWNVYy8rq
2026-07-31T21:05:04.312+06:00  INFO 577828 --- [pangochain-backend] [io-8080-exec-46] c.pangochain.backend.ipfs.IpfsService    : Fetched 780 bytes from primary IPFS CID=QmdMbyBpoGFK1mURYDVGnjQ4AkNoJfnaBed6stWNVYy8rq
2026-07-31T21:05:04.312+06:00  INFO 577828 --- [pangochain-backend] [io-8080-exec-32] c.pangochain.backend.ipfs.IpfsService    : Fetched 780 bytes from primary IPFS CID=QmdMbyBpoGFK1mURYDVGnjQ4AkNoJfnaBed6stWNVYy8rq
2026-07-31T21:05:04.312+06:00  INFO 577828 --- [pangochain-backend] [io-8080-exec-10] c.pangochain.backend.ipfs.IpfsService    : Fetched 780 bytes from primary IPFS CID=QmdMbyBpoGFK1mURYDVGnjQ4AkNoJfnaBed6stWNVYy8rq
2026-07-31T21:05:04.312+06:00  INFO 577828 --- [pangochain-backend] [nio-8080-exec-5] c.pangochain.backend.ipfs.IpfsService    : Fetched 780 bytes from primary IPFS CID=QmdMbyBpoGFK1mURYDVGnjQ4AkNoJfnaBed6stWNVYy8rq
2026-07-31T21:05:04.313+06:00  INFO 577828 --- [pangochain-backend] [io-8080-exec-50] c.pangochain.backend.ipfs.IpfsService    : Fetched 780 bytes from primary IPFS CID=QmdMbyBpoGFK1mURYDVGnjQ4AkNoJfnaBed6stWNVYy8rq
2026-07-31T21:05:04.312+06:00  INFO 577828 --- [pangochain-backend] [io-8080-exec-39] c.pangochain.backend.ipfs.IpfsService    : Fetched 780 bytes from primary IPFS CID=QmdMbyBpoGFK1mURYDVGnjQ4AkNoJfnaBed6stWNVYy8rq
2026-07-31T21:05:04.314+06:00  INFO 577828 --- [pangochain-backend] [nio-8080-exec-3] c.pangochain.backend.ipfs.IpfsService    : Fetched 780 bytes from primary IPFS CID=QmdMbyBpoGFK1mURYDVGnjQ4AkNoJfnaBed6stWNVYy8rq
2026-07-31T21:05:04.316+06:00  INFO 577828 --- [pangochain-backend] [io-8080-exec-45] c.pangochain.backend.ipfs.IpfsService    : Fetched 780 bytes from primary IPFS CID=QmdMbyBpoGFK1mURYDVGnjQ4AkNoJfnaBed6stWNVYy8rq
2026-07-31T21:05:04.314+06:00  INFO 577828 --- [pangochain-backend] [io-8080-exec-48] c.pangochain.backend.ipfs.IpfsService    : Fetched 780 bytes from primary IPFS CID=QmdMbyBpoGFK1mURYDVGnjQ4AkNoJfnaBed6stWNVYy8rq
2026-07-31T21:05:04.318+06:00  INFO 577828 --- [pangochain-backend] [io-8080-exec-36] c.pangochain.backend.ipfs.IpfsService    : Fetched 780 bytes from primary IPFS CID=QmdMbyBpoGFK1mURYDVGnjQ4AkNoJfnaBed6stWNVYy8rq
2026-07-31T21:05:04.314+06:00  INFO 577828 --- [pangochain-backend] [io-8080-exec-33] c.pangochain.backend.ipfs.IpfsService    : Fetched 780 bytes from primary IPFS CID=QmdMbyBpoGFK1mURYDVGnjQ4AkNoJfnaBed6stWNVYy8rq
2026-07-31T21:05:04.318+06:00  INFO 577828 --- [pangochain-backend] [nio-8080-exec-6] c.pangochain.backend.ipfs.IpfsService    : Fetched 780 bytes from primary IPFS CID=QmdMbyBpoGFK1mURYDVGnjQ4AkNoJfnaBed6stWNVYy8rq
2026-07-31T21:05:04.319+06:00  INFO 577828 --- [pangochain-backend] [io-8080-exec-13] c.pangochain.backend.ipfs.IpfsService    : Fetched 780 bytes from primary IPFS CID=QmdMbyBpoGFK1mURYDVGnjQ4AkNoJfnaBed6stWNVYy8rq
2026-07-31T21:05:04.315+06:00  INFO 577828 --- [pangochain-backend] [io-8080-exec-47] c.pangochain.backend.ipfs.IpfsService    : Fetched 780 bytes from primary IPFS CID=QmdMbyBpoGFK1mURYDVGnjQ4AkNoJfnaBed6stWNVYy8rq
2026-07-31T21:05:04.321+06:00  INFO 577828 --- [pangochain-backend] [io-8080-exec-14] c.pangochain.backend.ipfs.IpfsService    : Fetched 780 bytes from primary IPFS CID=QmdMbyBpoGFK1mURYDVGnjQ4AkNoJfnaBed6stWNVYy8rq
2026-07-31T21:05:04.321+06:00  INFO 577828 --- [pangochain-backend] [io-8080-exec-25] c.pangochain.backend.ipfs.IpfsService    : Fetched 780 bytes from primary IPFS CID=QmdMbyBpoGFK1mURYDVGnjQ4AkNoJfnaBed6stWNVYy8rq
2026-07-31T21:05:04.321+06:00  INFO 577828 --- [pangochain-backend] [io-8080-exec-19] c.pangochain.backend.ipfs.IpfsService    : Fetched 780 bytes from primary IPFS CID=QmdMbyBpoGFK1mURYDVGnjQ4AkNoJfnaBed6stWNVYy8rq
2026-07-31T21:05:04.322+06:00  INFO 577828 --- [pangochain-backend] [nio-8080-exec-1] c.pangochain.backend.ipfs.IpfsService    : Fetched 780 bytes from primary IPFS CID=QmdMbyBpoGFK1mURYDVGnjQ4AkNoJfnaBed6stWNVYy8rq
2026-07-31T21:05:04.322+06:00  INFO 577828 --- [pangochain-backend] [io-8080-exec-18] c.pangochain.backend.ipfs.IpfsService    : Fetched 780 bytes from primary IPFS CID=QmdMbyBpoGFK1mURYDVGnjQ4AkNoJfnaBed6stWNVYy8rq
2026-07-31T21:05:04.322+06:00  INFO 577828 --- [pangochain-backend] [io-8080-exec-37] c.pangochain.backend.ipfs.IpfsService    : Fetched 780 bytes from primary IPFS CID=QmdMbyBpoGFK1mURYDVGnjQ4AkNoJfnaBed6stWNVYy8rq
2026-07-31T21:05:04.323+06:00  INFO 577828 --- [pangochain-backend] [nio-8080-exec-4] c.pangochain.backend.ipfs.IpfsService    : Fetched 780 bytes from primary IPFS CID=QmdMbyBpoGFK1mURYDVGnjQ4AkNoJfnaBed6stWNVYy8rq
2026-07-31T21:05:04.325+06:00  INFO 577828 --- [pangochain-backend] [nio-8080-exec-8] c.pangochain.backend.ipfs.IpfsService    : Fetched 780 bytes from primary IPFS CID=QmdMbyBpoGFK1mURYDVGnjQ4AkNoJfnaBed6stWNVYy8rq
2026-07-31T21:05:04.331+06:00  INFO 577828 --- [pangochain-backend] [nio-8080-exec-9] c.pangochain.backend.ipfs.IpfsService    : Fetched 780 bytes from primary IPFS CID=QmdMbyBpoGFK1mURYDVGnjQ4AkNoJfnaBed6stWNVYy8rq
2026-07-31T21:05:04.331+06:00  INFO 577828 --- [pangochain-backend] [io-8080-exec-11] c.pangochain.backend.ipfs.IpfsService    : Fetched 780 bytes from primary IPFS CID=QmdMbyBpoGFK1mURYDVGnjQ4AkNoJfnaBed6stWNVYy8rq
2026-07-31T21:05:04.332+06:00  INFO 577828 --- [pangochain-backend] [io-8080-exec-21] c.pangochain.backend.ipfs.IpfsService    : Fetched 780 bytes from primary IPFS CID=QmdMbyBpoGFK1mURYDVGnjQ4AkNoJfnaBed6stWNVYy8rq
2026-07-31T21:05:04.333+06:00  INFO 577828 --- [pangochain-backend] [io-8080-exec-27] c.pangochain.backend.ipfs.IpfsService    : Fetched 780 bytes from primary IPFS CID=QmdMbyBpoGFK1mURYDVGnjQ4AkNoJfnaBed6stWNVYy8rq
2026-07-31T21:05:04.338+06:00  INFO 577828 --- [pangochain-backend] [io-8080-exec-20] c.pangochain.backend.ipfs.IpfsService    : Fetched 780 bytes from primary IPFS CID=QmdMbyBpoGFK1mURYDVGnjQ4AkNoJfnaBed6stWNVYy8rq
2026-07-31T21:05:04.338+06:00  INFO 577828 --- [pangochain-backend] [io-8080-exec-50] c.pangochain.backend.ipfs.IpfsService    : Fetched 780 bytes from primary IPFS CID=QmdMbyBpoGFK1mURYDVGnjQ4AkNoJfnaBed6stWNVYy8rq
2026-07-31T21:05:04.339+06:00  INFO 577828 --- [pangochain-backend] [io-8080-exec-15] c.pangochain.backend.ipfs.IpfsService    : Fetched 780 bytes from primary IPFS CID=QmdMbyBpoGFK1mURYDVGnjQ4AkNoJfnaBed6stWNVYy8rq
2026-07-31T21:05:04.344+06:00  INFO 577828 --- [pangochain-backend] [io-8080-exec-38] c.pangochain.backend.ipfs.IpfsService    : Fetched 780 bytes from primary IPFS CID=QmdMbyBpoGFK1mURYDVGnjQ4AkNoJfnaBed6stWNVYy8rq
2026-07-31T21:05:04.345+06:00  INFO 577828 --- [pangochain-backend] [io-8080-exec-16] c.pangochain.backend.ipfs.IpfsService    : Fetched 780 bytes from primary IPFS CID=QmdMbyBpoGFK1mURYDVGnjQ4AkNoJfnaBed6stWNVYy8rq
2026-07-31T21:05:04.346+06:00  INFO 577828 --- [pangochain-backend] [nio-8080-exec-3] c.pangochain.backend.ipfs.IpfsService    : Fetched 780 bytes from primary IPFS CID=QmdMbyBpoGFK1mURYDVGnjQ4AkNoJfnaBed6stWNVYy8rq
2026-07-31T21:05:04.346+06:00  INFO 577828 --- [pangochain-backend] [nio-8080-exec-7] c.pangochain.backend.ipfs.IpfsService    : Fetched 780 bytes from primary IPFS CID=QmdMbyBpoGFK1mURYDVGnjQ4AkNoJfnaBed6stWNVYy8rq
2026-07-31T21:05:04.347+06:00  INFO 577828 --- [pangochain-backend] [nio-8080-exec-5] c.pangochain.backend.ipfs.IpfsService    : Fetched 780 bytes from primary IPFS CID=QmdMbyBpoGFK1mURYDVGnjQ4AkNoJfnaBed6stWNVYy8rq
2026-07-31T21:05:04.347+06:00  INFO 577828 --- [pangochain-backend] [io-8080-exec-32] c.pangochain.backend.ipfs.IpfsService    : Fetched 780 bytes from primary IPFS CID=QmdMbyBpoGFK1mURYDVGnjQ4AkNoJfnaBed6stWNVYy8rq
2026-07-31T21:05:04.349+06:00  INFO 577828 --- [pangochain-backend] [io-8080-exec-30] c.pangochain.backend.ipfs.IpfsService    : Fetched 780 bytes from primary IPFS CID=QmdMbyBpoGFK1mURYDVGnjQ4AkNoJfnaBed6stWNVYy8rq
2026-07-31T21:05:04.349+06:00  INFO 577828 --- [pangochain-backend] [nio-8080-exec-1] c.pangochain.backend.ipfs.IpfsService    : Fetched 780 bytes from primary IPFS CID=QmdMbyBpoGFK1mURYDVGnjQ4AkNoJfnaBed6stWNVYy8rq
2026-07-31T21:05:04.349+06:00  INFO 577828 --- [pangochain-backend] [io-8080-exec-42] c.pangochain.backend.ipfs.IpfsService    : Fetched 780 bytes from primary IPFS CID=QmdMbyBpoGFK1mURYDVGnjQ4AkNoJfnaBed6stWNVYy8rq
2026-07-31T21:05:04.346+06:00  INFO 577828 --- [pangochain-backend] [io-8080-exec-12] c.pangochain.backend.ipfs.IpfsService    : Fetched 780 bytes from primary IPFS CID=QmdMbyBpoGFK1mURYDVGnjQ4AkNoJfnaBed6stWNVYy8rq
2026-07-31T21:05:04.349+06:00  INFO 577828 --- [pangochain-backend] [nio-8080-exec-4] c.pangochain.backend.ipfs.IpfsService    : Fetched 780 bytes from primary IPFS CID=QmdMbyBpoGFK1mURYDVGnjQ4AkNoJfnaBed6stWNVYy8rq
2026-07-31T21:05:04.354+06:00  INFO 577828 --- [pangochain-backend] [io-8080-exec-36] c.pangochain.backend.ipfs.IpfsService    : Fetched 780 bytes from primary IPFS CID=QmdMbyBpoGFK1mURYDVGnjQ4AkNoJfnaBed6stWNVYy8rq
2026-07-31T21:05:04.357+06:00  INFO 577828 --- [pangochain-backend] [io-8080-exec-45] c.pangochain.backend.ipfs.IpfsService    : Fetched 780 bytes from primary IPFS CID=QmdMbyBpoGFK1mURYDVGnjQ4AkNoJfnaBed6stWNVYy8rq
2026-07-31T21:05:04.358+06:00  INFO 577828 --- [pangochain-backend] [io-8080-exec-28] c.pangochain.backend.ipfs.IpfsService    : Fetched 780 bytes from primary IPFS CID=QmdMbyBpoGFK1mURYDVGnjQ4AkNoJfnaBed6stWNVYy8rq
2026-07-31T21:05:04.358+06:00  INFO 577828 --- [pangochain-backend] [io-8080-exec-35] c.pangochain.backend.ipfs.IpfsService    : Fetched 780 bytes from primary IPFS CID=QmdMbyBpoGFK1mURYDVGnjQ4AkNoJfnaBed6stWNVYy8rq
2026-07-31T21:05:04.357+06:00  INFO 577828 --- [pangochain-backend] [io-8080-exec-47] c.pangochain.backend.ipfs.IpfsService    : Fetched 780 bytes from primary IPFS CID=QmdMbyBpoGFK1mURYDVGnjQ4AkNoJfnaBed6stWNVYy8rq
2026-07-31T21:05:04.357+06:00  INFO 577828 --- [pangochain-backend] [io-8080-exec-39] c.pangochain.backend.ipfs.IpfsService    : Fetched 780 bytes from primary IPFS CID=QmdMbyBpoGFK1mURYDVGnjQ4AkNoJfnaBed6stWNVYy8rq
2026-07-31T21:05:04.359+06:00  INFO 577828 --- [pangochain-backend] [io-8080-exec-41] c.pangochain.backend.ipfs.IpfsService    : Fetched 780 bytes from primary IPFS CID=QmdMbyBpoGFK1mURYDVGnjQ4AkNoJfnaBed6stWNVYy8rq
2026-07-31T21:05:04.359+06:00  INFO 577828 --- [pangochain-backend] [io-8080-exec-37] c.pangochain.backend.ipfs.IpfsService    : Fetched 780 bytes from primary IPFS CID=QmdMbyBpoGFK1mURYDVGnjQ4AkNoJfnaBed6stWNVYy8rq
2026-07-31T21:05:04.360+06:00  INFO 577828 --- [pangochain-backend] [io-8080-exec-43] c.pangochain.backend.ipfs.IpfsService    : Fetched 780 bytes from primary IPFS CID=QmdMbyBpoGFK1mURYDVGnjQ4AkNoJfnaBed6stWNVYy8rq
2026-07-31T21:05:04.360+06:00  INFO 577828 --- [pangochain-backend] [io-8080-exec-18] c.pangochain.backend.ipfs.IpfsService    : Fetched 780 bytes from primary IPFS CID=QmdMbyBpoGFK1mURYDVGnjQ4AkNoJfnaBed6stWNVYy8rq
2026-07-31T21:05:04.361+06:00  INFO 577828 --- [pangochain-backend] [io-8080-exec-46] c.pangochain.backend.ipfs.IpfsService    : Fetched 780 bytes from primary IPFS CID=QmdMbyBpoGFK1mURYDVGnjQ4AkNoJfnaBed6stWNVYy8rq
2026-07-31T21:05:04.361+06:00  INFO 577828 --- [pangochain-backend] [io-8080-exec-26] c.pangochain.backend.ipfs.IpfsService    : Fetched 780 bytes from primary IPFS CID=QmdMbyBpoGFK1mURYDVGnjQ4AkNoJfnaBed6stWNVYy8rq
2026-07-31T21:05:04.362+06:00  INFO 577828 --- [pangochain-backend] [nio-8080-exec-6] c.pangochain.backend.ipfs.IpfsService    : Fetched 780 bytes from primary IPFS CID=QmdMbyBpoGFK1mURYDVGnjQ4AkNoJfnaBed6stWNVYy8rq
2026-07-31T21:05:04.365+06:00  INFO 577828 --- [pangochain-backend] [io-8080-exec-10] c.pangochain.backend.ipfs.IpfsService    : Fetched 780 bytes from primary IPFS CID=QmdMbyBpoGFK1mURYDVGnjQ4AkNoJfnaBed6stWNVYy8rq
2026-07-31T21:05:04.367+06:00  INFO 577828 --- [pangochain-backend] [io-8080-exec-34] c.pangochain.backend.ipfs.IpfsService    : Fetched 780 bytes from primary IPFS CID=QmdMbyBpoGFK1mURYDVGnjQ4AkNoJfnaBed6stWNVYy8rq
2026-07-31T21:05:04.368+06:00  INFO 577828 --- [pangochain-backend] [io-8080-exec-33] c.pangochain.backend.ipfs.IpfsService    : Fetched 780 bytes from primary IPFS CID=QmdMbyBpoGFK1mURYDVGnjQ4AkNoJfnaBed6stWNVYy8rq
2026-07-31T21:05:04.371+06:00  INFO 577828 --- [pangochain-backend] [nio-8080-exec-3] c.pangochain.backend.ipfs.IpfsService    : Fetched 780 bytes from primary IPFS CID=QmdMbyBpoGFK1mURYDVGnjQ4AkNoJfnaBed6stWNVYy8rq
2026-07-31T21:05:04.373+06:00  INFO 577828 --- [pangochain-backend] [io-8080-exec-29] c.pangochain.backend.ipfs.IpfsService    : Fetched 780 bytes from primary IPFS CID=QmdMbyBpoGFK1mURYDVGnjQ4AkNoJfnaBed6stWNVYy8rq
2026-07-31T21:05:04.374+06:00  INFO 577828 --- [pangochain-backend] [io-8080-exec-13] c.pangochain.backend.ipfs.IpfsService    : Fetched 780 bytes from primary IPFS CID=QmdMbyBpoGFK1mURYDVGnjQ4AkNoJfnaBed6stWNVYy8rq
2026-07-31T21:05:04.376+06:00  INFO 577828 --- [pangochain-backend] [io-8080-exec-48] c.pangochain.backend.ipfs.IpfsService    : Fetched 780 bytes from primary IPFS CID=QmdMbyBpoGFK1mURYDVGnjQ4AkNoJfnaBed6stWNVYy8rq
2026-07-31T21:05:04.376+06:00  INFO 577828 --- [pangochain-backend] [nio-8080-exec-1] c.pangochain.backend.ipfs.IpfsService    : Fetched 780 bytes from primary IPFS CID=QmdMbyBpoGFK1mURYDVGnjQ4AkNoJfnaBed6stWNVYy8rq
2026-07-31T21:05:04.376+06:00  INFO 577828 --- [pangochain-backend] [io-8080-exec-15] c.pangochain.backend.ipfs.IpfsService    : Fetched 780 bytes from primary IPFS CID=QmdMbyBpoGFK1mURYDVGnjQ4AkNoJfnaBed6stWNVYy8rq
2026-07-31T21:05:04.377+06:00  INFO 577828 --- [pangochain-backend] [nio-8080-exec-8] c.pangochain.backend.ipfs.IpfsService    : Fetched 780 bytes from primary IPFS CID=QmdMbyBpoGFK1mURYDVGnjQ4AkNoJfnaBed6stWNVYy8rq
2026-07-31T21:05:04.377+06:00  INFO 577828 --- [pangochain-backend] [io-8080-exec-36] c.pangochain.backend.ipfs.IpfsService    : Fetched 780 bytes from primary IPFS CID=QmdMbyBpoGFK1mURYDVGnjQ4AkNoJfnaBed6stWNVYy8rq
2026-07-31T21:05:04.377+06:00  INFO 577828 --- [pangochain-backend] [io-8080-exec-22] c.pangochain.backend.ipfs.IpfsService    : Fetched 780 bytes from primary IPFS CID=QmdMbyBpoGFK1mURYDVGnjQ4AkNoJfnaBed6stWNVYy8rq
2026-07-31T21:05:04.377+06:00  INFO 577828 --- [pangochain-backend] [io-8080-exec-14] c.pangochain.backend.ipfs.IpfsService    : Fetched 780 bytes from primary IPFS CID=QmdMbyBpoGFK1mURYDVGnjQ4AkNoJfnaBed6stWNVYy8rq
2026-07-31T21:05:04.378+06:00  INFO 577828 --- [pangochain-backend] [nio-8080-exec-9] c.pangochain.backend.ipfs.IpfsService    : Fetched 780 bytes from primary IPFS CID=QmdMbyBpoGFK1mURYDVGnjQ4AkNoJfnaBed6stWNVYy8rq
2026-07-31T21:05:04.378+06:00  INFO 577828 --- [pangochain-backend] [io-8080-exec-38] c.pangochain.backend.ipfs.IpfsService    : Fetched 780 bytes from primary IPFS CID=QmdMbyBpoGFK1mURYDVGnjQ4AkNoJfnaBed6stWNVYy8rq
2026-07-31T21:05:04.378+06:00  INFO 577828 --- [pangochain-backend] [io-8080-exec-12] c.pangochain.backend.ipfs.IpfsService    : Fetched 780 bytes from primary IPFS CID=QmdMbyBpoGFK1mURYDVGnjQ4AkNoJfnaBed6stWNVYy8rq
2026-07-31T21:05:04.378+06:00  INFO 577828 --- [pangochain-backend] [io-8080-exec-42] c.pangochain.backend.ipfs.IpfsService    : Fetched 780 bytes from primary IPFS CID=QmdMbyBpoGFK1mURYDVGnjQ4AkNoJfnaBed6stWNVYy8rq
2026-07-31T21:05:04.378+06:00  INFO 577828 --- [pangochain-backend] [io-8080-exec-24] c.pangochain.backend.ipfs.IpfsService    : Fetched 780 bytes from primary IPFS CID=QmdMbyBpoGFK1mURYDVGnjQ4AkNoJfnaBed6stWNVYy8rq
2026-07-31T21:05:04.378+06:00  INFO 577828 --- [pangochain-backend] [io-8080-exec-30] c.pangochain.backend.ipfs.IpfsService    : Fetched 780 bytes from primary IPFS CID=QmdMbyBpoGFK1mURYDVGnjQ4AkNoJfnaBed6stWNVYy8rq
2026-07-31T21:05:04.379+06:00  INFO 577828 --- [pangochain-backend] [io-8080-exec-21] c.pangochain.backend.ipfs.IpfsService    : Fetched 780 bytes from primary IPFS CID=QmdMbyBpoGFK1mURYDVGnjQ4AkNoJfnaBed6stWNVYy8rq
2026-07-31T21:05:04.379+06:00  INFO 577828 --- [pangochain-backend] [io-8080-exec-32] c.pangochain.backend.ipfs.IpfsService    : Fetched 780 bytes from primary IPFS CID=QmdMbyBpoGFK1mURYDVGnjQ4AkNoJfnaBed6stWNVYy8rq
2026-07-31T21:05:04.379+06:00  INFO 577828 --- [pangochain-backend] [nio-8080-exec-7] c.pangochain.backend.ipfs.IpfsService    : Fetched 780 bytes from primary IPFS CID=QmdMbyBpoGFK1mURYDVGnjQ4AkNoJfnaBed6stWNVYy8rq
2026-07-31T21:05:04.379+06:00  INFO 577828 --- [pangochain-backend] [io-8080-exec-37] c.pangochain.backend.ipfs.IpfsService    : Fetched 780 bytes from primary IPFS CID=QmdMbyBpoGFK1mURYDVGnjQ4AkNoJfnaBed6stWNVYy8rq
2026-07-31T21:05:04.379+06:00  INFO 577828 --- [pangochain-backend] [io-8080-exec-39] c.pangochain.backend.ipfs.IpfsService    : Fetched 780 bytes from primary IPFS CID=QmdMbyBpoGFK1mURYDVGnjQ4AkNoJfnaBed6stWNVYy8rq
2026-07-31T21:05:04.379+06:00  INFO 577828 --- [pangochain-backend] [io-8080-exec-16] c.pangochain.backend.ipfs.IpfsService    : Fetched 780 bytes from primary IPFS CID=QmdMbyBpoGFK1mURYDVGnjQ4AkNoJfnaBed6stWNVYy8rq
2026-07-31T21:05:04.379+06:00  INFO 577828 --- [pangochain-backend] [io-8080-exec-11] c.pangochain.backend.ipfs.IpfsService    : Fetched 780 bytes from primary IPFS CID=QmdMbyBpoGFK1mURYDVGnjQ4AkNoJfnaBed6stWNVYy8rq
2026-07-31T21:05:04.379+06:00  INFO 577828 --- [pangochain-backend] [io-8080-exec-46] c.pangochain.backend.ipfs.IpfsService    : Fetched 780 bytes from primary IPFS CID=QmdMbyBpoGFK1mURYDVGnjQ4AkNoJfnaBed6stWNVYy8rq
2026-07-31T21:05:04.379+06:00  INFO 577828 --- [pangochain-backend] [io-8080-exec-35] c.pangochain.backend.ipfs.IpfsService    : Fetched 780 bytes from primary IPFS CID=QmdMbyBpoGFK1mURYDVGnjQ4AkNoJfnaBed6stWNVYy8rq
2026-07-31T21:05:04.380+06:00  INFO 577828 --- [pangochain-backend] [io-8080-exec-44] c.pangochain.backend.ipfs.IpfsService    : Fetched 780 bytes from primary IPFS CID=QmdMbyBpoGFK1mURYDVGnjQ4AkNoJfnaBed6stWNVYy8rq
2026-07-31T21:05:04.380+06:00  INFO 577828 --- [pangochain-backend] [nio-8080-exec-2] c.pangochain.backend.ipfs.IpfsService    : Fetched 780 bytes from primary IPFS CID=QmdMbyBpoGFK1mURYDVGnjQ4AkNoJfnaBed6stWNVYy8rq
2026-07-31T21:05:04.381+06:00  INFO 577828 --- [pangochain-backend] [nio-8080-exec-6] c.pangochain.backend.ipfs.IpfsService    : Fetched 780 bytes from primary IPFS CID=QmdMbyBpoGFK1mURYDVGnjQ4AkNoJfnaBed6stWNVYy8rq
2026-07-31T21:05:04.382+06:00  INFO 577828 --- [pangochain-backend] [nio-8080-exec-5] c.pangochain.backend.ipfs.IpfsService    : Fetched 780 bytes from primary IPFS CID=QmdMbyBpoGFK1mURYDVGnjQ4AkNoJfnaBed6stWNVYy8rq
2026-07-31T21:05:04.382+06:00  INFO 577828 --- [pangochain-backend] [io-8080-exec-49] c.pangochain.backend.ipfs.IpfsService    : Fetched 780 bytes from primary IPFS CID=QmdMbyBpoGFK1mURYDVGnjQ4AkNoJfnaBed6stWNVYy8rq
2026-07-31T21:05:04.382+06:00  INFO 577828 --- [pangochain-backend] [io-8080-exec-17] c.pangochain.backend.ipfs.IpfsService    : Fetched 780 bytes from primary IPFS CID=QmdMbyBpoGFK1mURYDVGnjQ4AkNoJfnaBed6stWNVYy8rq
2026-07-31T21:05:04.383+06:00  INFO 577828 --- [pangochain-backend] [io-8080-exec-47] c.pangochain.backend.ipfs.IpfsService    : Fetched 780 bytes from primary IPFS CID=QmdMbyBpoGFK1mURYDVGnjQ4AkNoJfnaBed6stWNVYy8rq
2026-07-31T21:05:04.384+06:00  INFO 577828 --- [pangochain-backend] [io-8080-exec-20] c.pangochain.backend.ipfs.IpfsService    : Fetched 780 bytes from primary IPFS CID=QmdMbyBpoGFK1mURYDVGnjQ4AkNoJfnaBed6stWNVYy8rq
2026-07-31T21:05:04.384+06:00  INFO 577828 --- [pangochain-backend] [io-8080-exec-28] c.pangochain.backend.ipfs.IpfsService    : Fetched 780 bytes from primary IPFS CID=QmdMbyBpoGFK1mURYDVGnjQ4AkNoJfnaBed6stWNVYy8rq
2026-07-31T21:05:04.387+06:00  INFO 577828 --- [pangochain-backend] [io-8080-exec-43] c.pangochain.backend.ipfs.IpfsService    : Fetched 780 bytes from primary IPFS CID=QmdMbyBpoGFK1mURYDVGnjQ4AkNoJfnaBed6stWNVYy8rq
2026-07-31T21:05:04.388+06:00  INFO 577828 --- [pangochain-backend] [io-8080-exec-27] c.pangochain.backend.ipfs.IpfsService    : Fetched 780 bytes from primary IPFS CID=QmdMbyBpoGFK1mURYDVGnjQ4AkNoJfnaBed6stWNVYy8rq
2026-07-31T21:05:04.392+06:00  INFO 577828 --- [pangochain-backend] [io-8080-exec-41] c.pangochain.backend.ipfs.IpfsService    : Fetched 780 bytes from primary IPFS CID=QmdMbyBpoGFK1mURYDVGnjQ4AkNoJfnaBed6stWNVYy8rq
2026-07-31T21:05:04.392+06:00  INFO 577828 --- [pangochain-backend] [io-8080-exec-10] c.pangochain.backend.ipfs.IpfsService    : Fetched 780 bytes from primary IPFS CID=QmdMbyBpoGFK1mURYDVGnjQ4AkNoJfnaBed6stWNVYy8rq
2026-07-31T21:05:04.392+06:00  INFO 577828 --- [pangochain-backend] [io-8080-exec-25] c.pangochain.backend.ipfs.IpfsService    : Fetched 780 bytes from primary IPFS CID=QmdMbyBpoGFK1mURYDVGnjQ4AkNoJfnaBed6stWNVYy8rq
2026-07-31T21:05:04.392+06:00  INFO 577828 --- [pangochain-backend] [io-8080-exec-45] c.pangochain.backend.ipfs.IpfsService    : Fetched 780 bytes from primary IPFS CID=QmdMbyBpoGFK1mURYDVGnjQ4AkNoJfnaBed6stWNVYy8rq
2026-07-31T21:05:04.395+06:00  INFO 577828 --- [pangochain-backend] [io-8080-exec-19] c.pangochain.backend.ipfs.IpfsService    : Fetched 780 bytes from primary IPFS CID=QmdMbyBpoGFK1mURYDVGnjQ4AkNoJfnaBed6stWNVYy8rq
2026-07-31T21:05:04.396+06:00  INFO 577828 --- [pangochain-backend] [io-8080-exec-34] c.pangochain.backend.ipfs.IpfsService    : Fetched 780 bytes from primary IPFS CID=QmdMbyBpoGFK1mURYDVGnjQ4AkNoJfnaBed6stWNVYy8rq
2026-07-31T21:05:04.398+06:00  INFO 577828 --- [pangochain-backend] [io-8080-exec-36] c.pangochain.backend.ipfs.IpfsService    : Fetched 780 bytes from primary IPFS CID=QmdMbyBpoGFK1mURYDVGnjQ4AkNoJfnaBed6stWNVYy8rq
2026-07-31T21:05:04.398+06:00  INFO 577828 --- [pangochain-backend] [io-8080-exec-26] c.pangochain.backend.ipfs.IpfsService    : Fetched 780 bytes from primary IPFS CID=QmdMbyBpoGFK1mURYDVGnjQ4AkNoJfnaBed6stWNVYy8rq
2026-07-31T21:05:04.401+06:00  INFO 577828 --- [pangochain-backend] [nio-8080-exec-8] c.pangochain.backend.ipfs.IpfsService    : Fetched 780 bytes from primary IPFS CID=QmdMbyBpoGFK1mURYDVGnjQ4AkNoJfnaBed6stWNVYy8rq
2026-07-31T21:05:04.401+06:00  INFO 577828 --- [pangochain-backend] [io-8080-exec-33] c.pangochain.backend.ipfs.IpfsService    : Fetched 780 bytes from primary IPFS CID=QmdMbyBpoGFK1mURYDVGnjQ4AkNoJfnaBed6stWNVYy8rq
2026-07-31T21:05:04.401+06:00  INFO 577828 --- [pangochain-backend] [io-8080-exec-35] c.pangochain.backend.ipfs.IpfsService    : Fetched 780 bytes from primary IPFS CID=QmdMbyBpoGFK1mURYDVGnjQ4AkNoJfnaBed6stWNVYy8rq
2026-07-31T21:05:04.409+06:00  INFO 577828 --- [pangochain-backend] [nio-8080-exec-9] c.pangochain.backend.ipfs.IpfsService    : Fetched 780 bytes from primary IPFS CID=QmdMbyBpoGFK1mURYDVGnjQ4AkNoJfnaBed6stWNVYy8rq
2026-07-31T21:05:04.410+06:00  INFO 577828 --- [pangochain-backend] [nio-8080-exec-1] c.pangochain.backend.ipfs.IpfsService    : Fetched 780 bytes from primary IPFS CID=QmdMbyBpoGFK1mURYDVGnjQ4AkNoJfnaBed6stWNVYy8rq
2026-07-31T21:05:04.412+06:00  INFO 577828 --- [pangochain-backend] [io-8080-exec-22] c.pangochain.backend.ipfs.IpfsService    : Fetched 780 bytes from primary IPFS CID=QmdMbyBpoGFK1mURYDVGnjQ4AkNoJfnaBed6stWNVYy8rq
2026-07-31T21:05:04.416+06:00  INFO 577828 --- [pangochain-backend] [io-8080-exec-18] c.pangochain.backend.ipfs.IpfsService    : Fetched 780 bytes from primary IPFS CID=QmdMbyBpoGFK1mURYDVGnjQ4AkNoJfnaBed6stWNVYy8rq
2026-07-31T21:05:04.419+06:00  INFO 577828 --- [pangochain-backend] [io-8080-exec-42] c.pangochain.backend.ipfs.IpfsService    : Fetched 780 bytes from primary IPFS CID=QmdMbyBpoGFK1mURYDVGnjQ4AkNoJfnaBed6stWNVYy8rq
2026-07-31T21:05:04.429+06:00  INFO 577828 --- [pangochain-backend] [io-8080-exec-12] c.pangochain.backend.ipfs.IpfsService    : Fetched 780 bytes from primary IPFS CID=QmdMbyBpoGFK1mURYDVGnjQ4AkNoJfnaBed6stWNVYy8rq
2026-07-31T21:05:04.429+06:00  INFO 577828 --- [pangochain-backend] [io-8080-exec-34] c.pangochain.backend.ipfs.IpfsService    : Fetched 780 bytes from primary IPFS CID=QmdMbyBpoGFK1mURYDVGnjQ4AkNoJfnaBed6stWNVYy8rq
2026-07-31T21:05:04.440+06:00  INFO 577828 --- [pangochain-backend] [io-8080-exec-24] c.pangochain.backend.ipfs.IpfsService    : Fetched 780 bytes from primary IPFS CID=QmdMbyBpoGFK1mURYDVGnjQ4AkNoJfnaBed6stWNVYy8rq
2026-07-31T21:05:04.444+06:00  INFO 577828 --- [pangochain-backend] [nio-8080-exec-3] c.pangochain.backend.ipfs.IpfsService    : Fetched 780 bytes from primary IPFS CID=QmdMbyBpoGFK1mURYDVGnjQ4AkNoJfnaBed6stWNVYy8rq
2026-07-31T21:05:04.454+06:00  INFO 577828 --- [pangochain-backend] [io-8080-exec-13] c.pangochain.backend.ipfs.IpfsService    : Fetched 780 bytes from primary IPFS CID=QmdMbyBpoGFK1mURYDVGnjQ4AkNoJfnaBed6stWNVYy8rq
2026-07-31T21:05:04.470+06:00  INFO 577828 --- [pangochain-backend] [io-8080-exec-50] c.pangochain.backend.ipfs.IpfsService    : Fetched 780 bytes from primary IPFS CID=QmdMbyBpoGFK1mURYDVGnjQ4AkNoJfnaBed6stWNVYy8rq
2026-07-31T21:05:04.475+06:00  INFO 577828 --- [pangochain-backend] [nio-8080-exec-8] c.pangochain.backend.ipfs.IpfsService    : Fetched 780 bytes from primary IPFS CID=QmdMbyBpoGFK1mURYDVGnjQ4AkNoJfnaBed6stWNVYy8rq
2026-07-31T21:05:04.477+06:00  INFO 577828 --- [pangochain-backend] [io-8080-exec-31] c.pangochain.backend.ipfs.IpfsService    : Fetched 780 bytes from primary IPFS CID=QmdMbyBpoGFK1mURYDVGnjQ4AkNoJfnaBed6stWNVYy8rq
2026-07-31T21:05:04.492+06:00  INFO 577828 --- [pangochain-backend] [io-8080-exec-16] c.pangochain.backend.ipfs.IpfsService    : Fetched 780 bytes from primary IPFS CID=QmdMbyBpoGFK1mURYDVGnjQ4AkNoJfnaBed6stWNVYy8rq
2026-07-31T21:05:04.503+06:00  INFO 577828 --- [pangochain-backend] [io-8080-exec-40] c.pangochain.backend.ipfs.IpfsService    : Fetched 780 bytes from primary IPFS CID=QmdMbyBpoGFK1mURYDVGnjQ4AkNoJfnaBed6stWNVYy8rq
2026-07-31T21:05:04.504+06:00  INFO 577828 --- [pangochain-backend] [io-8080-exec-36] c.pangochain.backend.ipfs.IpfsService    : Fetched 780 bytes from primary IPFS CID=QmdMbyBpoGFK1mURYDVGnjQ4AkNoJfnaBed6stWNVYy8rq
2026-07-31T21:05:04.508+06:00  INFO 577828 --- [pangochain-backend] [nio-8080-exec-4] c.pangochain.backend.ipfs.IpfsService    : Fetched 780 bytes from primary IPFS CID=QmdMbyBpoGFK1mURYDVGnjQ4AkNoJfnaBed6stWNVYy8rq
2026-07-31T21:05:04.524+06:00  INFO 577828 --- [pangochain-backend] [io-8080-exec-19] c.pangochain.backend.ipfs.IpfsService    : Fetched 780 bytes from primary IPFS CID=QmdMbyBpoGFK1mURYDVGnjQ4AkNoJfnaBed6stWNVYy8rq
2026-07-31T21:05:04.527+06:00  INFO 577828 --- [pangochain-backend] [nio-8080-exec-9] c.pangochain.backend.ipfs.IpfsService    : Fetched 780 bytes from primary IPFS CID=QmdMbyBpoGFK1mURYDVGnjQ4AkNoJfnaBed6stWNVYy8rq
2026-07-31T21:05:04.528+06:00  INFO 577828 --- [pangochain-backend] [io-8080-exec-23] c.pangochain.backend.ipfs.IpfsService    : Fetched 780 bytes from primary IPFS CID=QmdMbyBpoGFK1mURYDVGnjQ4AkNoJfnaBed6stWNVYy8rq
2026-07-31T21:05:04.531+06:00  INFO 577828 --- [pangochain-backend] [io-8080-exec-37] c.pangochain.backend.ipfs.IpfsService    : Fetched 780 bytes from primary IPFS CID=QmdMbyBpoGFK1mURYDVGnjQ4AkNoJfnaBed6stWNVYy8rq
2026-07-31T21:05:04.533+06:00  INFO 577828 --- [pangochain-backend] [io-8080-exec-15] c.pangochain.backend.ipfs.IpfsService    : Fetched 780 bytes from primary IPFS CID=QmdMbyBpoGFK1mURYDVGnjQ4AkNoJfnaBed6stWNVYy8rq
2026-07-31T21:05:04.534+06:00  INFO 577828 --- [pangochain-backend] [io-8080-exec-21] c.pangochain.backend.ipfs.IpfsService    : Fetched 780 bytes from primary IPFS CID=QmdMbyBpoGFK1mURYDVGnjQ4AkNoJfnaBed6stWNVYy8rq
2026-07-31T21:05:04.536+06:00  INFO 577828 --- [pangochain-backend] [io-8080-exec-26] c.pangochain.backend.ipfs.IpfsService    : Fetched 780 bytes from primary IPFS CID=QmdMbyBpoGFK1mURYDVGnjQ4AkNoJfnaBed6stWNVYy8rq
2026-07-31T21:05:04.537+06:00  INFO 577828 --- [pangochain-backend] [io-8080-exec-14] c.pangochain.backend.ipfs.IpfsService    : Fetched 780 bytes from primary IPFS CID=QmdMbyBpoGFK1mURYDVGnjQ4AkNoJfnaBed6stWNVYy8rq
2026-07-31T21:05:04.537+06:00  INFO 577828 --- [pangochain-backend] [io-8080-exec-24] c.pangochain.backend.ipfs.IpfsService    : Fetched 780 bytes from primary IPFS CID=QmdMbyBpoGFK1mURYDVGnjQ4AkNoJfnaBed6stWNVYy8rq
2026-07-31T21:05:04.538+06:00  INFO 577828 --- [pangochain-backend] [io-8080-exec-34] c.pangochain.backend.ipfs.IpfsService    : Fetched 780 bytes from primary IPFS CID=QmdMbyBpoGFK1mURYDVGnjQ4AkNoJfnaBed6stWNVYy8rq
2026-07-31T21:05:04.539+06:00  INFO 577828 --- [pangochain-backend] [io-8080-exec-11] c.pangochain.backend.ipfs.IpfsService    : Fetched 780 bytes from primary IPFS CID=QmdMbyBpoGFK1mURYDVGnjQ4AkNoJfnaBed6stWNVYy8rq
2026-07-31T21:05:04.540+06:00  INFO 577828 --- [pangochain-backend] [nio-8080-exec-2] c.pangochain.backend.ipfs.IpfsService    : Fetched 780 bytes from primary IPFS CID=QmdMbyBpoGFK1mURYDVGnjQ4AkNoJfnaBed6stWNVYy8rq
2026-07-31T21:05:04.540+06:00  INFO 577828 --- [pangochain-backend] [io-8080-exec-29] c.pangochain.backend.ipfs.IpfsService    : Fetched 780 bytes from primary IPFS CID=QmdMbyBpoGFK1mURYDVGnjQ4AkNoJfnaBed6stWNVYy8rq
2026-07-31T21:05:04.541+06:00  INFO 577828 --- [pangochain-backend] [io-8080-exec-35] c.pangochain.backend.ipfs.IpfsService    : Fetched 780 bytes from primary IPFS CID=QmdMbyBpoGFK1mURYDVGnjQ4AkNoJfnaBed6stWNVYy8rq
2026-07-31T21:05:04.544+06:00  INFO 577828 --- [pangochain-backend] [io-8080-exec-42] c.pangochain.backend.ipfs.IpfsService    : Fetched 780 bytes from primary IPFS CID=QmdMbyBpoGFK1mURYDVGnjQ4AkNoJfnaBed6stWNVYy8rq
2026-07-31T21:05:04.545+06:00  INFO 577828 --- [pangochain-backend] [io-8080-exec-22] c.pangochain.backend.ipfs.IpfsService    : Fetched 780 bytes from primary IPFS CID=QmdMbyBpoGFK1mURYDVGnjQ4AkNoJfnaBed6stWNVYy8rq
2026-07-31T21:05:04.546+06:00  INFO 577828 --- [pangochain-backend] [io-8080-exec-27] c.pangochain.backend.ipfs.IpfsService    : Fetched 780 bytes from primary IPFS CID=QmdMbyBpoGFK1mURYDVGnjQ4AkNoJfnaBed6stWNVYy8rq
2026-07-31T21:05:04.547+06:00  INFO 577828 --- [pangochain-backend] [io-8080-exec-18] c.pangochain.backend.ipfs.IpfsService    : Fetched 780 bytes from primary IPFS CID=QmdMbyBpoGFK1mURYDVGnjQ4AkNoJfnaBed6stWNVYy8rq
2026-07-31T21:05:04.549+06:00  INFO 577828 --- [pangochain-backend] [io-8080-exec-30] c.pangochain.backend.ipfs.IpfsService    : Fetched 780 bytes from primary IPFS CID=QmdMbyBpoGFK1mURYDVGnjQ4AkNoJfnaBed6stWNVYy8rq
2026-07-31T21:05:04.551+06:00  INFO 577828 --- [pangochain-backend] [io-8080-exec-31] c.pangochain.backend.ipfs.IpfsService    : Fetched 780 bytes from primary IPFS CID=QmdMbyBpoGFK1mURYDVGnjQ4AkNoJfnaBed6stWNVYy8rq
2026-07-31T21:05:04.552+06:00  INFO 577828 --- [pangochain-backend] [nio-8080-exec-7] c.pangochain.backend.ipfs.IpfsService    : Fetched 780 bytes from primary IPFS CID=QmdMbyBpoGFK1mURYDVGnjQ4AkNoJfnaBed6stWNVYy8rq
2026-07-31T21:05:04.552+06:00  INFO 577828 --- [pangochain-backend] [io-8080-exec-46] c.pangochain.backend.ipfs.IpfsService    : Fetched 780 bytes from primary IPFS CID=QmdMbyBpoGFK1mURYDVGnjQ4AkNoJfnaBed6stWNVYy8rq
2026-07-31T21:05:04.552+06:00  INFO 577828 --- [pangochain-backend] [nio-8080-exec-1] c.pangochain.backend.ipfs.IpfsService    : Fetched 780 bytes from primary IPFS CID=QmdMbyBpoGFK1mURYDVGnjQ4AkNoJfnaBed6stWNVYy8rq
2026-07-31T21:05:04.553+06:00  INFO 577828 --- [pangochain-backend] [io-8080-exec-39] c.pangochain.backend.ipfs.IpfsService    : Fetched 780 bytes from primary IPFS CID=QmdMbyBpoGFK1mURYDVGnjQ4AkNoJfnaBed6stWNVYy8rq
2026-07-31T21:05:04.553+06:00  INFO 577828 --- [pangochain-backend] [io-8080-exec-28] c.pangochain.backend.ipfs.IpfsService    : Fetched 780 bytes from primary IPFS CID=QmdMbyBpoGFK1mURYDVGnjQ4AkNoJfnaBed6stWNVYy8rq
2026-07-31T21:05:04.554+06:00  INFO 577828 --- [pangochain-backend] [io-8080-exec-37] c.pangochain.backend.ipfs.IpfsService    : Fetched 780 bytes from primary IPFS CID=QmdMbyBpoGFK1mURYDVGnjQ4AkNoJfnaBed6stWNVYy8rq
2026-07-31T21:05:04.554+06:00  INFO 577828 --- [pangochain-backend] [io-8080-exec-38] c.pangochain.backend.ipfs.IpfsService    : Fetched 780 bytes from primary IPFS CID=QmdMbyBpoGFK1mURYDVGnjQ4AkNoJfnaBed6stWNVYy8rq
2026-07-31T21:05:04.556+06:00  INFO 577828 --- [pangochain-backend] [io-8080-exec-17] c.pangochain.backend.ipfs.IpfsService    : Fetched 780 bytes from primary IPFS CID=QmdMbyBpoGFK1mURYDVGnjQ4AkNoJfnaBed6stWNVYy8rq
2026-07-31T21:05:04.557+06:00  INFO 577828 --- [pangochain-backend] [io-8080-exec-47] c.pangochain.backend.ipfs.IpfsService    : Fetched 780 bytes from primary IPFS CID=QmdMbyBpoGFK1mURYDVGnjQ4AkNoJfnaBed6stWNVYy8rq
2026-07-31T21:05:04.559+06:00  INFO 577828 --- [pangochain-backend] [io-8080-exec-12] c.pangochain.backend.ipfs.IpfsService    : Fetched 780 bytes from primary IPFS CID=QmdMbyBpoGFK1mURYDVGnjQ4AkNoJfnaBed6stWNVYy8rq
2026-07-31T21:05:04.559+06:00  INFO 577828 --- [pangochain-backend] [io-8080-exec-45] c.pangochain.backend.ipfs.IpfsService    : Fetched 780 bytes from primary IPFS CID=QmdMbyBpoGFK1mURYDVGnjQ4AkNoJfnaBed6stWNVYy8rq
2026-07-31T21:05:04.562+06:00  INFO 577828 --- [pangochain-backend] [io-8080-exec-32] c.pangochain.backend.ipfs.IpfsService    : Fetched 780 bytes from primary IPFS CID=QmdMbyBpoGFK1mURYDVGnjQ4AkNoJfnaBed6stWNVYy8rq
2026-07-31T21:05:04.562+06:00  INFO 577828 --- [pangochain-backend] [io-8080-exec-43] c.pangochain.backend.ipfs.IpfsService    : Fetched 780 bytes from primary IPFS CID=QmdMbyBpoGFK1mURYDVGnjQ4AkNoJfnaBed6stWNVYy8rq
2026-07-31T21:05:04.564+06:00  INFO 577828 --- [pangochain-backend] [io-8080-exec-21] c.pangochain.backend.ipfs.IpfsService    : Fetched 780 bytes from primary IPFS CID=QmdMbyBpoGFK1mURYDVGnjQ4AkNoJfnaBed6stWNVYy8rq
2026-07-31T21:05:04.565+06:00  INFO 577828 --- [pangochain-backend] [io-8080-exec-44] c.pangochain.backend.ipfs.IpfsService    : Fetched 780 bytes from primary IPFS CID=QmdMbyBpoGFK1mURYDVGnjQ4AkNoJfnaBed6stWNVYy8rq
2026-07-31T21:05:04.565+06:00  INFO 577828 --- [pangochain-backend] [io-8080-exec-22] c.pangochain.backend.ipfs.IpfsService    : Fetched 780 bytes from primary IPFS CID=QmdMbyBpoGFK1mURYDVGnjQ4AkNoJfnaBed6stWNVYy8rq
2026-07-31T21:05:04.566+06:00  INFO 577828 --- [pangochain-backend] [io-8080-exec-40] c.pangochain.backend.ipfs.IpfsService    : Fetched 780 bytes from primary IPFS CID=QmdMbyBpoGFK1mURYDVGnjQ4AkNoJfnaBed6stWNVYy8rq
2026-07-31T21:05:04.567+06:00  INFO 577828 --- [pangochain-backend] [nio-8080-exec-9] c.pangochain.backend.ipfs.IpfsService    : Fetched 780 bytes from primary IPFS CID=QmdMbyBpoGFK1mURYDVGnjQ4AkNoJfnaBed6stWNVYy8rq
2026-07-31T21:05:04.567+06:00  INFO 577828 --- [pangochain-backend] [io-8080-exec-50] c.pangochain.backend.ipfs.IpfsService    : Fetched 780 bytes from primary IPFS CID=QmdMbyBpoGFK1mURYDVGnjQ4AkNoJfnaBed6stWNVYy8rq
2026-07-31T21:05:04.567+06:00  INFO 577828 --- [pangochain-backend] [nio-8080-exec-4] c.pangochain.backend.ipfs.IpfsService    : Fetched 780 bytes from primary IPFS CID=QmdMbyBpoGFK1mURYDVGnjQ4AkNoJfnaBed6stWNVYy8rq
2026-07-31T21:05:04.567+06:00  INFO 577828 --- [pangochain-backend] [nio-8080-exec-8] c.pangochain.backend.ipfs.IpfsService    : Fetched 780 bytes from primary IPFS CID=QmdMbyBpoGFK1mURYDVGnjQ4AkNoJfnaBed6stWNVYy8rq
2026-07-31T21:05:04.567+06:00  INFO 577828 --- [pangochain-backend] [io-8080-exec-15] c.pangochain.backend.ipfs.IpfsService    : Fetched 780 bytes from primary IPFS CID=QmdMbyBpoGFK1mURYDVGnjQ4AkNoJfnaBed6stWNVYy8rq
2026-07-31T21:05:04.567+06:00  INFO 577828 --- [pangochain-backend] [io-8080-exec-20] c.pangochain.backend.ipfs.IpfsService    : Fetched 780 bytes from primary IPFS CID=QmdMbyBpoGFK1mURYDVGnjQ4AkNoJfnaBed6stWNVYy8rq
2026-07-31T21:05:04.568+06:00  INFO 577828 --- [pangochain-backend] [io-8080-exec-41] c.pangochain.backend.ipfs.IpfsService    : Fetched 780 bytes from primary IPFS CID=QmdMbyBpoGFK1mURYDVGnjQ4AkNoJfnaBed6stWNVYy8rq
2026-07-31T21:05:04.571+06:00  INFO 577828 --- [pangochain-backend] [io-8080-exec-33] c.pangochain.backend.ipfs.IpfsService    : Fetched 780 bytes from primary IPFS CID=QmdMbyBpoGFK1mURYDVGnjQ4AkNoJfnaBed6stWNVYy8rq
2026-07-31T21:05:04.571+06:00  INFO 577828 --- [pangochain-backend] [io-8080-exec-25] c.pangochain.backend.ipfs.IpfsService    : Fetched 780 bytes from primary IPFS CID=QmdMbyBpoGFK1mURYDVGnjQ4AkNoJfnaBed6stWNVYy8rq
2026-07-31T21:05:04.571+06:00  INFO 577828 --- [pangochain-backend] [io-8080-exec-18] c.pangochain.backend.ipfs.IpfsService    : Fetched 780 bytes from primary IPFS CID=QmdMbyBpoGFK1mURYDVGnjQ4AkNoJfnaBed6stWNVYy8rq
2026-07-31T21:05:04.571+06:00  INFO 577828 --- [pangochain-backend] [io-8080-exec-36] c.pangochain.backend.ipfs.IpfsService    : Fetched 780 bytes from primary IPFS CID=QmdMbyBpoGFK1mURYDVGnjQ4AkNoJfnaBed6stWNVYy8rq
2026-07-31T21:05:04.571+06:00  INFO 577828 --- [pangochain-backend] [io-8080-exec-13] c.pangochain.backend.ipfs.IpfsService    : Fetched 780 bytes from primary IPFS CID=QmdMbyBpoGFK1mURYDVGnjQ4AkNoJfnaBed6stWNVYy8rq
2026-07-31T21:05:04.571+06:00  INFO 577828 --- [pangochain-backend] [io-8080-exec-35] c.pangochain.backend.ipfs.IpfsService    : Fetched 780 bytes from primary IPFS CID=QmdMbyBpoGFK1mURYDVGnjQ4AkNoJfnaBed6stWNVYy8rq
2026-07-31T21:05:04.572+06:00  INFO 577828 --- [pangochain-backend] [io-8080-exec-29] c.pangochain.backend.ipfs.IpfsService    : Fetched 780 bytes from primary IPFS CID=QmdMbyBpoGFK1mURYDVGnjQ4AkNoJfnaBed6stWNVYy8rq
2026-07-31T21:05:04.573+06:00  INFO 577828 --- [pangochain-backend] [io-8080-exec-48] c.pangochain.backend.ipfs.IpfsService    : Fetched 780 bytes from primary IPFS CID=QmdMbyBpoGFK1mURYDVGnjQ4AkNoJfnaBed6stWNVYy8rq
2026-07-31T21:05:04.573+06:00  INFO 577828 --- [pangochain-backend] [io-8080-exec-19] c.pangochain.backend.ipfs.IpfsService    : Fetched 780 bytes from primary IPFS CID=QmdMbyBpoGFK1mURYDVGnjQ4AkNoJfnaBed6stWNVYy8rq
2026-07-31T21:05:04.574+06:00  INFO 577828 --- [pangochain-backend] [io-8080-exec-14] c.pangochain.backend.ipfs.IpfsService    : Fetched 780 bytes from primary IPFS CID=QmdMbyBpoGFK1mURYDVGnjQ4AkNoJfnaBed6stWNVYy8rq
2026-07-31T21:05:04.574+06:00  INFO 577828 --- [pangochain-backend] [io-8080-exec-49] c.pangochain.backend.ipfs.IpfsService    : Fetched 780 bytes from primary IPFS CID=QmdMbyBpoGFK1mURYDVGnjQ4AkNoJfnaBed6stWNVYy8rq
2026-07-31T21:05:04.574+06:00  INFO 577828 --- [pangochain-backend] [io-8080-exec-23] c.pangochain.backend.ipfs.IpfsService    : Fetched 780 bytes from primary IPFS CID=QmdMbyBpoGFK1mURYDVGnjQ4AkNoJfnaBed6stWNVYy8rq
2026-07-31T21:05:04.574+06:00  INFO 577828 --- [pangochain-backend] [io-8080-exec-16] c.pangochain.backend.ipfs.IpfsService    : Fetched 780 bytes from primary IPFS CID=QmdMbyBpoGFK1mURYDVGnjQ4AkNoJfnaBed6stWNVYy8rq
2026-07-31T21:05:04.575+06:00  INFO 577828 --- [pangochain-backend] [io-8080-exec-10] c.pangochain.backend.ipfs.IpfsService    : Fetched 780 bytes from primary IPFS CID=QmdMbyBpoGFK1mURYDVGnjQ4AkNoJfnaBed6stWNVYy8rq
2026-07-31T21:05:04.575+06:00  INFO 577828 --- [pangochain-backend] [nio-8080-exec-6] c.pangochain.backend.ipfs.IpfsService    : Fetched 780 bytes from primary IPFS CID=QmdMbyBpoGFK1mURYDVGnjQ4AkNoJfnaBed6stWNVYy8rq
2026-07-31T21:05:04.575+06:00  INFO 577828 --- [pangochain-backend] [io-8080-exec-39] c.pangochain.backend.ipfs.IpfsService    : Fetched 780 bytes from primary IPFS CID=QmdMbyBpoGFK1mURYDVGnjQ4AkNoJfnaBed6stWNVYy8rq
2026-07-31T21:05:04.577+06:00  INFO 577828 --- [pangochain-backend] [io-8080-exec-38] c.pangochain.backend.ipfs.IpfsService    : Fetched 780 bytes from primary IPFS CID=QmdMbyBpoGFK1mURYDVGnjQ4AkNoJfnaBed6stWNVYy8rq
2026-07-31T21:05:04.577+06:00  INFO 577828 --- [pangochain-backend] [io-8080-exec-37] c.pangochain.backend.ipfs.IpfsService    : Fetched 780 bytes from primary IPFS CID=QmdMbyBpoGFK1mURYDVGnjQ4AkNoJfnaBed6stWNVYy8rq
2026-07-31T21:05:04.577+06:00  INFO 577828 --- [pangochain-backend] [nio-8080-exec-5] c.pangochain.backend.ipfs.IpfsService    : Fetched 780 bytes from primary IPFS CID=QmdMbyBpoGFK1mURYDVGnjQ4AkNoJfnaBed6stWNVYy8rq
2026-07-31T21:05:04.577+06:00  INFO 577828 --- [pangochain-backend] [io-8080-exec-17] c.pangochain.backend.ipfs.IpfsService    : Fetched 780 bytes from primary IPFS CID=QmdMbyBpoGFK1mURYDVGnjQ4AkNoJfnaBed6stWNVYy8rq
2026-07-31T21:05:04.578+06:00  INFO 577828 --- [pangochain-backend] [io-8080-exec-27] c.pangochain.backend.ipfs.IpfsService    : Fetched 780 bytes from primary IPFS CID=QmdMbyBpoGFK1mURYDVGnjQ4AkNoJfnaBed6stWNVYy8rq
2026-07-31T21:05:04.578+06:00  INFO 577828 --- [pangochain-backend] [io-8080-exec-46] c.pangochain.backend.ipfs.IpfsService    : Fetched 780 bytes from primary IPFS CID=QmdMbyBpoGFK1mURYDVGnjQ4AkNoJfnaBed6stWNVYy8rq
2026-07-31T21:05:04.578+06:00  INFO 577828 --- [pangochain-backend] [nio-8080-exec-3] c.pangochain.backend.ipfs.IpfsService    : Fetched 780 bytes from primary IPFS CID=QmdMbyBpoGFK1mURYDVGnjQ4AkNoJfnaBed6stWNVYy8rq
2026-07-31T21:05:04.578+06:00  INFO 577828 --- [pangochain-backend] [io-8080-exec-24] c.pangochain.backend.ipfs.IpfsService    : Fetched 780 bytes from primary IPFS CID=QmdMbyBpoGFK1mURYDVGnjQ4AkNoJfnaBed6stWNVYy8rq
2026-07-31T21:05:04.580+06:00  INFO 577828 --- [pangochain-backend] [nio-8080-exec-2] c.pangochain.backend.ipfs.IpfsService    : Fetched 780 bytes from primary IPFS CID=QmdMbyBpoGFK1mURYDVGnjQ4AkNoJfnaBed6stWNVYy8rq
2026-07-31T21:05:04.580+06:00  INFO 577828 --- [pangochain-backend] [io-8080-exec-11] c.pangochain.backend.ipfs.IpfsService    : Fetched 780 bytes from primary IPFS CID=QmdMbyBpoGFK1mURYDVGnjQ4AkNoJfnaBed6stWNVYy8rq
2026-07-31T21:05:04.580+06:00  INFO 577828 --- [pangochain-backend] [io-8080-exec-42] c.pangochain.backend.ipfs.IpfsService    : Fetched 780 bytes from primary IPFS CID=QmdMbyBpoGFK1mURYDVGnjQ4AkNoJfnaBed6stWNVYy8rq
2026-07-31T21:05:04.580+06:00  INFO 577828 --- [pangochain-backend] [io-8080-exec-28] c.pangochain.backend.ipfs.IpfsService    : Fetched 780 bytes from primary IPFS CID=QmdMbyBpoGFK1mURYDVGnjQ4AkNoJfnaBed6stWNVYy8rq
2026-07-31T21:05:04.581+06:00  INFO 577828 --- [pangochain-backend] [nio-8080-exec-7] c.pangochain.backend.ipfs.IpfsService    : Fetched 780 bytes from primary IPFS CID=QmdMbyBpoGFK1mURYDVGnjQ4AkNoJfnaBed6stWNVYy8rq
2026-07-31T21:05:04.582+06:00  INFO 577828 --- [pangochain-backend] [io-8080-exec-34] c.pangochain.backend.ipfs.IpfsService    : Fetched 780 bytes from primary IPFS CID=QmdMbyBpoGFK1mURYDVGnjQ4AkNoJfnaBed6stWNVYy8rq
2026-07-31T21:05:04.582+06:00  INFO 577828 --- [pangochain-backend] [io-8080-exec-31] c.pangochain.backend.ipfs.IpfsService    : Fetched 780 bytes from primary IPFS CID=QmdMbyBpoGFK1mURYDVGnjQ4AkNoJfnaBed6stWNVYy8rq
2026-07-31T21:05:04.583+06:00  INFO 577828 --- [pangochain-backend] [io-8080-exec-30] c.pangochain.backend.ipfs.IpfsService    : Fetched 780 bytes from primary IPFS CID=QmdMbyBpoGFK1mURYDVGnjQ4AkNoJfnaBed6stWNVYy8rq
2026-07-31T21:05:04.583+06:00  INFO 577828 --- [pangochain-backend] [io-8080-exec-26] c.pangochain.backend.ipfs.IpfsService    : Fetched 780 bytes from primary IPFS CID=QmdMbyBpoGFK1mURYDVGnjQ4AkNoJfnaBed6stWNVYy8rq
2026-07-31T21:05:04.585+06:00  INFO 577828 --- [pangochain-backend] [nio-8080-exec-1] c.pangochain.backend.ipfs.IpfsService    : Fetched 780 bytes from primary IPFS CID=QmdMbyBpoGFK1mURYDVGnjQ4AkNoJfnaBed6stWNVYy8rq
2026-07-31T21:05:04.585+06:00  INFO 577828 --- [pangochain-backend] [io-8080-exec-12] c.pangochain.backend.ipfs.IpfsService    : Fetched 780 bytes from primary IPFS CID=QmdMbyBpoGFK1mURYDVGnjQ4AkNoJfnaBed6stWNVYy8rq
2026-07-31T21:05:04.586+06:00  INFO 577828 --- [pangochain-backend] [io-8080-exec-21] c.pangochain.backend.ipfs.IpfsService    : Fetched 780 bytes from primary IPFS CID=QmdMbyBpoGFK1mURYDVGnjQ4AkNoJfnaBed6stWNVYy8rq
2026-07-31T21:05:04.586+06:00  INFO 577828 --- [pangochain-backend] [io-8080-exec-47] c.pangochain.backend.ipfs.IpfsService    : Fetched 780 bytes from primary IPFS CID=QmdMbyBpoGFK1mURYDVGnjQ4AkNoJfnaBed6stWNVYy8rq
2026-07-31T21:05:04.586+06:00  INFO 577828 --- [pangochain-backend] [io-8080-exec-40] c.pangochain.backend.ipfs.IpfsService    : Fetched 780 bytes from primary IPFS CID=QmdMbyBpoGFK1mURYDVGnjQ4AkNoJfnaBed6stWNVYy8rq
2026-07-31T21:05:04.586+06:00  INFO 577828 --- [pangochain-backend] [io-8080-exec-43] c.pangochain.backend.ipfs.IpfsService    : Fetched 780 bytes from primary IPFS CID=QmdMbyBpoGFK1mURYDVGnjQ4AkNoJfnaBed6stWNVYy8rq
2026-07-31T21:05:04.586+06:00  INFO 577828 --- [pangochain-backend] [io-8080-exec-32] c.pangochain.backend.ipfs.IpfsService    : Fetched 780 bytes from primary IPFS CID=QmdMbyBpoGFK1mURYDVGnjQ4AkNoJfnaBed6stWNVYy8rq
2026-07-31T21:05:04.587+06:00  INFO 577828 --- [pangochain-backend] [io-8080-exec-44] c.pangochain.backend.ipfs.IpfsService    : Fetched 780 bytes from primary IPFS CID=QmdMbyBpoGFK1mURYDVGnjQ4AkNoJfnaBed6stWNVYy8rq
2026-07-31T21:05:04.587+06:00  INFO 577828 --- [pangochain-backend] [io-8080-exec-33] c.pangochain.backend.ipfs.IpfsService    : Fetched 780 bytes from primary IPFS CID=QmdMbyBpoGFK1mURYDVGnjQ4AkNoJfnaBed6stWNVYy8rq
2026-07-31T21:05:04.587+06:00  INFO 577828 --- [pangochain-backend] [io-8080-exec-22] c.pangochain.backend.ipfs.IpfsService    : Fetched 780 bytes from primary IPFS CID=QmdMbyBpoGFK1mURYDVGnjQ4AkNoJfnaBed6stWNVYy8rq
2026-07-31T21:05:04.587+06:00  INFO 577828 --- [pangochain-backend] [io-8080-exec-50] c.pangochain.backend.ipfs.IpfsService    : Fetched 780 bytes from primary IPFS CID=QmdMbyBpoGFK1mURYDVGnjQ4AkNoJfnaBed6stWNVYy8rq
2026-07-31T21:05:04.588+06:00  INFO 577828 --- [pangochain-backend] [nio-8080-exec-9] c.pangochain.backend.ipfs.IpfsService    : Fetched 780 bytes from primary IPFS CID=QmdMbyBpoGFK1mURYDVGnjQ4AkNoJfnaBed6stWNVYy8rq
2026-07-31T21:05:04.590+06:00  INFO 577828 --- [pangochain-backend] [io-8080-exec-15] c.pangochain.backend.ipfs.IpfsService    : Fetched 780 bytes from primary IPFS CID=QmdMbyBpoGFK1mURYDVGnjQ4AkNoJfnaBed6stWNVYy8rq
2026-07-31T21:05:04.590+06:00  INFO 577828 --- [pangochain-backend] [io-8080-exec-20] c.pangochain.backend.ipfs.IpfsService    : Fetched 780 bytes from primary IPFS CID=QmdMbyBpoGFK1mURYDVGnjQ4AkNoJfnaBed6stWNVYy8rq
2026-07-31T21:05:04.591+06:00  INFO 577828 --- [pangochain-backend] [nio-8080-exec-4] c.pangochain.backend.ipfs.IpfsService    : Fetched 780 bytes from primary IPFS CID=QmdMbyBpoGFK1mURYDVGnjQ4AkNoJfnaBed6stWNVYy8rq
2026-07-31T21:05:04.591+06:00  INFO 577828 --- [pangochain-backend] [io-8080-exec-31] c.pangochain.backend.ipfs.IpfsService    : Fetched 780 bytes from primary IPFS CID=QmdMbyBpoGFK1mURYDVGnjQ4AkNoJfnaBed6stWNVYy8rq
2026-07-31T21:05:04.596+06:00  INFO 577828 --- [pangochain-backend] [io-8080-exec-25] c.pangochain.backend.ipfs.IpfsService    : Fetched 780 bytes from primary IPFS CID=QmdMbyBpoGFK1mURYDVGnjQ4AkNoJfnaBed6stWNVYy8rq
2026-07-31T21:05:04.599+06:00  INFO 577828 --- [pangochain-backend] [io-8080-exec-35] c.pangochain.backend.ipfs.IpfsService    : Fetched 780 bytes from primary IPFS CID=QmdMbyBpoGFK1mURYDVGnjQ4AkNoJfnaBed6stWNVYy8rq
2026-07-31T21:05:04.599+06:00  INFO 577828 --- [pangochain-backend] [io-8080-exec-43] c.pangochain.backend.ipfs.IpfsService    : Fetched 780 bytes from primary IPFS CID=QmdMbyBpoGFK1mURYDVGnjQ4AkNoJfnaBed6stWNVYy8rq
2026-07-31T21:05:04.599+06:00  INFO 577828 --- [pangochain-backend] [nio-8080-exec-8] c.pangochain.backend.ipfs.IpfsService    : Fetched 780 bytes from primary IPFS CID=QmdMbyBpoGFK1mURYDVGnjQ4AkNoJfnaBed6stWNVYy8rq
2026-07-31T21:05:04.600+06:00  INFO 577828 --- [pangochain-backend] [io-8080-exec-21] c.pangochain.backend.ipfs.IpfsService    : Fetched 780 bytes from primary IPFS CID=QmdMbyBpoGFK1mURYDVGnjQ4AkNoJfnaBed6stWNVYy8rq
2026-07-31T21:05:04.600+06:00  INFO 577828 --- [pangochain-backend] [io-8080-exec-13] c.pangochain.backend.ipfs.IpfsService    : Fetched 780 bytes from primary IPFS CID=QmdMbyBpoGFK1mURYDVGnjQ4AkNoJfnaBed6stWNVYy8rq
2026-07-31T21:05:04.600+06:00  INFO 577828 --- [pangochain-backend] [io-8080-exec-18] c.pangochain.backend.ipfs.IpfsService    : Fetched 780 bytes from primary IPFS CID=QmdMbyBpoGFK1mURYDVGnjQ4AkNoJfnaBed6stWNVYy8rq
2026-07-31T21:05:04.600+06:00  INFO 577828 --- [pangochain-backend] [io-8080-exec-14] c.pangochain.backend.ipfs.IpfsService    : Fetched 780 bytes from primary IPFS CID=QmdMbyBpoGFK1mURYDVGnjQ4AkNoJfnaBed6stWNVYy8rq
2026-07-31T21:05:04.601+06:00  INFO 577828 --- [pangochain-backend] [io-8080-exec-10] c.pangochain.backend.ipfs.IpfsService    : Fetched 780 bytes from primary IPFS CID=QmdMbyBpoGFK1mURYDVGnjQ4AkNoJfnaBed6stWNVYy8rq
2026-07-31T21:05:04.601+06:00  INFO 577828 --- [pangochain-backend] [io-8080-exec-40] c.pangochain.backend.ipfs.IpfsService    : Fetched 780 bytes from primary IPFS CID=QmdMbyBpoGFK1mURYDVGnjQ4AkNoJfnaBed6stWNVYy8rq
2026-07-31T21:05:04.602+06:00  INFO 577828 --- [pangochain-backend] [nio-8080-exec-9] c.pangochain.backend.ipfs.IpfsService    : Fetched 780 bytes from primary IPFS CID=QmdMbyBpoGFK1mURYDVGnjQ4AkNoJfnaBed6stWNVYy8rq
2026-07-31T21:05:04.603+06:00  INFO 577828 --- [pangochain-backend] [io-8080-exec-36] c.pangochain.backend.ipfs.IpfsService    : Fetched 780 bytes from primary IPFS CID=QmdMbyBpoGFK1mURYDVGnjQ4AkNoJfnaBed6stWNVYy8rq
2026-07-31T21:05:04.604+06:00  INFO 577828 --- [pangochain-backend] [nio-8080-exec-6] c.pangochain.backend.ipfs.IpfsService    : Fetched 780 bytes from primary IPFS CID=QmdMbyBpoGFK1mURYDVGnjQ4AkNoJfnaBed6stWNVYy8rq
2026-07-31T21:05:04.607+06:00  INFO 577828 --- [pangochain-backend] [io-8080-exec-17] c.pangochain.backend.ipfs.IpfsService    : Fetched 780 bytes from primary IPFS CID=QmdMbyBpoGFK1mURYDVGnjQ4AkNoJfnaBed6stWNVYy8rq
2026-07-31T21:05:04.608+06:00  INFO 577828 --- [pangochain-backend] [io-8080-exec-38] c.pangochain.backend.ipfs.IpfsService    : Fetched 780 bytes from primary IPFS CID=QmdMbyBpoGFK1mURYDVGnjQ4AkNoJfnaBed6stWNVYy8rq
2026-07-31T21:05:04.610+06:00  INFO 577828 --- [pangochain-backend] [io-8080-exec-23] c.pangochain.backend.ipfs.IpfsService    : Fetched 780 bytes from primary IPFS CID=QmdMbyBpoGFK1mURYDVGnjQ4AkNoJfnaBed6stWNVYy8rq
2026-07-31T21:05:04.613+06:00  INFO 577828 --- [pangochain-backend] [nio-8080-exec-5] c.pangochain.backend.ipfs.IpfsService    : Fetched 780 bytes from primary IPFS CID=QmdMbyBpoGFK1mURYDVGnjQ4AkNoJfnaBed6stWNVYy8rq
2026-07-31T21:05:04.618+06:00  INFO 577828 --- [pangochain-backend] [io-8080-exec-20] c.pangochain.backend.ipfs.IpfsService    : Fetched 780 bytes from primary IPFS CID=QmdMbyBpoGFK1mURYDVGnjQ4AkNoJfnaBed6stWNVYy8rq
2026-07-31T21:05:04.619+06:00  INFO 577828 --- [pangochain-backend] [io-8080-exec-39] c.pangochain.backend.ipfs.IpfsService    : Fetched 780 bytes from primary IPFS CID=QmdMbyBpoGFK1mURYDVGnjQ4AkNoJfnaBed6stWNVYy8rq
2026-07-31T21:05:04.620+06:00  INFO 577828 --- [pangochain-backend] [io-8080-exec-11] c.pangochain.backend.ipfs.IpfsService    : Fetched 780 bytes from primary IPFS CID=QmdMbyBpoGFK1mURYDVGnjQ4AkNoJfnaBed6stWNVYy8rq
2026-07-31T21:05:04.619+06:00  INFO 577828 --- [pangochain-backend] [io-8080-exec-10] c.pangochain.backend.ipfs.IpfsService    : Fetched 780 bytes from primary IPFS CID=QmdMbyBpoGFK1mURYDVGnjQ4AkNoJfnaBed6stWNVYy8rq
2026-07-31T21:05:04.619+06:00  INFO 577828 --- [pangochain-backend] [io-8080-exec-35] c.pangochain.backend.ipfs.IpfsService    : Fetched 780 bytes from primary IPFS CID=QmdMbyBpoGFK1mURYDVGnjQ4AkNoJfnaBed6stWNVYy8rq
2026-07-31T21:05:04.621+06:00  INFO 577828 --- [pangochain-backend] [io-8080-exec-16] c.pangochain.backend.ipfs.IpfsService    : Fetched 780 bytes from primary IPFS CID=QmdMbyBpoGFK1mURYDVGnjQ4AkNoJfnaBed6stWNVYy8rq
2026-07-31T21:05:04.621+06:00  INFO 577828 --- [pangochain-backend] [nio-8080-exec-8] c.pangochain.backend.ipfs.IpfsService    : Fetched 780 bytes from primary IPFS CID=QmdMbyBpoGFK1mURYDVGnjQ4AkNoJfnaBed6stWNVYy8rq
2026-07-31T21:05:04.622+06:00  INFO 577828 --- [pangochain-backend] [nio-8080-exec-1] c.pangochain.backend.ipfs.IpfsService    : Fetched 780 bytes from primary IPFS CID=QmdMbyBpoGFK1mURYDVGnjQ4AkNoJfnaBed6stWNVYy8rq
2026-07-31T21:05:04.623+06:00  INFO 577828 --- [pangochain-backend] [nio-8080-exec-2] c.pangochain.backend.ipfs.IpfsService    : Fetched 780 bytes from primary IPFS CID=QmdMbyBpoGFK1mURYDVGnjQ4AkNoJfnaBed6stWNVYy8rq
2026-07-31T21:05:04.623+06:00  INFO 577828 --- [pangochain-backend] [nio-8080-exec-4] c.pangochain.backend.ipfs.IpfsService    : Fetched 780 bytes from primary IPFS CID=QmdMbyBpoGFK1mURYDVGnjQ4AkNoJfnaBed6stWNVYy8rq
2026-07-31T21:05:04.624+06:00  INFO 577828 --- [pangochain-backend] [io-8080-exec-29] c.pangochain.backend.ipfs.IpfsService    : Fetched 780 bytes from primary IPFS CID=QmdMbyBpoGFK1mURYDVGnjQ4AkNoJfnaBed6stWNVYy8rq
2026-07-31T21:05:04.624+06:00  INFO 577828 --- [pangochain-backend] [io-8080-exec-14] c.pangochain.backend.ipfs.IpfsService    : Fetched 780 bytes from primary IPFS CID=QmdMbyBpoGFK1mURYDVGnjQ4AkNoJfnaBed6stWNVYy8rq
2026-07-31T21:05:04.625+06:00  INFO 577828 --- [pangochain-backend] [io-8080-exec-28] c.pangochain.backend.ipfs.IpfsService    : Fetched 780 bytes from primary IPFS CID=QmdMbyBpoGFK1mURYDVGnjQ4AkNoJfnaBed6stWNVYy8rq
2026-07-31T21:05:04.626+06:00  INFO 577828 --- [pangochain-backend] [nio-8080-exec-9] c.pangochain.backend.ipfs.IpfsService    : Fetched 780 bytes from primary IPFS CID=QmdMbyBpoGFK1mURYDVGnjQ4AkNoJfnaBed6stWNVYy8rq
2026-07-31T21:05:04.626+06:00  INFO 577828 --- [pangochain-backend] [io-8080-exec-13] c.pangochain.backend.ipfs.IpfsService    : Fetched 780 bytes from primary IPFS CID=QmdMbyBpoGFK1mURYDVGnjQ4AkNoJfnaBed6stWNVYy8rq
2026-07-31T21:05:04.628+06:00  INFO 577828 --- [pangochain-backend] [io-8080-exec-37] c.pangochain.backend.ipfs.IpfsService    : Fetched 780 bytes from primary IPFS CID=QmdMbyBpoGFK1mURYDVGnjQ4AkNoJfnaBed6stWNVYy8rq
2026-07-31T21:05:04.628+06:00  INFO 577828 --- [pangochain-backend] [io-8080-exec-46] c.pangochain.backend.ipfs.IpfsService    : Fetched 780 bytes from primary IPFS CID=QmdMbyBpoGFK1mURYDVGnjQ4AkNoJfnaBed6stWNVYy8rq
2026-07-31T21:05:04.628+06:00  INFO 577828 --- [pangochain-backend] [io-8080-exec-24] c.pangochain.backend.ipfs.IpfsService    : Fetched 780 bytes from primary IPFS CID=QmdMbyBpoGFK1mURYDVGnjQ4AkNoJfnaBed6stWNVYy8rq
2026-07-31T21:05:04.629+06:00  INFO 577828 --- [pangochain-backend] [io-8080-exec-50] c.pangochain.backend.ipfs.IpfsService    : Fetched 780 bytes from primary IPFS CID=QmdMbyBpoGFK1mURYDVGnjQ4AkNoJfnaBed6stWNVYy8rq
2026-07-31T21:05:04.630+06:00  INFO 577828 --- [pangochain-backend] [nio-8080-exec-7] c.pangochain.backend.ipfs.IpfsService    : Fetched 780 bytes from primary IPFS CID=QmdMbyBpoGFK1mURYDVGnjQ4AkNoJfnaBed6stWNVYy8rq
2026-07-31T21:05:04.630+06:00  INFO 577828 --- [pangochain-backend] [io-8080-exec-38] c.pangochain.backend.ipfs.IpfsService    : Fetched 780 bytes from primary IPFS CID=QmdMbyBpoGFK1mURYDVGnjQ4AkNoJfnaBed6stWNVYy8rq
2026-07-31T21:05:04.630+06:00  INFO 577828 --- [pangochain-backend] [io-8080-exec-30] c.pangochain.backend.ipfs.IpfsService    : Fetched 780 bytes from primary IPFS CID=QmdMbyBpoGFK1mURYDVGnjQ4AkNoJfnaBed6stWNVYy8rq
2026-07-31T21:05:04.631+06:00  INFO 577828 --- [pangochain-backend] [io-8080-exec-12] c.pangochain.backend.ipfs.IpfsService    : Fetched 780 bytes from primary IPFS CID=QmdMbyBpoGFK1mURYDVGnjQ4AkNoJfnaBed6stWNVYy8rq
2026-07-31T21:05:04.631+06:00  INFO 577828 --- [pangochain-backend] [io-8080-exec-33] c.pangochain.backend.ipfs.IpfsService    : Fetched 780 bytes from primary IPFS CID=QmdMbyBpoGFK1mURYDVGnjQ4AkNoJfnaBed6stWNVYy8rq
2026-07-31T21:05:04.631+06:00  INFO 577828 --- [pangochain-backend] [io-8080-exec-26] c.pangochain.backend.ipfs.IpfsService    : Fetched 780 bytes from primary IPFS CID=QmdMbyBpoGFK1mURYDVGnjQ4AkNoJfnaBed6stWNVYy8rq
2026-07-31T21:05:04.632+06:00  INFO 577828 --- [pangochain-backend] [io-8080-exec-36] c.pangochain.backend.ipfs.IpfsService    : Fetched 780 bytes from primary IPFS CID=QmdMbyBpoGFK1mURYDVGnjQ4AkNoJfnaBed6stWNVYy8rq
2026-07-31T21:05:04.632+06:00  INFO 577828 --- [pangochain-backend] [io-8080-exec-41] c.pangochain.backend.ipfs.IpfsService    : Fetched 780 bytes from primary IPFS CID=QmdMbyBpoGFK1mURYDVGnjQ4AkNoJfnaBed6stWNVYy8rq
2026-07-31T21:05:04.633+06:00  INFO 577828 --- [pangochain-backend] [io-8080-exec-43] c.pangochain.backend.ipfs.IpfsService    : Fetched 780 bytes from primary IPFS CID=QmdMbyBpoGFK1mURYDVGnjQ4AkNoJfnaBed6stWNVYy8rq
2026-07-31T21:05:04.634+06:00  INFO 577828 --- [pangochain-backend] [nio-8080-exec-6] c.pangochain.backend.ipfs.IpfsService    : Fetched 780 bytes from primary IPFS CID=QmdMbyBpoGFK1mURYDVGnjQ4AkNoJfnaBed6stWNVYy8rq
2026-07-31T21:05:04.634+06:00  INFO 577828 --- [pangochain-backend] [io-8080-exec-25] c.pangochain.backend.ipfs.IpfsService    : Fetched 780 bytes from primary IPFS CID=QmdMbyBpoGFK1mURYDVGnjQ4AkNoJfnaBed6stWNVYy8rq
2026-07-31T21:05:04.634+06:00  INFO 577828 --- [pangochain-backend] [io-8080-exec-51] c.pangochain.backend.ipfs.IpfsService    : Fetched 780 bytes from primary IPFS CID=QmdMbyBpoGFK1mURYDVGnjQ4AkNoJfnaBed6stWNVYy8rq
2026-07-31T21:05:04.634+06:00  INFO 577828 --- [pangochain-backend] [io-8080-exec-44] c.pangochain.backend.ipfs.IpfsService    : Fetched 780 bytes from primary IPFS CID=QmdMbyBpoGFK1mURYDVGnjQ4AkNoJfnaBed6stWNVYy8rq
2026-07-31T21:05:04.635+06:00  INFO 577828 --- [pangochain-backend] [io-8080-exec-18] c.pangochain.backend.ipfs.IpfsService    : Fetched 780 bytes from primary IPFS CID=QmdMbyBpoGFK1mURYDVGnjQ4AkNoJfnaBed6stWNVYy8rq
2026-07-31T21:05:04.635+06:00  INFO 577828 --- [pangochain-backend] [io-8080-exec-17] c.pangochain.backend.ipfs.IpfsService    : Fetched 780 bytes from primary IPFS CID=QmdMbyBpoGFK1mURYDVGnjQ4AkNoJfnaBed6stWNVYy8rq
2026-07-31T21:05:04.635+06:00  INFO 577828 --- [pangochain-backend] [io-8080-exec-47] c.pangochain.backend.ipfs.IpfsService    : Fetched 780 bytes from primary IPFS CID=QmdMbyBpoGFK1mURYDVGnjQ4AkNoJfnaBed6stWNVYy8rq
2026-07-31T21:05:04.636+06:00  INFO 577828 --- [pangochain-backend] [io-8080-exec-40] c.pangochain.backend.ipfs.IpfsService    : Fetched 780 bytes from primary IPFS CID=QmdMbyBpoGFK1mURYDVGnjQ4AkNoJfnaBed6stWNVYy8rq
2026-07-31T21:05:04.636+06:00  INFO 577828 --- [pangochain-backend] [io-8080-exec-27] c.pangochain.backend.ipfs.IpfsService    : Fetched 780 bytes from primary IPFS CID=QmdMbyBpoGFK1mURYDVGnjQ4AkNoJfnaBed6stWNVYy8rq
2026-07-31T21:05:04.636+06:00  INFO 577828 --- [pangochain-backend] [io-8080-exec-22] c.pangochain.backend.ipfs.IpfsService    : Fetched 780 bytes from primary IPFS CID=QmdMbyBpoGFK1mURYDVGnjQ4AkNoJfnaBed6stWNVYy8rq
2026-07-31T21:05:04.637+06:00  INFO 577828 --- [pangochain-backend] [io-8080-exec-19] c.pangochain.backend.ipfs.IpfsService    : Fetched 780 bytes from primary IPFS CID=QmdMbyBpoGFK1mURYDVGnjQ4AkNoJfnaBed6stWNVYy8rq
2026-07-31T21:05:04.638+06:00  INFO 577828 --- [pangochain-backend] [io-8080-exec-21] c.pangochain.backend.ipfs.IpfsService    : Fetched 780 bytes from primary IPFS CID=QmdMbyBpoGFK1mURYDVGnjQ4AkNoJfnaBed6stWNVYy8rq
2026-07-31T21:05:04.638+06:00  INFO 577828 --- [pangochain-backend] [io-8080-exec-34] c.pangochain.backend.ipfs.IpfsService    : Fetched 780 bytes from primary IPFS CID=QmdMbyBpoGFK1mURYDVGnjQ4AkNoJfnaBed6stWNVYy8rq
2026-07-31T21:05:04.638+06:00  INFO 577828 --- [pangochain-backend] [io-8080-exec-42] c.pangochain.backend.ipfs.IpfsService    : Fetched 780 bytes from primary IPFS CID=QmdMbyBpoGFK1mURYDVGnjQ4AkNoJfnaBed6stWNVYy8rq
2026-07-31T21:05:04.639+06:00  INFO 577828 --- [pangochain-backend] [io-8080-exec-39] c.pangochain.backend.ipfs.IpfsService    : Fetched 780 bytes from primary IPFS CID=QmdMbyBpoGFK1mURYDVGnjQ4AkNoJfnaBed6stWNVYy8rq
2026-07-31T21:05:04.638+06:00  INFO 577828 --- [pangochain-backend] [io-8080-exec-48] c.pangochain.backend.ipfs.IpfsService    : Fetched 780 bytes from primary IPFS CID=QmdMbyBpoGFK1mURYDVGnjQ4AkNoJfnaBed6stWNVYy8rq
2026-07-31T21:05:04.639+06:00  INFO 577828 --- [pangochain-backend] [io-8080-exec-11] c.pangochain.backend.ipfs.IpfsService    : Fetched 780 bytes from primary IPFS CID=QmdMbyBpoGFK1mURYDVGnjQ4AkNoJfnaBed6stWNVYy8rq
2026-07-31T21:05:04.639+06:00  INFO 577828 --- [pangochain-backend] [io-8080-exec-31] c.pangochain.backend.ipfs.IpfsService    : Fetched 780 bytes from primary IPFS CID=QmdMbyBpoGFK1mURYDVGnjQ4AkNoJfnaBed6stWNVYy8rq
2026-07-31T21:05:04.639+06:00  INFO 577828 --- [pangochain-backend] [nio-8080-exec-5] c.pangochain.backend.ipfs.IpfsService    : Fetched 780 bytes from primary IPFS CID=QmdMbyBpoGFK1mURYDVGnjQ4AkNoJfnaBed6stWNVYy8rq
2026-07-31T21:05:04.641+06:00  INFO 577828 --- [pangochain-backend] [nio-8080-exec-3] c.pangochain.backend.ipfs.IpfsService    : Fetched 780 bytes from primary IPFS CID=QmdMbyBpoGFK1mURYDVGnjQ4AkNoJfnaBed6stWNVYy8rq
2026-07-31T21:05:04.643+06:00  INFO 577828 --- [pangochain-backend] [io-8080-exec-45] c.pangochain.backend.ipfs.IpfsService    : Fetched 780 bytes from primary IPFS CID=QmdMbyBpoGFK1mURYDVGnjQ4AkNoJfnaBed6stWNVYy8rq
2026-07-31T21:05:04.644+06:00  INFO 577828 --- [pangochain-backend] [io-8080-exec-49] c.pangochain.backend.ipfs.IpfsService    : Fetched 780 bytes from primary IPFS CID=QmdMbyBpoGFK1mURYDVGnjQ4AkNoJfnaBed6stWNVYy8rq
2026-07-31T21:05:04.644+06:00  INFO 577828 --- [pangochain-backend] [io-8080-exec-32] c.pangochain.backend.ipfs.IpfsService    : Fetched 780 bytes from primary IPFS CID=QmdMbyBpoGFK1mURYDVGnjQ4AkNoJfnaBed6stWNVYy8rq
2026-07-31T21:05:04.648+06:00  INFO 577828 --- [pangochain-backend] [nio-8080-exec-9] c.pangochain.backend.ipfs.IpfsService    : Fetched 780 bytes from primary IPFS CID=QmdMbyBpoGFK1mURYDVGnjQ4AkNoJfnaBed6stWNVYy8rq
2026-07-31T21:05:04.648+06:00  INFO 577828 --- [pangochain-backend] [io-8080-exec-15] c.pangochain.backend.ipfs.IpfsService    : Fetched 780 bytes from primary IPFS CID=QmdMbyBpoGFK1mURYDVGnjQ4AkNoJfnaBed6stWNVYy8rq
2026-07-31T21:05:04.650+06:00  INFO 577828 --- [pangochain-backend] [nio-8080-exec-8] c.pangochain.backend.ipfs.IpfsService    : Fetched 780 bytes from primary IPFS CID=QmdMbyBpoGFK1mURYDVGnjQ4AkNoJfnaBed6stWNVYy8rq
2026-07-31T21:05:04.650+06:00  INFO 577828 --- [pangochain-backend] [io-8080-exec-20] c.pangochain.backend.ipfs.IpfsService    : Fetched 780 bytes from primary IPFS CID=QmdMbyBpoGFK1mURYDVGnjQ4AkNoJfnaBed6stWNVYy8rq
2026-07-31T21:05:04.659+06:00  INFO 577828 --- [pangochain-backend] [nio-8080-exec-2] c.pangochain.backend.ipfs.IpfsService    : Fetched 780 bytes from primary IPFS CID=QmdMbyBpoGFK1mURYDVGnjQ4AkNoJfnaBed6stWNVYy8rq
2026-07-31T21:05:04.662+06:00  INFO 577828 --- [pangochain-backend] [io-8080-exec-10] c.pangochain.backend.ipfs.IpfsService    : Fetched 780 bytes from primary IPFS CID=QmdMbyBpoGFK1mURYDVGnjQ4AkNoJfnaBed6stWNVYy8rq
2026-07-31T21:05:04.729+06:00  INFO 577828 --- [pangochain-backend] [io-8080-exec-22] c.pangochain.backend.ipfs.IpfsService    : Fetched 780 bytes from primary IPFS CID=QmdMbyBpoGFK1mURYDVGnjQ4AkNoJfnaBed6stWNVYy8rq
2026-07-31T21:05:04.731+06:00  INFO 577828 --- [pangochain-backend] [io-8080-exec-23] c.pangochain.backend.ipfs.IpfsService    : Fetched 780 bytes from primary IPFS CID=QmdMbyBpoGFK1mURYDVGnjQ4AkNoJfnaBed6stWNVYy8rq
2026-07-31T21:05:04.735+06:00  INFO 577828 --- [pangochain-backend] [io-8080-exec-16] c.pangochain.backend.ipfs.IpfsService    : Fetched 780 bytes from primary IPFS CID=QmdMbyBpoGFK1mURYDVGnjQ4AkNoJfnaBed6stWNVYy8rq
2026-07-31T21:05:04.783+06:00  INFO 577828 --- [pangochain-backend] [nio-8080-exec-4] c.pangochain.backend.ipfs.IpfsService    : Fetched 780 bytes from primary IPFS CID=QmdMbyBpoGFK1mURYDVGnjQ4AkNoJfnaBed6stWNVYy8rq
2026-07-31T21:05:04.798+06:00  INFO 577828 --- [pangochain-backend] [io-8080-exec-45] c.pangochain.backend.ipfs.IpfsService    : Fetched 780 bytes from primary IPFS CID=QmdMbyBpoGFK1mURYDVGnjQ4AkNoJfnaBed6stWNVYy8rq
2026-07-31T21:05:04.798+06:00  INFO 577828 --- [pangochain-backend] [nio-8080-exec-8] c.pangochain.backend.ipfs.IpfsService    : Fetched 780 bytes from primary IPFS CID=QmdMbyBpoGFK1mURYDVGnjQ4AkNoJfnaBed6stWNVYy8rq
2026-07-31T21:05:04.799+06:00  INFO 577828 --- [pangochain-backend] [io-8080-exec-33] c.pangochain.backend.ipfs.IpfsService    : Fetched 780 bytes from primary IPFS CID=QmdMbyBpoGFK1mURYDVGnjQ4AkNoJfnaBed6stWNVYy8rq
2026-07-31T21:05:04.800+06:00  INFO 577828 --- [pangochain-backend] [io-8080-exec-38] c.pangochain.backend.ipfs.IpfsService    : Fetched 780 bytes from primary IPFS CID=QmdMbyBpoGFK1mURYDVGnjQ4AkNoJfnaBed6stWNVYy8rq
2026-07-31T21:05:04.802+06:00  INFO 577828 --- [pangochain-backend] [io-8080-exec-30] c.pangochain.backend.ipfs.IpfsService    : Fetched 780 bytes from primary IPFS CID=QmdMbyBpoGFK1mURYDVGnjQ4AkNoJfnaBed6stWNVYy8rq
2026-07-31T21:05:04.803+06:00  INFO 577828 --- [pangochain-backend] [nio-8080-exec-9] c.pangochain.backend.ipfs.IpfsService    : Fetched 780 bytes from primary IPFS CID=QmdMbyBpoGFK1mURYDVGnjQ4AkNoJfnaBed6stWNVYy8rq
2026-07-31T21:05:04.803+06:00  INFO 577828 --- [pangochain-backend] [io-8080-exec-25] c.pangochain.backend.ipfs.IpfsService    : Fetched 780 bytes from primary IPFS CID=QmdMbyBpoGFK1mURYDVGnjQ4AkNoJfnaBed6stWNVYy8rq
2026-07-31T21:05:04.803+06:00  INFO 577828 --- [pangochain-backend] [io-8080-exec-49] c.pangochain.backend.ipfs.IpfsService    : Fetched 780 bytes from primary IPFS CID=QmdMbyBpoGFK1mURYDVGnjQ4AkNoJfnaBed6stWNVYy8rq
2026-07-31T21:05:04.805+06:00  INFO 577828 --- [pangochain-backend] [nio-8080-exec-7] c.pangochain.backend.ipfs.IpfsService    : Fetched 780 bytes from primary IPFS CID=QmdMbyBpoGFK1mURYDVGnjQ4AkNoJfnaBed6stWNVYy8rq
2026-07-31T21:05:04.805+06:00  INFO 577828 --- [pangochain-backend] [io-8080-exec-13] c.pangochain.backend.ipfs.IpfsService    : Fetched 780 bytes from primary IPFS CID=QmdMbyBpoGFK1mURYDVGnjQ4AkNoJfnaBed6stWNVYy8rq
2026-07-31T21:05:04.807+06:00  INFO 577828 --- [pangochain-backend] [io-8080-exec-36] c.pangochain.backend.ipfs.IpfsService    : Fetched 780 bytes from primary IPFS CID=QmdMbyBpoGFK1mURYDVGnjQ4AkNoJfnaBed6stWNVYy8rq
2026-07-31T21:05:04.808+06:00  INFO 577828 --- [pangochain-backend] [nio-8080-exec-6] c.pangochain.backend.ipfs.IpfsService    : Fetched 780 bytes from primary IPFS CID=QmdMbyBpoGFK1mURYDVGnjQ4AkNoJfnaBed6stWNVYy8rq
2026-07-31T21:05:04.809+06:00  INFO 577828 --- [pangochain-backend] [io-8080-exec-24] c.pangochain.backend.ipfs.IpfsService    : Fetched 780 bytes from primary IPFS CID=QmdMbyBpoGFK1mURYDVGnjQ4AkNoJfnaBed6stWNVYy8rq
2026-07-31T21:05:04.809+06:00  INFO 577828 --- [pangochain-backend] [io-8080-exec-10] c.pangochain.backend.ipfs.IpfsService    : Fetched 780 bytes from primary IPFS CID=QmdMbyBpoGFK1mURYDVGnjQ4AkNoJfnaBed6stWNVYy8rq
2026-07-31T21:05:04.809+06:00  INFO 577828 --- [pangochain-backend] [io-8080-exec-37] c.pangochain.backend.ipfs.IpfsService    : Fetched 780 bytes from primary IPFS CID=QmdMbyBpoGFK1mURYDVGnjQ4AkNoJfnaBed6stWNVYy8rq
2026-07-31T21:05:04.810+06:00  INFO 577828 --- [pangochain-backend] [nio-8080-exec-2] c.pangochain.backend.ipfs.IpfsService    : Fetched 780 bytes from primary IPFS CID=QmdMbyBpoGFK1mURYDVGnjQ4AkNoJfnaBed6stWNVYy8rq
2026-07-31T21:05:04.812+06:00  INFO 577828 --- [pangochain-backend] [io-8080-exec-35] c.pangochain.backend.ipfs.IpfsService    : Fetched 780 bytes from primary IPFS CID=QmdMbyBpoGFK1mURYDVGnjQ4AkNoJfnaBed6stWNVYy8rq
2026-07-31T21:05:04.812+06:00  INFO 577828 --- [pangochain-backend] [io-8080-exec-12] c.pangochain.backend.ipfs.IpfsService    : Fetched 780 bytes from primary IPFS CID=QmdMbyBpoGFK1mURYDVGnjQ4AkNoJfnaBed6stWNVYy8rq
2026-07-31T21:05:04.812+06:00  INFO 577828 --- [pangochain-backend] [io-8080-exec-11] c.pangochain.backend.ipfs.IpfsService    : Fetched 780 bytes from primary IPFS CID=QmdMbyBpoGFK1mURYDVGnjQ4AkNoJfnaBed6stWNVYy8rq
2026-07-31T21:05:04.812+06:00  INFO 577828 --- [pangochain-backend] [io-8080-exec-28] c.pangochain.backend.ipfs.IpfsService    : Fetched 780 bytes from primary IPFS CID=QmdMbyBpoGFK1mURYDVGnjQ4AkNoJfnaBed6stWNVYy8rq
2026-07-31T21:05:04.812+06:00  INFO 577828 --- [pangochain-backend] [io-8080-exec-32] c.pangochain.backend.ipfs.IpfsService    : Fetched 780 bytes from primary IPFS CID=QmdMbyBpoGFK1mURYDVGnjQ4AkNoJfnaBed6stWNVYy8rq
2026-07-31T21:05:04.812+06:00  INFO 577828 --- [pangochain-backend] [io-8080-exec-42] c.pangochain.backend.ipfs.IpfsService    : Fetched 780 bytes from primary IPFS CID=QmdMbyBpoGFK1mURYDVGnjQ4AkNoJfnaBed6stWNVYy8rq
2026-07-31T21:05:04.814+06:00  INFO 577828 --- [pangochain-backend] [io-8080-exec-50] c.pangochain.backend.ipfs.IpfsService    : Fetched 780 bytes from primary IPFS CID=QmdMbyBpoGFK1mURYDVGnjQ4AkNoJfnaBed6stWNVYy8rq
2026-07-31T21:05:04.813+06:00  INFO 577828 --- [pangochain-backend] [io-8080-exec-46] c.pangochain.backend.ipfs.IpfsService    : Fetched 780 bytes from primary IPFS CID=QmdMbyBpoGFK1mURYDVGnjQ4AkNoJfnaBed6stWNVYy8rq
2026-07-31T21:05:04.813+06:00  INFO 577828 --- [pangochain-backend] [io-8080-exec-26] c.pangochain.backend.ipfs.IpfsService    : Fetched 780 bytes from primary IPFS CID=QmdMbyBpoGFK1mURYDVGnjQ4AkNoJfnaBed6stWNVYy8rq
2026-07-31T21:05:04.816+06:00  INFO 577828 --- [pangochain-backend] [io-8080-exec-29] c.pangochain.backend.ipfs.IpfsService    : Fetched 780 bytes from primary IPFS CID=QmdMbyBpoGFK1mURYDVGnjQ4AkNoJfnaBed6stWNVYy8rq
2026-07-31T21:05:04.817+06:00  INFO 577828 --- [pangochain-backend] [io-8080-exec-47] c.pangochain.backend.ipfs.IpfsService    : Fetched 780 bytes from primary IPFS CID=QmdMbyBpoGFK1mURYDVGnjQ4AkNoJfnaBed6stWNVYy8rq
2026-07-31T21:05:04.818+06:00  INFO 577828 --- [pangochain-backend] [io-8080-exec-19] c.pangochain.backend.ipfs.IpfsService    : Fetched 780 bytes from primary IPFS CID=QmdMbyBpoGFK1mURYDVGnjQ4AkNoJfnaBed6stWNVYy8rq
2026-07-31T21:05:04.818+06:00  INFO 577828 --- [pangochain-backend] [io-8080-exec-17] c.pangochain.backend.ipfs.IpfsService    : Fetched 780 bytes from primary IPFS CID=QmdMbyBpoGFK1mURYDVGnjQ4AkNoJfnaBed6stWNVYy8rq
2026-07-31T21:05:04.819+06:00  INFO 577828 --- [pangochain-backend] [io-8080-exec-43] c.pangochain.backend.ipfs.IpfsService    : Fetched 780 bytes from primary IPFS CID=QmdMbyBpoGFK1mURYDVGnjQ4AkNoJfnaBed6stWNVYy8rq
2026-07-31T21:05:04.819+06:00  INFO 577828 --- [pangochain-backend] [io-8080-exec-51] c.pangochain.backend.ipfs.IpfsService    : Fetched 780 bytes from primary IPFS CID=QmdMbyBpoGFK1mURYDVGnjQ4AkNoJfnaBed6stWNVYy8rq
2026-07-31T21:05:04.820+06:00  INFO 577828 --- [pangochain-backend] [io-8080-exec-23] c.pangochain.backend.ipfs.IpfsService    : Fetched 780 bytes from primary IPFS CID=QmdMbyBpoGFK1mURYDVGnjQ4AkNoJfnaBed6stWNVYy8rq
2026-07-31T21:05:04.821+06:00  INFO 577828 --- [pangochain-backend] [io-8080-exec-14] c.pangochain.backend.ipfs.IpfsService    : Fetched 780 bytes from primary IPFS CID=QmdMbyBpoGFK1mURYDVGnjQ4AkNoJfnaBed6stWNVYy8rq
2026-07-31T21:05:04.822+06:00  INFO 577828 --- [pangochain-backend] [io-8080-exec-44] c.pangochain.backend.ipfs.IpfsService    : Fetched 780 bytes from primary IPFS CID=QmdMbyBpoGFK1mURYDVGnjQ4AkNoJfnaBed6stWNVYy8rq
2026-07-31T21:05:04.822+06:00  INFO 577828 --- [pangochain-backend] [io-8080-exec-21] c.pangochain.backend.ipfs.IpfsService    : Fetched 780 bytes from primary IPFS CID=QmdMbyBpoGFK1mURYDVGnjQ4AkNoJfnaBed6stWNVYy8rq
2026-07-31T21:05:04.822+06:00  INFO 577828 --- [pangochain-backend] [io-8080-exec-39] c.pangochain.backend.ipfs.IpfsService    : Fetched 780 bytes from primary IPFS CID=QmdMbyBpoGFK1mURYDVGnjQ4AkNoJfnaBed6stWNVYy8rq
2026-07-31T21:05:04.823+06:00  INFO 577828 --- [pangochain-backend] [nio-8080-exec-4] c.pangochain.backend.ipfs.IpfsService    : Fetched 780 bytes from primary IPFS CID=QmdMbyBpoGFK1mURYDVGnjQ4AkNoJfnaBed6stWNVYy8rq
2026-07-31T21:05:04.823+06:00  INFO 577828 --- [pangochain-backend] [nio-8080-exec-1] c.pangochain.backend.ipfs.IpfsService    : Fetched 780 bytes from primary IPFS CID=QmdMbyBpoGFK1mURYDVGnjQ4AkNoJfnaBed6stWNVYy8rq
2026-07-31T21:05:04.823+06:00  INFO 577828 --- [pangochain-backend] [io-8080-exec-27] c.pangochain.backend.ipfs.IpfsService    : Fetched 780 bytes from primary IPFS CID=QmdMbyBpoGFK1mURYDVGnjQ4AkNoJfnaBed6stWNVYy8rq
2026-07-31T21:05:04.823+06:00  INFO 577828 --- [pangochain-backend] [io-8080-exec-31] c.pangochain.backend.ipfs.IpfsService    : Fetched 780 bytes from primary IPFS CID=QmdMbyBpoGFK1mURYDVGnjQ4AkNoJfnaBed6stWNVYy8rq
2026-07-31T21:05:04.825+06:00  INFO 577828 --- [pangochain-backend] [io-8080-exec-15] c.pangochain.backend.ipfs.IpfsService    : Fetched 780 bytes from primary IPFS CID=QmdMbyBpoGFK1mURYDVGnjQ4AkNoJfnaBed6stWNVYy8rq
2026-07-31T21:05:04.825+06:00  INFO 577828 --- [pangochain-backend] [io-8080-exec-48] c.pangochain.backend.ipfs.IpfsService    : Fetched 780 bytes from primary IPFS CID=QmdMbyBpoGFK1mURYDVGnjQ4AkNoJfnaBed6stWNVYy8rq
2026-07-31T21:05:04.825+06:00  INFO 577828 --- [pangochain-backend] [io-8080-exec-41] c.pangochain.backend.ipfs.IpfsService    : Fetched 780 bytes from primary IPFS CID=QmdMbyBpoGFK1mURYDVGnjQ4AkNoJfnaBed6stWNVYy8rq
2026-07-31T21:05:04.825+06:00  INFO 577828 --- [pangochain-backend] [io-8080-exec-40] c.pangochain.backend.ipfs.IpfsService    : Fetched 780 bytes from primary IPFS CID=QmdMbyBpoGFK1mURYDVGnjQ4AkNoJfnaBed6stWNVYy8rq
2026-07-31T21:05:04.825+06:00  INFO 577828 --- [pangochain-backend] [io-8080-exec-22] c.pangochain.backend.ipfs.IpfsService    : Fetched 780 bytes from primary IPFS CID=QmdMbyBpoGFK1mURYDVGnjQ4AkNoJfnaBed6stWNVYy8rq
2026-07-31T21:05:04.826+06:00  INFO 577828 --- [pangochain-backend] [nio-8080-exec-8] c.pangochain.backend.ipfs.IpfsService    : Fetched 780 bytes from primary IPFS CID=QmdMbyBpoGFK1mURYDVGnjQ4AkNoJfnaBed6stWNVYy8rq
2026-07-31T21:05:04.827+06:00  INFO 577828 --- [pangochain-backend] [nio-8080-exec-3] c.pangochain.backend.ipfs.IpfsService    : Fetched 780 bytes from primary IPFS CID=QmdMbyBpoGFK1mURYDVGnjQ4AkNoJfnaBed6stWNVYy8rq
2026-07-31T21:05:04.828+06:00  INFO 577828 --- [pangochain-backend] [io-8080-exec-25] c.pangochain.backend.ipfs.IpfsService    : Fetched 780 bytes from primary IPFS CID=QmdMbyBpoGFK1mURYDVGnjQ4AkNoJfnaBed6stWNVYy8rq
2026-07-31T21:05:04.829+06:00  INFO 577828 --- [pangochain-backend] [io-8080-exec-34] c.pangochain.backend.ipfs.IpfsService    : Fetched 780 bytes from primary IPFS CID=QmdMbyBpoGFK1mURYDVGnjQ4AkNoJfnaBed6stWNVYy8rq
2026-07-31T21:05:04.829+06:00  INFO 577828 --- [pangochain-backend] [nio-8080-exec-5] c.pangochain.backend.ipfs.IpfsService    : Fetched 780 bytes from primary IPFS CID=QmdMbyBpoGFK1mURYDVGnjQ4AkNoJfnaBed6stWNVYy8rq
2026-07-31T21:05:04.829+06:00  INFO 577828 --- [pangochain-backend] [io-8080-exec-33] c.pangochain.backend.ipfs.IpfsService    : Fetched 780 bytes from primary IPFS CID=QmdMbyBpoGFK1mURYDVGnjQ4AkNoJfnaBed6stWNVYy8rq
2026-07-31T21:05:04.830+06:00  INFO 577828 --- [pangochain-backend] [io-8080-exec-36] c.pangochain.backend.ipfs.IpfsService    : Fetched 780 bytes from primary IPFS CID=QmdMbyBpoGFK1mURYDVGnjQ4AkNoJfnaBed6stWNVYy8rq
2026-07-31T21:05:04.831+06:00  INFO 577828 --- [pangochain-backend] [io-8080-exec-45] c.pangochain.backend.ipfs.IpfsService    : Fetched 780 bytes from primary IPFS CID=QmdMbyBpoGFK1mURYDVGnjQ4AkNoJfnaBed6stWNVYy8rq
2026-07-31T21:05:04.831+06:00  INFO 577828 --- [pangochain-backend] [io-8080-exec-20] c.pangochain.backend.ipfs.IpfsService    : Fetched 780 bytes from primary IPFS CID=QmdMbyBpoGFK1mURYDVGnjQ4AkNoJfnaBed6stWNVYy8rq
2026-07-31T21:05:04.835+06:00  INFO 577828 --- [pangochain-backend] [io-8080-exec-18] c.pangochain.backend.ipfs.IpfsService    : Fetched 780 bytes from primary IPFS CID=QmdMbyBpoGFK1mURYDVGnjQ4AkNoJfnaBed6stWNVYy8rq
2026-07-31T21:05:04.838+06:00  INFO 577828 --- [pangochain-backend] [io-8080-exec-16] c.pangochain.backend.ipfs.IpfsService    : Fetched 780 bytes from primary IPFS CID=QmdMbyBpoGFK1mURYDVGnjQ4AkNoJfnaBed6stWNVYy8rq
2026-07-31T21:05:04.840+06:00  INFO 577828 --- [pangochain-backend] [nio-8080-exec-6] c.pangochain.backend.ipfs.IpfsService    : Fetched 780 bytes from primary IPFS CID=QmdMbyBpoGFK1mURYDVGnjQ4AkNoJfnaBed6stWNVYy8rq
2026-07-31T21:05:04.841+06:00  INFO 577828 --- [pangochain-backend] [io-8080-exec-49] c.pangochain.backend.ipfs.IpfsService    : Fetched 780 bytes from primary IPFS CID=QmdMbyBpoGFK1mURYDVGnjQ4AkNoJfnaBed6stWNVYy8rq
2026-07-31T21:05:04.841+06:00  INFO 577828 --- [pangochain-backend] [io-8080-exec-10] c.pangochain.backend.ipfs.IpfsService    : Fetched 780 bytes from primary IPFS CID=QmdMbyBpoGFK1mURYDVGnjQ4AkNoJfnaBed6stWNVYy8rq
2026-07-31T21:05:04.843+06:00  INFO 577828 --- [pangochain-backend] [io-8080-exec-14] c.pangochain.backend.ipfs.IpfsService    : Fetched 780 bytes from primary IPFS CID=QmdMbyBpoGFK1mURYDVGnjQ4AkNoJfnaBed6stWNVYy8rq
2026-07-31T21:05:04.845+06:00  INFO 577828 --- [pangochain-backend] [io-8080-exec-24] c.pangochain.backend.ipfs.IpfsService    : Fetched 780 bytes from primary IPFS CID=QmdMbyBpoGFK1mURYDVGnjQ4AkNoJfnaBed6stWNVYy8rq
2026-07-31T21:05:04.846+06:00  INFO 577828 --- [pangochain-backend] [io-8080-exec-38] c.pangochain.backend.ipfs.IpfsService    : Fetched 780 bytes from primary IPFS CID=QmdMbyBpoGFK1mURYDVGnjQ4AkNoJfnaBed6stWNVYy8rq
2026-07-31T21:05:04.847+06:00  INFO 577828 --- [pangochain-backend] [io-8080-exec-30] c.pangochain.backend.ipfs.IpfsService    : Fetched 780 bytes from primary IPFS CID=QmdMbyBpoGFK1mURYDVGnjQ4AkNoJfnaBed6stWNVYy8rq
2026-07-31T21:05:04.848+06:00  INFO 577828 --- [pangochain-backend] [io-8080-exec-44] c.pangochain.backend.ipfs.IpfsService    : Fetched 780 bytes from primary IPFS CID=QmdMbyBpoGFK1mURYDVGnjQ4AkNoJfnaBed6stWNVYy8rq
2026-07-31T21:05:04.848+06:00  INFO 577828 --- [pangochain-backend] [nio-8080-exec-4] c.pangochain.backend.ipfs.IpfsService    : Fetched 780 bytes from primary IPFS CID=QmdMbyBpoGFK1mURYDVGnjQ4AkNoJfnaBed6stWNVYy8rq
2026-07-31T21:05:04.850+06:00  INFO 577828 --- [pangochain-backend] [nio-8080-exec-5] c.pangochain.backend.ipfs.IpfsService    : Fetched 780 bytes from primary IPFS CID=QmdMbyBpoGFK1mURYDVGnjQ4AkNoJfnaBed6stWNVYy8rq
2026-07-31T21:05:04.851+06:00  INFO 577828 --- [pangochain-backend] [nio-8080-exec-9] c.pangochain.backend.ipfs.IpfsService    : Fetched 780 bytes from primary IPFS CID=QmdMbyBpoGFK1mURYDVGnjQ4AkNoJfnaBed6stWNVYy8rq
2026-07-31T21:05:04.853+06:00  INFO 577828 --- [pangochain-backend] [nio-8080-exec-7] c.pangochain.backend.ipfs.IpfsService    : Fetched 780 bytes from primary IPFS CID=QmdMbyBpoGFK1mURYDVGnjQ4AkNoJfnaBed6stWNVYy8rq
2026-07-31T21:05:04.855+06:00  INFO 577828 --- [pangochain-backend] [io-8080-exec-35] c.pangochain.backend.ipfs.IpfsService    : Fetched 780 bytes from primary IPFS CID=QmdMbyBpoGFK1mURYDVGnjQ4AkNoJfnaBed6stWNVYy8rq
2026-07-31T21:05:04.855+06:00  INFO 577828 --- [pangochain-backend] [io-8080-exec-12] c.pangochain.backend.ipfs.IpfsService    : Fetched 780 bytes from primary IPFS CID=QmdMbyBpoGFK1mURYDVGnjQ4AkNoJfnaBed6stWNVYy8rq
2026-07-31T21:05:04.857+06:00  INFO 577828 --- [pangochain-backend] [io-8080-exec-11] c.pangochain.backend.ipfs.IpfsService    : Fetched 780 bytes from primary IPFS CID=QmdMbyBpoGFK1mURYDVGnjQ4AkNoJfnaBed6stWNVYy8rq
2026-07-31T21:05:04.858+06:00  INFO 577828 --- [pangochain-backend] [nio-8080-exec-2] c.pangochain.backend.ipfs.IpfsService    : Fetched 780 bytes from primary IPFS CID=QmdMbyBpoGFK1mURYDVGnjQ4AkNoJfnaBed6stWNVYy8rq
2026-07-31T21:05:04.858+06:00  INFO 577828 --- [pangochain-backend] [io-8080-exec-25] c.pangochain.backend.ipfs.IpfsService    : Fetched 780 bytes from primary IPFS CID=QmdMbyBpoGFK1mURYDVGnjQ4AkNoJfnaBed6stWNVYy8rq
2026-07-31T21:05:04.860+06:00  INFO 577828 --- [pangochain-backend] [io-8080-exec-26] c.pangochain.backend.ipfs.IpfsService    : Fetched 780 bytes from primary IPFS CID=QmdMbyBpoGFK1mURYDVGnjQ4AkNoJfnaBed6stWNVYy8rq
2026-07-31T21:05:04.860+06:00  INFO 577828 --- [pangochain-backend] [io-8080-exec-34] c.pangochain.backend.ipfs.IpfsService    : Fetched 780 bytes from primary IPFS CID=QmdMbyBpoGFK1mURYDVGnjQ4AkNoJfnaBed6stWNVYy8rq
2026-07-31T21:05:04.861+06:00  INFO 577828 --- [pangochain-backend] [io-8080-exec-39] c.pangochain.backend.ipfs.IpfsService    : Fetched 780 bytes from primary IPFS CID=QmdMbyBpoGFK1mURYDVGnjQ4AkNoJfnaBed6stWNVYy8rq
2026-07-31T21:05:04.864+06:00  INFO 577828 --- [pangochain-backend] [io-8080-exec-29] c.pangochain.backend.ipfs.IpfsService    : Fetched 780 bytes from primary IPFS CID=QmdMbyBpoGFK1mURYDVGnjQ4AkNoJfnaBed6stWNVYy8rq
2026-07-31T21:05:04.871+06:00  INFO 577828 --- [pangochain-backend] [io-8080-exec-31] c.pangochain.backend.ipfs.IpfsService    : Fetched 780 bytes from primary IPFS CID=QmdMbyBpoGFK1mURYDVGnjQ4AkNoJfnaBed6stWNVYy8rq
2026-07-31T21:05:04.871+06:00  INFO 577828 --- [pangochain-backend] [io-8080-exec-47] c.pangochain.backend.ipfs.IpfsService    : Fetched 780 bytes from primary IPFS CID=QmdMbyBpoGFK1mURYDVGnjQ4AkNoJfnaBed6stWNVYy8rq
2026-07-31T21:05:04.872+06:00  INFO 577828 --- [pangochain-backend] [io-8080-exec-46] c.pangochain.backend.ipfs.IpfsService    : Fetched 780 bytes from primary IPFS CID=QmdMbyBpoGFK1mURYDVGnjQ4AkNoJfnaBed6stWNVYy8rq
2026-07-31T21:05:04.872+06:00  INFO 577828 --- [pangochain-backend] [nio-8080-exec-8] c.pangochain.backend.ipfs.IpfsService    : Fetched 780 bytes from primary IPFS CID=QmdMbyBpoGFK1mURYDVGnjQ4AkNoJfnaBed6stWNVYy8rq
2026-07-31T21:05:04.872+06:00  INFO 577828 --- [pangochain-backend] [io-8080-exec-51] c.pangochain.backend.ipfs.IpfsService    : Fetched 780 bytes from primary IPFS CID=QmdMbyBpoGFK1mURYDVGnjQ4AkNoJfnaBed6stWNVYy8rq
2026-07-31T21:05:04.872+06:00  INFO 577828 --- [pangochain-backend] [io-8080-exec-45] c.pangochain.backend.ipfs.IpfsService    : Fetched 780 bytes from primary IPFS CID=QmdMbyBpoGFK1mURYDVGnjQ4AkNoJfnaBed6stWNVYy8rq
2026-07-31T21:05:04.872+06:00  INFO 577828 --- [pangochain-backend] [io-8080-exec-33] c.pangochain.backend.ipfs.IpfsService    : Fetched 780 bytes from primary IPFS CID=QmdMbyBpoGFK1mURYDVGnjQ4AkNoJfnaBed6stWNVYy8rq
2026-07-31T21:05:04.872+06:00  INFO 577828 --- [pangochain-backend] [io-8080-exec-13] c.pangochain.backend.ipfs.IpfsService    : Fetched 780 bytes from primary IPFS CID=QmdMbyBpoGFK1mURYDVGnjQ4AkNoJfnaBed6stWNVYy8rq
2026-07-31T21:05:04.873+06:00  INFO 577828 --- [pangochain-backend] [io-8080-exec-48] c.pangochain.backend.ipfs.IpfsService    : Fetched 780 bytes from primary IPFS CID=QmdMbyBpoGFK1mURYDVGnjQ4AkNoJfnaBed6stWNVYy8rq
2026-07-31T21:05:04.873+06:00  INFO 577828 --- [pangochain-backend] [io-8080-exec-44] c.pangochain.backend.ipfs.IpfsService    : Fetched 780 bytes from primary IPFS CID=QmdMbyBpoGFK1mURYDVGnjQ4AkNoJfnaBed6stWNVYy8rq
2026-07-31T21:05:04.873+06:00  INFO 577828 --- [pangochain-backend] [io-8080-exec-15] c.pangochain.backend.ipfs.IpfsService    : Fetched 780 bytes from primary IPFS CID=QmdMbyBpoGFK1mURYDVGnjQ4AkNoJfnaBed6stWNVYy8rq
2026-07-31T21:05:04.874+06:00  INFO 577828 --- [pangochain-backend] [io-8080-exec-16] c.pangochain.backend.ipfs.IpfsService    : Fetched 780 bytes from primary IPFS CID=QmdMbyBpoGFK1mURYDVGnjQ4AkNoJfnaBed6stWNVYy8rq
2026-07-31T21:05:04.874+06:00  INFO 577828 --- [pangochain-backend] [nio-8080-exec-3] c.pangochain.backend.ipfs.IpfsService    : Fetched 780 bytes from primary IPFS CID=QmdMbyBpoGFK1mURYDVGnjQ4AkNoJfnaBed6stWNVYy8rq
2026-07-31T21:05:04.874+06:00  INFO 577828 --- [pangochain-backend] [io-8080-exec-21] c.pangochain.backend.ipfs.IpfsService    : Fetched 780 bytes from primary IPFS CID=QmdMbyBpoGFK1mURYDVGnjQ4AkNoJfnaBed6stWNVYy8rq
2026-07-31T21:05:04.874+06:00  INFO 577828 --- [pangochain-backend] [io-8080-exec-17] c.pangochain.backend.ipfs.IpfsService    : Fetched 780 bytes from primary IPFS CID=QmdMbyBpoGFK1mURYDVGnjQ4AkNoJfnaBed6stWNVYy8rq
2026-07-31T21:05:04.875+06:00  INFO 577828 --- [pangochain-backend] [io-8080-exec-19] c.pangochain.backend.ipfs.IpfsService    : Fetched 780 bytes from primary IPFS CID=QmdMbyBpoGFK1mURYDVGnjQ4AkNoJfnaBed6stWNVYy8rq
2026-07-31T21:05:04.875+06:00  INFO 577828 --- [pangochain-backend] [nio-8080-exec-1] c.pangochain.backend.ipfs.IpfsService    : Fetched 780 bytes from primary IPFS CID=QmdMbyBpoGFK1mURYDVGnjQ4AkNoJfnaBed6stWNVYy8rq
2026-07-31T21:05:04.875+06:00  INFO 577828 --- [pangochain-backend] [io-8080-exec-20] c.pangochain.backend.ipfs.IpfsService    : Fetched 780 bytes from primary IPFS CID=QmdMbyBpoGFK1mURYDVGnjQ4AkNoJfnaBed6stWNVYy8rq
2026-07-31T21:05:04.876+06:00  INFO 577828 --- [pangochain-backend] [io-8080-exec-37] c.pangochain.backend.ipfs.IpfsService    : Fetched 780 bytes from primary IPFS CID=QmdMbyBpoGFK1mURYDVGnjQ4AkNoJfnaBed6stWNVYy8rq
2026-07-31T21:05:04.876+06:00  INFO 577828 --- [pangochain-backend] [io-8080-exec-40] c.pangochain.backend.ipfs.IpfsService    : Fetched 780 bytes from primary IPFS CID=QmdMbyBpoGFK1mURYDVGnjQ4AkNoJfnaBed6stWNVYy8rq
2026-07-31T21:05:04.876+06:00  INFO 577828 --- [pangochain-backend] [io-8080-exec-43] c.pangochain.backend.ipfs.IpfsService    : Fetched 780 bytes from primary IPFS CID=QmdMbyBpoGFK1mURYDVGnjQ4AkNoJfnaBed6stWNVYy8rq
2026-07-31T21:05:04.876+06:00  INFO 577828 --- [pangochain-backend] [io-8080-exec-30] c.pangochain.backend.ipfs.IpfsService    : Fetched 780 bytes from primary IPFS CID=QmdMbyBpoGFK1mURYDVGnjQ4AkNoJfnaBed6stWNVYy8rq
2026-07-31T21:05:04.895+06:00  INFO 577828 --- [pangochain-backend] [io-8080-exec-23] c.pangochain.backend.ipfs.IpfsService    : Fetched 780 bytes from primary IPFS CID=QmdMbyBpoGFK1mURYDVGnjQ4AkNoJfnaBed6stWNVYy8rq
2026-07-31T21:05:04.895+06:00  INFO 577828 --- [pangochain-backend] [io-8080-exec-28] c.pangochain.backend.ipfs.IpfsService    : Fetched 780 bytes from primary IPFS CID=QmdMbyBpoGFK1mURYDVGnjQ4AkNoJfnaBed6stWNVYy8rq
2026-07-31T21:05:04.898+06:00  INFO 577828 --- [pangochain-backend] [io-8080-exec-38] c.pangochain.backend.ipfs.IpfsService    : Fetched 780 bytes from primary IPFS CID=QmdMbyBpoGFK1mURYDVGnjQ4AkNoJfnaBed6stWNVYy8rq
2026-07-31T21:05:04.899+06:00  INFO 577828 --- [pangochain-backend] [nio-8080-exec-7] c.pangochain.backend.ipfs.IpfsService    : Fetched 780 bytes from primary IPFS CID=QmdMbyBpoGFK1mURYDVGnjQ4AkNoJfnaBed6stWNVYy8rq
2026-07-31T21:05:04.900+06:00  INFO 577828 --- [pangochain-backend] [io-8080-exec-24] c.pangochain.backend.ipfs.IpfsService    : Fetched 780 bytes from primary IPFS CID=QmdMbyBpoGFK1mURYDVGnjQ4AkNoJfnaBed6stWNVYy8rq
2026-07-31T21:05:04.900+06:00  INFO 577828 --- [pangochain-backend] [io-8080-exec-42] c.pangochain.backend.ipfs.IpfsService    : Fetched 780 bytes from primary IPFS CID=QmdMbyBpoGFK1mURYDVGnjQ4AkNoJfnaBed6stWNVYy8rq
2026-07-31T21:05:04.900+06:00  INFO 577828 --- [pangochain-backend] [nio-8080-exec-6] c.pangochain.backend.ipfs.IpfsService    : Fetched 780 bytes from primary IPFS CID=QmdMbyBpoGFK1mURYDVGnjQ4AkNoJfnaBed6stWNVYy8rq
2026-07-31T21:05:04.901+06:00  INFO 577828 --- [pangochain-backend] [io-8080-exec-32] c.pangochain.backend.ipfs.IpfsService    : Fetched 780 bytes from primary IPFS CID=QmdMbyBpoGFK1mURYDVGnjQ4AkNoJfnaBed6stWNVYy8rq
2026-07-31T21:05:04.910+06:00  INFO 577828 --- [pangochain-backend] [io-8080-exec-10] c.pangochain.backend.ipfs.IpfsService    : Fetched 780 bytes from primary IPFS CID=QmdMbyBpoGFK1mURYDVGnjQ4AkNoJfnaBed6stWNVYy8rq
2026-07-31T21:05:04.911+06:00  INFO 577828 --- [pangochain-backend] [io-8080-exec-49] c.pangochain.backend.ipfs.IpfsService    : Fetched 780 bytes from primary IPFS CID=QmdMbyBpoGFK1mURYDVGnjQ4AkNoJfnaBed6stWNVYy8rq
2026-07-31T21:05:04.912+06:00  INFO 577828 --- [pangochain-backend] [io-8080-exec-14] c.pangochain.backend.ipfs.IpfsService    : Fetched 780 bytes from primary IPFS CID=QmdMbyBpoGFK1mURYDVGnjQ4AkNoJfnaBed6stWNVYy8rq
2026-07-31T21:05:04.920+06:00  INFO 577828 --- [pangochain-backend] [io-8080-exec-35] c.pangochain.backend.ipfs.IpfsService    : Fetched 780 bytes from primary IPFS CID=QmdMbyBpoGFK1mURYDVGnjQ4AkNoJfnaBed6stWNVYy8rq
2026-07-31T21:05:04.920+06:00  INFO 577828 --- [pangochain-backend] [io-8080-exec-43] c.pangochain.backend.ipfs.IpfsService    : Fetched 780 bytes from primary IPFS CID=QmdMbyBpoGFK1mURYDVGnjQ4AkNoJfnaBed6stWNVYy8rq
2026-07-31T21:05:04.921+06:00  INFO 577828 --- [pangochain-backend] [io-8080-exec-40] c.pangochain.backend.ipfs.IpfsService    : Fetched 780 bytes from primary IPFS CID=QmdMbyBpoGFK1mURYDVGnjQ4AkNoJfnaBed6stWNVYy8rq
2026-07-31T21:05:04.922+06:00  INFO 577828 --- [pangochain-backend] [io-8080-exec-30] c.pangochain.backend.ipfs.IpfsService    : Fetched 780 bytes from primary IPFS CID=QmdMbyBpoGFK1mURYDVGnjQ4AkNoJfnaBed6stWNVYy8rq
2026-07-31T21:05:04.922+06:00  INFO 577828 --- [pangochain-backend] [io-8080-exec-42] c.pangochain.backend.ipfs.IpfsService    : Fetched 780 bytes from primary IPFS CID=QmdMbyBpoGFK1mURYDVGnjQ4AkNoJfnaBed6stWNVYy8rq
2026-07-31T21:05:04.913+06:00  INFO 577828 --- [pangochain-backend] [io-8080-exec-36] c.pangochain.backend.ipfs.IpfsService    : Fetched 780 bytes from primary IPFS CID=QmdMbyBpoGFK1mURYDVGnjQ4AkNoJfnaBed6stWNVYy8rq
2026-07-31T21:05:04.913+06:00  INFO 577828 --- [pangochain-backend] [io-8080-exec-11] c.pangochain.backend.ipfs.IpfsService    : Fetched 780 bytes from primary IPFS CID=QmdMbyBpoGFK1mURYDVGnjQ4AkNoJfnaBed6stWNVYy8rq
2026-07-31T21:05:04.913+06:00  INFO 577828 --- [pangochain-backend] [io-8080-exec-41] c.pangochain.backend.ipfs.IpfsService    : Fetched 780 bytes from primary IPFS CID=QmdMbyBpoGFK1mURYDVGnjQ4AkNoJfnaBed6stWNVYy8rq
2026-07-31T21:05:04.913+06:00  INFO 577828 --- [pangochain-backend] [io-8080-exec-50] c.pangochain.backend.ipfs.IpfsService    : Fetched 780 bytes from primary IPFS CID=QmdMbyBpoGFK1mURYDVGnjQ4AkNoJfnaBed6stWNVYy8rq
2026-07-31T21:05:04.923+06:00  INFO 577828 --- [pangochain-backend] [nio-8080-exec-5] c.pangochain.backend.ipfs.IpfsService    : Fetched 780 bytes from primary IPFS CID=QmdMbyBpoGFK1mURYDVGnjQ4AkNoJfnaBed6stWNVYy8rq
2026-07-31T21:05:04.913+06:00  INFO 577828 --- [pangochain-backend] [io-8080-exec-22] c.pangochain.backend.ipfs.IpfsService    : Fetched 780 bytes from primary IPFS CID=QmdMbyBpoGFK1mURYDVGnjQ4AkNoJfnaBed6stWNVYy8rq
2026-07-31T21:05:04.915+06:00  INFO 577828 --- [pangochain-backend] [io-8080-exec-32] c.pangochain.backend.ipfs.IpfsService    : Fetched 780 bytes from primary IPFS CID=QmdMbyBpoGFK1mURYDVGnjQ4AkNoJfnaBed6stWNVYy8rq
2026-07-31T21:05:04.915+06:00  INFO 577828 --- [pangochain-backend] [io-8080-exec-24] c.pangochain.backend.ipfs.IpfsService    : Fetched 780 bytes from primary IPFS CID=QmdMbyBpoGFK1mURYDVGnjQ4AkNoJfnaBed6stWNVYy8rq
2026-07-31T21:05:04.915+06:00  INFO 577828 --- [pangochain-backend] [nio-8080-exec-7] c.pangochain.backend.ipfs.IpfsService    : Fetched 780 bytes from primary IPFS CID=QmdMbyBpoGFK1mURYDVGnjQ4AkNoJfnaBed6stWNVYy8rq
2026-07-31T21:05:04.916+06:00  INFO 577828 --- [pangochain-backend] [nio-8080-exec-4] c.pangochain.backend.ipfs.IpfsService    : Fetched 780 bytes from primary IPFS CID=QmdMbyBpoGFK1mURYDVGnjQ4AkNoJfnaBed6stWNVYy8rq
2026-07-31T21:05:04.916+06:00  INFO 577828 --- [pangochain-backend] [io-8080-exec-38] c.pangochain.backend.ipfs.IpfsService    : Fetched 780 bytes from primary IPFS CID=QmdMbyBpoGFK1mURYDVGnjQ4AkNoJfnaBed6stWNVYy8rq
2026-07-31T21:05:04.918+06:00  INFO 577828 --- [pangochain-backend] [nio-8080-exec-6] c.pangochain.backend.ipfs.IpfsService    : Fetched 780 bytes from primary IPFS CID=QmdMbyBpoGFK1mURYDVGnjQ4AkNoJfnaBed6stWNVYy8rq
2026-07-31T21:05:04.918+06:00  INFO 577828 --- [pangochain-backend] [io-8080-exec-28] c.pangochain.backend.ipfs.IpfsService    : Fetched 780 bytes from primary IPFS CID=QmdMbyBpoGFK1mURYDVGnjQ4AkNoJfnaBed6stWNVYy8rq
2026-07-31T21:05:04.918+06:00  INFO 577828 --- [pangochain-backend] [io-8080-exec-25] c.pangochain.backend.ipfs.IpfsService    : Fetched 780 bytes from primary IPFS CID=QmdMbyBpoGFK1mURYDVGnjQ4AkNoJfnaBed6stWNVYy8rq
2026-07-31T21:05:04.918+06:00  INFO 577828 --- [pangochain-backend] [nio-8080-exec-2] c.pangochain.backend.ipfs.IpfsService    : Fetched 780 bytes from primary IPFS CID=QmdMbyBpoGFK1mURYDVGnjQ4AkNoJfnaBed6stWNVYy8rq
2026-07-31T21:05:04.919+06:00  INFO 577828 --- [pangochain-backend] [nio-8080-exec-9] c.pangochain.backend.ipfs.IpfsService    : Fetched 780 bytes from primary IPFS CID=QmdMbyBpoGFK1mURYDVGnjQ4AkNoJfnaBed6stWNVYy8rq
2026-07-31T21:05:04.919+06:00  INFO 577828 --- [pangochain-backend] [io-8080-exec-34] c.pangochain.backend.ipfs.IpfsService    : Fetched 780 bytes from primary IPFS CID=QmdMbyBpoGFK1mURYDVGnjQ4AkNoJfnaBed6stWNVYy8rq
2026-07-31T21:05:04.917+06:00  INFO 577828 --- [pangochain-backend] [io-8080-exec-12] c.pangochain.backend.ipfs.IpfsService    : Fetched 780 bytes from primary IPFS CID=QmdMbyBpoGFK1mURYDVGnjQ4AkNoJfnaBed6stWNVYy8rq
2026-07-31T21:05:04.928+06:00  INFO 577828 --- [pangochain-backend] [io-8080-exec-39] c.pangochain.backend.ipfs.IpfsService    : Fetched 780 bytes from primary IPFS CID=QmdMbyBpoGFK1mURYDVGnjQ4AkNoJfnaBed6stWNVYy8rq
2026-07-31T21:05:04.928+06:00  INFO 577828 --- [pangochain-backend] [io-8080-exec-27] c.pangochain.backend.ipfs.IpfsService    : Fetched 780 bytes from primary IPFS CID=QmdMbyBpoGFK1mURYDVGnjQ4AkNoJfnaBed6stWNVYy8rq
2026-07-31T21:05:04.932+06:00  INFO 577828 --- [pangochain-backend] [io-8080-exec-23] c.pangochain.backend.ipfs.IpfsService    : Fetched 780 bytes from primary IPFS CID=QmdMbyBpoGFK1mURYDVGnjQ4AkNoJfnaBed6stWNVYy8rq
2026-07-31T21:05:04.932+06:00  INFO 577828 --- [pangochain-backend] [io-8080-exec-10] c.pangochain.backend.ipfs.IpfsService    : Fetched 780 bytes from primary IPFS CID=QmdMbyBpoGFK1mURYDVGnjQ4AkNoJfnaBed6stWNVYy8rq
2026-07-31T21:05:04.933+06:00  INFO 577828 --- [pangochain-backend] [io-8080-exec-33] c.pangochain.backend.ipfs.IpfsService    : Fetched 780 bytes from primary IPFS CID=QmdMbyBpoGFK1mURYDVGnjQ4AkNoJfnaBed6stWNVYy8rq
2026-07-31T21:05:04.940+06:00  INFO 577828 --- [pangochain-backend] [io-8080-exec-19] c.pangochain.backend.ipfs.IpfsService    : Fetched 780 bytes from primary IPFS CID=QmdMbyBpoGFK1mURYDVGnjQ4AkNoJfnaBed6stWNVYy8rq
2026-07-31T21:05:04.941+06:00  INFO 577828 --- [pangochain-backend] [io-8080-exec-44] c.pangochain.backend.ipfs.IpfsService    : Fetched 780 bytes from primary IPFS CID=QmdMbyBpoGFK1mURYDVGnjQ4AkNoJfnaBed6stWNVYy8rq
2026-07-31T21:05:04.942+06:00  INFO 577828 --- [pangochain-backend] [io-8080-exec-48] c.pangochain.backend.ipfs.IpfsService    : Fetched 780 bytes from primary IPFS CID=QmdMbyBpoGFK1mURYDVGnjQ4AkNoJfnaBed6stWNVYy8rq
2026-07-31T21:05:04.942+06:00  INFO 577828 --- [pangochain-backend] [nio-8080-exec-3] c.pangochain.backend.ipfs.IpfsService    : Fetched 780 bytes from primary IPFS CID=QmdMbyBpoGFK1mURYDVGnjQ4AkNoJfnaBed6stWNVYy8rq
2026-07-31T21:05:04.943+06:00  INFO 577828 --- [pangochain-backend] [io-8080-exec-51] c.pangochain.backend.ipfs.IpfsService    : Fetched 780 bytes from primary IPFS CID=QmdMbyBpoGFK1mURYDVGnjQ4AkNoJfnaBed6stWNVYy8rq
2026-07-31T21:05:04.943+06:00  INFO 577828 --- [pangochain-backend] [io-8080-exec-45] c.pangochain.backend.ipfs.IpfsService    : Fetched 780 bytes from primary IPFS CID=QmdMbyBpoGFK1mURYDVGnjQ4AkNoJfnaBed6stWNVYy8rq
2026-07-31T21:05:04.943+06:00  INFO 577828 --- [pangochain-backend] [io-8080-exec-16] c.pangochain.backend.ipfs.IpfsService    : Fetched 780 bytes from primary IPFS CID=QmdMbyBpoGFK1mURYDVGnjQ4AkNoJfnaBed6stWNVYy8rq
2026-07-31T21:05:04.950+06:00  INFO 577828 --- [pangochain-backend] [io-8080-exec-49] c.pangochain.backend.ipfs.IpfsService    : Fetched 780 bytes from primary IPFS CID=QmdMbyBpoGFK1mURYDVGnjQ4AkNoJfnaBed6stWNVYy8rq
2026-07-31T21:05:04.955+06:00  INFO 577828 --- [pangochain-backend] [io-8080-exec-18] c.pangochain.backend.ipfs.IpfsService    : Fetched 780 bytes from primary IPFS CID=QmdMbyBpoGFK1mURYDVGnjQ4AkNoJfnaBed6stWNVYy8rq
2026-07-31T21:05:04.967+06:00  INFO 577828 --- [pangochain-backend] [io-8080-exec-37] c.pangochain.backend.ipfs.IpfsService    : Fetched 780 bytes from primary IPFS CID=QmdMbyBpoGFK1mURYDVGnjQ4AkNoJfnaBed6stWNVYy8rq
2026-07-31T21:05:04.987+06:00  INFO 577828 --- [pangochain-backend] [io-8080-exec-40] c.pangochain.backend.ipfs.IpfsService    : Fetched 780 bytes from primary IPFS CID=QmdMbyBpoGFK1mURYDVGnjQ4AkNoJfnaBed6stWNVYy8rq
2026-07-31T21:05:04.988+06:00  INFO 577828 --- [pangochain-backend] [io-8080-exec-39] c.pangochain.backend.ipfs.IpfsService    : Fetched 780 bytes from primary IPFS CID=QmdMbyBpoGFK1mURYDVGnjQ4AkNoJfnaBed6stWNVYy8rq
2026-07-31T21:05:04.987+06:00  INFO 577828 --- [pangochain-backend] [nio-8080-exec-8] c.pangochain.backend.ipfs.IpfsService    : Fetched 780 bytes from primary IPFS CID=QmdMbyBpoGFK1mURYDVGnjQ4AkNoJfnaBed6stWNVYy8rq
2026-07-31T21:05:04.997+06:00  INFO 577828 --- [pangochain-backend] [io-8080-exec-15] c.pangochain.backend.ipfs.IpfsService    : Fetched 780 bytes from primary IPFS CID=QmdMbyBpoGFK1mURYDVGnjQ4AkNoJfnaBed6stWNVYy8rq
2026-07-31T21:05:05.003+06:00  INFO 577828 --- [pangochain-backend] [io-8080-exec-23] c.pangochain.backend.ipfs.IpfsService    : Fetched 780 bytes from primary IPFS CID=QmdMbyBpoGFK1mURYDVGnjQ4AkNoJfnaBed6stWNVYy8rq
2026-07-31T21:05:05.005+06:00  INFO 577828 --- [pangochain-backend] [io-8080-exec-26] c.pangochain.backend.ipfs.IpfsService    : Fetched 780 bytes from primary IPFS CID=QmdMbyBpoGFK1mURYDVGnjQ4AkNoJfnaBed6stWNVYy8rq
2026-07-31T21:05:05.008+06:00  INFO 577828 --- [pangochain-backend] [io-8080-exec-13] c.pangochain.backend.ipfs.IpfsService    : Fetched 780 bytes from primary IPFS CID=QmdMbyBpoGFK1mURYDVGnjQ4AkNoJfnaBed6stWNVYy8rq
2026-07-31T21:05:05.009+06:00  INFO 577828 --- [pangochain-backend] [io-8080-exec-29] c.pangochain.backend.ipfs.IpfsService    : Fetched 780 bytes from primary IPFS CID=QmdMbyBpoGFK1mURYDVGnjQ4AkNoJfnaBed6stWNVYy8rq
2026-07-31T21:05:05.011+06:00  INFO 577828 --- [pangochain-backend] [io-8080-exec-42] c.pangochain.backend.ipfs.IpfsService    : Fetched 780 bytes from primary IPFS CID=QmdMbyBpoGFK1mURYDVGnjQ4AkNoJfnaBed6stWNVYy8rq
2026-07-31T21:05:05.021+06:00  INFO 577828 --- [pangochain-backend] [io-8080-exec-46] c.pangochain.backend.ipfs.IpfsService    : Fetched 780 bytes from primary IPFS CID=QmdMbyBpoGFK1mURYDVGnjQ4AkNoJfnaBed6stWNVYy8rq
2026-07-31T21:05:05.024+06:00  INFO 577828 --- [pangochain-backend] [io-8080-exec-17] c.pangochain.backend.ipfs.IpfsService    : Fetched 780 bytes from primary IPFS CID=QmdMbyBpoGFK1mURYDVGnjQ4AkNoJfnaBed6stWNVYy8rq
2026-07-31T21:05:05.033+06:00  INFO 577828 --- [pangochain-backend] [nio-8080-exec-1] c.pangochain.backend.ipfs.IpfsService    : Fetched 780 bytes from primary IPFS CID=QmdMbyBpoGFK1mURYDVGnjQ4AkNoJfnaBed6stWNVYy8rq
2026-07-31T21:05:05.042+06:00  INFO 577828 --- [pangochain-backend] [io-8080-exec-43] c.pangochain.backend.ipfs.IpfsService    : Fetched 780 bytes from primary IPFS CID=QmdMbyBpoGFK1mURYDVGnjQ4AkNoJfnaBed6stWNVYy8rq
2026-07-31T21:05:05.046+06:00  INFO 577828 --- [pangochain-backend] [io-8080-exec-27] c.pangochain.backend.ipfs.IpfsService    : Fetched 780 bytes from primary IPFS CID=QmdMbyBpoGFK1mURYDVGnjQ4AkNoJfnaBed6stWNVYy8rq
2026-07-31T21:05:05.052+06:00  INFO 577828 --- [pangochain-backend] [io-8080-exec-21] c.pangochain.backend.ipfs.IpfsService    : Fetched 780 bytes from primary IPFS CID=QmdMbyBpoGFK1mURYDVGnjQ4AkNoJfnaBed6stWNVYy8rq
2026-07-31T21:05:05.064+06:00  INFO 577828 --- [pangochain-backend] [io-8080-exec-51] c.pangochain.backend.ipfs.IpfsService    : Fetched 780 bytes from primary IPFS CID=QmdMbyBpoGFK1mURYDVGnjQ4AkNoJfnaBed6stWNVYy8rq
2026-07-31T21:05:05.066+06:00  INFO 577828 --- [pangochain-backend] [io-8080-exec-44] c.pangochain.backend.ipfs.IpfsService    : Fetched 780 bytes from primary IPFS CID=QmdMbyBpoGFK1mURYDVGnjQ4AkNoJfnaBed6stWNVYy8rq
2026-07-31T21:05:05.073+06:00  INFO 577828 --- [pangochain-backend] [io-8080-exec-50] c.pangochain.backend.ipfs.IpfsService    : Fetched 780 bytes from primary IPFS CID=QmdMbyBpoGFK1mURYDVGnjQ4AkNoJfnaBed6stWNVYy8rq
2026-07-31T21:05:05.073+06:00  INFO 577828 --- [pangochain-backend] [io-8080-exec-22] c.pangochain.backend.ipfs.IpfsService    : Fetched 780 bytes from primary IPFS CID=QmdMbyBpoGFK1mURYDVGnjQ4AkNoJfnaBed6stWNVYy8rq
2026-07-31T21:05:05.078+06:00  INFO 577828 --- [pangochain-backend] [io-8080-exec-33] c.pangochain.backend.ipfs.IpfsService    : Fetched 780 bytes from primary IPFS CID=QmdMbyBpoGFK1mURYDVGnjQ4AkNoJfnaBed6stWNVYy8rq
2026-07-31T21:05:05.080+06:00  INFO 577828 --- [pangochain-backend] [nio-8080-exec-5] c.pangochain.backend.ipfs.IpfsService    : Fetched 780 bytes from primary IPFS CID=QmdMbyBpoGFK1mURYDVGnjQ4AkNoJfnaBed6stWNVYy8rq
2026-07-31T21:05:05.082+06:00  INFO 577828 --- [pangochain-backend] [io-8080-exec-20] c.pangochain.backend.ipfs.IpfsService    : Fetched 780 bytes from primary IPFS CID=QmdMbyBpoGFK1mURYDVGnjQ4AkNoJfnaBed6stWNVYy8rq
2026-07-31T21:05:05.092+06:00  INFO 577828 --- [pangochain-backend] [io-8080-exec-10] c.pangochain.backend.ipfs.IpfsService    : Fetched 780 bytes from primary IPFS CID=QmdMbyBpoGFK1mURYDVGnjQ4AkNoJfnaBed6stWNVYy8rq
2026-07-31T21:05:05.093+06:00  INFO 577828 --- [pangochain-backend] [io-8080-exec-30] c.pangochain.backend.ipfs.IpfsService    : Fetched 780 bytes from primary IPFS CID=QmdMbyBpoGFK1mURYDVGnjQ4AkNoJfnaBed6stWNVYy8rq
2026-07-31T21:05:05.094+06:00  INFO 577828 --- [pangochain-backend] [io-8080-exec-31] c.pangochain.backend.ipfs.IpfsService    : Fetched 780 bytes from primary IPFS CID=QmdMbyBpoGFK1mURYDVGnjQ4AkNoJfnaBed6stWNVYy8rq
2026-07-31T21:05:05.095+06:00  INFO 577828 --- [pangochain-backend] [io-8080-exec-45] c.pangochain.backend.ipfs.IpfsService    : Fetched 780 bytes from primary IPFS CID=QmdMbyBpoGFK1mURYDVGnjQ4AkNoJfnaBed6stWNVYy8rq
2026-07-31T21:05:05.096+06:00  INFO 577828 --- [pangochain-backend] [io-8080-exec-18] c.pangochain.backend.ipfs.IpfsService    : Fetched 780 bytes from primary IPFS CID=QmdMbyBpoGFK1mURYDVGnjQ4AkNoJfnaBed6stWNVYy8rq
2026-07-31T21:05:05.096+06:00  INFO 577828 --- [pangochain-backend] [io-8080-exec-32] c.pangochain.backend.ipfs.IpfsService    : Fetched 780 bytes from primary IPFS CID=QmdMbyBpoGFK1mURYDVGnjQ4AkNoJfnaBed6stWNVYy8rq
2026-07-31T21:05:05.096+06:00  INFO 577828 --- [pangochain-backend] [io-8080-exec-49] c.pangochain.backend.ipfs.IpfsService    : Fetched 780 bytes from primary IPFS CID=QmdMbyBpoGFK1mURYDVGnjQ4AkNoJfnaBed6stWNVYy8rq
2026-07-31T21:05:05.097+06:00  INFO 577828 --- [pangochain-backend] [io-8080-exec-34] c.pangochain.backend.ipfs.IpfsService    : Fetched 780 bytes from primary IPFS CID=QmdMbyBpoGFK1mURYDVGnjQ4AkNoJfnaBed6stWNVYy8rq
2026-07-31T21:05:05.098+06:00  INFO 577828 --- [pangochain-backend] [io-8080-exec-24] c.pangochain.backend.ipfs.IpfsService    : Fetched 780 bytes from primary IPFS CID=QmdMbyBpoGFK1mURYDVGnjQ4AkNoJfnaBed6stWNVYy8rq
2026-07-31T21:05:05.098+06:00  INFO 577828 --- [pangochain-backend] [nio-8080-exec-3] c.pangochain.backend.ipfs.IpfsService    : Fetched 780 bytes from primary IPFS CID=QmdMbyBpoGFK1mURYDVGnjQ4AkNoJfnaBed6stWNVYy8rq
2026-07-31T21:05:05.100+06:00  INFO 577828 --- [pangochain-backend] [io-8080-exec-14] c.pangochain.backend.ipfs.IpfsService    : Fetched 780 bytes from primary IPFS CID=QmdMbyBpoGFK1mURYDVGnjQ4AkNoJfnaBed6stWNVYy8rq
2026-07-31T21:05:05.103+06:00  INFO 577828 --- [pangochain-backend] [io-8080-exec-11] c.pangochain.backend.ipfs.IpfsService    : Fetched 780 bytes from primary IPFS CID=QmdMbyBpoGFK1mURYDVGnjQ4AkNoJfnaBed6stWNVYy8rq
2026-07-31T21:05:05.105+06:00  INFO 577828 --- [pangochain-backend] [io-8080-exec-12] c.pangochain.backend.ipfs.IpfsService    : Fetched 780 bytes from primary IPFS CID=QmdMbyBpoGFK1mURYDVGnjQ4AkNoJfnaBed6stWNVYy8rq
2026-07-31T21:05:05.104+06:00  INFO 577828 --- [pangochain-backend] [io-8080-exec-47] c.pangochain.backend.ipfs.IpfsService    : Fetched 780 bytes from primary IPFS CID=QmdMbyBpoGFK1mURYDVGnjQ4AkNoJfnaBed6stWNVYy8rq
2026-07-31T21:05:05.105+06:00  INFO 577828 --- [pangochain-backend] [io-8080-exec-41] c.pangochain.backend.ipfs.IpfsService    : Fetched 780 bytes from primary IPFS CID=QmdMbyBpoGFK1mURYDVGnjQ4AkNoJfnaBed6stWNVYy8rq
2026-07-31T21:05:05.110+06:00  INFO 577828 --- [pangochain-backend] [io-8080-exec-51] c.pangochain.backend.ipfs.IpfsService    : Fetched 780 bytes from primary IPFS CID=QmdMbyBpoGFK1mURYDVGnjQ4AkNoJfnaBed6stWNVYy8rq
2026-07-31T21:05:05.111+06:00  INFO 577828 --- [pangochain-backend] [io-8080-exec-19] c.pangochain.backend.ipfs.IpfsService    : Fetched 780 bytes from primary IPFS CID=QmdMbyBpoGFK1mURYDVGnjQ4AkNoJfnaBed6stWNVYy8rq
2026-07-31T21:05:05.112+06:00  INFO 577828 --- [pangochain-backend] [io-8080-exec-20] c.pangochain.backend.ipfs.IpfsService    : Fetched 780 bytes from primary IPFS CID=QmdMbyBpoGFK1mURYDVGnjQ4AkNoJfnaBed6stWNVYy8rq
2026-07-31T21:05:05.113+06:00  INFO 577828 --- [pangochain-backend] [nio-8080-exec-7] c.pangochain.backend.ipfs.IpfsService    : Fetched 780 bytes from primary IPFS CID=QmdMbyBpoGFK1mURYDVGnjQ4AkNoJfnaBed6stWNVYy8rq
2026-07-31T21:05:05.113+06:00  INFO 577828 --- [pangochain-backend] [io-8080-exec-48] c.pangochain.backend.ipfs.IpfsService    : Fetched 780 bytes from primary IPFS CID=QmdMbyBpoGFK1mURYDVGnjQ4AkNoJfnaBed6stWNVYy8rq
2026-07-31T21:05:05.115+06:00  INFO 577828 --- [pangochain-backend] [io-8080-exec-23] c.pangochain.backend.ipfs.IpfsService    : Fetched 780 bytes from primary IPFS CID=QmdMbyBpoGFK1mURYDVGnjQ4AkNoJfnaBed6stWNVYy8rq
2026-07-31T21:05:05.115+06:00  INFO 577828 --- [pangochain-backend] [io-8080-exec-29] c.pangochain.backend.ipfs.IpfsService    : Fetched 780 bytes from primary IPFS CID=QmdMbyBpoGFK1mURYDVGnjQ4AkNoJfnaBed6stWNVYy8rq
2026-07-31T21:05:05.114+06:00  INFO 577828 --- [pangochain-backend] [io-8080-exec-35] c.pangochain.backend.ipfs.IpfsService    : Fetched 780 bytes from primary IPFS CID=QmdMbyBpoGFK1mURYDVGnjQ4AkNoJfnaBed6stWNVYy8rq
2026-07-31T21:05:05.115+06:00  INFO 577828 --- [pangochain-backend] [io-8080-exec-32] c.pangochain.backend.ipfs.IpfsService    : Fetched 780 bytes from primary IPFS CID=QmdMbyBpoGFK1mURYDVGnjQ4AkNoJfnaBed6stWNVYy8rq
2026-07-31T21:05:05.116+06:00  INFO 577828 --- [pangochain-backend] [io-8080-exec-16] c.pangochain.backend.ipfs.IpfsService    : Fetched 780 bytes from primary IPFS CID=QmdMbyBpoGFK1mURYDVGnjQ4AkNoJfnaBed6stWNVYy8rq
2026-07-31T21:05:05.116+06:00  INFO 577828 --- [pangochain-backend] [io-8080-exec-26] c.pangochain.backend.ipfs.IpfsService    : Fetched 780 bytes from primary IPFS CID=QmdMbyBpoGFK1mURYDVGnjQ4AkNoJfnaBed6stWNVYy8rq
2026-07-31T21:05:05.117+06:00  INFO 577828 --- [pangochain-backend] [io-8080-exec-38] c.pangochain.backend.ipfs.IpfsService    : Fetched 780 bytes from primary IPFS CID=QmdMbyBpoGFK1mURYDVGnjQ4AkNoJfnaBed6stWNVYy8rq
2026-07-31T21:05:05.118+06:00  INFO 577828 --- [pangochain-backend] [io-8080-exec-40] c.pangochain.backend.ipfs.IpfsService    : Fetched 780 bytes from primary IPFS CID=QmdMbyBpoGFK1mURYDVGnjQ4AkNoJfnaBed6stWNVYy8rq
2026-07-31T21:05:05.118+06:00  INFO 577828 --- [pangochain-backend] [io-8080-exec-27] c.pangochain.backend.ipfs.IpfsService    : Fetched 780 bytes from primary IPFS CID=QmdMbyBpoGFK1mURYDVGnjQ4AkNoJfnaBed6stWNVYy8rq
2026-07-31T21:05:05.118+06:00  INFO 577828 --- [pangochain-backend] [nio-8080-exec-6] c.pangochain.backend.ipfs.IpfsService    : Fetched 780 bytes from primary IPFS CID=QmdMbyBpoGFK1mURYDVGnjQ4AkNoJfnaBed6stWNVYy8rq
2026-07-31T21:05:05.118+06:00  INFO 577828 --- [pangochain-backend] [io-8080-exec-30] c.pangochain.backend.ipfs.IpfsService    : Fetched 780 bytes from primary IPFS CID=QmdMbyBpoGFK1mURYDVGnjQ4AkNoJfnaBed6stWNVYy8rq
2026-07-31T21:05:05.119+06:00  INFO 577828 --- [pangochain-backend] [io-8080-exec-42] c.pangochain.backend.ipfs.IpfsService    : Fetched 780 bytes from primary IPFS CID=QmdMbyBpoGFK1mURYDVGnjQ4AkNoJfnaBed6stWNVYy8rq
2026-07-31T21:05:05.121+06:00  INFO 577828 --- [pangochain-backend] [io-8080-exec-31] c.pangochain.backend.ipfs.IpfsService    : Fetched 780 bytes from primary IPFS CID=QmdMbyBpoGFK1mURYDVGnjQ4AkNoJfnaBed6stWNVYy8rq
2026-07-31T21:05:05.121+06:00  INFO 577828 --- [pangochain-backend] [io-8080-exec-15] c.pangochain.backend.ipfs.IpfsService    : Fetched 780 bytes from primary IPFS CID=QmdMbyBpoGFK1mURYDVGnjQ4AkNoJfnaBed6stWNVYy8rq
2026-07-31T21:05:05.121+06:00  INFO 577828 --- [pangochain-backend] [io-8080-exec-24] c.pangochain.backend.ipfs.IpfsService    : Fetched 780 bytes from primary IPFS CID=QmdMbyBpoGFK1mURYDVGnjQ4AkNoJfnaBed6stWNVYy8rq
2026-07-31T21:05:05.121+06:00  INFO 577828 --- [pangochain-backend] [io-8080-exec-18] c.pangochain.backend.ipfs.IpfsService    : Fetched 780 bytes from primary IPFS CID=QmdMbyBpoGFK1mURYDVGnjQ4AkNoJfnaBed6stWNVYy8rq
2026-07-31T21:05:05.121+06:00  INFO 577828 --- [pangochain-backend] [io-8080-exec-39] c.pangochain.backend.ipfs.IpfsService    : Fetched 780 bytes from primary IPFS CID=QmdMbyBpoGFK1mURYDVGnjQ4AkNoJfnaBed6stWNVYy8rq
2026-07-31T21:05:05.121+06:00  INFO 577828 --- [pangochain-backend] [io-8080-exec-43] c.pangochain.backend.ipfs.IpfsService    : Fetched 780 bytes from primary IPFS CID=QmdMbyBpoGFK1mURYDVGnjQ4AkNoJfnaBed6stWNVYy8rq
2026-07-31T21:05:05.122+06:00  INFO 577828 --- [pangochain-backend] [io-8080-exec-49] c.pangochain.backend.ipfs.IpfsService    : Fetched 780 bytes from primary IPFS CID=QmdMbyBpoGFK1mURYDVGnjQ4AkNoJfnaBed6stWNVYy8rq
2026-07-31T21:05:05.122+06:00  INFO 577828 --- [pangochain-backend] [io-8080-exec-36] c.pangochain.backend.ipfs.IpfsService    : Fetched 780 bytes from primary IPFS CID=QmdMbyBpoGFK1mURYDVGnjQ4AkNoJfnaBed6stWNVYy8rq
2026-07-31T21:05:05.122+06:00  INFO 577828 --- [pangochain-backend] [io-8080-exec-37] c.pangochain.backend.ipfs.IpfsService    : Fetched 780 bytes from primary IPFS CID=QmdMbyBpoGFK1mURYDVGnjQ4AkNoJfnaBed6stWNVYy8rq
2026-07-31T21:05:05.123+06:00  INFO 577828 --- [pangochain-backend] [nio-8080-exec-9] c.pangochain.backend.ipfs.IpfsService    : Fetched 780 bytes from primary IPFS CID=QmdMbyBpoGFK1mURYDVGnjQ4AkNoJfnaBed6stWNVYy8rq
2026-07-31T21:05:05.126+06:00  INFO 577828 --- [pangochain-backend] [io-8080-exec-33] c.pangochain.backend.ipfs.IpfsService    : Fetched 780 bytes from primary IPFS CID=QmdMbyBpoGFK1mURYDVGnjQ4AkNoJfnaBed6stWNVYy8rq
2026-07-31T21:05:05.128+06:00  INFO 577828 --- [pangochain-backend] [io-8080-exec-44] c.pangochain.backend.ipfs.IpfsService    : Fetched 780 bytes from primary IPFS CID=QmdMbyBpoGFK1mURYDVGnjQ4AkNoJfnaBed6stWNVYy8rq
2026-07-31T21:05:05.130+06:00  INFO 577828 --- [pangochain-backend] [io-8080-exec-22] c.pangochain.backend.ipfs.IpfsService    : Fetched 780 bytes from primary IPFS CID=QmdMbyBpoGFK1mURYDVGnjQ4AkNoJfnaBed6stWNVYy8rq
2026-07-31T21:05:05.130+06:00  INFO 577828 --- [pangochain-backend] [nio-8080-exec-3] c.pangochain.backend.ipfs.IpfsService    : Fetched 780 bytes from primary IPFS CID=QmdMbyBpoGFK1mURYDVGnjQ4AkNoJfnaBed6stWNVYy8rq
2026-07-31T21:05:05.132+06:00  INFO 577828 --- [pangochain-backend] [io-8080-exec-50] c.pangochain.backend.ipfs.IpfsService    : Fetched 780 bytes from primary IPFS CID=QmdMbyBpoGFK1mURYDVGnjQ4AkNoJfnaBed6stWNVYy8rq
2026-07-31T21:05:05.136+06:00  INFO 577828 --- [pangochain-backend] [nio-8080-exec-5] c.pangochain.backend.ipfs.IpfsService    : Fetched 780 bytes from primary IPFS CID=QmdMbyBpoGFK1mURYDVGnjQ4AkNoJfnaBed6stWNVYy8rq
2026-07-31T21:05:05.137+06:00  INFO 577828 --- [pangochain-backend] [nio-8080-exec-4] c.pangochain.backend.ipfs.IpfsService    : Fetched 780 bytes from primary IPFS CID=QmdMbyBpoGFK1mURYDVGnjQ4AkNoJfnaBed6stWNVYy8rq
2026-07-31T21:05:05.138+06:00  INFO 577828 --- [pangochain-backend] [io-8080-exec-21] c.pangochain.backend.ipfs.IpfsService    : Fetched 780 bytes from primary IPFS CID=QmdMbyBpoGFK1mURYDVGnjQ4AkNoJfnaBed6stWNVYy8rq
2026-07-31T21:05:05.139+06:00  INFO 577828 --- [pangochain-backend] [io-8080-exec-25] c.pangochain.backend.ipfs.IpfsService    : Fetched 780 bytes from primary IPFS CID=QmdMbyBpoGFK1mURYDVGnjQ4AkNoJfnaBed6stWNVYy8rq
2026-07-31T21:05:05.140+06:00  INFO 577828 --- [pangochain-backend] [io-8080-exec-34] c.pangochain.backend.ipfs.IpfsService    : Fetched 780 bytes from primary IPFS CID=QmdMbyBpoGFK1mURYDVGnjQ4AkNoJfnaBed6stWNVYy8rq
2026-07-31T21:05:05.140+06:00  INFO 577828 --- [pangochain-backend] [io-8080-exec-43] c.pangochain.backend.ipfs.IpfsService    : Fetched 780 bytes from primary IPFS CID=QmdMbyBpoGFK1mURYDVGnjQ4AkNoJfnaBed6stWNVYy8rq
2026-07-31T21:05:05.141+06:00  INFO 577828 --- [pangochain-backend] [io-8080-exec-13] c.pangochain.backend.ipfs.IpfsService    : Fetched 780 bytes from primary IPFS CID=QmdMbyBpoGFK1mURYDVGnjQ4AkNoJfnaBed6stWNVYy8rq
2026-07-31T21:05:05.141+06:00  INFO 577828 --- [pangochain-backend] [io-8080-exec-18] c.pangochain.backend.ipfs.IpfsService    : Fetched 780 bytes from primary IPFS CID=QmdMbyBpoGFK1mURYDVGnjQ4AkNoJfnaBed6stWNVYy8rq
2026-07-31T21:05:05.144+06:00  INFO 577828 --- [pangochain-backend] [nio-8080-exec-8] c.pangochain.backend.ipfs.IpfsService    : Fetched 780 bytes from primary IPFS CID=QmdMbyBpoGFK1mURYDVGnjQ4AkNoJfnaBed6stWNVYy8rq
2026-07-31T21:05:05.144+06:00  INFO 577828 --- [pangochain-backend] [io-8080-exec-24] c.pangochain.backend.ipfs.IpfsService    : Fetched 780 bytes from primary IPFS CID=QmdMbyBpoGFK1mURYDVGnjQ4AkNoJfnaBed6stWNVYy8rq
2026-07-31T21:05:05.146+06:00  INFO 577828 --- [pangochain-backend] [nio-8080-exec-1] c.pangochain.backend.ipfs.IpfsService    : Fetched 780 bytes from primary IPFS CID=QmdMbyBpoGFK1mURYDVGnjQ4AkNoJfnaBed6stWNVYy8rq
2026-07-31T21:05:05.150+06:00  INFO 577828 --- [pangochain-backend] [io-8080-exec-10] c.pangochain.backend.ipfs.IpfsService    : Fetched 780 bytes from primary IPFS CID=QmdMbyBpoGFK1mURYDVGnjQ4AkNoJfnaBed6stWNVYy8rq
2026-07-31T21:05:05.153+06:00  INFO 577828 --- [pangochain-backend] [io-8080-exec-16] c.pangochain.backend.ipfs.IpfsService    : Fetched 780 bytes from primary IPFS CID=QmdMbyBpoGFK1mURYDVGnjQ4AkNoJfnaBed6stWNVYy8rq
2026-07-31T21:05:05.153+06:00  INFO 577828 --- [pangochain-backend] [io-8080-exec-33] c.pangochain.backend.ipfs.IpfsService    : Fetched 780 bytes from primary IPFS CID=QmdMbyBpoGFK1mURYDVGnjQ4AkNoJfnaBed6stWNVYy8rq
2026-07-31T21:05:05.153+06:00  INFO 577828 --- [pangochain-backend] [io-8080-exec-31] c.pangochain.backend.ipfs.IpfsService    : Fetched 780 bytes from primary IPFS CID=QmdMbyBpoGFK1mURYDVGnjQ4AkNoJfnaBed6stWNVYy8rq
2026-07-31T21:05:05.154+06:00  INFO 577828 --- [pangochain-backend] [io-8080-exec-17] c.pangochain.backend.ipfs.IpfsService    : Fetched 780 bytes from primary IPFS CID=QmdMbyBpoGFK1mURYDVGnjQ4AkNoJfnaBed6stWNVYy8rq
2026-07-31T21:05:05.155+06:00  INFO 577828 --- [pangochain-backend] [io-8080-exec-40] c.pangochain.backend.ipfs.IpfsService    : Fetched 780 bytes from primary IPFS CID=QmdMbyBpoGFK1mURYDVGnjQ4AkNoJfnaBed6stWNVYy8rq
2026-07-31T21:05:05.155+06:00  INFO 577828 --- [pangochain-backend] [nio-8080-exec-7] c.pangochain.backend.ipfs.IpfsService    : Fetched 780 bytes from primary IPFS CID=QmdMbyBpoGFK1mURYDVGnjQ4AkNoJfnaBed6stWNVYy8rq
2026-07-31T21:05:05.155+06:00  INFO 577828 --- [pangochain-backend] [io-8080-exec-37] c.pangochain.backend.ipfs.IpfsService    : Fetched 780 bytes from primary IPFS CID=QmdMbyBpoGFK1mURYDVGnjQ4AkNoJfnaBed6stWNVYy8rq
2026-07-31T21:05:05.155+06:00  INFO 577828 --- [pangochain-backend] [io-8080-exec-46] c.pangochain.backend.ipfs.IpfsService    : Fetched 780 bytes from primary IPFS CID=QmdMbyBpoGFK1mURYDVGnjQ4AkNoJfnaBed6stWNVYy8rq
2026-07-31T21:05:05.156+06:00  INFO 577828 --- [pangochain-backend] [io-8080-exec-23] c.pangochain.backend.ipfs.IpfsService    : Fetched 780 bytes from primary IPFS CID=QmdMbyBpoGFK1mURYDVGnjQ4AkNoJfnaBed6stWNVYy8rq
2026-07-31T21:05:05.157+06:00  INFO 577828 --- [pangochain-backend] [io-8080-exec-12] c.pangochain.backend.ipfs.IpfsService    : Fetched 780 bytes from primary IPFS CID=QmdMbyBpoGFK1mURYDVGnjQ4AkNoJfnaBed6stWNVYy8rq
2026-07-31T21:05:05.157+06:00  INFO 577828 --- [pangochain-backend] [io-8080-exec-39] c.pangochain.backend.ipfs.IpfsService    : Fetched 780 bytes from primary IPFS CID=QmdMbyBpoGFK1mURYDVGnjQ4AkNoJfnaBed6stWNVYy8rq
2026-07-31T21:05:05.165+06:00  INFO 577828 --- [pangochain-backend] [io-8080-exec-34] c.pangochain.backend.ipfs.IpfsService    : Fetched 780 bytes from primary IPFS CID=QmdMbyBpoGFK1mURYDVGnjQ4AkNoJfnaBed6stWNVYy8rq
2026-07-31T21:05:05.165+06:00  INFO 577828 --- [pangochain-backend] [nio-8080-exec-9] c.pangochain.backend.ipfs.IpfsService    : Fetched 780 bytes from primary IPFS CID=QmdMbyBpoGFK1mURYDVGnjQ4AkNoJfnaBed6stWNVYy8rq
2026-07-31T21:05:05.165+06:00  INFO 577828 --- [pangochain-backend] [io-8080-exec-11] c.pangochain.backend.ipfs.IpfsService    : Fetched 780 bytes from primary IPFS CID=QmdMbyBpoGFK1mURYDVGnjQ4AkNoJfnaBed6stWNVYy8rq
2026-07-31T21:05:05.166+06:00  INFO 577828 --- [pangochain-backend] [nio-8080-exec-4] c.pangochain.backend.ipfs.IpfsService    : Fetched 780 bytes from primary IPFS CID=QmdMbyBpoGFK1mURYDVGnjQ4AkNoJfnaBed6stWNVYy8rq
2026-07-31T21:05:05.166+06:00  INFO 577828 --- [pangochain-backend] [io-8080-exec-25] c.pangochain.backend.ipfs.IpfsService    : Fetched 780 bytes from primary IPFS CID=QmdMbyBpoGFK1mURYDVGnjQ4AkNoJfnaBed6stWNVYy8rq
2026-07-31T21:05:05.166+06:00  INFO 577828 --- [pangochain-backend] [io-8080-exec-30] c.pangochain.backend.ipfs.IpfsService    : Fetched 780 bytes from primary IPFS CID=QmdMbyBpoGFK1mURYDVGnjQ4AkNoJfnaBed6stWNVYy8rq
2026-07-31T21:05:05.167+06:00  INFO 577828 --- [pangochain-backend] [io-8080-exec-22] c.pangochain.backend.ipfs.IpfsService    : Fetched 780 bytes from primary IPFS CID=QmdMbyBpoGFK1mURYDVGnjQ4AkNoJfnaBed6stWNVYy8rq
2026-07-31T21:05:05.167+06:00  INFO 577828 --- [pangochain-backend] [nio-8080-exec-3] c.pangochain.backend.ipfs.IpfsService    : Fetched 780 bytes from primary IPFS CID=QmdMbyBpoGFK1mURYDVGnjQ4AkNoJfnaBed6stWNVYy8rq
2026-07-31T21:05:05.167+06:00  INFO 577828 --- [pangochain-backend] [io-8080-exec-15] c.pangochain.backend.ipfs.IpfsService    : Fetched 780 bytes from primary IPFS CID=QmdMbyBpoGFK1mURYDVGnjQ4AkNoJfnaBed6stWNVYy8rq
2026-07-31T21:05:05.167+06:00  INFO 577828 --- [pangochain-backend] [io-8080-exec-13] c.pangochain.backend.ipfs.IpfsService    : Fetched 780 bytes from primary IPFS CID=QmdMbyBpoGFK1mURYDVGnjQ4AkNoJfnaBed6stWNVYy8rq
2026-07-31T21:05:05.168+06:00  INFO 577828 --- [pangochain-backend] [io-8080-exec-21] c.pangochain.backend.ipfs.IpfsService    : Fetched 780 bytes from primary IPFS CID=QmdMbyBpoGFK1mURYDVGnjQ4AkNoJfnaBed6stWNVYy8rq
2026-07-31T21:05:05.168+06:00  INFO 577828 --- [pangochain-backend] [io-8080-exec-20] c.pangochain.backend.ipfs.IpfsService    : Fetched 780 bytes from primary IPFS CID=QmdMbyBpoGFK1mURYDVGnjQ4AkNoJfnaBed6stWNVYy8rq
2026-07-31T21:05:05.168+06:00  INFO 577828 --- [pangochain-backend] [io-8080-exec-51] c.pangochain.backend.ipfs.IpfsService    : Fetched 780 bytes from primary IPFS CID=QmdMbyBpoGFK1mURYDVGnjQ4AkNoJfnaBed6stWNVYy8rq
2026-07-31T21:05:05.169+06:00  INFO 577828 --- [pangochain-backend] [io-8080-exec-45] c.pangochain.backend.ipfs.IpfsService    : Fetched 780 bytes from primary IPFS CID=QmdMbyBpoGFK1mURYDVGnjQ4AkNoJfnaBed6stWNVYy8rq
2026-07-31T21:05:05.170+06:00  INFO 577828 --- [pangochain-backend] [io-8080-exec-28] c.pangochain.backend.ipfs.IpfsService    : Fetched 780 bytes from primary IPFS CID=QmdMbyBpoGFK1mURYDVGnjQ4AkNoJfnaBed6stWNVYy8rq
2026-07-31T21:05:05.170+06:00  INFO 577828 --- [pangochain-backend] [io-8080-exec-44] c.pangochain.backend.ipfs.IpfsService    : Fetched 780 bytes from primary IPFS CID=QmdMbyBpoGFK1mURYDVGnjQ4AkNoJfnaBed6stWNVYy8rq
2026-07-31T21:05:05.171+06:00  INFO 577828 --- [pangochain-backend] [nio-8080-exec-1] c.pangochain.backend.ipfs.IpfsService    : Fetched 780 bytes from primary IPFS CID=QmdMbyBpoGFK1mURYDVGnjQ4AkNoJfnaBed6stWNVYy8rq
2026-07-31T21:05:05.172+06:00  INFO 577828 --- [pangochain-backend] [io-8080-exec-26] c.pangochain.backend.ipfs.IpfsService    : Fetched 780 bytes from primary IPFS CID=QmdMbyBpoGFK1mURYDVGnjQ4AkNoJfnaBed6stWNVYy8rq
2026-07-31T21:05:05.172+06:00  INFO 577828 --- [pangochain-backend] [io-8080-exec-29] c.pangochain.backend.ipfs.IpfsService    : Fetched 780 bytes from primary IPFS CID=QmdMbyBpoGFK1mURYDVGnjQ4AkNoJfnaBed6stWNVYy8rq
2026-07-31T21:05:05.174+06:00  INFO 577828 --- [pangochain-backend] [io-8080-exec-23] c.pangochain.backend.ipfs.IpfsService    : Fetched 780 bytes from primary IPFS CID=QmdMbyBpoGFK1mURYDVGnjQ4AkNoJfnaBed6stWNVYy8rq
2026-07-31T21:05:05.173+06:00  INFO 577828 --- [pangochain-backend] [io-8080-exec-47] c.pangochain.backend.ipfs.IpfsService    : Fetched 780 bytes from primary IPFS CID=QmdMbyBpoGFK1mURYDVGnjQ4AkNoJfnaBed6stWNVYy8rq
2026-07-31T21:05:05.175+06:00  INFO 577828 --- [pangochain-backend] [io-8080-exec-35] c.pangochain.backend.ipfs.IpfsService    : Fetched 780 bytes from primary IPFS CID=QmdMbyBpoGFK1mURYDVGnjQ4AkNoJfnaBed6stWNVYy8rq
2026-07-31T21:05:05.175+06:00  INFO 577828 --- [pangochain-backend] [io-8080-exec-48] c.pangochain.backend.ipfs.IpfsService    : Fetched 780 bytes from primary IPFS CID=QmdMbyBpoGFK1mURYDVGnjQ4AkNoJfnaBed6stWNVYy8rq
2026-07-31T21:05:05.175+06:00  INFO 577828 --- [pangochain-backend] [io-8080-exec-36] c.pangochain.backend.ipfs.IpfsService    : Fetched 780 bytes from primary IPFS CID=QmdMbyBpoGFK1mURYDVGnjQ4AkNoJfnaBed6stWNVYy8rq
2026-07-31T21:05:05.172+06:00  INFO 577828 --- [pangochain-backend] [io-8080-exec-27] c.pangochain.backend.ipfs.IpfsService    : Fetched 780 bytes from primary IPFS CID=QmdMbyBpoGFK1mURYDVGnjQ4AkNoJfnaBed6stWNVYy8rq
2026-07-31T21:05:05.176+06:00  INFO 577828 --- [pangochain-backend] [io-8080-exec-41] c.pangochain.backend.ipfs.IpfsService    : Fetched 780 bytes from primary IPFS CID=QmdMbyBpoGFK1mURYDVGnjQ4AkNoJfnaBed6stWNVYy8rq
2026-07-31T21:05:05.172+06:00  INFO 577828 --- [pangochain-backend] [nio-8080-exec-5] c.pangochain.backend.ipfs.IpfsService    : Fetched 780 bytes from primary IPFS CID=QmdMbyBpoGFK1mURYDVGnjQ4AkNoJfnaBed6stWNVYy8rq
2026-07-31T21:05:05.177+06:00  INFO 577828 --- [pangochain-backend] [io-8080-exec-14] c.pangochain.backend.ipfs.IpfsService    : Fetched 780 bytes from primary IPFS CID=QmdMbyBpoGFK1mURYDVGnjQ4AkNoJfnaBed6stWNVYy8rq
2026-07-31T21:05:05.177+06:00  INFO 577828 --- [pangochain-backend] [nio-8080-exec-6] c.pangochain.backend.ipfs.IpfsService    : Fetched 780 bytes from primary IPFS CID=QmdMbyBpoGFK1mURYDVGnjQ4AkNoJfnaBed6stWNVYy8rq
2026-07-31T21:05:05.177+06:00  INFO 577828 --- [pangochain-backend] [io-8080-exec-18] c.pangochain.backend.ipfs.IpfsService    : Fetched 780 bytes from primary IPFS CID=QmdMbyBpoGFK1mURYDVGnjQ4AkNoJfnaBed6stWNVYy8rq
2026-07-31T21:05:05.177+06:00  INFO 577828 --- [pangochain-backend] [io-8080-exec-12] c.pangochain.backend.ipfs.IpfsService    : Fetched 780 bytes from primary IPFS CID=QmdMbyBpoGFK1mURYDVGnjQ4AkNoJfnaBed6stWNVYy8rq
2026-07-31T21:05:05.178+06:00  INFO 577828 --- [pangochain-backend] [nio-8080-exec-8] c.pangochain.backend.ipfs.IpfsService    : Fetched 780 bytes from primary IPFS CID=QmdMbyBpoGFK1mURYDVGnjQ4AkNoJfnaBed6stWNVYy8rq
2026-07-31T21:05:05.178+06:00  INFO 577828 --- [pangochain-backend] [io-8080-exec-38] c.pangochain.backend.ipfs.IpfsService    : Fetched 780 bytes from primary IPFS CID=QmdMbyBpoGFK1mURYDVGnjQ4AkNoJfnaBed6stWNVYy8rq
2026-07-31T21:05:05.179+06:00  INFO 577828 --- [pangochain-backend] [io-8080-exec-19] c.pangochain.backend.ipfs.IpfsService    : Fetched 780 bytes from primary IPFS CID=QmdMbyBpoGFK1mURYDVGnjQ4AkNoJfnaBed6stWNVYy8rq
2026-07-31T21:05:05.180+06:00  INFO 577828 --- [pangochain-backend] [nio-8080-exec-2] c.pangochain.backend.ipfs.IpfsService    : Fetched 780 bytes from primary IPFS CID=QmdMbyBpoGFK1mURYDVGnjQ4AkNoJfnaBed6stWNVYy8rq
2026-07-31T21:05:05.182+06:00  INFO 577828 --- [pangochain-backend] [io-8080-exec-49] c.pangochain.backend.ipfs.IpfsService    : Fetched 780 bytes from primary IPFS CID=QmdMbyBpoGFK1mURYDVGnjQ4AkNoJfnaBed6stWNVYy8rq
2026-07-31T21:05:05.190+06:00  INFO 577828 --- [pangochain-backend] [io-8080-exec-39] c.pangochain.backend.ipfs.IpfsService    : Fetched 780 bytes from primary IPFS CID=QmdMbyBpoGFK1mURYDVGnjQ4AkNoJfnaBed6stWNVYy8rq
2026-07-31T21:05:05.194+06:00  INFO 577828 --- [pangochain-backend] [io-8080-exec-24] c.pangochain.backend.ipfs.IpfsService    : Fetched 780 bytes from primary IPFS CID=QmdMbyBpoGFK1mURYDVGnjQ4AkNoJfnaBed6stWNVYy8rq
2026-07-31T21:05:05.216+06:00  INFO 577828 --- [pangochain-backend] [io-8080-exec-43] c.pangochain.backend.ipfs.IpfsService    : Fetched 780 bytes from primary IPFS CID=QmdMbyBpoGFK1mURYDVGnjQ4AkNoJfnaBed6stWNVYy8rq
2026-07-31T21:05:05.217+06:00  INFO 577828 --- [pangochain-backend] [io-8080-exec-16] c.pangochain.backend.ipfs.IpfsService    : Fetched 780 bytes from primary IPFS CID=QmdMbyBpoGFK1mURYDVGnjQ4AkNoJfnaBed6stWNVYy8rq
2026-07-31T21:05:05.221+06:00  INFO 577828 --- [pangochain-backend] [io-8080-exec-20] c.pangochain.backend.ipfs.IpfsService    : Fetched 780 bytes from primary IPFS CID=QmdMbyBpoGFK1mURYDVGnjQ4AkNoJfnaBed6stWNVYy8rq
2026-07-31T21:05:05.223+06:00  INFO 577828 --- [pangochain-backend] [io-8080-exec-25] c.pangochain.backend.ipfs.IpfsService    : Fetched 780 bytes from primary IPFS CID=QmdMbyBpoGFK1mURYDVGnjQ4AkNoJfnaBed6stWNVYy8rq
2026-07-31T21:05:05.224+06:00  INFO 577828 --- [pangochain-backend] [io-8080-exec-47] c.pangochain.backend.ipfs.IpfsService    : Fetched 780 bytes from primary IPFS CID=QmdMbyBpoGFK1mURYDVGnjQ4AkNoJfnaBed6stWNVYy8rq
2026-07-31T21:05:05.226+06:00  INFO 577828 --- [pangochain-backend] [io-8080-exec-40] c.pangochain.backend.ipfs.IpfsService    : Fetched 780 bytes from primary IPFS CID=QmdMbyBpoGFK1mURYDVGnjQ4AkNoJfnaBed6stWNVYy8rq
2026-07-31T21:05:05.226+06:00  INFO 577828 --- [pangochain-backend] [nio-8080-exec-1] c.pangochain.backend.ipfs.IpfsService    : Fetched 780 bytes from primary IPFS CID=QmdMbyBpoGFK1mURYDVGnjQ4AkNoJfnaBed6stWNVYy8rq
2026-07-31T21:05:05.229+06:00  INFO 577828 --- [pangochain-backend] [io-8080-exec-28] c.pangochain.backend.ipfs.IpfsService    : Fetched 780 bytes from primary IPFS CID=QmdMbyBpoGFK1mURYDVGnjQ4AkNoJfnaBed6stWNVYy8rq
2026-07-31T21:05:05.231+06:00  INFO 577828 --- [pangochain-backend] [io-8080-exec-17] c.pangochain.backend.ipfs.IpfsService    : Fetched 780 bytes from primary IPFS CID=QmdMbyBpoGFK1mURYDVGnjQ4AkNoJfnaBed6stWNVYy8rq
2026-07-31T21:05:05.229+06:00  INFO 577828 --- [pangochain-backend] [io-8080-exec-31] c.pangochain.backend.ipfs.IpfsService    : Fetched 780 bytes from primary IPFS CID=QmdMbyBpoGFK1mURYDVGnjQ4AkNoJfnaBed6stWNVYy8rq
2026-07-31T21:05:05.235+06:00  INFO 577828 --- [pangochain-backend] [io-8080-exec-13] c.pangochain.backend.ipfs.IpfsService    : Fetched 780 bytes from primary IPFS CID=QmdMbyBpoGFK1mURYDVGnjQ4AkNoJfnaBed6stWNVYy8rq
2026-07-31T21:05:05.241+06:00  INFO 577828 --- [pangochain-backend] [io-8080-exec-23] c.pangochain.backend.ipfs.IpfsService    : Fetched 780 bytes from primary IPFS CID=QmdMbyBpoGFK1mURYDVGnjQ4AkNoJfnaBed6stWNVYy8rq
2026-07-31T21:05:05.246+06:00  INFO 577828 --- [pangochain-backend] [nio-8080-exec-4] c.pangochain.backend.ipfs.IpfsService    : Fetched 780 bytes from primary IPFS CID=QmdMbyBpoGFK1mURYDVGnjQ4AkNoJfnaBed6stWNVYy8rq
2026-07-31T21:05:05.248+06:00  INFO 577828 --- [pangochain-backend] [nio-8080-exec-7] c.pangochain.backend.ipfs.IpfsService    : Fetched 780 bytes from primary IPFS CID=QmdMbyBpoGFK1mURYDVGnjQ4AkNoJfnaBed6stWNVYy8rq
2026-07-31T21:05:05.257+06:00  INFO 577828 --- [pangochain-backend] [nio-8080-exec-9] c.pangochain.backend.ipfs.IpfsService    : Fetched 780 bytes from primary IPFS CID=QmdMbyBpoGFK1mURYDVGnjQ4AkNoJfnaBed6stWNVYy8rq
2026-07-31T21:05:05.259+06:00  INFO 577828 --- [pangochain-backend] [io-8080-exec-22] c.pangochain.backend.ipfs.IpfsService    : Fetched 780 bytes from primary IPFS CID=QmdMbyBpoGFK1mURYDVGnjQ4AkNoJfnaBed6stWNVYy8rq
2026-07-31T21:05:05.263+06:00  INFO 577828 --- [pangochain-backend] [io-8080-exec-46] c.pangochain.backend.ipfs.IpfsService    : Fetched 780 bytes from primary IPFS CID=QmdMbyBpoGFK1mURYDVGnjQ4AkNoJfnaBed6stWNVYy8rq
2026-07-31T21:05:05.269+06:00  INFO 577828 --- [pangochain-backend] [io-8080-exec-34] c.pangochain.backend.ipfs.IpfsService    : Fetched 780 bytes from primary IPFS CID=QmdMbyBpoGFK1mURYDVGnjQ4AkNoJfnaBed6stWNVYy8rq
2026-07-31T21:05:05.271+06:00  INFO 577828 --- [pangochain-backend] [io-8080-exec-36] c.pangochain.backend.ipfs.IpfsService    : Fetched 780 bytes from primary IPFS CID=QmdMbyBpoGFK1mURYDVGnjQ4AkNoJfnaBed6stWNVYy8rq
2026-07-31T21:05:05.274+06:00  INFO 577828 --- [pangochain-backend] [io-8080-exec-33] c.pangochain.backend.ipfs.IpfsService    : Fetched 780 bytes from primary IPFS CID=QmdMbyBpoGFK1mURYDVGnjQ4AkNoJfnaBed6stWNVYy8rq
2026-07-31T21:05:05.277+06:00  INFO 577828 --- [pangochain-backend] [io-8080-exec-11] c.pangochain.backend.ipfs.IpfsService    : Fetched 780 bytes from primary IPFS CID=QmdMbyBpoGFK1mURYDVGnjQ4AkNoJfnaBed6stWNVYy8rq
2026-07-31T21:05:05.280+06:00  INFO 577828 --- [pangochain-backend] [io-8080-exec-10] c.pangochain.backend.ipfs.IpfsService    : Fetched 780 bytes from primary IPFS CID=QmdMbyBpoGFK1mURYDVGnjQ4AkNoJfnaBed6stWNVYy8rq
2026-07-31T21:05:05.313+06:00  INFO 577828 --- [pangochain-backend] [io-8080-exec-29] c.pangochain.backend.ipfs.IpfsService    : Fetched 780 bytes from primary IPFS CID=QmdMbyBpoGFK1mURYDVGnjQ4AkNoJfnaBed6stWNVYy8rq
2026-07-31T21:05:05.314+06:00  INFO 577828 --- [pangochain-backend] [io-8080-exec-32] c.pangochain.backend.ipfs.IpfsService    : Fetched 780 bytes from primary IPFS CID=QmdMbyBpoGFK1mURYDVGnjQ4AkNoJfnaBed6stWNVYy8rq
2026-07-31T21:05:05.314+06:00  INFO 577828 --- [pangochain-backend] [io-8080-exec-39] c.pangochain.backend.ipfs.IpfsService    : Fetched 780 bytes from primary IPFS CID=QmdMbyBpoGFK1mURYDVGnjQ4AkNoJfnaBed6stWNVYy8rq
2026-07-31T21:05:05.314+06:00  INFO 577828 --- [pangochain-backend] [io-8080-exec-30] c.pangochain.backend.ipfs.IpfsService    : Fetched 780 bytes from primary IPFS CID=QmdMbyBpoGFK1mURYDVGnjQ4AkNoJfnaBed6stWNVYy8rq
2026-07-31T21:05:05.315+06:00  INFO 577828 --- [pangochain-backend] [io-8080-exec-42] c.pangochain.backend.ipfs.IpfsService    : Fetched 780 bytes from primary IPFS CID=QmdMbyBpoGFK1mURYDVGnjQ4AkNoJfnaBed6stWNVYy8rq
2026-07-31T21:05:05.316+06:00  INFO 577828 --- [pangochain-backend] [io-8080-exec-45] c.pangochain.backend.ipfs.IpfsService    : Fetched 780 bytes from primary IPFS CID=QmdMbyBpoGFK1mURYDVGnjQ4AkNoJfnaBed6stWNVYy8rq
2026-07-31T21:05:05.316+06:00  INFO 577828 --- [pangochain-backend] [io-8080-exec-44] c.pangochain.backend.ipfs.IpfsService    : Fetched 780 bytes from primary IPFS CID=QmdMbyBpoGFK1mURYDVGnjQ4AkNoJfnaBed6stWNVYy8rq
2026-07-31T21:05:05.316+06:00  INFO 577828 --- [pangochain-backend] [io-8080-exec-41] c.pangochain.backend.ipfs.IpfsService    : Fetched 780 bytes from primary IPFS CID=QmdMbyBpoGFK1mURYDVGnjQ4AkNoJfnaBed6stWNVYy8rq
2026-07-31T21:05:05.316+06:00  INFO 577828 --- [pangochain-backend] [io-8080-exec-51] c.pangochain.backend.ipfs.IpfsService    : Fetched 780 bytes from primary IPFS CID=QmdMbyBpoGFK1mURYDVGnjQ4AkNoJfnaBed6stWNVYy8rq
2026-07-31T21:05:05.317+06:00  INFO 577828 --- [pangochain-backend] [io-8080-exec-49] c.pangochain.backend.ipfs.IpfsService    : Fetched 780 bytes from primary IPFS CID=QmdMbyBpoGFK1mURYDVGnjQ4AkNoJfnaBed6stWNVYy8rq
2026-07-31T21:05:05.318+06:00  INFO 577828 --- [pangochain-backend] [nio-8080-exec-2] c.pangochain.backend.ipfs.IpfsService    : Fetched 780 bytes from primary IPFS CID=QmdMbyBpoGFK1mURYDVGnjQ4AkNoJfnaBed6stWNVYy8rq
2026-07-31T21:05:05.318+06:00  INFO 577828 --- [pangochain-backend] [nio-8080-exec-6] c.pangochain.backend.ipfs.IpfsService    : Fetched 780 bytes from primary IPFS CID=QmdMbyBpoGFK1mURYDVGnjQ4AkNoJfnaBed6stWNVYy8rq
2026-07-31T21:05:05.318+06:00  INFO 577828 --- [pangochain-backend] [io-8080-exec-27] c.pangochain.backend.ipfs.IpfsService    : Fetched 780 bytes from primary IPFS CID=QmdMbyBpoGFK1mURYDVGnjQ4AkNoJfnaBed6stWNVYy8rq
2026-07-31T21:05:05.318+06:00  INFO 577828 --- [pangochain-backend] [io-8080-exec-18] c.pangochain.backend.ipfs.IpfsService    : Fetched 780 bytes from primary IPFS CID=QmdMbyBpoGFK1mURYDVGnjQ4AkNoJfnaBed6stWNVYy8rq
2026-07-31T21:05:05.320+06:00  INFO 577828 --- [pangochain-backend] [io-8080-exec-50] c.pangochain.backend.ipfs.IpfsService    : Fetched 780 bytes from primary IPFS CID=QmdMbyBpoGFK1mURYDVGnjQ4AkNoJfnaBed6stWNVYy8rq
2026-07-31T21:05:05.320+06:00  INFO 577828 --- [pangochain-backend] [io-8080-exec-24] c.pangochain.backend.ipfs.IpfsService    : Fetched 780 bytes from primary IPFS CID=QmdMbyBpoGFK1mURYDVGnjQ4AkNoJfnaBed6stWNVYy8rq
2026-07-31T21:05:05.320+06:00  INFO 577828 --- [pangochain-backend] [io-8080-exec-38] c.pangochain.backend.ipfs.IpfsService    : Fetched 780 bytes from primary IPFS CID=QmdMbyBpoGFK1mURYDVGnjQ4AkNoJfnaBed6stWNVYy8rq
2026-07-31T21:05:05.322+06:00  INFO 577828 --- [pangochain-backend] [nio-8080-exec-3] c.pangochain.backend.ipfs.IpfsService    : Fetched 780 bytes from primary IPFS CID=QmdMbyBpoGFK1mURYDVGnjQ4AkNoJfnaBed6stWNVYy8rq
2026-07-31T21:05:05.322+06:00  INFO 577828 --- [pangochain-backend] [nio-8080-exec-8] c.pangochain.backend.ipfs.IpfsService    : Fetched 780 bytes from primary IPFS CID=QmdMbyBpoGFK1mURYDVGnjQ4AkNoJfnaBed6stWNVYy8rq
2026-07-31T21:05:05.323+06:00  INFO 577828 --- [pangochain-backend] [nio-8080-exec-5] c.pangochain.backend.ipfs.IpfsService    : Fetched 780 bytes from primary IPFS CID=QmdMbyBpoGFK1mURYDVGnjQ4AkNoJfnaBed6stWNVYy8rq
2026-07-31T21:05:05.325+06:00  INFO 577828 --- [pangochain-backend] [io-8080-exec-19] c.pangochain.backend.ipfs.IpfsService    : Fetched 780 bytes from primary IPFS CID=QmdMbyBpoGFK1mURYDVGnjQ4AkNoJfnaBed6stWNVYy8rq
2026-07-31T21:05:05.325+06:00  INFO 577828 --- [pangochain-backend] [io-8080-exec-21] c.pangochain.backend.ipfs.IpfsService    : Fetched 780 bytes from primary IPFS CID=QmdMbyBpoGFK1mURYDVGnjQ4AkNoJfnaBed6stWNVYy8rq
2026-07-31T21:05:05.327+06:00  INFO 577828 --- [pangochain-backend] [io-8080-exec-35] c.pangochain.backend.ipfs.IpfsService    : Fetched 780 bytes from primary IPFS CID=QmdMbyBpoGFK1mURYDVGnjQ4AkNoJfnaBed6stWNVYy8rq
2026-07-31T21:05:05.328+06:00  INFO 577828 --- [pangochain-backend] [io-8080-exec-26] c.pangochain.backend.ipfs.IpfsService    : Fetched 780 bytes from primary IPFS CID=QmdMbyBpoGFK1mURYDVGnjQ4AkNoJfnaBed6stWNVYy8rq
2026-07-31T21:05:05.328+06:00  INFO 577828 --- [pangochain-backend] [io-8080-exec-12] c.pangochain.backend.ipfs.IpfsService    : Fetched 780 bytes from primary IPFS CID=QmdMbyBpoGFK1mURYDVGnjQ4AkNoJfnaBed6stWNVYy8rq
2026-07-31T21:05:05.329+06:00  INFO 577828 --- [pangochain-backend] [io-8080-exec-15] c.pangochain.backend.ipfs.IpfsService    : Fetched 780 bytes from primary IPFS CID=QmdMbyBpoGFK1mURYDVGnjQ4AkNoJfnaBed6stWNVYy8rq
2026-07-31T21:05:05.333+06:00  INFO 577828 --- [pangochain-backend] [io-8080-exec-20] c.pangochain.backend.ipfs.IpfsService    : Fetched 780 bytes from primary IPFS CID=QmdMbyBpoGFK1mURYDVGnjQ4AkNoJfnaBed6stWNVYy8rq
2026-07-31T21:05:05.338+06:00  INFO 577828 --- [pangochain-backend] [io-8080-exec-48] c.pangochain.backend.ipfs.IpfsService    : Fetched 780 bytes from primary IPFS CID=QmdMbyBpoGFK1mURYDVGnjQ4AkNoJfnaBed6stWNVYy8rq
2026-07-31T21:05:05.338+06:00  INFO 577828 --- [pangochain-backend] [io-8080-exec-37] c.pangochain.backend.ipfs.IpfsService    : Fetched 780 bytes from primary IPFS CID=QmdMbyBpoGFK1mURYDVGnjQ4AkNoJfnaBed6stWNVYy8rq
2026-07-31T21:05:05.339+06:00  INFO 577828 --- [pangochain-backend] [io-8080-exec-14] c.pangochain.backend.ipfs.IpfsService    : Fetched 780 bytes from primary IPFS CID=QmdMbyBpoGFK1mURYDVGnjQ4AkNoJfnaBed6stWNVYy8rq
2026-07-31T21:05:05.339+06:00  INFO 577828 --- [pangochain-backend] [nio-8080-exec-3] c.pangochain.backend.ipfs.IpfsService    : Fetched 780 bytes from primary IPFS CID=QmdMbyBpoGFK1mURYDVGnjQ4AkNoJfnaBed6stWNVYy8rq
2026-07-31T21:05:05.340+06:00  INFO 577828 --- [pangochain-backend] [io-8080-exec-10] c.pangochain.backend.ipfs.IpfsService    : Fetched 780 bytes from primary IPFS CID=QmdMbyBpoGFK1mURYDVGnjQ4AkNoJfnaBed6stWNVYy8rq
2026-07-31T21:05:05.340+06:00  INFO 577828 --- [pangochain-backend] [io-8080-exec-42] c.pangochain.backend.ipfs.IpfsService    : Fetched 780 bytes from primary IPFS CID=QmdMbyBpoGFK1mURYDVGnjQ4AkNoJfnaBed6stWNVYy8rq
2026-07-31T21:05:05.341+06:00  INFO 577828 --- [pangochain-backend] [io-8080-exec-32] c.pangochain.backend.ipfs.IpfsService    : Fetched 780 bytes from primary IPFS CID=QmdMbyBpoGFK1mURYDVGnjQ4AkNoJfnaBed6stWNVYy8rq
2026-07-31T21:05:05.341+06:00  INFO 577828 --- [pangochain-backend] [io-8080-exec-49] c.pangochain.backend.ipfs.IpfsService    : Fetched 780 bytes from primary IPFS CID=QmdMbyBpoGFK1mURYDVGnjQ4AkNoJfnaBed6stWNVYy8rq
2026-07-31T21:05:05.343+06:00  INFO 577828 --- [pangochain-backend] [nio-8080-exec-1] c.pangochain.backend.ipfs.IpfsService    : Fetched 780 bytes from primary IPFS CID=QmdMbyBpoGFK1mURYDVGnjQ4AkNoJfnaBed6stWNVYy8rq
2026-07-31T21:05:05.346+06:00  INFO 577828 --- [pangochain-backend] [io-8080-exec-47] c.pangochain.backend.ipfs.IpfsService    : Fetched 780 bytes from primary IPFS CID=QmdMbyBpoGFK1mURYDVGnjQ4AkNoJfnaBed6stWNVYy8rq
2026-07-31T21:05:05.358+06:00  INFO 577828 --- [pangochain-backend] [nio-8080-exec-8] c.pangochain.backend.ipfs.IpfsService    : Fetched 780 bytes from primary IPFS CID=QmdMbyBpoGFK1mURYDVGnjQ4AkNoJfnaBed6stWNVYy8rq
2026-07-31T21:05:05.359+06:00  INFO 577828 --- [pangochain-backend] [io-8080-exec-45] c.pangochain.backend.ipfs.IpfsService    : Fetched 780 bytes from primary IPFS CID=QmdMbyBpoGFK1mURYDVGnjQ4AkNoJfnaBed6stWNVYy8rq
2026-07-31T21:05:05.359+06:00  INFO 577828 --- [pangochain-backend] [io-8080-exec-28] c.pangochain.backend.ipfs.IpfsService    : Fetched 780 bytes from primary IPFS CID=QmdMbyBpoGFK1mURYDVGnjQ4AkNoJfnaBed6stWNVYy8rq
2026-07-31T21:05:05.360+06:00  INFO 577828 --- [pangochain-backend] [io-8080-exec-40] c.pangochain.backend.ipfs.IpfsService    : Fetched 780 bytes from primary IPFS CID=QmdMbyBpoGFK1mURYDVGnjQ4AkNoJfnaBed6stWNVYy8rq
2026-07-31T21:05:05.361+06:00  INFO 577828 --- [pangochain-backend] [io-8080-exec-30] c.pangochain.backend.ipfs.IpfsService    : Fetched 780 bytes from primary IPFS CID=QmdMbyBpoGFK1mURYDVGnjQ4AkNoJfnaBed6stWNVYy8rq
2026-07-31T21:05:05.361+06:00  INFO 577828 --- [pangochain-backend] [io-8080-exec-24] c.pangochain.backend.ipfs.IpfsService    : Fetched 780 bytes from primary IPFS CID=QmdMbyBpoGFK1mURYDVGnjQ4AkNoJfnaBed6stWNVYy8rq
2026-07-31T21:05:05.361+06:00  INFO 577828 --- [pangochain-backend] [nio-8080-exec-5] c.pangochain.backend.ipfs.IpfsService    : Fetched 780 bytes from primary IPFS CID=QmdMbyBpoGFK1mURYDVGnjQ4AkNoJfnaBed6stWNVYy8rq
2026-07-31T21:05:05.363+06:00  INFO 577828 --- [pangochain-backend] [io-8080-exec-16] c.pangochain.backend.ipfs.IpfsService    : Fetched 780 bytes from primary IPFS CID=QmdMbyBpoGFK1mURYDVGnjQ4AkNoJfnaBed6stWNVYy8rq
2026-07-31T21:05:05.363+06:00  INFO 577828 --- [pangochain-backend] [io-8080-exec-27] c.pangochain.backend.ipfs.IpfsService    : Fetched 780 bytes from primary IPFS CID=QmdMbyBpoGFK1mURYDVGnjQ4AkNoJfnaBed6stWNVYy8rq
2026-07-31T21:05:05.363+06:00  INFO 577828 --- [pangochain-backend] [io-8080-exec-44] c.pangochain.backend.ipfs.IpfsService    : Fetched 780 bytes from primary IPFS CID=QmdMbyBpoGFK1mURYDVGnjQ4AkNoJfnaBed6stWNVYy8rq
2026-07-31T21:05:05.364+06:00  INFO 577828 --- [pangochain-backend] [io-8080-exec-26] c.pangochain.backend.ipfs.IpfsService    : Fetched 780 bytes from primary IPFS CID=QmdMbyBpoGFK1mURYDVGnjQ4AkNoJfnaBed6stWNVYy8rq
2026-07-31T21:05:05.368+06:00  INFO 577828 --- [pangochain-backend] [io-8080-exec-39] c.pangochain.backend.ipfs.IpfsService    : Fetched 780 bytes from primary IPFS CID=QmdMbyBpoGFK1mURYDVGnjQ4AkNoJfnaBed6stWNVYy8rq
2026-07-31T21:05:05.369+06:00  INFO 577828 --- [pangochain-backend] [io-8080-exec-25] c.pangochain.backend.ipfs.IpfsService    : Fetched 780 bytes from primary IPFS CID=QmdMbyBpoGFK1mURYDVGnjQ4AkNoJfnaBed6stWNVYy8rq
2026-07-31T21:05:05.370+06:00  INFO 577828 --- [pangochain-backend] [nio-8080-exec-7] c.pangochain.backend.ipfs.IpfsService    : Fetched 780 bytes from primary IPFS CID=QmdMbyBpoGFK1mURYDVGnjQ4AkNoJfnaBed6stWNVYy8rq
2026-07-31T21:05:05.370+06:00  INFO 577828 --- [pangochain-backend] [io-8080-exec-38] c.pangochain.backend.ipfs.IpfsService    : Fetched 780 bytes from primary IPFS CID=QmdMbyBpoGFK1mURYDVGnjQ4AkNoJfnaBed6stWNVYy8rq
2026-07-31T21:05:05.370+06:00  INFO 577828 --- [pangochain-backend] [io-8080-exec-43] c.pangochain.backend.ipfs.IpfsService    : Fetched 780 bytes from primary IPFS CID=QmdMbyBpoGFK1mURYDVGnjQ4AkNoJfnaBed6stWNVYy8rq
2026-07-31T21:05:05.373+06:00  INFO 577828 --- [pangochain-backend] [nio-8080-exec-6] c.pangochain.backend.ipfs.IpfsService    : Fetched 780 bytes from primary IPFS CID=QmdMbyBpoGFK1mURYDVGnjQ4AkNoJfnaBed6stWNVYy8rq
2026-07-31T21:05:05.373+06:00  INFO 577828 --- [pangochain-backend] [io-8080-exec-29] c.pangochain.backend.ipfs.IpfsService    : Fetched 780 bytes from primary IPFS CID=QmdMbyBpoGFK1mURYDVGnjQ4AkNoJfnaBed6stWNVYy8rq
2026-07-31T21:05:05.374+06:00  INFO 577828 --- [pangochain-backend] [io-8080-exec-32] c.pangochain.backend.ipfs.IpfsService    : Fetched 780 bytes from primary IPFS CID=QmdMbyBpoGFK1mURYDVGnjQ4AkNoJfnaBed6stWNVYy8rq
2026-07-31T21:05:05.374+06:00  INFO 577828 --- [pangochain-backend] [io-8080-exec-18] c.pangochain.backend.ipfs.IpfsService    : Fetched 780 bytes from primary IPFS CID=QmdMbyBpoGFK1mURYDVGnjQ4AkNoJfnaBed6stWNVYy8rq
2026-07-31T21:05:05.377+06:00  INFO 577828 --- [pangochain-backend] [io-8080-exec-31] c.pangochain.backend.ipfs.IpfsService    : Fetched 780 bytes from primary IPFS CID=QmdMbyBpoGFK1mURYDVGnjQ4AkNoJfnaBed6stWNVYy8rq
2026-07-31T21:05:05.377+06:00  INFO 577828 --- [pangochain-backend] [nio-8080-exec-2] c.pangochain.backend.ipfs.IpfsService    : Fetched 780 bytes from primary IPFS CID=QmdMbyBpoGFK1mURYDVGnjQ4AkNoJfnaBed6stWNVYy8rq
2026-07-31T21:05:05.379+06:00  INFO 577828 --- [pangochain-backend] [io-8080-exec-13] c.pangochain.backend.ipfs.IpfsService    : Fetched 780 bytes from primary IPFS CID=QmdMbyBpoGFK1mURYDVGnjQ4AkNoJfnaBed6stWNVYy8rq
2026-07-31T21:05:05.383+06:00  INFO 577828 --- [pangochain-backend] [io-8080-exec-20] c.pangochain.backend.ipfs.IpfsService    : Fetched 780 bytes from primary IPFS CID=QmdMbyBpoGFK1mURYDVGnjQ4AkNoJfnaBed6stWNVYy8rq
2026-07-31T21:05:05.385+06:00  INFO 577828 --- [pangochain-backend] [io-8080-exec-10] c.pangochain.backend.ipfs.IpfsService    : Fetched 780 bytes from primary IPFS CID=QmdMbyBpoGFK1mURYDVGnjQ4AkNoJfnaBed6stWNVYy8rq
2026-07-31T21:05:05.387+06:00  INFO 577828 --- [pangochain-backend] [io-8080-exec-37] c.pangochain.backend.ipfs.IpfsService    : Fetched 780 bytes from primary IPFS CID=QmdMbyBpoGFK1mURYDVGnjQ4AkNoJfnaBed6stWNVYy8rq
2026-07-31T21:05:05.387+06:00  INFO 577828 --- [pangochain-backend] [nio-8080-exec-6] c.pangochain.backend.ipfs.IpfsService    : Fetched 780 bytes from primary IPFS CID=QmdMbyBpoGFK1mURYDVGnjQ4AkNoJfnaBed6stWNVYy8rq
2026-07-31T21:05:05.388+06:00  INFO 577828 --- [pangochain-backend] [io-8080-exec-27] c.pangochain.backend.ipfs.IpfsService    : Fetched 780 bytes from primary IPFS CID=QmdMbyBpoGFK1mURYDVGnjQ4AkNoJfnaBed6stWNVYy8rq
2026-07-31T21:05:05.389+06:00  INFO 577828 --- [pangochain-backend] [io-8080-exec-15] c.pangochain.backend.ipfs.IpfsService    : Fetched 780 bytes from primary IPFS CID=QmdMbyBpoGFK1mURYDVGnjQ4AkNoJfnaBed6stWNVYy8rq
2026-07-31T21:05:05.389+06:00  INFO 577828 --- [pangochain-backend] [io-8080-exec-51] c.pangochain.backend.ipfs.IpfsService    : Fetched 780 bytes from primary IPFS CID=QmdMbyBpoGFK1mURYDVGnjQ4AkNoJfnaBed6stWNVYy8rq
2026-07-31T21:05:05.390+06:00  INFO 577828 --- [pangochain-backend] [nio-8080-exec-4] c.pangochain.backend.ipfs.IpfsService    : Fetched 780 bytes from primary IPFS CID=QmdMbyBpoGFK1mURYDVGnjQ4AkNoJfnaBed6stWNVYy8rq
2026-07-31T21:05:05.391+06:00  INFO 577828 --- [pangochain-backend] [io-8080-exec-45] c.pangochain.backend.ipfs.IpfsService    : Fetched 780 bytes from primary IPFS CID=QmdMbyBpoGFK1mURYDVGnjQ4AkNoJfnaBed6stWNVYy8rq
2026-07-31T21:05:05.392+06:00  INFO 577828 --- [pangochain-backend] [nio-8080-exec-3] c.pangochain.backend.ipfs.IpfsService    : Fetched 780 bytes from primary IPFS CID=QmdMbyBpoGFK1mURYDVGnjQ4AkNoJfnaBed6stWNVYy8rq
2026-07-31T21:05:05.391+06:00  INFO 577828 --- [pangochain-backend] [io-8080-exec-34] c.pangochain.backend.ipfs.IpfsService    : Fetched 780 bytes from primary IPFS CID=QmdMbyBpoGFK1mURYDVGnjQ4AkNoJfnaBed6stWNVYy8rq
2026-07-31T21:05:05.392+06:00  INFO 577828 --- [pangochain-backend] [io-8080-exec-41] c.pangochain.backend.ipfs.IpfsService    : Fetched 780 bytes from primary IPFS CID=QmdMbyBpoGFK1mURYDVGnjQ4AkNoJfnaBed6stWNVYy8rq
2026-07-31T21:05:05.393+06:00  INFO 577828 --- [pangochain-backend] [io-8080-exec-14] c.pangochain.backend.ipfs.IpfsService    : Fetched 780 bytes from primary IPFS CID=QmdMbyBpoGFK1mURYDVGnjQ4AkNoJfnaBed6stWNVYy8rq
2026-07-31T21:05:05.393+06:00  INFO 577828 --- [pangochain-backend] [io-8080-exec-46] c.pangochain.backend.ipfs.IpfsService    : Fetched 780 bytes from primary IPFS CID=QmdMbyBpoGFK1mURYDVGnjQ4AkNoJfnaBed6stWNVYy8rq
2026-07-31T21:05:05.394+06:00  INFO 577828 --- [pangochain-backend] [io-8080-exec-39] c.pangochain.backend.ipfs.IpfsService    : Fetched 780 bytes from primary IPFS CID=QmdMbyBpoGFK1mURYDVGnjQ4AkNoJfnaBed6stWNVYy8rq
2026-07-31T21:05:05.394+06:00  INFO 577828 --- [pangochain-backend] [io-8080-exec-35] c.pangochain.backend.ipfs.IpfsService    : Fetched 780 bytes from primary IPFS CID=QmdMbyBpoGFK1mURYDVGnjQ4AkNoJfnaBed6stWNVYy8rq
2026-07-31T21:05:05.395+06:00  INFO 577828 --- [pangochain-backend] [io-8080-exec-11] c.pangochain.backend.ipfs.IpfsService    : Fetched 780 bytes from primary IPFS CID=QmdMbyBpoGFK1mURYDVGnjQ4AkNoJfnaBed6stWNVYy8rq
2026-07-31T21:05:05.395+06:00  INFO 577828 --- [pangochain-backend] [nio-8080-exec-8] c.pangochain.backend.ipfs.IpfsService    : Fetched 780 bytes from primary IPFS CID=QmdMbyBpoGFK1mURYDVGnjQ4AkNoJfnaBed6stWNVYy8rq
2026-07-31T21:05:05.395+06:00  INFO 577828 --- [pangochain-backend] [io-8080-exec-42] c.pangochain.backend.ipfs.IpfsService    : Fetched 780 bytes from primary IPFS CID=QmdMbyBpoGFK1mURYDVGnjQ4AkNoJfnaBed6stWNVYy8rq
2026-07-31T21:05:05.395+06:00  INFO 577828 --- [pangochain-backend] [nio-8080-exec-9] c.pangochain.backend.ipfs.IpfsService    : Fetched 780 bytes from primary IPFS CID=QmdMbyBpoGFK1mURYDVGnjQ4AkNoJfnaBed6stWNVYy8rq
2026-07-31T21:05:05.396+06:00  INFO 577828 --- [pangochain-backend] [nio-8080-exec-1] c.pangochain.backend.ipfs.IpfsService    : Fetched 780 bytes from primary IPFS CID=QmdMbyBpoGFK1mURYDVGnjQ4AkNoJfnaBed6stWNVYy8rq
2026-07-31T21:05:05.396+06:00  INFO 577828 --- [pangochain-backend] [io-8080-exec-23] c.pangochain.backend.ipfs.IpfsService    : Fetched 780 bytes from primary IPFS CID=QmdMbyBpoGFK1mURYDVGnjQ4AkNoJfnaBed6stWNVYy8rq
2026-07-31T21:05:05.396+06:00  INFO 577828 --- [pangochain-backend] [io-8080-exec-12] c.pangochain.backend.ipfs.IpfsService    : Fetched 780 bytes from primary IPFS CID=QmdMbyBpoGFK1mURYDVGnjQ4AkNoJfnaBed6stWNVYy8rq
2026-07-31T21:05:05.395+06:00  INFO 577828 --- [pangochain-backend] [io-8080-exec-48] c.pangochain.backend.ipfs.IpfsService    : Fetched 780 bytes from primary IPFS CID=QmdMbyBpoGFK1mURYDVGnjQ4AkNoJfnaBed6stWNVYy8rq
2026-07-31T21:05:05.398+06:00  INFO 577828 --- [pangochain-backend] [io-8080-exec-28] c.pangochain.backend.ipfs.IpfsService    : Fetched 780 bytes from primary IPFS CID=QmdMbyBpoGFK1mURYDVGnjQ4AkNoJfnaBed6stWNVYy8rq
2026-07-31T21:05:05.399+06:00  INFO 577828 --- [pangochain-backend] [io-8080-exec-17] c.pangochain.backend.ipfs.IpfsService    : Fetched 780 bytes from primary IPFS CID=QmdMbyBpoGFK1mURYDVGnjQ4AkNoJfnaBed6stWNVYy8rq
2026-07-31T21:05:05.403+06:00  INFO 577828 --- [pangochain-backend] [nio-8080-exec-7] c.pangochain.backend.ipfs.IpfsService    : Fetched 780 bytes from primary IPFS CID=QmdMbyBpoGFK1mURYDVGnjQ4AkNoJfnaBed6stWNVYy8rq
2026-07-31T21:05:05.403+06:00  INFO 577828 --- [pangochain-backend] [io-8080-exec-22] c.pangochain.backend.ipfs.IpfsService    : Fetched 780 bytes from primary IPFS CID=QmdMbyBpoGFK1mURYDVGnjQ4AkNoJfnaBed6stWNVYy8rq
2026-07-31T21:05:05.405+06:00  INFO 577828 --- [pangochain-backend] [io-8080-exec-32] c.pangochain.backend.ipfs.IpfsService    : Fetched 780 bytes from primary IPFS CID=QmdMbyBpoGFK1mURYDVGnjQ4AkNoJfnaBed6stWNVYy8rq
2026-07-31T21:05:05.406+06:00  INFO 577828 --- [pangochain-backend] [io-8080-exec-36] c.pangochain.backend.ipfs.IpfsService    : Fetched 780 bytes from primary IPFS CID=QmdMbyBpoGFK1mURYDVGnjQ4AkNoJfnaBed6stWNVYy8rq
2026-07-31T21:05:05.408+06:00  INFO 577828 --- [pangochain-backend] [io-8080-exec-47] c.pangochain.backend.ipfs.IpfsService    : Fetched 780 bytes from primary IPFS CID=QmdMbyBpoGFK1mURYDVGnjQ4AkNoJfnaBed6stWNVYy8rq
2026-07-31T21:05:05.416+06:00  INFO 577828 --- [pangochain-backend] [io-8080-exec-23] c.pangochain.backend.ipfs.IpfsService    : Fetched 780 bytes from primary IPFS CID=QmdMbyBpoGFK1mURYDVGnjQ4AkNoJfnaBed6stWNVYy8rq
2026-07-31T21:05:05.417+06:00  INFO 577828 --- [pangochain-backend] [io-8080-exec-26] c.pangochain.backend.ipfs.IpfsService    : Fetched 780 bytes from primary IPFS CID=QmdMbyBpoGFK1mURYDVGnjQ4AkNoJfnaBed6stWNVYy8rq
2026-07-31T21:05:05.416+06:00  INFO 577828 --- [pangochain-backend] [io-8080-exec-21] c.pangochain.backend.ipfs.IpfsService    : Fetched 780 bytes from primary IPFS CID=QmdMbyBpoGFK1mURYDVGnjQ4AkNoJfnaBed6stWNVYy8rq
2026-07-31T21:05:05.420+06:00  INFO 577828 --- [pangochain-backend] [io-8080-exec-44] c.pangochain.backend.ipfs.IpfsService    : Fetched 780 bytes from primary IPFS CID=QmdMbyBpoGFK1mURYDVGnjQ4AkNoJfnaBed6stWNVYy8rq
2026-07-31T21:05:05.421+06:00  INFO 577828 --- [pangochain-backend] [io-8080-exec-45] c.pangochain.backend.ipfs.IpfsService    : Fetched 780 bytes from primary IPFS CID=QmdMbyBpoGFK1mURYDVGnjQ4AkNoJfnaBed6stWNVYy8rq
2026-07-31T21:05:05.422+06:00  INFO 577828 --- [pangochain-backend] [io-8080-exec-37] c.pangochain.backend.ipfs.IpfsService    : Fetched 780 bytes from primary IPFS CID=QmdMbyBpoGFK1mURYDVGnjQ4AkNoJfnaBed6stWNVYy8rq
2026-07-31T21:05:05.422+06:00  INFO 577828 --- [pangochain-backend] [io-8080-exec-13] c.pangochain.backend.ipfs.IpfsService    : Fetched 780 bytes from primary IPFS CID=QmdMbyBpoGFK1mURYDVGnjQ4AkNoJfnaBed6stWNVYy8rq
2026-07-31T21:05:05.422+06:00  INFO 577828 --- [pangochain-backend] [io-8080-exec-18] c.pangochain.backend.ipfs.IpfsService    : Fetched 780 bytes from primary IPFS CID=QmdMbyBpoGFK1mURYDVGnjQ4AkNoJfnaBed6stWNVYy8rq
2026-07-31T21:05:05.425+06:00  INFO 577828 --- [pangochain-backend] [io-8080-exec-50] c.pangochain.backend.ipfs.IpfsService    : Fetched 780 bytes from primary IPFS CID=QmdMbyBpoGFK1mURYDVGnjQ4AkNoJfnaBed6stWNVYy8rq
2026-07-31T21:05:05.426+06:00  INFO 577828 --- [pangochain-backend] [io-8080-exec-34] c.pangochain.backend.ipfs.IpfsService    : Fetched 780 bytes from primary IPFS CID=QmdMbyBpoGFK1mURYDVGnjQ4AkNoJfnaBed6stWNVYy8rq
2026-07-31T21:05:05.428+06:00  INFO 577828 --- [pangochain-backend] [io-8080-exec-10] c.pangochain.backend.ipfs.IpfsService    : Fetched 780 bytes from primary IPFS CID=QmdMbyBpoGFK1mURYDVGnjQ4AkNoJfnaBed6stWNVYy8rq
2026-07-31T21:05:05.428+06:00  INFO 577828 --- [pangochain-backend] [io-8080-exec-49] c.pangochain.backend.ipfs.IpfsService    : Fetched 780 bytes from primary IPFS CID=QmdMbyBpoGFK1mURYDVGnjQ4AkNoJfnaBed6stWNVYy8rq
2026-07-31T21:05:05.430+06:00  INFO 577828 --- [pangochain-backend] [io-8080-exec-16] c.pangochain.backend.ipfs.IpfsService    : Fetched 780 bytes from primary IPFS CID=QmdMbyBpoGFK1mURYDVGnjQ4AkNoJfnaBed6stWNVYy8rq
2026-07-31T21:05:05.433+06:00  INFO 577828 --- [pangochain-backend] [io-8080-exec-33] c.pangochain.backend.ipfs.IpfsService    : Fetched 780 bytes from primary IPFS CID=QmdMbyBpoGFK1mURYDVGnjQ4AkNoJfnaBed6stWNVYy8rq
2026-07-31T21:05:05.454+06:00  INFO 577828 --- [pangochain-backend] [io-8080-exec-24] c.pangochain.backend.ipfs.IpfsService    : Fetched 780 bytes from primary IPFS CID=QmdMbyBpoGFK1mURYDVGnjQ4AkNoJfnaBed6stWNVYy8rq
2026-07-31T21:05:05.453+06:00  INFO 577828 --- [pangochain-backend] [io-8080-exec-25] c.pangochain.backend.ipfs.IpfsService    : Fetched 780 bytes from primary IPFS CID=QmdMbyBpoGFK1mURYDVGnjQ4AkNoJfnaBed6stWNVYy8rq
2026-07-31T21:05:05.456+06:00  INFO 577828 --- [pangochain-backend] [nio-8080-exec-2] c.pangochain.backend.ipfs.IpfsService    : Fetched 780 bytes from primary IPFS CID=QmdMbyBpoGFK1mURYDVGnjQ4AkNoJfnaBed6stWNVYy8rq
2026-07-31T21:05:05.462+06:00  INFO 577828 --- [pangochain-backend] [io-8080-exec-12] c.pangochain.backend.ipfs.IpfsService    : Fetched 780 bytes from primary IPFS CID=QmdMbyBpoGFK1mURYDVGnjQ4AkNoJfnaBed6stWNVYy8rq
2026-07-31T21:05:05.457+06:00  INFO 577828 --- [pangochain-backend] [io-8080-exec-41] c.pangochain.backend.ipfs.IpfsService    : Fetched 780 bytes from primary IPFS CID=QmdMbyBpoGFK1mURYDVGnjQ4AkNoJfnaBed6stWNVYy8rq
2026-07-31T21:05:05.464+06:00  INFO 577828 --- [pangochain-backend] [io-8080-exec-30] c.pangochain.backend.ipfs.IpfsService    : Fetched 780 bytes from primary IPFS CID=QmdMbyBpoGFK1mURYDVGnjQ4AkNoJfnaBed6stWNVYy8rq
2026-07-31T21:05:05.491+06:00  INFO 577828 --- [pangochain-backend] [io-8080-exec-14] c.pangochain.backend.ipfs.IpfsService    : Fetched 780 bytes from primary IPFS CID=QmdMbyBpoGFK1mURYDVGnjQ4AkNoJfnaBed6stWNVYy8rq
2026-07-31T21:05:05.513+06:00  INFO 577828 --- [pangochain-backend] [io-8080-exec-22] c.pangochain.backend.ipfs.IpfsService    : Fetched 780 bytes from primary IPFS CID=QmdMbyBpoGFK1mURYDVGnjQ4AkNoJfnaBed6stWNVYy8rq
2026-07-31T21:05:05.526+06:00  INFO 577828 --- [pangochain-backend] [nio-8080-exec-3] c.pangochain.backend.ipfs.IpfsService    : Fetched 780 bytes from primary IPFS CID=QmdMbyBpoGFK1mURYDVGnjQ4AkNoJfnaBed6stWNVYy8rq
2026-07-31T21:05:05.539+06:00  INFO 577828 --- [pangochain-backend] [io-8080-exec-35] c.pangochain.backend.ipfs.IpfsService    : Fetched 780 bytes from primary IPFS CID=QmdMbyBpoGFK1mURYDVGnjQ4AkNoJfnaBed6stWNVYy8rq
2026-07-31T21:05:05.544+06:00  INFO 577828 --- [pangochain-backend] [io-8080-exec-42] c.pangochain.backend.ipfs.IpfsService    : Fetched 780 bytes from primary IPFS CID=QmdMbyBpoGFK1mURYDVGnjQ4AkNoJfnaBed6stWNVYy8rq
2026-07-31T21:05:05.547+06:00  INFO 577828 --- [pangochain-backend] [io-8080-exec-20] c.pangochain.backend.ipfs.IpfsService    : Fetched 780 bytes from primary IPFS CID=QmdMbyBpoGFK1mURYDVGnjQ4AkNoJfnaBed6stWNVYy8rq
2026-07-31T21:05:05.551+06:00  INFO 577828 --- [pangochain-backend] [io-8080-exec-46] c.pangochain.backend.ipfs.IpfsService    : Fetched 780 bytes from primary IPFS CID=QmdMbyBpoGFK1mURYDVGnjQ4AkNoJfnaBed6stWNVYy8rq
2026-07-31T21:05:05.552+06:00  INFO 577828 --- [pangochain-backend] [io-8080-exec-38] c.pangochain.backend.ipfs.IpfsService    : Fetched 780 bytes from primary IPFS CID=QmdMbyBpoGFK1mURYDVGnjQ4AkNoJfnaBed6stWNVYy8rq
2026-07-31T21:05:05.554+06:00  INFO 577828 --- [pangochain-backend] [io-8080-exec-39] c.pangochain.backend.ipfs.IpfsService    : Fetched 780 bytes from primary IPFS CID=QmdMbyBpoGFK1mURYDVGnjQ4AkNoJfnaBed6stWNVYy8rq
2026-07-31T21:05:05.554+06:00  INFO 577828 --- [pangochain-backend] [nio-8080-exec-6] c.pangochain.backend.ipfs.IpfsService    : Fetched 780 bytes from primary IPFS CID=QmdMbyBpoGFK1mURYDVGnjQ4AkNoJfnaBed6stWNVYy8rq
2026-07-31T21:05:05.554+06:00  INFO 577828 --- [pangochain-backend] [io-8080-exec-19] c.pangochain.backend.ipfs.IpfsService    : Fetched 780 bytes from primary IPFS CID=QmdMbyBpoGFK1mURYDVGnjQ4AkNoJfnaBed6stWNVYy8rq
2026-07-31T21:05:05.554+06:00  INFO 577828 --- [pangochain-backend] [io-8080-exec-27] c.pangochain.backend.ipfs.IpfsService    : Fetched 780 bytes from primary IPFS CID=QmdMbyBpoGFK1mURYDVGnjQ4AkNoJfnaBed6stWNVYy8rq
2026-07-31T21:05:05.555+06:00  INFO 577828 --- [pangochain-backend] [io-8080-exec-32] c.pangochain.backend.ipfs.IpfsService    : Fetched 780 bytes from primary IPFS CID=QmdMbyBpoGFK1mURYDVGnjQ4AkNoJfnaBed6stWNVYy8rq
2026-07-31T21:05:05.555+06:00  INFO 577828 --- [pangochain-backend] [nio-8080-exec-8] c.pangochain.backend.ipfs.IpfsService    : Fetched 780 bytes from primary IPFS CID=QmdMbyBpoGFK1mURYDVGnjQ4AkNoJfnaBed6stWNVYy8rq
2026-07-31T21:05:05.557+06:00  INFO 577828 --- [pangochain-backend] [io-8080-exec-36] c.pangochain.backend.ipfs.IpfsService    : Fetched 780 bytes from primary IPFS CID=QmdMbyBpoGFK1mURYDVGnjQ4AkNoJfnaBed6stWNVYy8rq
2026-07-31T21:05:05.557+06:00  INFO 577828 --- [pangochain-backend] [io-8080-exec-43] c.pangochain.backend.ipfs.IpfsService    : Fetched 780 bytes from primary IPFS CID=QmdMbyBpoGFK1mURYDVGnjQ4AkNoJfnaBed6stWNVYy8rq
2026-07-31T21:05:05.557+06:00  INFO 577828 --- [pangochain-backend] [io-8080-exec-40] c.pangochain.backend.ipfs.IpfsService    : Fetched 780 bytes from primary IPFS CID=QmdMbyBpoGFK1mURYDVGnjQ4AkNoJfnaBed6stWNVYy8rq
2026-07-31T21:05:05.558+06:00  INFO 577828 --- [pangochain-backend] [io-8080-exec-13] c.pangochain.backend.ipfs.IpfsService    : Fetched 780 bytes from primary IPFS CID=QmdMbyBpoGFK1mURYDVGnjQ4AkNoJfnaBed6stWNVYy8rq
2026-07-31T21:05:05.558+06:00  INFO 577828 --- [pangochain-backend] [nio-8080-exec-1] c.pangochain.backend.ipfs.IpfsService    : Fetched 780 bytes from primary IPFS CID=QmdMbyBpoGFK1mURYDVGnjQ4AkNoJfnaBed6stWNVYy8rq
2026-07-31T21:05:05.558+06:00  INFO 577828 --- [pangochain-backend] [nio-8080-exec-5] c.pangochain.backend.ipfs.IpfsService    : Fetched 780 bytes from primary IPFS CID=QmdMbyBpoGFK1mURYDVGnjQ4AkNoJfnaBed6stWNVYy8rq
2026-07-31T21:05:05.559+06:00  INFO 577828 --- [pangochain-backend] [io-8080-exec-45] c.pangochain.backend.ipfs.IpfsService    : Fetched 780 bytes from primary IPFS CID=QmdMbyBpoGFK1mURYDVGnjQ4AkNoJfnaBed6stWNVYy8rq
2026-07-31T21:05:05.561+06:00  INFO 577828 --- [pangochain-backend] [io-8080-exec-33] c.pangochain.backend.ipfs.IpfsService    : Fetched 780 bytes from primary IPFS CID=QmdMbyBpoGFK1mURYDVGnjQ4AkNoJfnaBed6stWNVYy8rq
2026-07-31T21:05:05.561+06:00  INFO 577828 --- [pangochain-backend] [io-8080-exec-16] c.pangochain.backend.ipfs.IpfsService    : Fetched 780 bytes from primary IPFS CID=QmdMbyBpoGFK1mURYDVGnjQ4AkNoJfnaBed6stWNVYy8rq
2026-07-31T21:05:05.564+06:00  INFO 577828 --- [pangochain-backend] [io-8080-exec-44] c.pangochain.backend.ipfs.IpfsService    : Fetched 780 bytes from primary IPFS CID=QmdMbyBpoGFK1mURYDVGnjQ4AkNoJfnaBed6stWNVYy8rq
2026-07-31T21:05:05.564+06:00  INFO 577828 --- [pangochain-backend] [io-8080-exec-51] c.pangochain.backend.ipfs.IpfsService    : Fetched 780 bytes from primary IPFS CID=QmdMbyBpoGFK1mURYDVGnjQ4AkNoJfnaBed6stWNVYy8rq
2026-07-31T21:05:05.564+06:00  INFO 577828 --- [pangochain-backend] [io-8080-exec-11] c.pangochain.backend.ipfs.IpfsService    : Fetched 780 bytes from primary IPFS CID=QmdMbyBpoGFK1mURYDVGnjQ4AkNoJfnaBed6stWNVYy8rq
2026-07-31T21:05:05.567+06:00  INFO 577828 --- [pangochain-backend] [nio-8080-exec-4] c.pangochain.backend.ipfs.IpfsService    : Fetched 780 bytes from primary IPFS CID=QmdMbyBpoGFK1mURYDVGnjQ4AkNoJfnaBed6stWNVYy8rq
2026-07-31T21:05:05.568+06:00  INFO 577828 --- [pangochain-backend] [io-8080-exec-29] c.pangochain.backend.ipfs.IpfsService    : Fetched 780 bytes from primary IPFS CID=QmdMbyBpoGFK1mURYDVGnjQ4AkNoJfnaBed6stWNVYy8rq
2026-07-31T21:05:05.569+06:00  INFO 577828 --- [pangochain-backend] [io-8080-exec-27] c.pangochain.backend.ipfs.IpfsService    : Fetched 780 bytes from primary IPFS CID=QmdMbyBpoGFK1mURYDVGnjQ4AkNoJfnaBed6stWNVYy8rq
2026-07-31T21:05:05.569+06:00  INFO 577828 --- [pangochain-backend] [io-8080-exec-12] c.pangochain.backend.ipfs.IpfsService    : Fetched 780 bytes from primary IPFS CID=QmdMbyBpoGFK1mURYDVGnjQ4AkNoJfnaBed6stWNVYy8rq
2026-07-31T21:05:05.569+06:00  INFO 577828 --- [pangochain-backend] [nio-8080-exec-9] c.pangochain.backend.ipfs.IpfsService    : Fetched 780 bytes from primary IPFS CID=QmdMbyBpoGFK1mURYDVGnjQ4AkNoJfnaBed6stWNVYy8rq
2026-07-31T21:05:05.571+06:00  INFO 577828 --- [pangochain-backend] [io-8080-exec-26] c.pangochain.backend.ipfs.IpfsService    : Fetched 780 bytes from primary IPFS CID=QmdMbyBpoGFK1mURYDVGnjQ4AkNoJfnaBed6stWNVYy8rq
2026-07-31T21:05:05.571+06:00  INFO 577828 --- [pangochain-backend] [io-8080-exec-15] c.pangochain.backend.ipfs.IpfsService    : Fetched 780 bytes from primary IPFS CID=QmdMbyBpoGFK1mURYDVGnjQ4AkNoJfnaBed6stWNVYy8rq
2026-07-31T21:05:05.571+06:00  INFO 577828 --- [pangochain-backend] [io-8080-exec-10] c.pangochain.backend.ipfs.IpfsService    : Fetched 780 bytes from primary IPFS CID=QmdMbyBpoGFK1mURYDVGnjQ4AkNoJfnaBed6stWNVYy8rq
2026-07-31T21:05:05.572+06:00  INFO 577828 --- [pangochain-backend] [io-8080-exec-37] c.pangochain.backend.ipfs.IpfsService    : Fetched 780 bytes from primary IPFS CID=QmdMbyBpoGFK1mURYDVGnjQ4AkNoJfnaBed6stWNVYy8rq
2026-07-31T21:05:05.572+06:00  INFO 577828 --- [pangochain-backend] [io-8080-exec-41] c.pangochain.backend.ipfs.IpfsService    : Fetched 780 bytes from primary IPFS CID=QmdMbyBpoGFK1mURYDVGnjQ4AkNoJfnaBed6stWNVYy8rq
2026-07-31T21:05:05.572+06:00  INFO 577828 --- [pangochain-backend] [io-8080-exec-47] c.pangochain.backend.ipfs.IpfsService    : Fetched 780 bytes from primary IPFS CID=QmdMbyBpoGFK1mURYDVGnjQ4AkNoJfnaBed6stWNVYy8rq
2026-07-31T21:05:05.573+06:00  INFO 577828 --- [pangochain-backend] [io-8080-exec-38] c.pangochain.backend.ipfs.IpfsService    : Fetched 780 bytes from primary IPFS CID=QmdMbyBpoGFK1mURYDVGnjQ4AkNoJfnaBed6stWNVYy8rq
2026-07-31T21:05:05.574+06:00  INFO 577828 --- [pangochain-backend] [io-8080-exec-21] c.pangochain.backend.ipfs.IpfsService    : Fetched 780 bytes from primary IPFS CID=QmdMbyBpoGFK1mURYDVGnjQ4AkNoJfnaBed6stWNVYy8rq
2026-07-31T21:05:05.575+06:00  INFO 577828 --- [pangochain-backend] [io-8080-exec-48] c.pangochain.backend.ipfs.IpfsService    : Fetched 780 bytes from primary IPFS CID=QmdMbyBpoGFK1mURYDVGnjQ4AkNoJfnaBed6stWNVYy8rq
2026-07-31T21:05:05.575+06:00  INFO 577828 --- [pangochain-backend] [nio-8080-exec-2] c.pangochain.backend.ipfs.IpfsService    : Fetched 780 bytes from primary IPFS CID=QmdMbyBpoGFK1mURYDVGnjQ4AkNoJfnaBed6stWNVYy8rq
2026-07-31T21:05:05.575+06:00  INFO 577828 --- [pangochain-backend] [nio-8080-exec-7] c.pangochain.backend.ipfs.IpfsService    : Fetched 780 bytes from primary IPFS CID=QmdMbyBpoGFK1mURYDVGnjQ4AkNoJfnaBed6stWNVYy8rq
2026-07-31T21:05:05.576+06:00  INFO 577828 --- [pangochain-backend] [nio-8080-exec-8] c.pangochain.backend.ipfs.IpfsService    : Fetched 780 bytes from primary IPFS CID=QmdMbyBpoGFK1mURYDVGnjQ4AkNoJfnaBed6stWNVYy8rq
2026-07-31T21:05:05.577+06:00  INFO 577828 --- [pangochain-backend] [io-8080-exec-28] c.pangochain.backend.ipfs.IpfsService    : Fetched 780 bytes from primary IPFS CID=QmdMbyBpoGFK1mURYDVGnjQ4AkNoJfnaBed6stWNVYy8rq
2026-07-31T21:05:05.578+06:00  INFO 577828 --- [pangochain-backend] [io-8080-exec-49] c.pangochain.backend.ipfs.IpfsService    : Fetched 780 bytes from primary IPFS CID=QmdMbyBpoGFK1mURYDVGnjQ4AkNoJfnaBed6stWNVYy8rq
2026-07-31T21:05:05.579+06:00  INFO 577828 --- [pangochain-backend] [io-8080-exec-20] c.pangochain.backend.ipfs.IpfsService    : Fetched 780 bytes from primary IPFS CID=QmdMbyBpoGFK1mURYDVGnjQ4AkNoJfnaBed6stWNVYy8rq
2026-07-31T21:05:05.580+06:00  INFO 577828 --- [pangochain-backend] [io-8080-exec-23] c.pangochain.backend.ipfs.IpfsService    : Fetched 780 bytes from primary IPFS CID=QmdMbyBpoGFK1mURYDVGnjQ4AkNoJfnaBed6stWNVYy8rq
2026-07-31T21:05:05.581+06:00  INFO 577828 --- [pangochain-backend] [io-8080-exec-31] c.pangochain.backend.ipfs.IpfsService    : Fetched 780 bytes from primary IPFS CID=QmdMbyBpoGFK1mURYDVGnjQ4AkNoJfnaBed6stWNVYy8rq
2026-07-31T21:05:05.581+06:00  INFO 577828 --- [pangochain-backend] [io-8080-exec-25] c.pangochain.backend.ipfs.IpfsService    : Fetched 780 bytes from primary IPFS CID=QmdMbyBpoGFK1mURYDVGnjQ4AkNoJfnaBed6stWNVYy8rq
2026-07-31T21:05:05.582+06:00  INFO 577828 --- [pangochain-backend] [io-8080-exec-50] c.pangochain.backend.ipfs.IpfsService    : Fetched 780 bytes from primary IPFS CID=QmdMbyBpoGFK1mURYDVGnjQ4AkNoJfnaBed6stWNVYy8rq
2026-07-31T21:05:05.582+06:00  INFO 577828 --- [pangochain-backend] [io-8080-exec-18] c.pangochain.backend.ipfs.IpfsService    : Fetched 780 bytes from primary IPFS CID=QmdMbyBpoGFK1mURYDVGnjQ4AkNoJfnaBed6stWNVYy8rq
2026-07-31T21:05:05.583+06:00  INFO 577828 --- [pangochain-backend] [io-8080-exec-24] c.pangochain.backend.ipfs.IpfsService    : Fetched 780 bytes from primary IPFS CID=QmdMbyBpoGFK1mURYDVGnjQ4AkNoJfnaBed6stWNVYy8rq
2026-07-31T21:05:05.585+06:00  INFO 577828 --- [pangochain-backend] [nio-8080-exec-4] c.pangochain.backend.ipfs.IpfsService    : Fetched 780 bytes from primary IPFS CID=QmdMbyBpoGFK1mURYDVGnjQ4AkNoJfnaBed6stWNVYy8rq
2026-07-31T21:05:05.585+06:00  INFO 577828 --- [pangochain-backend] [io-8080-exec-14] c.pangochain.backend.ipfs.IpfsService    : Fetched 780 bytes from primary IPFS CID=QmdMbyBpoGFK1mURYDVGnjQ4AkNoJfnaBed6stWNVYy8rq
2026-07-31T21:05:05.587+06:00  INFO 577828 --- [pangochain-backend] [io-8080-exec-39] c.pangochain.backend.ipfs.IpfsService    : Fetched 780 bytes from primary IPFS CID=QmdMbyBpoGFK1mURYDVGnjQ4AkNoJfnaBed6stWNVYy8rq
2026-07-31T21:05:05.590+06:00  INFO 577828 --- [pangochain-backend] [io-8080-exec-17] c.pangochain.backend.ipfs.IpfsService    : Fetched 780 bytes from primary IPFS CID=QmdMbyBpoGFK1mURYDVGnjQ4AkNoJfnaBed6stWNVYy8rq
2026-07-31T21:05:05.590+06:00  INFO 577828 --- [pangochain-backend] [io-8080-exec-34] c.pangochain.backend.ipfs.IpfsService    : Fetched 780 bytes from primary IPFS CID=QmdMbyBpoGFK1mURYDVGnjQ4AkNoJfnaBed6stWNVYy8rq
2026-07-31T21:05:05.591+06:00  INFO 577828 --- [pangochain-backend] [io-8080-exec-19] c.pangochain.backend.ipfs.IpfsService    : Fetched 780 bytes from primary IPFS CID=QmdMbyBpoGFK1mURYDVGnjQ4AkNoJfnaBed6stWNVYy8rq
2026-07-31T21:05:05.592+06:00  INFO 577828 --- [pangochain-backend] [io-8080-exec-21] c.pangochain.backend.ipfs.IpfsService    : Fetched 780 bytes from primary IPFS CID=QmdMbyBpoGFK1mURYDVGnjQ4AkNoJfnaBed6stWNVYy8rq
2026-07-31T21:05:05.593+06:00  INFO 577828 --- [pangochain-backend] [io-8080-exec-30] c.pangochain.backend.ipfs.IpfsService    : Fetched 780 bytes from primary IPFS CID=QmdMbyBpoGFK1mURYDVGnjQ4AkNoJfnaBed6stWNVYy8rq
2026-07-31T21:05:05.593+06:00  INFO 577828 --- [pangochain-backend] [io-8080-exec-48] c.pangochain.backend.ipfs.IpfsService    : Fetched 780 bytes from primary IPFS CID=QmdMbyBpoGFK1mURYDVGnjQ4AkNoJfnaBed6stWNVYy8rq
2026-07-31T21:05:05.593+06:00  INFO 577828 --- [pangochain-backend] [io-8080-exec-41] c.pangochain.backend.ipfs.IpfsService    : Fetched 780 bytes from primary IPFS CID=QmdMbyBpoGFK1mURYDVGnjQ4AkNoJfnaBed6stWNVYy8rq
2026-07-31T21:05:05.594+06:00  INFO 577828 --- [pangochain-backend] [nio-8080-exec-2] c.pangochain.backend.ipfs.IpfsService    : Fetched 780 bytes from primary IPFS CID=QmdMbyBpoGFK1mURYDVGnjQ4AkNoJfnaBed6stWNVYy8rq
2026-07-31T21:05:05.594+06:00  INFO 577828 --- [pangochain-backend] [io-8080-exec-16] c.pangochain.backend.ipfs.IpfsService    : Fetched 780 bytes from primary IPFS CID=QmdMbyBpoGFK1mURYDVGnjQ4AkNoJfnaBed6stWNVYy8rq
2026-07-31T21:05:05.594+06:00  INFO 577828 --- [pangochain-backend] [io-8080-exec-37] c.pangochain.backend.ipfs.IpfsService    : Fetched 780 bytes from primary IPFS CID=QmdMbyBpoGFK1mURYDVGnjQ4AkNoJfnaBed6stWNVYy8rq
2026-07-31T21:05:05.595+06:00  INFO 577828 --- [pangochain-backend] [io-8080-exec-29] c.pangochain.backend.ipfs.IpfsService    : Fetched 780 bytes from primary IPFS CID=QmdMbyBpoGFK1mURYDVGnjQ4AkNoJfnaBed6stWNVYy8rq
2026-07-31T21:05:05.596+06:00  INFO 577828 --- [pangochain-backend] [nio-8080-exec-6] c.pangochain.backend.ipfs.IpfsService    : Fetched 780 bytes from primary IPFS CID=QmdMbyBpoGFK1mURYDVGnjQ4AkNoJfnaBed6stWNVYy8rq
2026-07-31T21:05:05.596+06:00  INFO 577828 --- [pangochain-backend] [io-8080-exec-27] c.pangochain.backend.ipfs.IpfsService    : Fetched 780 bytes from primary IPFS CID=QmdMbyBpoGFK1mURYDVGnjQ4AkNoJfnaBed6stWNVYy8rq
2026-07-31T21:05:05.596+06:00  INFO 577828 --- [pangochain-backend] [io-8080-exec-32] c.pangochain.backend.ipfs.IpfsService    : Fetched 780 bytes from primary IPFS CID=QmdMbyBpoGFK1mURYDVGnjQ4AkNoJfnaBed6stWNVYy8rq
2026-07-31T21:05:05.596+06:00  INFO 577828 --- [pangochain-backend] [io-8080-exec-15] c.pangochain.backend.ipfs.IpfsService    : Fetched 780 bytes from primary IPFS CID=QmdMbyBpoGFK1mURYDVGnjQ4AkNoJfnaBed6stWNVYy8rq
2026-07-31T21:05:05.597+06:00  INFO 577828 --- [pangochain-backend] [io-8080-exec-22] c.pangochain.backend.ipfs.IpfsService    : Fetched 780 bytes from primary IPFS CID=QmdMbyBpoGFK1mURYDVGnjQ4AkNoJfnaBed6stWNVYy8rq
2026-07-31T21:05:05.601+06:00  INFO 577828 --- [pangochain-backend] [nio-8080-exec-7] c.pangochain.backend.ipfs.IpfsService    : Fetched 780 bytes from primary IPFS CID=QmdMbyBpoGFK1mURYDVGnjQ4AkNoJfnaBed6stWNVYy8rq
2026-07-31T21:05:05.603+06:00  INFO 577828 --- [pangochain-backend] [nio-8080-exec-3] c.pangochain.backend.ipfs.IpfsService    : Fetched 780 bytes from primary IPFS CID=QmdMbyBpoGFK1mURYDVGnjQ4AkNoJfnaBed6stWNVYy8rq
2026-07-31T21:05:05.603+06:00  INFO 577828 --- [pangochain-backend] [io-8080-exec-24] c.pangochain.backend.ipfs.IpfsService    : Fetched 780 bytes from primary IPFS CID=QmdMbyBpoGFK1mURYDVGnjQ4AkNoJfnaBed6stWNVYy8rq
2026-07-31T21:05:05.605+06:00  INFO 577828 --- [pangochain-backend] [io-8080-exec-12] c.pangochain.backend.ipfs.IpfsService    : Fetched 780 bytes from primary IPFS CID=QmdMbyBpoGFK1mURYDVGnjQ4AkNoJfnaBed6stWNVYy8rq
2026-07-31T21:05:05.605+06:00  INFO 577828 --- [pangochain-backend] [io-8080-exec-46] c.pangochain.backend.ipfs.IpfsService    : Fetched 780 bytes from primary IPFS CID=QmdMbyBpoGFK1mURYDVGnjQ4AkNoJfnaBed6stWNVYy8rq
2026-07-31T21:05:05.610+06:00  INFO 577828 --- [pangochain-backend] [io-8080-exec-17] c.pangochain.backend.ipfs.IpfsService    : Fetched 780 bytes from primary IPFS CID=QmdMbyBpoGFK1mURYDVGnjQ4AkNoJfnaBed6stWNVYy8rq
2026-07-31T21:05:05.614+06:00  INFO 577828 --- [pangochain-backend] [io-8080-exec-34] c.pangochain.backend.ipfs.IpfsService    : Fetched 780 bytes from primary IPFS CID=QmdMbyBpoGFK1mURYDVGnjQ4AkNoJfnaBed6stWNVYy8rq
2026-07-31T21:05:05.616+06:00  INFO 577828 --- [pangochain-backend] [io-8080-exec-26] c.pangochain.backend.ipfs.IpfsService    : Fetched 780 bytes from primary IPFS CID=QmdMbyBpoGFK1mURYDVGnjQ4AkNoJfnaBed6stWNVYy8rq
2026-07-31T21:05:05.616+06:00  INFO 577828 --- [pangochain-backend] [nio-8080-exec-4] c.pangochain.backend.ipfs.IpfsService    : Fetched 780 bytes from primary IPFS CID=QmdMbyBpoGFK1mURYDVGnjQ4AkNoJfnaBed6stWNVYy8rq
2026-07-31T21:05:05.617+06:00  INFO 577828 --- [pangochain-backend] [io-8080-exec-38] c.pangochain.backend.ipfs.IpfsService    : Fetched 780 bytes from primary IPFS CID=QmdMbyBpoGFK1mURYDVGnjQ4AkNoJfnaBed6stWNVYy8rq
2026-07-31T21:05:05.618+06:00  INFO 577828 --- [pangochain-backend] [io-8080-exec-10] c.pangochain.backend.ipfs.IpfsService    : Fetched 780 bytes from primary IPFS CID=QmdMbyBpoGFK1mURYDVGnjQ4AkNoJfnaBed6stWNVYy8rq
2026-07-31T21:05:05.619+06:00  INFO 577828 --- [pangochain-backend] [io-8080-exec-35] c.pangochain.backend.ipfs.IpfsService    : Fetched 780 bytes from primary IPFS CID=QmdMbyBpoGFK1mURYDVGnjQ4AkNoJfnaBed6stWNVYy8rq
2026-07-31T21:05:05.620+06:00  INFO 577828 --- [pangochain-backend] [io-8080-exec-48] c.pangochain.backend.ipfs.IpfsService    : Fetched 780 bytes from primary IPFS CID=QmdMbyBpoGFK1mURYDVGnjQ4AkNoJfnaBed6stWNVYy8rq
2026-07-31T21:05:05.620+06:00  INFO 577828 --- [pangochain-backend] [io-8080-exec-28] c.pangochain.backend.ipfs.IpfsService    : Fetched 780 bytes from primary IPFS CID=QmdMbyBpoGFK1mURYDVGnjQ4AkNoJfnaBed6stWNVYy8rq
2026-07-31T21:05:05.624+06:00  INFO 577828 --- [pangochain-backend] [io-8080-exec-30] c.pangochain.backend.ipfs.IpfsService    : Fetched 780 bytes from primary IPFS CID=QmdMbyBpoGFK1mURYDVGnjQ4AkNoJfnaBed6stWNVYy8rq
2026-07-31T21:05:05.626+06:00  INFO 577828 --- [pangochain-backend] [io-8080-exec-13] c.pangochain.backend.ipfs.IpfsService    : Fetched 780 bytes from primary IPFS CID=QmdMbyBpoGFK1mURYDVGnjQ4AkNoJfnaBed6stWNVYy8rq
2026-07-31T21:05:05.628+06:00  INFO 577828 --- [pangochain-backend] [io-8080-exec-23] c.pangochain.backend.ipfs.IpfsService    : Fetched 780 bytes from primary IPFS CID=QmdMbyBpoGFK1mURYDVGnjQ4AkNoJfnaBed6stWNVYy8rq
2026-07-31T21:05:05.628+06:00  INFO 577828 --- [pangochain-backend] [io-8080-exec-21] c.pangochain.backend.ipfs.IpfsService    : Fetched 780 bytes from primary IPFS CID=QmdMbyBpoGFK1mURYDVGnjQ4AkNoJfnaBed6stWNVYy8rq
2026-07-31T21:05:05.631+06:00  INFO 577828 --- [pangochain-backend] [nio-8080-exec-7] c.pangochain.backend.ipfs.IpfsService    : Fetched 780 bytes from primary IPFS CID=QmdMbyBpoGFK1mURYDVGnjQ4AkNoJfnaBed6stWNVYy8rq
2026-07-31T21:05:05.632+06:00  INFO 577828 --- [pangochain-backend] [nio-8080-exec-9] c.pangochain.backend.ipfs.IpfsService    : Fetched 780 bytes from primary IPFS CID=QmdMbyBpoGFK1mURYDVGnjQ4AkNoJfnaBed6stWNVYy8rq
2026-07-31T21:05:05.633+06:00  INFO 577828 --- [pangochain-backend] [nio-8080-exec-8] c.pangochain.backend.ipfs.IpfsService    : Fetched 780 bytes from primary IPFS CID=QmdMbyBpoGFK1mURYDVGnjQ4AkNoJfnaBed6stWNVYy8rq
2026-07-31T21:05:05.633+06:00  INFO 577828 --- [pangochain-backend] [io-8080-exec-40] c.pangochain.backend.ipfs.IpfsService    : Fetched 780 bytes from primary IPFS CID=QmdMbyBpoGFK1mURYDVGnjQ4AkNoJfnaBed6stWNVYy8rq
2026-07-31T21:05:05.635+06:00  INFO 577828 --- [pangochain-backend] [io-8080-exec-43] c.pangochain.backend.ipfs.IpfsService    : Fetched 780 bytes from primary IPFS CID=QmdMbyBpoGFK1mURYDVGnjQ4AkNoJfnaBed6stWNVYy8rq
2026-07-31T21:05:05.634+06:00  INFO 577828 --- [pangochain-backend] [nio-8080-exec-1] c.pangochain.backend.ipfs.IpfsService    : Fetched 780 bytes from primary IPFS CID=QmdMbyBpoGFK1mURYDVGnjQ4AkNoJfnaBed6stWNVYy8rq
2026-07-31T21:05:05.634+06:00  INFO 577828 --- [pangochain-backend] [io-8080-exec-11] c.pangochain.backend.ipfs.IpfsService    : Fetched 780 bytes from primary IPFS CID=QmdMbyBpoGFK1mURYDVGnjQ4AkNoJfnaBed6stWNVYy8rq
2026-07-31T21:05:05.635+06:00  INFO 577828 --- [pangochain-backend] [io-8080-exec-31] c.pangochain.backend.ipfs.IpfsService    : Fetched 780 bytes from primary IPFS CID=QmdMbyBpoGFK1mURYDVGnjQ4AkNoJfnaBed6stWNVYy8rq
2026-07-31T21:05:05.636+06:00  INFO 577828 --- [pangochain-backend] [io-8080-exec-22] c.pangochain.backend.ipfs.IpfsService    : Fetched 780 bytes from primary IPFS CID=QmdMbyBpoGFK1mURYDVGnjQ4AkNoJfnaBed6stWNVYy8rq
2026-07-31T21:05:05.637+06:00  INFO 577828 --- [pangochain-backend] [nio-8080-exec-2] c.pangochain.backend.ipfs.IpfsService    : Fetched 780 bytes from primary IPFS CID=QmdMbyBpoGFK1mURYDVGnjQ4AkNoJfnaBed6stWNVYy8rq
2026-07-31T21:05:05.638+06:00  INFO 577828 --- [pangochain-backend] [io-8080-exec-47] c.pangochain.backend.ipfs.IpfsService    : Fetched 780 bytes from primary IPFS CID=QmdMbyBpoGFK1mURYDVGnjQ4AkNoJfnaBed6stWNVYy8rq
2026-07-31T21:05:05.638+06:00  INFO 577828 --- [pangochain-backend] [io-8080-exec-50] c.pangochain.backend.ipfs.IpfsService    : Fetched 780 bytes from primary IPFS CID=QmdMbyBpoGFK1mURYDVGnjQ4AkNoJfnaBed6stWNVYy8rq
2026-07-31T21:05:05.643+06:00  INFO 577828 --- [pangochain-backend] [io-8080-exec-42] c.pangochain.backend.ipfs.IpfsService    : Fetched 780 bytes from primary IPFS CID=QmdMbyBpoGFK1mURYDVGnjQ4AkNoJfnaBed6stWNVYy8rq
2026-07-31T21:05:05.645+06:00  INFO 577828 --- [pangochain-backend] [   async-task-4] c.p.b.blockchain.FabricGatewayService    : Fabric tx committed: fn=LogAuditEvent txId=d13210d4062be292d49d4538de15eda8880d37eeffedbd8e69cecfe83c511b2d
2026-07-31T21:05:05.646+06:00  INFO 577828 --- [pangochain-backend] [   async-task-2] c.p.b.blockchain.FabricGatewayService    : Fabric tx committed: fn=LogAuditEvent txId=c376c681f4322c08c600991ba3801d9af2356978abb2a9688a2d11464cb1d41b
2026-07-31T21:05:05.661+06:00  INFO 577828 --- [pangochain-backend] [   async-task-8] c.p.b.blockchain.FabricGatewayService    : Fabric tx committed: fn=LogAuditEvent txId=61263d47e8f5c1f720f5d8866682cb3ccb98e2f3d005eeb9c276dcf29df36cea
2026-07-31T21:05:05.662+06:00  INFO 577828 --- [pangochain-backend] [io-8080-exec-29] c.pangochain.backend.ipfs.IpfsService    : Fetched 780 bytes from primary IPFS CID=QmdMbyBpoGFK1mURYDVGnjQ4AkNoJfnaBed6stWNVYy8rq
2026-07-31T21:05:05.662+06:00  INFO 577828 --- [pangochain-backend] [io-8080-exec-18] c.pangochain.backend.ipfs.IpfsService    : Fetched 780 bytes from primary IPFS CID=QmdMbyBpoGFK1mURYDVGnjQ4AkNoJfnaBed6stWNVYy8rq
2026-07-31T21:05:05.663+06:00  INFO 577828 --- [pangochain-backend] [io-8080-exec-27] c.pangochain.backend.ipfs.IpfsService    : Fetched 780 bytes from primary IPFS CID=QmdMbyBpoGFK1mURYDVGnjQ4AkNoJfnaBed6stWNVYy8rq
2026-07-31T21:05:05.666+06:00  INFO 577828 --- [pangochain-backend] [io-8080-exec-19] c.pangochain.backend.ipfs.IpfsService    : Fetched 780 bytes from primary IPFS CID=QmdMbyBpoGFK1mURYDVGnjQ4AkNoJfnaBed6stWNVYy8rq
2026-07-31T21:05:05.672+06:00  INFO 577828 --- [pangochain-backend] [   async-task-3] c.p.b.blockchain.FabricGatewayService    : Fabric tx committed: fn=LogAuditEvent txId=7ca8a092ac782bc307d42ecbbe3e4351450eb79da16822c72699095224fa0c85
2026-07-31T21:05:05.711+06:00  INFO 577828 --- [pangochain-backend] [   async-task-6] c.p.b.blockchain.FabricGatewayService    : Fabric tx committed: fn=LogAuditEvent txId=58b917c822ce548bf0f22d07e353d462964ad2ba7c5884f6cf7093ea53380b68
2026-07-31T21:05:05.716+06:00  INFO 577828 --- [pangochain-backend] [io-8080-exec-23] c.pangochain.backend.ipfs.IpfsService    : Fetched 780 bytes from primary IPFS CID=QmdMbyBpoGFK1mURYDVGnjQ4AkNoJfnaBed6stWNVYy8rq
2026-07-31T21:05:05.717+06:00  INFO 577828 --- [pangochain-backend] [io-8080-exec-20] c.pangochain.backend.ipfs.IpfsService    : Fetched 780 bytes from primary IPFS CID=QmdMbyBpoGFK1mURYDVGnjQ4AkNoJfnaBed6stWNVYy8rq
2026-07-31T21:05:05.723+06:00  INFO 577828 --- [pangochain-backend] [io-8080-exec-12] c.pangochain.backend.ipfs.IpfsService    : Fetched 780 bytes from primary IPFS CID=QmdMbyBpoGFK1mURYDVGnjQ4AkNoJfnaBed6stWNVYy8rq
2026-07-31T21:05:05.729+06:00  INFO 577828 --- [pangochain-backend] [io-8080-exec-25] c.pangochain.backend.ipfs.IpfsService    : Fetched 780 bytes from primary IPFS CID=QmdMbyBpoGFK1mURYDVGnjQ4AkNoJfnaBed6stWNVYy8rq
2026-07-31T21:05:05.677+06:00  INFO 577828 --- [pangochain-backend] [   async-task-1] c.p.b.blockchain.FabricGatewayService    : Fabric tx committed: fn=LogAuditEvent txId=b1f63704dc6b0e5e46b68f29dab012adfd9426da3df0b22db18352415a8a2265
2026-07-31T21:05:05.743+06:00  INFO 577828 --- [pangochain-backend] [io-8080-exec-39] c.pangochain.backend.ipfs.IpfsService    : Fetched 780 bytes from primary IPFS CID=QmdMbyBpoGFK1mURYDVGnjQ4AkNoJfnaBed6stWNVYy8rq
2026-07-31T21:05:05.744+06:00  INFO 577828 --- [pangochain-backend] [io-8080-exec-31] c.pangochain.backend.ipfs.IpfsService    : Fetched 780 bytes from primary IPFS CID=QmdMbyBpoGFK1mURYDVGnjQ4AkNoJfnaBed6stWNVYy8rq
2026-07-31T21:05:05.745+06:00  INFO 577828 --- [pangochain-backend] [io-8080-exec-43] c.pangochain.backend.ipfs.IpfsService    : Fetched 780 bytes from primary IPFS CID=QmdMbyBpoGFK1mURYDVGnjQ4AkNoJfnaBed6stWNVYy8rq
2026-07-31T21:05:05.746+06:00  INFO 577828 --- [pangochain-backend] [io-8080-exec-16] c.pangochain.backend.ipfs.IpfsService    : Fetched 780 bytes from primary IPFS CID=QmdMbyBpoGFK1mURYDVGnjQ4AkNoJfnaBed6stWNVYy8rq
2026-07-31T21:05:05.747+06:00  INFO 577828 --- [pangochain-backend] [io-8080-exec-26] c.pangochain.backend.ipfs.IpfsService    : Fetched 780 bytes from primary IPFS CID=QmdMbyBpoGFK1mURYDVGnjQ4AkNoJfnaBed6stWNVYy8rq
2026-07-31T21:05:05.678+06:00  INFO 577828 --- [pangochain-backend] [io-8080-exec-37] c.pangochain.backend.ipfs.IpfsService    : Fetched 780 bytes from primary IPFS CID=QmdMbyBpoGFK1mURYDVGnjQ4AkNoJfnaBed6stWNVYy8rq
2026-07-31T21:05:05.759+06:00  INFO 577828 --- [pangochain-backend] [io-8080-exec-38] c.pangochain.backend.ipfs.IpfsService    : Fetched 780 bytes from primary IPFS CID=QmdMbyBpoGFK1mURYDVGnjQ4AkNoJfnaBed6stWNVYy8rq
2026-07-31T21:05:05.762+06:00  INFO 577828 --- [pangochain-backend] [io-8080-exec-15] c.pangochain.backend.ipfs.IpfsService    : Fetched 780 bytes from primary IPFS CID=QmdMbyBpoGFK1mURYDVGnjQ4AkNoJfnaBed6stWNVYy8rq
2026-07-31T21:05:05.681+06:00  INFO 577828 --- [pangochain-backend] [io-8080-exec-33] c.pangochain.backend.ipfs.IpfsService    : Fetched 780 bytes from primary IPFS CID=QmdMbyBpoGFK1mURYDVGnjQ4AkNoJfnaBed6stWNVYy8rq
2026-07-31T21:05:05.685+06:00  INFO 577828 --- [pangochain-backend] [io-8080-exec-40] c.pangochain.backend.ipfs.IpfsService    : Fetched 780 bytes from primary IPFS CID=QmdMbyBpoGFK1mURYDVGnjQ4AkNoJfnaBed6stWNVYy8rq
2026-07-31T21:05:05.691+06:00  INFO 577828 --- [pangochain-backend] [nio-8080-exec-5] c.pangochain.backend.ipfs.IpfsService    : Fetched 780 bytes from primary IPFS CID=QmdMbyBpoGFK1mURYDVGnjQ4AkNoJfnaBed6stWNVYy8rq
2026-07-31T21:05:05.695+06:00  INFO 577828 --- [pangochain-backend] [io-8080-exec-41] c.pangochain.backend.ipfs.IpfsService    : Fetched 780 bytes from primary IPFS CID=QmdMbyBpoGFK1mURYDVGnjQ4AkNoJfnaBed6stWNVYy8rq
2026-07-31T21:05:05.696+06:00  INFO 577828 --- [pangochain-backend] [io-8080-exec-36] c.pangochain.backend.ipfs.IpfsService    : Fetched 780 bytes from primary IPFS CID=QmdMbyBpoGFK1mURYDVGnjQ4AkNoJfnaBed6stWNVYy8rq
2026-07-31T21:05:05.699+06:00  INFO 577828 --- [pangochain-backend] [io-8080-exec-46] c.pangochain.backend.ipfs.IpfsService    : Fetched 780 bytes from primary IPFS CID=QmdMbyBpoGFK1mURYDVGnjQ4AkNoJfnaBed6stWNVYy8rq
2026-07-31T21:05:05.699+06:00  INFO 577828 --- [pangochain-backend] [io-8080-exec-49] c.pangochain.backend.ipfs.IpfsService    : Fetched 780 bytes from primary IPFS CID=QmdMbyBpoGFK1mURYDVGnjQ4AkNoJfnaBed6stWNVYy8rq
2026-07-31T21:05:05.700+06:00  INFO 577828 --- [pangochain-backend] [nio-8080-exec-4] c.pangochain.backend.ipfs.IpfsService    : Fetched 780 bytes from primary IPFS CID=QmdMbyBpoGFK1mURYDVGnjQ4AkNoJfnaBed6stWNVYy8rq
2026-07-31T21:05:05.703+06:00  INFO 577828 --- [pangochain-backend] [io-8080-exec-14] c.pangochain.backend.ipfs.IpfsService    : Fetched 780 bytes from primary IPFS CID=QmdMbyBpoGFK1mURYDVGnjQ4AkNoJfnaBed6stWNVYy8rq
2026-07-31T21:05:05.705+06:00  INFO 577828 --- [pangochain-backend] [nio-8080-exec-9] c.pangochain.backend.ipfs.IpfsService    : Fetched 780 bytes from primary IPFS CID=QmdMbyBpoGFK1mURYDVGnjQ4AkNoJfnaBed6stWNVYy8rq
2026-07-31T21:05:05.707+06:00  INFO 577828 --- [pangochain-backend] [io-8080-exec-34] c.pangochain.backend.ipfs.IpfsService    : Fetched 780 bytes from primary IPFS CID=QmdMbyBpoGFK1mURYDVGnjQ4AkNoJfnaBed6stWNVYy8rq
2026-07-31T21:05:05.708+06:00  INFO 577828 --- [pangochain-backend] [io-8080-exec-17] c.pangochain.backend.ipfs.IpfsService    : Fetched 780 bytes from primary IPFS CID=QmdMbyBpoGFK1mURYDVGnjQ4AkNoJfnaBed6stWNVYy8rq
2026-07-31T21:05:05.709+06:00  INFO 577828 --- [pangochain-backend] [io-8080-exec-44] c.pangochain.backend.ipfs.IpfsService    : Fetched 780 bytes from primary IPFS CID=QmdMbyBpoGFK1mURYDVGnjQ4AkNoJfnaBed6stWNVYy8rq
2026-07-31T21:05:05.732+06:00  INFO 577828 --- [pangochain-backend] [nio-8080-exec-1] c.pangochain.backend.ipfs.IpfsService    : Fetched 780 bytes from primary IPFS CID=QmdMbyBpoGFK1mURYDVGnjQ4AkNoJfnaBed6stWNVYy8rq
2026-07-31T21:05:05.823+06:00  INFO 577828 --- [pangochain-backend] [io-8080-exec-51] c.pangochain.backend.ipfs.IpfsService    : Fetched 780 bytes from primary IPFS CID=QmdMbyBpoGFK1mURYDVGnjQ4AkNoJfnaBed6stWNVYy8rq
2026-07-31T21:05:05.732+06:00  INFO 577828 --- [pangochain-backend] [   async-task-7] c.p.b.blockchain.FabricGatewayService    : Fabric tx committed: fn=LogAuditEvent txId=0a43ecc2a2758d24f6276e4229b5edce4df7f9405cb2da99df450ff906f7b41f
2026-07-31T21:05:05.733+06:00  INFO 577828 --- [pangochain-backend] [   async-task-5] c.p.b.blockchain.FabricGatewayService    : Fabric tx committed: fn=LogAuditEvent txId=d77ea1dabb26e8be6afc1363373f21dc3575e207ae0ff1a4cacb51e4b8492db3
2026-07-31T21:05:05.734+06:00  INFO 577828 --- [pangochain-backend] [io-8080-exec-13] c.pangochain.backend.ipfs.IpfsService    : Fetched 780 bytes from primary IPFS CID=QmdMbyBpoGFK1mURYDVGnjQ4AkNoJfnaBed6stWNVYy8rq
2026-07-31T21:05:05.736+06:00  INFO 577828 --- [pangochain-backend] [io-8080-exec-24] c.pangochain.backend.ipfs.IpfsService    : Fetched 780 bytes from primary IPFS CID=QmdMbyBpoGFK1mURYDVGnjQ4AkNoJfnaBed6stWNVYy8rq
2026-07-31T21:05:05.740+06:00  INFO 577828 --- [pangochain-backend] [io-8080-exec-48] c.pangochain.backend.ipfs.IpfsService    : Fetched 780 bytes from primary IPFS CID=QmdMbyBpoGFK1mURYDVGnjQ4AkNoJfnaBed6stWNVYy8rq
2026-07-31T21:05:05.826+06:00  INFO 577828 --- [pangochain-backend] [io-8080-exec-22] c.pangochain.backend.ipfs.IpfsService    : Fetched 780 bytes from primary IPFS CID=QmdMbyBpoGFK1mURYDVGnjQ4AkNoJfnaBed6stWNVYy8rq
2026-07-31T21:05:05.826+06:00  INFO 577828 --- [pangochain-backend] [nio-8080-exec-2] c.pangochain.backend.ipfs.IpfsService    : Fetched 780 bytes from primary IPFS CID=QmdMbyBpoGFK1mURYDVGnjQ4AkNoJfnaBed6stWNVYy8rq
2026-07-31T21:05:05.827+06:00  INFO 577828 --- [pangochain-backend] [io-8080-exec-30] c.pangochain.backend.ipfs.IpfsService    : Fetched 780 bytes from primary IPFS CID=QmdMbyBpoGFK1mURYDVGnjQ4AkNoJfnaBed6stWNVYy8rq
2026-07-31T21:05:05.828+06:00  INFO 577828 --- [pangochain-backend] [nio-8080-exec-7] c.pangochain.backend.ipfs.IpfsService    : Fetched 780 bytes from primary IPFS CID=QmdMbyBpoGFK1mURYDVGnjQ4AkNoJfnaBed6stWNVYy8rq
2026-07-31T21:05:05.830+06:00  INFO 577828 --- [pangochain-backend] [io-8080-exec-35] c.pangochain.backend.ipfs.IpfsService    : Fetched 780 bytes from primary IPFS CID=QmdMbyBpoGFK1mURYDVGnjQ4AkNoJfnaBed6stWNVYy8rq
2026-07-31T21:05:05.831+06:00  INFO 577828 --- [pangochain-backend] [nio-8080-exec-6] c.pangochain.backend.ipfs.IpfsService    : Fetched 780 bytes from primary IPFS CID=QmdMbyBpoGFK1mURYDVGnjQ4AkNoJfnaBed6stWNVYy8rq
2026-07-31T21:05:05.834+06:00  INFO 577828 --- [pangochain-backend] [io-8080-exec-18] c.pangochain.backend.ipfs.IpfsService    : Fetched 780 bytes from primary IPFS CID=QmdMbyBpoGFK1mURYDVGnjQ4AkNoJfnaBed6stWNVYy8rq
2026-07-31T21:05:05.833+06:00  INFO 577828 --- [pangochain-backend] [nio-8080-exec-8] c.pangochain.backend.ipfs.IpfsService    : Fetched 780 bytes from primary IPFS CID=QmdMbyBpoGFK1mURYDVGnjQ4AkNoJfnaBed6stWNVYy8rq
2026-07-31T21:05:05.835+06:00  INFO 577828 --- [pangochain-backend] [io-8080-exec-10] c.pangochain.backend.ipfs.IpfsService    : Fetched 780 bytes from primary IPFS CID=QmdMbyBpoGFK1mURYDVGnjQ4AkNoJfnaBed6stWNVYy8rq
2026-07-31T21:05:05.835+06:00  INFO 577828 --- [pangochain-backend] [io-8080-exec-42] c.pangochain.backend.ipfs.IpfsService    : Fetched 780 bytes from primary IPFS CID=QmdMbyBpoGFK1mURYDVGnjQ4AkNoJfnaBed6stWNVYy8rq
2026-07-31T21:05:05.837+06:00  INFO 577828 --- [pangochain-backend] [io-8080-exec-32] c.pangochain.backend.ipfs.IpfsService    : Fetched 780 bytes from primary IPFS CID=QmdMbyBpoGFK1mURYDVGnjQ4AkNoJfnaBed6stWNVYy8rq
2026-07-31T21:05:05.837+06:00  INFO 577828 --- [pangochain-backend] [nio-8080-exec-3] c.pangochain.backend.ipfs.IpfsService    : Fetched 780 bytes from primary IPFS CID=QmdMbyBpoGFK1mURYDVGnjQ4AkNoJfnaBed6stWNVYy8rq
2026-07-31T21:05:05.838+06:00  INFO 577828 --- [pangochain-backend] [io-8080-exec-11] c.pangochain.backend.ipfs.IpfsService    : Fetched 780 bytes from primary IPFS CID=QmdMbyBpoGFK1mURYDVGnjQ4AkNoJfnaBed6stWNVYy8rq
2026-07-31T21:05:05.839+06:00  INFO 577828 --- [pangochain-backend] [io-8080-exec-28] c.pangochain.backend.ipfs.IpfsService    : Fetched 780 bytes from primary IPFS CID=QmdMbyBpoGFK1mURYDVGnjQ4AkNoJfnaBed6stWNVYy8rq
2026-07-31T21:05:05.839+06:00  INFO 577828 --- [pangochain-backend] [io-8080-exec-47] c.pangochain.backend.ipfs.IpfsService    : Fetched 780 bytes from primary IPFS CID=QmdMbyBpoGFK1mURYDVGnjQ4AkNoJfnaBed6stWNVYy8rq
2026-07-31T21:05:05.841+06:00  INFO 577828 --- [pangochain-backend] [io-8080-exec-27] c.pangochain.backend.ipfs.IpfsService    : Fetched 780 bytes from primary IPFS CID=QmdMbyBpoGFK1mURYDVGnjQ4AkNoJfnaBed6stWNVYy8rq
2026-07-31T21:05:05.846+06:00  INFO 577828 --- [pangochain-backend] [io-8080-exec-33] c.pangochain.backend.ipfs.IpfsService    : Fetched 780 bytes from primary IPFS CID=QmdMbyBpoGFK1mURYDVGnjQ4AkNoJfnaBed6stWNVYy8rq
2026-07-31T21:05:05.847+06:00  INFO 577828 --- [pangochain-backend] [io-8080-exec-21] c.pangochain.backend.ipfs.IpfsService    : Fetched 780 bytes from primary IPFS CID=QmdMbyBpoGFK1mURYDVGnjQ4AkNoJfnaBed6stWNVYy8rq
2026-07-31T21:05:05.847+06:00  INFO 577828 --- [pangochain-backend] [io-8080-exec-44] c.pangochain.backend.ipfs.IpfsService    : Fetched 780 bytes from primary IPFS CID=QmdMbyBpoGFK1mURYDVGnjQ4AkNoJfnaBed6stWNVYy8rq
2026-07-31T21:05:05.848+06:00  INFO 577828 --- [pangochain-backend] [io-8080-exec-50] c.pangochain.backend.ipfs.IpfsService    : Fetched 780 bytes from primary IPFS CID=QmdMbyBpoGFK1mURYDVGnjQ4AkNoJfnaBed6stWNVYy8rq
2026-07-31T21:05:05.850+06:00  INFO 577828 --- [pangochain-backend] [io-8080-exec-45] c.pangochain.backend.ipfs.IpfsService    : Fetched 780 bytes from primary IPFS CID=QmdMbyBpoGFK1mURYDVGnjQ4AkNoJfnaBed6stWNVYy8rq
2026-07-31T21:05:05.853+06:00  INFO 577828 --- [pangochain-backend] [io-8080-exec-23] c.pangochain.backend.ipfs.IpfsService    : Fetched 780 bytes from primary IPFS CID=QmdMbyBpoGFK1mURYDVGnjQ4AkNoJfnaBed6stWNVYy8rq
2026-07-31T21:05:05.856+06:00  INFO 577828 --- [pangochain-backend] [io-8080-exec-29] c.pangochain.backend.ipfs.IpfsService    : Fetched 780 bytes from primary IPFS CID=QmdMbyBpoGFK1mURYDVGnjQ4AkNoJfnaBed6stWNVYy8rq
2026-07-31T21:05:05.856+06:00  INFO 577828 --- [pangochain-backend] [io-8080-exec-25] c.pangochain.backend.ipfs.IpfsService    : Fetched 780 bytes from primary IPFS CID=QmdMbyBpoGFK1mURYDVGnjQ4AkNoJfnaBed6stWNVYy8rq
2026-07-31T21:05:05.856+06:00  INFO 577828 --- [pangochain-backend] [io-8080-exec-12] c.pangochain.backend.ipfs.IpfsService    : Fetched 780 bytes from primary IPFS CID=QmdMbyBpoGFK1mURYDVGnjQ4AkNoJfnaBed6stWNVYy8rq
2026-07-31T21:05:05.856+06:00  INFO 577828 --- [pangochain-backend] [io-8080-exec-31] c.pangochain.backend.ipfs.IpfsService    : Fetched 780 bytes from primary IPFS CID=QmdMbyBpoGFK1mURYDVGnjQ4AkNoJfnaBed6stWNVYy8rq
2026-07-31T21:05:05.858+06:00  INFO 577828 --- [pangochain-backend] [io-8080-exec-37] c.pangochain.backend.ipfs.IpfsService    : Fetched 780 bytes from primary IPFS CID=QmdMbyBpoGFK1mURYDVGnjQ4AkNoJfnaBed6stWNVYy8rq
2026-07-31T21:05:05.858+06:00  INFO 577828 --- [pangochain-backend] [io-8080-exec-36] c.pangochain.backend.ipfs.IpfsService    : Fetched 780 bytes from primary IPFS CID=QmdMbyBpoGFK1mURYDVGnjQ4AkNoJfnaBed6stWNVYy8rq
2026-07-31T21:05:05.858+06:00  INFO 577828 --- [pangochain-backend] [io-8080-exec-18] c.pangochain.backend.ipfs.IpfsService    : Fetched 780 bytes from primary IPFS CID=QmdMbyBpoGFK1mURYDVGnjQ4AkNoJfnaBed6stWNVYy8rq
2026-07-31T21:05:05.858+06:00  INFO 577828 --- [pangochain-backend] [io-8080-exec-30] c.pangochain.backend.ipfs.IpfsService    : Fetched 780 bytes from primary IPFS CID=QmdMbyBpoGFK1mURYDVGnjQ4AkNoJfnaBed6stWNVYy8rq
2026-07-31T21:05:05.859+06:00  INFO 577828 --- [pangochain-backend] [nio-8080-exec-4] c.pangochain.backend.ipfs.IpfsService    : Fetched 780 bytes from primary IPFS CID=QmdMbyBpoGFK1mURYDVGnjQ4AkNoJfnaBed6stWNVYy8rq
2026-07-31T21:05:05.859+06:00  INFO 577828 --- [pangochain-backend] [io-8080-exec-40] c.pangochain.backend.ipfs.IpfsService    : Fetched 780 bytes from primary IPFS CID=QmdMbyBpoGFK1mURYDVGnjQ4AkNoJfnaBed6stWNVYy8rq
2026-07-31T21:05:05.859+06:00  INFO 577828 --- [pangochain-backend] [nio-8080-exec-5] c.pangochain.backend.ipfs.IpfsService    : Fetched 780 bytes from primary IPFS CID=QmdMbyBpoGFK1mURYDVGnjQ4AkNoJfnaBed6stWNVYy8rq
2026-07-31T21:05:05.861+06:00  INFO 577828 --- [pangochain-backend] [nio-8080-exec-9] c.pangochain.backend.ipfs.IpfsService    : Fetched 780 bytes from primary IPFS CID=QmdMbyBpoGFK1mURYDVGnjQ4AkNoJfnaBed6stWNVYy8rq
2026-07-31T21:05:05.862+06:00  INFO 577828 --- [pangochain-backend] [io-8080-exec-43] c.pangochain.backend.ipfs.IpfsService    : Fetched 780 bytes from primary IPFS CID=QmdMbyBpoGFK1mURYDVGnjQ4AkNoJfnaBed6stWNVYy8rq
2026-07-31T21:05:05.862+06:00  INFO 577828 --- [pangochain-backend] [io-8080-exec-19] c.pangochain.backend.ipfs.IpfsService    : Fetched 780 bytes from primary IPFS CID=QmdMbyBpoGFK1mURYDVGnjQ4AkNoJfnaBed6stWNVYy8rq
2026-07-31T21:05:07.908+06:00  INFO 577828 --- [pangochain-backend] [   async-task-4] c.p.b.blockchain.FabricGatewayService    : Fabric tx committed: fn=LogAuditEvent txId=482a86a4dd55b330292ed5c6948126875d427ccef43746c7f0769eec301fe7aa
2026-07-31T21:05:07.908+06:00  INFO 577828 --- [pangochain-backend] [   async-task-2] c.p.b.blockchain.FabricGatewayService    : Fabric tx committed: fn=LogAuditEvent txId=83be7352fa22b93cd7932f880c8a79b791cf457c2dfe3759f50e2ec170aa7148
2026-07-31T21:05:07.909+06:00  INFO 577828 --- [pangochain-backend] [   async-task-1] c.p.b.blockchain.FabricGatewayService    : Fabric tx committed: fn=LogAuditEvent txId=4aa643a5481e147903b4332ac7943dd9c8af6ffb881225826ba36d2e495490a3
2026-07-31T21:05:07.909+06:00  INFO 577828 --- [pangochain-backend] [   async-task-5] c.p.b.blockchain.FabricGatewayService    : Fabric tx committed: fn=LogAuditEvent txId=c65884da4bebab02c304df8e648d87e16f76e5c0f39c8e99855af2c8454f7688
2026-07-31T21:05:07.909+06:00  INFO 577828 --- [pangochain-backend] [   async-task-3] c.p.b.blockchain.FabricGatewayService    : Fabric tx committed: fn=LogAuditEvent txId=bbdb5f0e970562441694c7be72435ce55cc72c88121c625648b02e4021315698
2026-07-31T21:05:07.909+06:00  INFO 577828 --- [pangochain-backend] [   async-task-7] c.p.b.blockchain.FabricGatewayService    : Fabric tx committed: fn=LogAuditEvent txId=1d218409159ff42d86ef3fffe5dba98c1812099d12bdaad577da5bdb9efd036c
2026-07-31T21:05:07.909+06:00  INFO 577828 --- [pangochain-backend] [   async-task-6] c.p.b.blockchain.FabricGatewayService    : Fabric tx committed: fn=LogAuditEvent txId=dbced087ab3834e42b45524f1ca2b56f1d45f3f5733d19af7bc1888bc693cf67
2026-07-31T21:05:07.909+06:00  INFO 577828 --- [pangochain-backend] [   async-task-8] c.p.b.blockchain.FabricGatewayService    : Fabric tx committed: fn=LogAuditEvent txId=654236a135204246dea26ab2318ef5f0c12dea3f27b0fb14e7a25cf4fdff7f7f
2026-07-31T21:05:10.002+06:00  INFO 577828 --- [pangochain-backend] [   async-task-7] c.p.b.blockchain.FabricGatewayService    : Fabric tx committed: fn=LogAuditEvent txId=57205b409731c0c5c37ac6a7c301eff88ec92a6a154555fa6fd9402171f1c2fd
2026-07-31T21:05:10.002+06:00  INFO 577828 --- [pangochain-backend] [   async-task-3] c.p.b.blockchain.FabricGatewayService    : Fabric tx committed: fn=LogAuditEvent txId=6fa709329803ec147720731fc5ea69d5d56d2b8808d58d6b0957d7ea4c810e49
2026-07-31T21:05:10.002+06:00  INFO 577828 --- [pangochain-backend] [   async-task-5] c.p.b.blockchain.FabricGatewayService    : Fabric tx committed: fn=LogAuditEvent txId=a679e6ea3fdf095c318cc5e0550262a01d3231f597b6a4d29cd01927b9ef815d
2026-07-31T21:05:10.003+06:00  INFO 577828 --- [pangochain-backend] [   async-task-4] c.p.b.blockchain.FabricGatewayService    : Fabric tx committed: fn=LogAuditEvent txId=798f658965e0626afa937abf0e3e7044519d8857a705b2a054992623be4e16ab
2026-07-31T21:05:10.003+06:00  INFO 577828 --- [pangochain-backend] [   async-task-2] c.p.b.blockchain.FabricGatewayService    : Fabric tx committed: fn=LogAuditEvent txId=9551592879b25664658f060b03ccc517f729f600350a6588d54d40140a78f400
2026-07-31T21:05:10.003+06:00  INFO 577828 --- [pangochain-backend] [   async-task-8] c.p.b.blockchain.FabricGatewayService    : Fabric tx committed: fn=LogAuditEvent txId=5e51c1fa347e4044986961fc2650479d4139720538550df22348f22669fa0bc8
2026-07-31T21:05:10.004+06:00  INFO 577828 --- [pangochain-backend] [   async-task-1] c.p.b.blockchain.FabricGatewayService    : Fabric tx committed: fn=LogAuditEvent txId=7f7a02484122c0a96d4e923883b8c75c8ec5c84c0dca2881fe54af5738aa054d
2026-07-31T21:05:10.004+06:00  INFO 577828 --- [pangochain-backend] [   async-task-6] c.p.b.blockchain.FabricGatewayService    : Fabric tx committed: fn=LogAuditEvent txId=a3f163b64725bf679dfc67f56278307c91ad48397da2fe59331710756e5d70ae
2026-07-31T21:05:12.092+06:00  INFO 577828 --- [pangochain-backend] [   async-task-3] c.p.b.blockchain.FabricGatewayService    : Fabric tx committed: fn=LogAuditEvent txId=dcf73e98484ac078cd8b85bc0c207730cf7f0fa381f1d6238507264d6e364de6
2026-07-31T21:05:12.092+06:00  INFO 577828 --- [pangochain-backend] [   async-task-4] c.p.b.blockchain.FabricGatewayService    : Fabric tx committed: fn=LogAuditEvent txId=0d8a4a998098d6635dfdeeec493edb87b947b6a0441e0d2ab1f39dfcd4a4a484
2026-07-31T21:05:12.092+06:00  INFO 577828 --- [pangochain-backend] [   async-task-8] c.p.b.blockchain.FabricGatewayService    : Fabric tx committed: fn=LogAuditEvent txId=67cd73201f66c4471e0f17669196c07ad94534a8ffbf2244ae039aa219753b19
2026-07-31T21:05:12.092+06:00  INFO 577828 --- [pangochain-backend] [   async-task-6] c.p.b.blockchain.FabricGatewayService    : Fabric tx committed: fn=LogAuditEvent txId=204d1d219385a83c26a11c4fb7bebb6eae9aa3ffea22d79bcea91f8b73c53c8d
2026-07-31T21:05:12.093+06:00  INFO 577828 --- [pangochain-backend] [   async-task-7] c.p.b.blockchain.FabricGatewayService    : Fabric tx committed: fn=LogAuditEvent txId=69545da7a050bf38c44553e858082fe1ed8ecae72d5ab92e354417d60828c8ec
2026-07-31T21:05:12.093+06:00  INFO 577828 --- [pangochain-backend] [   async-task-1] c.p.b.blockchain.FabricGatewayService    : Fabric tx committed: fn=LogAuditEvent txId=f5ed564748ee8a43ddda68f8aed9d0b24f0b4aff50bcad13ec557045379c4906
2026-07-31T21:05:12.093+06:00  INFO 577828 --- [pangochain-backend] [   async-task-2] c.p.b.blockchain.FabricGatewayService    : Fabric tx committed: fn=LogAuditEvent txId=fa0a3fb95234e31767041aa6467935facc3a896d77f2b449b701d97d56ce31b2
2026-07-31T21:05:12.093+06:00  INFO 577828 --- [pangochain-backend] [   async-task-5] c.p.b.blockchain.FabricGatewayService    : Fabric tx committed: fn=LogAuditEvent txId=3028706e72a2b3cde59f6fe8ca3db64f6251ab44d9d060c1760ab49c630b9e0f
2026-07-31T21:05:14.160+06:00  INFO 577828 --- [pangochain-backend] [   async-task-6] c.p.b.blockchain.FabricGatewayService    : Fabric tx committed: fn=LogAuditEvent txId=d446144b1dc76ea652a82f7de4d57bf748c05c21d2e975b83d22cee868212134
2026-07-31T21:05:14.161+06:00  INFO 577828 --- [pangochain-backend] [   async-task-5] c.p.b.blockchain.FabricGatewayService    : Fabric tx committed: fn=LogAuditEvent txId=dc7eca82a5c990f207546a6f3a27319ae70f7e6545eaed40e17e7508342203d8
2026-07-31T21:05:14.161+06:00  INFO 577828 --- [pangochain-backend] [   async-task-2] c.p.b.blockchain.FabricGatewayService    : Fabric tx committed: fn=LogAuditEvent txId=47094f43686844d3a50e4fc7f45524b25b65fb1254d9efc73989b8e6676a1262
2026-07-31T21:05:14.161+06:00  INFO 577828 --- [pangochain-backend] [   async-task-4] c.p.b.blockchain.FabricGatewayService    : Fabric tx committed: fn=LogAuditEvent txId=8641a29365133681bf22301a106148f848194b210ec2e3c3fc1504bc24bf892f
2026-07-31T21:05:14.161+06:00  INFO 577828 --- [pangochain-backend] [   async-task-1] c.p.b.blockchain.FabricGatewayService    : Fabric tx committed: fn=LogAuditEvent txId=c46ae3cf50211f9d5ec350f8b0254366f9d04e2e823987ffc2d07a4c5d207757
2026-07-31T21:05:14.161+06:00  INFO 577828 --- [pangochain-backend] [   async-task-8] c.p.b.blockchain.FabricGatewayService    : Fabric tx committed: fn=LogAuditEvent txId=f3e7d83d7a9fc4b7c1c41837820c80c9928de8da5c16e16663a1311fc8f0410d
2026-07-31T21:05:14.161+06:00  INFO 577828 --- [pangochain-backend] [   async-task-7] c.p.b.blockchain.FabricGatewayService    : Fabric tx committed: fn=LogAuditEvent txId=77a05990972d6993d40ee56508120adce0ceeee197156cff4ddd0eb7c1281931
2026-07-31T21:05:14.162+06:00  INFO 577828 --- [pangochain-backend] [   async-task-3] c.p.b.blockchain.FabricGatewayService    : Fabric tx committed: fn=LogAuditEvent txId=6eb6c9edc51d0b8fe8a80a0b4d9e7b5f540c29cabcfebf62d23bee25394cdd8a
2026-07-31T21:05:16.188+06:00  INFO 577828 --- [pangochain-backend] [ionShutdownHook] o.s.m.s.b.SimpleBrokerMessageHandler     : Stopping...
2026-07-31T21:05:16.188+06:00  INFO 577828 --- [pangochain-backend] [ionShutdownHook] o.s.m.s.b.SimpleBrokerMessageHandler     : BrokerAvailabilityEvent[available=false, SimpleBrokerMessageHandler [org.springframework.messaging.simp.broker.DefaultSubscriptionRegistry@3083f394]]
2026-07-31T21:05:16.188+06:00  INFO 577828 --- [pangochain-backend] [ionShutdownHook] o.s.m.s.b.SimpleBrokerMessageHandler     : Stopped.
2026-07-31T21:05:16.221+06:00  INFO 577828 --- [pangochain-backend] [   async-task-8] c.p.b.blockchain.FabricGatewayService    : Fabric tx committed: fn=LogAuditEvent txId=838228004578966754e2332adaa3a870bdf998e7c3e32d4aaf1f14bd0a40c630
2026-07-31T21:05:16.222+06:00  INFO 577828 --- [pangochain-backend] [   async-task-3] c.p.b.blockchain.FabricGatewayService    : Fabric tx committed: fn=LogAuditEvent txId=2cee1aff1f96ece322e0398abe723c3652886838885c6cefe8098eb42bcb397f
2026-07-31T21:05:16.222+06:00  INFO 577828 --- [pangochain-backend] [   async-task-5] c.p.b.blockchain.FabricGatewayService    : Fabric tx committed: fn=LogAuditEvent txId=07065226e742fced6d7f2fa2675e60eebf7c9bab71ccdc862fb35b26c7da4178
2026-07-31T21:05:16.222+06:00  INFO 577828 --- [pangochain-backend] [   async-task-4] c.p.b.blockchain.FabricGatewayService    : Fabric tx committed: fn=LogAuditEvent txId=ed783cec13c296efc3aeee19512c1f6d273af777c1432aa0d6b59f950debaa93
2026-07-31T21:05:16.222+06:00  INFO 577828 --- [pangochain-backend] [   async-task-7] c.p.b.blockchain.FabricGatewayService    : Fabric tx committed: fn=LogAuditEvent txId=2ca7b495eb0db00f537319c95079fe352b89f18bc7a19a0b2d52d693b3d22f80
2026-07-31T21:05:16.222+06:00  INFO 577828 --- [pangochain-backend] [MessageBroker-5] c.p.b.blockchain.FabricGatewayService    : Fabric tx committed: fn=UpdateTimeAnchor txId=abae30cfd74dae97efc4458d01391971ca9f057613ec3b45579fef52672c607a
2026-07-31T21:05:16.222+06:00  INFO 577828 --- [pangochain-backend] [   async-task-1] c.p.b.blockchain.FabricGatewayService    : Fabric tx committed: fn=LogAuditEvent txId=69591233c3b95b25e1b535d8ca8813f3b773e1c004074d2624843dcd54be545e
2026-07-31T21:05:16.222+06:00  INFO 577828 --- [pangochain-backend] [   async-task-2] c.p.b.blockchain.FabricGatewayService    : Fabric tx committed: fn=LogAuditEvent txId=9656bd51ba678f1f7204e9deb0f85b8355868b9dc35cbd1a3c1cef3927c3951a
2026-07-31T21:05:16.223+06:00  INFO 577828 --- [pangochain-backend] [   async-task-6] c.p.b.blockchain.FabricGatewayService    : Fabric tx committed: fn=LogAuditEvent txId=79beae7bdd94d62abd1ed40655c3a0db1192bf7264adc59bbb353605ce44b5e8
2026-07-31T21:05:18.258+06:00  INFO 577828 --- [pangochain-backend] [ionShutdownHook] j.LocalContainerEntityManagerFactoryBean : Closing JPA EntityManagerFactory for persistence unit 'default'
2026-07-31T21:05:18.261+06:00  INFO 577828 --- [pangochain-backend] [ionShutdownHook] com.zaxxer.hikari.HikariDataSource       : HikariPool-1 - Shutdown initiated...
2026-07-31T21:05:18.263+06:00  INFO 577828 --- [pangochain-backend] [ionShutdownHook] com.zaxxer.hikari.HikariDataSource       : HikariPool-1 - Shutdown completed.
