Standard Commons Logging discovery in action with spring-jcl: please remove commons-logging.jar from classpath in order to avoid potential conflicts

  .   ____          _            __ _ _
 /\\ / ___'_ __ _ _(_)_ __  __ _ \ \ \ \
( ( )\___ | '_ | '_| | '_ \/ _` | \ \ \ \
 \\/  ___)| |_)| | | | | || (_| |  ) ) ) )
  '  |____| .__|_| |_|_| |_\__, | / / / /
 =========|_|==============|___/=/_/_/_/
 :: Spring Boot ::                (v3.2.5)

2026-07-31T21:04:23.500+06:00  INFO 577218 --- [pangochain-backend] [           main] c.p.backend.PangochainApplication        : Starting PangochainApplication using Java 21.0.11 with PID 577218 (/home/angkon/Projects/Blockchain/FCDH_linux_validation/Fardeen_Codex_Dhaka_Meetup_Hackathon/pangochain-backend/target/classes started by angkon in /home/angkon/Projects/Blockchain/FCDH_linux_validation/Fardeen_Codex_Dhaka_Meetup_Hackathon/pangochain-backend)
2026-07-31T21:04:23.507+06:00  INFO 577218 --- [pangochain-backend] [           main] c.p.backend.PangochainApplication        : No active profile set, falling back to 1 default profile: "default"
2026-07-31T21:04:24.530+06:00  INFO 577218 --- [pangochain-backend] [           main] .s.d.r.c.RepositoryConfigurationDelegate : Bootstrapping Spring Data JPA repositories in DEFAULT mode.
2026-07-31T21:04:24.682+06:00  INFO 577218 --- [pangochain-backend] [           main] .s.d.r.c.RepositoryConfigurationDelegate : Finished Spring Data repository scanning in 146 ms. Found 37 JPA repository interfaces.
2026-07-31T21:04:25.426+06:00  INFO 577218 --- [pangochain-backend] [           main] o.s.b.w.embedded.tomcat.TomcatWebServer  : Tomcat initialized with port 8080 (http)
2026-07-31T21:04:25.435+06:00  INFO 577218 --- [pangochain-backend] [           main] o.apache.catalina.core.StandardService   : Starting service [Tomcat]
2026-07-31T21:04:25.435+06:00  INFO 577218 --- [pangochain-backend] [           main] o.apache.catalina.core.StandardEngine    : Starting Servlet engine: [Apache Tomcat/10.1.20]
2026-07-31T21:04:25.477+06:00  INFO 577218 --- [pangochain-backend] [           main] o.a.c.c.C.[Tomcat].[localhost].[/]       : Initializing Spring embedded WebApplicationContext
2026-07-31T21:04:25.478+06:00  INFO 577218 --- [pangochain-backend] [           main] w.s.c.ServletWebServerApplicationContext : Root WebApplicationContext: initialization completed in 1937 ms
Standard Commons Logging discovery in action with spring-jcl: please remove commons-logging.jar from classpath in order to avoid potential conflicts
2026-07-31T21:04:25.606+06:00  INFO 577218 --- [pangochain-backend] [           main] com.zaxxer.hikari.HikariDataSource       : HikariPool-1 - Starting...
2026-07-31T21:04:25.717+06:00  INFO 577218 --- [pangochain-backend] [           main] com.zaxxer.hikari.pool.HikariPool        : HikariPool-1 - Added connection org.postgresql.jdbc.PgConnection@2cacd55e
2026-07-31T21:04:25.718+06:00  INFO 577218 --- [pangochain-backend] [           main] com.zaxxer.hikari.HikariDataSource       : HikariPool-1 - Start completed.
2026-07-31T21:04:25.802+06:00  INFO 577218 --- [pangochain-backend] [           main] liquibase.database                       : Set default schema name to public
2026-07-31T21:04:25.910+06:00  INFO 577218 --- [pangochain-backend] [           main] liquibase.changelog                      : Reading resource: db/changelog/changes/001-initial-schema.sql
2026-07-31T21:04:25.919+06:00  INFO 577218 --- [pangochain-backend] [           main] liquibase.changelog                      : Reading resource: db/changelog/changes/002-client-features.sql
2026-07-31T21:04:25.921+06:00  INFO 577218 --- [pangochain-backend] [           main] liquibase.changelog                      : Reading resource: db/changelog/changes/003-key-rotation.sql
2026-07-31T21:04:25.922+06:00  INFO 577218 --- [pangochain-backend] [           main] liquibase.changelog                      : Reading resource: db/changelog/changes/004-signing-key.sql
2026-07-31T21:04:25.924+06:00  INFO 577218 --- [pangochain-backend] [           main] liquibase.changelog                      : Reading resource: db/changelog/changes/005-performance-indexes.sql
2026-07-31T21:04:25.925+06:00  INFO 577218 --- [pangochain-backend] [           main] liquibase.changelog                      : Reading resource: db/changelog/changes/006-chat.sql
2026-07-31T21:04:25.926+06:00  INFO 577218 --- [pangochain-backend] [           main] liquibase.changelog                      : Reading resource: db/changelog/changes/007-case-journey.sql
2026-07-31T21:04:25.927+06:00  INFO 577218 --- [pangochain-backend] [           main] liquibase.changelog                      : Reading resource: db/changelog/changes/008-case-journey-merge.sql
2026-07-31T21:04:25.928+06:00  INFO 577218 --- [pangochain-backend] [           main] liquibase.changelog                      : Reading resource: db/changelog/changes/009-recovery-codes.sql
2026-07-31T21:04:25.928+06:00  INFO 577218 --- [pangochain-backend] [           main] liquibase.changelog                      : Reading resource: db/changelog/changes/010-conflict-check.sql
2026-07-31T21:04:25.929+06:00  INFO 577218 --- [pangochain-backend] [           main] liquibase.changelog                      : Reading resource: db/changelog/changes/011-case-milestones.sql
2026-07-31T21:04:25.930+06:00  INFO 577218 --- [pangochain-backend] [           main] liquibase.changelog                      : Reading resource: db/changelog/changes/012-case-deadlines.sql
2026-07-31T21:04:25.931+06:00  INFO 577218 --- [pangochain-backend] [           main] liquibase.changelog                      : Reading resource: db/changelog/changes/013-doc-classification.sql
2026-07-31T21:04:25.932+06:00  INFO 577218 --- [pangochain-backend] [           main] liquibase.changelog                      : Reading resource: db/changelog/changes/014-security-alerts.sql
2026-07-31T21:04:25.933+06:00  INFO 577218 --- [pangochain-backend] [           main] liquibase.changelog                      : Reading resource: db/changelog/changes/015-billing.sql
2026-07-31T21:04:25.933+06:00  INFO 577218 --- [pangochain-backend] [           main] liquibase.changelog                      : Reading resource: db/changelog/changes/016-deletion-requests.sql
2026-07-31T21:04:25.934+06:00  INFO 577218 --- [pangochain-backend] [           main] liquibase.changelog                      : Reading resource: db/changelog/changes/017-feedback.sql
2026-07-31T21:04:25.936+06:00  INFO 577218 --- [pangochain-backend] [           main] liquibase.changelog                      : Reading resource: db/changelog/changes/018-document-templates.sql
2026-07-31T21:04:25.937+06:00  INFO 577218 --- [pangochain-backend] [           main] liquibase.changelog                      : Reading resource: db/changelog/changes/019-settlement-offers.sql
2026-07-31T21:04:25.939+06:00  INFO 577218 --- [pangochain-backend] [           main] liquibase.changelog                      : Reading resource: db/changelog/changes/020-document-annotations.sql
2026-07-31T21:04:25.940+06:00  INFO 577218 --- [pangochain-backend] [           main] liquibase.changelog                      : Reading resource: db/changelog/changes/021-signing-workflows.sql
2026-07-31T21:04:25.941+06:00  INFO 577218 --- [pangochain-backend] [           main] liquibase.changelog                      : Reading resource: db/changelog/changes/022-document-redactions.sql
2026-07-31T21:04:25.942+06:00  INFO 577218 --- [pangochain-backend] [           main] liquibase.changelog                      : Reading resource: db/changelog/changes/023-more-legal-templates.sql
2026-07-31T21:04:25.943+06:00  INFO 577218 --- [pangochain-backend] [           main] liquibase.changelog                      : Reading resource: db/changelog/changes/024-ai-conversations.sql
2026-07-31T21:04:25.944+06:00  INFO 577218 --- [pangochain-backend] [           main] liquibase.changelog                      : Reading resource: db/changelog/changes/025-ai-insights-multi.sql
2026-07-31T21:04:25.945+06:00  INFO 577218 --- [pangochain-backend] [           main] liquibase.changelog                      : Reading resource: db/changelog/changes/026-ai-chat-sessions.sql
2026-07-31T21:04:25.946+06:00  INFO 577218 --- [pangochain-backend] [           main] liquibase.changelog                      : Reading resource: db/changelog/changes/027-pending-anchor.sql
2026-07-31T21:04:25.957+06:00  INFO 577218 --- [pangochain-backend] [           main] liquibase.changelog                      : Reading resource: db/changelog/changes/028-audit-anchor-batch.sql
2026-07-31T21:04:26.005+06:00  INFO 577218 --- [pangochain-backend] [           main] liquibase.changelog                      : Reading from public.databasechangelog
Database is up to date, no changesets to execute
2026-07-31T21:04:26.045+06:00  INFO 577218 --- [pangochain-backend] [           main] liquibase.changelog                      : Reading from public.databasechangelog
2026-07-31T21:04:26.070+06:00  INFO 577218 --- [pangochain-backend] [           main] liquibase.util                           : UPDATE SUMMARY
2026-07-31T21:04:26.070+06:00  INFO 577218 --- [pangochain-backend] [           main] liquibase.util                           : Run:                          0
2026-07-31T21:04:26.070+06:00  INFO 577218 --- [pangochain-backend] [           main] liquibase.util                           : Previously run:              63
2026-07-31T21:04:26.070+06:00  INFO 577218 --- [pangochain-backend] [           main] liquibase.util                           : Filtered out:                 0
2026-07-31T21:04:26.070+06:00  INFO 577218 --- [pangochain-backend] [           main] liquibase.util                           : -------------------------------
2026-07-31T21:04:26.070+06:00  INFO 577218 --- [pangochain-backend] [           main] liquibase.util                           : Total change sets:           63
2026-07-31T21:04:26.070+06:00  INFO 577218 --- [pangochain-backend] [           main] liquibase.util                           : Update summary generated
2026-07-31T21:04:26.081+06:00  INFO 577218 --- [pangochain-backend] [           main] liquibase.lockservice                    : Successfully released change log lock
2026-07-31T21:04:26.082+06:00  INFO 577218 --- [pangochain-backend] [           main] liquibase.command                        : Command execution complete
2026-07-31T21:04:26.171+06:00  INFO 577218 --- [pangochain-backend] [           main] o.hibernate.jpa.internal.util.LogHelper  : HHH000204: Processing PersistenceUnitInfo [name: default]
2026-07-31T21:04:26.214+06:00  INFO 577218 --- [pangochain-backend] [           main] org.hibernate.Version                    : HHH000412: Hibernate ORM core version 6.4.4.Final
2026-07-31T21:04:26.240+06:00  INFO 577218 --- [pangochain-backend] [           main] o.h.c.internal.RegionFactoryInitiator    : HHH000026: Second-level cache disabled
2026-07-31T21:04:26.384+06:00  INFO 577218 --- [pangochain-backend] [           main] o.s.o.j.p.SpringPersistenceUnitInfo      : No LoadTimeWeaver setup: ignoring JPA class transformer
2026-07-31T21:04:26.417+06:00  WARN 577218 --- [pangochain-backend] [           main] org.hibernate.orm.deprecation            : HHH90000025: PostgreSQLDialect does not need to be specified explicitly using 'hibernate.dialect' (remove the property setting and it will be selected by default)
2026-07-31T21:04:27.326+06:00  INFO 577218 --- [pangochain-backend] [           main] o.h.e.t.j.p.i.JtaPlatformInitiator       : HHH000489: No JTA platform available (set 'hibernate.transaction.jta.platform' to enable JTA platform integration)
2026-07-31T21:04:27.371+06:00  INFO 577218 --- [pangochain-backend] [           main] j.LocalContainerEntityManagerFactoryBean : Initialized JPA EntityManagerFactory for persistence unit 'default'
2026-07-31T21:04:27.789+06:00  INFO 577218 --- [pangochain-backend] [           main] o.s.boot.web.servlet.RegistrationBean    : Filter rateLimitFilterRegistration was not registered (disabled)
2026-07-31T21:04:27.848+06:00  INFO 577218 --- [pangochain-backend] [           main] o.s.d.j.r.query.QueryEnhancerFactory     : Hibernate is in classpath; If applicable, HQL parser will be used.
2026-07-31T21:04:29.422+06:00  INFO 577218 --- [pangochain-backend] [           main] c.p.b.blockchain.FabricGatewayService    : FabricGatewayService initialised for chaincode 'legalcc'
2026-07-31T21:04:29.525+06:00  INFO 577218 --- [pangochain-backend] [-event-listener] c.p.b.blockchain.FabricGatewayService    : Chaincode event listener started for 'legalcc'
2026-07-31T21:04:31.271+06:00  WARN 577218 --- [pangochain-backend] [           main] .s.s.UserDetailsServiceAutoConfiguration : 

Using generated security password: 4ed38ecc-a746-439e-b0dc-f84a6ac9a449

This generated password is for development use only. Your security configuration must be updated before running your application in production.

2026-07-31T21:04:31.682+06:00  INFO 577218 --- [pangochain-backend] [           main] o.s.b.a.e.web.EndpointLinksResolver      : Exposing 3 endpoint(s) beneath base path '/actuator'
2026-07-31T21:04:32.455+06:00  INFO 577218 --- [pangochain-backend] [           main] o.s.b.w.embedded.tomcat.TomcatWebServer  : Tomcat started on port 8080 (http) with context path ''
2026-07-31T21:04:32.457+06:00  INFO 577218 --- [pangochain-backend] [           main] o.s.m.s.b.SimpleBrokerMessageHandler     : Starting...
2026-07-31T21:04:32.457+06:00  INFO 577218 --- [pangochain-backend] [           main] o.s.m.s.b.SimpleBrokerMessageHandler     : BrokerAvailabilityEvent[available=true, SimpleBrokerMessageHandler [org.springframework.messaging.simp.broker.DefaultSubscriptionRegistry@719554bd]]
2026-07-31T21:04:32.457+06:00  INFO 577218 --- [pangochain-backend] [           main] o.s.m.s.b.SimpleBrokerMessageHandler     : Started.
2026-07-31T21:04:32.468+06:00  INFO 577218 --- [pangochain-backend] [           main] c.p.backend.PangochainApplication        : Started PangochainApplication in 9.241 seconds (process running for 9.535)
2026-07-31T21:04:32.558+06:00  INFO 577218 --- [pangochain-backend] [           main] c.pangochain.backend.config.DataSeeder   : Base seed already present — running additive team/chat seed only
2026-07-31T21:04:32.663+06:00  INFO 577218 --- [pangochain-backend] [           main] c.pangochain.backend.config.DataSeeder   : ✅ Team/chat seed complete — associates a–d@pangolawfirm.com / Assoc123!
2026-07-31T21:04:32.728+06:00  INFO 577218 --- [pangochain-backend] [           main] c.pangochain.backend.config.DataSeeder   : ✅ Feature demo data seeded on Chen v. Meridian (settlement, billing, milestones, deadlines, feedback, admin alerts).
2026-07-31T21:04:32.923+06:00  INFO 577218 --- [pangochain-backend] [nio-8080-exec-1] o.a.c.c.C.[Tomcat].[localhost].[/]       : Initializing Spring DispatcherServlet 'dispatcherServlet'
2026-07-31T21:04:32.923+06:00  INFO 577218 --- [pangochain-backend] [nio-8080-exec-1] o.s.web.servlet.DispatcherServlet        : Initializing Servlet 'dispatcherServlet'
2026-07-31T21:04:32.926+06:00  INFO 577218 --- [pangochain-backend] [nio-8080-exec-1] o.s.web.servlet.DispatcherServlet        : Completed initialization in 3 ms
2026-07-31T21:04:33.112+06:00  INFO 577218 --- [pangochain-backend] [           main] c.pangochain.backend.ipfs.IpfsService    : Uploaded 1213 bytes to primary IPFS CID=QmSmai3ukhqnfN5or8qPqM8xi9nJkCMtcKa1vQTaWMrgmu
2026-07-31T21:04:33.141+06:00  INFO 577218 --- [pangochain-backend] [           main] c.pangochain.backend.ipfs.IpfsService    : Pinned CID QmSmai3ukhqnfN5or8qPqM8xi9nJkCMtcKa1vQTaWMrgmu on both IPFS nodes
2026-07-31T21:04:33.182+06:00  INFO 577218 --- [pangochain-backend] [           main] c.pangochain.backend.ipfs.IpfsService    : Uploaded 876 bytes to primary IPFS CID=QmfBqPsYocFBhwLcsxthB3KxRw39xdVoUSc29sb6KfpwWY
2026-07-31T21:04:33.203+06:00  INFO 577218 --- [pangochain-backend] [           main] c.pangochain.backend.ipfs.IpfsService    : Pinned CID QmfBqPsYocFBhwLcsxthB3KxRw39xdVoUSc29sb6KfpwWY on both IPFS nodes
2026-07-31T21:04:33.269+06:00  INFO 577218 --- [pangochain-backend] [           main] c.pangochain.backend.ipfs.IpfsService    : Uploaded 796 bytes to primary IPFS CID=QmYWFzHoo85f6Z6U4TPcGGDonZVZbGRN2tdKQgfUM217Ge
2026-07-31T21:04:33.290+06:00  INFO 577218 --- [pangochain-backend] [           main] c.pangochain.backend.ipfs.IpfsService    : Pinned CID QmYWFzHoo85f6Z6U4TPcGGDonZVZbGRN2tdKQgfUM217Ge on both IPFS nodes
2026-07-31T21:04:33.330+06:00  INFO 577218 --- [pangochain-backend] [           main] c.pangochain.backend.ipfs.IpfsService    : Uploaded 704 bytes to primary IPFS CID=QmZ1YFEVqqrSnb71ErSF9fsYS5sm7BDt4iJfnjgi71qa8R
2026-07-31T21:04:33.351+06:00  INFO 577218 --- [pangochain-backend] [           main] c.pangochain.backend.ipfs.IpfsService    : Pinned CID QmZ1YFEVqqrSnb71ErSF9fsYS5sm7BDt4iJfnjgi71qa8R on both IPFS nodes
2026-07-31T21:04:33.379+06:00  INFO 577218 --- [pangochain-backend] [           main] c.pangochain.backend.ipfs.IpfsService    : Uploaded 1042 bytes to primary IPFS CID=QmSms17Dzbc8GYY6EvFzk3iZo4gmfMLbrckK2aJNDuf6oN
2026-07-31T21:04:33.401+06:00  INFO 577218 --- [pangochain-backend] [           main] c.pangochain.backend.ipfs.IpfsService    : Pinned CID QmSms17Dzbc8GYY6EvFzk3iZo4gmfMLbrckK2aJNDuf6oN on both IPFS nodes
2026-07-31T21:04:33.427+06:00  INFO 577218 --- [pangochain-backend] [           main] c.pangochain.backend.ipfs.IpfsService    : Uploaded 503 bytes to primary IPFS CID=QmaJcdE9CdD2CgeWhBXwznW83Amg8SvQHAEti38fAf3MAM
2026-07-31T21:04:33.449+06:00  INFO 577218 --- [pangochain-backend] [           main] c.pangochain.backend.ipfs.IpfsService    : Pinned CID QmaJcdE9CdD2CgeWhBXwznW83Amg8SvQHAEti38fAf3MAM on both IPFS nodes
2026-07-31T21:04:33.488+06:00  INFO 577218 --- [pangochain-backend] [           main] c.pangochain.backend.ipfs.IpfsService    : Uploaded 859 bytes to primary IPFS CID=QmQYzy3jf1hxFShm4UiwTtL9WwN8SJj6ARdYG2TpstQXew
2026-07-31T21:04:33.511+06:00  INFO 577218 --- [pangochain-backend] [           main] c.pangochain.backend.ipfs.IpfsService    : Pinned CID QmQYzy3jf1hxFShm4UiwTtL9WwN8SJj6ARdYG2TpstQXew on both IPFS nodes
2026-07-31T21:04:33.563+06:00  INFO 577218 --- [pangochain-backend] [           main] c.pangochain.backend.ipfs.IpfsService    : Uploaded 2194 bytes to primary IPFS CID=QmeBJJuJodSKSKsbKYDdJUstDVQ4bDgcLcevRrPPpxkT8Q
2026-07-31T21:04:33.644+06:00  INFO 577218 --- [pangochain-backend] [           main] c.pangochain.backend.ipfs.IpfsService    : Pinned CID QmeBJJuJodSKSKsbKYDdJUstDVQ4bDgcLcevRrPPpxkT8Q on both IPFS nodes
2026-07-31T21:04:33.693+06:00  INFO 577218 --- [pangochain-backend] [           main] c.pangochain.backend.ipfs.IpfsService    : Uploaded 2537 bytes to primary IPFS CID=QmeabFmM5u2AhWeQorfgesBE44FtHqtzg4vzqQ62HvQHzT
2026-07-31T21:04:33.718+06:00  INFO 577218 --- [pangochain-backend] [           main] c.pangochain.backend.ipfs.IpfsService    : Pinned CID QmeabFmM5u2AhWeQorfgesBE44FtHqtzg4vzqQ62HvQHzT on both IPFS nodes
2026-07-31T21:04:33.748+06:00  INFO 577218 --- [pangochain-backend] [           main] c.pangochain.backend.ipfs.IpfsService    : Uploaded 2187 bytes to primary IPFS CID=Qmb2sGPqBwQWL9ASFZah1prCargYThjdrofVUVvAwNWoQy
2026-07-31T21:04:33.765+06:00  INFO 577218 --- [pangochain-backend] [           main] c.pangochain.backend.ipfs.IpfsService    : Pinned CID Qmb2sGPqBwQWL9ASFZah1prCargYThjdrofVUVvAwNWoQy on both IPFS nodes
2026-07-31T21:04:33.786+06:00  INFO 577218 --- [pangochain-backend] [           main] c.pangochain.backend.ipfs.IpfsService    : Uploaded 1527 bytes to primary IPFS CID=QmYgZKstWcfzggiWPXwCz2E8zqAcBNP8yRFKsZZLavNWu5
2026-07-31T21:04:33.810+06:00  INFO 577218 --- [pangochain-backend] [           main] c.pangochain.backend.ipfs.IpfsService    : Pinned CID QmYgZKstWcfzggiWPXwCz2E8zqAcBNP8yRFKsZZLavNWu5 on both IPFS nodes
2026-07-31T21:04:33.838+06:00  INFO 577218 --- [pangochain-backend] [           main] c.pangochain.backend.ipfs.IpfsService    : Uploaded 1889 bytes to primary IPFS CID=Qmf7X9Z4LShiM3RpVexdkoGLYKsqToZXDp4a3ksdXyMRNx
2026-07-31T21:04:33.863+06:00  INFO 577218 --- [pangochain-backend] [           main] c.pangochain.backend.ipfs.IpfsService    : Pinned CID Qmf7X9Z4LShiM3RpVexdkoGLYKsqToZXDp4a3ksdXyMRNx on both IPFS nodes
2026-07-31T21:04:34.082+06:00  INFO 577218 --- [pangochain-backend] [           main] c.pangochain.backend.config.DataSeeder   : ✅ Showcase demo data seeded — portfolio cases, documents, signatures, annotations, custody, billing, and client/admin stories.
2026-07-31T21:04:37.437+06:00  INFO 577218 --- [pangochain-backend] [nio-8080-exec-4] c.p.b.blockchain.FabricGatewayService    : Fabric tx committed: fn=RegisterCase txId=adedd41c4a143cf7c0637504db3ce6ea43aa18593f738234825f7caf0019f37d
2026-07-31T21:04:37.437+06:00  INFO 577218 --- [pangochain-backend] [   async-task-1] c.p.b.blockchain.FabricGatewayService    : Fabric tx committed: fn=LogAuditEvent txId=13dad27cef200ac77809b658d1fb24c5dd2a19004e00cabb7b5a2cd860c88476
2026-07-31T21:04:37.509+06:00  INFO 577218 --- [pangochain-backend] [nio-8080-exec-5] c.pangochain.backend.ipfs.IpfsService    : Uploaded 780 bytes to primary IPFS CID=QmdMbyBpoGFK1mURYDVGnjQ4AkNoJfnaBed6stWNVYy8rq
2026-07-31T21:04:37.527+06:00  INFO 577218 --- [pangochain-backend] [nio-8080-exec-5] c.pangochain.backend.ipfs.IpfsService    : Pinned CID QmdMbyBpoGFK1mURYDVGnjQ4AkNoJfnaBed6stWNVYy8rq on both IPFS nodes
2026-07-31T21:04:37.530+06:00  INFO 577218 --- [pangochain-backend] [nio-8080-exec-5] c.p.backend.document.DocumentService     : Registering on Fabric: docId=7eb7b50a-21ec-4f40-a48a-98cccaa8f738
2026-07-31T21:04:39.634+06:00  INFO 577218 --- [pangochain-backend] [nio-8080-exec-5] c.p.b.blockchain.FabricGatewayService    : Fabric tx committed: fn=RegisterDocument txId=5b97c21031f595336de40c18912a096986b0bca395c347031a16c7f6ba613343
2026-07-31T21:04:39.635+06:00  INFO 577218 --- [pangochain-backend] [nio-8080-exec-5] c.p.backend.document.DocumentService     : Document 7eb7b50a-21ec-4f40-a48a-98cccaa8f738 uploaded: CID=QmdMbyBpoGFK1mURYDVGnjQ4AkNoJfnaBed6stWNVYy8rq txId=5b97c21031f595336de40c18912a096986b0bca395c347031a16c7f6ba613343
2026-07-31T21:04:39.770+06:00  INFO 577218 --- [pangochain-backend] [nio-8080-exec-6] c.p.backend.document.DocumentService     : ACL check: Layer1=PASS Layer2=PASS doc=7eb7b50a-21ec-4f40-a48a-98cccaa8f738 user=bench@pangochain.test
2026-07-31T21:04:39.774+06:00  INFO 577218 --- [pangochain-backend] [nio-8080-exec-6] c.pangochain.backend.ipfs.IpfsService    : Fetched 780 bytes from primary IPFS CID=QmdMbyBpoGFK1mURYDVGnjQ4AkNoJfnaBed6stWNVYy8rq
2026-07-31T21:04:40.041+06:00  INFO 577218 --- [pangochain-backend] [nio-8080-exec-7] c.p.backend.document.DocumentService     : ACL check: Layer1=PASS Layer2=PASS doc=7eb7b50a-21ec-4f40-a48a-98cccaa8f738 user=bench@pangochain.test
2026-07-31T21:04:40.043+06:00  INFO 577218 --- [pangochain-backend] [io-8080-exec-12] c.p.backend.document.DocumentService     : ACL check: Layer1=PASS Layer2=PASS doc=7eb7b50a-21ec-4f40-a48a-98cccaa8f738 user=bench@pangochain.test
2026-07-31T21:04:40.044+06:00  INFO 577218 --- [pangochain-backend] [io-8080-exec-10] c.p.backend.document.DocumentService     : ACL check: Layer1=PASS Layer2=PASS doc=7eb7b50a-21ec-4f40-a48a-98cccaa8f738 user=bench@pangochain.test
2026-07-31T21:04:40.046+06:00  INFO 577218 --- [pangochain-backend] [io-8080-exec-16] c.p.backend.document.DocumentService     : ACL check: Layer1=PASS Layer2=PASS doc=7eb7b50a-21ec-4f40-a48a-98cccaa8f738 user=bench@pangochain.test
2026-07-31T21:04:40.046+06:00  INFO 577218 --- [pangochain-backend] [io-8080-exec-12] c.pangochain.backend.ipfs.IpfsService    : Fetched 780 bytes from primary IPFS CID=QmdMbyBpoGFK1mURYDVGnjQ4AkNoJfnaBed6stWNVYy8rq
2026-07-31T21:04:40.046+06:00  INFO 577218 --- [pangochain-backend] [io-8080-exec-15] c.p.backend.document.DocumentService     : ACL check: Layer1=PASS Layer2=PASS doc=7eb7b50a-21ec-4f40-a48a-98cccaa8f738 user=bench@pangochain.test
2026-07-31T21:04:40.046+06:00  INFO 577218 --- [pangochain-backend] [nio-8080-exec-7] c.pangochain.backend.ipfs.IpfsService    : Fetched 780 bytes from primary IPFS CID=QmdMbyBpoGFK1mURYDVGnjQ4AkNoJfnaBed6stWNVYy8rq
2026-07-31T21:04:40.047+06:00  INFO 577218 --- [pangochain-backend] [nio-8080-exec-8] c.p.backend.document.DocumentService     : ACL check: Layer1=PASS Layer2=PASS doc=7eb7b50a-21ec-4f40-a48a-98cccaa8f738 user=bench@pangochain.test
2026-07-31T21:04:40.047+06:00  INFO 577218 --- [pangochain-backend] [io-8080-exec-14] c.p.backend.document.DocumentService     : ACL check: Layer1=PASS Layer2=PASS doc=7eb7b50a-21ec-4f40-a48a-98cccaa8f738 user=bench@pangochain.test
2026-07-31T21:04:40.048+06:00  INFO 577218 --- [pangochain-backend] [io-8080-exec-11] c.p.backend.document.DocumentService     : ACL check: Layer1=PASS Layer2=PASS doc=7eb7b50a-21ec-4f40-a48a-98cccaa8f738 user=bench@pangochain.test
2026-07-31T21:04:40.049+06:00  INFO 577218 --- [pangochain-backend] [io-8080-exec-16] c.pangochain.backend.ipfs.IpfsService    : Fetched 780 bytes from primary IPFS CID=QmdMbyBpoGFK1mURYDVGnjQ4AkNoJfnaBed6stWNVYy8rq
2026-07-31T21:04:40.050+06:00  INFO 577218 --- [pangochain-backend] [io-8080-exec-10] c.pangochain.backend.ipfs.IpfsService    : Fetched 780 bytes from primary IPFS CID=QmdMbyBpoGFK1mURYDVGnjQ4AkNoJfnaBed6stWNVYy8rq
2026-07-31T21:04:40.050+06:00  INFO 577218 --- [pangochain-backend] [io-8080-exec-15] c.pangochain.backend.ipfs.IpfsService    : Fetched 780 bytes from primary IPFS CID=QmdMbyBpoGFK1mURYDVGnjQ4AkNoJfnaBed6stWNVYy8rq
2026-07-31T21:04:40.050+06:00  INFO 577218 --- [pangochain-backend] [nio-8080-exec-8] c.pangochain.backend.ipfs.IpfsService    : Fetched 780 bytes from primary IPFS CID=QmdMbyBpoGFK1mURYDVGnjQ4AkNoJfnaBed6stWNVYy8rq
2026-07-31T21:04:40.050+06:00  INFO 577218 --- [pangochain-backend] [io-8080-exec-13] c.p.backend.document.DocumentService     : ACL check: Layer1=PASS Layer2=PASS doc=7eb7b50a-21ec-4f40-a48a-98cccaa8f738 user=bench@pangochain.test
2026-07-31T21:04:40.051+06:00  INFO 577218 --- [pangochain-backend] [io-8080-exec-11] c.pangochain.backend.ipfs.IpfsService    : Fetched 780 bytes from primary IPFS CID=QmdMbyBpoGFK1mURYDVGnjQ4AkNoJfnaBed6stWNVYy8rq
2026-07-31T21:04:40.051+06:00  INFO 577218 --- [pangochain-backend] [nio-8080-exec-9] c.p.backend.document.DocumentService     : ACL check: Layer1=PASS Layer2=PASS doc=7eb7b50a-21ec-4f40-a48a-98cccaa8f738 user=bench@pangochain.test
2026-07-31T21:04:40.052+06:00  INFO 577218 --- [pangochain-backend] [io-8080-exec-14] c.pangochain.backend.ipfs.IpfsService    : Fetched 780 bytes from primary IPFS CID=QmdMbyBpoGFK1mURYDVGnjQ4AkNoJfnaBed6stWNVYy8rq
2026-07-31T21:04:40.056+06:00  INFO 577218 --- [pangochain-backend] [nio-8080-exec-9] c.pangochain.backend.ipfs.IpfsService    : Fetched 780 bytes from primary IPFS CID=QmdMbyBpoGFK1mURYDVGnjQ4AkNoJfnaBed6stWNVYy8rq
2026-07-31T21:04:40.056+06:00  INFO 577218 --- [pangochain-backend] [io-8080-exec-13] c.pangochain.backend.ipfs.IpfsService    : Fetched 780 bytes from primary IPFS CID=QmdMbyBpoGFK1mURYDVGnjQ4AkNoJfnaBed6stWNVYy8rq
2026-07-31T21:04:40.153+06:00  INFO 577218 --- [pangochain-backend] [nio-8080-exec-2] c.p.backend.document.DocumentService     : ACL check: Layer1=PASS Layer2=PASS doc=7eb7b50a-21ec-4f40-a48a-98cccaa8f738 user=bench@pangochain.test
2026-07-31T21:04:40.154+06:00  INFO 577218 --- [pangochain-backend] [nio-8080-exec-5] c.p.backend.document.DocumentService     : ACL check: Layer1=PASS Layer2=PASS doc=7eb7b50a-21ec-4f40-a48a-98cccaa8f738 user=bench@pangochain.test
2026-07-31T21:04:40.154+06:00  INFO 577218 --- [pangochain-backend] [nio-8080-exec-1] c.p.backend.document.DocumentService     : ACL check: Layer1=PASS Layer2=PASS doc=7eb7b50a-21ec-4f40-a48a-98cccaa8f738 user=bench@pangochain.test
2026-07-31T21:04:40.155+06:00  INFO 577218 --- [pangochain-backend] [nio-8080-exec-4] c.p.backend.document.DocumentService     : ACL check: Layer1=PASS Layer2=PASS doc=7eb7b50a-21ec-4f40-a48a-98cccaa8f738 user=bench@pangochain.test
2026-07-31T21:04:40.156+06:00  INFO 577218 --- [pangochain-backend] [io-8080-exec-19] c.p.backend.document.DocumentService     : ACL check: Layer1=PASS Layer2=PASS doc=7eb7b50a-21ec-4f40-a48a-98cccaa8f738 user=bench@pangochain.test
2026-07-31T21:04:40.157+06:00  INFO 577218 --- [pangochain-backend] [nio-8080-exec-2] c.pangochain.backend.ipfs.IpfsService    : Fetched 780 bytes from primary IPFS CID=QmdMbyBpoGFK1mURYDVGnjQ4AkNoJfnaBed6stWNVYy8rq
2026-07-31T21:04:40.157+06:00  INFO 577218 --- [pangochain-backend] [nio-8080-exec-4] c.pangochain.backend.ipfs.IpfsService    : Fetched 780 bytes from primary IPFS CID=QmdMbyBpoGFK1mURYDVGnjQ4AkNoJfnaBed6stWNVYy8rq
2026-07-31T21:04:40.158+06:00  INFO 577218 --- [pangochain-backend] [io-8080-exec-17] c.p.backend.document.DocumentService     : ACL check: Layer1=PASS Layer2=PASS doc=7eb7b50a-21ec-4f40-a48a-98cccaa8f738 user=bench@pangochain.test
2026-07-31T21:04:40.158+06:00  INFO 577218 --- [pangochain-backend] [nio-8080-exec-3] c.p.backend.document.DocumentService     : ACL check: Layer1=PASS Layer2=PASS doc=7eb7b50a-21ec-4f40-a48a-98cccaa8f738 user=bench@pangochain.test
2026-07-31T21:04:40.158+06:00  INFO 577218 --- [pangochain-backend] [nio-8080-exec-1] c.pangochain.backend.ipfs.IpfsService    : Fetched 780 bytes from primary IPFS CID=QmdMbyBpoGFK1mURYDVGnjQ4AkNoJfnaBed6stWNVYy8rq
2026-07-31T21:04:40.158+06:00  INFO 577218 --- [pangochain-backend] [nio-8080-exec-5] c.pangochain.backend.ipfs.IpfsService    : Fetched 780 bytes from primary IPFS CID=QmdMbyBpoGFK1mURYDVGnjQ4AkNoJfnaBed6stWNVYy8rq
2026-07-31T21:04:40.159+06:00  INFO 577218 --- [pangochain-backend] [io-8080-exec-19] c.pangochain.backend.ipfs.IpfsService    : Fetched 780 bytes from primary IPFS CID=QmdMbyBpoGFK1mURYDVGnjQ4AkNoJfnaBed6stWNVYy8rq
2026-07-31T21:04:40.159+06:00  INFO 577218 --- [pangochain-backend] [nio-8080-exec-6] c.p.backend.document.DocumentService     : ACL check: Layer1=PASS Layer2=PASS doc=7eb7b50a-21ec-4f40-a48a-98cccaa8f738 user=bench@pangochain.test
2026-07-31T21:04:40.159+06:00  INFO 577218 --- [pangochain-backend] [io-8080-exec-18] c.p.backend.document.DocumentService     : ACL check: Layer1=PASS Layer2=PASS doc=7eb7b50a-21ec-4f40-a48a-98cccaa8f738 user=bench@pangochain.test
2026-07-31T21:04:40.160+06:00  INFO 577218 --- [pangochain-backend] [io-8080-exec-20] c.p.backend.document.DocumentService     : ACL check: Layer1=PASS Layer2=PASS doc=7eb7b50a-21ec-4f40-a48a-98cccaa8f738 user=bench@pangochain.test
2026-07-31T21:04:40.161+06:00  INFO 577218 --- [pangochain-backend] [io-8080-exec-17] c.pangochain.backend.ipfs.IpfsService    : Fetched 780 bytes from primary IPFS CID=QmdMbyBpoGFK1mURYDVGnjQ4AkNoJfnaBed6stWNVYy8rq
2026-07-31T21:04:40.162+06:00  INFO 577218 --- [pangochain-backend] [nio-8080-exec-6] c.pangochain.backend.ipfs.IpfsService    : Fetched 780 bytes from primary IPFS CID=QmdMbyBpoGFK1mURYDVGnjQ4AkNoJfnaBed6stWNVYy8rq
2026-07-31T21:04:40.162+06:00  INFO 577218 --- [pangochain-backend] [io-8080-exec-18] c.pangochain.backend.ipfs.IpfsService    : Fetched 780 bytes from primary IPFS CID=QmdMbyBpoGFK1mURYDVGnjQ4AkNoJfnaBed6stWNVYy8rq
2026-07-31T21:04:40.161+06:00  INFO 577218 --- [pangochain-backend] [nio-8080-exec-3] c.pangochain.backend.ipfs.IpfsService    : Fetched 780 bytes from primary IPFS CID=QmdMbyBpoGFK1mURYDVGnjQ4AkNoJfnaBed6stWNVYy8rq
2026-07-31T21:04:40.163+06:00  INFO 577218 --- [pangochain-backend] [io-8080-exec-20] c.pangochain.backend.ipfs.IpfsService    : Fetched 780 bytes from primary IPFS CID=QmdMbyBpoGFK1mURYDVGnjQ4AkNoJfnaBed6stWNVYy8rq
2026-07-31T21:04:40.184+06:00  INFO 577218 --- [pangochain-backend] [io-8080-exec-12] c.p.backend.document.DocumentService     : ACL check: Layer1=PASS Layer2=PASS doc=7eb7b50a-21ec-4f40-a48a-98cccaa8f738 user=bench@pangochain.test
2026-07-31T21:04:40.184+06:00  INFO 577218 --- [pangochain-backend] [nio-8080-exec-8] c.p.backend.document.DocumentService     : ACL check: Layer1=PASS Layer2=PASS doc=7eb7b50a-21ec-4f40-a48a-98cccaa8f738 user=bench@pangochain.test
2026-07-31T21:04:40.186+06:00  INFO 577218 --- [pangochain-backend] [nio-8080-exec-7] c.p.backend.document.DocumentService     : ACL check: Layer1=PASS Layer2=PASS doc=7eb7b50a-21ec-4f40-a48a-98cccaa8f738 user=bench@pangochain.test
2026-07-31T21:04:40.187+06:00  INFO 577218 --- [pangochain-backend] [io-8080-exec-15] c.p.backend.document.DocumentService     : ACL check: Layer1=PASS Layer2=PASS doc=7eb7b50a-21ec-4f40-a48a-98cccaa8f738 user=bench@pangochain.test
2026-07-31T21:04:40.188+06:00  INFO 577218 --- [pangochain-backend] [nio-8080-exec-8] c.pangochain.backend.ipfs.IpfsService    : Fetched 780 bytes from primary IPFS CID=QmdMbyBpoGFK1mURYDVGnjQ4AkNoJfnaBed6stWNVYy8rq
2026-07-31T21:04:40.188+06:00  INFO 577218 --- [pangochain-backend] [io-8080-exec-11] c.p.backend.document.DocumentService     : ACL check: Layer1=PASS Layer2=PASS doc=7eb7b50a-21ec-4f40-a48a-98cccaa8f738 user=bench@pangochain.test
2026-07-31T21:04:40.189+06:00  INFO 577218 --- [pangochain-backend] [nio-8080-exec-9] c.p.backend.document.DocumentService     : ACL check: Layer1=PASS Layer2=PASS doc=7eb7b50a-21ec-4f40-a48a-98cccaa8f738 user=bench@pangochain.test
2026-07-31T21:04:40.190+06:00  INFO 577218 --- [pangochain-backend] [io-8080-exec-16] c.p.backend.document.DocumentService     : ACL check: Layer1=PASS Layer2=PASS doc=7eb7b50a-21ec-4f40-a48a-98cccaa8f738 user=bench@pangochain.test
2026-07-31T21:04:40.188+06:00  INFO 577218 --- [pangochain-backend] [io-8080-exec-12] c.pangochain.backend.ipfs.IpfsService    : Fetched 780 bytes from primary IPFS CID=QmdMbyBpoGFK1mURYDVGnjQ4AkNoJfnaBed6stWNVYy8rq
2026-07-31T21:04:40.190+06:00  INFO 577218 --- [pangochain-backend] [nio-8080-exec-7] c.pangochain.backend.ipfs.IpfsService    : Fetched 780 bytes from primary IPFS CID=QmdMbyBpoGFK1mURYDVGnjQ4AkNoJfnaBed6stWNVYy8rq
2026-07-31T21:04:40.190+06:00  INFO 577218 --- [pangochain-backend] [io-8080-exec-15] c.pangochain.backend.ipfs.IpfsService    : Fetched 780 bytes from primary IPFS CID=QmdMbyBpoGFK1mURYDVGnjQ4AkNoJfnaBed6stWNVYy8rq
2026-07-31T21:04:40.192+06:00  INFO 577218 --- [pangochain-backend] [io-8080-exec-11] c.pangochain.backend.ipfs.IpfsService    : Fetched 780 bytes from primary IPFS CID=QmdMbyBpoGFK1mURYDVGnjQ4AkNoJfnaBed6stWNVYy8rq
2026-07-31T21:04:40.192+06:00  INFO 577218 --- [pangochain-backend] [nio-8080-exec-9] c.pangochain.backend.ipfs.IpfsService    : Fetched 780 bytes from primary IPFS CID=QmdMbyBpoGFK1mURYDVGnjQ4AkNoJfnaBed6stWNVYy8rq
2026-07-31T21:04:40.193+06:00  INFO 577218 --- [pangochain-backend] [io-8080-exec-10] c.p.backend.document.DocumentService     : ACL check: Layer1=PASS Layer2=PASS doc=7eb7b50a-21ec-4f40-a48a-98cccaa8f738 user=bench@pangochain.test
2026-07-31T21:04:40.194+06:00  INFO 577218 --- [pangochain-backend] [io-8080-exec-13] c.p.backend.document.DocumentService     : ACL check: Layer1=PASS Layer2=PASS doc=7eb7b50a-21ec-4f40-a48a-98cccaa8f738 user=bench@pangochain.test
2026-07-31T21:04:40.194+06:00  INFO 577218 --- [pangochain-backend] [io-8080-exec-16] c.pangochain.backend.ipfs.IpfsService    : Fetched 780 bytes from primary IPFS CID=QmdMbyBpoGFK1mURYDVGnjQ4AkNoJfnaBed6stWNVYy8rq
2026-07-31T21:04:40.195+06:00  INFO 577218 --- [pangochain-backend] [io-8080-exec-14] c.p.backend.document.DocumentService     : ACL check: Layer1=PASS Layer2=PASS doc=7eb7b50a-21ec-4f40-a48a-98cccaa8f738 user=bench@pangochain.test
2026-07-31T21:04:40.197+06:00  INFO 577218 --- [pangochain-backend] [io-8080-exec-10] c.pangochain.backend.ipfs.IpfsService    : Fetched 780 bytes from primary IPFS CID=QmdMbyBpoGFK1mURYDVGnjQ4AkNoJfnaBed6stWNVYy8rq
2026-07-31T21:04:40.197+06:00  INFO 577218 --- [pangochain-backend] [io-8080-exec-13] c.pangochain.backend.ipfs.IpfsService    : Fetched 780 bytes from primary IPFS CID=QmdMbyBpoGFK1mURYDVGnjQ4AkNoJfnaBed6stWNVYy8rq
2026-07-31T21:04:40.197+06:00  INFO 577218 --- [pangochain-backend] [io-8080-exec-14] c.pangochain.backend.ipfs.IpfsService    : Fetched 780 bytes from primary IPFS CID=QmdMbyBpoGFK1mURYDVGnjQ4AkNoJfnaBed6stWNVYy8rq
2026-07-31T21:04:40.221+06:00  INFO 577218 --- [pangochain-backend] [nio-8080-exec-4] c.p.backend.document.DocumentService     : ACL check: Layer1=PASS Layer2=PASS doc=7eb7b50a-21ec-4f40-a48a-98cccaa8f738 user=bench@pangochain.test
2026-07-31T21:04:40.222+06:00  INFO 577218 --- [pangochain-backend] [io-8080-exec-11] c.p.backend.document.DocumentService     : ACL check: Layer1=PASS Layer2=PASS doc=7eb7b50a-21ec-4f40-a48a-98cccaa8f738 user=bench@pangochain.test
2026-07-31T21:04:40.222+06:00  INFO 577218 --- [pangochain-backend] [io-8080-exec-19] c.p.backend.document.DocumentService     : ACL check: Layer1=PASS Layer2=PASS doc=7eb7b50a-21ec-4f40-a48a-98cccaa8f738 user=bench@pangochain.test
2026-07-31T21:04:40.223+06:00  INFO 577218 --- [pangochain-backend] [io-8080-exec-17] c.p.backend.document.DocumentService     : ACL check: Layer1=PASS Layer2=PASS doc=7eb7b50a-21ec-4f40-a48a-98cccaa8f738 user=bench@pangochain.test
2026-07-31T21:04:40.223+06:00  INFO 577218 --- [pangochain-backend] [nio-8080-exec-9] c.p.backend.document.DocumentService     : ACL check: Layer1=PASS Layer2=PASS doc=7eb7b50a-21ec-4f40-a48a-98cccaa8f738 user=bench@pangochain.test
2026-07-31T21:04:40.224+06:00  INFO 577218 --- [pangochain-backend] [nio-8080-exec-2] c.p.backend.document.DocumentService     : ACL check: Layer1=PASS Layer2=PASS doc=7eb7b50a-21ec-4f40-a48a-98cccaa8f738 user=bench@pangochain.test
2026-07-31T21:04:40.224+06:00  INFO 577218 --- [pangochain-backend] [io-8080-exec-13] c.p.backend.document.DocumentService     : ACL check: Layer1=PASS Layer2=PASS doc=7eb7b50a-21ec-4f40-a48a-98cccaa8f738 user=bench@pangochain.test
2026-07-31T21:04:40.227+06:00  INFO 577218 --- [pangochain-backend] [io-8080-exec-19] c.pangochain.backend.ipfs.IpfsService    : Fetched 780 bytes from primary IPFS CID=QmdMbyBpoGFK1mURYDVGnjQ4AkNoJfnaBed6stWNVYy8rq
2026-07-31T21:04:40.227+06:00  INFO 577218 --- [pangochain-backend] [nio-8080-exec-9] c.pangochain.backend.ipfs.IpfsService    : Fetched 780 bytes from primary IPFS CID=QmdMbyBpoGFK1mURYDVGnjQ4AkNoJfnaBed6stWNVYy8rq
2026-07-31T21:04:40.227+06:00  INFO 577218 --- [pangochain-backend] [io-8080-exec-11] c.pangochain.backend.ipfs.IpfsService    : Fetched 780 bytes from primary IPFS CID=QmdMbyBpoGFK1mURYDVGnjQ4AkNoJfnaBed6stWNVYy8rq
2026-07-31T21:04:40.232+06:00  INFO 577218 --- [pangochain-backend] [nio-8080-exec-4] c.pangochain.backend.ipfs.IpfsService    : Fetched 780 bytes from primary IPFS CID=QmdMbyBpoGFK1mURYDVGnjQ4AkNoJfnaBed6stWNVYy8rq
2026-07-31T21:04:40.232+06:00  INFO 577218 --- [pangochain-backend] [io-8080-exec-17] c.pangochain.backend.ipfs.IpfsService    : Fetched 780 bytes from primary IPFS CID=QmdMbyBpoGFK1mURYDVGnjQ4AkNoJfnaBed6stWNVYy8rq
2026-07-31T21:04:40.233+06:00  INFO 577218 --- [pangochain-backend] [io-8080-exec-13] c.pangochain.backend.ipfs.IpfsService    : Fetched 780 bytes from primary IPFS CID=QmdMbyBpoGFK1mURYDVGnjQ4AkNoJfnaBed6stWNVYy8rq
2026-07-31T21:04:40.234+06:00  INFO 577218 --- [pangochain-backend] [nio-8080-exec-2] c.pangochain.backend.ipfs.IpfsService    : Fetched 780 bytes from primary IPFS CID=QmdMbyBpoGFK1mURYDVGnjQ4AkNoJfnaBed6stWNVYy8rq
2026-07-31T21:04:40.236+06:00  INFO 577218 --- [pangochain-backend] [nio-8080-exec-6] c.p.backend.document.DocumentService     : ACL check: Layer1=PASS Layer2=PASS doc=7eb7b50a-21ec-4f40-a48a-98cccaa8f738 user=bench@pangochain.test
2026-07-31T21:04:40.239+06:00  INFO 577218 --- [pangochain-backend] [io-8080-exec-16] c.p.backend.document.DocumentService     : ACL check: Layer1=PASS Layer2=PASS doc=7eb7b50a-21ec-4f40-a48a-98cccaa8f738 user=bench@pangochain.test
2026-07-31T21:04:40.244+06:00  INFO 577218 --- [pangochain-backend] [nio-8080-exec-6] c.pangochain.backend.ipfs.IpfsService    : Fetched 780 bytes from primary IPFS CID=QmdMbyBpoGFK1mURYDVGnjQ4AkNoJfnaBed6stWNVYy8rq
2026-07-31T21:04:40.250+06:00  INFO 577218 --- [pangochain-backend] [nio-8080-exec-3] c.p.backend.document.DocumentService     : ACL check: Layer1=PASS Layer2=PASS doc=7eb7b50a-21ec-4f40-a48a-98cccaa8f738 user=bench@pangochain.test
2026-07-31T21:04:40.250+06:00  INFO 577218 --- [pangochain-backend] [io-8080-exec-16] c.pangochain.backend.ipfs.IpfsService    : Fetched 780 bytes from primary IPFS CID=QmdMbyBpoGFK1mURYDVGnjQ4AkNoJfnaBed6stWNVYy8rq
2026-07-31T21:04:40.256+06:00  INFO 577218 --- [pangochain-backend] [nio-8080-exec-3] c.pangochain.backend.ipfs.IpfsService    : Fetched 780 bytes from primary IPFS CID=QmdMbyBpoGFK1mURYDVGnjQ4AkNoJfnaBed6stWNVYy8rq
2026-07-31T21:04:40.268+06:00  INFO 577218 --- [pangochain-backend] [io-8080-exec-15] c.p.backend.document.DocumentService     : ACL check: Layer1=PASS Layer2=PASS doc=7eb7b50a-21ec-4f40-a48a-98cccaa8f738 user=bench@pangochain.test
2026-07-31T21:04:40.272+06:00  INFO 577218 --- [pangochain-backend] [nio-8080-exec-8] c.p.backend.document.DocumentService     : ACL check: Layer1=PASS Layer2=PASS doc=7eb7b50a-21ec-4f40-a48a-98cccaa8f738 user=bench@pangochain.test
2026-07-31T21:04:40.275+06:00  INFO 577218 --- [pangochain-backend] [io-8080-exec-15] c.pangochain.backend.ipfs.IpfsService    : Fetched 780 bytes from primary IPFS CID=QmdMbyBpoGFK1mURYDVGnjQ4AkNoJfnaBed6stWNVYy8rq
2026-07-31T21:04:40.277+06:00  INFO 577218 --- [pangochain-backend] [nio-8080-exec-1] c.p.backend.document.DocumentService     : ACL check: Layer1=PASS Layer2=PASS doc=7eb7b50a-21ec-4f40-a48a-98cccaa8f738 user=bench@pangochain.test
2026-07-31T21:04:40.281+06:00  INFO 577218 --- [pangochain-backend] [io-8080-exec-10] c.p.backend.document.DocumentService     : ACL check: Layer1=PASS Layer2=PASS doc=7eb7b50a-21ec-4f40-a48a-98cccaa8f738 user=bench@pangochain.test
2026-07-31T21:04:40.281+06:00  INFO 577218 --- [pangochain-backend] [nio-8080-exec-7] c.p.backend.document.DocumentService     : ACL check: Layer1=PASS Layer2=PASS doc=7eb7b50a-21ec-4f40-a48a-98cccaa8f738 user=bench@pangochain.test
2026-07-31T21:04:40.282+06:00  INFO 577218 --- [pangochain-backend] [nio-8080-exec-8] c.pangochain.backend.ipfs.IpfsService    : Fetched 780 bytes from primary IPFS CID=QmdMbyBpoGFK1mURYDVGnjQ4AkNoJfnaBed6stWNVYy8rq
2026-07-31T21:04:40.282+06:00  INFO 577218 --- [pangochain-backend] [nio-8080-exec-5] c.p.backend.document.DocumentService     : ACL check: Layer1=PASS Layer2=PASS doc=7eb7b50a-21ec-4f40-a48a-98cccaa8f738 user=bench@pangochain.test
2026-07-31T21:04:40.282+06:00  INFO 577218 --- [pangochain-backend] [io-8080-exec-18] c.p.backend.document.DocumentService     : ACL check: Layer1=PASS Layer2=PASS doc=7eb7b50a-21ec-4f40-a48a-98cccaa8f738 user=bench@pangochain.test
2026-07-31T21:04:40.282+06:00  INFO 577218 --- [pangochain-backend] [nio-8080-exec-1] c.pangochain.backend.ipfs.IpfsService    : Fetched 780 bytes from primary IPFS CID=QmdMbyBpoGFK1mURYDVGnjQ4AkNoJfnaBed6stWNVYy8rq
2026-07-31T21:04:40.283+06:00  INFO 577218 --- [pangochain-backend] [io-8080-exec-12] c.p.backend.document.DocumentService     : ACL check: Layer1=PASS Layer2=PASS doc=7eb7b50a-21ec-4f40-a48a-98cccaa8f738 user=bench@pangochain.test
2026-07-31T21:04:40.286+06:00  INFO 577218 --- [pangochain-backend] [io-8080-exec-18] c.pangochain.backend.ipfs.IpfsService    : Fetched 780 bytes from primary IPFS CID=QmdMbyBpoGFK1mURYDVGnjQ4AkNoJfnaBed6stWNVYy8rq
2026-07-31T21:04:40.287+06:00  INFO 577218 --- [pangochain-backend] [nio-8080-exec-5] c.pangochain.backend.ipfs.IpfsService    : Fetched 780 bytes from primary IPFS CID=QmdMbyBpoGFK1mURYDVGnjQ4AkNoJfnaBed6stWNVYy8rq
2026-07-31T21:04:40.293+06:00  INFO 577218 --- [pangochain-backend] [nio-8080-exec-3] c.p.backend.document.DocumentService     : ACL check: Layer1=PASS Layer2=PASS doc=7eb7b50a-21ec-4f40-a48a-98cccaa8f738 user=bench@pangochain.test
2026-07-31T21:04:40.305+06:00  INFO 577218 --- [pangochain-backend] [io-8080-exec-12] c.pangochain.backend.ipfs.IpfsService    : Fetched 780 bytes from primary IPFS CID=QmdMbyBpoGFK1mURYDVGnjQ4AkNoJfnaBed6stWNVYy8rq
2026-07-31T21:04:40.308+06:00  INFO 577218 --- [pangochain-backend] [nio-8080-exec-7] c.pangochain.backend.ipfs.IpfsService    : Fetched 780 bytes from primary IPFS CID=QmdMbyBpoGFK1mURYDVGnjQ4AkNoJfnaBed6stWNVYy8rq
2026-07-31T21:04:40.310+06:00  INFO 577218 --- [pangochain-backend] [io-8080-exec-10] c.pangochain.backend.ipfs.IpfsService    : Fetched 780 bytes from primary IPFS CID=QmdMbyBpoGFK1mURYDVGnjQ4AkNoJfnaBed6stWNVYy8rq
2026-07-31T21:04:40.312+06:00  INFO 577218 --- [pangochain-backend] [io-8080-exec-14] c.p.backend.document.DocumentService     : ACL check: Layer1=PASS Layer2=PASS doc=7eb7b50a-21ec-4f40-a48a-98cccaa8f738 user=bench@pangochain.test
2026-07-31T21:04:40.315+06:00  INFO 577218 --- [pangochain-backend] [nio-8080-exec-3] c.pangochain.backend.ipfs.IpfsService    : Fetched 780 bytes from primary IPFS CID=QmdMbyBpoGFK1mURYDVGnjQ4AkNoJfnaBed6stWNVYy8rq
2026-07-31T21:04:40.323+06:00  INFO 577218 --- [pangochain-backend] [io-8080-exec-15] c.p.backend.document.DocumentService     : ACL check: Layer1=PASS Layer2=PASS doc=7eb7b50a-21ec-4f40-a48a-98cccaa8f738 user=bench@pangochain.test
2026-07-31T21:04:40.323+06:00  INFO 577218 --- [pangochain-backend] [io-8080-exec-14] c.pangochain.backend.ipfs.IpfsService    : Fetched 780 bytes from primary IPFS CID=QmdMbyBpoGFK1mURYDVGnjQ4AkNoJfnaBed6stWNVYy8rq
2026-07-31T21:04:40.334+06:00  INFO 577218 --- [pangochain-backend] [io-8080-exec-15] c.pangochain.backend.ipfs.IpfsService    : Fetched 780 bytes from primary IPFS CID=QmdMbyBpoGFK1mURYDVGnjQ4AkNoJfnaBed6stWNVYy8rq
2026-07-31T21:04:40.343+06:00  INFO 577218 --- [pangochain-backend] [io-8080-exec-19] c.p.backend.document.DocumentService     : ACL check: Layer1=PASS Layer2=PASS doc=7eb7b50a-21ec-4f40-a48a-98cccaa8f738 user=bench@pangochain.test
2026-07-31T21:04:40.343+06:00  INFO 577218 --- [pangochain-backend] [nio-8080-exec-9] c.p.backend.document.DocumentService     : ACL check: Layer1=PASS Layer2=PASS doc=7eb7b50a-21ec-4f40-a48a-98cccaa8f738 user=bench@pangochain.test
2026-07-31T21:04:40.345+06:00  INFO 577218 --- [pangochain-backend] [io-8080-exec-20] c.p.backend.document.DocumentService     : ACL check: Layer1=PASS Layer2=PASS doc=7eb7b50a-21ec-4f40-a48a-98cccaa8f738 user=bench@pangochain.test
2026-07-31T21:04:40.346+06:00  INFO 577218 --- [pangochain-backend] [io-8080-exec-12] c.p.backend.document.DocumentService     : ACL check: Layer1=PASS Layer2=PASS doc=7eb7b50a-21ec-4f40-a48a-98cccaa8f738 user=bench@pangochain.test
2026-07-31T21:04:40.346+06:00  INFO 577218 --- [pangochain-backend] [io-8080-exec-10] c.p.backend.document.DocumentService     : ACL check: Layer1=PASS Layer2=PASS doc=7eb7b50a-21ec-4f40-a48a-98cccaa8f738 user=bench@pangochain.test
2026-07-31T21:04:40.346+06:00  INFO 577218 --- [pangochain-backend] [nio-8080-exec-1] c.p.backend.document.DocumentService     : ACL check: Layer1=PASS Layer2=PASS doc=7eb7b50a-21ec-4f40-a48a-98cccaa8f738 user=bench@pangochain.test
2026-07-31T21:04:40.347+06:00  INFO 577218 --- [pangochain-backend] [nio-8080-exec-3] c.p.backend.document.DocumentService     : ACL check: Layer1=PASS Layer2=PASS doc=7eb7b50a-21ec-4f40-a48a-98cccaa8f738 user=bench@pangochain.test
2026-07-31T21:04:40.347+06:00  INFO 577218 --- [pangochain-backend] [io-8080-exec-14] c.p.backend.document.DocumentService     : ACL check: Layer1=PASS Layer2=PASS doc=7eb7b50a-21ec-4f40-a48a-98cccaa8f738 user=bench@pangochain.test
2026-07-31T21:04:40.347+06:00  INFO 577218 --- [pangochain-backend] [nio-8080-exec-9] c.pangochain.backend.ipfs.IpfsService    : Fetched 780 bytes from primary IPFS CID=QmdMbyBpoGFK1mURYDVGnjQ4AkNoJfnaBed6stWNVYy8rq
2026-07-31T21:04:40.347+06:00  INFO 577218 --- [pangochain-backend] [io-8080-exec-19] c.pangochain.backend.ipfs.IpfsService    : Fetched 780 bytes from primary IPFS CID=QmdMbyBpoGFK1mURYDVGnjQ4AkNoJfnaBed6stWNVYy8rq
2026-07-31T21:04:40.348+06:00  INFO 577218 --- [pangochain-backend] [nio-8080-exec-7] c.p.backend.document.DocumentService     : ACL check: Layer1=PASS Layer2=PASS doc=7eb7b50a-21ec-4f40-a48a-98cccaa8f738 user=bench@pangochain.test
2026-07-31T21:04:40.348+06:00  INFO 577218 --- [pangochain-backend] [io-8080-exec-20] c.pangochain.backend.ipfs.IpfsService    : Fetched 780 bytes from primary IPFS CID=QmdMbyBpoGFK1mURYDVGnjQ4AkNoJfnaBed6stWNVYy8rq
2026-07-31T21:04:40.349+06:00  INFO 577218 --- [pangochain-backend] [nio-8080-exec-1] c.pangochain.backend.ipfs.IpfsService    : Fetched 780 bytes from primary IPFS CID=QmdMbyBpoGFK1mURYDVGnjQ4AkNoJfnaBed6stWNVYy8rq
2026-07-31T21:04:40.349+06:00  INFO 577218 --- [pangochain-backend] [io-8080-exec-10] c.pangochain.backend.ipfs.IpfsService    : Fetched 780 bytes from primary IPFS CID=QmdMbyBpoGFK1mURYDVGnjQ4AkNoJfnaBed6stWNVYy8rq
2026-07-31T21:04:40.350+06:00  INFO 577218 --- [pangochain-backend] [io-8080-exec-12] c.pangochain.backend.ipfs.IpfsService    : Fetched 780 bytes from primary IPFS CID=QmdMbyBpoGFK1mURYDVGnjQ4AkNoJfnaBed6stWNVYy8rq
2026-07-31T21:04:40.350+06:00  INFO 577218 --- [pangochain-backend] [io-8080-exec-14] c.pangochain.backend.ipfs.IpfsService    : Fetched 780 bytes from primary IPFS CID=QmdMbyBpoGFK1mURYDVGnjQ4AkNoJfnaBed6stWNVYy8rq
2026-07-31T21:04:40.350+06:00  INFO 577218 --- [pangochain-backend] [nio-8080-exec-7] c.pangochain.backend.ipfs.IpfsService    : Fetched 780 bytes from primary IPFS CID=QmdMbyBpoGFK1mURYDVGnjQ4AkNoJfnaBed6stWNVYy8rq
2026-07-31T21:04:40.351+06:00  INFO 577218 --- [pangochain-backend] [nio-8080-exec-3] c.pangochain.backend.ipfs.IpfsService    : Fetched 780 bytes from primary IPFS CID=QmdMbyBpoGFK1mURYDVGnjQ4AkNoJfnaBed6stWNVYy8rq
2026-07-31T21:04:40.358+06:00  INFO 577218 --- [pangochain-backend] [io-8080-exec-11] c.p.backend.document.DocumentService     : ACL check: Layer1=PASS Layer2=PASS doc=7eb7b50a-21ec-4f40-a48a-98cccaa8f738 user=bench@pangochain.test
2026-07-31T21:04:40.364+06:00  INFO 577218 --- [pangochain-backend] [io-8080-exec-11] c.pangochain.backend.ipfs.IpfsService    : Fetched 780 bytes from primary IPFS CID=QmdMbyBpoGFK1mURYDVGnjQ4AkNoJfnaBed6stWNVYy8rq
2026-07-31T21:04:40.373+06:00  INFO 577218 --- [pangochain-backend] [io-8080-exec-17] c.p.backend.document.DocumentService     : ACL check: Layer1=PASS Layer2=PASS doc=7eb7b50a-21ec-4f40-a48a-98cccaa8f738 user=bench@pangochain.test
2026-07-31T21:04:40.375+06:00  INFO 577218 --- [pangochain-backend] [nio-8080-exec-6] c.p.backend.document.DocumentService     : ACL check: Layer1=PASS Layer2=PASS doc=7eb7b50a-21ec-4f40-a48a-98cccaa8f738 user=bench@pangochain.test
2026-07-31T21:04:40.375+06:00  INFO 577218 --- [pangochain-backend] [nio-8080-exec-4] c.p.backend.document.DocumentService     : ACL check: Layer1=PASS Layer2=PASS doc=7eb7b50a-21ec-4f40-a48a-98cccaa8f738 user=bench@pangochain.test
2026-07-31T21:04:40.377+06:00  INFO 577218 --- [pangochain-backend] [nio-8080-exec-5] c.p.backend.document.DocumentService     : ACL check: Layer1=PASS Layer2=PASS doc=7eb7b50a-21ec-4f40-a48a-98cccaa8f738 user=bench@pangochain.test
2026-07-31T21:04:40.377+06:00  INFO 577218 --- [pangochain-backend] [io-8080-exec-16] c.p.backend.document.DocumentService     : ACL check: Layer1=PASS Layer2=PASS doc=7eb7b50a-21ec-4f40-a48a-98cccaa8f738 user=bench@pangochain.test
2026-07-31T21:04:40.377+06:00  INFO 577218 --- [pangochain-backend] [nio-8080-exec-2] c.p.backend.document.DocumentService     : ACL check: Layer1=PASS Layer2=PASS doc=7eb7b50a-21ec-4f40-a48a-98cccaa8f738 user=bench@pangochain.test
2026-07-31T21:04:40.378+06:00  INFO 577218 --- [pangochain-backend] [io-8080-exec-17] c.pangochain.backend.ipfs.IpfsService    : Fetched 780 bytes from primary IPFS CID=QmdMbyBpoGFK1mURYDVGnjQ4AkNoJfnaBed6stWNVYy8rq
2026-07-31T21:04:40.378+06:00  INFO 577218 --- [pangochain-backend] [nio-8080-exec-4] c.pangochain.backend.ipfs.IpfsService    : Fetched 780 bytes from primary IPFS CID=QmdMbyBpoGFK1mURYDVGnjQ4AkNoJfnaBed6stWNVYy8rq
2026-07-31T21:04:40.379+06:00  INFO 577218 --- [pangochain-backend] [io-8080-exec-13] c.p.backend.document.DocumentService     : ACL check: Layer1=PASS Layer2=PASS doc=7eb7b50a-21ec-4f40-a48a-98cccaa8f738 user=bench@pangochain.test
2026-07-31T21:04:40.379+06:00  INFO 577218 --- [pangochain-backend] [nio-8080-exec-6] c.pangochain.backend.ipfs.IpfsService    : Fetched 780 bytes from primary IPFS CID=QmdMbyBpoGFK1mURYDVGnjQ4AkNoJfnaBed6stWNVYy8rq
2026-07-31T21:04:40.379+06:00  INFO 577218 --- [pangochain-backend] [nio-8080-exec-8] c.p.backend.document.DocumentService     : ACL check: Layer1=PASS Layer2=PASS doc=7eb7b50a-21ec-4f40-a48a-98cccaa8f738 user=bench@pangochain.test
2026-07-31T21:04:40.380+06:00  INFO 577218 --- [pangochain-backend] [nio-8080-exec-5] c.pangochain.backend.ipfs.IpfsService    : Fetched 780 bytes from primary IPFS CID=QmdMbyBpoGFK1mURYDVGnjQ4AkNoJfnaBed6stWNVYy8rq
2026-07-31T21:04:40.381+06:00  INFO 577218 --- [pangochain-backend] [nio-8080-exec-2] c.pangochain.backend.ipfs.IpfsService    : Fetched 780 bytes from primary IPFS CID=QmdMbyBpoGFK1mURYDVGnjQ4AkNoJfnaBed6stWNVYy8rq
2026-07-31T21:04:40.383+06:00  INFO 577218 --- [pangochain-backend] [io-8080-exec-13] c.pangochain.backend.ipfs.IpfsService    : Fetched 780 bytes from primary IPFS CID=QmdMbyBpoGFK1mURYDVGnjQ4AkNoJfnaBed6stWNVYy8rq
2026-07-31T21:04:40.383+06:00  INFO 577218 --- [pangochain-backend] [io-8080-exec-16] c.pangochain.backend.ipfs.IpfsService    : Fetched 780 bytes from primary IPFS CID=QmdMbyBpoGFK1mURYDVGnjQ4AkNoJfnaBed6stWNVYy8rq
2026-07-31T21:04:40.383+06:00  INFO 577218 --- [pangochain-backend] [io-8080-exec-18] c.p.backend.document.DocumentService     : ACL check: Layer1=PASS Layer2=PASS doc=7eb7b50a-21ec-4f40-a48a-98cccaa8f738 user=bench@pangochain.test
2026-07-31T21:04:40.384+06:00  INFO 577218 --- [pangochain-backend] [nio-8080-exec-8] c.pangochain.backend.ipfs.IpfsService    : Fetched 780 bytes from primary IPFS CID=QmdMbyBpoGFK1mURYDVGnjQ4AkNoJfnaBed6stWNVYy8rq
2026-07-31T21:04:40.388+06:00  INFO 577218 --- [pangochain-backend] [io-8080-exec-11] c.p.backend.document.DocumentService     : ACL check: Layer1=PASS Layer2=PASS doc=7eb7b50a-21ec-4f40-a48a-98cccaa8f738 user=bench@pangochain.test
2026-07-31T21:04:40.388+06:00  INFO 577218 --- [pangochain-backend] [io-8080-exec-18] c.pangochain.backend.ipfs.IpfsService    : Fetched 780 bytes from primary IPFS CID=QmdMbyBpoGFK1mURYDVGnjQ4AkNoJfnaBed6stWNVYy8rq
2026-07-31T21:04:40.392+06:00  INFO 577218 --- [pangochain-backend] [io-8080-exec-11] c.pangochain.backend.ipfs.IpfsService    : Fetched 780 bytes from primary IPFS CID=QmdMbyBpoGFK1mURYDVGnjQ4AkNoJfnaBed6stWNVYy8rq
2026-07-31T21:04:40.399+06:00  INFO 577218 --- [pangochain-backend] [io-8080-exec-20] c.p.backend.document.DocumentService     : ACL check: Layer1=PASS Layer2=PASS doc=7eb7b50a-21ec-4f40-a48a-98cccaa8f738 user=bench@pangochain.test
2026-07-31T21:04:40.399+06:00  INFO 577218 --- [pangochain-backend] [nio-8080-exec-9] c.p.backend.document.DocumentService     : ACL check: Layer1=PASS Layer2=PASS doc=7eb7b50a-21ec-4f40-a48a-98cccaa8f738 user=bench@pangochain.test
2026-07-31T21:04:40.399+06:00  INFO 577218 --- [pangochain-backend] [io-8080-exec-15] c.p.backend.document.DocumentService     : ACL check: Layer1=PASS Layer2=PASS doc=7eb7b50a-21ec-4f40-a48a-98cccaa8f738 user=bench@pangochain.test
2026-07-31T21:04:40.400+06:00  INFO 577218 --- [pangochain-backend] [nio-8080-exec-1] c.p.backend.document.DocumentService     : ACL check: Layer1=PASS Layer2=PASS doc=7eb7b50a-21ec-4f40-a48a-98cccaa8f738 user=bench@pangochain.test
2026-07-31T21:04:40.400+06:00  INFO 577218 --- [pangochain-backend] [io-8080-exec-19] c.p.backend.document.DocumentService     : ACL check: Layer1=PASS Layer2=PASS doc=7eb7b50a-21ec-4f40-a48a-98cccaa8f738 user=bench@pangochain.test
2026-07-31T21:04:40.402+06:00  INFO 577218 --- [pangochain-backend] [io-8080-exec-14] c.p.backend.document.DocumentService     : ACL check: Layer1=PASS Layer2=PASS doc=7eb7b50a-21ec-4f40-a48a-98cccaa8f738 user=bench@pangochain.test
2026-07-31T21:04:40.403+06:00  INFO 577218 --- [pangochain-backend] [nio-8080-exec-9] c.pangochain.backend.ipfs.IpfsService    : Fetched 780 bytes from primary IPFS CID=QmdMbyBpoGFK1mURYDVGnjQ4AkNoJfnaBed6stWNVYy8rq
2026-07-31T21:04:40.403+06:00  INFO 577218 --- [pangochain-backend] [io-8080-exec-15] c.pangochain.backend.ipfs.IpfsService    : Fetched 780 bytes from primary IPFS CID=QmdMbyBpoGFK1mURYDVGnjQ4AkNoJfnaBed6stWNVYy8rq
2026-07-31T21:04:40.403+06:00  INFO 577218 --- [pangochain-backend] [io-8080-exec-20] c.pangochain.backend.ipfs.IpfsService    : Fetched 780 bytes from primary IPFS CID=QmdMbyBpoGFK1mURYDVGnjQ4AkNoJfnaBed6stWNVYy8rq
2026-07-31T21:04:40.403+06:00  INFO 577218 --- [pangochain-backend] [io-8080-exec-10] c.p.backend.document.DocumentService     : ACL check: Layer1=PASS Layer2=PASS doc=7eb7b50a-21ec-4f40-a48a-98cccaa8f738 user=bench@pangochain.test
2026-07-31T21:04:40.404+06:00  INFO 577218 --- [pangochain-backend] [nio-8080-exec-1] c.pangochain.backend.ipfs.IpfsService    : Fetched 780 bytes from primary IPFS CID=QmdMbyBpoGFK1mURYDVGnjQ4AkNoJfnaBed6stWNVYy8rq
2026-07-31T21:04:40.404+06:00  INFO 577218 --- [pangochain-backend] [nio-8080-exec-7] c.p.backend.document.DocumentService     : ACL check: Layer1=PASS Layer2=PASS doc=7eb7b50a-21ec-4f40-a48a-98cccaa8f738 user=bench@pangochain.test
2026-07-31T21:04:40.407+06:00  INFO 577218 --- [pangochain-backend] [io-8080-exec-10] c.pangochain.backend.ipfs.IpfsService    : Fetched 780 bytes from primary IPFS CID=QmdMbyBpoGFK1mURYDVGnjQ4AkNoJfnaBed6stWNVYy8rq
2026-07-31T21:04:40.407+06:00  INFO 577218 --- [pangochain-backend] [io-8080-exec-14] c.pangochain.backend.ipfs.IpfsService    : Fetched 780 bytes from primary IPFS CID=QmdMbyBpoGFK1mURYDVGnjQ4AkNoJfnaBed6stWNVYy8rq
2026-07-31T21:04:40.408+06:00  INFO 577218 --- [pangochain-backend] [io-8080-exec-19] c.pangochain.backend.ipfs.IpfsService    : Fetched 780 bytes from primary IPFS CID=QmdMbyBpoGFK1mURYDVGnjQ4AkNoJfnaBed6stWNVYy8rq
2026-07-31T21:04:40.408+06:00  INFO 577218 --- [pangochain-backend] [io-8080-exec-12] c.p.backend.document.DocumentService     : ACL check: Layer1=PASS Layer2=PASS doc=7eb7b50a-21ec-4f40-a48a-98cccaa8f738 user=bench@pangochain.test
2026-07-31T21:04:40.410+06:00  INFO 577218 --- [pangochain-backend] [nio-8080-exec-7] c.pangochain.backend.ipfs.IpfsService    : Fetched 780 bytes from primary IPFS CID=QmdMbyBpoGFK1mURYDVGnjQ4AkNoJfnaBed6stWNVYy8rq
2026-07-31T21:04:40.412+06:00  INFO 577218 --- [pangochain-backend] [nio-8080-exec-3] c.p.backend.document.DocumentService     : ACL check: Layer1=PASS Layer2=PASS doc=7eb7b50a-21ec-4f40-a48a-98cccaa8f738 user=bench@pangochain.test
2026-07-31T21:04:40.413+06:00  INFO 577218 --- [pangochain-backend] [io-8080-exec-12] c.pangochain.backend.ipfs.IpfsService    : Fetched 780 bytes from primary IPFS CID=QmdMbyBpoGFK1mURYDVGnjQ4AkNoJfnaBed6stWNVYy8rq
2026-07-31T21:04:40.418+06:00  INFO 577218 --- [pangochain-backend] [nio-8080-exec-3] c.pangochain.backend.ipfs.IpfsService    : Fetched 780 bytes from primary IPFS CID=QmdMbyBpoGFK1mURYDVGnjQ4AkNoJfnaBed6stWNVYy8rq
2026-07-31T21:04:40.424+06:00  INFO 577218 --- [pangochain-backend] [io-8080-exec-17] c.p.backend.document.DocumentService     : ACL check: Layer1=PASS Layer2=PASS doc=7eb7b50a-21ec-4f40-a48a-98cccaa8f738 user=bench@pangochain.test
2026-07-31T21:04:40.425+06:00  INFO 577218 --- [pangochain-backend] [io-8080-exec-20] c.p.backend.document.DocumentService     : ACL check: Layer1=PASS Layer2=PASS doc=7eb7b50a-21ec-4f40-a48a-98cccaa8f738 user=bench@pangochain.test
2026-07-31T21:04:40.426+06:00  INFO 577218 --- [pangochain-backend] [nio-8080-exec-6] c.p.backend.document.DocumentService     : ACL check: Layer1=PASS Layer2=PASS doc=7eb7b50a-21ec-4f40-a48a-98cccaa8f738 user=bench@pangochain.test
2026-07-31T21:04:40.427+06:00  INFO 577218 --- [pangochain-backend] [nio-8080-exec-2] c.p.backend.document.DocumentService     : ACL check: Layer1=PASS Layer2=PASS doc=7eb7b50a-21ec-4f40-a48a-98cccaa8f738 user=bench@pangochain.test
2026-07-31T21:04:40.427+06:00  INFO 577218 --- [pangochain-backend] [io-8080-exec-19] c.p.backend.document.DocumentService     : ACL check: Layer1=PASS Layer2=PASS doc=7eb7b50a-21ec-4f40-a48a-98cccaa8f738 user=bench@pangochain.test
2026-07-31T21:04:40.427+06:00  INFO 577218 --- [pangochain-backend] [nio-8080-exec-4] c.p.backend.document.DocumentService     : ACL check: Layer1=PASS Layer2=PASS doc=7eb7b50a-21ec-4f40-a48a-98cccaa8f738 user=bench@pangochain.test
2026-07-31T21:04:40.427+06:00  INFO 577218 --- [pangochain-backend] [nio-8080-exec-5] c.p.backend.document.DocumentService     : ACL check: Layer1=PASS Layer2=PASS doc=7eb7b50a-21ec-4f40-a48a-98cccaa8f738 user=bench@pangochain.test
2026-07-31T21:04:40.429+06:00  INFO 577218 --- [pangochain-backend] [io-8080-exec-17] c.pangochain.backend.ipfs.IpfsService    : Fetched 780 bytes from primary IPFS CID=QmdMbyBpoGFK1mURYDVGnjQ4AkNoJfnaBed6stWNVYy8rq
2026-07-31T21:04:40.429+06:00  INFO 577218 --- [pangochain-backend] [io-8080-exec-20] c.pangochain.backend.ipfs.IpfsService    : Fetched 780 bytes from primary IPFS CID=QmdMbyBpoGFK1mURYDVGnjQ4AkNoJfnaBed6stWNVYy8rq
2026-07-31T21:04:40.430+06:00  INFO 577218 --- [pangochain-backend] [io-8080-exec-19] c.pangochain.backend.ipfs.IpfsService    : Fetched 780 bytes from primary IPFS CID=QmdMbyBpoGFK1mURYDVGnjQ4AkNoJfnaBed6stWNVYy8rq
2026-07-31T21:04:40.431+06:00  INFO 577218 --- [pangochain-backend] [nio-8080-exec-6] c.pangochain.backend.ipfs.IpfsService    : Fetched 780 bytes from primary IPFS CID=QmdMbyBpoGFK1mURYDVGnjQ4AkNoJfnaBed6stWNVYy8rq
2026-07-31T21:04:40.433+06:00  INFO 577218 --- [pangochain-backend] [nio-8080-exec-2] c.pangochain.backend.ipfs.IpfsService    : Fetched 780 bytes from primary IPFS CID=QmdMbyBpoGFK1mURYDVGnjQ4AkNoJfnaBed6stWNVYy8rq
2026-07-31T21:04:40.433+06:00  INFO 577218 --- [pangochain-backend] [nio-8080-exec-7] c.p.backend.document.DocumentService     : ACL check: Layer1=PASS Layer2=PASS doc=7eb7b50a-21ec-4f40-a48a-98cccaa8f738 user=bench@pangochain.test
2026-07-31T21:04:40.433+06:00  INFO 577218 --- [pangochain-backend] [nio-8080-exec-5] c.pangochain.backend.ipfs.IpfsService    : Fetched 780 bytes from primary IPFS CID=QmdMbyBpoGFK1mURYDVGnjQ4AkNoJfnaBed6stWNVYy8rq
2026-07-31T21:04:40.434+06:00  INFO 577218 --- [pangochain-backend] [io-8080-exec-12] c.p.backend.document.DocumentService     : ACL check: Layer1=PASS Layer2=PASS doc=7eb7b50a-21ec-4f40-a48a-98cccaa8f738 user=bench@pangochain.test
2026-07-31T21:04:40.434+06:00  INFO 577218 --- [pangochain-backend] [nio-8080-exec-4] c.pangochain.backend.ipfs.IpfsService    : Fetched 780 bytes from primary IPFS CID=QmdMbyBpoGFK1mURYDVGnjQ4AkNoJfnaBed6stWNVYy8rq
2026-07-31T21:04:40.438+06:00  INFO 577218 --- [pangochain-backend] [io-8080-exec-12] c.pangochain.backend.ipfs.IpfsService    : Fetched 780 bytes from primary IPFS CID=QmdMbyBpoGFK1mURYDVGnjQ4AkNoJfnaBed6stWNVYy8rq
2026-07-31T21:04:40.439+06:00  INFO 577218 --- [pangochain-backend] [nio-8080-exec-7] c.pangochain.backend.ipfs.IpfsService    : Fetched 780 bytes from primary IPFS CID=QmdMbyBpoGFK1mURYDVGnjQ4AkNoJfnaBed6stWNVYy8rq
2026-07-31T21:04:40.443+06:00  INFO 577218 --- [pangochain-backend] [nio-8080-exec-3] c.p.backend.document.DocumentService     : ACL check: Layer1=PASS Layer2=PASS doc=7eb7b50a-21ec-4f40-a48a-98cccaa8f738 user=bench@pangochain.test
2026-07-31T21:04:40.447+06:00  INFO 577218 --- [pangochain-backend] [nio-8080-exec-3] c.pangochain.backend.ipfs.IpfsService    : Fetched 780 bytes from primary IPFS CID=QmdMbyBpoGFK1mURYDVGnjQ4AkNoJfnaBed6stWNVYy8rq
2026-07-31T21:04:40.450+06:00  INFO 577218 --- [pangochain-backend] [io-8080-exec-13] c.p.backend.document.DocumentService     : ACL check: Layer1=PASS Layer2=PASS doc=7eb7b50a-21ec-4f40-a48a-98cccaa8f738 user=bench@pangochain.test
2026-07-31T21:04:40.450+06:00  INFO 577218 --- [pangochain-backend] [nio-8080-exec-8] c.p.backend.document.DocumentService     : ACL check: Layer1=PASS Layer2=PASS doc=7eb7b50a-21ec-4f40-a48a-98cccaa8f738 user=bench@pangochain.test
2026-07-31T21:04:40.451+06:00  INFO 577218 --- [pangochain-backend] [io-8080-exec-16] c.p.backend.document.DocumentService     : ACL check: Layer1=PASS Layer2=PASS doc=7eb7b50a-21ec-4f40-a48a-98cccaa8f738 user=bench@pangochain.test
2026-07-31T21:04:40.451+06:00  INFO 577218 --- [pangochain-backend] [io-8080-exec-11] c.p.backend.document.DocumentService     : ACL check: Layer1=PASS Layer2=PASS doc=7eb7b50a-21ec-4f40-a48a-98cccaa8f738 user=bench@pangochain.test
2026-07-31T21:04:40.452+06:00  INFO 577218 --- [pangochain-backend] [nio-8080-exec-6] c.p.backend.document.DocumentService     : ACL check: Layer1=PASS Layer2=PASS doc=7eb7b50a-21ec-4f40-a48a-98cccaa8f738 user=bench@pangochain.test
2026-07-31T21:04:40.453+06:00  INFO 577218 --- [pangochain-backend] [nio-8080-exec-1] c.p.backend.document.DocumentService     : ACL check: Layer1=PASS Layer2=PASS doc=7eb7b50a-21ec-4f40-a48a-98cccaa8f738 user=bench@pangochain.test
2026-07-31T21:04:40.454+06:00  INFO 577218 --- [pangochain-backend] [io-8080-exec-11] c.pangochain.backend.ipfs.IpfsService    : Fetched 780 bytes from primary IPFS CID=QmdMbyBpoGFK1mURYDVGnjQ4AkNoJfnaBed6stWNVYy8rq
2026-07-31T21:04:40.454+06:00  INFO 577218 --- [pangochain-backend] [nio-8080-exec-6] c.pangochain.backend.ipfs.IpfsService    : Fetched 780 bytes from primary IPFS CID=QmdMbyBpoGFK1mURYDVGnjQ4AkNoJfnaBed6stWNVYy8rq
2026-07-31T21:04:40.454+06:00  INFO 577218 --- [pangochain-backend] [io-8080-exec-16] c.pangochain.backend.ipfs.IpfsService    : Fetched 780 bytes from primary IPFS CID=QmdMbyBpoGFK1mURYDVGnjQ4AkNoJfnaBed6stWNVYy8rq
2026-07-31T21:04:40.454+06:00  INFO 577218 --- [pangochain-backend] [io-8080-exec-13] c.pangochain.backend.ipfs.IpfsService    : Fetched 780 bytes from primary IPFS CID=QmdMbyBpoGFK1mURYDVGnjQ4AkNoJfnaBed6stWNVYy8rq
2026-07-31T21:04:40.456+06:00  INFO 577218 --- [pangochain-backend] [nio-8080-exec-8] c.pangochain.backend.ipfs.IpfsService    : Fetched 780 bytes from primary IPFS CID=QmdMbyBpoGFK1mURYDVGnjQ4AkNoJfnaBed6stWNVYy8rq
2026-07-31T21:04:40.456+06:00  INFO 577218 --- [pangochain-backend] [io-8080-exec-18] c.p.backend.document.DocumentService     : ACL check: Layer1=PASS Layer2=PASS doc=7eb7b50a-21ec-4f40-a48a-98cccaa8f738 user=bench@pangochain.test
2026-07-31T21:04:40.457+06:00  INFO 577218 --- [pangochain-backend] [nio-8080-exec-1] c.pangochain.backend.ipfs.IpfsService    : Fetched 780 bytes from primary IPFS CID=QmdMbyBpoGFK1mURYDVGnjQ4AkNoJfnaBed6stWNVYy8rq
2026-07-31T21:04:40.460+06:00  INFO 577218 --- [pangochain-backend] [io-8080-exec-12] c.p.backend.document.DocumentService     : ACL check: Layer1=PASS Layer2=PASS doc=7eb7b50a-21ec-4f40-a48a-98cccaa8f738 user=bench@pangochain.test
2026-07-31T21:04:40.460+06:00  INFO 577218 --- [pangochain-backend] [nio-8080-exec-7] c.p.backend.document.DocumentService     : ACL check: Layer1=PASS Layer2=PASS doc=7eb7b50a-21ec-4f40-a48a-98cccaa8f738 user=bench@pangochain.test
2026-07-31T21:04:40.460+06:00  INFO 577218 --- [pangochain-backend] [io-8080-exec-18] c.pangochain.backend.ipfs.IpfsService    : Fetched 780 bytes from primary IPFS CID=QmdMbyBpoGFK1mURYDVGnjQ4AkNoJfnaBed6stWNVYy8rq
2026-07-31T21:04:40.464+06:00  INFO 577218 --- [pangochain-backend] [nio-8080-exec-7] c.pangochain.backend.ipfs.IpfsService    : Fetched 780 bytes from primary IPFS CID=QmdMbyBpoGFK1mURYDVGnjQ4AkNoJfnaBed6stWNVYy8rq
2026-07-31T21:04:40.464+06:00  INFO 577218 --- [pangochain-backend] [io-8080-exec-12] c.pangochain.backend.ipfs.IpfsService    : Fetched 780 bytes from primary IPFS CID=QmdMbyBpoGFK1mURYDVGnjQ4AkNoJfnaBed6stWNVYy8rq
2026-07-31T21:04:40.469+06:00  INFO 577218 --- [pangochain-backend] [nio-8080-exec-9] c.p.backend.document.DocumentService     : ACL check: Layer1=PASS Layer2=PASS doc=7eb7b50a-21ec-4f40-a48a-98cccaa8f738 user=bench@pangochain.test
2026-07-31T21:04:40.474+06:00  INFO 577218 --- [pangochain-backend] [nio-8080-exec-9] c.pangochain.backend.ipfs.IpfsService    : Fetched 780 bytes from primary IPFS CID=QmdMbyBpoGFK1mURYDVGnjQ4AkNoJfnaBed6stWNVYy8rq
2026-07-31T21:04:40.475+06:00  INFO 577218 --- [pangochain-backend] [io-8080-exec-10] c.p.backend.document.DocumentService     : ACL check: Layer1=PASS Layer2=PASS doc=7eb7b50a-21ec-4f40-a48a-98cccaa8f738 user=bench@pangochain.test
2026-07-31T21:04:40.476+06:00  INFO 577218 --- [pangochain-backend] [io-8080-exec-17] c.p.backend.document.DocumentService     : ACL check: Layer1=PASS Layer2=PASS doc=7eb7b50a-21ec-4f40-a48a-98cccaa8f738 user=bench@pangochain.test
2026-07-31T21:04:40.477+06:00  INFO 577218 --- [pangochain-backend] [io-8080-exec-14] c.p.backend.document.DocumentService     : ACL check: Layer1=PASS Layer2=PASS doc=7eb7b50a-21ec-4f40-a48a-98cccaa8f738 user=bench@pangochain.test
2026-07-31T21:04:40.477+06:00  INFO 577218 --- [pangochain-backend] [io-8080-exec-15] c.p.backend.document.DocumentService     : ACL check: Layer1=PASS Layer2=PASS doc=7eb7b50a-21ec-4f40-a48a-98cccaa8f738 user=bench@pangochain.test
2026-07-31T21:04:40.478+06:00  INFO 577218 --- [pangochain-backend] [io-8080-exec-20] c.p.backend.document.DocumentService     : ACL check: Layer1=PASS Layer2=PASS doc=7eb7b50a-21ec-4f40-a48a-98cccaa8f738 user=bench@pangochain.test
2026-07-31T21:04:40.478+06:00  INFO 577218 --- [pangochain-backend] [io-8080-exec-19] c.p.backend.document.DocumentService     : ACL check: Layer1=PASS Layer2=PASS doc=7eb7b50a-21ec-4f40-a48a-98cccaa8f738 user=bench@pangochain.test
2026-07-31T21:04:40.481+06:00  INFO 577218 --- [pangochain-backend] [io-8080-exec-17] c.pangochain.backend.ipfs.IpfsService    : Fetched 780 bytes from primary IPFS CID=QmdMbyBpoGFK1mURYDVGnjQ4AkNoJfnaBed6stWNVYy8rq
2026-07-31T21:04:40.482+06:00  INFO 577218 --- [pangochain-backend] [io-8080-exec-15] c.pangochain.backend.ipfs.IpfsService    : Fetched 780 bytes from primary IPFS CID=QmdMbyBpoGFK1mURYDVGnjQ4AkNoJfnaBed6stWNVYy8rq
2026-07-31T21:04:40.482+06:00  INFO 577218 --- [pangochain-backend] [io-8080-exec-10] c.pangochain.backend.ipfs.IpfsService    : Fetched 780 bytes from primary IPFS CID=QmdMbyBpoGFK1mURYDVGnjQ4AkNoJfnaBed6stWNVYy8rq
2026-07-31T21:04:40.481+06:00  INFO 577218 --- [pangochain-backend] [io-8080-exec-14] c.pangochain.backend.ipfs.IpfsService    : Fetched 780 bytes from primary IPFS CID=QmdMbyBpoGFK1mURYDVGnjQ4AkNoJfnaBed6stWNVYy8rq
2026-07-31T21:04:40.482+06:00  INFO 577218 --- [pangochain-backend] [io-8080-exec-19] c.pangochain.backend.ipfs.IpfsService    : Fetched 780 bytes from primary IPFS CID=QmdMbyBpoGFK1mURYDVGnjQ4AkNoJfnaBed6stWNVYy8rq
2026-07-31T21:04:40.481+06:00  INFO 577218 --- [pangochain-backend] [io-8080-exec-20] c.pangochain.backend.ipfs.IpfsService    : Fetched 780 bytes from primary IPFS CID=QmdMbyBpoGFK1mURYDVGnjQ4AkNoJfnaBed6stWNVYy8rq
2026-07-31T21:04:40.484+06:00  INFO 577218 --- [pangochain-backend] [nio-8080-exec-5] c.p.backend.document.DocumentService     : ACL check: Layer1=PASS Layer2=PASS doc=7eb7b50a-21ec-4f40-a48a-98cccaa8f738 user=bench@pangochain.test
2026-07-31T21:04:40.485+06:00  INFO 577218 --- [pangochain-backend] [nio-8080-exec-2] c.p.backend.document.DocumentService     : ACL check: Layer1=PASS Layer2=PASS doc=7eb7b50a-21ec-4f40-a48a-98cccaa8f738 user=bench@pangochain.test
2026-07-31T21:04:40.488+06:00  INFO 577218 --- [pangochain-backend] [nio-8080-exec-2] c.pangochain.backend.ipfs.IpfsService    : Fetched 780 bytes from primary IPFS CID=QmdMbyBpoGFK1mURYDVGnjQ4AkNoJfnaBed6stWNVYy8rq
2026-07-31T21:04:40.488+06:00  INFO 577218 --- [pangochain-backend] [nio-8080-exec-5] c.pangochain.backend.ipfs.IpfsService    : Fetched 780 bytes from primary IPFS CID=QmdMbyBpoGFK1mURYDVGnjQ4AkNoJfnaBed6stWNVYy8rq
2026-07-31T21:04:40.491+06:00  INFO 577218 --- [pangochain-backend] [nio-8080-exec-4] c.p.backend.document.DocumentService     : ACL check: Layer1=PASS Layer2=PASS doc=7eb7b50a-21ec-4f40-a48a-98cccaa8f738 user=bench@pangochain.test
2026-07-31T21:04:40.497+06:00  INFO 577218 --- [pangochain-backend] [nio-8080-exec-4] c.pangochain.backend.ipfs.IpfsService    : Fetched 780 bytes from primary IPFS CID=QmdMbyBpoGFK1mURYDVGnjQ4AkNoJfnaBed6stWNVYy8rq
2026-07-31T21:04:40.498+06:00  INFO 577218 --- [pangochain-backend] [nio-8080-exec-3] c.p.backend.document.DocumentService     : ACL check: Layer1=PASS Layer2=PASS doc=7eb7b50a-21ec-4f40-a48a-98cccaa8f738 user=bench@pangochain.test
2026-07-31T21:04:40.501+06:00  INFO 577218 --- [pangochain-backend] [nio-8080-exec-3] c.pangochain.backend.ipfs.IpfsService    : Fetched 780 bytes from primary IPFS CID=QmdMbyBpoGFK1mURYDVGnjQ4AkNoJfnaBed6stWNVYy8rq
2026-07-31T21:04:40.501+06:00  INFO 577218 --- [pangochain-backend] [nio-8080-exec-8] c.p.backend.document.DocumentService     : ACL check: Layer1=PASS Layer2=PASS doc=7eb7b50a-21ec-4f40-a48a-98cccaa8f738 user=bench@pangochain.test
2026-07-31T21:04:40.502+06:00  INFO 577218 --- [pangochain-backend] [io-8080-exec-11] c.p.backend.document.DocumentService     : ACL check: Layer1=PASS Layer2=PASS doc=7eb7b50a-21ec-4f40-a48a-98cccaa8f738 user=bench@pangochain.test
2026-07-31T21:04:40.503+06:00  INFO 577218 --- [pangochain-backend] [io-8080-exec-13] c.p.backend.document.DocumentService     : ACL check: Layer1=PASS Layer2=PASS doc=7eb7b50a-21ec-4f40-a48a-98cccaa8f738 user=bench@pangochain.test
2026-07-31T21:04:40.504+06:00  INFO 577218 --- [pangochain-backend] [io-8080-exec-16] c.p.backend.document.DocumentService     : ACL check: Layer1=PASS Layer2=PASS doc=7eb7b50a-21ec-4f40-a48a-98cccaa8f738 user=bench@pangochain.test
2026-07-31T21:04:40.504+06:00  INFO 577218 --- [pangochain-backend] [nio-8080-exec-1] c.p.backend.document.DocumentService     : ACL check: Layer1=PASS Layer2=PASS doc=7eb7b50a-21ec-4f40-a48a-98cccaa8f738 user=bench@pangochain.test
2026-07-31T21:04:40.505+06:00  INFO 577218 --- [pangochain-backend] [nio-8080-exec-6] c.p.backend.document.DocumentService     : ACL check: Layer1=PASS Layer2=PASS doc=7eb7b50a-21ec-4f40-a48a-98cccaa8f738 user=bench@pangochain.test
2026-07-31T21:04:40.507+06:00  INFO 577218 --- [pangochain-backend] [io-8080-exec-11] c.pangochain.backend.ipfs.IpfsService    : Fetched 780 bytes from primary IPFS CID=QmdMbyBpoGFK1mURYDVGnjQ4AkNoJfnaBed6stWNVYy8rq
2026-07-31T21:04:40.507+06:00  INFO 577218 --- [pangochain-backend] [io-8080-exec-13] c.pangochain.backend.ipfs.IpfsService    : Fetched 780 bytes from primary IPFS CID=QmdMbyBpoGFK1mURYDVGnjQ4AkNoJfnaBed6stWNVYy8rq
2026-07-31T21:04:40.507+06:00  INFO 577218 --- [pangochain-backend] [nio-8080-exec-1] c.pangochain.backend.ipfs.IpfsService    : Fetched 780 bytes from primary IPFS CID=QmdMbyBpoGFK1mURYDVGnjQ4AkNoJfnaBed6stWNVYy8rq
2026-07-31T21:04:40.507+06:00  INFO 577218 --- [pangochain-backend] [nio-8080-exec-8] c.pangochain.backend.ipfs.IpfsService    : Fetched 780 bytes from primary IPFS CID=QmdMbyBpoGFK1mURYDVGnjQ4AkNoJfnaBed6stWNVYy8rq
2026-07-31T21:04:40.507+06:00  INFO 577218 --- [pangochain-backend] [io-8080-exec-16] c.pangochain.backend.ipfs.IpfsService    : Fetched 780 bytes from primary IPFS CID=QmdMbyBpoGFK1mURYDVGnjQ4AkNoJfnaBed6stWNVYy8rq
2026-07-31T21:04:40.509+06:00  INFO 577218 --- [pangochain-backend] [nio-8080-exec-6] c.pangochain.backend.ipfs.IpfsService    : Fetched 780 bytes from primary IPFS CID=QmdMbyBpoGFK1mURYDVGnjQ4AkNoJfnaBed6stWNVYy8rq
2026-07-31T21:04:40.511+06:00  INFO 577218 --- [pangochain-backend] [io-8080-exec-18] c.p.backend.document.DocumentService     : ACL check: Layer1=PASS Layer2=PASS doc=7eb7b50a-21ec-4f40-a48a-98cccaa8f738 user=bench@pangochain.test
2026-07-31T21:04:40.515+06:00  INFO 577218 --- [pangochain-backend] [io-8080-exec-18] c.pangochain.backend.ipfs.IpfsService    : Fetched 780 bytes from primary IPFS CID=QmdMbyBpoGFK1mURYDVGnjQ4AkNoJfnaBed6stWNVYy8rq
2026-07-31T21:04:40.516+06:00  INFO 577218 --- [pangochain-backend] [io-8080-exec-12] c.p.backend.document.DocumentService     : ACL check: Layer1=PASS Layer2=PASS doc=7eb7b50a-21ec-4f40-a48a-98cccaa8f738 user=bench@pangochain.test
2026-07-31T21:04:40.519+06:00  INFO 577218 --- [pangochain-backend] [nio-8080-exec-7] c.p.backend.document.DocumentService     : ACL check: Layer1=PASS Layer2=PASS doc=7eb7b50a-21ec-4f40-a48a-98cccaa8f738 user=bench@pangochain.test
2026-07-31T21:04:40.520+06:00  INFO 577218 --- [pangochain-backend] [io-8080-exec-12] c.pangochain.backend.ipfs.IpfsService    : Fetched 780 bytes from primary IPFS CID=QmdMbyBpoGFK1mURYDVGnjQ4AkNoJfnaBed6stWNVYy8rq
2026-07-31T21:04:40.523+06:00  INFO 577218 --- [pangochain-backend] [nio-8080-exec-7] c.pangochain.backend.ipfs.IpfsService    : Fetched 780 bytes from primary IPFS CID=QmdMbyBpoGFK1mURYDVGnjQ4AkNoJfnaBed6stWNVYy8rq
2026-07-31T21:04:40.526+06:00  INFO 577218 --- [pangochain-backend] [io-8080-exec-17] c.p.backend.document.DocumentService     : ACL check: Layer1=PASS Layer2=PASS doc=7eb7b50a-21ec-4f40-a48a-98cccaa8f738 user=bench@pangochain.test
2026-07-31T21:04:40.526+06:00  INFO 577218 --- [pangochain-backend] [nio-8080-exec-9] c.p.backend.document.DocumentService     : ACL check: Layer1=PASS Layer2=PASS doc=7eb7b50a-21ec-4f40-a48a-98cccaa8f738 user=bench@pangochain.test
2026-07-31T21:04:40.530+06:00  INFO 577218 --- [pangochain-backend] [io-8080-exec-17] c.pangochain.backend.ipfs.IpfsService    : Fetched 780 bytes from primary IPFS CID=QmdMbyBpoGFK1mURYDVGnjQ4AkNoJfnaBed6stWNVYy8rq
2026-07-31T21:04:40.531+06:00  INFO 577218 --- [pangochain-backend] [io-8080-exec-14] c.p.backend.document.DocumentService     : ACL check: Layer1=PASS Layer2=PASS doc=7eb7b50a-21ec-4f40-a48a-98cccaa8f738 user=bench@pangochain.test
2026-07-31T21:04:40.532+06:00  INFO 577218 --- [pangochain-backend] [io-8080-exec-15] c.p.backend.document.DocumentService     : ACL check: Layer1=PASS Layer2=PASS doc=7eb7b50a-21ec-4f40-a48a-98cccaa8f738 user=bench@pangochain.test
2026-07-31T21:04:40.532+06:00  INFO 577218 --- [pangochain-backend] [nio-8080-exec-9] c.pangochain.backend.ipfs.IpfsService    : Fetched 780 bytes from primary IPFS CID=QmdMbyBpoGFK1mURYDVGnjQ4AkNoJfnaBed6stWNVYy8rq
2026-07-31T21:04:40.533+06:00  INFO 577218 --- [pangochain-backend] [io-8080-exec-20] c.p.backend.document.DocumentService     : ACL check: Layer1=PASS Layer2=PASS doc=7eb7b50a-21ec-4f40-a48a-98cccaa8f738 user=bench@pangochain.test
2026-07-31T21:04:40.534+06:00  INFO 577218 --- [pangochain-backend] [io-8080-exec-19] c.p.backend.document.DocumentService     : ACL check: Layer1=PASS Layer2=PASS doc=7eb7b50a-21ec-4f40-a48a-98cccaa8f738 user=bench@pangochain.test
2026-07-31T21:04:40.534+06:00  INFO 577218 --- [pangochain-backend] [nio-8080-exec-5] c.p.backend.document.DocumentService     : ACL check: Layer1=PASS Layer2=PASS doc=7eb7b50a-21ec-4f40-a48a-98cccaa8f738 user=bench@pangochain.test
2026-07-31T21:04:40.534+06:00  INFO 577218 --- [pangochain-backend] [io-8080-exec-10] c.p.backend.document.DocumentService     : ACL check: Layer1=PASS Layer2=PASS doc=7eb7b50a-21ec-4f40-a48a-98cccaa8f738 user=bench@pangochain.test
2026-07-31T21:04:40.536+06:00  INFO 577218 --- [pangochain-backend] [io-8080-exec-19] c.pangochain.backend.ipfs.IpfsService    : Fetched 780 bytes from primary IPFS CID=QmdMbyBpoGFK1mURYDVGnjQ4AkNoJfnaBed6stWNVYy8rq
2026-07-31T21:04:40.536+06:00  INFO 577218 --- [pangochain-backend] [nio-8080-exec-5] c.pangochain.backend.ipfs.IpfsService    : Fetched 780 bytes from primary IPFS CID=QmdMbyBpoGFK1mURYDVGnjQ4AkNoJfnaBed6stWNVYy8rq
2026-07-31T21:04:40.536+06:00  INFO 577218 --- [pangochain-backend] [io-8080-exec-15] c.pangochain.backend.ipfs.IpfsService    : Fetched 780 bytes from primary IPFS CID=QmdMbyBpoGFK1mURYDVGnjQ4AkNoJfnaBed6stWNVYy8rq
2026-07-31T21:04:40.536+06:00  INFO 577218 --- [pangochain-backend] [io-8080-exec-14] c.pangochain.backend.ipfs.IpfsService    : Fetched 780 bytes from primary IPFS CID=QmdMbyBpoGFK1mURYDVGnjQ4AkNoJfnaBed6stWNVYy8rq
2026-07-31T21:04:40.536+06:00  INFO 577218 --- [pangochain-backend] [io-8080-exec-20] c.pangochain.backend.ipfs.IpfsService    : Fetched 780 bytes from primary IPFS CID=QmdMbyBpoGFK1mURYDVGnjQ4AkNoJfnaBed6stWNVYy8rq
2026-07-31T21:04:40.538+06:00  INFO 577218 --- [pangochain-backend] [io-8080-exec-10] c.pangochain.backend.ipfs.IpfsService    : Fetched 780 bytes from primary IPFS CID=QmdMbyBpoGFK1mURYDVGnjQ4AkNoJfnaBed6stWNVYy8rq
2026-07-31T21:04:40.541+06:00  INFO 577218 --- [pangochain-backend] [nio-8080-exec-2] c.p.backend.document.DocumentService     : ACL check: Layer1=PASS Layer2=PASS doc=7eb7b50a-21ec-4f40-a48a-98cccaa8f738 user=bench@pangochain.test
2026-07-31T21:04:40.545+06:00  INFO 577218 --- [pangochain-backend] [nio-8080-exec-2] c.pangochain.backend.ipfs.IpfsService    : Fetched 780 bytes from primary IPFS CID=QmdMbyBpoGFK1mURYDVGnjQ4AkNoJfnaBed6stWNVYy8rq
2026-07-31T21:04:40.548+06:00  INFO 577218 --- [pangochain-backend] [nio-8080-exec-4] c.p.backend.document.DocumentService     : ACL check: Layer1=PASS Layer2=PASS doc=7eb7b50a-21ec-4f40-a48a-98cccaa8f738 user=bench@pangochain.test
2026-07-31T21:04:40.550+06:00  INFO 577218 --- [pangochain-backend] [io-8080-exec-11] c.p.backend.document.DocumentService     : ACL check: Layer1=PASS Layer2=PASS doc=7eb7b50a-21ec-4f40-a48a-98cccaa8f738 user=bench@pangochain.test
2026-07-31T21:04:40.550+06:00  INFO 577218 --- [pangochain-backend] [nio-8080-exec-3] c.p.backend.document.DocumentService     : ACL check: Layer1=PASS Layer2=PASS doc=7eb7b50a-21ec-4f40-a48a-98cccaa8f738 user=bench@pangochain.test
2026-07-31T21:04:40.553+06:00  INFO 577218 --- [pangochain-backend] [io-8080-exec-13] c.p.backend.document.DocumentService     : ACL check: Layer1=PASS Layer2=PASS doc=7eb7b50a-21ec-4f40-a48a-98cccaa8f738 user=bench@pangochain.test
2026-07-31T21:04:40.553+06:00  INFO 577218 --- [pangochain-backend] [io-8080-exec-11] c.pangochain.backend.ipfs.IpfsService    : Fetched 780 bytes from primary IPFS CID=QmdMbyBpoGFK1mURYDVGnjQ4AkNoJfnaBed6stWNVYy8rq
2026-07-31T21:04:40.553+06:00  INFO 577218 --- [pangochain-backend] [nio-8080-exec-8] c.p.backend.document.DocumentService     : ACL check: Layer1=PASS Layer2=PASS doc=7eb7b50a-21ec-4f40-a48a-98cccaa8f738 user=bench@pangochain.test
2026-07-31T21:04:40.553+06:00  INFO 577218 --- [pangochain-backend] [io-8080-exec-15] c.p.backend.document.DocumentService     : ACL check: Layer1=PASS Layer2=PASS doc=7eb7b50a-21ec-4f40-a48a-98cccaa8f738 user=bench@pangochain.test
2026-07-31T21:04:40.554+06:00  INFO 577218 --- [pangochain-backend] [io-8080-exec-16] c.p.backend.document.DocumentService     : ACL check: Layer1=PASS Layer2=PASS doc=7eb7b50a-21ec-4f40-a48a-98cccaa8f738 user=bench@pangochain.test
2026-07-31T21:04:40.554+06:00  INFO 577218 --- [pangochain-backend] [nio-8080-exec-4] c.pangochain.backend.ipfs.IpfsService    : Fetched 780 bytes from primary IPFS CID=QmdMbyBpoGFK1mURYDVGnjQ4AkNoJfnaBed6stWNVYy8rq
2026-07-31T21:04:40.554+06:00  INFO 577218 --- [pangochain-backend] [io-8080-exec-10] c.p.backend.document.DocumentService     : ACL check: Layer1=PASS Layer2=PASS doc=7eb7b50a-21ec-4f40-a48a-98cccaa8f738 user=bench@pangochain.test
2026-07-31T21:04:40.554+06:00  INFO 577218 --- [pangochain-backend] [nio-8080-exec-3] c.pangochain.backend.ipfs.IpfsService    : Fetched 780 bytes from primary IPFS CID=QmdMbyBpoGFK1mURYDVGnjQ4AkNoJfnaBed6stWNVYy8rq
2026-07-31T21:04:40.555+06:00  INFO 577218 --- [pangochain-backend] [nio-8080-exec-1] c.p.backend.document.DocumentService     : ACL check: Layer1=PASS Layer2=PASS doc=7eb7b50a-21ec-4f40-a48a-98cccaa8f738 user=bench@pangochain.test
2026-07-31T21:04:40.557+06:00  INFO 577218 --- [pangochain-backend] [io-8080-exec-10] c.pangochain.backend.ipfs.IpfsService    : Fetched 780 bytes from primary IPFS CID=QmdMbyBpoGFK1mURYDVGnjQ4AkNoJfnaBed6stWNVYy8rq
2026-07-31T21:04:40.557+06:00  INFO 577218 --- [pangochain-backend] [nio-8080-exec-8] c.pangochain.backend.ipfs.IpfsService    : Fetched 780 bytes from primary IPFS CID=QmdMbyBpoGFK1mURYDVGnjQ4AkNoJfnaBed6stWNVYy8rq
2026-07-31T21:04:40.558+06:00  INFO 577218 --- [pangochain-backend] [io-8080-exec-13] c.pangochain.backend.ipfs.IpfsService    : Fetched 780 bytes from primary IPFS CID=QmdMbyBpoGFK1mURYDVGnjQ4AkNoJfnaBed6stWNVYy8rq
2026-07-31T21:04:40.558+06:00  INFO 577218 --- [pangochain-backend] [nio-8080-exec-1] c.pangochain.backend.ipfs.IpfsService    : Fetched 780 bytes from primary IPFS CID=QmdMbyBpoGFK1mURYDVGnjQ4AkNoJfnaBed6stWNVYy8rq
2026-07-31T21:04:40.558+06:00  INFO 577218 --- [pangochain-backend] [io-8080-exec-16] c.pangochain.backend.ipfs.IpfsService    : Fetched 780 bytes from primary IPFS CID=QmdMbyBpoGFK1mURYDVGnjQ4AkNoJfnaBed6stWNVYy8rq
2026-07-31T21:04:40.558+06:00  INFO 577218 --- [pangochain-backend] [io-8080-exec-15] c.pangochain.backend.ipfs.IpfsService    : Fetched 780 bytes from primary IPFS CID=QmdMbyBpoGFK1mURYDVGnjQ4AkNoJfnaBed6stWNVYy8rq
2026-07-31T21:04:40.566+06:00  INFO 577218 --- [pangochain-backend] [nio-8080-exec-6] c.p.backend.document.DocumentService     : ACL check: Layer1=PASS Layer2=PASS doc=7eb7b50a-21ec-4f40-a48a-98cccaa8f738 user=bench@pangochain.test
2026-07-31T21:04:40.572+06:00  INFO 577218 --- [pangochain-backend] [nio-8080-exec-6] c.pangochain.backend.ipfs.IpfsService    : Fetched 780 bytes from primary IPFS CID=QmdMbyBpoGFK1mURYDVGnjQ4AkNoJfnaBed6stWNVYy8rq
2026-07-31T21:04:40.574+06:00  INFO 577218 --- [pangochain-backend] [io-8080-exec-17] c.p.backend.document.DocumentService     : ACL check: Layer1=PASS Layer2=PASS doc=7eb7b50a-21ec-4f40-a48a-98cccaa8f738 user=bench@pangochain.test
2026-07-31T21:04:40.576+06:00  INFO 577218 --- [pangochain-backend] [nio-8080-exec-7] c.p.backend.document.DocumentService     : ACL check: Layer1=PASS Layer2=PASS doc=7eb7b50a-21ec-4f40-a48a-98cccaa8f738 user=bench@pangochain.test
2026-07-31T21:04:40.576+06:00  INFO 577218 --- [pangochain-backend] [nio-8080-exec-1] c.p.backend.document.DocumentService     : ACL check: Layer1=PASS Layer2=PASS doc=7eb7b50a-21ec-4f40-a48a-98cccaa8f738 user=bench@pangochain.test
2026-07-31T21:04:40.577+06:00  INFO 577218 --- [pangochain-backend] [io-8080-exec-17] c.pangochain.backend.ipfs.IpfsService    : Fetched 780 bytes from primary IPFS CID=QmdMbyBpoGFK1mURYDVGnjQ4AkNoJfnaBed6stWNVYy8rq
2026-07-31T21:04:40.578+06:00  INFO 577218 --- [pangochain-backend] [io-8080-exec-12] c.p.backend.document.DocumentService     : ACL check: Layer1=PASS Layer2=PASS doc=7eb7b50a-21ec-4f40-a48a-98cccaa8f738 user=bench@pangochain.test
2026-07-31T21:04:40.578+06:00  INFO 577218 --- [pangochain-backend] [nio-8080-exec-7] c.pangochain.backend.ipfs.IpfsService    : Fetched 780 bytes from primary IPFS CID=QmdMbyBpoGFK1mURYDVGnjQ4AkNoJfnaBed6stWNVYy8rq
2026-07-31T21:04:40.578+06:00  INFO 577218 --- [pangochain-backend] [nio-8080-exec-1] c.pangochain.backend.ipfs.IpfsService    : Fetched 780 bytes from primary IPFS CID=QmdMbyBpoGFK1mURYDVGnjQ4AkNoJfnaBed6stWNVYy8rq
2026-07-31T21:04:40.578+06:00  INFO 577218 --- [pangochain-backend] [nio-8080-exec-9] c.p.backend.document.DocumentService     : ACL check: Layer1=PASS Layer2=PASS doc=7eb7b50a-21ec-4f40-a48a-98cccaa8f738 user=bench@pangochain.test
2026-07-31T21:04:40.579+06:00  INFO 577218 --- [pangochain-backend] [io-8080-exec-20] c.p.backend.document.DocumentService     : ACL check: Layer1=PASS Layer2=PASS doc=7eb7b50a-21ec-4f40-a48a-98cccaa8f738 user=bench@pangochain.test
2026-07-31T21:04:40.579+06:00  INFO 577218 --- [pangochain-backend] [io-8080-exec-14] c.p.backend.document.DocumentService     : ACL check: Layer1=PASS Layer2=PASS doc=7eb7b50a-21ec-4f40-a48a-98cccaa8f738 user=bench@pangochain.test
2026-07-31T21:04:40.580+06:00  INFO 577218 --- [pangochain-backend] [io-8080-exec-13] c.p.backend.document.DocumentService     : ACL check: Layer1=PASS Layer2=PASS doc=7eb7b50a-21ec-4f40-a48a-98cccaa8f738 user=bench@pangochain.test
2026-07-31T21:04:40.582+06:00  INFO 577218 --- [pangochain-backend] [io-8080-exec-18] c.p.backend.document.DocumentService     : ACL check: Layer1=PASS Layer2=PASS doc=7eb7b50a-21ec-4f40-a48a-98cccaa8f738 user=bench@pangochain.test
2026-07-31T21:04:40.582+06:00  INFO 577218 --- [pangochain-backend] [io-8080-exec-12] c.pangochain.backend.ipfs.IpfsService    : Fetched 780 bytes from primary IPFS CID=QmdMbyBpoGFK1mURYDVGnjQ4AkNoJfnaBed6stWNVYy8rq
2026-07-31T21:04:40.583+06:00  INFO 577218 --- [pangochain-backend] [io-8080-exec-20] c.pangochain.backend.ipfs.IpfsService    : Fetched 780 bytes from primary IPFS CID=QmdMbyBpoGFK1mURYDVGnjQ4AkNoJfnaBed6stWNVYy8rq
2026-07-31T21:04:40.583+06:00  INFO 577218 --- [pangochain-backend] [nio-8080-exec-9] c.pangochain.backend.ipfs.IpfsService    : Fetched 780 bytes from primary IPFS CID=QmdMbyBpoGFK1mURYDVGnjQ4AkNoJfnaBed6stWNVYy8rq
2026-07-31T21:04:40.584+06:00  INFO 577218 --- [pangochain-backend] [io-8080-exec-13] c.pangochain.backend.ipfs.IpfsService    : Fetched 780 bytes from primary IPFS CID=QmdMbyBpoGFK1mURYDVGnjQ4AkNoJfnaBed6stWNVYy8rq
2026-07-31T21:04:40.586+06:00  INFO 577218 --- [pangochain-backend] [io-8080-exec-14] c.pangochain.backend.ipfs.IpfsService    : Fetched 780 bytes from primary IPFS CID=QmdMbyBpoGFK1mURYDVGnjQ4AkNoJfnaBed6stWNVYy8rq
2026-07-31T21:04:40.588+06:00  INFO 577218 --- [pangochain-backend] [io-8080-exec-18] c.pangochain.backend.ipfs.IpfsService    : Fetched 780 bytes from primary IPFS CID=QmdMbyBpoGFK1mURYDVGnjQ4AkNoJfnaBed6stWNVYy8rq
2026-07-31T21:04:40.591+06:00  INFO 577218 --- [pangochain-backend] [nio-8080-exec-5] c.p.backend.document.DocumentService     : ACL check: Layer1=PASS Layer2=PASS doc=7eb7b50a-21ec-4f40-a48a-98cccaa8f738 user=bench@pangochain.test
2026-07-31T21:04:40.595+06:00  INFO 577218 --- [pangochain-backend] [nio-8080-exec-5] c.pangochain.backend.ipfs.IpfsService    : Fetched 780 bytes from primary IPFS CID=QmdMbyBpoGFK1mURYDVGnjQ4AkNoJfnaBed6stWNVYy8rq
2026-07-31T21:04:40.597+06:00  INFO 577218 --- [pangochain-backend] [nio-8080-exec-4] c.p.backend.document.DocumentService     : ACL check: Layer1=PASS Layer2=PASS doc=7eb7b50a-21ec-4f40-a48a-98cccaa8f738 user=bench@pangochain.test
2026-07-31T21:04:40.598+06:00  INFO 577218 --- [pangochain-backend] [nio-8080-exec-3] c.p.backend.document.DocumentService     : ACL check: Layer1=PASS Layer2=PASS doc=7eb7b50a-21ec-4f40-a48a-98cccaa8f738 user=bench@pangochain.test
2026-07-31T21:04:40.598+06:00  INFO 577218 --- [pangochain-backend] [nio-8080-exec-2] c.p.backend.document.DocumentService     : ACL check: Layer1=PASS Layer2=PASS doc=7eb7b50a-21ec-4f40-a48a-98cccaa8f738 user=bench@pangochain.test
2026-07-31T21:04:40.600+06:00  INFO 577218 --- [pangochain-backend] [io-8080-exec-11] c.p.backend.document.DocumentService     : ACL check: Layer1=PASS Layer2=PASS doc=7eb7b50a-21ec-4f40-a48a-98cccaa8f738 user=bench@pangochain.test
2026-07-31T21:04:40.605+06:00  INFO 577218 --- [pangochain-backend] [io-8080-exec-15] c.p.backend.document.DocumentService     : ACL check: Layer1=PASS Layer2=PASS doc=7eb7b50a-21ec-4f40-a48a-98cccaa8f738 user=bench@pangochain.test
2026-07-31T21:04:40.606+06:00  INFO 577218 --- [pangochain-backend] [io-8080-exec-10] c.p.backend.document.DocumentService     : ACL check: Layer1=PASS Layer2=PASS doc=7eb7b50a-21ec-4f40-a48a-98cccaa8f738 user=bench@pangochain.test
2026-07-31T21:04:40.607+06:00  INFO 577218 --- [pangochain-backend] [io-8080-exec-16] c.p.backend.document.DocumentService     : ACL check: Layer1=PASS Layer2=PASS doc=7eb7b50a-21ec-4f40-a48a-98cccaa8f738 user=bench@pangochain.test
2026-07-31T21:04:40.607+06:00  INFO 577218 --- [pangochain-backend] [nio-8080-exec-8] c.p.backend.document.DocumentService     : ACL check: Layer1=PASS Layer2=PASS doc=7eb7b50a-21ec-4f40-a48a-98cccaa8f738 user=bench@pangochain.test
2026-07-31T21:04:40.608+06:00  INFO 577218 --- [pangochain-backend] [nio-8080-exec-4] c.pangochain.backend.ipfs.IpfsService    : Fetched 780 bytes from primary IPFS CID=QmdMbyBpoGFK1mURYDVGnjQ4AkNoJfnaBed6stWNVYy8rq
2026-07-31T21:04:40.608+06:00  INFO 577218 --- [pangochain-backend] [nio-8080-exec-2] c.pangochain.backend.ipfs.IpfsService    : Fetched 780 bytes from primary IPFS CID=QmdMbyBpoGFK1mURYDVGnjQ4AkNoJfnaBed6stWNVYy8rq
2026-07-31T21:04:40.609+06:00  INFO 577218 --- [pangochain-backend] [io-8080-exec-11] c.pangochain.backend.ipfs.IpfsService    : Fetched 780 bytes from primary IPFS CID=QmdMbyBpoGFK1mURYDVGnjQ4AkNoJfnaBed6stWNVYy8rq
2026-07-31T21:04:40.610+06:00  INFO 577218 --- [pangochain-backend] [nio-8080-exec-8] c.pangochain.backend.ipfs.IpfsService    : Fetched 780 bytes from primary IPFS CID=QmdMbyBpoGFK1mURYDVGnjQ4AkNoJfnaBed6stWNVYy8rq
2026-07-31T21:04:40.610+06:00  INFO 577218 --- [pangochain-backend] [nio-8080-exec-3] c.pangochain.backend.ipfs.IpfsService    : Fetched 780 bytes from primary IPFS CID=QmdMbyBpoGFK1mURYDVGnjQ4AkNoJfnaBed6stWNVYy8rq
2026-07-31T21:04:40.610+06:00  INFO 577218 --- [pangochain-backend] [io-8080-exec-10] c.pangochain.backend.ipfs.IpfsService    : Fetched 780 bytes from primary IPFS CID=QmdMbyBpoGFK1mURYDVGnjQ4AkNoJfnaBed6stWNVYy8rq
2026-07-31T21:04:40.610+06:00  INFO 577218 --- [pangochain-backend] [io-8080-exec-16] c.pangochain.backend.ipfs.IpfsService    : Fetched 780 bytes from primary IPFS CID=QmdMbyBpoGFK1mURYDVGnjQ4AkNoJfnaBed6stWNVYy8rq
2026-07-31T21:04:40.611+06:00  INFO 577218 --- [pangochain-backend] [io-8080-exec-15] c.pangochain.backend.ipfs.IpfsService    : Fetched 780 bytes from primary IPFS CID=QmdMbyBpoGFK1mURYDVGnjQ4AkNoJfnaBed6stWNVYy8rq
2026-07-31T21:04:40.614+06:00  INFO 577218 --- [pangochain-backend] [io-8080-exec-19] c.p.backend.document.DocumentService     : ACL check: Layer1=PASS Layer2=PASS doc=7eb7b50a-21ec-4f40-a48a-98cccaa8f738 user=bench@pangochain.test
2026-07-31T21:04:40.618+06:00  INFO 577218 --- [pangochain-backend] [io-8080-exec-19] c.pangochain.backend.ipfs.IpfsService    : Fetched 780 bytes from primary IPFS CID=QmdMbyBpoGFK1mURYDVGnjQ4AkNoJfnaBed6stWNVYy8rq
2026-07-31T21:04:40.623+06:00  INFO 577218 --- [pangochain-backend] [nio-8080-exec-5] c.p.backend.document.DocumentService     : ACL check: Layer1=PASS Layer2=PASS doc=7eb7b50a-21ec-4f40-a48a-98cccaa8f738 user=bench@pangochain.test
2026-07-31T21:04:40.630+06:00  INFO 577218 --- [pangochain-backend] [nio-8080-exec-5] c.pangochain.backend.ipfs.IpfsService    : Fetched 780 bytes from primary IPFS CID=QmdMbyBpoGFK1mURYDVGnjQ4AkNoJfnaBed6stWNVYy8rq
2026-07-31T21:04:40.633+06:00  INFO 577218 --- [pangochain-backend] [nio-8080-exec-1] c.p.backend.document.DocumentService     : ACL check: Layer1=PASS Layer2=PASS doc=7eb7b50a-21ec-4f40-a48a-98cccaa8f738 user=bench@pangochain.test
2026-07-31T21:04:40.634+06:00  INFO 577218 --- [pangochain-backend] [nio-8080-exec-6] c.p.backend.document.DocumentService     : ACL check: Layer1=PASS Layer2=PASS doc=7eb7b50a-21ec-4f40-a48a-98cccaa8f738 user=bench@pangochain.test
2026-07-31T21:04:40.635+06:00  INFO 577218 --- [pangochain-backend] [nio-8080-exec-7] c.p.backend.document.DocumentService     : ACL check: Layer1=PASS Layer2=PASS doc=7eb7b50a-21ec-4f40-a48a-98cccaa8f738 user=bench@pangochain.test
2026-07-31T21:04:40.636+06:00  INFO 577218 --- [pangochain-backend] [io-8080-exec-17] c.p.backend.document.DocumentService     : ACL check: Layer1=PASS Layer2=PASS doc=7eb7b50a-21ec-4f40-a48a-98cccaa8f738 user=bench@pangochain.test
2026-07-31T21:04:40.639+06:00  INFO 577218 --- [pangochain-backend] [nio-8080-exec-1] c.pangochain.backend.ipfs.IpfsService    : Fetched 780 bytes from primary IPFS CID=QmdMbyBpoGFK1mURYDVGnjQ4AkNoJfnaBed6stWNVYy8rq
2026-07-31T21:04:40.639+06:00  INFO 577218 --- [pangochain-backend] [nio-8080-exec-7] c.pangochain.backend.ipfs.IpfsService    : Fetched 780 bytes from primary IPFS CID=QmdMbyBpoGFK1mURYDVGnjQ4AkNoJfnaBed6stWNVYy8rq
2026-07-31T21:04:40.639+06:00  INFO 577218 --- [pangochain-backend] [nio-8080-exec-6] c.pangochain.backend.ipfs.IpfsService    : Fetched 780 bytes from primary IPFS CID=QmdMbyBpoGFK1mURYDVGnjQ4AkNoJfnaBed6stWNVYy8rq
2026-07-31T21:04:40.641+06:00  INFO 577218 --- [pangochain-backend] [io-8080-exec-17] c.pangochain.backend.ipfs.IpfsService    : Fetched 780 bytes from primary IPFS CID=QmdMbyBpoGFK1mURYDVGnjQ4AkNoJfnaBed6stWNVYy8rq
2026-07-31T21:04:40.642+06:00  INFO 577218 --- [pangochain-backend] [nio-8080-exec-2] c.p.backend.document.DocumentService     : ACL check: Layer1=PASS Layer2=PASS doc=7eb7b50a-21ec-4f40-a48a-98cccaa8f738 user=bench@pangochain.test
2026-07-31T21:04:40.642+06:00  INFO 577218 --- [pangochain-backend] [nio-8080-exec-9] c.p.backend.document.DocumentService     : ACL check: Layer1=PASS Layer2=PASS doc=7eb7b50a-21ec-4f40-a48a-98cccaa8f738 user=bench@pangochain.test
2026-07-31T21:04:40.644+06:00  INFO 577218 --- [pangochain-backend] [io-8080-exec-20] c.p.backend.document.DocumentService     : ACL check: Layer1=PASS Layer2=PASS doc=7eb7b50a-21ec-4f40-a48a-98cccaa8f738 user=bench@pangochain.test
2026-07-31T21:04:40.644+06:00  INFO 577218 --- [pangochain-backend] [io-8080-exec-12] c.p.backend.document.DocumentService     : ACL check: Layer1=PASS Layer2=PASS doc=7eb7b50a-21ec-4f40-a48a-98cccaa8f738 user=bench@pangochain.test
2026-07-31T21:04:40.646+06:00  INFO 577218 --- [pangochain-backend] [nio-8080-exec-2] c.pangochain.backend.ipfs.IpfsService    : Fetched 780 bytes from primary IPFS CID=QmdMbyBpoGFK1mURYDVGnjQ4AkNoJfnaBed6stWNVYy8rq
2026-07-31T21:04:40.647+06:00  INFO 577218 --- [pangochain-backend] [nio-8080-exec-9] c.pangochain.backend.ipfs.IpfsService    : Fetched 780 bytes from primary IPFS CID=QmdMbyBpoGFK1mURYDVGnjQ4AkNoJfnaBed6stWNVYy8rq
2026-07-31T21:04:40.650+06:00  INFO 577218 --- [pangochain-backend] [io-8080-exec-20] c.pangochain.backend.ipfs.IpfsService    : Fetched 780 bytes from primary IPFS CID=QmdMbyBpoGFK1mURYDVGnjQ4AkNoJfnaBed6stWNVYy8rq
2026-07-31T21:04:40.651+06:00  INFO 577218 --- [pangochain-backend] [io-8080-exec-12] c.pangochain.backend.ipfs.IpfsService    : Fetched 780 bytes from primary IPFS CID=QmdMbyBpoGFK1mURYDVGnjQ4AkNoJfnaBed6stWNVYy8rq
2026-07-31T21:04:40.655+06:00  INFO 577218 --- [pangochain-backend] [io-8080-exec-13] c.p.backend.document.DocumentService     : ACL check: Layer1=PASS Layer2=PASS doc=7eb7b50a-21ec-4f40-a48a-98cccaa8f738 user=bench@pangochain.test
2026-07-31T21:04:40.680+06:00  INFO 577218 --- [pangochain-backend] [io-8080-exec-11] c.p.backend.document.DocumentService     : ACL check: Layer1=PASS Layer2=PASS doc=7eb7b50a-21ec-4f40-a48a-98cccaa8f738 user=bench@pangochain.test
2026-07-31T21:04:40.680+06:00  INFO 577218 --- [pangochain-backend] [io-8080-exec-14] c.p.backend.document.DocumentService     : ACL check: Layer1=PASS Layer2=PASS doc=7eb7b50a-21ec-4f40-a48a-98cccaa8f738 user=bench@pangochain.test
2026-07-31T21:04:40.685+06:00  INFO 577218 --- [pangochain-backend] [io-8080-exec-13] c.pangochain.backend.ipfs.IpfsService    : Fetched 780 bytes from primary IPFS CID=QmdMbyBpoGFK1mURYDVGnjQ4AkNoJfnaBed6stWNVYy8rq
2026-07-31T21:04:40.687+06:00  INFO 577218 --- [pangochain-backend] [nio-8080-exec-3] c.p.backend.document.DocumentService     : ACL check: Layer1=PASS Layer2=PASS doc=7eb7b50a-21ec-4f40-a48a-98cccaa8f738 user=bench@pangochain.test
2026-07-31T21:04:40.688+06:00  INFO 577218 --- [pangochain-backend] [io-8080-exec-11] c.pangochain.backend.ipfs.IpfsService    : Fetched 780 bytes from primary IPFS CID=QmdMbyBpoGFK1mURYDVGnjQ4AkNoJfnaBed6stWNVYy8rq
2026-07-31T21:04:40.688+06:00  INFO 577218 --- [pangochain-backend] [io-8080-exec-14] c.pangochain.backend.ipfs.IpfsService    : Fetched 780 bytes from primary IPFS CID=QmdMbyBpoGFK1mURYDVGnjQ4AkNoJfnaBed6stWNVYy8rq
2026-07-31T21:04:40.689+06:00  INFO 577218 --- [pangochain-backend] [nio-8080-exec-4] c.p.backend.document.DocumentService     : ACL check: Layer1=PASS Layer2=PASS doc=7eb7b50a-21ec-4f40-a48a-98cccaa8f738 user=bench@pangochain.test
2026-07-31T21:04:40.689+06:00  INFO 577218 --- [pangochain-backend] [nio-8080-exec-2] c.p.backend.document.DocumentService     : ACL check: Layer1=PASS Layer2=PASS doc=7eb7b50a-21ec-4f40-a48a-98cccaa8f738 user=bench@pangochain.test
2026-07-31T21:04:40.692+06:00  INFO 577218 --- [pangochain-backend] [nio-8080-exec-3] c.pangochain.backend.ipfs.IpfsService    : Fetched 780 bytes from primary IPFS CID=QmdMbyBpoGFK1mURYDVGnjQ4AkNoJfnaBed6stWNVYy8rq
2026-07-31T21:04:40.693+06:00  INFO 577218 --- [pangochain-backend] [nio-8080-exec-2] c.pangochain.backend.ipfs.IpfsService    : Fetched 780 bytes from primary IPFS CID=QmdMbyBpoGFK1mURYDVGnjQ4AkNoJfnaBed6stWNVYy8rq
2026-07-31T21:04:40.697+06:00  INFO 577218 --- [pangochain-backend] [nio-8080-exec-4] c.pangochain.backend.ipfs.IpfsService    : Fetched 780 bytes from primary IPFS CID=QmdMbyBpoGFK1mURYDVGnjQ4AkNoJfnaBed6stWNVYy8rq
2026-07-31T21:04:40.699+06:00  INFO 577218 --- [pangochain-backend] [io-8080-exec-18] c.p.backend.document.DocumentService     : ACL check: Layer1=PASS Layer2=PASS doc=7eb7b50a-21ec-4f40-a48a-98cccaa8f738 user=bench@pangochain.test
2026-07-31T21:04:40.699+06:00  INFO 577218 --- [pangochain-backend] [io-8080-exec-10] c.p.backend.document.DocumentService     : ACL check: Layer1=PASS Layer2=PASS doc=7eb7b50a-21ec-4f40-a48a-98cccaa8f738 user=bench@pangochain.test
2026-07-31T21:04:40.700+06:00  INFO 577218 --- [pangochain-backend] [io-8080-exec-20] c.p.backend.document.DocumentService     : ACL check: Layer1=PASS Layer2=PASS doc=7eb7b50a-21ec-4f40-a48a-98cccaa8f738 user=bench@pangochain.test
2026-07-31T21:04:40.702+06:00  INFO 577218 --- [pangochain-backend] [nio-8080-exec-8] c.p.backend.document.DocumentService     : ACL check: Layer1=PASS Layer2=PASS doc=7eb7b50a-21ec-4f40-a48a-98cccaa8f738 user=bench@pangochain.test
2026-07-31T21:04:40.703+06:00  INFO 577218 --- [pangochain-backend] [io-8080-exec-13] c.p.backend.document.DocumentService     : ACL check: Layer1=PASS Layer2=PASS doc=7eb7b50a-21ec-4f40-a48a-98cccaa8f738 user=bench@pangochain.test
2026-07-31T21:04:40.704+06:00  INFO 577218 --- [pangochain-backend] [io-8080-exec-18] c.pangochain.backend.ipfs.IpfsService    : Fetched 780 bytes from primary IPFS CID=QmdMbyBpoGFK1mURYDVGnjQ4AkNoJfnaBed6stWNVYy8rq
2026-07-31T21:04:40.706+06:00  INFO 577218 --- [pangochain-backend] [io-8080-exec-20] c.pangochain.backend.ipfs.IpfsService    : Fetched 780 bytes from primary IPFS CID=QmdMbyBpoGFK1mURYDVGnjQ4AkNoJfnaBed6stWNVYy8rq
2026-07-31T21:04:40.706+06:00  INFO 577218 --- [pangochain-backend] [io-8080-exec-10] c.pangochain.backend.ipfs.IpfsService    : Fetched 780 bytes from primary IPFS CID=QmdMbyBpoGFK1mURYDVGnjQ4AkNoJfnaBed6stWNVYy8rq
2026-07-31T21:04:40.707+06:00  INFO 577218 --- [pangochain-backend] [io-8080-exec-13] c.pangochain.backend.ipfs.IpfsService    : Fetched 780 bytes from primary IPFS CID=QmdMbyBpoGFK1mURYDVGnjQ4AkNoJfnaBed6stWNVYy8rq
2026-07-31T21:04:40.709+06:00  INFO 577218 --- [pangochain-backend] [nio-8080-exec-8] c.pangochain.backend.ipfs.IpfsService    : Fetched 780 bytes from primary IPFS CID=QmdMbyBpoGFK1mURYDVGnjQ4AkNoJfnaBed6stWNVYy8rq
2026-07-31T21:04:40.709+06:00  INFO 577218 --- [pangochain-backend] [io-8080-exec-15] c.p.backend.document.DocumentService     : ACL check: Layer1=PASS Layer2=PASS doc=7eb7b50a-21ec-4f40-a48a-98cccaa8f738 user=bench@pangochain.test
2026-07-31T21:04:40.710+06:00  INFO 577218 --- [pangochain-backend] [io-8080-exec-19] c.p.backend.document.DocumentService     : ACL check: Layer1=PASS Layer2=PASS doc=7eb7b50a-21ec-4f40-a48a-98cccaa8f738 user=bench@pangochain.test
2026-07-31T21:04:40.711+06:00  INFO 577218 --- [pangochain-backend] [io-8080-exec-16] c.p.backend.document.DocumentService     : ACL check: Layer1=PASS Layer2=PASS doc=7eb7b50a-21ec-4f40-a48a-98cccaa8f738 user=bench@pangochain.test
2026-07-31T21:04:40.716+06:00  INFO 577218 --- [pangochain-backend] [io-8080-exec-16] c.pangochain.backend.ipfs.IpfsService    : Fetched 780 bytes from primary IPFS CID=QmdMbyBpoGFK1mURYDVGnjQ4AkNoJfnaBed6stWNVYy8rq
2026-07-31T21:04:40.718+06:00  INFO 577218 --- [pangochain-backend] [io-8080-exec-15] c.pangochain.backend.ipfs.IpfsService    : Fetched 780 bytes from primary IPFS CID=QmdMbyBpoGFK1mURYDVGnjQ4AkNoJfnaBed6stWNVYy8rq
2026-07-31T21:04:40.718+06:00  INFO 577218 --- [pangochain-backend] [io-8080-exec-19] c.pangochain.backend.ipfs.IpfsService    : Fetched 780 bytes from primary IPFS CID=QmdMbyBpoGFK1mURYDVGnjQ4AkNoJfnaBed6stWNVYy8rq
2026-07-31T21:04:40.728+06:00  INFO 577218 --- [pangochain-backend] [nio-8080-exec-5] c.p.backend.document.DocumentService     : ACL check: Layer1=PASS Layer2=PASS doc=7eb7b50a-21ec-4f40-a48a-98cccaa8f738 user=bench@pangochain.test
2026-07-31T21:04:40.731+06:00  INFO 577218 --- [pangochain-backend] [nio-8080-exec-1] c.p.backend.document.DocumentService     : ACL check: Layer1=PASS Layer2=PASS doc=7eb7b50a-21ec-4f40-a48a-98cccaa8f738 user=bench@pangochain.test
2026-07-31T21:04:40.731+06:00  INFO 577218 --- [pangochain-backend] [io-8080-exec-17] c.p.backend.document.DocumentService     : ACL check: Layer1=PASS Layer2=PASS doc=7eb7b50a-21ec-4f40-a48a-98cccaa8f738 user=bench@pangochain.test
2026-07-31T21:04:40.732+06:00  INFO 577218 --- [pangochain-backend] [nio-8080-exec-6] c.p.backend.document.DocumentService     : ACL check: Layer1=PASS Layer2=PASS doc=7eb7b50a-21ec-4f40-a48a-98cccaa8f738 user=bench@pangochain.test
2026-07-31T21:04:40.732+06:00  INFO 577218 --- [pangochain-backend] [nio-8080-exec-9] c.p.backend.document.DocumentService     : ACL check: Layer1=PASS Layer2=PASS doc=7eb7b50a-21ec-4f40-a48a-98cccaa8f738 user=bench@pangochain.test
2026-07-31T21:04:40.732+06:00  INFO 577218 --- [pangochain-backend] [nio-8080-exec-7] c.p.backend.document.DocumentService     : ACL check: Layer1=PASS Layer2=PASS doc=7eb7b50a-21ec-4f40-a48a-98cccaa8f738 user=bench@pangochain.test
2026-07-31T21:04:40.735+06:00  INFO 577218 --- [pangochain-backend] [nio-8080-exec-6] c.pangochain.backend.ipfs.IpfsService    : Fetched 780 bytes from primary IPFS CID=QmdMbyBpoGFK1mURYDVGnjQ4AkNoJfnaBed6stWNVYy8rq
2026-07-31T21:04:40.735+06:00  INFO 577218 --- [pangochain-backend] [nio-8080-exec-9] c.pangochain.backend.ipfs.IpfsService    : Fetched 780 bytes from primary IPFS CID=QmdMbyBpoGFK1mURYDVGnjQ4AkNoJfnaBed6stWNVYy8rq
2026-07-31T21:04:40.735+06:00  INFO 577218 --- [pangochain-backend] [io-8080-exec-17] c.pangochain.backend.ipfs.IpfsService    : Fetched 780 bytes from primary IPFS CID=QmdMbyBpoGFK1mURYDVGnjQ4AkNoJfnaBed6stWNVYy8rq
2026-07-31T21:04:40.736+06:00  INFO 577218 --- [pangochain-backend] [nio-8080-exec-1] c.pangochain.backend.ipfs.IpfsService    : Fetched 780 bytes from primary IPFS CID=QmdMbyBpoGFK1mURYDVGnjQ4AkNoJfnaBed6stWNVYy8rq
2026-07-31T21:04:40.736+06:00  INFO 577218 --- [pangochain-backend] [nio-8080-exec-5] c.pangochain.backend.ipfs.IpfsService    : Fetched 780 bytes from primary IPFS CID=QmdMbyBpoGFK1mURYDVGnjQ4AkNoJfnaBed6stWNVYy8rq
2026-07-31T21:04:40.736+06:00  INFO 577218 --- [pangochain-backend] [nio-8080-exec-7] c.pangochain.backend.ipfs.IpfsService    : Fetched 780 bytes from primary IPFS CID=QmdMbyBpoGFK1mURYDVGnjQ4AkNoJfnaBed6stWNVYy8rq
2026-07-31T21:04:40.742+06:00  INFO 577218 --- [pangochain-backend] [io-8080-exec-12] c.p.backend.document.DocumentService     : ACL check: Layer1=PASS Layer2=PASS doc=7eb7b50a-21ec-4f40-a48a-98cccaa8f738 user=bench@pangochain.test
2026-07-31T21:04:40.742+06:00  INFO 577218 --- [pangochain-backend] [io-8080-exec-10] c.p.backend.document.DocumentService     : ACL check: Layer1=PASS Layer2=PASS doc=7eb7b50a-21ec-4f40-a48a-98cccaa8f738 user=bench@pangochain.test
2026-07-31T21:04:40.746+06:00  INFO 577218 --- [pangochain-backend] [io-8080-exec-10] c.pangochain.backend.ipfs.IpfsService    : Fetched 780 bytes from primary IPFS CID=QmdMbyBpoGFK1mURYDVGnjQ4AkNoJfnaBed6stWNVYy8rq
2026-07-31T21:04:40.746+06:00  INFO 577218 --- [pangochain-backend] [io-8080-exec-12] c.pangochain.backend.ipfs.IpfsService    : Fetched 780 bytes from primary IPFS CID=QmdMbyBpoGFK1mURYDVGnjQ4AkNoJfnaBed6stWNVYy8rq
2026-07-31T21:04:40.750+06:00  INFO 577218 --- [pangochain-backend] [io-8080-exec-11] c.p.backend.document.DocumentService     : ACL check: Layer1=PASS Layer2=PASS doc=7eb7b50a-21ec-4f40-a48a-98cccaa8f738 user=bench@pangochain.test
2026-07-31T21:04:40.754+06:00  INFO 577218 --- [pangochain-backend] [io-8080-exec-11] c.pangochain.backend.ipfs.IpfsService    : Fetched 780 bytes from primary IPFS CID=QmdMbyBpoGFK1mURYDVGnjQ4AkNoJfnaBed6stWNVYy8rq
2026-07-31T21:04:40.755+06:00  INFO 577218 --- [pangochain-backend] [io-8080-exec-15] c.p.backend.document.DocumentService     : ACL check: Layer1=PASS Layer2=PASS doc=7eb7b50a-21ec-4f40-a48a-98cccaa8f738 user=bench@pangochain.test
2026-07-31T21:04:40.758+06:00  INFO 577218 --- [pangochain-backend] [nio-8080-exec-9] c.p.backend.document.DocumentService     : ACL check: Layer1=PASS Layer2=PASS doc=7eb7b50a-21ec-4f40-a48a-98cccaa8f738 user=bench@pangochain.test
2026-07-31T21:04:40.758+06:00  INFO 577218 --- [pangochain-backend] [nio-8080-exec-1] c.p.backend.document.DocumentService     : ACL check: Layer1=PASS Layer2=PASS doc=7eb7b50a-21ec-4f40-a48a-98cccaa8f738 user=bench@pangochain.test
2026-07-31T21:04:40.758+06:00  INFO 577218 --- [pangochain-backend] [nio-8080-exec-2] c.p.backend.document.DocumentService     : ACL check: Layer1=PASS Layer2=PASS doc=7eb7b50a-21ec-4f40-a48a-98cccaa8f738 user=bench@pangochain.test
2026-07-31T21:04:40.758+06:00  INFO 577218 --- [pangochain-backend] [io-8080-exec-15] c.pangochain.backend.ipfs.IpfsService    : Fetched 780 bytes from primary IPFS CID=QmdMbyBpoGFK1mURYDVGnjQ4AkNoJfnaBed6stWNVYy8rq
2026-07-31T21:04:40.758+06:00  INFO 577218 --- [pangochain-backend] [nio-8080-exec-3] c.p.backend.document.DocumentService     : ACL check: Layer1=PASS Layer2=PASS doc=7eb7b50a-21ec-4f40-a48a-98cccaa8f738 user=bench@pangochain.test
2026-07-31T21:04:40.759+06:00  INFO 577218 --- [pangochain-backend] [io-8080-exec-18] c.p.backend.document.DocumentService     : ACL check: Layer1=PASS Layer2=PASS doc=7eb7b50a-21ec-4f40-a48a-98cccaa8f738 user=bench@pangochain.test
2026-07-31T21:04:40.759+06:00  INFO 577218 --- [pangochain-backend] [nio-8080-exec-7] c.p.backend.document.DocumentService     : ACL check: Layer1=PASS Layer2=PASS doc=7eb7b50a-21ec-4f40-a48a-98cccaa8f738 user=bench@pangochain.test
2026-07-31T21:04:40.760+06:00  INFO 577218 --- [pangochain-backend] [nio-8080-exec-3] c.pangochain.backend.ipfs.IpfsService    : Fetched 780 bytes from primary IPFS CID=QmdMbyBpoGFK1mURYDVGnjQ4AkNoJfnaBed6stWNVYy8rq
2026-07-31T21:04:40.761+06:00  INFO 577218 --- [pangochain-backend] [nio-8080-exec-2] c.pangochain.backend.ipfs.IpfsService    : Fetched 780 bytes from primary IPFS CID=QmdMbyBpoGFK1mURYDVGnjQ4AkNoJfnaBed6stWNVYy8rq
2026-07-31T21:04:40.761+06:00  INFO 577218 --- [pangochain-backend] [nio-8080-exec-1] c.pangochain.backend.ipfs.IpfsService    : Fetched 780 bytes from primary IPFS CID=QmdMbyBpoGFK1mURYDVGnjQ4AkNoJfnaBed6stWNVYy8rq
2026-07-31T21:04:40.762+06:00  INFO 577218 --- [pangochain-backend] [nio-8080-exec-9] c.pangochain.backend.ipfs.IpfsService    : Fetched 780 bytes from primary IPFS CID=QmdMbyBpoGFK1mURYDVGnjQ4AkNoJfnaBed6stWNVYy8rq
2026-07-31T21:04:40.762+06:00  INFO 577218 --- [pangochain-backend] [io-8080-exec-18] c.pangochain.backend.ipfs.IpfsService    : Fetched 780 bytes from primary IPFS CID=QmdMbyBpoGFK1mURYDVGnjQ4AkNoJfnaBed6stWNVYy8rq
2026-07-31T21:04:40.762+06:00  INFO 577218 --- [pangochain-backend] [nio-8080-exec-7] c.pangochain.backend.ipfs.IpfsService    : Fetched 780 bytes from primary IPFS CID=QmdMbyBpoGFK1mURYDVGnjQ4AkNoJfnaBed6stWNVYy8rq
2026-07-31T21:04:40.765+06:00  INFO 577218 --- [pangochain-backend] [io-8080-exec-10] c.p.backend.document.DocumentService     : ACL check: Layer1=PASS Layer2=PASS doc=7eb7b50a-21ec-4f40-a48a-98cccaa8f738 user=bench@pangochain.test
2026-07-31T21:04:40.767+06:00  INFO 577218 --- [pangochain-backend] [io-8080-exec-20] c.p.backend.document.DocumentService     : ACL check: Layer1=PASS Layer2=PASS doc=7eb7b50a-21ec-4f40-a48a-98cccaa8f738 user=bench@pangochain.test
2026-07-31T21:04:40.769+06:00  INFO 577218 --- [pangochain-backend] [io-8080-exec-10] c.pangochain.backend.ipfs.IpfsService    : Fetched 780 bytes from primary IPFS CID=QmdMbyBpoGFK1mURYDVGnjQ4AkNoJfnaBed6stWNVYy8rq
2026-07-31T21:04:40.770+06:00  INFO 577218 --- [pangochain-backend] [io-8080-exec-20] c.pangochain.backend.ipfs.IpfsService    : Fetched 780 bytes from primary IPFS CID=QmdMbyBpoGFK1mURYDVGnjQ4AkNoJfnaBed6stWNVYy8rq
2026-07-31T21:04:40.771+06:00  INFO 577218 --- [pangochain-backend] [nio-8080-exec-8] c.p.backend.document.DocumentService     : ACL check: Layer1=PASS Layer2=PASS doc=7eb7b50a-21ec-4f40-a48a-98cccaa8f738 user=bench@pangochain.test
2026-07-31T21:04:40.774+06:00  INFO 577218 --- [pangochain-backend] [nio-8080-exec-8] c.pangochain.backend.ipfs.IpfsService    : Fetched 780 bytes from primary IPFS CID=QmdMbyBpoGFK1mURYDVGnjQ4AkNoJfnaBed6stWNVYy8rq
2026-07-31T21:04:40.777+06:00  INFO 577218 --- [pangochain-backend] [io-8080-exec-19] c.p.backend.document.DocumentService     : ACL check: Layer1=PASS Layer2=PASS doc=7eb7b50a-21ec-4f40-a48a-98cccaa8f738 user=bench@pangochain.test
2026-07-31T21:04:40.778+06:00  INFO 577218 --- [pangochain-backend] [io-8080-exec-17] c.p.backend.document.DocumentService     : ACL check: Layer1=PASS Layer2=PASS doc=7eb7b50a-21ec-4f40-a48a-98cccaa8f738 user=bench@pangochain.test
2026-07-31T21:04:40.778+06:00  INFO 577218 --- [pangochain-backend] [io-8080-exec-16] c.p.backend.document.DocumentService     : ACL check: Layer1=PASS Layer2=PASS doc=7eb7b50a-21ec-4f40-a48a-98cccaa8f738 user=bench@pangochain.test
2026-07-31T21:04:40.779+06:00  INFO 577218 --- [pangochain-backend] [io-8080-exec-14] c.p.backend.document.DocumentService     : ACL check: Layer1=PASS Layer2=PASS doc=7eb7b50a-21ec-4f40-a48a-98cccaa8f738 user=bench@pangochain.test
2026-07-31T21:04:40.780+06:00  INFO 577218 --- [pangochain-backend] [nio-8080-exec-5] c.p.backend.document.DocumentService     : ACL check: Layer1=PASS Layer2=PASS doc=7eb7b50a-21ec-4f40-a48a-98cccaa8f738 user=bench@pangochain.test
2026-07-31T21:04:40.781+06:00  INFO 577218 --- [pangochain-backend] [nio-8080-exec-4] c.p.backend.document.DocumentService     : ACL check: Layer1=PASS Layer2=PASS doc=7eb7b50a-21ec-4f40-a48a-98cccaa8f738 user=bench@pangochain.test
2026-07-31T21:04:40.781+06:00  INFO 577218 --- [pangochain-backend] [nio-8080-exec-6] c.p.backend.document.DocumentService     : ACL check: Layer1=PASS Layer2=PASS doc=7eb7b50a-21ec-4f40-a48a-98cccaa8f738 user=bench@pangochain.test
2026-07-31T21:04:40.781+06:00  INFO 577218 --- [pangochain-backend] [io-8080-exec-16] c.pangochain.backend.ipfs.IpfsService    : Fetched 780 bytes from primary IPFS CID=QmdMbyBpoGFK1mURYDVGnjQ4AkNoJfnaBed6stWNVYy8rq
2026-07-31T21:04:40.781+06:00  INFO 577218 --- [pangochain-backend] [io-8080-exec-17] c.pangochain.backend.ipfs.IpfsService    : Fetched 780 bytes from primary IPFS CID=QmdMbyBpoGFK1mURYDVGnjQ4AkNoJfnaBed6stWNVYy8rq
2026-07-31T21:04:40.781+06:00  INFO 577218 --- [pangochain-backend] [io-8080-exec-19] c.pangochain.backend.ipfs.IpfsService    : Fetched 780 bytes from primary IPFS CID=QmdMbyBpoGFK1mURYDVGnjQ4AkNoJfnaBed6stWNVYy8rq
2026-07-31T21:04:40.782+06:00  INFO 577218 --- [pangochain-backend] [io-8080-exec-14] c.pangochain.backend.ipfs.IpfsService    : Fetched 780 bytes from primary IPFS CID=QmdMbyBpoGFK1mURYDVGnjQ4AkNoJfnaBed6stWNVYy8rq
2026-07-31T21:04:40.783+06:00  INFO 577218 --- [pangochain-backend] [nio-8080-exec-4] c.pangochain.backend.ipfs.IpfsService    : Fetched 780 bytes from primary IPFS CID=QmdMbyBpoGFK1mURYDVGnjQ4AkNoJfnaBed6stWNVYy8rq
2026-07-31T21:04:40.783+06:00  INFO 577218 --- [pangochain-backend] [nio-8080-exec-5] c.pangochain.backend.ipfs.IpfsService    : Fetched 780 bytes from primary IPFS CID=QmdMbyBpoGFK1mURYDVGnjQ4AkNoJfnaBed6stWNVYy8rq
2026-07-31T21:04:40.786+06:00  INFO 577218 --- [pangochain-backend] [nio-8080-exec-6] c.pangochain.backend.ipfs.IpfsService    : Fetched 780 bytes from primary IPFS CID=QmdMbyBpoGFK1mURYDVGnjQ4AkNoJfnaBed6stWNVYy8rq
2026-07-31T21:04:40.788+06:00  INFO 577218 --- [pangochain-backend] [io-8080-exec-13] c.p.backend.document.DocumentService     : ACL check: Layer1=PASS Layer2=PASS doc=7eb7b50a-21ec-4f40-a48a-98cccaa8f738 user=bench@pangochain.test
2026-07-31T21:04:40.789+06:00  INFO 577218 --- [pangochain-backend] [io-8080-exec-12] c.p.backend.document.DocumentService     : ACL check: Layer1=PASS Layer2=PASS doc=7eb7b50a-21ec-4f40-a48a-98cccaa8f738 user=bench@pangochain.test
2026-07-31T21:04:40.793+06:00  INFO 577218 --- [pangochain-backend] [io-8080-exec-12] c.pangochain.backend.ipfs.IpfsService    : Fetched 780 bytes from primary IPFS CID=QmdMbyBpoGFK1mURYDVGnjQ4AkNoJfnaBed6stWNVYy8rq
2026-07-31T21:04:40.793+06:00  INFO 577218 --- [pangochain-backend] [io-8080-exec-13] c.pangochain.backend.ipfs.IpfsService    : Fetched 780 bytes from primary IPFS CID=QmdMbyBpoGFK1mURYDVGnjQ4AkNoJfnaBed6stWNVYy8rq
2026-07-31T21:04:40.794+06:00  INFO 577218 --- [pangochain-backend] [io-8080-exec-11] c.p.backend.document.DocumentService     : ACL check: Layer1=PASS Layer2=PASS doc=7eb7b50a-21ec-4f40-a48a-98cccaa8f738 user=bench@pangochain.test
2026-07-31T21:04:40.797+06:00  INFO 577218 --- [pangochain-backend] [io-8080-exec-15] c.p.backend.document.DocumentService     : ACL check: Layer1=PASS Layer2=PASS doc=7eb7b50a-21ec-4f40-a48a-98cccaa8f738 user=bench@pangochain.test
2026-07-31T21:04:40.798+06:00  INFO 577218 --- [pangochain-backend] [nio-8080-exec-3] c.p.backend.document.DocumentService     : ACL check: Layer1=PASS Layer2=PASS doc=7eb7b50a-21ec-4f40-a48a-98cccaa8f738 user=bench@pangochain.test
2026-07-31T21:04:40.798+06:00  INFO 577218 --- [pangochain-backend] [nio-8080-exec-4] c.p.backend.document.DocumentService     : ACL check: Layer1=PASS Layer2=PASS doc=7eb7b50a-21ec-4f40-a48a-98cccaa8f738 user=bench@pangochain.test
2026-07-31T21:04:40.798+06:00  INFO 577218 --- [pangochain-backend] [io-8080-exec-11] c.pangochain.backend.ipfs.IpfsService    : Fetched 780 bytes from primary IPFS CID=QmdMbyBpoGFK1mURYDVGnjQ4AkNoJfnaBed6stWNVYy8rq
2026-07-31T21:04:40.799+06:00  INFO 577218 --- [pangochain-backend] [nio-8080-exec-1] c.p.backend.document.DocumentService     : ACL check: Layer1=PASS Layer2=PASS doc=7eb7b50a-21ec-4f40-a48a-98cccaa8f738 user=bench@pangochain.test
2026-07-31T21:04:40.799+06:00  INFO 577218 --- [pangochain-backend] [io-8080-exec-14] c.p.backend.document.DocumentService     : ACL check: Layer1=PASS Layer2=PASS doc=7eb7b50a-21ec-4f40-a48a-98cccaa8f738 user=bench@pangochain.test
2026-07-31T21:04:40.799+06:00  INFO 577218 --- [pangochain-backend] [nio-8080-exec-2] c.p.backend.document.DocumentService     : ACL check: Layer1=PASS Layer2=PASS doc=7eb7b50a-21ec-4f40-a48a-98cccaa8f738 user=bench@pangochain.test
2026-07-31T21:04:40.800+06:00  INFO 577218 --- [pangochain-backend] [nio-8080-exec-3] c.pangochain.backend.ipfs.IpfsService    : Fetched 780 bytes from primary IPFS CID=QmdMbyBpoGFK1mURYDVGnjQ4AkNoJfnaBed6stWNVYy8rq
2026-07-31T21:04:40.801+06:00  INFO 577218 --- [pangochain-backend] [nio-8080-exec-4] c.pangochain.backend.ipfs.IpfsService    : Fetched 780 bytes from primary IPFS CID=QmdMbyBpoGFK1mURYDVGnjQ4AkNoJfnaBed6stWNVYy8rq
2026-07-31T21:04:40.801+06:00  INFO 577218 --- [pangochain-backend] [io-8080-exec-15] c.pangochain.backend.ipfs.IpfsService    : Fetched 780 bytes from primary IPFS CID=QmdMbyBpoGFK1mURYDVGnjQ4AkNoJfnaBed6stWNVYy8rq
2026-07-31T21:04:40.802+06:00  INFO 577218 --- [pangochain-backend] [nio-8080-exec-1] c.pangochain.backend.ipfs.IpfsService    : Fetched 780 bytes from primary IPFS CID=QmdMbyBpoGFK1mURYDVGnjQ4AkNoJfnaBed6stWNVYy8rq
2026-07-31T21:04:40.802+06:00  INFO 577218 --- [pangochain-backend] [io-8080-exec-14] c.pangochain.backend.ipfs.IpfsService    : Fetched 780 bytes from primary IPFS CID=QmdMbyBpoGFK1mURYDVGnjQ4AkNoJfnaBed6stWNVYy8rq
2026-07-31T21:04:40.804+06:00  INFO 577218 --- [pangochain-backend] [nio-8080-exec-9] c.p.backend.document.DocumentService     : ACL check: Layer1=PASS Layer2=PASS doc=7eb7b50a-21ec-4f40-a48a-98cccaa8f738 user=bench@pangochain.test
2026-07-31T21:04:40.804+06:00  INFO 577218 --- [pangochain-backend] [nio-8080-exec-2] c.pangochain.backend.ipfs.IpfsService    : Fetched 780 bytes from primary IPFS CID=QmdMbyBpoGFK1mURYDVGnjQ4AkNoJfnaBed6stWNVYy8rq
2026-07-31T21:04:40.807+06:00  INFO 577218 --- [pangochain-backend] [nio-8080-exec-9] c.pangochain.backend.ipfs.IpfsService    : Fetched 780 bytes from primary IPFS CID=QmdMbyBpoGFK1mURYDVGnjQ4AkNoJfnaBed6stWNVYy8rq
2026-07-31T21:04:40.812+06:00  INFO 577218 --- [pangochain-backend] [io-8080-exec-12] c.p.backend.document.DocumentService     : ACL check: Layer1=PASS Layer2=PASS doc=7eb7b50a-21ec-4f40-a48a-98cccaa8f738 user=bench@pangochain.test
2026-07-31T21:04:40.812+06:00  INFO 577218 --- [pangochain-backend] [nio-8080-exec-7] c.p.backend.document.DocumentService     : ACL check: Layer1=PASS Layer2=PASS doc=7eb7b50a-21ec-4f40-a48a-98cccaa8f738 user=bench@pangochain.test
2026-07-31T21:04:40.815+06:00  INFO 577218 --- [pangochain-backend] [nio-8080-exec-7] c.pangochain.backend.ipfs.IpfsService    : Fetched 780 bytes from primary IPFS CID=QmdMbyBpoGFK1mURYDVGnjQ4AkNoJfnaBed6stWNVYy8rq
2026-07-31T21:04:40.817+06:00  INFO 577218 --- [pangochain-backend] [io-8080-exec-12] c.pangochain.backend.ipfs.IpfsService    : Fetched 780 bytes from primary IPFS CID=QmdMbyBpoGFK1mURYDVGnjQ4AkNoJfnaBed6stWNVYy8rq
2026-07-31T21:04:40.818+06:00  INFO 577218 --- [pangochain-backend] [nio-8080-exec-8] c.p.backend.document.DocumentService     : ACL check: Layer1=PASS Layer2=PASS doc=7eb7b50a-21ec-4f40-a48a-98cccaa8f738 user=bench@pangochain.test
2026-07-31T21:04:40.819+06:00  INFO 577218 --- [pangochain-backend] [io-8080-exec-16] c.p.backend.document.DocumentService     : ACL check: Layer1=PASS Layer2=PASS doc=7eb7b50a-21ec-4f40-a48a-98cccaa8f738 user=bench@pangochain.test
2026-07-31T21:04:40.819+06:00  INFO 577218 --- [pangochain-backend] [io-8080-exec-10] c.p.backend.document.DocumentService     : ACL check: Layer1=PASS Layer2=PASS doc=7eb7b50a-21ec-4f40-a48a-98cccaa8f738 user=bench@pangochain.test
2026-07-31T21:04:40.819+06:00  INFO 577218 --- [pangochain-backend] [io-8080-exec-18] c.p.backend.document.DocumentService     : ACL check: Layer1=PASS Layer2=PASS doc=7eb7b50a-21ec-4f40-a48a-98cccaa8f738 user=bench@pangochain.test
2026-07-31T21:04:40.820+06:00  INFO 577218 --- [pangochain-backend] [io-8080-exec-19] c.p.backend.document.DocumentService     : ACL check: Layer1=PASS Layer2=PASS doc=7eb7b50a-21ec-4f40-a48a-98cccaa8f738 user=bench@pangochain.test
2026-07-31T21:04:40.820+06:00  INFO 577218 --- [pangochain-backend] [io-8080-exec-20] c.p.backend.document.DocumentService     : ACL check: Layer1=PASS Layer2=PASS doc=7eb7b50a-21ec-4f40-a48a-98cccaa8f738 user=bench@pangochain.test
2026-07-31T21:04:40.820+06:00  INFO 577218 --- [pangochain-backend] [io-8080-exec-17] c.p.backend.document.DocumentService     : ACL check: Layer1=PASS Layer2=PASS doc=7eb7b50a-21ec-4f40-a48a-98cccaa8f738 user=bench@pangochain.test
2026-07-31T21:04:40.821+06:00  INFO 577218 --- [pangochain-backend] [io-8080-exec-16] c.pangochain.backend.ipfs.IpfsService    : Fetched 780 bytes from primary IPFS CID=QmdMbyBpoGFK1mURYDVGnjQ4AkNoJfnaBed6stWNVYy8rq
2026-07-31T21:04:40.821+06:00  INFO 577218 --- [pangochain-backend] [io-8080-exec-10] c.pangochain.backend.ipfs.IpfsService    : Fetched 780 bytes from primary IPFS CID=QmdMbyBpoGFK1mURYDVGnjQ4AkNoJfnaBed6stWNVYy8rq
2026-07-31T21:04:40.822+06:00  INFO 577218 --- [pangochain-backend] [nio-8080-exec-8] c.pangochain.backend.ipfs.IpfsService    : Fetched 780 bytes from primary IPFS CID=QmdMbyBpoGFK1mURYDVGnjQ4AkNoJfnaBed6stWNVYy8rq
2026-07-31T21:04:40.822+06:00  INFO 577218 --- [pangochain-backend] [io-8080-exec-18] c.pangochain.backend.ipfs.IpfsService    : Fetched 780 bytes from primary IPFS CID=QmdMbyBpoGFK1mURYDVGnjQ4AkNoJfnaBed6stWNVYy8rq
2026-07-31T21:04:40.822+06:00  INFO 577218 --- [pangochain-backend] [nio-8080-exec-5] c.p.backend.document.DocumentService     : ACL check: Layer1=PASS Layer2=PASS doc=7eb7b50a-21ec-4f40-a48a-98cccaa8f738 user=bench@pangochain.test
2026-07-31T21:04:40.822+06:00  INFO 577218 --- [pangochain-backend] [io-8080-exec-19] c.pangochain.backend.ipfs.IpfsService    : Fetched 780 bytes from primary IPFS CID=QmdMbyBpoGFK1mURYDVGnjQ4AkNoJfnaBed6stWNVYy8rq
2026-07-31T21:04:40.822+06:00  INFO 577218 --- [pangochain-backend] [io-8080-exec-20] c.pangochain.backend.ipfs.IpfsService    : Fetched 780 bytes from primary IPFS CID=QmdMbyBpoGFK1mURYDVGnjQ4AkNoJfnaBed6stWNVYy8rq
2026-07-31T21:04:40.823+06:00  INFO 577218 --- [pangochain-backend] [io-8080-exec-17] c.pangochain.backend.ipfs.IpfsService    : Fetched 780 bytes from primary IPFS CID=QmdMbyBpoGFK1mURYDVGnjQ4AkNoJfnaBed6stWNVYy8rq
2026-07-31T21:04:40.825+06:00  INFO 577218 --- [pangochain-backend] [nio-8080-exec-5] c.pangochain.backend.ipfs.IpfsService    : Fetched 780 bytes from primary IPFS CID=QmdMbyBpoGFK1mURYDVGnjQ4AkNoJfnaBed6stWNVYy8rq
2026-07-31T21:04:40.832+06:00  INFO 577218 --- [pangochain-backend] [io-8080-exec-13] c.p.backend.document.DocumentService     : ACL check: Layer1=PASS Layer2=PASS doc=7eb7b50a-21ec-4f40-a48a-98cccaa8f738 user=bench@pangochain.test
2026-07-31T21:04:40.832+06:00  INFO 577218 --- [pangochain-backend] [nio-8080-exec-6] c.p.backend.document.DocumentService     : ACL check: Layer1=PASS Layer2=PASS doc=7eb7b50a-21ec-4f40-a48a-98cccaa8f738 user=bench@pangochain.test
2026-07-31T21:04:40.836+06:00  INFO 577218 --- [pangochain-backend] [nio-8080-exec-6] c.pangochain.backend.ipfs.IpfsService    : Fetched 780 bytes from primary IPFS CID=QmdMbyBpoGFK1mURYDVGnjQ4AkNoJfnaBed6stWNVYy8rq
2026-07-31T21:04:40.836+06:00  INFO 577218 --- [pangochain-backend] [io-8080-exec-13] c.pangochain.backend.ipfs.IpfsService    : Fetched 780 bytes from primary IPFS CID=QmdMbyBpoGFK1mURYDVGnjQ4AkNoJfnaBed6stWNVYy8rq
2026-07-31T21:04:40.838+06:00  INFO 577218 --- [pangochain-backend] [nio-8080-exec-1] c.p.backend.document.DocumentService     : ACL check: Layer1=PASS Layer2=PASS doc=7eb7b50a-21ec-4f40-a48a-98cccaa8f738 user=bench@pangochain.test
2026-07-31T21:04:40.838+06:00  INFO 577218 --- [pangochain-backend] [nio-8080-exec-3] c.p.backend.document.DocumentService     : ACL check: Layer1=PASS Layer2=PASS doc=7eb7b50a-21ec-4f40-a48a-98cccaa8f738 user=bench@pangochain.test
2026-07-31T21:04:40.838+06:00  INFO 577218 --- [pangochain-backend] [io-8080-exec-11] c.p.backend.document.DocumentService     : ACL check: Layer1=PASS Layer2=PASS doc=7eb7b50a-21ec-4f40-a48a-98cccaa8f738 user=bench@pangochain.test
2026-07-31T21:04:40.839+06:00  INFO 577218 --- [pangochain-backend] [nio-8080-exec-4] c.p.backend.document.DocumentService     : ACL check: Layer1=PASS Layer2=PASS doc=7eb7b50a-21ec-4f40-a48a-98cccaa8f738 user=bench@pangochain.test
2026-07-31T21:04:40.840+06:00  INFO 577218 --- [pangochain-backend] [io-8080-exec-17] c.p.backend.document.DocumentService     : ACL check: Layer1=PASS Layer2=PASS doc=7eb7b50a-21ec-4f40-a48a-98cccaa8f738 user=bench@pangochain.test
2026-07-31T21:04:40.840+06:00  INFO 577218 --- [pangochain-backend] [io-8080-exec-14] c.p.backend.document.DocumentService     : ACL check: Layer1=PASS Layer2=PASS doc=7eb7b50a-21ec-4f40-a48a-98cccaa8f738 user=bench@pangochain.test
2026-07-31T21:04:40.840+06:00  INFO 577218 --- [pangochain-backend] [io-8080-exec-15] c.p.backend.document.DocumentService     : ACL check: Layer1=PASS Layer2=PASS doc=7eb7b50a-21ec-4f40-a48a-98cccaa8f738 user=bench@pangochain.test
2026-07-31T21:04:40.843+06:00  INFO 577218 --- [pangochain-backend] [nio-8080-exec-1] c.pangochain.backend.ipfs.IpfsService    : Fetched 780 bytes from primary IPFS CID=QmdMbyBpoGFK1mURYDVGnjQ4AkNoJfnaBed6stWNVYy8rq
2026-07-31T21:04:40.843+06:00  INFO 577218 --- [pangochain-backend] [nio-8080-exec-3] c.pangochain.backend.ipfs.IpfsService    : Fetched 780 bytes from primary IPFS CID=QmdMbyBpoGFK1mURYDVGnjQ4AkNoJfnaBed6stWNVYy8rq
2026-07-31T21:04:40.843+06:00  INFO 577218 --- [pangochain-backend] [nio-8080-exec-2] c.p.backend.document.DocumentService     : ACL check: Layer1=PASS Layer2=PASS doc=7eb7b50a-21ec-4f40-a48a-98cccaa8f738 user=bench@pangochain.test
2026-07-31T21:04:40.844+06:00  INFO 577218 --- [pangochain-backend] [io-8080-exec-14] c.pangochain.backend.ipfs.IpfsService    : Fetched 780 bytes from primary IPFS CID=QmdMbyBpoGFK1mURYDVGnjQ4AkNoJfnaBed6stWNVYy8rq
2026-07-31T21:04:40.844+06:00  INFO 577218 --- [pangochain-backend] [io-8080-exec-11] c.pangochain.backend.ipfs.IpfsService    : Fetched 780 bytes from primary IPFS CID=QmdMbyBpoGFK1mURYDVGnjQ4AkNoJfnaBed6stWNVYy8rq
2026-07-31T21:04:40.844+06:00  INFO 577218 --- [pangochain-backend] [nio-8080-exec-4] c.pangochain.backend.ipfs.IpfsService    : Fetched 780 bytes from primary IPFS CID=QmdMbyBpoGFK1mURYDVGnjQ4AkNoJfnaBed6stWNVYy8rq
2026-07-31T21:04:40.844+06:00  INFO 577218 --- [pangochain-backend] [io-8080-exec-17] c.pangochain.backend.ipfs.IpfsService    : Fetched 780 bytes from primary IPFS CID=QmdMbyBpoGFK1mURYDVGnjQ4AkNoJfnaBed6stWNVYy8rq
2026-07-31T21:04:40.846+06:00  INFO 577218 --- [pangochain-backend] [io-8080-exec-15] c.pangochain.backend.ipfs.IpfsService    : Fetched 780 bytes from primary IPFS CID=QmdMbyBpoGFK1mURYDVGnjQ4AkNoJfnaBed6stWNVYy8rq
2026-07-31T21:04:40.846+06:00  INFO 577218 --- [pangochain-backend] [nio-8080-exec-2] c.pangochain.backend.ipfs.IpfsService    : Fetched 780 bytes from primary IPFS CID=QmdMbyBpoGFK1mURYDVGnjQ4AkNoJfnaBed6stWNVYy8rq
2026-07-31T21:04:40.853+06:00  INFO 577218 --- [pangochain-backend] [nio-8080-exec-9] c.p.backend.document.DocumentService     : ACL check: Layer1=PASS Layer2=PASS doc=7eb7b50a-21ec-4f40-a48a-98cccaa8f738 user=bench@pangochain.test
2026-07-31T21:04:40.853+06:00  INFO 577218 --- [pangochain-backend] [nio-8080-exec-7] c.p.backend.document.DocumentService     : ACL check: Layer1=PASS Layer2=PASS doc=7eb7b50a-21ec-4f40-a48a-98cccaa8f738 user=bench@pangochain.test
2026-07-31T21:04:40.858+06:00  INFO 577218 --- [pangochain-backend] [nio-8080-exec-7] c.pangochain.backend.ipfs.IpfsService    : Fetched 780 bytes from primary IPFS CID=QmdMbyBpoGFK1mURYDVGnjQ4AkNoJfnaBed6stWNVYy8rq
2026-07-31T21:04:40.859+06:00  INFO 577218 --- [pangochain-backend] [nio-8080-exec-9] c.pangochain.backend.ipfs.IpfsService    : Fetched 780 bytes from primary IPFS CID=QmdMbyBpoGFK1mURYDVGnjQ4AkNoJfnaBed6stWNVYy8rq
2026-07-31T21:04:40.859+06:00  INFO 577218 --- [pangochain-backend] [io-8080-exec-19] c.p.backend.document.DocumentService     : ACL check: Layer1=PASS Layer2=PASS doc=7eb7b50a-21ec-4f40-a48a-98cccaa8f738 user=bench@pangochain.test
2026-07-31T21:04:40.859+06:00  INFO 577218 --- [pangochain-backend] [io-8080-exec-12] c.p.backend.document.DocumentService     : ACL check: Layer1=PASS Layer2=PASS doc=7eb7b50a-21ec-4f40-a48a-98cccaa8f738 user=bench@pangochain.test
2026-07-31T21:04:40.859+06:00  INFO 577218 --- [pangochain-backend] [nio-8080-exec-8] c.p.backend.document.DocumentService     : ACL check: Layer1=PASS Layer2=PASS doc=7eb7b50a-21ec-4f40-a48a-98cccaa8f738 user=bench@pangochain.test
2026-07-31T21:04:40.859+06:00  INFO 577218 --- [pangochain-backend] [io-8080-exec-10] c.p.backend.document.DocumentService     : ACL check: Layer1=PASS Layer2=PASS doc=7eb7b50a-21ec-4f40-a48a-98cccaa8f738 user=bench@pangochain.test
2026-07-31T21:04:40.862+06:00  INFO 577218 --- [pangochain-backend] [io-8080-exec-18] c.p.backend.document.DocumentService     : ACL check: Layer1=PASS Layer2=PASS doc=7eb7b50a-21ec-4f40-a48a-98cccaa8f738 user=bench@pangochain.test
2026-07-31T21:04:40.862+06:00  INFO 577218 --- [pangochain-backend] [io-8080-exec-10] c.pangochain.backend.ipfs.IpfsService    : Fetched 780 bytes from primary IPFS CID=QmdMbyBpoGFK1mURYDVGnjQ4AkNoJfnaBed6stWNVYy8rq
2026-07-31T21:04:40.862+06:00  INFO 577218 --- [pangochain-backend] [io-8080-exec-12] c.pangochain.backend.ipfs.IpfsService    : Fetched 780 bytes from primary IPFS CID=QmdMbyBpoGFK1mURYDVGnjQ4AkNoJfnaBed6stWNVYy8rq
2026-07-31T21:04:40.862+06:00  INFO 577218 --- [pangochain-backend] [io-8080-exec-19] c.pangochain.backend.ipfs.IpfsService    : Fetched 780 bytes from primary IPFS CID=QmdMbyBpoGFK1mURYDVGnjQ4AkNoJfnaBed6stWNVYy8rq
2026-07-31T21:04:40.862+06:00  INFO 577218 --- [pangochain-backend] [nio-8080-exec-5] c.p.backend.document.DocumentService     : ACL check: Layer1=PASS Layer2=PASS doc=7eb7b50a-21ec-4f40-a48a-98cccaa8f738 user=bench@pangochain.test
2026-07-31T21:04:40.862+06:00  INFO 577218 --- [pangochain-backend] [io-8080-exec-20] c.p.backend.document.DocumentService     : ACL check: Layer1=PASS Layer2=PASS doc=7eb7b50a-21ec-4f40-a48a-98cccaa8f738 user=bench@pangochain.test
2026-07-31T21:04:40.862+06:00  INFO 577218 --- [pangochain-backend] [io-8080-exec-11] c.p.backend.document.DocumentService     : ACL check: Layer1=PASS Layer2=PASS doc=7eb7b50a-21ec-4f40-a48a-98cccaa8f738 user=bench@pangochain.test
2026-07-31T21:04:40.863+06:00  INFO 577218 --- [pangochain-backend] [nio-8080-exec-8] c.pangochain.backend.ipfs.IpfsService    : Fetched 780 bytes from primary IPFS CID=QmdMbyBpoGFK1mURYDVGnjQ4AkNoJfnaBed6stWNVYy8rq
2026-07-31T21:04:40.866+06:00  INFO 577218 --- [pangochain-backend] [io-8080-exec-20] c.pangochain.backend.ipfs.IpfsService    : Fetched 780 bytes from primary IPFS CID=QmdMbyBpoGFK1mURYDVGnjQ4AkNoJfnaBed6stWNVYy8rq
2026-07-31T21:04:40.866+06:00  INFO 577218 --- [pangochain-backend] [io-8080-exec-18] c.pangochain.backend.ipfs.IpfsService    : Fetched 780 bytes from primary IPFS CID=QmdMbyBpoGFK1mURYDVGnjQ4AkNoJfnaBed6stWNVYy8rq
2026-07-31T21:04:40.866+06:00  INFO 577218 --- [pangochain-backend] [nio-8080-exec-5] c.pangochain.backend.ipfs.IpfsService    : Fetched 780 bytes from primary IPFS CID=QmdMbyBpoGFK1mURYDVGnjQ4AkNoJfnaBed6stWNVYy8rq
2026-07-31T21:04:40.867+06:00  INFO 577218 --- [pangochain-backend] [io-8080-exec-11] c.pangochain.backend.ipfs.IpfsService    : Fetched 780 bytes from primary IPFS CID=QmdMbyBpoGFK1mURYDVGnjQ4AkNoJfnaBed6stWNVYy8rq
2026-07-31T21:04:40.874+06:00  INFO 577218 --- [pangochain-backend] [nio-8080-exec-9] c.p.backend.document.DocumentService     : ACL check: Layer1=PASS Layer2=PASS doc=7eb7b50a-21ec-4f40-a48a-98cccaa8f738 user=bench@pangochain.test
2026-07-31T21:04:40.878+06:00  INFO 577218 --- [pangochain-backend] [nio-8080-exec-6] c.p.backend.document.DocumentService     : ACL check: Layer1=PASS Layer2=PASS doc=7eb7b50a-21ec-4f40-a48a-98cccaa8f738 user=bench@pangochain.test
2026-07-31T21:04:40.878+06:00  INFO 577218 --- [pangochain-backend] [nio-8080-exec-9] c.pangochain.backend.ipfs.IpfsService    : Fetched 780 bytes from primary IPFS CID=QmdMbyBpoGFK1mURYDVGnjQ4AkNoJfnaBed6stWNVYy8rq
2026-07-31T21:04:40.881+06:00  INFO 577218 --- [pangochain-backend] [nio-8080-exec-6] c.pangochain.backend.ipfs.IpfsService    : Fetched 780 bytes from primary IPFS CID=QmdMbyBpoGFK1mURYDVGnjQ4AkNoJfnaBed6stWNVYy8rq
2026-07-31T21:04:40.882+06:00  INFO 577218 --- [pangochain-backend] [nio-8080-exec-1] c.p.backend.document.DocumentService     : ACL check: Layer1=PASS Layer2=PASS doc=7eb7b50a-21ec-4f40-a48a-98cccaa8f738 user=bench@pangochain.test
2026-07-31T21:04:40.882+06:00  INFO 577218 --- [pangochain-backend] [io-8080-exec-16] c.p.backend.document.DocumentService     : ACL check: Layer1=PASS Layer2=PASS doc=7eb7b50a-21ec-4f40-a48a-98cccaa8f738 user=bench@pangochain.test
2026-07-31T21:04:40.882+06:00  INFO 577218 --- [pangochain-backend] [io-8080-exec-14] c.p.backend.document.DocumentService     : ACL check: Layer1=PASS Layer2=PASS doc=7eb7b50a-21ec-4f40-a48a-98cccaa8f738 user=bench@pangochain.test
2026-07-31T21:04:40.882+06:00  INFO 577218 --- [pangochain-backend] [nio-8080-exec-3] c.p.backend.document.DocumentService     : ACL check: Layer1=PASS Layer2=PASS doc=7eb7b50a-21ec-4f40-a48a-98cccaa8f738 user=bench@pangochain.test
2026-07-31T21:04:40.882+06:00  INFO 577218 --- [pangochain-backend] [io-8080-exec-17] c.p.backend.document.DocumentService     : ACL check: Layer1=PASS Layer2=PASS doc=7eb7b50a-21ec-4f40-a48a-98cccaa8f738 user=bench@pangochain.test
2026-07-31T21:04:40.883+06:00  INFO 577218 --- [pangochain-backend] [io-8080-exec-13] c.p.backend.document.DocumentService     : ACL check: Layer1=PASS Layer2=PASS doc=7eb7b50a-21ec-4f40-a48a-98cccaa8f738 user=bench@pangochain.test
2026-07-31T21:04:40.883+06:00  INFO 577218 --- [pangochain-backend] [io-8080-exec-11] c.p.backend.document.DocumentService     : ACL check: Layer1=PASS Layer2=PASS doc=7eb7b50a-21ec-4f40-a48a-98cccaa8f738 user=bench@pangochain.test
2026-07-31T21:04:40.883+06:00  INFO 577218 --- [pangochain-backend] [nio-8080-exec-4] c.p.backend.document.DocumentService     : ACL check: Layer1=PASS Layer2=PASS doc=7eb7b50a-21ec-4f40-a48a-98cccaa8f738 user=bench@pangochain.test
2026-07-31T21:04:40.885+06:00  INFO 577218 --- [pangochain-backend] [nio-8080-exec-1] c.pangochain.backend.ipfs.IpfsService    : Fetched 780 bytes from primary IPFS CID=QmdMbyBpoGFK1mURYDVGnjQ4AkNoJfnaBed6stWNVYy8rq
2026-07-31T21:04:40.885+06:00  INFO 577218 --- [pangochain-backend] [io-8080-exec-17] c.pangochain.backend.ipfs.IpfsService    : Fetched 780 bytes from primary IPFS CID=QmdMbyBpoGFK1mURYDVGnjQ4AkNoJfnaBed6stWNVYy8rq
2026-07-31T21:04:40.885+06:00  INFO 577218 --- [pangochain-backend] [io-8080-exec-14] c.pangochain.backend.ipfs.IpfsService    : Fetched 780 bytes from primary IPFS CID=QmdMbyBpoGFK1mURYDVGnjQ4AkNoJfnaBed6stWNVYy8rq
2026-07-31T21:04:40.885+06:00  INFO 577218 --- [pangochain-backend] [io-8080-exec-16] c.pangochain.backend.ipfs.IpfsService    : Fetched 780 bytes from primary IPFS CID=QmdMbyBpoGFK1mURYDVGnjQ4AkNoJfnaBed6stWNVYy8rq
2026-07-31T21:04:40.886+06:00  INFO 577218 --- [pangochain-backend] [io-8080-exec-13] c.pangochain.backend.ipfs.IpfsService    : Fetched 780 bytes from primary IPFS CID=QmdMbyBpoGFK1mURYDVGnjQ4AkNoJfnaBed6stWNVYy8rq
2026-07-31T21:04:40.886+06:00  INFO 577218 --- [pangochain-backend] [nio-8080-exec-4] c.pangochain.backend.ipfs.IpfsService    : Fetched 780 bytes from primary IPFS CID=QmdMbyBpoGFK1mURYDVGnjQ4AkNoJfnaBed6stWNVYy8rq
2026-07-31T21:04:40.886+06:00  INFO 577218 --- [pangochain-backend] [nio-8080-exec-3] c.pangochain.backend.ipfs.IpfsService    : Fetched 780 bytes from primary IPFS CID=QmdMbyBpoGFK1mURYDVGnjQ4AkNoJfnaBed6stWNVYy8rq
2026-07-31T21:04:40.887+06:00  INFO 577218 --- [pangochain-backend] [io-8080-exec-11] c.pangochain.backend.ipfs.IpfsService    : Fetched 780 bytes from primary IPFS CID=QmdMbyBpoGFK1mURYDVGnjQ4AkNoJfnaBed6stWNVYy8rq
2026-07-31T21:04:40.897+06:00  INFO 577218 --- [pangochain-backend] [io-8080-exec-15] c.p.backend.document.DocumentService     : ACL check: Layer1=PASS Layer2=PASS doc=7eb7b50a-21ec-4f40-a48a-98cccaa8f738 user=bench@pangochain.test
2026-07-31T21:04:40.898+06:00  INFO 577218 --- [pangochain-backend] [nio-8080-exec-2] c.p.backend.document.DocumentService     : ACL check: Layer1=PASS Layer2=PASS doc=7eb7b50a-21ec-4f40-a48a-98cccaa8f738 user=bench@pangochain.test
2026-07-31T21:04:40.898+06:00  INFO 577218 --- [pangochain-backend] [io-8080-exec-20] c.p.backend.document.DocumentService     : ACL check: Layer1=PASS Layer2=PASS doc=7eb7b50a-21ec-4f40-a48a-98cccaa8f738 user=bench@pangochain.test
2026-07-31T21:04:40.898+06:00  INFO 577218 --- [pangochain-backend] [nio-8080-exec-8] c.p.backend.document.DocumentService     : ACL check: Layer1=PASS Layer2=PASS doc=7eb7b50a-21ec-4f40-a48a-98cccaa8f738 user=bench@pangochain.test
2026-07-31T21:04:40.898+06:00  INFO 577218 --- [pangochain-backend] [io-8080-exec-19] c.p.backend.document.DocumentService     : ACL check: Layer1=PASS Layer2=PASS doc=7eb7b50a-21ec-4f40-a48a-98cccaa8f738 user=bench@pangochain.test
2026-07-31T21:04:40.899+06:00  INFO 577218 --- [pangochain-backend] [io-8080-exec-12] c.p.backend.document.DocumentService     : ACL check: Layer1=PASS Layer2=PASS doc=7eb7b50a-21ec-4f40-a48a-98cccaa8f738 user=bench@pangochain.test
2026-07-31T21:04:40.899+06:00  INFO 577218 --- [pangochain-backend] [io-8080-exec-10] c.p.backend.document.DocumentService     : ACL check: Layer1=PASS Layer2=PASS doc=7eb7b50a-21ec-4f40-a48a-98cccaa8f738 user=bench@pangochain.test
2026-07-31T21:04:40.899+06:00  INFO 577218 --- [pangochain-backend] [nio-8080-exec-1] c.p.backend.document.DocumentService     : ACL check: Layer1=PASS Layer2=PASS doc=7eb7b50a-21ec-4f40-a48a-98cccaa8f738 user=bench@pangochain.test
2026-07-31T21:04:40.899+06:00  INFO 577218 --- [pangochain-backend] [io-8080-exec-18] c.p.backend.document.DocumentService     : ACL check: Layer1=PASS Layer2=PASS doc=7eb7b50a-21ec-4f40-a48a-98cccaa8f738 user=bench@pangochain.test
2026-07-31T21:04:40.899+06:00  INFO 577218 --- [pangochain-backend] [nio-8080-exec-5] c.p.backend.document.DocumentService     : ACL check: Layer1=PASS Layer2=PASS doc=7eb7b50a-21ec-4f40-a48a-98cccaa8f738 user=bench@pangochain.test
2026-07-31T21:04:40.901+06:00  INFO 577218 --- [pangochain-backend] [nio-8080-exec-2] c.pangochain.backend.ipfs.IpfsService    : Fetched 780 bytes from primary IPFS CID=QmdMbyBpoGFK1mURYDVGnjQ4AkNoJfnaBed6stWNVYy8rq
2026-07-31T21:04:40.901+06:00  INFO 577218 --- [pangochain-backend] [nio-8080-exec-8] c.pangochain.backend.ipfs.IpfsService    : Fetched 780 bytes from primary IPFS CID=QmdMbyBpoGFK1mURYDVGnjQ4AkNoJfnaBed6stWNVYy8rq
2026-07-31T21:04:40.901+06:00  INFO 577218 --- [pangochain-backend] [io-8080-exec-12] c.pangochain.backend.ipfs.IpfsService    : Fetched 780 bytes from primary IPFS CID=QmdMbyBpoGFK1mURYDVGnjQ4AkNoJfnaBed6stWNVYy8rq
2026-07-31T21:04:40.901+06:00  INFO 577218 --- [pangochain-backend] [io-8080-exec-15] c.pangochain.backend.ipfs.IpfsService    : Fetched 780 bytes from primary IPFS CID=QmdMbyBpoGFK1mURYDVGnjQ4AkNoJfnaBed6stWNVYy8rq
2026-07-31T21:04:40.901+06:00  INFO 577218 --- [pangochain-backend] [io-8080-exec-19] c.pangochain.backend.ipfs.IpfsService    : Fetched 780 bytes from primary IPFS CID=QmdMbyBpoGFK1mURYDVGnjQ4AkNoJfnaBed6stWNVYy8rq
2026-07-31T21:04:40.902+06:00  INFO 577218 --- [pangochain-backend] [nio-8080-exec-5] c.pangochain.backend.ipfs.IpfsService    : Fetched 780 bytes from primary IPFS CID=QmdMbyBpoGFK1mURYDVGnjQ4AkNoJfnaBed6stWNVYy8rq
2026-07-31T21:04:40.902+06:00  INFO 577218 --- [pangochain-backend] [nio-8080-exec-1] c.pangochain.backend.ipfs.IpfsService    : Fetched 780 bytes from primary IPFS CID=QmdMbyBpoGFK1mURYDVGnjQ4AkNoJfnaBed6stWNVYy8rq
2026-07-31T21:04:40.902+06:00  INFO 577218 --- [pangochain-backend] [io-8080-exec-20] c.pangochain.backend.ipfs.IpfsService    : Fetched 780 bytes from primary IPFS CID=QmdMbyBpoGFK1mURYDVGnjQ4AkNoJfnaBed6stWNVYy8rq
2026-07-31T21:04:40.912+06:00  INFO 577218 --- [pangochain-backend] [io-8080-exec-10] c.pangochain.backend.ipfs.IpfsService    : Fetched 780 bytes from primary IPFS CID=QmdMbyBpoGFK1mURYDVGnjQ4AkNoJfnaBed6stWNVYy8rq
2026-07-31T21:04:40.912+06:00  INFO 577218 --- [pangochain-backend] [io-8080-exec-18] c.pangochain.backend.ipfs.IpfsService    : Fetched 780 bytes from primary IPFS CID=QmdMbyBpoGFK1mURYDVGnjQ4AkNoJfnaBed6stWNVYy8rq
2026-07-31T21:04:40.917+06:00  INFO 577218 --- [pangochain-backend] [nio-8080-exec-4] c.p.backend.document.DocumentService     : ACL check: Layer1=PASS Layer2=PASS doc=7eb7b50a-21ec-4f40-a48a-98cccaa8f738 user=bench@pangochain.test
2026-07-31T21:04:40.918+06:00  INFO 577218 --- [pangochain-backend] [nio-8080-exec-7] c.p.backend.document.DocumentService     : ACL check: Layer1=PASS Layer2=PASS doc=7eb7b50a-21ec-4f40-a48a-98cccaa8f738 user=bench@pangochain.test
2026-07-31T21:04:40.918+06:00  INFO 577218 --- [pangochain-backend] [io-8080-exec-17] c.p.backend.document.DocumentService     : ACL check: Layer1=PASS Layer2=PASS doc=7eb7b50a-21ec-4f40-a48a-98cccaa8f738 user=bench@pangochain.test
2026-07-31T21:04:40.918+06:00  INFO 577218 --- [pangochain-backend] [nio-8080-exec-9] c.p.backend.document.DocumentService     : ACL check: Layer1=PASS Layer2=PASS doc=7eb7b50a-21ec-4f40-a48a-98cccaa8f738 user=bench@pangochain.test
2026-07-31T21:04:40.918+06:00  INFO 577218 --- [pangochain-backend] [nio-8080-exec-6] c.p.backend.document.DocumentService     : ACL check: Layer1=PASS Layer2=PASS doc=7eb7b50a-21ec-4f40-a48a-98cccaa8f738 user=bench@pangochain.test
2026-07-31T21:04:40.918+06:00  INFO 577218 --- [pangochain-backend] [io-8080-exec-14] c.p.backend.document.DocumentService     : ACL check: Layer1=PASS Layer2=PASS doc=7eb7b50a-21ec-4f40-a48a-98cccaa8f738 user=bench@pangochain.test
2026-07-31T21:04:40.918+06:00  INFO 577218 --- [pangochain-backend] [nio-8080-exec-3] c.p.backend.document.DocumentService     : ACL check: Layer1=PASS Layer2=PASS doc=7eb7b50a-21ec-4f40-a48a-98cccaa8f738 user=bench@pangochain.test
2026-07-31T21:04:40.918+06:00  INFO 577218 --- [pangochain-backend] [nio-8080-exec-5] c.p.backend.document.DocumentService     : ACL check: Layer1=PASS Layer2=PASS doc=7eb7b50a-21ec-4f40-a48a-98cccaa8f738 user=bench@pangochain.test
2026-07-31T21:04:40.920+06:00  INFO 577218 --- [pangochain-backend] [nio-8080-exec-9] c.pangochain.backend.ipfs.IpfsService    : Fetched 780 bytes from primary IPFS CID=QmdMbyBpoGFK1mURYDVGnjQ4AkNoJfnaBed6stWNVYy8rq
2026-07-31T21:04:40.920+06:00  INFO 577218 --- [pangochain-backend] [nio-8080-exec-3] c.pangochain.backend.ipfs.IpfsService    : Fetched 780 bytes from primary IPFS CID=QmdMbyBpoGFK1mURYDVGnjQ4AkNoJfnaBed6stWNVYy8rq
2026-07-31T21:04:40.920+06:00  INFO 577218 --- [pangochain-backend] [nio-8080-exec-5] c.pangochain.backend.ipfs.IpfsService    : Fetched 780 bytes from primary IPFS CID=QmdMbyBpoGFK1mURYDVGnjQ4AkNoJfnaBed6stWNVYy8rq
2026-07-31T21:04:40.920+06:00  INFO 577218 --- [pangochain-backend] [nio-8080-exec-6] c.pangochain.backend.ipfs.IpfsService    : Fetched 780 bytes from primary IPFS CID=QmdMbyBpoGFK1mURYDVGnjQ4AkNoJfnaBed6stWNVYy8rq
2026-07-31T21:04:40.920+06:00  INFO 577218 --- [pangochain-backend] [io-8080-exec-14] c.pangochain.backend.ipfs.IpfsService    : Fetched 780 bytes from primary IPFS CID=QmdMbyBpoGFK1mURYDVGnjQ4AkNoJfnaBed6stWNVYy8rq
2026-07-31T21:04:40.920+06:00  INFO 577218 --- [pangochain-backend] [nio-8080-exec-4] c.pangochain.backend.ipfs.IpfsService    : Fetched 780 bytes from primary IPFS CID=QmdMbyBpoGFK1mURYDVGnjQ4AkNoJfnaBed6stWNVYy8rq
2026-07-31T21:04:40.920+06:00  INFO 577218 --- [pangochain-backend] [io-8080-exec-17] c.pangochain.backend.ipfs.IpfsService    : Fetched 780 bytes from primary IPFS CID=QmdMbyBpoGFK1mURYDVGnjQ4AkNoJfnaBed6stWNVYy8rq
2026-07-31T21:04:40.920+06:00  INFO 577218 --- [pangochain-backend] [nio-8080-exec-7] c.pangochain.backend.ipfs.IpfsService    : Fetched 780 bytes from primary IPFS CID=QmdMbyBpoGFK1mURYDVGnjQ4AkNoJfnaBed6stWNVYy8rq
2026-07-31T21:04:40.929+06:00  INFO 577218 --- [pangochain-backend] [io-8080-exec-10] c.p.backend.document.DocumentService     : ACL check: Layer1=PASS Layer2=PASS doc=7eb7b50a-21ec-4f40-a48a-98cccaa8f738 user=bench@pangochain.test
2026-07-31T21:04:40.929+06:00  INFO 577218 --- [pangochain-backend] [io-8080-exec-13] c.p.backend.document.DocumentService     : ACL check: Layer1=PASS Layer2=PASS doc=7eb7b50a-21ec-4f40-a48a-98cccaa8f738 user=bench@pangochain.test
2026-07-31T21:04:40.932+06:00  INFO 577218 --- [pangochain-backend] [io-8080-exec-13] c.pangochain.backend.ipfs.IpfsService    : Fetched 780 bytes from primary IPFS CID=QmdMbyBpoGFK1mURYDVGnjQ4AkNoJfnaBed6stWNVYy8rq
2026-07-31T21:04:40.932+06:00  INFO 577218 --- [pangochain-backend] [io-8080-exec-10] c.pangochain.backend.ipfs.IpfsService    : Fetched 780 bytes from primary IPFS CID=QmdMbyBpoGFK1mURYDVGnjQ4AkNoJfnaBed6stWNVYy8rq
2026-07-31T21:04:40.933+06:00  INFO 577218 --- [pangochain-backend] [io-8080-exec-15] c.p.backend.document.DocumentService     : ACL check: Layer1=PASS Layer2=PASS doc=7eb7b50a-21ec-4f40-a48a-98cccaa8f738 user=bench@pangochain.test
2026-07-31T21:04:40.934+06:00  INFO 577218 --- [pangochain-backend] [nio-8080-exec-1] c.p.backend.document.DocumentService     : ACL check: Layer1=PASS Layer2=PASS doc=7eb7b50a-21ec-4f40-a48a-98cccaa8f738 user=bench@pangochain.test
2026-07-31T21:04:40.934+06:00  INFO 577218 --- [pangochain-backend] [io-8080-exec-16] c.p.backend.document.DocumentService     : ACL check: Layer1=PASS Layer2=PASS doc=7eb7b50a-21ec-4f40-a48a-98cccaa8f738 user=bench@pangochain.test
2026-07-31T21:04:40.934+06:00  INFO 577218 --- [pangochain-backend] [io-8080-exec-19] c.p.backend.document.DocumentService     : ACL check: Layer1=PASS Layer2=PASS doc=7eb7b50a-21ec-4f40-a48a-98cccaa8f738 user=bench@pangochain.test
2026-07-31T21:04:40.934+06:00  INFO 577218 --- [pangochain-backend] [io-8080-exec-11] c.p.backend.document.DocumentService     : ACL check: Layer1=PASS Layer2=PASS doc=7eb7b50a-21ec-4f40-a48a-98cccaa8f738 user=bench@pangochain.test
2026-07-31T21:04:40.934+06:00  INFO 577218 --- [pangochain-backend] [io-8080-exec-12] c.p.backend.document.DocumentService     : ACL check: Layer1=PASS Layer2=PASS doc=7eb7b50a-21ec-4f40-a48a-98cccaa8f738 user=bench@pangochain.test
2026-07-31T21:04:40.935+06:00  INFO 577218 --- [pangochain-backend] [nio-8080-exec-8] c.p.backend.document.DocumentService     : ACL check: Layer1=PASS Layer2=PASS doc=7eb7b50a-21ec-4f40-a48a-98cccaa8f738 user=bench@pangochain.test
2026-07-31T21:04:40.935+06:00  INFO 577218 --- [pangochain-backend] [nio-8080-exec-4] c.p.backend.document.DocumentService     : ACL check: Layer1=PASS Layer2=PASS doc=7eb7b50a-21ec-4f40-a48a-98cccaa8f738 user=bench@pangochain.test
2026-07-31T21:04:40.936+06:00  INFO 577218 --- [pangochain-backend] [io-8080-exec-12] c.pangochain.backend.ipfs.IpfsService    : Fetched 780 bytes from primary IPFS CID=QmdMbyBpoGFK1mURYDVGnjQ4AkNoJfnaBed6stWNVYy8rq
2026-07-31T21:04:40.936+06:00  INFO 577218 --- [pangochain-backend] [io-8080-exec-11] c.pangochain.backend.ipfs.IpfsService    : Fetched 780 bytes from primary IPFS CID=QmdMbyBpoGFK1mURYDVGnjQ4AkNoJfnaBed6stWNVYy8rq
2026-07-31T21:04:40.936+06:00  INFO 577218 --- [pangochain-backend] [io-8080-exec-15] c.pangochain.backend.ipfs.IpfsService    : Fetched 780 bytes from primary IPFS CID=QmdMbyBpoGFK1mURYDVGnjQ4AkNoJfnaBed6stWNVYy8rq
2026-07-31T21:04:40.936+06:00  INFO 577218 --- [pangochain-backend] [nio-8080-exec-1] c.pangochain.backend.ipfs.IpfsService    : Fetched 780 bytes from primary IPFS CID=QmdMbyBpoGFK1mURYDVGnjQ4AkNoJfnaBed6stWNVYy8rq
2026-07-31T21:04:40.936+06:00  INFO 577218 --- [pangochain-backend] [io-8080-exec-16] c.pangochain.backend.ipfs.IpfsService    : Fetched 780 bytes from primary IPFS CID=QmdMbyBpoGFK1mURYDVGnjQ4AkNoJfnaBed6stWNVYy8rq
2026-07-31T21:04:40.936+06:00  INFO 577218 --- [pangochain-backend] [nio-8080-exec-8] c.pangochain.backend.ipfs.IpfsService    : Fetched 780 bytes from primary IPFS CID=QmdMbyBpoGFK1mURYDVGnjQ4AkNoJfnaBed6stWNVYy8rq
2026-07-31T21:04:40.936+06:00  INFO 577218 --- [pangochain-backend] [io-8080-exec-19] c.pangochain.backend.ipfs.IpfsService    : Fetched 780 bytes from primary IPFS CID=QmdMbyBpoGFK1mURYDVGnjQ4AkNoJfnaBed6stWNVYy8rq
2026-07-31T21:04:40.937+06:00  INFO 577218 --- [pangochain-backend] [nio-8080-exec-4] c.pangochain.backend.ipfs.IpfsService    : Fetched 780 bytes from primary IPFS CID=QmdMbyBpoGFK1mURYDVGnjQ4AkNoJfnaBed6stWNVYy8rq
2026-07-31T21:04:40.948+06:00  INFO 577218 --- [pangochain-backend] [io-8080-exec-18] c.p.backend.document.DocumentService     : ACL check: Layer1=PASS Layer2=PASS doc=7eb7b50a-21ec-4f40-a48a-98cccaa8f738 user=bench@pangochain.test
2026-07-31T21:04:40.948+06:00  INFO 577218 --- [pangochain-backend] [nio-8080-exec-7] c.p.backend.document.DocumentService     : ACL check: Layer1=PASS Layer2=PASS doc=7eb7b50a-21ec-4f40-a48a-98cccaa8f738 user=bench@pangochain.test
2026-07-31T21:04:40.948+06:00  INFO 577218 --- [pangochain-backend] [nio-8080-exec-6] c.p.backend.document.DocumentService     : ACL check: Layer1=PASS Layer2=PASS doc=7eb7b50a-21ec-4f40-a48a-98cccaa8f738 user=bench@pangochain.test
2026-07-31T21:04:40.948+06:00  INFO 577218 --- [pangochain-backend] [io-8080-exec-20] c.p.backend.document.DocumentService     : ACL check: Layer1=PASS Layer2=PASS doc=7eb7b50a-21ec-4f40-a48a-98cccaa8f738 user=bench@pangochain.test
2026-07-31T21:04:40.949+06:00  INFO 577218 --- [pangochain-backend] [nio-8080-exec-3] c.p.backend.document.DocumentService     : ACL check: Layer1=PASS Layer2=PASS doc=7eb7b50a-21ec-4f40-a48a-98cccaa8f738 user=bench@pangochain.test
2026-07-31T21:04:40.949+06:00  INFO 577218 --- [pangochain-backend] [io-8080-exec-14] c.p.backend.document.DocumentService     : ACL check: Layer1=PASS Layer2=PASS doc=7eb7b50a-21ec-4f40-a48a-98cccaa8f738 user=bench@pangochain.test
2026-07-31T21:04:40.949+06:00  INFO 577218 --- [pangochain-backend] [nio-8080-exec-5] c.p.backend.document.DocumentService     : ACL check: Layer1=PASS Layer2=PASS doc=7eb7b50a-21ec-4f40-a48a-98cccaa8f738 user=bench@pangochain.test
2026-07-31T21:04:40.949+06:00  INFO 577218 --- [pangochain-backend] [nio-8080-exec-9] c.p.backend.document.DocumentService     : ACL check: Layer1=PASS Layer2=PASS doc=7eb7b50a-21ec-4f40-a48a-98cccaa8f738 user=bench@pangochain.test
2026-07-31T21:04:40.949+06:00  INFO 577218 --- [pangochain-backend] [io-8080-exec-17] c.p.backend.document.DocumentService     : ACL check: Layer1=PASS Layer2=PASS doc=7eb7b50a-21ec-4f40-a48a-98cccaa8f738 user=bench@pangochain.test
2026-07-31T21:04:40.950+06:00  INFO 577218 --- [pangochain-backend] [nio-8080-exec-2] c.p.backend.document.DocumentService     : ACL check: Layer1=PASS Layer2=PASS doc=7eb7b50a-21ec-4f40-a48a-98cccaa8f738 user=bench@pangochain.test
2026-07-31T21:04:40.951+06:00  INFO 577218 --- [pangochain-backend] [io-8080-exec-18] c.pangochain.backend.ipfs.IpfsService    : Fetched 780 bytes from primary IPFS CID=QmdMbyBpoGFK1mURYDVGnjQ4AkNoJfnaBed6stWNVYy8rq
2026-07-31T21:04:40.951+06:00  INFO 577218 --- [pangochain-backend] [nio-8080-exec-6] c.pangochain.backend.ipfs.IpfsService    : Fetched 780 bytes from primary IPFS CID=QmdMbyBpoGFK1mURYDVGnjQ4AkNoJfnaBed6stWNVYy8rq
2026-07-31T21:04:40.951+06:00  INFO 577218 --- [pangochain-backend] [io-8080-exec-20] c.pangochain.backend.ipfs.IpfsService    : Fetched 780 bytes from primary IPFS CID=QmdMbyBpoGFK1mURYDVGnjQ4AkNoJfnaBed6stWNVYy8rq
2026-07-31T21:04:40.951+06:00  INFO 577218 --- [pangochain-backend] [nio-8080-exec-3] c.pangochain.backend.ipfs.IpfsService    : Fetched 780 bytes from primary IPFS CID=QmdMbyBpoGFK1mURYDVGnjQ4AkNoJfnaBed6stWNVYy8rq
2026-07-31T21:04:40.951+06:00  INFO 577218 --- [pangochain-backend] [nio-8080-exec-5] c.pangochain.backend.ipfs.IpfsService    : Fetched 780 bytes from primary IPFS CID=QmdMbyBpoGFK1mURYDVGnjQ4AkNoJfnaBed6stWNVYy8rq
2026-07-31T21:04:40.951+06:00  INFO 577218 --- [pangochain-backend] [nio-8080-exec-7] c.pangochain.backend.ipfs.IpfsService    : Fetched 780 bytes from primary IPFS CID=QmdMbyBpoGFK1mURYDVGnjQ4AkNoJfnaBed6stWNVYy8rq
2026-07-31T21:04:40.951+06:00  INFO 577218 --- [pangochain-backend] [io-8080-exec-14] c.pangochain.backend.ipfs.IpfsService    : Fetched 780 bytes from primary IPFS CID=QmdMbyBpoGFK1mURYDVGnjQ4AkNoJfnaBed6stWNVYy8rq
2026-07-31T21:04:40.951+06:00  INFO 577218 --- [pangochain-backend] [nio-8080-exec-9] c.pangochain.backend.ipfs.IpfsService    : Fetched 780 bytes from primary IPFS CID=QmdMbyBpoGFK1mURYDVGnjQ4AkNoJfnaBed6stWNVYy8rq
2026-07-31T21:04:40.951+06:00  INFO 577218 --- [pangochain-backend] [nio-8080-exec-2] c.pangochain.backend.ipfs.IpfsService    : Fetched 780 bytes from primary IPFS CID=QmdMbyBpoGFK1mURYDVGnjQ4AkNoJfnaBed6stWNVYy8rq
2026-07-31T21:04:40.952+06:00  INFO 577218 --- [pangochain-backend] [io-8080-exec-17] c.pangochain.backend.ipfs.IpfsService    : Fetched 780 bytes from primary IPFS CID=QmdMbyBpoGFK1mURYDVGnjQ4AkNoJfnaBed6stWNVYy8rq
2026-07-31T21:04:40.963+06:00  INFO 577218 --- [pangochain-backend] [nio-8080-exec-1] c.p.backend.document.DocumentService     : ACL check: Layer1=PASS Layer2=PASS doc=7eb7b50a-21ec-4f40-a48a-98cccaa8f738 user=bench@pangochain.test
2026-07-31T21:04:40.963+06:00  INFO 577218 --- [pangochain-backend] [io-8080-exec-13] c.p.backend.document.DocumentService     : ACL check: Layer1=PASS Layer2=PASS doc=7eb7b50a-21ec-4f40-a48a-98cccaa8f738 user=bench@pangochain.test
2026-07-31T21:04:40.963+06:00  INFO 577218 --- [pangochain-backend] [io-8080-exec-12] c.p.backend.document.DocumentService     : ACL check: Layer1=PASS Layer2=PASS doc=7eb7b50a-21ec-4f40-a48a-98cccaa8f738 user=bench@pangochain.test
2026-07-31T21:04:40.964+06:00  INFO 577218 --- [pangochain-backend] [io-8080-exec-10] c.p.backend.document.DocumentService     : ACL check: Layer1=PASS Layer2=PASS doc=7eb7b50a-21ec-4f40-a48a-98cccaa8f738 user=bench@pangochain.test
2026-07-31T21:04:40.966+06:00  INFO 577218 --- [pangochain-backend] [io-8080-exec-10] c.pangochain.backend.ipfs.IpfsService    : Fetched 780 bytes from primary IPFS CID=QmdMbyBpoGFK1mURYDVGnjQ4AkNoJfnaBed6stWNVYy8rq
2026-07-31T21:04:40.966+06:00  INFO 577218 --- [pangochain-backend] [io-8080-exec-13] c.pangochain.backend.ipfs.IpfsService    : Fetched 780 bytes from primary IPFS CID=QmdMbyBpoGFK1mURYDVGnjQ4AkNoJfnaBed6stWNVYy8rq
2026-07-31T21:04:40.966+06:00  INFO 577218 --- [pangochain-backend] [nio-8080-exec-1] c.pangochain.backend.ipfs.IpfsService    : Fetched 780 bytes from primary IPFS CID=QmdMbyBpoGFK1mURYDVGnjQ4AkNoJfnaBed6stWNVYy8rq
2026-07-31T21:04:40.966+06:00  INFO 577218 --- [pangochain-backend] [io-8080-exec-12] c.pangochain.backend.ipfs.IpfsService    : Fetched 780 bytes from primary IPFS CID=QmdMbyBpoGFK1mURYDVGnjQ4AkNoJfnaBed6stWNVYy8rq
2026-07-31T21:04:40.972+06:00  INFO 577218 --- [pangochain-backend] [io-8080-exec-16] c.p.backend.document.DocumentService     : ACL check: Layer1=PASS Layer2=PASS doc=7eb7b50a-21ec-4f40-a48a-98cccaa8f738 user=bench@pangochain.test
2026-07-31T21:04:40.973+06:00  INFO 577218 --- [pangochain-backend] [nio-8080-exec-8] c.p.backend.document.DocumentService     : ACL check: Layer1=PASS Layer2=PASS doc=7eb7b50a-21ec-4f40-a48a-98cccaa8f738 user=bench@pangochain.test
2026-07-31T21:04:40.973+06:00  INFO 577218 --- [pangochain-backend] [nio-8080-exec-4] c.p.backend.document.DocumentService     : ACL check: Layer1=PASS Layer2=PASS doc=7eb7b50a-21ec-4f40-a48a-98cccaa8f738 user=bench@pangochain.test
2026-07-31T21:04:40.974+06:00  INFO 577218 --- [pangochain-backend] [io-8080-exec-11] c.p.backend.document.DocumentService     : ACL check: Layer1=PASS Layer2=PASS doc=7eb7b50a-21ec-4f40-a48a-98cccaa8f738 user=bench@pangochain.test
2026-07-31T21:04:40.975+06:00  INFO 577218 --- [pangochain-backend] [io-8080-exec-16] c.pangochain.backend.ipfs.IpfsService    : Fetched 780 bytes from primary IPFS CID=QmdMbyBpoGFK1mURYDVGnjQ4AkNoJfnaBed6stWNVYy8rq
2026-07-31T21:04:40.975+06:00  INFO 577218 --- [pangochain-backend] [nio-8080-exec-4] c.pangochain.backend.ipfs.IpfsService    : Fetched 780 bytes from primary IPFS CID=QmdMbyBpoGFK1mURYDVGnjQ4AkNoJfnaBed6stWNVYy8rq
2026-07-31T21:04:40.976+06:00  INFO 577218 --- [pangochain-backend] [nio-8080-exec-8] c.pangochain.backend.ipfs.IpfsService    : Fetched 780 bytes from primary IPFS CID=QmdMbyBpoGFK1mURYDVGnjQ4AkNoJfnaBed6stWNVYy8rq
2026-07-31T21:04:40.977+06:00  INFO 577218 --- [pangochain-backend] [io-8080-exec-11] c.pangochain.backend.ipfs.IpfsService    : Fetched 780 bytes from primary IPFS CID=QmdMbyBpoGFK1mURYDVGnjQ4AkNoJfnaBed6stWNVYy8rq
2026-07-31T21:04:40.980+06:00  INFO 577218 --- [pangochain-backend] [io-8080-exec-15] c.p.backend.document.DocumentService     : ACL check: Layer1=PASS Layer2=PASS doc=7eb7b50a-21ec-4f40-a48a-98cccaa8f738 user=bench@pangochain.test
2026-07-31T21:04:40.984+06:00  INFO 577218 --- [pangochain-backend] [io-8080-exec-15] c.pangochain.backend.ipfs.IpfsService    : Fetched 780 bytes from primary IPFS CID=QmdMbyBpoGFK1mURYDVGnjQ4AkNoJfnaBed6stWNVYy8rq
2026-07-31T21:04:40.995+06:00  INFO 577218 --- [pangochain-backend] [io-8080-exec-17] c.p.backend.document.DocumentService     : ACL check: Layer1=PASS Layer2=PASS doc=7eb7b50a-21ec-4f40-a48a-98cccaa8f738 user=bench@pangochain.test
2026-07-31T21:04:40.995+06:00  INFO 577218 --- [pangochain-backend] [nio-8080-exec-3] c.p.backend.document.DocumentService     : ACL check: Layer1=PASS Layer2=PASS doc=7eb7b50a-21ec-4f40-a48a-98cccaa8f738 user=bench@pangochain.test
2026-07-31T21:04:40.995+06:00  INFO 577218 --- [pangochain-backend] [nio-8080-exec-5] c.p.backend.document.DocumentService     : ACL check: Layer1=PASS Layer2=PASS doc=7eb7b50a-21ec-4f40-a48a-98cccaa8f738 user=bench@pangochain.test
2026-07-31T21:04:40.995+06:00  INFO 577218 --- [pangochain-backend] [io-8080-exec-14] c.p.backend.document.DocumentService     : ACL check: Layer1=PASS Layer2=PASS doc=7eb7b50a-21ec-4f40-a48a-98cccaa8f738 user=bench@pangochain.test
2026-07-31T21:04:40.996+06:00  INFO 577218 --- [pangochain-backend] [nio-8080-exec-2] c.p.backend.document.DocumentService     : ACL check: Layer1=PASS Layer2=PASS doc=7eb7b50a-21ec-4f40-a48a-98cccaa8f738 user=bench@pangochain.test
2026-07-31T21:04:40.998+06:00  INFO 577218 --- [pangochain-backend] [nio-8080-exec-9] c.p.backend.document.DocumentService     : ACL check: Layer1=PASS Layer2=PASS doc=7eb7b50a-21ec-4f40-a48a-98cccaa8f738 user=bench@pangochain.test
2026-07-31T21:04:40.998+06:00  INFO 577218 --- [pangochain-backend] [nio-8080-exec-5] c.pangochain.backend.ipfs.IpfsService    : Fetched 780 bytes from primary IPFS CID=QmdMbyBpoGFK1mURYDVGnjQ4AkNoJfnaBed6stWNVYy8rq
2026-07-31T21:04:40.998+06:00  INFO 577218 --- [pangochain-backend] [io-8080-exec-17] c.pangochain.backend.ipfs.IpfsService    : Fetched 780 bytes from primary IPFS CID=QmdMbyBpoGFK1mURYDVGnjQ4AkNoJfnaBed6stWNVYy8rq
2026-07-31T21:04:40.998+06:00  INFO 577218 --- [pangochain-backend] [nio-8080-exec-3] c.pangochain.backend.ipfs.IpfsService    : Fetched 780 bytes from primary IPFS CID=QmdMbyBpoGFK1mURYDVGnjQ4AkNoJfnaBed6stWNVYy8rq
2026-07-31T21:04:41.002+06:00  INFO 577218 --- [pangochain-backend] [nio-8080-exec-2] c.pangochain.backend.ipfs.IpfsService    : Fetched 780 bytes from primary IPFS CID=QmdMbyBpoGFK1mURYDVGnjQ4AkNoJfnaBed6stWNVYy8rq
2026-07-31T21:04:41.002+06:00  INFO 577218 --- [pangochain-backend] [io-8080-exec-20] c.p.backend.document.DocumentService     : ACL check: Layer1=PASS Layer2=PASS doc=7eb7b50a-21ec-4f40-a48a-98cccaa8f738 user=bench@pangochain.test
2026-07-31T21:04:40.998+06:00  INFO 577218 --- [pangochain-backend] [io-8080-exec-14] c.pangochain.backend.ipfs.IpfsService    : Fetched 780 bytes from primary IPFS CID=QmdMbyBpoGFK1mURYDVGnjQ4AkNoJfnaBed6stWNVYy8rq
2026-07-31T21:04:40.998+06:00  INFO 577218 --- [pangochain-backend] [io-8080-exec-18] c.p.backend.document.DocumentService     : ACL check: Layer1=PASS Layer2=PASS doc=7eb7b50a-21ec-4f40-a48a-98cccaa8f738 user=bench@pangochain.test
2026-07-31T21:04:41.002+06:00  INFO 577218 --- [pangochain-backend] [nio-8080-exec-7] c.p.backend.document.DocumentService     : ACL check: Layer1=PASS Layer2=PASS doc=7eb7b50a-21ec-4f40-a48a-98cccaa8f738 user=bench@pangochain.test
2026-07-31T21:04:41.002+06:00  INFO 577218 --- [pangochain-backend] [nio-8080-exec-6] c.p.backend.document.DocumentService     : ACL check: Layer1=PASS Layer2=PASS doc=7eb7b50a-21ec-4f40-a48a-98cccaa8f738 user=bench@pangochain.test
2026-07-31T21:04:41.004+06:00  INFO 577218 --- [pangochain-backend] [io-8080-exec-20] c.pangochain.backend.ipfs.IpfsService    : Fetched 780 bytes from primary IPFS CID=QmdMbyBpoGFK1mURYDVGnjQ4AkNoJfnaBed6stWNVYy8rq
2026-07-31T21:04:41.004+06:00  INFO 577218 --- [pangochain-backend] [nio-8080-exec-9] c.pangochain.backend.ipfs.IpfsService    : Fetched 780 bytes from primary IPFS CID=QmdMbyBpoGFK1mURYDVGnjQ4AkNoJfnaBed6stWNVYy8rq
2026-07-31T21:04:41.005+06:00  INFO 577218 --- [pangochain-backend] [nio-8080-exec-6] c.pangochain.backend.ipfs.IpfsService    : Fetched 780 bytes from primary IPFS CID=QmdMbyBpoGFK1mURYDVGnjQ4AkNoJfnaBed6stWNVYy8rq
2026-07-31T21:04:41.005+06:00  INFO 577218 --- [pangochain-backend] [nio-8080-exec-7] c.pangochain.backend.ipfs.IpfsService    : Fetched 780 bytes from primary IPFS CID=QmdMbyBpoGFK1mURYDVGnjQ4AkNoJfnaBed6stWNVYy8rq
2026-07-31T21:04:41.005+06:00  INFO 577218 --- [pangochain-backend] [io-8080-exec-18] c.pangochain.backend.ipfs.IpfsService    : Fetched 780 bytes from primary IPFS CID=QmdMbyBpoGFK1mURYDVGnjQ4AkNoJfnaBed6stWNVYy8rq
2026-07-31T21:04:41.015+06:00  INFO 577218 --- [pangochain-backend] [io-8080-exec-19] c.p.backend.document.DocumentService     : ACL check: Layer1=PASS Layer2=PASS doc=7eb7b50a-21ec-4f40-a48a-98cccaa8f738 user=bench@pangochain.test
2026-07-31T21:04:41.015+06:00  INFO 577218 --- [pangochain-backend] [io-8080-exec-13] c.p.backend.document.DocumentService     : ACL check: Layer1=PASS Layer2=PASS doc=7eb7b50a-21ec-4f40-a48a-98cccaa8f738 user=bench@pangochain.test
2026-07-31T21:04:41.015+06:00  INFO 577218 --- [pangochain-backend] [io-8080-exec-10] c.p.backend.document.DocumentService     : ACL check: Layer1=PASS Layer2=PASS doc=7eb7b50a-21ec-4f40-a48a-98cccaa8f738 user=bench@pangochain.test
2026-07-31T21:04:41.015+06:00  INFO 577218 --- [pangochain-backend] [nio-8080-exec-1] c.p.backend.document.DocumentService     : ACL check: Layer1=PASS Layer2=PASS doc=7eb7b50a-21ec-4f40-a48a-98cccaa8f738 user=bench@pangochain.test
2026-07-31T21:04:41.015+06:00  INFO 577218 --- [pangochain-backend] [io-8080-exec-12] c.p.backend.document.DocumentService     : ACL check: Layer1=PASS Layer2=PASS doc=7eb7b50a-21ec-4f40-a48a-98cccaa8f738 user=bench@pangochain.test
2026-07-31T21:04:41.017+06:00  INFO 577218 --- [pangochain-backend] [nio-8080-exec-8] c.p.backend.document.DocumentService     : ACL check: Layer1=PASS Layer2=PASS doc=7eb7b50a-21ec-4f40-a48a-98cccaa8f738 user=bench@pangochain.test
2026-07-31T21:04:41.017+06:00  INFO 577218 --- [pangochain-backend] [nio-8080-exec-6] c.p.backend.document.DocumentService     : ACL check: Layer1=PASS Layer2=PASS doc=7eb7b50a-21ec-4f40-a48a-98cccaa8f738 user=bench@pangochain.test
2026-07-31T21:04:41.017+06:00  INFO 577218 --- [pangochain-backend] [io-8080-exec-15] c.p.backend.document.DocumentService     : ACL check: Layer1=PASS Layer2=PASS doc=7eb7b50a-21ec-4f40-a48a-98cccaa8f738 user=bench@pangochain.test
2026-07-31T21:04:41.017+06:00  INFO 577218 --- [pangochain-backend] [io-8080-exec-11] c.p.backend.document.DocumentService     : ACL check: Layer1=PASS Layer2=PASS doc=7eb7b50a-21ec-4f40-a48a-98cccaa8f738 user=bench@pangochain.test
2026-07-31T21:04:41.017+06:00  INFO 577218 --- [pangochain-backend] [io-8080-exec-12] c.pangochain.backend.ipfs.IpfsService    : Fetched 780 bytes from primary IPFS CID=QmdMbyBpoGFK1mURYDVGnjQ4AkNoJfnaBed6stWNVYy8rq
2026-07-31T21:04:41.017+06:00  INFO 577218 --- [pangochain-backend] [io-8080-exec-13] c.pangochain.backend.ipfs.IpfsService    : Fetched 780 bytes from primary IPFS CID=QmdMbyBpoGFK1mURYDVGnjQ4AkNoJfnaBed6stWNVYy8rq
2026-07-31T21:04:41.017+06:00  INFO 577218 --- [pangochain-backend] [io-8080-exec-16] c.p.backend.document.DocumentService     : ACL check: Layer1=PASS Layer2=PASS doc=7eb7b50a-21ec-4f40-a48a-98cccaa8f738 user=bench@pangochain.test
2026-07-31T21:04:41.017+06:00  INFO 577218 --- [pangochain-backend] [io-8080-exec-19] c.pangochain.backend.ipfs.IpfsService    : Fetched 780 bytes from primary IPFS CID=QmdMbyBpoGFK1mURYDVGnjQ4AkNoJfnaBed6stWNVYy8rq
2026-07-31T21:04:41.018+06:00  INFO 577218 --- [pangochain-backend] [io-8080-exec-10] c.pangochain.backend.ipfs.IpfsService    : Fetched 780 bytes from primary IPFS CID=QmdMbyBpoGFK1mURYDVGnjQ4AkNoJfnaBed6stWNVYy8rq
2026-07-31T21:04:41.018+06:00  INFO 577218 --- [pangochain-backend] [nio-8080-exec-1] c.pangochain.backend.ipfs.IpfsService    : Fetched 780 bytes from primary IPFS CID=QmdMbyBpoGFK1mURYDVGnjQ4AkNoJfnaBed6stWNVYy8rq
2026-07-31T21:04:41.019+06:00  INFO 577218 --- [pangochain-backend] [io-8080-exec-15] c.pangochain.backend.ipfs.IpfsService    : Fetched 780 bytes from primary IPFS CID=QmdMbyBpoGFK1mURYDVGnjQ4AkNoJfnaBed6stWNVYy8rq
2026-07-31T21:04:41.019+06:00  INFO 577218 --- [pangochain-backend] [nio-8080-exec-8] c.pangochain.backend.ipfs.IpfsService    : Fetched 780 bytes from primary IPFS CID=QmdMbyBpoGFK1mURYDVGnjQ4AkNoJfnaBed6stWNVYy8rq
2026-07-31T21:04:41.019+06:00  INFO 577218 --- [pangochain-backend] [nio-8080-exec-6] c.pangochain.backend.ipfs.IpfsService    : Fetched 780 bytes from primary IPFS CID=QmdMbyBpoGFK1mURYDVGnjQ4AkNoJfnaBed6stWNVYy8rq
2026-07-31T21:04:41.020+06:00  INFO 577218 --- [pangochain-backend] [io-8080-exec-16] c.pangochain.backend.ipfs.IpfsService    : Fetched 780 bytes from primary IPFS CID=QmdMbyBpoGFK1mURYDVGnjQ4AkNoJfnaBed6stWNVYy8rq
2026-07-31T21:04:41.020+06:00  INFO 577218 --- [pangochain-backend] [io-8080-exec-11] c.pangochain.backend.ipfs.IpfsService    : Fetched 780 bytes from primary IPFS CID=QmdMbyBpoGFK1mURYDVGnjQ4AkNoJfnaBed6stWNVYy8rq
2026-07-31T21:04:41.030+06:00  INFO 577218 --- [pangochain-backend] [nio-8080-exec-3] c.p.backend.document.DocumentService     : ACL check: Layer1=PASS Layer2=PASS doc=7eb7b50a-21ec-4f40-a48a-98cccaa8f738 user=bench@pangochain.test
2026-07-31T21:04:41.030+06:00  INFO 577218 --- [pangochain-backend] [nio-8080-exec-8] c.p.backend.document.DocumentService     : ACL check: Layer1=PASS Layer2=PASS doc=7eb7b50a-21ec-4f40-a48a-98cccaa8f738 user=bench@pangochain.test
2026-07-31T21:04:41.031+06:00  INFO 577218 --- [pangochain-backend] [io-8080-exec-14] c.p.backend.document.DocumentService     : ACL check: Layer1=PASS Layer2=PASS doc=7eb7b50a-21ec-4f40-a48a-98cccaa8f738 user=bench@pangochain.test
2026-07-31T21:04:41.032+06:00  INFO 577218 --- [pangochain-backend] [io-8080-exec-17] c.p.backend.document.DocumentService     : ACL check: Layer1=PASS Layer2=PASS doc=7eb7b50a-21ec-4f40-a48a-98cccaa8f738 user=bench@pangochain.test
2026-07-31T21:04:41.032+06:00  INFO 577218 --- [pangochain-backend] [nio-8080-exec-2] c.p.backend.document.DocumentService     : ACL check: Layer1=PASS Layer2=PASS doc=7eb7b50a-21ec-4f40-a48a-98cccaa8f738 user=bench@pangochain.test
2026-07-31T21:04:41.032+06:00  INFO 577218 --- [pangochain-backend] [nio-8080-exec-5] c.p.backend.document.DocumentService     : ACL check: Layer1=PASS Layer2=PASS doc=7eb7b50a-21ec-4f40-a48a-98cccaa8f738 user=bench@pangochain.test
2026-07-31T21:04:41.032+06:00  INFO 577218 --- [pangochain-backend] [io-8080-exec-10] c.p.backend.document.DocumentService     : ACL check: Layer1=PASS Layer2=PASS doc=7eb7b50a-21ec-4f40-a48a-98cccaa8f738 user=bench@pangochain.test
2026-07-31T21:04:41.033+06:00  INFO 577218 --- [pangochain-backend] [nio-8080-exec-9] c.p.backend.document.DocumentService     : ACL check: Layer1=PASS Layer2=PASS doc=7eb7b50a-21ec-4f40-a48a-98cccaa8f738 user=bench@pangochain.test
2026-07-31T21:04:41.034+06:00  INFO 577218 --- [pangochain-backend] [io-8080-exec-20] c.p.backend.document.DocumentService     : ACL check: Layer1=PASS Layer2=PASS doc=7eb7b50a-21ec-4f40-a48a-98cccaa8f738 user=bench@pangochain.test
2026-07-31T21:04:41.034+06:00  INFO 577218 --- [pangochain-backend] [nio-8080-exec-2] c.pangochain.backend.ipfs.IpfsService    : Fetched 780 bytes from primary IPFS CID=QmdMbyBpoGFK1mURYDVGnjQ4AkNoJfnaBed6stWNVYy8rq
2026-07-31T21:04:41.034+06:00  INFO 577218 --- [pangochain-backend] [io-8080-exec-14] c.pangochain.backend.ipfs.IpfsService    : Fetched 780 bytes from primary IPFS CID=QmdMbyBpoGFK1mURYDVGnjQ4AkNoJfnaBed6stWNVYy8rq
2026-07-31T21:04:41.034+06:00  INFO 577218 --- [pangochain-backend] [nio-8080-exec-3] c.pangochain.backend.ipfs.IpfsService    : Fetched 780 bytes from primary IPFS CID=QmdMbyBpoGFK1mURYDVGnjQ4AkNoJfnaBed6stWNVYy8rq
2026-07-31T21:04:41.034+06:00  INFO 577218 --- [pangochain-backend] [nio-8080-exec-9] c.pangochain.backend.ipfs.IpfsService    : Fetched 780 bytes from primary IPFS CID=QmdMbyBpoGFK1mURYDVGnjQ4AkNoJfnaBed6stWNVYy8rq
2026-07-31T21:04:41.034+06:00  INFO 577218 --- [pangochain-backend] [io-8080-exec-17] c.pangochain.backend.ipfs.IpfsService    : Fetched 780 bytes from primary IPFS CID=QmdMbyBpoGFK1mURYDVGnjQ4AkNoJfnaBed6stWNVYy8rq
2026-07-31T21:04:41.034+06:00  INFO 577218 --- [pangochain-backend] [nio-8080-exec-5] c.pangochain.backend.ipfs.IpfsService    : Fetched 780 bytes from primary IPFS CID=QmdMbyBpoGFK1mURYDVGnjQ4AkNoJfnaBed6stWNVYy8rq
2026-07-31T21:04:41.034+06:00  INFO 577218 --- [pangochain-backend] [nio-8080-exec-8] c.pangochain.backend.ipfs.IpfsService    : Fetched 780 bytes from primary IPFS CID=QmdMbyBpoGFK1mURYDVGnjQ4AkNoJfnaBed6stWNVYy8rq
2026-07-31T21:04:41.035+06:00  INFO 577218 --- [pangochain-backend] [nio-8080-exec-4] c.p.backend.document.DocumentService     : ACL check: Layer1=PASS Layer2=PASS doc=7eb7b50a-21ec-4f40-a48a-98cccaa8f738 user=bench@pangochain.test
2026-07-31T21:04:41.035+06:00  INFO 577218 --- [pangochain-backend] [io-8080-exec-10] c.pangochain.backend.ipfs.IpfsService    : Fetched 780 bytes from primary IPFS CID=QmdMbyBpoGFK1mURYDVGnjQ4AkNoJfnaBed6stWNVYy8rq
2026-07-31T21:04:41.036+06:00  INFO 577218 --- [pangochain-backend] [io-8080-exec-20] c.pangochain.backend.ipfs.IpfsService    : Fetched 780 bytes from primary IPFS CID=QmdMbyBpoGFK1mURYDVGnjQ4AkNoJfnaBed6stWNVYy8rq
2026-07-31T21:04:41.038+06:00  INFO 577218 --- [pangochain-backend] [nio-8080-exec-4] c.pangochain.backend.ipfs.IpfsService    : Fetched 780 bytes from primary IPFS CID=QmdMbyBpoGFK1mURYDVGnjQ4AkNoJfnaBed6stWNVYy8rq
2026-07-31T21:04:41.048+06:00  INFO 577218 --- [pangochain-backend] [io-8080-exec-11] c.p.backend.document.DocumentService     : ACL check: Layer1=PASS Layer2=PASS doc=7eb7b50a-21ec-4f40-a48a-98cccaa8f738 user=bench@pangochain.test
2026-07-31T21:04:41.049+06:00  INFO 577218 --- [pangochain-backend] [io-8080-exec-13] c.p.backend.document.DocumentService     : ACL check: Layer1=PASS Layer2=PASS doc=7eb7b50a-21ec-4f40-a48a-98cccaa8f738 user=bench@pangochain.test
2026-07-31T21:04:41.049+06:00  INFO 577218 --- [pangochain-backend] [io-8080-exec-19] c.p.backend.document.DocumentService     : ACL check: Layer1=PASS Layer2=PASS doc=7eb7b50a-21ec-4f40-a48a-98cccaa8f738 user=bench@pangochain.test
2026-07-31T21:04:41.049+06:00  INFO 577218 --- [pangochain-backend] [io-8080-exec-18] c.p.backend.document.DocumentService     : ACL check: Layer1=PASS Layer2=PASS doc=7eb7b50a-21ec-4f40-a48a-98cccaa8f738 user=bench@pangochain.test
2026-07-31T21:04:41.049+06:00  INFO 577218 --- [pangochain-backend] [nio-8080-exec-1] c.p.backend.document.DocumentService     : ACL check: Layer1=PASS Layer2=PASS doc=7eb7b50a-21ec-4f40-a48a-98cccaa8f738 user=bench@pangochain.test
2026-07-31T21:04:41.049+06:00  INFO 577218 --- [pangochain-backend] [nio-8080-exec-6] c.p.backend.document.DocumentService     : ACL check: Layer1=PASS Layer2=PASS doc=7eb7b50a-21ec-4f40-a48a-98cccaa8f738 user=bench@pangochain.test
2026-07-31T21:04:41.049+06:00  INFO 577218 --- [pangochain-backend] [io-8080-exec-16] c.p.backend.document.DocumentService     : ACL check: Layer1=PASS Layer2=PASS doc=7eb7b50a-21ec-4f40-a48a-98cccaa8f738 user=bench@pangochain.test
2026-07-31T21:04:41.050+06:00  INFO 577218 --- [pangochain-backend] [io-8080-exec-12] c.p.backend.document.DocumentService     : ACL check: Layer1=PASS Layer2=PASS doc=7eb7b50a-21ec-4f40-a48a-98cccaa8f738 user=bench@pangochain.test
2026-07-31T21:04:41.050+06:00  INFO 577218 --- [pangochain-backend] [io-8080-exec-15] c.p.backend.document.DocumentService     : ACL check: Layer1=PASS Layer2=PASS doc=7eb7b50a-21ec-4f40-a48a-98cccaa8f738 user=bench@pangochain.test
2026-07-31T21:04:41.050+06:00  INFO 577218 --- [pangochain-backend] [nio-8080-exec-7] c.p.backend.document.DocumentService     : ACL check: Layer1=PASS Layer2=PASS doc=7eb7b50a-21ec-4f40-a48a-98cccaa8f738 user=bench@pangochain.test
2026-07-31T21:04:41.052+06:00  INFO 577218 --- [pangochain-backend] [nio-8080-exec-1] c.pangochain.backend.ipfs.IpfsService    : Fetched 780 bytes from primary IPFS CID=QmdMbyBpoGFK1mURYDVGnjQ4AkNoJfnaBed6stWNVYy8rq
2026-07-31T21:04:41.052+06:00  INFO 577218 --- [pangochain-backend] [io-8080-exec-18] c.pangochain.backend.ipfs.IpfsService    : Fetched 780 bytes from primary IPFS CID=QmdMbyBpoGFK1mURYDVGnjQ4AkNoJfnaBed6stWNVYy8rq
2026-07-31T21:04:41.052+06:00  INFO 577218 --- [pangochain-backend] [io-8080-exec-16] c.pangochain.backend.ipfs.IpfsService    : Fetched 780 bytes from primary IPFS CID=QmdMbyBpoGFK1mURYDVGnjQ4AkNoJfnaBed6stWNVYy8rq
2026-07-31T21:04:41.052+06:00  INFO 577218 --- [pangochain-backend] [io-8080-exec-11] c.pangochain.backend.ipfs.IpfsService    : Fetched 780 bytes from primary IPFS CID=QmdMbyBpoGFK1mURYDVGnjQ4AkNoJfnaBed6stWNVYy8rq
2026-07-31T21:04:41.052+06:00  INFO 577218 --- [pangochain-backend] [io-8080-exec-12] c.pangochain.backend.ipfs.IpfsService    : Fetched 780 bytes from primary IPFS CID=QmdMbyBpoGFK1mURYDVGnjQ4AkNoJfnaBed6stWNVYy8rq
2026-07-31T21:04:41.052+06:00  INFO 577218 --- [pangochain-backend] [io-8080-exec-19] c.pangochain.backend.ipfs.IpfsService    : Fetched 780 bytes from primary IPFS CID=QmdMbyBpoGFK1mURYDVGnjQ4AkNoJfnaBed6stWNVYy8rq
2026-07-31T21:04:41.052+06:00  INFO 577218 --- [pangochain-backend] [nio-8080-exec-7] c.pangochain.backend.ipfs.IpfsService    : Fetched 780 bytes from primary IPFS CID=QmdMbyBpoGFK1mURYDVGnjQ4AkNoJfnaBed6stWNVYy8rq
2026-07-31T21:04:41.053+06:00  INFO 577218 --- [pangochain-backend] [io-8080-exec-13] c.pangochain.backend.ipfs.IpfsService    : Fetched 780 bytes from primary IPFS CID=QmdMbyBpoGFK1mURYDVGnjQ4AkNoJfnaBed6stWNVYy8rq
2026-07-31T21:04:41.053+06:00  INFO 577218 --- [pangochain-backend] [io-8080-exec-15] c.pangochain.backend.ipfs.IpfsService    : Fetched 780 bytes from primary IPFS CID=QmdMbyBpoGFK1mURYDVGnjQ4AkNoJfnaBed6stWNVYy8rq
2026-07-31T21:04:41.053+06:00  INFO 577218 --- [pangochain-backend] [nio-8080-exec-6] c.pangochain.backend.ipfs.IpfsService    : Fetched 780 bytes from primary IPFS CID=QmdMbyBpoGFK1mURYDVGnjQ4AkNoJfnaBed6stWNVYy8rq
2026-07-31T21:04:41.076+06:00  INFO 577218 --- [pangochain-backend] [nio-8080-exec-2] c.p.backend.document.DocumentService     : ACL check: Layer1=PASS Layer2=PASS doc=7eb7b50a-21ec-4f40-a48a-98cccaa8f738 user=bench@pangochain.test
2026-07-31T21:04:41.077+06:00  INFO 577218 --- [pangochain-backend] [nio-8080-exec-9] c.p.backend.document.DocumentService     : ACL check: Layer1=PASS Layer2=PASS doc=7eb7b50a-21ec-4f40-a48a-98cccaa8f738 user=bench@pangochain.test
2026-07-31T21:04:41.077+06:00  INFO 577218 --- [pangochain-backend] [io-8080-exec-20] c.p.backend.document.DocumentService     : ACL check: Layer1=PASS Layer2=PASS doc=7eb7b50a-21ec-4f40-a48a-98cccaa8f738 user=bench@pangochain.test
2026-07-31T21:04:41.078+06:00  INFO 577218 --- [pangochain-backend] [nio-8080-exec-5] c.p.backend.document.DocumentService     : ACL check: Layer1=PASS Layer2=PASS doc=7eb7b50a-21ec-4f40-a48a-98cccaa8f738 user=bench@pangochain.test
2026-07-31T21:04:41.079+06:00  INFO 577218 --- [pangochain-backend] [io-8080-exec-17] c.p.backend.document.DocumentService     : ACL check: Layer1=PASS Layer2=PASS doc=7eb7b50a-21ec-4f40-a48a-98cccaa8f738 user=bench@pangochain.test
2026-07-31T21:04:41.080+06:00  INFO 577218 --- [pangochain-backend] [nio-8080-exec-4] c.p.backend.document.DocumentService     : ACL check: Layer1=PASS Layer2=PASS doc=7eb7b50a-21ec-4f40-a48a-98cccaa8f738 user=bench@pangochain.test
2026-07-31T21:04:41.081+06:00  INFO 577218 --- [pangochain-backend] [nio-8080-exec-3] c.p.backend.document.DocumentService     : ACL check: Layer1=PASS Layer2=PASS doc=7eb7b50a-21ec-4f40-a48a-98cccaa8f738 user=bench@pangochain.test
2026-07-31T21:04:41.081+06:00  INFO 577218 --- [pangochain-backend] [nio-8080-exec-8] c.p.backend.document.DocumentService     : ACL check: Layer1=PASS Layer2=PASS doc=7eb7b50a-21ec-4f40-a48a-98cccaa8f738 user=bench@pangochain.test
2026-07-31T21:04:41.082+06:00  INFO 577218 --- [pangochain-backend] [nio-8080-exec-2] c.pangochain.backend.ipfs.IpfsService    : Fetched 780 bytes from primary IPFS CID=QmdMbyBpoGFK1mURYDVGnjQ4AkNoJfnaBed6stWNVYy8rq
2026-07-31T21:04:41.082+06:00  INFO 577218 --- [pangochain-backend] [io-8080-exec-20] c.pangochain.backend.ipfs.IpfsService    : Fetched 780 bytes from primary IPFS CID=QmdMbyBpoGFK1mURYDVGnjQ4AkNoJfnaBed6stWNVYy8rq
2026-07-31T21:04:41.082+06:00  INFO 577218 --- [pangochain-backend] [nio-8080-exec-5] c.pangochain.backend.ipfs.IpfsService    : Fetched 780 bytes from primary IPFS CID=QmdMbyBpoGFK1mURYDVGnjQ4AkNoJfnaBed6stWNVYy8rq
2026-07-31T21:04:41.082+06:00  INFO 577218 --- [pangochain-backend] [io-8080-exec-14] c.p.backend.document.DocumentService     : ACL check: Layer1=PASS Layer2=PASS doc=7eb7b50a-21ec-4f40-a48a-98cccaa8f738 user=bench@pangochain.test
2026-07-31T21:04:41.085+06:00  INFO 577218 --- [pangochain-backend] [nio-8080-exec-4] c.pangochain.backend.ipfs.IpfsService    : Fetched 780 bytes from primary IPFS CID=QmdMbyBpoGFK1mURYDVGnjQ4AkNoJfnaBed6stWNVYy8rq
2026-07-31T21:04:41.085+06:00  INFO 577218 --- [pangochain-backend] [io-8080-exec-17] c.pangochain.backend.ipfs.IpfsService    : Fetched 780 bytes from primary IPFS CID=QmdMbyBpoGFK1mURYDVGnjQ4AkNoJfnaBed6stWNVYy8rq
2026-07-31T21:04:41.085+06:00  INFO 577218 --- [pangochain-backend] [nio-8080-exec-8] c.pangochain.backend.ipfs.IpfsService    : Fetched 780 bytes from primary IPFS CID=QmdMbyBpoGFK1mURYDVGnjQ4AkNoJfnaBed6stWNVYy8rq
2026-07-31T21:04:41.085+06:00  INFO 577218 --- [pangochain-backend] [nio-8080-exec-9] c.pangochain.backend.ipfs.IpfsService    : Fetched 780 bytes from primary IPFS CID=QmdMbyBpoGFK1mURYDVGnjQ4AkNoJfnaBed6stWNVYy8rq
2026-07-31T21:04:41.086+06:00  INFO 577218 --- [pangochain-backend] [io-8080-exec-10] c.p.backend.document.DocumentService     : ACL check: Layer1=PASS Layer2=PASS doc=7eb7b50a-21ec-4f40-a48a-98cccaa8f738 user=bench@pangochain.test
2026-07-31T21:04:41.086+06:00  INFO 577218 --- [pangochain-backend] [nio-8080-exec-3] c.pangochain.backend.ipfs.IpfsService    : Fetched 780 bytes from primary IPFS CID=QmdMbyBpoGFK1mURYDVGnjQ4AkNoJfnaBed6stWNVYy8rq
2026-07-31T21:04:41.086+06:00  INFO 577218 --- [pangochain-backend] [io-8080-exec-14] c.pangochain.backend.ipfs.IpfsService    : Fetched 780 bytes from primary IPFS CID=QmdMbyBpoGFK1mURYDVGnjQ4AkNoJfnaBed6stWNVYy8rq
2026-07-31T21:04:41.088+06:00  INFO 577218 --- [pangochain-backend] [io-8080-exec-10] c.pangochain.backend.ipfs.IpfsService    : Fetched 780 bytes from primary IPFS CID=QmdMbyBpoGFK1mURYDVGnjQ4AkNoJfnaBed6stWNVYy8rq
2026-07-31T21:04:41.102+06:00  INFO 577218 --- [pangochain-backend] [io-8080-exec-20] c.p.backend.document.DocumentService     : ACL check: Layer1=PASS Layer2=PASS doc=7eb7b50a-21ec-4f40-a48a-98cccaa8f738 user=bench@pangochain.test
2026-07-31T21:04:41.110+06:00  INFO 577218 --- [pangochain-backend] [nio-8080-exec-7] c.p.backend.document.DocumentService     : ACL check: Layer1=PASS Layer2=PASS doc=7eb7b50a-21ec-4f40-a48a-98cccaa8f738 user=bench@pangochain.test
2026-07-31T21:04:41.111+06:00  INFO 577218 --- [pangochain-backend] [io-8080-exec-18] c.p.backend.document.DocumentService     : ACL check: Layer1=PASS Layer2=PASS doc=7eb7b50a-21ec-4f40-a48a-98cccaa8f738 user=bench@pangochain.test
2026-07-31T21:04:41.110+06:00  INFO 577218 --- [pangochain-backend] [io-8080-exec-13] c.p.backend.document.DocumentService     : ACL check: Layer1=PASS Layer2=PASS doc=7eb7b50a-21ec-4f40-a48a-98cccaa8f738 user=bench@pangochain.test
2026-07-31T21:04:41.111+06:00  INFO 577218 --- [pangochain-backend] [io-8080-exec-11] c.p.backend.document.DocumentService     : ACL check: Layer1=PASS Layer2=PASS doc=7eb7b50a-21ec-4f40-a48a-98cccaa8f738 user=bench@pangochain.test
2026-07-31T21:04:41.111+06:00  INFO 577218 --- [pangochain-backend] [nio-8080-exec-1] c.p.backend.document.DocumentService     : ACL check: Layer1=PASS Layer2=PASS doc=7eb7b50a-21ec-4f40-a48a-98cccaa8f738 user=bench@pangochain.test
2026-07-31T21:04:41.111+06:00  INFO 577218 --- [pangochain-backend] [io-8080-exec-19] c.p.backend.document.DocumentService     : ACL check: Layer1=PASS Layer2=PASS doc=7eb7b50a-21ec-4f40-a48a-98cccaa8f738 user=bench@pangochain.test
2026-07-31T21:04:41.111+06:00  INFO 577218 --- [pangochain-backend] [io-8080-exec-16] c.p.backend.document.DocumentService     : ACL check: Layer1=PASS Layer2=PASS doc=7eb7b50a-21ec-4f40-a48a-98cccaa8f738 user=bench@pangochain.test
2026-07-31T21:04:41.113+06:00  INFO 577218 --- [pangochain-backend] [io-8080-exec-12] c.p.backend.document.DocumentService     : ACL check: Layer1=PASS Layer2=PASS doc=7eb7b50a-21ec-4f40-a48a-98cccaa8f738 user=bench@pangochain.test
2026-07-31T21:04:41.113+06:00  INFO 577218 --- [pangochain-backend] [nio-8080-exec-6] c.p.backend.document.DocumentService     : ACL check: Layer1=PASS Layer2=PASS doc=7eb7b50a-21ec-4f40-a48a-98cccaa8f738 user=bench@pangochain.test
2026-07-31T21:04:41.116+06:00  INFO 577218 --- [pangochain-backend] [io-8080-exec-20] c.pangochain.backend.ipfs.IpfsService    : Fetched 780 bytes from primary IPFS CID=QmdMbyBpoGFK1mURYDVGnjQ4AkNoJfnaBed6stWNVYy8rq
2026-07-31T21:04:41.117+06:00  INFO 577218 --- [pangochain-backend] [io-8080-exec-16] c.pangochain.backend.ipfs.IpfsService    : Fetched 780 bytes from primary IPFS CID=QmdMbyBpoGFK1mURYDVGnjQ4AkNoJfnaBed6stWNVYy8rq
2026-07-31T21:04:41.118+06:00  INFO 577218 --- [pangochain-backend] [nio-8080-exec-7] c.pangochain.backend.ipfs.IpfsService    : Fetched 780 bytes from primary IPFS CID=QmdMbyBpoGFK1mURYDVGnjQ4AkNoJfnaBed6stWNVYy8rq
2026-07-31T21:04:41.118+06:00  INFO 577218 --- [pangochain-backend] [nio-8080-exec-1] c.pangochain.backend.ipfs.IpfsService    : Fetched 780 bytes from primary IPFS CID=QmdMbyBpoGFK1mURYDVGnjQ4AkNoJfnaBed6stWNVYy8rq
2026-07-31T21:04:41.119+06:00  INFO 577218 --- [pangochain-backend] [io-8080-exec-13] c.pangochain.backend.ipfs.IpfsService    : Fetched 780 bytes from primary IPFS CID=QmdMbyBpoGFK1mURYDVGnjQ4AkNoJfnaBed6stWNVYy8rq
2026-07-31T21:04:41.119+06:00  INFO 577218 --- [pangochain-backend] [io-8080-exec-11] c.pangochain.backend.ipfs.IpfsService    : Fetched 780 bytes from primary IPFS CID=QmdMbyBpoGFK1mURYDVGnjQ4AkNoJfnaBed6stWNVYy8rq
2026-07-31T21:04:41.119+06:00  INFO 577218 --- [pangochain-backend] [io-8080-exec-12] c.pangochain.backend.ipfs.IpfsService    : Fetched 780 bytes from primary IPFS CID=QmdMbyBpoGFK1mURYDVGnjQ4AkNoJfnaBed6stWNVYy8rq
2026-07-31T21:04:41.119+06:00  INFO 577218 --- [pangochain-backend] [io-8080-exec-18] c.pangochain.backend.ipfs.IpfsService    : Fetched 780 bytes from primary IPFS CID=QmdMbyBpoGFK1mURYDVGnjQ4AkNoJfnaBed6stWNVYy8rq
2026-07-31T21:04:41.119+06:00  INFO 577218 --- [pangochain-backend] [nio-8080-exec-6] c.pangochain.backend.ipfs.IpfsService    : Fetched 780 bytes from primary IPFS CID=QmdMbyBpoGFK1mURYDVGnjQ4AkNoJfnaBed6stWNVYy8rq
2026-07-31T21:04:41.119+06:00  INFO 577218 --- [pangochain-backend] [io-8080-exec-19] c.pangochain.backend.ipfs.IpfsService    : Fetched 780 bytes from primary IPFS CID=QmdMbyBpoGFK1mURYDVGnjQ4AkNoJfnaBed6stWNVYy8rq
2026-07-31T21:04:41.138+06:00  INFO 577218 --- [pangochain-backend] [io-8080-exec-17] c.p.backend.document.DocumentService     : ACL check: Layer1=PASS Layer2=PASS doc=7eb7b50a-21ec-4f40-a48a-98cccaa8f738 user=bench@pangochain.test
2026-07-31T21:04:41.139+06:00  INFO 577218 --- [pangochain-backend] [io-8080-exec-20] c.p.backend.document.DocumentService     : ACL check: Layer1=PASS Layer2=PASS doc=7eb7b50a-21ec-4f40-a48a-98cccaa8f738 user=bench@pangochain.test
2026-07-31T21:04:41.139+06:00  INFO 577218 --- [pangochain-backend] [nio-8080-exec-4] c.p.backend.document.DocumentService     : ACL check: Layer1=PASS Layer2=PASS doc=7eb7b50a-21ec-4f40-a48a-98cccaa8f738 user=bench@pangochain.test
2026-07-31T21:04:41.139+06:00  INFO 577218 --- [pangochain-backend] [nio-8080-exec-9] c.p.backend.document.DocumentService     : ACL check: Layer1=PASS Layer2=PASS doc=7eb7b50a-21ec-4f40-a48a-98cccaa8f738 user=bench@pangochain.test
2026-07-31T21:04:41.140+06:00  INFO 577218 --- [pangochain-backend] [io-8080-exec-16] c.p.backend.document.DocumentService     : ACL check: Layer1=PASS Layer2=PASS doc=7eb7b50a-21ec-4f40-a48a-98cccaa8f738 user=bench@pangochain.test
2026-07-31T21:04:41.140+06:00  INFO 577218 --- [pangochain-backend] [nio-8080-exec-5] c.p.backend.document.DocumentService     : ACL check: Layer1=PASS Layer2=PASS doc=7eb7b50a-21ec-4f40-a48a-98cccaa8f738 user=bench@pangochain.test
2026-07-31T21:04:41.140+06:00  INFO 577218 --- [pangochain-backend] [io-8080-exec-15] c.p.backend.document.DocumentService     : ACL check: Layer1=PASS Layer2=PASS doc=7eb7b50a-21ec-4f40-a48a-98cccaa8f738 user=bench@pangochain.test
2026-07-31T21:04:41.140+06:00  INFO 577218 --- [pangochain-backend] [io-8080-exec-14] c.p.backend.document.DocumentService     : ACL check: Layer1=PASS Layer2=PASS doc=7eb7b50a-21ec-4f40-a48a-98cccaa8f738 user=bench@pangochain.test
2026-07-31T21:04:41.142+06:00  INFO 577218 --- [pangochain-backend] [nio-8080-exec-4] c.pangochain.backend.ipfs.IpfsService    : Fetched 780 bytes from primary IPFS CID=QmdMbyBpoGFK1mURYDVGnjQ4AkNoJfnaBed6stWNVYy8rq
2026-07-31T21:04:41.142+06:00  INFO 577218 --- [pangochain-backend] [io-8080-exec-16] c.pangochain.backend.ipfs.IpfsService    : Fetched 780 bytes from primary IPFS CID=QmdMbyBpoGFK1mURYDVGnjQ4AkNoJfnaBed6stWNVYy8rq
2026-07-31T21:04:41.143+06:00  INFO 577218 --- [pangochain-backend] [nio-8080-exec-5] c.pangochain.backend.ipfs.IpfsService    : Fetched 780 bytes from primary IPFS CID=QmdMbyBpoGFK1mURYDVGnjQ4AkNoJfnaBed6stWNVYy8rq
2026-07-31T21:04:41.143+06:00  INFO 577218 --- [pangochain-backend] [io-8080-exec-20] c.pangochain.backend.ipfs.IpfsService    : Fetched 780 bytes from primary IPFS CID=QmdMbyBpoGFK1mURYDVGnjQ4AkNoJfnaBed6stWNVYy8rq
2026-07-31T21:04:41.143+06:00  INFO 577218 --- [pangochain-backend] [nio-8080-exec-9] c.pangochain.backend.ipfs.IpfsService    : Fetched 780 bytes from primary IPFS CID=QmdMbyBpoGFK1mURYDVGnjQ4AkNoJfnaBed6stWNVYy8rq
2026-07-31T21:04:41.144+06:00  INFO 577218 --- [pangochain-backend] [io-8080-exec-15] c.pangochain.backend.ipfs.IpfsService    : Fetched 780 bytes from primary IPFS CID=QmdMbyBpoGFK1mURYDVGnjQ4AkNoJfnaBed6stWNVYy8rq
2026-07-31T21:04:41.144+06:00  INFO 577218 --- [pangochain-backend] [io-8080-exec-14] c.pangochain.backend.ipfs.IpfsService    : Fetched 780 bytes from primary IPFS CID=QmdMbyBpoGFK1mURYDVGnjQ4AkNoJfnaBed6stWNVYy8rq
2026-07-31T21:04:41.144+06:00  INFO 577218 --- [pangochain-backend] [io-8080-exec-17] c.pangochain.backend.ipfs.IpfsService    : Fetched 780 bytes from primary IPFS CID=QmdMbyBpoGFK1mURYDVGnjQ4AkNoJfnaBed6stWNVYy8rq
2026-07-31T21:04:41.146+06:00  INFO 577218 --- [pangochain-backend] [nio-8080-exec-2] c.p.backend.document.DocumentService     : ACL check: Layer1=PASS Layer2=PASS doc=7eb7b50a-21ec-4f40-a48a-98cccaa8f738 user=bench@pangochain.test
2026-07-31T21:04:41.146+06:00  INFO 577218 --- [pangochain-backend] [nio-8080-exec-3] c.p.backend.document.DocumentService     : ACL check: Layer1=PASS Layer2=PASS doc=7eb7b50a-21ec-4f40-a48a-98cccaa8f738 user=bench@pangochain.test
2026-07-31T21:04:41.150+06:00  INFO 577218 --- [pangochain-backend] [nio-8080-exec-2] c.pangochain.backend.ipfs.IpfsService    : Fetched 780 bytes from primary IPFS CID=QmdMbyBpoGFK1mURYDVGnjQ4AkNoJfnaBed6stWNVYy8rq
2026-07-31T21:04:41.150+06:00  INFO 577218 --- [pangochain-backend] [nio-8080-exec-3] c.pangochain.backend.ipfs.IpfsService    : Fetched 780 bytes from primary IPFS CID=QmdMbyBpoGFK1mURYDVGnjQ4AkNoJfnaBed6stWNVYy8rq
2026-07-31T21:04:41.163+06:00  INFO 577218 --- [pangochain-backend] [nio-8080-exec-7] c.p.backend.document.DocumentService     : ACL check: Layer1=PASS Layer2=PASS doc=7eb7b50a-21ec-4f40-a48a-98cccaa8f738 user=bench@pangochain.test
2026-07-31T21:04:41.163+06:00  INFO 577218 --- [pangochain-backend] [nio-8080-exec-1] c.p.backend.document.DocumentService     : ACL check: Layer1=PASS Layer2=PASS doc=7eb7b50a-21ec-4f40-a48a-98cccaa8f738 user=bench@pangochain.test
2026-07-31T21:04:41.165+06:00  INFO 577218 --- [pangochain-backend] [io-8080-exec-12] c.p.backend.document.DocumentService     : ACL check: Layer1=PASS Layer2=PASS doc=7eb7b50a-21ec-4f40-a48a-98cccaa8f738 user=bench@pangochain.test
2026-07-31T21:04:41.165+06:00  INFO 577218 --- [pangochain-backend] [io-8080-exec-13] c.p.backend.document.DocumentService     : ACL check: Layer1=PASS Layer2=PASS doc=7eb7b50a-21ec-4f40-a48a-98cccaa8f738 user=bench@pangochain.test
2026-07-31T21:04:41.167+06:00  INFO 577218 --- [pangochain-backend] [io-8080-exec-10] c.p.backend.document.DocumentService     : ACL check: Layer1=PASS Layer2=PASS doc=7eb7b50a-21ec-4f40-a48a-98cccaa8f738 user=bench@pangochain.test
2026-07-31T21:04:41.167+06:00  INFO 577218 --- [pangochain-backend] [io-8080-exec-19] c.p.backend.document.DocumentService     : ACL check: Layer1=PASS Layer2=PASS doc=7eb7b50a-21ec-4f40-a48a-98cccaa8f738 user=bench@pangochain.test
2026-07-31T21:04:41.167+06:00  INFO 577218 --- [pangochain-backend] [nio-8080-exec-6] c.p.backend.document.DocumentService     : ACL check: Layer1=PASS Layer2=PASS doc=7eb7b50a-21ec-4f40-a48a-98cccaa8f738 user=bench@pangochain.test
2026-07-31T21:04:41.167+06:00  INFO 577218 --- [pangochain-backend] [nio-8080-exec-8] c.p.backend.document.DocumentService     : ACL check: Layer1=PASS Layer2=PASS doc=7eb7b50a-21ec-4f40-a48a-98cccaa8f738 user=bench@pangochain.test
2026-07-31T21:04:41.168+06:00  INFO 577218 --- [pangochain-backend] [io-8080-exec-18] c.p.backend.document.DocumentService     : ACL check: Layer1=PASS Layer2=PASS doc=7eb7b50a-21ec-4f40-a48a-98cccaa8f738 user=bench@pangochain.test
2026-07-31T21:04:41.168+06:00  INFO 577218 --- [pangochain-backend] [io-8080-exec-11] c.p.backend.document.DocumentService     : ACL check: Layer1=PASS Layer2=PASS doc=7eb7b50a-21ec-4f40-a48a-98cccaa8f738 user=bench@pangochain.test
2026-07-31T21:04:41.169+06:00  INFO 577218 --- [pangochain-backend] [nio-8080-exec-1] c.pangochain.backend.ipfs.IpfsService    : Fetched 780 bytes from primary IPFS CID=QmdMbyBpoGFK1mURYDVGnjQ4AkNoJfnaBed6stWNVYy8rq
2026-07-31T21:04:41.169+06:00  INFO 577218 --- [pangochain-backend] [io-8080-exec-12] c.pangochain.backend.ipfs.IpfsService    : Fetched 780 bytes from primary IPFS CID=QmdMbyBpoGFK1mURYDVGnjQ4AkNoJfnaBed6stWNVYy8rq
2026-07-31T21:04:41.169+06:00  INFO 577218 --- [pangochain-backend] [io-8080-exec-10] c.pangochain.backend.ipfs.IpfsService    : Fetched 780 bytes from primary IPFS CID=QmdMbyBpoGFK1mURYDVGnjQ4AkNoJfnaBed6stWNVYy8rq
2026-07-31T21:04:41.169+06:00  INFO 577218 --- [pangochain-backend] [nio-8080-exec-6] c.pangochain.backend.ipfs.IpfsService    : Fetched 780 bytes from primary IPFS CID=QmdMbyBpoGFK1mURYDVGnjQ4AkNoJfnaBed6stWNVYy8rq
2026-07-31T21:04:41.170+06:00  INFO 577218 --- [pangochain-backend] [io-8080-exec-13] c.pangochain.backend.ipfs.IpfsService    : Fetched 780 bytes from primary IPFS CID=QmdMbyBpoGFK1mURYDVGnjQ4AkNoJfnaBed6stWNVYy8rq
2026-07-31T21:04:41.170+06:00  INFO 577218 --- [pangochain-backend] [nio-8080-exec-8] c.pangochain.backend.ipfs.IpfsService    : Fetched 780 bytes from primary IPFS CID=QmdMbyBpoGFK1mURYDVGnjQ4AkNoJfnaBed6stWNVYy8rq
2026-07-31T21:04:41.170+06:00  INFO 577218 --- [pangochain-backend] [io-8080-exec-18] c.pangochain.backend.ipfs.IpfsService    : Fetched 780 bytes from primary IPFS CID=QmdMbyBpoGFK1mURYDVGnjQ4AkNoJfnaBed6stWNVYy8rq
2026-07-31T21:04:41.170+06:00  INFO 577218 --- [pangochain-backend] [io-8080-exec-11] c.pangochain.backend.ipfs.IpfsService    : Fetched 780 bytes from primary IPFS CID=QmdMbyBpoGFK1mURYDVGnjQ4AkNoJfnaBed6stWNVYy8rq
2026-07-31T21:04:41.170+06:00  INFO 577218 --- [pangochain-backend] [io-8080-exec-19] c.pangochain.backend.ipfs.IpfsService    : Fetched 780 bytes from primary IPFS CID=QmdMbyBpoGFK1mURYDVGnjQ4AkNoJfnaBed6stWNVYy8rq
2026-07-31T21:04:41.170+06:00  INFO 577218 --- [pangochain-backend] [nio-8080-exec-7] c.pangochain.backend.ipfs.IpfsService    : Fetched 780 bytes from primary IPFS CID=QmdMbyBpoGFK1mURYDVGnjQ4AkNoJfnaBed6stWNVYy8rq
2026-07-31T21:04:41.184+06:00  INFO 577218 --- [pangochain-backend] [io-8080-exec-20] c.p.backend.document.DocumentService     : ACL check: Layer1=PASS Layer2=PASS doc=7eb7b50a-21ec-4f40-a48a-98cccaa8f738 user=bench@pangochain.test
2026-07-31T21:04:41.184+06:00  INFO 577218 --- [pangochain-backend] [io-8080-exec-17] c.p.backend.document.DocumentService     : ACL check: Layer1=PASS Layer2=PASS doc=7eb7b50a-21ec-4f40-a48a-98cccaa8f738 user=bench@pangochain.test
2026-07-31T21:04:41.184+06:00  INFO 577218 --- [pangochain-backend] [io-8080-exec-13] c.p.backend.document.DocumentService     : ACL check: Layer1=PASS Layer2=PASS doc=7eb7b50a-21ec-4f40-a48a-98cccaa8f738 user=bench@pangochain.test
2026-07-31T21:04:41.185+06:00  INFO 577218 --- [pangochain-backend] [io-8080-exec-14] c.p.backend.document.DocumentService     : ACL check: Layer1=PASS Layer2=PASS doc=7eb7b50a-21ec-4f40-a48a-98cccaa8f738 user=bench@pangochain.test
2026-07-31T21:04:41.185+06:00  INFO 577218 --- [pangochain-backend] [nio-8080-exec-4] c.p.backend.document.DocumentService     : ACL check: Layer1=PASS Layer2=PASS doc=7eb7b50a-21ec-4f40-a48a-98cccaa8f738 user=bench@pangochain.test
2026-07-31T21:04:41.185+06:00  INFO 577218 --- [pangochain-backend] [nio-8080-exec-5] c.p.backend.document.DocumentService     : ACL check: Layer1=PASS Layer2=PASS doc=7eb7b50a-21ec-4f40-a48a-98cccaa8f738 user=bench@pangochain.test
2026-07-31T21:04:41.185+06:00  INFO 577218 --- [pangochain-backend] [io-8080-exec-16] c.p.backend.document.DocumentService     : ACL check: Layer1=PASS Layer2=PASS doc=7eb7b50a-21ec-4f40-a48a-98cccaa8f738 user=bench@pangochain.test
2026-07-31T21:04:41.186+06:00  INFO 577218 --- [pangochain-backend] [nio-8080-exec-9] c.p.backend.document.DocumentService     : ACL check: Layer1=PASS Layer2=PASS doc=7eb7b50a-21ec-4f40-a48a-98cccaa8f738 user=bench@pangochain.test
2026-07-31T21:04:41.187+06:00  INFO 577218 --- [pangochain-backend] [io-8080-exec-15] c.p.backend.document.DocumentService     : ACL check: Layer1=PASS Layer2=PASS doc=7eb7b50a-21ec-4f40-a48a-98cccaa8f738 user=bench@pangochain.test
2026-07-31T21:04:41.187+06:00  INFO 577218 --- [pangochain-backend] [io-8080-exec-14] c.pangochain.backend.ipfs.IpfsService    : Fetched 780 bytes from primary IPFS CID=QmdMbyBpoGFK1mURYDVGnjQ4AkNoJfnaBed6stWNVYy8rq
2026-07-31T21:04:41.187+06:00  INFO 577218 --- [pangochain-backend] [io-8080-exec-16] c.pangochain.backend.ipfs.IpfsService    : Fetched 780 bytes from primary IPFS CID=QmdMbyBpoGFK1mURYDVGnjQ4AkNoJfnaBed6stWNVYy8rq
2026-07-31T21:04:41.187+06:00  INFO 577218 --- [pangochain-backend] [nio-8080-exec-2] c.p.backend.document.DocumentService     : ACL check: Layer1=PASS Layer2=PASS doc=7eb7b50a-21ec-4f40-a48a-98cccaa8f738 user=bench@pangochain.test
2026-07-31T21:04:41.187+06:00  INFO 577218 --- [pangochain-backend] [nio-8080-exec-4] c.pangochain.backend.ipfs.IpfsService    : Fetched 780 bytes from primary IPFS CID=QmdMbyBpoGFK1mURYDVGnjQ4AkNoJfnaBed6stWNVYy8rq
2026-07-31T21:04:41.187+06:00  INFO 577218 --- [pangochain-backend] [nio-8080-exec-5] c.pangochain.backend.ipfs.IpfsService    : Fetched 780 bytes from primary IPFS CID=QmdMbyBpoGFK1mURYDVGnjQ4AkNoJfnaBed6stWNVYy8rq
2026-07-31T21:04:41.187+06:00  INFO 577218 --- [pangochain-backend] [io-8080-exec-20] c.pangochain.backend.ipfs.IpfsService    : Fetched 780 bytes from primary IPFS CID=QmdMbyBpoGFK1mURYDVGnjQ4AkNoJfnaBed6stWNVYy8rq
2026-07-31T21:04:41.187+06:00  INFO 577218 --- [pangochain-backend] [io-8080-exec-13] c.pangochain.backend.ipfs.IpfsService    : Fetched 780 bytes from primary IPFS CID=QmdMbyBpoGFK1mURYDVGnjQ4AkNoJfnaBed6stWNVYy8rq
2026-07-31T21:04:41.188+06:00  INFO 577218 --- [pangochain-backend] [io-8080-exec-17] c.pangochain.backend.ipfs.IpfsService    : Fetched 780 bytes from primary IPFS CID=QmdMbyBpoGFK1mURYDVGnjQ4AkNoJfnaBed6stWNVYy8rq
2026-07-31T21:04:41.189+06:00  INFO 577218 --- [pangochain-backend] [nio-8080-exec-2] c.pangochain.backend.ipfs.IpfsService    : Fetched 780 bytes from primary IPFS CID=QmdMbyBpoGFK1mURYDVGnjQ4AkNoJfnaBed6stWNVYy8rq
2026-07-31T21:04:41.189+06:00  INFO 577218 --- [pangochain-backend] [io-8080-exec-15] c.pangochain.backend.ipfs.IpfsService    : Fetched 780 bytes from primary IPFS CID=QmdMbyBpoGFK1mURYDVGnjQ4AkNoJfnaBed6stWNVYy8rq
2026-07-31T21:04:41.189+06:00  INFO 577218 --- [pangochain-backend] [nio-8080-exec-9] c.pangochain.backend.ipfs.IpfsService    : Fetched 780 bytes from primary IPFS CID=QmdMbyBpoGFK1mURYDVGnjQ4AkNoJfnaBed6stWNVYy8rq
2026-07-31T21:04:41.202+06:00  INFO 577218 --- [pangochain-backend] [io-8080-exec-15] c.p.backend.document.DocumentService     : ACL check: Layer1=PASS Layer2=PASS doc=7eb7b50a-21ec-4f40-a48a-98cccaa8f738 user=bench@pangochain.test
2026-07-31T21:04:41.202+06:00  INFO 577218 --- [pangochain-backend] [io-8080-exec-10] c.p.backend.document.DocumentService     : ACL check: Layer1=PASS Layer2=PASS doc=7eb7b50a-21ec-4f40-a48a-98cccaa8f738 user=bench@pangochain.test
2026-07-31T21:04:41.202+06:00  INFO 577218 --- [pangochain-backend] [nio-8080-exec-6] c.p.backend.document.DocumentService     : ACL check: Layer1=PASS Layer2=PASS doc=7eb7b50a-21ec-4f40-a48a-98cccaa8f738 user=bench@pangochain.test
2026-07-31T21:04:41.202+06:00  INFO 577218 --- [pangochain-backend] [io-8080-exec-12] c.p.backend.document.DocumentService     : ACL check: Layer1=PASS Layer2=PASS doc=7eb7b50a-21ec-4f40-a48a-98cccaa8f738 user=bench@pangochain.test
2026-07-31T21:04:41.203+06:00  INFO 577218 --- [pangochain-backend] [io-8080-exec-11] c.p.backend.document.DocumentService     : ACL check: Layer1=PASS Layer2=PASS doc=7eb7b50a-21ec-4f40-a48a-98cccaa8f738 user=bench@pangochain.test
2026-07-31T21:04:41.203+06:00  INFO 577218 --- [pangochain-backend] [nio-8080-exec-1] c.p.backend.document.DocumentService     : ACL check: Layer1=PASS Layer2=PASS doc=7eb7b50a-21ec-4f40-a48a-98cccaa8f738 user=bench@pangochain.test
2026-07-31T21:04:41.203+06:00  INFO 577218 --- [pangochain-backend] [nio-8080-exec-9] c.p.backend.document.DocumentService     : ACL check: Layer1=PASS Layer2=PASS doc=7eb7b50a-21ec-4f40-a48a-98cccaa8f738 user=bench@pangochain.test
2026-07-31T21:04:41.204+06:00  INFO 577218 --- [pangochain-backend] [io-8080-exec-18] c.p.backend.document.DocumentService     : ACL check: Layer1=PASS Layer2=PASS doc=7eb7b50a-21ec-4f40-a48a-98cccaa8f738 user=bench@pangochain.test
2026-07-31T21:04:41.205+06:00  INFO 577218 --- [pangochain-backend] [nio-8080-exec-3] c.p.backend.document.DocumentService     : ACL check: Layer1=PASS Layer2=PASS doc=7eb7b50a-21ec-4f40-a48a-98cccaa8f738 user=bench@pangochain.test
2026-07-31T21:04:41.205+06:00  INFO 577218 --- [pangochain-backend] [io-8080-exec-10] c.pangochain.backend.ipfs.IpfsService    : Fetched 780 bytes from primary IPFS CID=QmdMbyBpoGFK1mURYDVGnjQ4AkNoJfnaBed6stWNVYy8rq
2026-07-31T21:04:41.205+06:00  INFO 577218 --- [pangochain-backend] [nio-8080-exec-1] c.pangochain.backend.ipfs.IpfsService    : Fetched 780 bytes from primary IPFS CID=QmdMbyBpoGFK1mURYDVGnjQ4AkNoJfnaBed6stWNVYy8rq
2026-07-31T21:04:41.205+06:00  INFO 577218 --- [pangochain-backend] [nio-8080-exec-8] c.p.backend.document.DocumentService     : ACL check: Layer1=PASS Layer2=PASS doc=7eb7b50a-21ec-4f40-a48a-98cccaa8f738 user=bench@pangochain.test
2026-07-31T21:04:41.205+06:00  INFO 577218 --- [pangochain-backend] [io-8080-exec-15] c.pangochain.backend.ipfs.IpfsService    : Fetched 780 bytes from primary IPFS CID=QmdMbyBpoGFK1mURYDVGnjQ4AkNoJfnaBed6stWNVYy8rq
2026-07-31T21:04:41.205+06:00  INFO 577218 --- [pangochain-backend] [io-8080-exec-11] c.pangochain.backend.ipfs.IpfsService    : Fetched 780 bytes from primary IPFS CID=QmdMbyBpoGFK1mURYDVGnjQ4AkNoJfnaBed6stWNVYy8rq
2026-07-31T21:04:41.205+06:00  INFO 577218 --- [pangochain-backend] [nio-8080-exec-9] c.pangochain.backend.ipfs.IpfsService    : Fetched 780 bytes from primary IPFS CID=QmdMbyBpoGFK1mURYDVGnjQ4AkNoJfnaBed6stWNVYy8rq
2026-07-31T21:04:41.206+06:00  INFO 577218 --- [pangochain-backend] [nio-8080-exec-6] c.pangochain.backend.ipfs.IpfsService    : Fetched 780 bytes from primary IPFS CID=QmdMbyBpoGFK1mURYDVGnjQ4AkNoJfnaBed6stWNVYy8rq
2026-07-31T21:04:41.206+06:00  INFO 577218 --- [pangochain-backend] [io-8080-exec-12] c.pangochain.backend.ipfs.IpfsService    : Fetched 780 bytes from primary IPFS CID=QmdMbyBpoGFK1mURYDVGnjQ4AkNoJfnaBed6stWNVYy8rq
2026-07-31T21:04:41.206+06:00  INFO 577218 --- [pangochain-backend] [io-8080-exec-18] c.pangochain.backend.ipfs.IpfsService    : Fetched 780 bytes from primary IPFS CID=QmdMbyBpoGFK1mURYDVGnjQ4AkNoJfnaBed6stWNVYy8rq
2026-07-31T21:04:41.207+06:00  INFO 577218 --- [pangochain-backend] [nio-8080-exec-8] c.pangochain.backend.ipfs.IpfsService    : Fetched 780 bytes from primary IPFS CID=QmdMbyBpoGFK1mURYDVGnjQ4AkNoJfnaBed6stWNVYy8rq
2026-07-31T21:04:41.208+06:00  INFO 577218 --- [pangochain-backend] [nio-8080-exec-3] c.pangochain.backend.ipfs.IpfsService    : Fetched 780 bytes from primary IPFS CID=QmdMbyBpoGFK1mURYDVGnjQ4AkNoJfnaBed6stWNVYy8rq
2026-07-31T21:04:41.219+06:00  INFO 577218 --- [pangochain-backend] [io-8080-exec-10] c.p.backend.document.DocumentService     : ACL check: Layer1=PASS Layer2=PASS doc=7eb7b50a-21ec-4f40-a48a-98cccaa8f738 user=bench@pangochain.test
2026-07-31T21:04:41.219+06:00  INFO 577218 --- [pangochain-backend] [io-8080-exec-17] c.p.backend.document.DocumentService     : ACL check: Layer1=PASS Layer2=PASS doc=7eb7b50a-21ec-4f40-a48a-98cccaa8f738 user=bench@pangochain.test
2026-07-31T21:04:41.220+06:00  INFO 577218 --- [pangochain-backend] [nio-8080-exec-5] c.p.backend.document.DocumentService     : ACL check: Layer1=PASS Layer2=PASS doc=7eb7b50a-21ec-4f40-a48a-98cccaa8f738 user=bench@pangochain.test
2026-07-31T21:04:41.220+06:00  INFO 577218 --- [pangochain-backend] [io-8080-exec-14] c.p.backend.document.DocumentService     : ACL check: Layer1=PASS Layer2=PASS doc=7eb7b50a-21ec-4f40-a48a-98cccaa8f738 user=bench@pangochain.test
2026-07-31T21:04:41.220+06:00  INFO 577218 --- [pangochain-backend] [io-8080-exec-16] c.p.backend.document.DocumentService     : ACL check: Layer1=PASS Layer2=PASS doc=7eb7b50a-21ec-4f40-a48a-98cccaa8f738 user=bench@pangochain.test
2026-07-31T21:04:41.220+06:00  INFO 577218 --- [pangochain-backend] [nio-8080-exec-7] c.p.backend.document.DocumentService     : ACL check: Layer1=PASS Layer2=PASS doc=7eb7b50a-21ec-4f40-a48a-98cccaa8f738 user=bench@pangochain.test
2026-07-31T21:04:41.223+06:00  INFO 577218 --- [pangochain-backend] [io-8080-exec-16] c.pangochain.backend.ipfs.IpfsService    : Fetched 780 bytes from primary IPFS CID=QmdMbyBpoGFK1mURYDVGnjQ4AkNoJfnaBed6stWNVYy8rq
2026-07-31T21:04:41.223+06:00  INFO 577218 --- [pangochain-backend] [io-8080-exec-10] c.pangochain.backend.ipfs.IpfsService    : Fetched 780 bytes from primary IPFS CID=QmdMbyBpoGFK1mURYDVGnjQ4AkNoJfnaBed6stWNVYy8rq
2026-07-31T21:04:41.223+06:00  INFO 577218 --- [pangochain-backend] [nio-8080-exec-7] c.pangochain.backend.ipfs.IpfsService    : Fetched 780 bytes from primary IPFS CID=QmdMbyBpoGFK1mURYDVGnjQ4AkNoJfnaBed6stWNVYy8rq
2026-07-31T21:04:41.223+06:00  INFO 577218 --- [pangochain-backend] [nio-8080-exec-5] c.pangochain.backend.ipfs.IpfsService    : Fetched 780 bytes from primary IPFS CID=QmdMbyBpoGFK1mURYDVGnjQ4AkNoJfnaBed6stWNVYy8rq
2026-07-31T21:04:41.222+06:00  INFO 577218 --- [pangochain-backend] [io-8080-exec-17] c.pangochain.backend.ipfs.IpfsService    : Fetched 780 bytes from primary IPFS CID=QmdMbyBpoGFK1mURYDVGnjQ4AkNoJfnaBed6stWNVYy8rq
2026-07-31T21:04:41.223+06:00  INFO 577218 --- [pangochain-backend] [io-8080-exec-14] c.pangochain.backend.ipfs.IpfsService    : Fetched 780 bytes from primary IPFS CID=QmdMbyBpoGFK1mURYDVGnjQ4AkNoJfnaBed6stWNVYy8rq
2026-07-31T21:04:41.224+06:00  INFO 577218 --- [pangochain-backend] [nio-8080-exec-4] c.p.backend.document.DocumentService     : ACL check: Layer1=PASS Layer2=PASS doc=7eb7b50a-21ec-4f40-a48a-98cccaa8f738 user=bench@pangochain.test
2026-07-31T21:04:41.224+06:00  INFO 577218 --- [pangochain-backend] [io-8080-exec-20] c.p.backend.document.DocumentService     : ACL check: Layer1=PASS Layer2=PASS doc=7eb7b50a-21ec-4f40-a48a-98cccaa8f738 user=bench@pangochain.test
2026-07-31T21:04:41.226+06:00  INFO 577218 --- [pangochain-backend] [io-8080-exec-19] c.p.backend.document.DocumentService     : ACL check: Layer1=PASS Layer2=PASS doc=7eb7b50a-21ec-4f40-a48a-98cccaa8f738 user=bench@pangochain.test
2026-07-31T21:04:41.227+06:00  INFO 577218 --- [pangochain-backend] [io-8080-exec-20] c.pangochain.backend.ipfs.IpfsService    : Fetched 780 bytes from primary IPFS CID=QmdMbyBpoGFK1mURYDVGnjQ4AkNoJfnaBed6stWNVYy8rq
2026-07-31T21:04:41.229+06:00  INFO 577218 --- [pangochain-backend] [nio-8080-exec-4] c.pangochain.backend.ipfs.IpfsService    : Fetched 780 bytes from primary IPFS CID=QmdMbyBpoGFK1mURYDVGnjQ4AkNoJfnaBed6stWNVYy8rq
2026-07-31T21:04:41.230+06:00  INFO 577218 --- [pangochain-backend] [io-8080-exec-13] c.p.backend.document.DocumentService     : ACL check: Layer1=PASS Layer2=PASS doc=7eb7b50a-21ec-4f40-a48a-98cccaa8f738 user=bench@pangochain.test
2026-07-31T21:04:41.230+06:00  INFO 577218 --- [pangochain-backend] [io-8080-exec-19] c.pangochain.backend.ipfs.IpfsService    : Fetched 780 bytes from primary IPFS CID=QmdMbyBpoGFK1mURYDVGnjQ4AkNoJfnaBed6stWNVYy8rq
2026-07-31T21:04:41.233+06:00  INFO 577218 --- [pangochain-backend] [io-8080-exec-13] c.pangochain.backend.ipfs.IpfsService    : Fetched 780 bytes from primary IPFS CID=QmdMbyBpoGFK1mURYDVGnjQ4AkNoJfnaBed6stWNVYy8rq
2026-07-31T21:04:41.237+06:00  INFO 577218 --- [pangochain-backend] [nio-8080-exec-6] c.p.backend.document.DocumentService     : ACL check: Layer1=PASS Layer2=PASS doc=7eb7b50a-21ec-4f40-a48a-98cccaa8f738 user=bench@pangochain.test
2026-07-31T21:04:41.238+06:00  INFO 577218 --- [pangochain-backend] [nio-8080-exec-9] c.p.backend.document.DocumentService     : ACL check: Layer1=PASS Layer2=PASS doc=7eb7b50a-21ec-4f40-a48a-98cccaa8f738 user=bench@pangochain.test
2026-07-31T21:04:41.238+06:00  INFO 577218 --- [pangochain-backend] [nio-8080-exec-2] c.p.backend.document.DocumentService     : ACL check: Layer1=PASS Layer2=PASS doc=7eb7b50a-21ec-4f40-a48a-98cccaa8f738 user=bench@pangochain.test
2026-07-31T21:04:41.238+06:00  INFO 577218 --- [pangochain-backend] [io-8080-exec-12] c.p.backend.document.DocumentService     : ACL check: Layer1=PASS Layer2=PASS doc=7eb7b50a-21ec-4f40-a48a-98cccaa8f738 user=bench@pangochain.test
2026-07-31T21:04:41.238+06:00  INFO 577218 --- [pangochain-backend] [io-8080-exec-11] c.p.backend.document.DocumentService     : ACL check: Layer1=PASS Layer2=PASS doc=7eb7b50a-21ec-4f40-a48a-98cccaa8f738 user=bench@pangochain.test
2026-07-31T21:04:41.239+06:00  INFO 577218 --- [pangochain-backend] [nio-8080-exec-1] c.p.backend.document.DocumentService     : ACL check: Layer1=PASS Layer2=PASS doc=7eb7b50a-21ec-4f40-a48a-98cccaa8f738 user=bench@pangochain.test
2026-07-31T21:04:41.241+06:00  INFO 577218 --- [pangochain-backend] [nio-8080-exec-1] c.pangochain.backend.ipfs.IpfsService    : Fetched 780 bytes from primary IPFS CID=QmdMbyBpoGFK1mURYDVGnjQ4AkNoJfnaBed6stWNVYy8rq
2026-07-31T21:04:41.241+06:00  INFO 577218 --- [pangochain-backend] [nio-8080-exec-9] c.pangochain.backend.ipfs.IpfsService    : Fetched 780 bytes from primary IPFS CID=QmdMbyBpoGFK1mURYDVGnjQ4AkNoJfnaBed6stWNVYy8rq
2026-07-31T21:04:41.241+06:00  INFO 577218 --- [pangochain-backend] [nio-8080-exec-2] c.pangochain.backend.ipfs.IpfsService    : Fetched 780 bytes from primary IPFS CID=QmdMbyBpoGFK1mURYDVGnjQ4AkNoJfnaBed6stWNVYy8rq
2026-07-31T21:04:41.241+06:00  INFO 577218 --- [pangochain-backend] [nio-8080-exec-6] c.pangochain.backend.ipfs.IpfsService    : Fetched 780 bytes from primary IPFS CID=QmdMbyBpoGFK1mURYDVGnjQ4AkNoJfnaBed6stWNVYy8rq
2026-07-31T21:04:41.241+06:00  INFO 577218 --- [pangochain-backend] [io-8080-exec-12] c.pangochain.backend.ipfs.IpfsService    : Fetched 780 bytes from primary IPFS CID=QmdMbyBpoGFK1mURYDVGnjQ4AkNoJfnaBed6stWNVYy8rq
2026-07-31T21:04:41.242+06:00  INFO 577218 --- [pangochain-backend] [io-8080-exec-20] c.p.backend.document.DocumentService     : ACL check: Layer1=PASS Layer2=PASS doc=7eb7b50a-21ec-4f40-a48a-98cccaa8f738 user=bench@pangochain.test
2026-07-31T21:04:41.242+06:00  INFO 577218 --- [pangochain-backend] [io-8080-exec-11] c.pangochain.backend.ipfs.IpfsService    : Fetched 780 bytes from primary IPFS CID=QmdMbyBpoGFK1mURYDVGnjQ4AkNoJfnaBed6stWNVYy8rq
2026-07-31T21:04:41.246+06:00  INFO 577218 --- [pangochain-backend] [nio-8080-exec-8] c.p.backend.document.DocumentService     : ACL check: Layer1=PASS Layer2=PASS doc=7eb7b50a-21ec-4f40-a48a-98cccaa8f738 user=bench@pangochain.test
2026-07-31T21:04:41.246+06:00  INFO 577218 --- [pangochain-backend] [io-8080-exec-20] c.pangochain.backend.ipfs.IpfsService    : Fetched 780 bytes from primary IPFS CID=QmdMbyBpoGFK1mURYDVGnjQ4AkNoJfnaBed6stWNVYy8rq
2026-07-31T21:04:41.246+06:00  INFO 577218 --- [pangochain-backend] [nio-8080-exec-4] c.p.backend.document.DocumentService     : ACL check: Layer1=PASS Layer2=PASS doc=7eb7b50a-21ec-4f40-a48a-98cccaa8f738 user=bench@pangochain.test
2026-07-31T21:04:41.246+06:00  INFO 577218 --- [pangochain-backend] [io-8080-exec-18] c.p.backend.document.DocumentService     : ACL check: Layer1=PASS Layer2=PASS doc=7eb7b50a-21ec-4f40-a48a-98cccaa8f738 user=bench@pangochain.test
2026-07-31T21:04:41.249+06:00  INFO 577218 --- [pangochain-backend] [io-8080-exec-18] c.pangochain.backend.ipfs.IpfsService    : Fetched 780 bytes from primary IPFS CID=QmdMbyBpoGFK1mURYDVGnjQ4AkNoJfnaBed6stWNVYy8rq
2026-07-31T21:04:41.249+06:00  INFO 577218 --- [pangochain-backend] [nio-8080-exec-8] c.pangochain.backend.ipfs.IpfsService    : Fetched 780 bytes from primary IPFS CID=QmdMbyBpoGFK1mURYDVGnjQ4AkNoJfnaBed6stWNVYy8rq
2026-07-31T21:04:41.249+06:00  INFO 577218 --- [pangochain-backend] [nio-8080-exec-4] c.pangochain.backend.ipfs.IpfsService    : Fetched 780 bytes from primary IPFS CID=QmdMbyBpoGFK1mURYDVGnjQ4AkNoJfnaBed6stWNVYy8rq
2026-07-31T21:04:41.254+06:00  INFO 577218 --- [pangochain-backend] [io-8080-exec-15] c.p.backend.document.DocumentService     : ACL check: Layer1=PASS Layer2=PASS doc=7eb7b50a-21ec-4f40-a48a-98cccaa8f738 user=bench@pangochain.test
2026-07-31T21:04:41.254+06:00  INFO 577218 --- [pangochain-backend] [io-8080-exec-17] c.p.backend.document.DocumentService     : ACL check: Layer1=PASS Layer2=PASS doc=7eb7b50a-21ec-4f40-a48a-98cccaa8f738 user=bench@pangochain.test
2026-07-31T21:04:41.254+06:00  INFO 577218 --- [pangochain-backend] [io-8080-exec-16] c.p.backend.document.DocumentService     : ACL check: Layer1=PASS Layer2=PASS doc=7eb7b50a-21ec-4f40-a48a-98cccaa8f738 user=bench@pangochain.test
2026-07-31T21:04:41.254+06:00  INFO 577218 --- [pangochain-backend] [nio-8080-exec-5] c.p.backend.document.DocumentService     : ACL check: Layer1=PASS Layer2=PASS doc=7eb7b50a-21ec-4f40-a48a-98cccaa8f738 user=bench@pangochain.test
2026-07-31T21:04:41.254+06:00  INFO 577218 --- [pangochain-backend] [nio-8080-exec-3] c.p.backend.document.DocumentService     : ACL check: Layer1=PASS Layer2=PASS doc=7eb7b50a-21ec-4f40-a48a-98cccaa8f738 user=bench@pangochain.test
2026-07-31T21:04:41.256+06:00  INFO 577218 --- [pangochain-backend] [io-8080-exec-15] c.pangochain.backend.ipfs.IpfsService    : Fetched 780 bytes from primary IPFS CID=QmdMbyBpoGFK1mURYDVGnjQ4AkNoJfnaBed6stWNVYy8rq
2026-07-31T21:04:41.256+06:00  INFO 577218 --- [pangochain-backend] [io-8080-exec-17] c.pangochain.backend.ipfs.IpfsService    : Fetched 780 bytes from primary IPFS CID=QmdMbyBpoGFK1mURYDVGnjQ4AkNoJfnaBed6stWNVYy8rq
2026-07-31T21:04:41.256+06:00  INFO 577218 --- [pangochain-backend] [io-8080-exec-10] c.p.backend.document.DocumentService     : ACL check: Layer1=PASS Layer2=PASS doc=7eb7b50a-21ec-4f40-a48a-98cccaa8f738 user=bench@pangochain.test
2026-07-31T21:04:41.256+06:00  INFO 577218 --- [pangochain-backend] [io-8080-exec-16] c.pangochain.backend.ipfs.IpfsService    : Fetched 780 bytes from primary IPFS CID=QmdMbyBpoGFK1mURYDVGnjQ4AkNoJfnaBed6stWNVYy8rq
2026-07-31T21:04:41.257+06:00  INFO 577218 --- [pangochain-backend] [nio-8080-exec-3] c.pangochain.backend.ipfs.IpfsService    : Fetched 780 bytes from primary IPFS CID=QmdMbyBpoGFK1mURYDVGnjQ4AkNoJfnaBed6stWNVYy8rq
2026-07-31T21:04:41.257+06:00  INFO 577218 --- [pangochain-backend] [nio-8080-exec-5] c.pangochain.backend.ipfs.IpfsService    : Fetched 780 bytes from primary IPFS CID=QmdMbyBpoGFK1mURYDVGnjQ4AkNoJfnaBed6stWNVYy8rq
2026-07-31T21:04:41.257+06:00  INFO 577218 --- [pangochain-backend] [io-8080-exec-14] c.p.backend.document.DocumentService     : ACL check: Layer1=PASS Layer2=PASS doc=7eb7b50a-21ec-4f40-a48a-98cccaa8f738 user=bench@pangochain.test
2026-07-31T21:04:41.258+06:00  INFO 577218 --- [pangochain-backend] [io-8080-exec-10] c.pangochain.backend.ipfs.IpfsService    : Fetched 780 bytes from primary IPFS CID=QmdMbyBpoGFK1mURYDVGnjQ4AkNoJfnaBed6stWNVYy8rq
2026-07-31T21:04:41.259+06:00  INFO 577218 --- [pangochain-backend] [io-8080-exec-13] c.p.backend.document.DocumentService     : ACL check: Layer1=PASS Layer2=PASS doc=7eb7b50a-21ec-4f40-a48a-98cccaa8f738 user=bench@pangochain.test
2026-07-31T21:04:41.259+06:00  INFO 577218 --- [pangochain-backend] [nio-8080-exec-7] c.p.backend.document.DocumentService     : ACL check: Layer1=PASS Layer2=PASS doc=7eb7b50a-21ec-4f40-a48a-98cccaa8f738 user=bench@pangochain.test
2026-07-31T21:04:41.259+06:00  INFO 577218 --- [pangochain-backend] [io-8080-exec-19] c.p.backend.document.DocumentService     : ACL check: Layer1=PASS Layer2=PASS doc=7eb7b50a-21ec-4f40-a48a-98cccaa8f738 user=bench@pangochain.test
2026-07-31T21:04:41.259+06:00  INFO 577218 --- [pangochain-backend] [io-8080-exec-14] c.pangochain.backend.ipfs.IpfsService    : Fetched 780 bytes from primary IPFS CID=QmdMbyBpoGFK1mURYDVGnjQ4AkNoJfnaBed6stWNVYy8rq
2026-07-31T21:04:41.260+06:00  INFO 577218 --- [pangochain-backend] [io-8080-exec-19] c.pangochain.backend.ipfs.IpfsService    : Fetched 780 bytes from primary IPFS CID=QmdMbyBpoGFK1mURYDVGnjQ4AkNoJfnaBed6stWNVYy8rq
2026-07-31T21:04:41.260+06:00  INFO 577218 --- [pangochain-backend] [io-8080-exec-13] c.pangochain.backend.ipfs.IpfsService    : Fetched 780 bytes from primary IPFS CID=QmdMbyBpoGFK1mURYDVGnjQ4AkNoJfnaBed6stWNVYy8rq
2026-07-31T21:04:41.260+06:00  INFO 577218 --- [pangochain-backend] [nio-8080-exec-7] c.pangochain.backend.ipfs.IpfsService    : Fetched 780 bytes from primary IPFS CID=QmdMbyBpoGFK1mURYDVGnjQ4AkNoJfnaBed6stWNVYy8rq
2026-07-31T21:04:41.269+06:00  INFO 577218 --- [pangochain-backend] [nio-8080-exec-9] c.p.backend.document.DocumentService     : ACL check: Layer1=PASS Layer2=PASS doc=7eb7b50a-21ec-4f40-a48a-98cccaa8f738 user=bench@pangochain.test
2026-07-31T21:04:41.269+06:00  INFO 577218 --- [pangochain-backend] [nio-8080-exec-1] c.p.backend.document.DocumentService     : ACL check: Layer1=PASS Layer2=PASS doc=7eb7b50a-21ec-4f40-a48a-98cccaa8f738 user=bench@pangochain.test
2026-07-31T21:04:41.269+06:00  INFO 577218 --- [pangochain-backend] [io-8080-exec-20] c.p.backend.document.DocumentService     : ACL check: Layer1=PASS Layer2=PASS doc=7eb7b50a-21ec-4f40-a48a-98cccaa8f738 user=bench@pangochain.test
2026-07-31T21:04:41.269+06:00  INFO 577218 --- [pangochain-backend] [io-8080-exec-12] c.p.backend.document.DocumentService     : ACL check: Layer1=PASS Layer2=PASS doc=7eb7b50a-21ec-4f40-a48a-98cccaa8f738 user=bench@pangochain.test
2026-07-31T21:04:41.269+06:00  INFO 577218 --- [pangochain-backend] [nio-8080-exec-2] c.p.backend.document.DocumentService     : ACL check: Layer1=PASS Layer2=PASS doc=7eb7b50a-21ec-4f40-a48a-98cccaa8f738 user=bench@pangochain.test
2026-07-31T21:04:41.270+06:00  INFO 577218 --- [pangochain-backend] [io-8080-exec-18] c.p.backend.document.DocumentService     : ACL check: Layer1=PASS Layer2=PASS doc=7eb7b50a-21ec-4f40-a48a-98cccaa8f738 user=bench@pangochain.test
2026-07-31T21:04:41.270+06:00  INFO 577218 --- [pangochain-backend] [nio-8080-exec-4] c.p.backend.document.DocumentService     : ACL check: Layer1=PASS Layer2=PASS doc=7eb7b50a-21ec-4f40-a48a-98cccaa8f738 user=bench@pangochain.test
2026-07-31T21:04:41.270+06:00  INFO 577218 --- [pangochain-backend] [io-8080-exec-11] c.p.backend.document.DocumentService     : ACL check: Layer1=PASS Layer2=PASS doc=7eb7b50a-21ec-4f40-a48a-98cccaa8f738 user=bench@pangochain.test
2026-07-31T21:04:41.270+06:00  INFO 577218 --- [pangochain-backend] [nio-8080-exec-8] c.p.backend.document.DocumentService     : ACL check: Layer1=PASS Layer2=PASS doc=7eb7b50a-21ec-4f40-a48a-98cccaa8f738 user=bench@pangochain.test
2026-07-31T21:04:41.270+06:00  INFO 577218 --- [pangochain-backend] [nio-8080-exec-6] c.p.backend.document.DocumentService     : ACL check: Layer1=PASS Layer2=PASS doc=7eb7b50a-21ec-4f40-a48a-98cccaa8f738 user=bench@pangochain.test
2026-07-31T21:04:41.271+06:00  INFO 577218 --- [pangochain-backend] [nio-8080-exec-9] c.pangochain.backend.ipfs.IpfsService    : Fetched 780 bytes from primary IPFS CID=QmdMbyBpoGFK1mURYDVGnjQ4AkNoJfnaBed6stWNVYy8rq
2026-07-31T21:04:41.271+06:00  INFO 577218 --- [pangochain-backend] [io-8080-exec-12] c.pangochain.backend.ipfs.IpfsService    : Fetched 780 bytes from primary IPFS CID=QmdMbyBpoGFK1mURYDVGnjQ4AkNoJfnaBed6stWNVYy8rq
2026-07-31T21:04:41.271+06:00  INFO 577218 --- [pangochain-backend] [io-8080-exec-20] c.pangochain.backend.ipfs.IpfsService    : Fetched 780 bytes from primary IPFS CID=QmdMbyBpoGFK1mURYDVGnjQ4AkNoJfnaBed6stWNVYy8rq
2026-07-31T21:04:41.271+06:00  INFO 577218 --- [pangochain-backend] [nio-8080-exec-1] c.pangochain.backend.ipfs.IpfsService    : Fetched 780 bytes from primary IPFS CID=QmdMbyBpoGFK1mURYDVGnjQ4AkNoJfnaBed6stWNVYy8rq
2026-07-31T21:04:41.271+06:00  INFO 577218 --- [pangochain-backend] [io-8080-exec-18] c.pangochain.backend.ipfs.IpfsService    : Fetched 780 bytes from primary IPFS CID=QmdMbyBpoGFK1mURYDVGnjQ4AkNoJfnaBed6stWNVYy8rq
2026-07-31T21:04:41.271+06:00  INFO 577218 --- [pangochain-backend] [nio-8080-exec-2] c.pangochain.backend.ipfs.IpfsService    : Fetched 780 bytes from primary IPFS CID=QmdMbyBpoGFK1mURYDVGnjQ4AkNoJfnaBed6stWNVYy8rq
2026-07-31T21:04:41.271+06:00  INFO 577218 --- [pangochain-backend] [nio-8080-exec-4] c.pangochain.backend.ipfs.IpfsService    : Fetched 780 bytes from primary IPFS CID=QmdMbyBpoGFK1mURYDVGnjQ4AkNoJfnaBed6stWNVYy8rq
2026-07-31T21:04:41.271+06:00  INFO 577218 --- [pangochain-backend] [io-8080-exec-11] c.pangochain.backend.ipfs.IpfsService    : Fetched 780 bytes from primary IPFS CID=QmdMbyBpoGFK1mURYDVGnjQ4AkNoJfnaBed6stWNVYy8rq
2026-07-31T21:04:41.272+06:00  INFO 577218 --- [pangochain-backend] [nio-8080-exec-8] c.pangochain.backend.ipfs.IpfsService    : Fetched 780 bytes from primary IPFS CID=QmdMbyBpoGFK1mURYDVGnjQ4AkNoJfnaBed6stWNVYy8rq
2026-07-31T21:04:41.272+06:00  INFO 577218 --- [pangochain-backend] [nio-8080-exec-6] c.pangochain.backend.ipfs.IpfsService    : Fetched 780 bytes from primary IPFS CID=QmdMbyBpoGFK1mURYDVGnjQ4AkNoJfnaBed6stWNVYy8rq
2026-07-31T21:04:41.283+06:00  INFO 577218 --- [pangochain-backend] [io-8080-exec-17] c.p.backend.document.DocumentService     : ACL check: Layer1=PASS Layer2=PASS doc=7eb7b50a-21ec-4f40-a48a-98cccaa8f738 user=bench@pangochain.test
2026-07-31T21:04:41.284+06:00  INFO 577218 --- [pangochain-backend] [nio-8080-exec-3] c.p.backend.document.DocumentService     : ACL check: Layer1=PASS Layer2=PASS doc=7eb7b50a-21ec-4f40-a48a-98cccaa8f738 user=bench@pangochain.test
2026-07-31T21:04:41.284+06:00  INFO 577218 --- [pangochain-backend] [nio-8080-exec-8] c.p.backend.document.DocumentService     : ACL check: Layer1=PASS Layer2=PASS doc=7eb7b50a-21ec-4f40-a48a-98cccaa8f738 user=bench@pangochain.test
2026-07-31T21:04:41.284+06:00  INFO 577218 --- [pangochain-backend] [nio-8080-exec-7] c.p.backend.document.DocumentService     : ACL check: Layer1=PASS Layer2=PASS doc=7eb7b50a-21ec-4f40-a48a-98cccaa8f738 user=bench@pangochain.test
2026-07-31T21:04:41.284+06:00  INFO 577218 --- [pangochain-backend] [io-8080-exec-19] c.p.backend.document.DocumentService     : ACL check: Layer1=PASS Layer2=PASS doc=7eb7b50a-21ec-4f40-a48a-98cccaa8f738 user=bench@pangochain.test
2026-07-31T21:04:41.284+06:00  INFO 577218 --- [pangochain-backend] [io-8080-exec-10] c.p.backend.document.DocumentService     : ACL check: Layer1=PASS Layer2=PASS doc=7eb7b50a-21ec-4f40-a48a-98cccaa8f738 user=bench@pangochain.test
2026-07-31T21:04:41.285+06:00  INFO 577218 --- [pangochain-backend] [nio-8080-exec-5] c.p.backend.document.DocumentService     : ACL check: Layer1=PASS Layer2=PASS doc=7eb7b50a-21ec-4f40-a48a-98cccaa8f738 user=bench@pangochain.test
2026-07-31T21:04:41.285+06:00  INFO 577218 --- [pangochain-backend] [io-8080-exec-13] c.p.backend.document.DocumentService     : ACL check: Layer1=PASS Layer2=PASS doc=7eb7b50a-21ec-4f40-a48a-98cccaa8f738 user=bench@pangochain.test
2026-07-31T21:04:41.285+06:00  INFO 577218 --- [pangochain-backend] [io-8080-exec-11] c.p.backend.document.DocumentService     : ACL check: Layer1=PASS Layer2=PASS doc=7eb7b50a-21ec-4f40-a48a-98cccaa8f738 user=bench@pangochain.test
2026-07-31T21:04:41.285+06:00  INFO 577218 --- [pangochain-backend] [io-8080-exec-14] c.p.backend.document.DocumentService     : ACL check: Layer1=PASS Layer2=PASS doc=7eb7b50a-21ec-4f40-a48a-98cccaa8f738 user=bench@pangochain.test
2026-07-31T21:04:41.286+06:00  INFO 577218 --- [pangochain-backend] [io-8080-exec-17] c.pangochain.backend.ipfs.IpfsService    : Fetched 780 bytes from primary IPFS CID=QmdMbyBpoGFK1mURYDVGnjQ4AkNoJfnaBed6stWNVYy8rq
2026-07-31T21:04:41.286+06:00  INFO 577218 --- [pangochain-backend] [nio-8080-exec-3] c.pangochain.backend.ipfs.IpfsService    : Fetched 780 bytes from primary IPFS CID=QmdMbyBpoGFK1mURYDVGnjQ4AkNoJfnaBed6stWNVYy8rq
2026-07-31T21:04:41.286+06:00  INFO 577218 --- [pangochain-backend] [nio-8080-exec-8] c.pangochain.backend.ipfs.IpfsService    : Fetched 780 bytes from primary IPFS CID=QmdMbyBpoGFK1mURYDVGnjQ4AkNoJfnaBed6stWNVYy8rq
2026-07-31T21:04:41.286+06:00  INFO 577218 --- [pangochain-backend] [io-8080-exec-10] c.pangochain.backend.ipfs.IpfsService    : Fetched 780 bytes from primary IPFS CID=QmdMbyBpoGFK1mURYDVGnjQ4AkNoJfnaBed6stWNVYy8rq
2026-07-31T21:04:41.287+06:00  INFO 577218 --- [pangochain-backend] [nio-8080-exec-5] c.pangochain.backend.ipfs.IpfsService    : Fetched 780 bytes from primary IPFS CID=QmdMbyBpoGFK1mURYDVGnjQ4AkNoJfnaBed6stWNVYy8rq
2026-07-31T21:04:41.287+06:00  INFO 577218 --- [pangochain-backend] [nio-8080-exec-7] c.pangochain.backend.ipfs.IpfsService    : Fetched 780 bytes from primary IPFS CID=QmdMbyBpoGFK1mURYDVGnjQ4AkNoJfnaBed6stWNVYy8rq
2026-07-31T21:04:41.287+06:00  INFO 577218 --- [pangochain-backend] [io-8080-exec-13] c.pangochain.backend.ipfs.IpfsService    : Fetched 780 bytes from primary IPFS CID=QmdMbyBpoGFK1mURYDVGnjQ4AkNoJfnaBed6stWNVYy8rq
2026-07-31T21:04:41.287+06:00  INFO 577218 --- [pangochain-backend] [io-8080-exec-19] c.pangochain.backend.ipfs.IpfsService    : Fetched 780 bytes from primary IPFS CID=QmdMbyBpoGFK1mURYDVGnjQ4AkNoJfnaBed6stWNVYy8rq
2026-07-31T21:04:41.287+06:00  INFO 577218 --- [pangochain-backend] [io-8080-exec-11] c.pangochain.backend.ipfs.IpfsService    : Fetched 780 bytes from primary IPFS CID=QmdMbyBpoGFK1mURYDVGnjQ4AkNoJfnaBed6stWNVYy8rq
2026-07-31T21:04:41.287+06:00  INFO 577218 --- [pangochain-backend] [io-8080-exec-14] c.pangochain.backend.ipfs.IpfsService    : Fetched 780 bytes from primary IPFS CID=QmdMbyBpoGFK1mURYDVGnjQ4AkNoJfnaBed6stWNVYy8rq
2026-07-31T21:04:41.297+06:00  INFO 577218 --- [pangochain-backend] [io-8080-exec-12] c.p.backend.document.DocumentService     : ACL check: Layer1=PASS Layer2=PASS doc=7eb7b50a-21ec-4f40-a48a-98cccaa8f738 user=bench@pangochain.test
2026-07-31T21:04:41.297+06:00  INFO 577218 --- [pangochain-backend] [nio-8080-exec-2] c.p.backend.document.DocumentService     : ACL check: Layer1=PASS Layer2=PASS doc=7eb7b50a-21ec-4f40-a48a-98cccaa8f738 user=bench@pangochain.test
2026-07-31T21:04:41.297+06:00  INFO 577218 --- [pangochain-backend] [nio-8080-exec-9] c.p.backend.document.DocumentService     : ACL check: Layer1=PASS Layer2=PASS doc=7eb7b50a-21ec-4f40-a48a-98cccaa8f738 user=bench@pangochain.test
2026-07-31T21:04:41.298+06:00  INFO 577218 --- [pangochain-backend] [io-8080-exec-20] c.p.backend.document.DocumentService     : ACL check: Layer1=PASS Layer2=PASS doc=7eb7b50a-21ec-4f40-a48a-98cccaa8f738 user=bench@pangochain.test
2026-07-31T21:04:41.298+06:00  INFO 577218 --- [pangochain-backend] [nio-8080-exec-4] c.p.backend.document.DocumentService     : ACL check: Layer1=PASS Layer2=PASS doc=7eb7b50a-21ec-4f40-a48a-98cccaa8f738 user=bench@pangochain.test
2026-07-31T21:04:41.298+06:00  INFO 577218 --- [pangochain-backend] [io-8080-exec-16] c.p.backend.document.DocumentService     : ACL check: Layer1=PASS Layer2=PASS doc=7eb7b50a-21ec-4f40-a48a-98cccaa8f738 user=bench@pangochain.test
2026-07-31T21:04:41.298+06:00  INFO 577218 --- [pangochain-backend] [nio-8080-exec-6] c.p.backend.document.DocumentService     : ACL check: Layer1=PASS Layer2=PASS doc=7eb7b50a-21ec-4f40-a48a-98cccaa8f738 user=bench@pangochain.test
2026-07-31T21:04:41.298+06:00  INFO 577218 --- [pangochain-backend] [io-8080-exec-15] c.p.backend.document.DocumentService     : ACL check: Layer1=PASS Layer2=PASS doc=7eb7b50a-21ec-4f40-a48a-98cccaa8f738 user=bench@pangochain.test
2026-07-31T21:04:41.298+06:00  INFO 577218 --- [pangochain-backend] [io-8080-exec-18] c.p.backend.document.DocumentService     : ACL check: Layer1=PASS Layer2=PASS doc=7eb7b50a-21ec-4f40-a48a-98cccaa8f738 user=bench@pangochain.test
2026-07-31T21:04:41.299+06:00  INFO 577218 --- [pangochain-backend] [nio-8080-exec-1] c.p.backend.document.DocumentService     : ACL check: Layer1=PASS Layer2=PASS doc=7eb7b50a-21ec-4f40-a48a-98cccaa8f738 user=bench@pangochain.test
2026-07-31T21:04:41.300+06:00  INFO 577218 --- [pangochain-backend] [nio-8080-exec-9] c.pangochain.backend.ipfs.IpfsService    : Fetched 780 bytes from primary IPFS CID=QmdMbyBpoGFK1mURYDVGnjQ4AkNoJfnaBed6stWNVYy8rq
2026-07-31T21:04:41.300+06:00  INFO 577218 --- [pangochain-backend] [io-8080-exec-12] c.pangochain.backend.ipfs.IpfsService    : Fetched 780 bytes from primary IPFS CID=QmdMbyBpoGFK1mURYDVGnjQ4AkNoJfnaBed6stWNVYy8rq
2026-07-31T21:04:41.300+06:00  INFO 577218 --- [pangochain-backend] [io-8080-exec-16] c.pangochain.backend.ipfs.IpfsService    : Fetched 780 bytes from primary IPFS CID=QmdMbyBpoGFK1mURYDVGnjQ4AkNoJfnaBed6stWNVYy8rq
2026-07-31T21:04:41.300+06:00  INFO 577218 --- [pangochain-backend] [nio-8080-exec-2] c.pangochain.backend.ipfs.IpfsService    : Fetched 780 bytes from primary IPFS CID=QmdMbyBpoGFK1mURYDVGnjQ4AkNoJfnaBed6stWNVYy8rq
2026-07-31T21:04:41.300+06:00  INFO 577218 --- [pangochain-backend] [io-8080-exec-18] c.pangochain.backend.ipfs.IpfsService    : Fetched 780 bytes from primary IPFS CID=QmdMbyBpoGFK1mURYDVGnjQ4AkNoJfnaBed6stWNVYy8rq
2026-07-31T21:04:41.300+06:00  INFO 577218 --- [pangochain-backend] [nio-8080-exec-1] c.pangochain.backend.ipfs.IpfsService    : Fetched 780 bytes from primary IPFS CID=QmdMbyBpoGFK1mURYDVGnjQ4AkNoJfnaBed6stWNVYy8rq
2026-07-31T21:04:41.300+06:00  INFO 577218 --- [pangochain-backend] [io-8080-exec-15] c.pangochain.backend.ipfs.IpfsService    : Fetched 780 bytes from primary IPFS CID=QmdMbyBpoGFK1mURYDVGnjQ4AkNoJfnaBed6stWNVYy8rq
2026-07-31T21:04:41.301+06:00  INFO 577218 --- [pangochain-backend] [io-8080-exec-20] c.pangochain.backend.ipfs.IpfsService    : Fetched 780 bytes from primary IPFS CID=QmdMbyBpoGFK1mURYDVGnjQ4AkNoJfnaBed6stWNVYy8rq
2026-07-31T21:04:41.301+06:00  INFO 577218 --- [pangochain-backend] [nio-8080-exec-6] c.pangochain.backend.ipfs.IpfsService    : Fetched 780 bytes from primary IPFS CID=QmdMbyBpoGFK1mURYDVGnjQ4AkNoJfnaBed6stWNVYy8rq
2026-07-31T21:04:41.301+06:00  INFO 577218 --- [pangochain-backend] [nio-8080-exec-4] c.pangochain.backend.ipfs.IpfsService    : Fetched 780 bytes from primary IPFS CID=QmdMbyBpoGFK1mURYDVGnjQ4AkNoJfnaBed6stWNVYy8rq
2026-07-31T21:04:41.313+06:00  INFO 577218 --- [pangochain-backend] [nio-8080-exec-3] c.p.backend.document.DocumentService     : ACL check: Layer1=PASS Layer2=PASS doc=7eb7b50a-21ec-4f40-a48a-98cccaa8f738 user=bench@pangochain.test
2026-07-31T21:04:41.313+06:00  INFO 577218 --- [pangochain-backend] [nio-8080-exec-5] c.p.backend.document.DocumentService     : ACL check: Layer1=PASS Layer2=PASS doc=7eb7b50a-21ec-4f40-a48a-98cccaa8f738 user=bench@pangochain.test
2026-07-31T21:04:41.313+06:00  INFO 577218 --- [pangochain-backend] [io-8080-exec-14] c.p.backend.document.DocumentService     : ACL check: Layer1=PASS Layer2=PASS doc=7eb7b50a-21ec-4f40-a48a-98cccaa8f738 user=bench@pangochain.test
2026-07-31T21:04:41.313+06:00  INFO 577218 --- [pangochain-backend] [io-8080-exec-12] c.p.backend.document.DocumentService     : ACL check: Layer1=PASS Layer2=PASS doc=7eb7b50a-21ec-4f40-a48a-98cccaa8f738 user=bench@pangochain.test
2026-07-31T21:04:41.314+06:00  INFO 577218 --- [pangochain-backend] [io-8080-exec-13] c.p.backend.document.DocumentService     : ACL check: Layer1=PASS Layer2=PASS doc=7eb7b50a-21ec-4f40-a48a-98cccaa8f738 user=bench@pangochain.test
2026-07-31T21:04:41.314+06:00  INFO 577218 --- [pangochain-backend] [io-8080-exec-10] c.p.backend.document.DocumentService     : ACL check: Layer1=PASS Layer2=PASS doc=7eb7b50a-21ec-4f40-a48a-98cccaa8f738 user=bench@pangochain.test
2026-07-31T21:04:41.314+06:00  INFO 577218 --- [pangochain-backend] [io-8080-exec-19] c.p.backend.document.DocumentService     : ACL check: Layer1=PASS Layer2=PASS doc=7eb7b50a-21ec-4f40-a48a-98cccaa8f738 user=bench@pangochain.test
2026-07-31T21:04:41.314+06:00  INFO 577218 --- [pangochain-backend] [nio-8080-exec-7] c.p.backend.document.DocumentService     : ACL check: Layer1=PASS Layer2=PASS doc=7eb7b50a-21ec-4f40-a48a-98cccaa8f738 user=bench@pangochain.test
2026-07-31T21:04:41.314+06:00  INFO 577218 --- [pangochain-backend] [io-8080-exec-17] c.p.backend.document.DocumentService     : ACL check: Layer1=PASS Layer2=PASS doc=7eb7b50a-21ec-4f40-a48a-98cccaa8f738 user=bench@pangochain.test
2026-07-31T21:04:41.314+06:00  INFO 577218 --- [pangochain-backend] [nio-8080-exec-8] c.p.backend.document.DocumentService     : ACL check: Layer1=PASS Layer2=PASS doc=7eb7b50a-21ec-4f40-a48a-98cccaa8f738 user=bench@pangochain.test
2026-07-31T21:04:41.316+06:00  INFO 577218 --- [pangochain-backend] [io-8080-exec-10] c.pangochain.backend.ipfs.IpfsService    : Fetched 780 bytes from primary IPFS CID=QmdMbyBpoGFK1mURYDVGnjQ4AkNoJfnaBed6stWNVYy8rq
2026-07-31T21:04:41.316+06:00  INFO 577218 --- [pangochain-backend] [nio-8080-exec-7] c.pangochain.backend.ipfs.IpfsService    : Fetched 780 bytes from primary IPFS CID=QmdMbyBpoGFK1mURYDVGnjQ4AkNoJfnaBed6stWNVYy8rq
2026-07-31T21:04:41.316+06:00  INFO 577218 --- [pangochain-backend] [nio-8080-exec-5] c.pangochain.backend.ipfs.IpfsService    : Fetched 780 bytes from primary IPFS CID=QmdMbyBpoGFK1mURYDVGnjQ4AkNoJfnaBed6stWNVYy8rq
2026-07-31T21:04:41.316+06:00  INFO 577218 --- [pangochain-backend] [io-8080-exec-12] c.pangochain.backend.ipfs.IpfsService    : Fetched 780 bytes from primary IPFS CID=QmdMbyBpoGFK1mURYDVGnjQ4AkNoJfnaBed6stWNVYy8rq
2026-07-31T21:04:41.316+06:00  INFO 577218 --- [pangochain-backend] [nio-8080-exec-8] c.pangochain.backend.ipfs.IpfsService    : Fetched 780 bytes from primary IPFS CID=QmdMbyBpoGFK1mURYDVGnjQ4AkNoJfnaBed6stWNVYy8rq
2026-07-31T21:04:41.316+06:00  INFO 577218 --- [pangochain-backend] [io-8080-exec-17] c.pangochain.backend.ipfs.IpfsService    : Fetched 780 bytes from primary IPFS CID=QmdMbyBpoGFK1mURYDVGnjQ4AkNoJfnaBed6stWNVYy8rq
2026-07-31T21:04:41.316+06:00  INFO 577218 --- [pangochain-backend] [io-8080-exec-13] c.pangochain.backend.ipfs.IpfsService    : Fetched 780 bytes from primary IPFS CID=QmdMbyBpoGFK1mURYDVGnjQ4AkNoJfnaBed6stWNVYy8rq
2026-07-31T21:04:41.317+06:00  INFO 577218 --- [pangochain-backend] [nio-8080-exec-3] c.pangochain.backend.ipfs.IpfsService    : Fetched 780 bytes from primary IPFS CID=QmdMbyBpoGFK1mURYDVGnjQ4AkNoJfnaBed6stWNVYy8rq
2026-07-31T21:04:41.317+06:00  INFO 577218 --- [pangochain-backend] [io-8080-exec-14] c.pangochain.backend.ipfs.IpfsService    : Fetched 780 bytes from primary IPFS CID=QmdMbyBpoGFK1mURYDVGnjQ4AkNoJfnaBed6stWNVYy8rq
2026-07-31T21:04:41.317+06:00  INFO 577218 --- [pangochain-backend] [io-8080-exec-19] c.pangochain.backend.ipfs.IpfsService    : Fetched 780 bytes from primary IPFS CID=QmdMbyBpoGFK1mURYDVGnjQ4AkNoJfnaBed6stWNVYy8rq
2026-07-31T21:04:41.328+06:00  INFO 577218 --- [pangochain-backend] [nio-8080-exec-6] c.p.backend.document.DocumentService     : ACL check: Layer1=PASS Layer2=PASS doc=7eb7b50a-21ec-4f40-a48a-98cccaa8f738 user=bench@pangochain.test
2026-07-31T21:04:41.328+06:00  INFO 577218 --- [pangochain-backend] [io-8080-exec-16] c.p.backend.document.DocumentService     : ACL check: Layer1=PASS Layer2=PASS doc=7eb7b50a-21ec-4f40-a48a-98cccaa8f738 user=bench@pangochain.test
2026-07-31T21:04:41.329+06:00  INFO 577218 --- [pangochain-backend] [io-8080-exec-20] c.p.backend.document.DocumentService     : ACL check: Layer1=PASS Layer2=PASS doc=7eb7b50a-21ec-4f40-a48a-98cccaa8f738 user=bench@pangochain.test
2026-07-31T21:04:41.329+06:00  INFO 577218 --- [pangochain-backend] [nio-8080-exec-9] c.p.backend.document.DocumentService     : ACL check: Layer1=PASS Layer2=PASS doc=7eb7b50a-21ec-4f40-a48a-98cccaa8f738 user=bench@pangochain.test
2026-07-31T21:04:41.329+06:00  INFO 577218 --- [pangochain-backend] [io-8080-exec-15] c.p.backend.document.DocumentService     : ACL check: Layer1=PASS Layer2=PASS doc=7eb7b50a-21ec-4f40-a48a-98cccaa8f738 user=bench@pangochain.test
2026-07-31T21:04:41.329+06:00  INFO 577218 --- [pangochain-backend] [io-8080-exec-18] c.p.backend.document.DocumentService     : ACL check: Layer1=PASS Layer2=PASS doc=7eb7b50a-21ec-4f40-a48a-98cccaa8f738 user=bench@pangochain.test
2026-07-31T21:04:41.329+06:00  INFO 577218 --- [pangochain-backend] [nio-8080-exec-4] c.p.backend.document.DocumentService     : ACL check: Layer1=PASS Layer2=PASS doc=7eb7b50a-21ec-4f40-a48a-98cccaa8f738 user=bench@pangochain.test
2026-07-31T21:04:41.329+06:00  INFO 577218 --- [pangochain-backend] [nio-8080-exec-1] c.p.backend.document.DocumentService     : ACL check: Layer1=PASS Layer2=PASS doc=7eb7b50a-21ec-4f40-a48a-98cccaa8f738 user=bench@pangochain.test
2026-07-31T21:04:41.329+06:00  INFO 577218 --- [pangochain-backend] [nio-8080-exec-2] c.p.backend.document.DocumentService     : ACL check: Layer1=PASS Layer2=PASS doc=7eb7b50a-21ec-4f40-a48a-98cccaa8f738 user=bench@pangochain.test
2026-07-31T21:04:41.329+06:00  INFO 577218 --- [pangochain-backend] [io-8080-exec-19] c.p.backend.document.DocumentService     : ACL check: Layer1=PASS Layer2=PASS doc=7eb7b50a-21ec-4f40-a48a-98cccaa8f738 user=bench@pangochain.test
2026-07-31T21:04:41.331+06:00  INFO 577218 --- [pangochain-backend] [nio-8080-exec-1] c.pangochain.backend.ipfs.IpfsService    : Fetched 780 bytes from primary IPFS CID=QmdMbyBpoGFK1mURYDVGnjQ4AkNoJfnaBed6stWNVYy8rq
2026-07-31T21:04:41.331+06:00  INFO 577218 --- [pangochain-backend] [nio-8080-exec-9] c.pangochain.backend.ipfs.IpfsService    : Fetched 780 bytes from primary IPFS CID=QmdMbyBpoGFK1mURYDVGnjQ4AkNoJfnaBed6stWNVYy8rq
2026-07-31T21:04:41.332+06:00  INFO 577218 --- [pangochain-backend] [io-8080-exec-15] c.pangochain.backend.ipfs.IpfsService    : Fetched 780 bytes from primary IPFS CID=QmdMbyBpoGFK1mURYDVGnjQ4AkNoJfnaBed6stWNVYy8rq
2026-07-31T21:04:41.332+06:00  INFO 577218 --- [pangochain-backend] [nio-8080-exec-2] c.pangochain.backend.ipfs.IpfsService    : Fetched 780 bytes from primary IPFS CID=QmdMbyBpoGFK1mURYDVGnjQ4AkNoJfnaBed6stWNVYy8rq
2026-07-31T21:04:41.331+06:00  INFO 577218 --- [pangochain-backend] [io-8080-exec-16] c.pangochain.backend.ipfs.IpfsService    : Fetched 780 bytes from primary IPFS CID=QmdMbyBpoGFK1mURYDVGnjQ4AkNoJfnaBed6stWNVYy8rq
2026-07-31T21:04:41.332+06:00  INFO 577218 --- [pangochain-backend] [io-8080-exec-18] c.pangochain.backend.ipfs.IpfsService    : Fetched 780 bytes from primary IPFS CID=QmdMbyBpoGFK1mURYDVGnjQ4AkNoJfnaBed6stWNVYy8rq
2026-07-31T21:04:41.332+06:00  INFO 577218 --- [pangochain-backend] [nio-8080-exec-6] c.pangochain.backend.ipfs.IpfsService    : Fetched 780 bytes from primary IPFS CID=QmdMbyBpoGFK1mURYDVGnjQ4AkNoJfnaBed6stWNVYy8rq
2026-07-31T21:04:41.332+06:00  INFO 577218 --- [pangochain-backend] [nio-8080-exec-4] c.pangochain.backend.ipfs.IpfsService    : Fetched 780 bytes from primary IPFS CID=QmdMbyBpoGFK1mURYDVGnjQ4AkNoJfnaBed6stWNVYy8rq
2026-07-31T21:04:41.333+06:00  INFO 577218 --- [pangochain-backend] [io-8080-exec-19] c.pangochain.backend.ipfs.IpfsService    : Fetched 780 bytes from primary IPFS CID=QmdMbyBpoGFK1mURYDVGnjQ4AkNoJfnaBed6stWNVYy8rq
2026-07-31T21:04:41.333+06:00  INFO 577218 --- [pangochain-backend] [io-8080-exec-20] c.pangochain.backend.ipfs.IpfsService    : Fetched 780 bytes from primary IPFS CID=QmdMbyBpoGFK1mURYDVGnjQ4AkNoJfnaBed6stWNVYy8rq
2026-07-31T21:04:41.344+06:00  INFO 577218 --- [pangochain-backend] [io-8080-exec-10] c.p.backend.document.DocumentService     : ACL check: Layer1=PASS Layer2=PASS doc=7eb7b50a-21ec-4f40-a48a-98cccaa8f738 user=bench@pangochain.test
2026-07-31T21:04:41.345+06:00  INFO 577218 --- [pangochain-backend] [nio-8080-exec-5] c.p.backend.document.DocumentService     : ACL check: Layer1=PASS Layer2=PASS doc=7eb7b50a-21ec-4f40-a48a-98cccaa8f738 user=bench@pangochain.test
2026-07-31T21:04:41.345+06:00  INFO 577218 --- [pangochain-backend] [io-8080-exec-17] c.p.backend.document.DocumentService     : ACL check: Layer1=PASS Layer2=PASS doc=7eb7b50a-21ec-4f40-a48a-98cccaa8f738 user=bench@pangochain.test
2026-07-31T21:04:41.345+06:00  INFO 577218 --- [pangochain-backend] [io-8080-exec-12] c.p.backend.document.DocumentService     : ACL check: Layer1=PASS Layer2=PASS doc=7eb7b50a-21ec-4f40-a48a-98cccaa8f738 user=bench@pangochain.test
2026-07-31T21:04:41.345+06:00  INFO 577218 --- [pangochain-backend] [nio-8080-exec-3] c.p.backend.document.DocumentService     : ACL check: Layer1=PASS Layer2=PASS doc=7eb7b50a-21ec-4f40-a48a-98cccaa8f738 user=bench@pangochain.test
2026-07-31T21:04:41.345+06:00  INFO 577218 --- [pangochain-backend] [nio-8080-exec-8] c.p.backend.document.DocumentService     : ACL check: Layer1=PASS Layer2=PASS doc=7eb7b50a-21ec-4f40-a48a-98cccaa8f738 user=bench@pangochain.test
2026-07-31T21:04:41.345+06:00  INFO 577218 --- [pangochain-backend] [nio-8080-exec-7] c.p.backend.document.DocumentService     : ACL check: Layer1=PASS Layer2=PASS doc=7eb7b50a-21ec-4f40-a48a-98cccaa8f738 user=bench@pangochain.test
2026-07-31T21:04:41.345+06:00  INFO 577218 --- [pangochain-backend] [io-8080-exec-13] c.p.backend.document.DocumentService     : ACL check: Layer1=PASS Layer2=PASS doc=7eb7b50a-21ec-4f40-a48a-98cccaa8f738 user=bench@pangochain.test
2026-07-31T21:04:41.345+06:00  INFO 577218 --- [pangochain-backend] [io-8080-exec-11] c.p.backend.document.DocumentService     : ACL check: Layer1=PASS Layer2=PASS doc=7eb7b50a-21ec-4f40-a48a-98cccaa8f738 user=bench@pangochain.test
2026-07-31T21:04:41.345+06:00  INFO 577218 --- [pangochain-backend] [io-8080-exec-14] c.p.backend.document.DocumentService     : ACL check: Layer1=PASS Layer2=PASS doc=7eb7b50a-21ec-4f40-a48a-98cccaa8f738 user=bench@pangochain.test
2026-07-31T21:04:41.347+06:00  INFO 577218 --- [pangochain-backend] [io-8080-exec-10] c.pangochain.backend.ipfs.IpfsService    : Fetched 780 bytes from primary IPFS CID=QmdMbyBpoGFK1mURYDVGnjQ4AkNoJfnaBed6stWNVYy8rq
2026-07-31T21:04:41.347+06:00  INFO 577218 --- [pangochain-backend] [io-8080-exec-12] c.pangochain.backend.ipfs.IpfsService    : Fetched 780 bytes from primary IPFS CID=QmdMbyBpoGFK1mURYDVGnjQ4AkNoJfnaBed6stWNVYy8rq
2026-07-31T21:04:41.347+06:00  INFO 577218 --- [pangochain-backend] [nio-8080-exec-5] c.pangochain.backend.ipfs.IpfsService    : Fetched 780 bytes from primary IPFS CID=QmdMbyBpoGFK1mURYDVGnjQ4AkNoJfnaBed6stWNVYy8rq
2026-07-31T21:04:41.347+06:00  INFO 577218 --- [pangochain-backend] [io-8080-exec-17] c.pangochain.backend.ipfs.IpfsService    : Fetched 780 bytes from primary IPFS CID=QmdMbyBpoGFK1mURYDVGnjQ4AkNoJfnaBed6stWNVYy8rq
2026-07-31T21:04:41.347+06:00  INFO 577218 --- [pangochain-backend] [nio-8080-exec-3] c.pangochain.backend.ipfs.IpfsService    : Fetched 780 bytes from primary IPFS CID=QmdMbyBpoGFK1mURYDVGnjQ4AkNoJfnaBed6stWNVYy8rq
2026-07-31T21:04:41.347+06:00  INFO 577218 --- [pangochain-backend] [nio-8080-exec-8] c.pangochain.backend.ipfs.IpfsService    : Fetched 780 bytes from primary IPFS CID=QmdMbyBpoGFK1mURYDVGnjQ4AkNoJfnaBed6stWNVYy8rq
2026-07-31T21:04:41.348+06:00  INFO 577218 --- [pangochain-backend] [nio-8080-exec-7] c.pangochain.backend.ipfs.IpfsService    : Fetched 780 bytes from primary IPFS CID=QmdMbyBpoGFK1mURYDVGnjQ4AkNoJfnaBed6stWNVYy8rq
2026-07-31T21:04:41.348+06:00  INFO 577218 --- [pangochain-backend] [io-8080-exec-11] c.pangochain.backend.ipfs.IpfsService    : Fetched 780 bytes from primary IPFS CID=QmdMbyBpoGFK1mURYDVGnjQ4AkNoJfnaBed6stWNVYy8rq
2026-07-31T21:04:41.348+06:00  INFO 577218 --- [pangochain-backend] [io-8080-exec-13] c.pangochain.backend.ipfs.IpfsService    : Fetched 780 bytes from primary IPFS CID=QmdMbyBpoGFK1mURYDVGnjQ4AkNoJfnaBed6stWNVYy8rq
2026-07-31T21:04:41.348+06:00  INFO 577218 --- [pangochain-backend] [io-8080-exec-14] c.pangochain.backend.ipfs.IpfsService    : Fetched 780 bytes from primary IPFS CID=QmdMbyBpoGFK1mURYDVGnjQ4AkNoJfnaBed6stWNVYy8rq
2026-07-31T21:04:41.360+06:00  INFO 577218 --- [pangochain-backend] [io-8080-exec-18] c.p.backend.document.DocumentService     : ACL check: Layer1=PASS Layer2=PASS doc=7eb7b50a-21ec-4f40-a48a-98cccaa8f738 user=bench@pangochain.test
2026-07-31T21:04:41.360+06:00  INFO 577218 --- [pangochain-backend] [nio-8080-exec-2] c.p.backend.document.DocumentService     : ACL check: Layer1=PASS Layer2=PASS doc=7eb7b50a-21ec-4f40-a48a-98cccaa8f738 user=bench@pangochain.test
2026-07-31T21:04:41.360+06:00  INFO 577218 --- [pangochain-backend] [io-8080-exec-16] c.p.backend.document.DocumentService     : ACL check: Layer1=PASS Layer2=PASS doc=7eb7b50a-21ec-4f40-a48a-98cccaa8f738 user=bench@pangochain.test
2026-07-31T21:04:41.360+06:00  INFO 577218 --- [pangochain-backend] [nio-8080-exec-1] c.p.backend.document.DocumentService     : ACL check: Layer1=PASS Layer2=PASS doc=7eb7b50a-21ec-4f40-a48a-98cccaa8f738 user=bench@pangochain.test
2026-07-31T21:04:41.360+06:00  INFO 577218 --- [pangochain-backend] [io-8080-exec-15] c.p.backend.document.DocumentService     : ACL check: Layer1=PASS Layer2=PASS doc=7eb7b50a-21ec-4f40-a48a-98cccaa8f738 user=bench@pangochain.test
2026-07-31T21:04:41.360+06:00  INFO 577218 --- [pangochain-backend] [nio-8080-exec-4] c.p.backend.document.DocumentService     : ACL check: Layer1=PASS Layer2=PASS doc=7eb7b50a-21ec-4f40-a48a-98cccaa8f738 user=bench@pangochain.test
2026-07-31T21:04:41.360+06:00  INFO 577218 --- [pangochain-backend] [nio-8080-exec-9] c.p.backend.document.DocumentService     : ACL check: Layer1=PASS Layer2=PASS doc=7eb7b50a-21ec-4f40-a48a-98cccaa8f738 user=bench@pangochain.test
2026-07-31T21:04:41.360+06:00  INFO 577218 --- [pangochain-backend] [io-8080-exec-20] c.p.backend.document.DocumentService     : ACL check: Layer1=PASS Layer2=PASS doc=7eb7b50a-21ec-4f40-a48a-98cccaa8f738 user=bench@pangochain.test
2026-07-31T21:04:41.360+06:00  INFO 577218 --- [pangochain-backend] [nio-8080-exec-6] c.p.backend.document.DocumentService     : ACL check: Layer1=PASS Layer2=PASS doc=7eb7b50a-21ec-4f40-a48a-98cccaa8f738 user=bench@pangochain.test
2026-07-31T21:04:41.360+06:00  INFO 577218 --- [pangochain-backend] [io-8080-exec-19] c.p.backend.document.DocumentService     : ACL check: Layer1=PASS Layer2=PASS doc=7eb7b50a-21ec-4f40-a48a-98cccaa8f738 user=bench@pangochain.test
2026-07-31T21:04:41.362+06:00  INFO 577218 --- [pangochain-backend] [nio-8080-exec-1] c.pangochain.backend.ipfs.IpfsService    : Fetched 780 bytes from primary IPFS CID=QmdMbyBpoGFK1mURYDVGnjQ4AkNoJfnaBed6stWNVYy8rq
2026-07-31T21:04:41.362+06:00  INFO 577218 --- [pangochain-backend] [io-8080-exec-20] c.pangochain.backend.ipfs.IpfsService    : Fetched 780 bytes from primary IPFS CID=QmdMbyBpoGFK1mURYDVGnjQ4AkNoJfnaBed6stWNVYy8rq
2026-07-31T21:04:41.362+06:00  INFO 577218 --- [pangochain-backend] [nio-8080-exec-6] c.pangochain.backend.ipfs.IpfsService    : Fetched 780 bytes from primary IPFS CID=QmdMbyBpoGFK1mURYDVGnjQ4AkNoJfnaBed6stWNVYy8rq
2026-07-31T21:04:41.362+06:00  INFO 577218 --- [pangochain-backend] [io-8080-exec-16] c.pangochain.backend.ipfs.IpfsService    : Fetched 780 bytes from primary IPFS CID=QmdMbyBpoGFK1mURYDVGnjQ4AkNoJfnaBed6stWNVYy8rq
2026-07-31T21:04:41.363+06:00  INFO 577218 --- [pangochain-backend] [nio-8080-exec-2] c.pangochain.backend.ipfs.IpfsService    : Fetched 780 bytes from primary IPFS CID=QmdMbyBpoGFK1mURYDVGnjQ4AkNoJfnaBed6stWNVYy8rq
2026-07-31T21:04:41.363+06:00  INFO 577218 --- [pangochain-backend] [io-8080-exec-15] c.pangochain.backend.ipfs.IpfsService    : Fetched 780 bytes from primary IPFS CID=QmdMbyBpoGFK1mURYDVGnjQ4AkNoJfnaBed6stWNVYy8rq
2026-07-31T21:04:41.363+06:00  INFO 577218 --- [pangochain-backend] [io-8080-exec-18] c.pangochain.backend.ipfs.IpfsService    : Fetched 780 bytes from primary IPFS CID=QmdMbyBpoGFK1mURYDVGnjQ4AkNoJfnaBed6stWNVYy8rq
2026-07-31T21:04:41.364+06:00  INFO 577218 --- [pangochain-backend] [nio-8080-exec-4] c.pangochain.backend.ipfs.IpfsService    : Fetched 780 bytes from primary IPFS CID=QmdMbyBpoGFK1mURYDVGnjQ4AkNoJfnaBed6stWNVYy8rq
2026-07-31T21:04:41.364+06:00  INFO 577218 --- [pangochain-backend] [nio-8080-exec-9] c.pangochain.backend.ipfs.IpfsService    : Fetched 780 bytes from primary IPFS CID=QmdMbyBpoGFK1mURYDVGnjQ4AkNoJfnaBed6stWNVYy8rq
2026-07-31T21:04:41.364+06:00  INFO 577218 --- [pangochain-backend] [io-8080-exec-19] c.pangochain.backend.ipfs.IpfsService    : Fetched 780 bytes from primary IPFS CID=QmdMbyBpoGFK1mURYDVGnjQ4AkNoJfnaBed6stWNVYy8rq
2026-07-31T21:04:41.377+06:00  INFO 577218 --- [pangochain-backend] [nio-8080-exec-3] c.p.backend.document.DocumentService     : ACL check: Layer1=PASS Layer2=PASS doc=7eb7b50a-21ec-4f40-a48a-98cccaa8f738 user=bench@pangochain.test
2026-07-31T21:04:41.377+06:00  INFO 577218 --- [pangochain-backend] [nio-8080-exec-5] c.p.backend.document.DocumentService     : ACL check: Layer1=PASS Layer2=PASS doc=7eb7b50a-21ec-4f40-a48a-98cccaa8f738 user=bench@pangochain.test
2026-07-31T21:04:41.377+06:00  INFO 577218 --- [pangochain-backend] [io-8080-exec-19] c.p.backend.document.DocumentService     : ACL check: Layer1=PASS Layer2=PASS doc=7eb7b50a-21ec-4f40-a48a-98cccaa8f738 user=bench@pangochain.test
2026-07-31T21:04:41.377+06:00  INFO 577218 --- [pangochain-backend] [io-8080-exec-17] c.p.backend.document.DocumentService     : ACL check: Layer1=PASS Layer2=PASS doc=7eb7b50a-21ec-4f40-a48a-98cccaa8f738 user=bench@pangochain.test
2026-07-31T21:04:41.377+06:00  INFO 577218 --- [pangochain-backend] [io-8080-exec-12] c.p.backend.document.DocumentService     : ACL check: Layer1=PASS Layer2=PASS doc=7eb7b50a-21ec-4f40-a48a-98cccaa8f738 user=bench@pangochain.test
2026-07-31T21:04:41.377+06:00  INFO 577218 --- [pangochain-backend] [io-8080-exec-11] c.p.backend.document.DocumentService     : ACL check: Layer1=PASS Layer2=PASS doc=7eb7b50a-21ec-4f40-a48a-98cccaa8f738 user=bench@pangochain.test
2026-07-31T21:04:41.377+06:00  INFO 577218 --- [pangochain-backend] [nio-8080-exec-7] c.p.backend.document.DocumentService     : ACL check: Layer1=PASS Layer2=PASS doc=7eb7b50a-21ec-4f40-a48a-98cccaa8f738 user=bench@pangochain.test
2026-07-31T21:04:41.377+06:00  INFO 577218 --- [pangochain-backend] [nio-8080-exec-4] c.p.backend.document.DocumentService     : ACL check: Layer1=PASS Layer2=PASS doc=7eb7b50a-21ec-4f40-a48a-98cccaa8f738 user=bench@pangochain.test
2026-07-31T21:04:41.380+06:00  INFO 577218 --- [pangochain-backend] [nio-8080-exec-9] c.p.backend.document.DocumentService     : ACL check: Layer1=PASS Layer2=PASS doc=7eb7b50a-21ec-4f40-a48a-98cccaa8f738 user=bench@pangochain.test
2026-07-31T21:04:41.380+06:00  INFO 577218 --- [pangochain-backend] [io-8080-exec-10] c.p.backend.document.DocumentService     : ACL check: Layer1=PASS Layer2=PASS doc=7eb7b50a-21ec-4f40-a48a-98cccaa8f738 user=bench@pangochain.test
2026-07-31T21:04:41.381+06:00  INFO 577218 --- [pangochain-backend] [io-8080-exec-19] c.pangochain.backend.ipfs.IpfsService    : Fetched 780 bytes from primary IPFS CID=QmdMbyBpoGFK1mURYDVGnjQ4AkNoJfnaBed6stWNVYy8rq
2026-07-31T21:04:41.381+06:00  INFO 577218 --- [pangochain-backend] [io-8080-exec-12] c.pangochain.backend.ipfs.IpfsService    : Fetched 780 bytes from primary IPFS CID=QmdMbyBpoGFK1mURYDVGnjQ4AkNoJfnaBed6stWNVYy8rq
2026-07-31T21:04:41.381+06:00  INFO 577218 --- [pangochain-backend] [nio-8080-exec-3] c.pangochain.backend.ipfs.IpfsService    : Fetched 780 bytes from primary IPFS CID=QmdMbyBpoGFK1mURYDVGnjQ4AkNoJfnaBed6stWNVYy8rq
2026-07-31T21:04:41.381+06:00  INFO 577218 --- [pangochain-backend] [io-8080-exec-17] c.pangochain.backend.ipfs.IpfsService    : Fetched 780 bytes from primary IPFS CID=QmdMbyBpoGFK1mURYDVGnjQ4AkNoJfnaBed6stWNVYy8rq
2026-07-31T21:04:41.382+06:00  INFO 577218 --- [pangochain-backend] [io-8080-exec-11] c.pangochain.backend.ipfs.IpfsService    : Fetched 780 bytes from primary IPFS CID=QmdMbyBpoGFK1mURYDVGnjQ4AkNoJfnaBed6stWNVYy8rq
2026-07-31T21:04:41.382+06:00  INFO 577218 --- [pangochain-backend] [nio-8080-exec-5] c.pangochain.backend.ipfs.IpfsService    : Fetched 780 bytes from primary IPFS CID=QmdMbyBpoGFK1mURYDVGnjQ4AkNoJfnaBed6stWNVYy8rq
2026-07-31T21:04:41.382+06:00  INFO 577218 --- [pangochain-backend] [nio-8080-exec-4] c.pangochain.backend.ipfs.IpfsService    : Fetched 780 bytes from primary IPFS CID=QmdMbyBpoGFK1mURYDVGnjQ4AkNoJfnaBed6stWNVYy8rq
2026-07-31T21:04:41.382+06:00  INFO 577218 --- [pangochain-backend] [nio-8080-exec-7] c.pangochain.backend.ipfs.IpfsService    : Fetched 780 bytes from primary IPFS CID=QmdMbyBpoGFK1mURYDVGnjQ4AkNoJfnaBed6stWNVYy8rq
2026-07-31T21:04:41.382+06:00  INFO 577218 --- [pangochain-backend] [nio-8080-exec-9] c.pangochain.backend.ipfs.IpfsService    : Fetched 780 bytes from primary IPFS CID=QmdMbyBpoGFK1mURYDVGnjQ4AkNoJfnaBed6stWNVYy8rq
2026-07-31T21:04:41.383+06:00  INFO 577218 --- [pangochain-backend] [io-8080-exec-10] c.pangochain.backend.ipfs.IpfsService    : Fetched 780 bytes from primary IPFS CID=QmdMbyBpoGFK1mURYDVGnjQ4AkNoJfnaBed6stWNVYy8rq
2026-07-31T21:04:41.395+06:00  INFO 577218 --- [pangochain-backend] [io-8080-exec-20] c.p.backend.document.DocumentService     : ACL check: Layer1=PASS Layer2=PASS doc=7eb7b50a-21ec-4f40-a48a-98cccaa8f738 user=bench@pangochain.test
2026-07-31T21:04:41.395+06:00  INFO 577218 --- [pangochain-backend] [io-8080-exec-13] c.p.backend.document.DocumentService     : ACL check: Layer1=PASS Layer2=PASS doc=7eb7b50a-21ec-4f40-a48a-98cccaa8f738 user=bench@pangochain.test
2026-07-31T21:04:41.395+06:00  INFO 577218 --- [pangochain-backend] [nio-8080-exec-6] c.p.backend.document.DocumentService     : ACL check: Layer1=PASS Layer2=PASS doc=7eb7b50a-21ec-4f40-a48a-98cccaa8f738 user=bench@pangochain.test
2026-07-31T21:04:41.395+06:00  INFO 577218 --- [pangochain-backend] [nio-8080-exec-1] c.p.backend.document.DocumentService     : ACL check: Layer1=PASS Layer2=PASS doc=7eb7b50a-21ec-4f40-a48a-98cccaa8f738 user=bench@pangochain.test
2026-07-31T21:04:41.395+06:00  INFO 577218 --- [pangochain-backend] [nio-8080-exec-2] c.p.backend.document.DocumentService     : ACL check: Layer1=PASS Layer2=PASS doc=7eb7b50a-21ec-4f40-a48a-98cccaa8f738 user=bench@pangochain.test
2026-07-31T21:04:41.395+06:00  INFO 577218 --- [pangochain-backend] [io-8080-exec-18] c.p.backend.document.DocumentService     : ACL check: Layer1=PASS Layer2=PASS doc=7eb7b50a-21ec-4f40-a48a-98cccaa8f738 user=bench@pangochain.test
2026-07-31T21:04:41.395+06:00  INFO 577218 --- [pangochain-backend] [io-8080-exec-14] c.p.backend.document.DocumentService     : ACL check: Layer1=PASS Layer2=PASS doc=7eb7b50a-21ec-4f40-a48a-98cccaa8f738 user=bench@pangochain.test
2026-07-31T21:04:41.395+06:00  INFO 577218 --- [pangochain-backend] [nio-8080-exec-8] c.p.backend.document.DocumentService     : ACL check: Layer1=PASS Layer2=PASS doc=7eb7b50a-21ec-4f40-a48a-98cccaa8f738 user=bench@pangochain.test
2026-07-31T21:04:41.395+06:00  INFO 577218 --- [pangochain-backend] [io-8080-exec-16] c.p.backend.document.DocumentService     : ACL check: Layer1=PASS Layer2=PASS doc=7eb7b50a-21ec-4f40-a48a-98cccaa8f738 user=bench@pangochain.test
2026-07-31T21:04:41.395+06:00  INFO 577218 --- [pangochain-backend] [io-8080-exec-15] c.p.backend.document.DocumentService     : ACL check: Layer1=PASS Layer2=PASS doc=7eb7b50a-21ec-4f40-a48a-98cccaa8f738 user=bench@pangochain.test
2026-07-31T21:04:41.398+06:00  INFO 577218 --- [pangochain-backend] [io-8080-exec-15] c.pangochain.backend.ipfs.IpfsService    : Fetched 780 bytes from primary IPFS CID=QmdMbyBpoGFK1mURYDVGnjQ4AkNoJfnaBed6stWNVYy8rq
2026-07-31T21:04:41.398+06:00  INFO 577218 --- [pangochain-backend] [io-8080-exec-20] c.pangochain.backend.ipfs.IpfsService    : Fetched 780 bytes from primary IPFS CID=QmdMbyBpoGFK1mURYDVGnjQ4AkNoJfnaBed6stWNVYy8rq
2026-07-31T21:04:41.397+06:00  INFO 577218 --- [pangochain-backend] [nio-8080-exec-2] c.pangochain.backend.ipfs.IpfsService    : Fetched 780 bytes from primary IPFS CID=QmdMbyBpoGFK1mURYDVGnjQ4AkNoJfnaBed6stWNVYy8rq
2026-07-31T21:04:41.398+06:00  INFO 577218 --- [pangochain-backend] [nio-8080-exec-1] c.pangochain.backend.ipfs.IpfsService    : Fetched 780 bytes from primary IPFS CID=QmdMbyBpoGFK1mURYDVGnjQ4AkNoJfnaBed6stWNVYy8rq
2026-07-31T21:04:41.398+06:00  INFO 577218 --- [pangochain-backend] [io-8080-exec-18] c.pangochain.backend.ipfs.IpfsService    : Fetched 780 bytes from primary IPFS CID=QmdMbyBpoGFK1mURYDVGnjQ4AkNoJfnaBed6stWNVYy8rq
2026-07-31T21:04:41.398+06:00  INFO 577218 --- [pangochain-backend] [io-8080-exec-13] c.pangochain.backend.ipfs.IpfsService    : Fetched 780 bytes from primary IPFS CID=QmdMbyBpoGFK1mURYDVGnjQ4AkNoJfnaBed6stWNVYy8rq
2026-07-31T21:04:41.398+06:00  INFO 577218 --- [pangochain-backend] [io-8080-exec-16] c.pangochain.backend.ipfs.IpfsService    : Fetched 780 bytes from primary IPFS CID=QmdMbyBpoGFK1mURYDVGnjQ4AkNoJfnaBed6stWNVYy8rq
2026-07-31T21:04:41.398+06:00  INFO 577218 --- [pangochain-backend] [io-8080-exec-14] c.pangochain.backend.ipfs.IpfsService    : Fetched 780 bytes from primary IPFS CID=QmdMbyBpoGFK1mURYDVGnjQ4AkNoJfnaBed6stWNVYy8rq
2026-07-31T21:04:41.399+06:00  INFO 577218 --- [pangochain-backend] [nio-8080-exec-6] c.pangochain.backend.ipfs.IpfsService    : Fetched 780 bytes from primary IPFS CID=QmdMbyBpoGFK1mURYDVGnjQ4AkNoJfnaBed6stWNVYy8rq
2026-07-31T21:04:41.399+06:00  INFO 577218 --- [pangochain-backend] [nio-8080-exec-8] c.pangochain.backend.ipfs.IpfsService    : Fetched 780 bytes from primary IPFS CID=QmdMbyBpoGFK1mURYDVGnjQ4AkNoJfnaBed6stWNVYy8rq
2026-07-31T21:04:41.410+06:00  INFO 577218 --- [pangochain-backend] [nio-8080-exec-4] c.p.backend.document.DocumentService     : ACL check: Layer1=PASS Layer2=PASS doc=7eb7b50a-21ec-4f40-a48a-98cccaa8f738 user=bench@pangochain.test
2026-07-31T21:04:41.411+06:00  INFO 577218 --- [pangochain-backend] [nio-8080-exec-7] c.p.backend.document.DocumentService     : ACL check: Layer1=PASS Layer2=PASS doc=7eb7b50a-21ec-4f40-a48a-98cccaa8f738 user=bench@pangochain.test
2026-07-31T21:04:41.411+06:00  INFO 577218 --- [pangochain-backend] [nio-8080-exec-9] c.p.backend.document.DocumentService     : ACL check: Layer1=PASS Layer2=PASS doc=7eb7b50a-21ec-4f40-a48a-98cccaa8f738 user=bench@pangochain.test
2026-07-31T21:04:41.411+06:00  INFO 577218 --- [pangochain-backend] [io-8080-exec-11] c.p.backend.document.DocumentService     : ACL check: Layer1=PASS Layer2=PASS doc=7eb7b50a-21ec-4f40-a48a-98cccaa8f738 user=bench@pangochain.test
2026-07-31T21:04:41.411+06:00  INFO 577218 --- [pangochain-backend] [io-8080-exec-17] c.p.backend.document.DocumentService     : ACL check: Layer1=PASS Layer2=PASS doc=7eb7b50a-21ec-4f40-a48a-98cccaa8f738 user=bench@pangochain.test
2026-07-31T21:04:41.411+06:00  INFO 577218 --- [pangochain-backend] [nio-8080-exec-5] c.p.backend.document.DocumentService     : ACL check: Layer1=PASS Layer2=PASS doc=7eb7b50a-21ec-4f40-a48a-98cccaa8f738 user=bench@pangochain.test
2026-07-31T21:04:41.411+06:00  INFO 577218 --- [pangochain-backend] [nio-8080-exec-3] c.p.backend.document.DocumentService     : ACL check: Layer1=PASS Layer2=PASS doc=7eb7b50a-21ec-4f40-a48a-98cccaa8f738 user=bench@pangochain.test
2026-07-31T21:04:41.411+06:00  INFO 577218 --- [pangochain-backend] [io-8080-exec-12] c.p.backend.document.DocumentService     : ACL check: Layer1=PASS Layer2=PASS doc=7eb7b50a-21ec-4f40-a48a-98cccaa8f738 user=bench@pangochain.test
2026-07-31T21:04:41.411+06:00  INFO 577218 --- [pangochain-backend] [io-8080-exec-10] c.p.backend.document.DocumentService     : ACL check: Layer1=PASS Layer2=PASS doc=7eb7b50a-21ec-4f40-a48a-98cccaa8f738 user=bench@pangochain.test
2026-07-31T21:04:41.411+06:00  INFO 577218 --- [pangochain-backend] [io-8080-exec-14] c.p.backend.document.DocumentService     : ACL check: Layer1=PASS Layer2=PASS doc=7eb7b50a-21ec-4f40-a48a-98cccaa8f738 user=bench@pangochain.test
2026-07-31T21:04:41.414+06:00  INFO 577218 --- [pangochain-backend] [nio-8080-exec-4] c.pangochain.backend.ipfs.IpfsService    : Fetched 780 bytes from primary IPFS CID=QmdMbyBpoGFK1mURYDVGnjQ4AkNoJfnaBed6stWNVYy8rq
2026-07-31T21:04:41.414+06:00  INFO 577218 --- [pangochain-backend] [io-8080-exec-12] c.pangochain.backend.ipfs.IpfsService    : Fetched 780 bytes from primary IPFS CID=QmdMbyBpoGFK1mURYDVGnjQ4AkNoJfnaBed6stWNVYy8rq
2026-07-31T21:04:41.414+06:00  INFO 577218 --- [pangochain-backend] [io-8080-exec-10] c.pangochain.backend.ipfs.IpfsService    : Fetched 780 bytes from primary IPFS CID=QmdMbyBpoGFK1mURYDVGnjQ4AkNoJfnaBed6stWNVYy8rq
2026-07-31T21:04:41.414+06:00  INFO 577218 --- [pangochain-backend] [nio-8080-exec-7] c.pangochain.backend.ipfs.IpfsService    : Fetched 780 bytes from primary IPFS CID=QmdMbyBpoGFK1mURYDVGnjQ4AkNoJfnaBed6stWNVYy8rq
2026-07-31T21:04:41.414+06:00  INFO 577218 --- [pangochain-backend] [io-8080-exec-17] c.pangochain.backend.ipfs.IpfsService    : Fetched 780 bytes from primary IPFS CID=QmdMbyBpoGFK1mURYDVGnjQ4AkNoJfnaBed6stWNVYy8rq
2026-07-31T21:04:41.414+06:00  INFO 577218 --- [pangochain-backend] [nio-8080-exec-3] c.pangochain.backend.ipfs.IpfsService    : Fetched 780 bytes from primary IPFS CID=QmdMbyBpoGFK1mURYDVGnjQ4AkNoJfnaBed6stWNVYy8rq
2026-07-31T21:04:41.414+06:00  INFO 577218 --- [pangochain-backend] [nio-8080-exec-5] c.pangochain.backend.ipfs.IpfsService    : Fetched 780 bytes from primary IPFS CID=QmdMbyBpoGFK1mURYDVGnjQ4AkNoJfnaBed6stWNVYy8rq
2026-07-31T21:04:41.414+06:00  INFO 577218 --- [pangochain-backend] [nio-8080-exec-9] c.pangochain.backend.ipfs.IpfsService    : Fetched 780 bytes from primary IPFS CID=QmdMbyBpoGFK1mURYDVGnjQ4AkNoJfnaBed6stWNVYy8rq
2026-07-31T21:04:41.415+06:00  INFO 577218 --- [pangochain-backend] [io-8080-exec-11] c.pangochain.backend.ipfs.IpfsService    : Fetched 780 bytes from primary IPFS CID=QmdMbyBpoGFK1mURYDVGnjQ4AkNoJfnaBed6stWNVYy8rq
2026-07-31T21:04:41.415+06:00  INFO 577218 --- [pangochain-backend] [io-8080-exec-14] c.pangochain.backend.ipfs.IpfsService    : Fetched 780 bytes from primary IPFS CID=QmdMbyBpoGFK1mURYDVGnjQ4AkNoJfnaBed6stWNVYy8rq
2026-07-31T21:04:41.427+06:00  INFO 577218 --- [pangochain-backend] [io-8080-exec-16] c.p.backend.document.DocumentService     : ACL check: Layer1=PASS Layer2=PASS doc=7eb7b50a-21ec-4f40-a48a-98cccaa8f738 user=bench@pangochain.test
2026-07-31T21:04:41.427+06:00  INFO 577218 --- [pangochain-backend] [io-8080-exec-18] c.p.backend.document.DocumentService     : ACL check: Layer1=PASS Layer2=PASS doc=7eb7b50a-21ec-4f40-a48a-98cccaa8f738 user=bench@pangochain.test
2026-07-31T21:04:41.427+06:00  INFO 577218 --- [pangochain-backend] [io-8080-exec-20] c.p.backend.document.DocumentService     : ACL check: Layer1=PASS Layer2=PASS doc=7eb7b50a-21ec-4f40-a48a-98cccaa8f738 user=bench@pangochain.test
2026-07-31T21:04:41.427+06:00  INFO 577218 --- [pangochain-backend] [nio-8080-exec-2] c.p.backend.document.DocumentService     : ACL check: Layer1=PASS Layer2=PASS doc=7eb7b50a-21ec-4f40-a48a-98cccaa8f738 user=bench@pangochain.test
2026-07-31T21:04:41.427+06:00  INFO 577218 --- [pangochain-backend] [nio-8080-exec-1] c.p.backend.document.DocumentService     : ACL check: Layer1=PASS Layer2=PASS doc=7eb7b50a-21ec-4f40-a48a-98cccaa8f738 user=bench@pangochain.test
2026-07-31T21:04:41.427+06:00  INFO 577218 --- [pangochain-backend] [io-8080-exec-19] c.p.backend.document.DocumentService     : ACL check: Layer1=PASS Layer2=PASS doc=7eb7b50a-21ec-4f40-a48a-98cccaa8f738 user=bench@pangochain.test
2026-07-31T21:04:41.427+06:00  INFO 577218 --- [pangochain-backend] [io-8080-exec-15] c.p.backend.document.DocumentService     : ACL check: Layer1=PASS Layer2=PASS doc=7eb7b50a-21ec-4f40-a48a-98cccaa8f738 user=bench@pangochain.test
2026-07-31T21:04:41.427+06:00  INFO 577218 --- [pangochain-backend] [nio-8080-exec-8] c.p.backend.document.DocumentService     : ACL check: Layer1=PASS Layer2=PASS doc=7eb7b50a-21ec-4f40-a48a-98cccaa8f738 user=bench@pangochain.test
2026-07-31T21:04:41.427+06:00  INFO 577218 --- [pangochain-backend] [nio-8080-exec-6] c.p.backend.document.DocumentService     : ACL check: Layer1=PASS Layer2=PASS doc=7eb7b50a-21ec-4f40-a48a-98cccaa8f738 user=bench@pangochain.test
2026-07-31T21:04:41.428+06:00  INFO 577218 --- [pangochain-backend] [io-8080-exec-13] c.p.backend.document.DocumentService     : ACL check: Layer1=PASS Layer2=PASS doc=7eb7b50a-21ec-4f40-a48a-98cccaa8f738 user=bench@pangochain.test
2026-07-31T21:04:41.429+06:00  INFO 577218 --- [pangochain-backend] [nio-8080-exec-1] c.pangochain.backend.ipfs.IpfsService    : Fetched 780 bytes from primary IPFS CID=QmdMbyBpoGFK1mURYDVGnjQ4AkNoJfnaBed6stWNVYy8rq
2026-07-31T21:04:41.429+06:00  INFO 577218 --- [pangochain-backend] [io-8080-exec-15] c.pangochain.backend.ipfs.IpfsService    : Fetched 780 bytes from primary IPFS CID=QmdMbyBpoGFK1mURYDVGnjQ4AkNoJfnaBed6stWNVYy8rq
2026-07-31T21:04:41.430+06:00  INFO 577218 --- [pangochain-backend] [io-8080-exec-19] c.pangochain.backend.ipfs.IpfsService    : Fetched 780 bytes from primary IPFS CID=QmdMbyBpoGFK1mURYDVGnjQ4AkNoJfnaBed6stWNVYy8rq
2026-07-31T21:04:41.430+06:00  INFO 577218 --- [pangochain-backend] [nio-8080-exec-2] c.pangochain.backend.ipfs.IpfsService    : Fetched 780 bytes from primary IPFS CID=QmdMbyBpoGFK1mURYDVGnjQ4AkNoJfnaBed6stWNVYy8rq
2026-07-31T21:04:41.430+06:00  INFO 577218 --- [pangochain-backend] [io-8080-exec-18] c.pangochain.backend.ipfs.IpfsService    : Fetched 780 bytes from primary IPFS CID=QmdMbyBpoGFK1mURYDVGnjQ4AkNoJfnaBed6stWNVYy8rq
2026-07-31T21:04:41.430+06:00  INFO 577218 --- [pangochain-backend] [nio-8080-exec-6] c.pangochain.backend.ipfs.IpfsService    : Fetched 780 bytes from primary IPFS CID=QmdMbyBpoGFK1mURYDVGnjQ4AkNoJfnaBed6stWNVYy8rq
2026-07-31T21:04:41.430+06:00  INFO 577218 --- [pangochain-backend] [io-8080-exec-16] c.pangochain.backend.ipfs.IpfsService    : Fetched 780 bytes from primary IPFS CID=QmdMbyBpoGFK1mURYDVGnjQ4AkNoJfnaBed6stWNVYy8rq
2026-07-31T21:04:41.430+06:00  INFO 577218 --- [pangochain-backend] [io-8080-exec-20] c.pangochain.backend.ipfs.IpfsService    : Fetched 780 bytes from primary IPFS CID=QmdMbyBpoGFK1mURYDVGnjQ4AkNoJfnaBed6stWNVYy8rq
2026-07-31T21:04:41.431+06:00  INFO 577218 --- [pangochain-backend] [io-8080-exec-13] c.pangochain.backend.ipfs.IpfsService    : Fetched 780 bytes from primary IPFS CID=QmdMbyBpoGFK1mURYDVGnjQ4AkNoJfnaBed6stWNVYy8rq
2026-07-31T21:04:41.431+06:00  INFO 577218 --- [pangochain-backend] [nio-8080-exec-8] c.pangochain.backend.ipfs.IpfsService    : Fetched 780 bytes from primary IPFS CID=QmdMbyBpoGFK1mURYDVGnjQ4AkNoJfnaBed6stWNVYy8rq
2026-07-31T21:04:41.442+06:00  INFO 577218 --- [pangochain-backend] [nio-8080-exec-5] c.p.backend.document.DocumentService     : ACL check: Layer1=PASS Layer2=PASS doc=7eb7b50a-21ec-4f40-a48a-98cccaa8f738 user=bench@pangochain.test
2026-07-31T21:04:41.442+06:00  INFO 577218 --- [pangochain-backend] [nio-8080-exec-9] c.p.backend.document.DocumentService     : ACL check: Layer1=PASS Layer2=PASS doc=7eb7b50a-21ec-4f40-a48a-98cccaa8f738 user=bench@pangochain.test
2026-07-31T21:04:41.442+06:00  INFO 577218 --- [pangochain-backend] [nio-8080-exec-3] c.p.backend.document.DocumentService     : ACL check: Layer1=PASS Layer2=PASS doc=7eb7b50a-21ec-4f40-a48a-98cccaa8f738 user=bench@pangochain.test
2026-07-31T21:04:41.442+06:00  INFO 577218 --- [pangochain-backend] [io-8080-exec-10] c.p.backend.document.DocumentService     : ACL check: Layer1=PASS Layer2=PASS doc=7eb7b50a-21ec-4f40-a48a-98cccaa8f738 user=bench@pangochain.test
2026-07-31T21:04:41.442+06:00  INFO 577218 --- [pangochain-backend] [nio-8080-exec-4] c.p.backend.document.DocumentService     : ACL check: Layer1=PASS Layer2=PASS doc=7eb7b50a-21ec-4f40-a48a-98cccaa8f738 user=bench@pangochain.test
2026-07-31T21:04:41.442+06:00  INFO 577218 --- [pangochain-backend] [nio-8080-exec-7] c.p.backend.document.DocumentService     : ACL check: Layer1=PASS Layer2=PASS doc=7eb7b50a-21ec-4f40-a48a-98cccaa8f738 user=bench@pangochain.test
2026-07-31T21:04:41.442+06:00  INFO 577218 --- [pangochain-backend] [io-8080-exec-14] c.p.backend.document.DocumentService     : ACL check: Layer1=PASS Layer2=PASS doc=7eb7b50a-21ec-4f40-a48a-98cccaa8f738 user=bench@pangochain.test
2026-07-31T21:04:41.442+06:00  INFO 577218 --- [pangochain-backend] [io-8080-exec-17] c.p.backend.document.DocumentService     : ACL check: Layer1=PASS Layer2=PASS doc=7eb7b50a-21ec-4f40-a48a-98cccaa8f738 user=bench@pangochain.test
2026-07-31T21:04:41.442+06:00  INFO 577218 --- [pangochain-backend] [io-8080-exec-11] c.p.backend.document.DocumentService     : ACL check: Layer1=PASS Layer2=PASS doc=7eb7b50a-21ec-4f40-a48a-98cccaa8f738 user=bench@pangochain.test
2026-07-31T21:04:41.442+06:00  INFO 577218 --- [pangochain-backend] [io-8080-exec-12] c.p.backend.document.DocumentService     : ACL check: Layer1=PASS Layer2=PASS doc=7eb7b50a-21ec-4f40-a48a-98cccaa8f738 user=bench@pangochain.test
2026-07-31T21:04:41.444+06:00  INFO 577218 --- [pangochain-backend] [nio-8080-exec-4] c.pangochain.backend.ipfs.IpfsService    : Fetched 780 bytes from primary IPFS CID=QmdMbyBpoGFK1mURYDVGnjQ4AkNoJfnaBed6stWNVYy8rq
2026-07-31T21:04:41.444+06:00  INFO 577218 --- [pangochain-backend] [nio-8080-exec-9] c.pangochain.backend.ipfs.IpfsService    : Fetched 780 bytes from primary IPFS CID=QmdMbyBpoGFK1mURYDVGnjQ4AkNoJfnaBed6stWNVYy8rq
2026-07-31T21:04:41.444+06:00  INFO 577218 --- [pangochain-backend] [io-8080-exec-10] c.pangochain.backend.ipfs.IpfsService    : Fetched 780 bytes from primary IPFS CID=QmdMbyBpoGFK1mURYDVGnjQ4AkNoJfnaBed6stWNVYy8rq
2026-07-31T21:04:41.444+06:00  INFO 577218 --- [pangochain-backend] [nio-8080-exec-3] c.pangochain.backend.ipfs.IpfsService    : Fetched 780 bytes from primary IPFS CID=QmdMbyBpoGFK1mURYDVGnjQ4AkNoJfnaBed6stWNVYy8rq
2026-07-31T21:04:41.444+06:00  INFO 577218 --- [pangochain-backend] [nio-8080-exec-5] c.pangochain.backend.ipfs.IpfsService    : Fetched 780 bytes from primary IPFS CID=QmdMbyBpoGFK1mURYDVGnjQ4AkNoJfnaBed6stWNVYy8rq
2026-07-31T21:04:41.444+06:00  INFO 577218 --- [pangochain-backend] [nio-8080-exec-7] c.pangochain.backend.ipfs.IpfsService    : Fetched 780 bytes from primary IPFS CID=QmdMbyBpoGFK1mURYDVGnjQ4AkNoJfnaBed6stWNVYy8rq
2026-07-31T21:04:41.444+06:00  INFO 577218 --- [pangochain-backend] [io-8080-exec-11] c.pangochain.backend.ipfs.IpfsService    : Fetched 780 bytes from primary IPFS CID=QmdMbyBpoGFK1mURYDVGnjQ4AkNoJfnaBed6stWNVYy8rq
2026-07-31T21:04:41.444+06:00  INFO 577218 --- [pangochain-backend] [io-8080-exec-12] c.pangochain.backend.ipfs.IpfsService    : Fetched 780 bytes from primary IPFS CID=QmdMbyBpoGFK1mURYDVGnjQ4AkNoJfnaBed6stWNVYy8rq
2026-07-31T21:04:41.444+06:00  INFO 577218 --- [pangochain-backend] [io-8080-exec-14] c.pangochain.backend.ipfs.IpfsService    : Fetched 780 bytes from primary IPFS CID=QmdMbyBpoGFK1mURYDVGnjQ4AkNoJfnaBed6stWNVYy8rq
2026-07-31T21:04:41.444+06:00  INFO 577218 --- [pangochain-backend] [io-8080-exec-17] c.pangochain.backend.ipfs.IpfsService    : Fetched 780 bytes from primary IPFS CID=QmdMbyBpoGFK1mURYDVGnjQ4AkNoJfnaBed6stWNVYy8rq
2026-07-31T21:04:41.453+06:00  INFO 577218 --- [pangochain-backend] [io-8080-exec-18] c.p.backend.document.DocumentService     : ACL check: Layer1=PASS Layer2=PASS doc=7eb7b50a-21ec-4f40-a48a-98cccaa8f738 user=bench@pangochain.test
2026-07-31T21:04:41.454+06:00  INFO 577218 --- [pangochain-backend] [io-8080-exec-19] c.p.backend.document.DocumentService     : ACL check: Layer1=PASS Layer2=PASS doc=7eb7b50a-21ec-4f40-a48a-98cccaa8f738 user=bench@pangochain.test
2026-07-31T21:04:41.454+06:00  INFO 577218 --- [pangochain-backend] [io-8080-exec-16] c.p.backend.document.DocumentService     : ACL check: Layer1=PASS Layer2=PASS doc=7eb7b50a-21ec-4f40-a48a-98cccaa8f738 user=bench@pangochain.test
2026-07-31T21:04:41.454+06:00  INFO 577218 --- [pangochain-backend] [io-8080-exec-13] c.p.backend.document.DocumentService     : ACL check: Layer1=PASS Layer2=PASS doc=7eb7b50a-21ec-4f40-a48a-98cccaa8f738 user=bench@pangochain.test
2026-07-31T21:04:41.454+06:00  INFO 577218 --- [pangochain-backend] [io-8080-exec-20] c.p.backend.document.DocumentService     : ACL check: Layer1=PASS Layer2=PASS doc=7eb7b50a-21ec-4f40-a48a-98cccaa8f738 user=bench@pangochain.test
2026-07-31T21:04:41.454+06:00  INFO 577218 --- [pangochain-backend] [nio-8080-exec-6] c.p.backend.document.DocumentService     : ACL check: Layer1=PASS Layer2=PASS doc=7eb7b50a-21ec-4f40-a48a-98cccaa8f738 user=bench@pangochain.test
2026-07-31T21:04:41.454+06:00  INFO 577218 --- [pangochain-backend] [nio-8080-exec-8] c.p.backend.document.DocumentService     : ACL check: Layer1=PASS Layer2=PASS doc=7eb7b50a-21ec-4f40-a48a-98cccaa8f738 user=bench@pangochain.test
2026-07-31T21:04:41.455+06:00  INFO 577218 --- [pangochain-backend] [io-8080-exec-15] c.p.backend.document.DocumentService     : ACL check: Layer1=PASS Layer2=PASS doc=7eb7b50a-21ec-4f40-a48a-98cccaa8f738 user=bench@pangochain.test
2026-07-31T21:04:41.455+06:00  INFO 577218 --- [pangochain-backend] [nio-8080-exec-1] c.p.backend.document.DocumentService     : ACL check: Layer1=PASS Layer2=PASS doc=7eb7b50a-21ec-4f40-a48a-98cccaa8f738 user=bench@pangochain.test
2026-07-31T21:04:41.455+06:00  INFO 577218 --- [pangochain-backend] [nio-8080-exec-2] c.p.backend.document.DocumentService     : ACL check: Layer1=PASS Layer2=PASS doc=7eb7b50a-21ec-4f40-a48a-98cccaa8f738 user=bench@pangochain.test
2026-07-31T21:04:41.456+06:00  INFO 577218 --- [pangochain-backend] [io-8080-exec-18] c.pangochain.backend.ipfs.IpfsService    : Fetched 780 bytes from primary IPFS CID=QmdMbyBpoGFK1mURYDVGnjQ4AkNoJfnaBed6stWNVYy8rq
2026-07-31T21:04:41.456+06:00  INFO 577218 --- [pangochain-backend] [io-8080-exec-20] c.pangochain.backend.ipfs.IpfsService    : Fetched 780 bytes from primary IPFS CID=QmdMbyBpoGFK1mURYDVGnjQ4AkNoJfnaBed6stWNVYy8rq
2026-07-31T21:04:41.456+06:00  INFO 577218 --- [pangochain-backend] [io-8080-exec-13] c.pangochain.backend.ipfs.IpfsService    : Fetched 780 bytes from primary IPFS CID=QmdMbyBpoGFK1mURYDVGnjQ4AkNoJfnaBed6stWNVYy8rq
2026-07-31T21:04:41.456+06:00  INFO 577218 --- [pangochain-backend] [io-8080-exec-16] c.pangochain.backend.ipfs.IpfsService    : Fetched 780 bytes from primary IPFS CID=QmdMbyBpoGFK1mURYDVGnjQ4AkNoJfnaBed6stWNVYy8rq
2026-07-31T21:04:41.456+06:00  INFO 577218 --- [pangochain-backend] [nio-8080-exec-8] c.pangochain.backend.ipfs.IpfsService    : Fetched 780 bytes from primary IPFS CID=QmdMbyBpoGFK1mURYDVGnjQ4AkNoJfnaBed6stWNVYy8rq
2026-07-31T21:04:41.456+06:00  INFO 577218 --- [pangochain-backend] [nio-8080-exec-6] c.pangochain.backend.ipfs.IpfsService    : Fetched 780 bytes from primary IPFS CID=QmdMbyBpoGFK1mURYDVGnjQ4AkNoJfnaBed6stWNVYy8rq
2026-07-31T21:04:41.456+06:00  INFO 577218 --- [pangochain-backend] [io-8080-exec-19] c.pangochain.backend.ipfs.IpfsService    : Fetched 780 bytes from primary IPFS CID=QmdMbyBpoGFK1mURYDVGnjQ4AkNoJfnaBed6stWNVYy8rq
2026-07-31T21:04:41.456+06:00  INFO 577218 --- [pangochain-backend] [nio-8080-exec-2] c.pangochain.backend.ipfs.IpfsService    : Fetched 780 bytes from primary IPFS CID=QmdMbyBpoGFK1mURYDVGnjQ4AkNoJfnaBed6stWNVYy8rq
2026-07-31T21:04:41.457+06:00  INFO 577218 --- [pangochain-backend] [io-8080-exec-15] c.pangochain.backend.ipfs.IpfsService    : Fetched 780 bytes from primary IPFS CID=QmdMbyBpoGFK1mURYDVGnjQ4AkNoJfnaBed6stWNVYy8rq
2026-07-31T21:04:41.457+06:00  INFO 577218 --- [pangochain-backend] [nio-8080-exec-1] c.pangochain.backend.ipfs.IpfsService    : Fetched 780 bytes from primary IPFS CID=QmdMbyBpoGFK1mURYDVGnjQ4AkNoJfnaBed6stWNVYy8rq
2026-07-31T21:04:41.467+06:00  INFO 577218 --- [pangochain-backend] [nio-8080-exec-3] c.p.backend.document.DocumentService     : ACL check: Layer1=PASS Layer2=PASS doc=7eb7b50a-21ec-4f40-a48a-98cccaa8f738 user=bench@pangochain.test
2026-07-31T21:04:41.467+06:00  INFO 577218 --- [pangochain-backend] [nio-8080-exec-7] c.p.backend.document.DocumentService     : ACL check: Layer1=PASS Layer2=PASS doc=7eb7b50a-21ec-4f40-a48a-98cccaa8f738 user=bench@pangochain.test
2026-07-31T21:04:41.468+06:00  INFO 577218 --- [pangochain-backend] [io-8080-exec-10] c.p.backend.document.DocumentService     : ACL check: Layer1=PASS Layer2=PASS doc=7eb7b50a-21ec-4f40-a48a-98cccaa8f738 user=bench@pangochain.test
2026-07-31T21:04:41.468+06:00  INFO 577218 --- [pangochain-backend] [io-8080-exec-14] c.p.backend.document.DocumentService     : ACL check: Layer1=PASS Layer2=PASS doc=7eb7b50a-21ec-4f40-a48a-98cccaa8f738 user=bench@pangochain.test
2026-07-31T21:04:41.468+06:00  INFO 577218 --- [pangochain-backend] [nio-8080-exec-9] c.p.backend.document.DocumentService     : ACL check: Layer1=PASS Layer2=PASS doc=7eb7b50a-21ec-4f40-a48a-98cccaa8f738 user=bench@pangochain.test
2026-07-31T21:04:41.468+06:00  INFO 577218 --- [pangochain-backend] [io-8080-exec-17] c.p.backend.document.DocumentService     : ACL check: Layer1=PASS Layer2=PASS doc=7eb7b50a-21ec-4f40-a48a-98cccaa8f738 user=bench@pangochain.test
2026-07-31T21:04:41.468+06:00  INFO 577218 --- [pangochain-backend] [nio-8080-exec-4] c.p.backend.document.DocumentService     : ACL check: Layer1=PASS Layer2=PASS doc=7eb7b50a-21ec-4f40-a48a-98cccaa8f738 user=bench@pangochain.test
2026-07-31T21:04:41.468+06:00  INFO 577218 --- [pangochain-backend] [io-8080-exec-12] c.p.backend.document.DocumentService     : ACL check: Layer1=PASS Layer2=PASS doc=7eb7b50a-21ec-4f40-a48a-98cccaa8f738 user=bench@pangochain.test
2026-07-31T21:04:41.469+06:00  INFO 577218 --- [pangochain-backend] [io-8080-exec-11] c.p.backend.document.DocumentService     : ACL check: Layer1=PASS Layer2=PASS doc=7eb7b50a-21ec-4f40-a48a-98cccaa8f738 user=bench@pangochain.test
2026-07-31T21:04:41.469+06:00  INFO 577218 --- [pangochain-backend] [nio-8080-exec-9] c.pangochain.backend.ipfs.IpfsService    : Fetched 780 bytes from primary IPFS CID=QmdMbyBpoGFK1mURYDVGnjQ4AkNoJfnaBed6stWNVYy8rq
2026-07-31T21:04:41.470+06:00  INFO 577218 --- [pangochain-backend] [nio-8080-exec-7] c.pangochain.backend.ipfs.IpfsService    : Fetched 780 bytes from primary IPFS CID=QmdMbyBpoGFK1mURYDVGnjQ4AkNoJfnaBed6stWNVYy8rq
2026-07-31T21:04:41.470+06:00  INFO 577218 --- [pangochain-backend] [io-8080-exec-14] c.pangochain.backend.ipfs.IpfsService    : Fetched 780 bytes from primary IPFS CID=QmdMbyBpoGFK1mURYDVGnjQ4AkNoJfnaBed6stWNVYy8rq
2026-07-31T21:04:41.470+06:00  INFO 577218 --- [pangochain-backend] [io-8080-exec-17] c.pangochain.backend.ipfs.IpfsService    : Fetched 780 bytes from primary IPFS CID=QmdMbyBpoGFK1mURYDVGnjQ4AkNoJfnaBed6stWNVYy8rq
2026-07-31T21:04:41.470+06:00  INFO 577218 --- [pangochain-backend] [nio-8080-exec-4] c.pangochain.backend.ipfs.IpfsService    : Fetched 780 bytes from primary IPFS CID=QmdMbyBpoGFK1mURYDVGnjQ4AkNoJfnaBed6stWNVYy8rq
2026-07-31T21:04:41.470+06:00  INFO 577218 --- [pangochain-backend] [nio-8080-exec-3] c.pangochain.backend.ipfs.IpfsService    : Fetched 780 bytes from primary IPFS CID=QmdMbyBpoGFK1mURYDVGnjQ4AkNoJfnaBed6stWNVYy8rq
2026-07-31T21:04:41.470+06:00  INFO 577218 --- [pangochain-backend] [io-8080-exec-12] c.pangochain.backend.ipfs.IpfsService    : Fetched 780 bytes from primary IPFS CID=QmdMbyBpoGFK1mURYDVGnjQ4AkNoJfnaBed6stWNVYy8rq
2026-07-31T21:04:41.470+06:00  INFO 577218 --- [pangochain-backend] [io-8080-exec-10] c.pangochain.backend.ipfs.IpfsService    : Fetched 780 bytes from primary IPFS CID=QmdMbyBpoGFK1mURYDVGnjQ4AkNoJfnaBed6stWNVYy8rq
2026-07-31T21:04:41.470+06:00  INFO 577218 --- [pangochain-backend] [nio-8080-exec-5] c.p.backend.document.DocumentService     : ACL check: Layer1=PASS Layer2=PASS doc=7eb7b50a-21ec-4f40-a48a-98cccaa8f738 user=bench@pangochain.test
2026-07-31T21:04:41.471+06:00  INFO 577218 --- [pangochain-backend] [io-8080-exec-11] c.pangochain.backend.ipfs.IpfsService    : Fetched 780 bytes from primary IPFS CID=QmdMbyBpoGFK1mURYDVGnjQ4AkNoJfnaBed6stWNVYy8rq
2026-07-31T21:04:41.472+06:00  INFO 577218 --- [pangochain-backend] [nio-8080-exec-5] c.pangochain.backend.ipfs.IpfsService    : Fetched 780 bytes from primary IPFS CID=QmdMbyBpoGFK1mURYDVGnjQ4AkNoJfnaBed6stWNVYy8rq
2026-07-31T21:04:41.480+06:00  INFO 577218 --- [pangochain-backend] [nio-8080-exec-2] c.p.backend.document.DocumentService     : ACL check: Layer1=PASS Layer2=PASS doc=7eb7b50a-21ec-4f40-a48a-98cccaa8f738 user=bench@pangochain.test
2026-07-31T21:04:41.480+06:00  INFO 577218 --- [pangochain-backend] [io-8080-exec-20] c.p.backend.document.DocumentService     : ACL check: Layer1=PASS Layer2=PASS doc=7eb7b50a-21ec-4f40-a48a-98cccaa8f738 user=bench@pangochain.test
2026-07-31T21:04:41.480+06:00  INFO 577218 --- [pangochain-backend] [io-8080-exec-19] c.p.backend.document.DocumentService     : ACL check: Layer1=PASS Layer2=PASS doc=7eb7b50a-21ec-4f40-a48a-98cccaa8f738 user=bench@pangochain.test
2026-07-31T21:04:41.480+06:00  INFO 577218 --- [pangochain-backend] [io-8080-exec-18] c.p.backend.document.DocumentService     : ACL check: Layer1=PASS Layer2=PASS doc=7eb7b50a-21ec-4f40-a48a-98cccaa8f738 user=bench@pangochain.test
2026-07-31T21:04:41.480+06:00  INFO 577218 --- [pangochain-backend] [nio-8080-exec-8] c.p.backend.document.DocumentService     : ACL check: Layer1=PASS Layer2=PASS doc=7eb7b50a-21ec-4f40-a48a-98cccaa8f738 user=bench@pangochain.test
2026-07-31T21:04:41.480+06:00  INFO 577218 --- [pangochain-backend] [io-8080-exec-11] c.p.backend.document.DocumentService     : ACL check: Layer1=PASS Layer2=PASS doc=7eb7b50a-21ec-4f40-a48a-98cccaa8f738 user=bench@pangochain.test
2026-07-31T21:04:41.480+06:00  INFO 577218 --- [pangochain-backend] [io-8080-exec-13] c.p.backend.document.DocumentService     : ACL check: Layer1=PASS Layer2=PASS doc=7eb7b50a-21ec-4f40-a48a-98cccaa8f738 user=bench@pangochain.test
2026-07-31T21:04:41.480+06:00  INFO 577218 --- [pangochain-backend] [io-8080-exec-16] c.p.backend.document.DocumentService     : ACL check: Layer1=PASS Layer2=PASS doc=7eb7b50a-21ec-4f40-a48a-98cccaa8f738 user=bench@pangochain.test
2026-07-31T21:04:41.481+06:00  INFO 577218 --- [pangochain-backend] [io-8080-exec-15] c.p.backend.document.DocumentService     : ACL check: Layer1=PASS Layer2=PASS doc=7eb7b50a-21ec-4f40-a48a-98cccaa8f738 user=bench@pangochain.test
2026-07-31T21:04:41.482+06:00  INFO 577218 --- [pangochain-backend] [nio-8080-exec-6] c.p.backend.document.DocumentService     : ACL check: Layer1=PASS Layer2=PASS doc=7eb7b50a-21ec-4f40-a48a-98cccaa8f738 user=bench@pangochain.test
2026-07-31T21:04:41.482+06:00  INFO 577218 --- [pangochain-backend] [io-8080-exec-13] c.pangochain.backend.ipfs.IpfsService    : Fetched 780 bytes from primary IPFS CID=QmdMbyBpoGFK1mURYDVGnjQ4AkNoJfnaBed6stWNVYy8rq
2026-07-31T21:04:41.482+06:00  INFO 577218 --- [pangochain-backend] [nio-8080-exec-2] c.pangochain.backend.ipfs.IpfsService    : Fetched 780 bytes from primary IPFS CID=QmdMbyBpoGFK1mURYDVGnjQ4AkNoJfnaBed6stWNVYy8rq
2026-07-31T21:04:41.482+06:00  INFO 577218 --- [pangochain-backend] [io-8080-exec-16] c.pangochain.backend.ipfs.IpfsService    : Fetched 780 bytes from primary IPFS CID=QmdMbyBpoGFK1mURYDVGnjQ4AkNoJfnaBed6stWNVYy8rq
2026-07-31T21:04:41.482+06:00  INFO 577218 --- [pangochain-backend] [nio-8080-exec-8] c.pangochain.backend.ipfs.IpfsService    : Fetched 780 bytes from primary IPFS CID=QmdMbyBpoGFK1mURYDVGnjQ4AkNoJfnaBed6stWNVYy8rq
2026-07-31T21:04:41.483+06:00  INFO 577218 --- [pangochain-backend] [io-8080-exec-19] c.pangochain.backend.ipfs.IpfsService    : Fetched 780 bytes from primary IPFS CID=QmdMbyBpoGFK1mURYDVGnjQ4AkNoJfnaBed6stWNVYy8rq
2026-07-31T21:04:41.483+06:00  INFO 577218 --- [pangochain-backend] [io-8080-exec-11] c.pangochain.backend.ipfs.IpfsService    : Fetched 780 bytes from primary IPFS CID=QmdMbyBpoGFK1mURYDVGnjQ4AkNoJfnaBed6stWNVYy8rq
2026-07-31T21:04:41.482+06:00  INFO 577218 --- [pangochain-backend] [io-8080-exec-20] c.pangochain.backend.ipfs.IpfsService    : Fetched 780 bytes from primary IPFS CID=QmdMbyBpoGFK1mURYDVGnjQ4AkNoJfnaBed6stWNVYy8rq
2026-07-31T21:04:41.482+06:00  INFO 577218 --- [pangochain-backend] [io-8080-exec-18] c.pangochain.backend.ipfs.IpfsService    : Fetched 780 bytes from primary IPFS CID=QmdMbyBpoGFK1mURYDVGnjQ4AkNoJfnaBed6stWNVYy8rq
2026-07-31T21:04:41.483+06:00  INFO 577218 --- [pangochain-backend] [io-8080-exec-15] c.pangochain.backend.ipfs.IpfsService    : Fetched 780 bytes from primary IPFS CID=QmdMbyBpoGFK1mURYDVGnjQ4AkNoJfnaBed6stWNVYy8rq
2026-07-31T21:04:41.484+06:00  INFO 577218 --- [pangochain-backend] [nio-8080-exec-6] c.pangochain.backend.ipfs.IpfsService    : Fetched 780 bytes from primary IPFS CID=QmdMbyBpoGFK1mURYDVGnjQ4AkNoJfnaBed6stWNVYy8rq
2026-07-31T21:04:41.492+06:00  INFO 577218 --- [pangochain-backend] [nio-8080-exec-1] c.p.backend.document.DocumentService     : ACL check: Layer1=PASS Layer2=PASS doc=7eb7b50a-21ec-4f40-a48a-98cccaa8f738 user=bench@pangochain.test
2026-07-31T21:04:41.492+06:00  INFO 577218 --- [pangochain-backend] [nio-8080-exec-4] c.p.backend.document.DocumentService     : ACL check: Layer1=PASS Layer2=PASS doc=7eb7b50a-21ec-4f40-a48a-98cccaa8f738 user=bench@pangochain.test
2026-07-31T21:04:41.492+06:00  INFO 577218 --- [pangochain-backend] [io-8080-exec-14] c.p.backend.document.DocumentService     : ACL check: Layer1=PASS Layer2=PASS doc=7eb7b50a-21ec-4f40-a48a-98cccaa8f738 user=bench@pangochain.test
2026-07-31T21:04:41.492+06:00  INFO 577218 --- [pangochain-backend] [nio-8080-exec-9] c.p.backend.document.DocumentService     : ACL check: Layer1=PASS Layer2=PASS doc=7eb7b50a-21ec-4f40-a48a-98cccaa8f738 user=bench@pangochain.test
2026-07-31T21:04:41.492+06:00  INFO 577218 --- [pangochain-backend] [nio-8080-exec-7] c.p.backend.document.DocumentService     : ACL check: Layer1=PASS Layer2=PASS doc=7eb7b50a-21ec-4f40-a48a-98cccaa8f738 user=bench@pangochain.test
2026-07-31T21:04:41.492+06:00  INFO 577218 --- [pangochain-backend] [io-8080-exec-17] c.p.backend.document.DocumentService     : ACL check: Layer1=PASS Layer2=PASS doc=7eb7b50a-21ec-4f40-a48a-98cccaa8f738 user=bench@pangochain.test
2026-07-31T21:04:41.492+06:00  INFO 577218 --- [pangochain-backend] [nio-8080-exec-3] c.p.backend.document.DocumentService     : ACL check: Layer1=PASS Layer2=PASS doc=7eb7b50a-21ec-4f40-a48a-98cccaa8f738 user=bench@pangochain.test
2026-07-31T21:04:41.493+06:00  INFO 577218 --- [pangochain-backend] [nio-8080-exec-6] c.p.backend.document.DocumentService     : ACL check: Layer1=PASS Layer2=PASS doc=7eb7b50a-21ec-4f40-a48a-98cccaa8f738 user=bench@pangochain.test
2026-07-31T21:04:41.493+06:00  INFO 577218 --- [pangochain-backend] [io-8080-exec-10] c.p.backend.document.DocumentService     : ACL check: Layer1=PASS Layer2=PASS doc=7eb7b50a-21ec-4f40-a48a-98cccaa8f738 user=bench@pangochain.test
2026-07-31T21:04:41.493+06:00  INFO 577218 --- [pangochain-backend] [io-8080-exec-12] c.p.backend.document.DocumentService     : ACL check: Layer1=PASS Layer2=PASS doc=7eb7b50a-21ec-4f40-a48a-98cccaa8f738 user=bench@pangochain.test
2026-07-31T21:04:41.494+06:00  INFO 577218 --- [pangochain-backend] [nio-8080-exec-7] c.pangochain.backend.ipfs.IpfsService    : Fetched 780 bytes from primary IPFS CID=QmdMbyBpoGFK1mURYDVGnjQ4AkNoJfnaBed6stWNVYy8rq
2026-07-31T21:04:41.494+06:00  INFO 577218 --- [pangochain-backend] [io-8080-exec-14] c.pangochain.backend.ipfs.IpfsService    : Fetched 780 bytes from primary IPFS CID=QmdMbyBpoGFK1mURYDVGnjQ4AkNoJfnaBed6stWNVYy8rq
2026-07-31T21:04:41.494+06:00  INFO 577218 --- [pangochain-backend] [nio-8080-exec-9] c.pangochain.backend.ipfs.IpfsService    : Fetched 780 bytes from primary IPFS CID=QmdMbyBpoGFK1mURYDVGnjQ4AkNoJfnaBed6stWNVYy8rq
2026-07-31T21:04:41.494+06:00  INFO 577218 --- [pangochain-backend] [nio-8080-exec-1] c.pangochain.backend.ipfs.IpfsService    : Fetched 780 bytes from primary IPFS CID=QmdMbyBpoGFK1mURYDVGnjQ4AkNoJfnaBed6stWNVYy8rq
2026-07-31T21:04:41.494+06:00  INFO 577218 --- [pangochain-backend] [nio-8080-exec-4] c.pangochain.backend.ipfs.IpfsService    : Fetched 780 bytes from primary IPFS CID=QmdMbyBpoGFK1mURYDVGnjQ4AkNoJfnaBed6stWNVYy8rq
2026-07-31T21:04:41.494+06:00  INFO 577218 --- [pangochain-backend] [io-8080-exec-10] c.pangochain.backend.ipfs.IpfsService    : Fetched 780 bytes from primary IPFS CID=QmdMbyBpoGFK1mURYDVGnjQ4AkNoJfnaBed6stWNVYy8rq
2026-07-31T21:04:41.494+06:00  INFO 577218 --- [pangochain-backend] [nio-8080-exec-3] c.pangochain.backend.ipfs.IpfsService    : Fetched 780 bytes from primary IPFS CID=QmdMbyBpoGFK1mURYDVGnjQ4AkNoJfnaBed6stWNVYy8rq
2026-07-31T21:04:41.495+06:00  INFO 577218 --- [pangochain-backend] [nio-8080-exec-6] c.pangochain.backend.ipfs.IpfsService    : Fetched 780 bytes from primary IPFS CID=QmdMbyBpoGFK1mURYDVGnjQ4AkNoJfnaBed6stWNVYy8rq
2026-07-31T21:04:41.495+06:00  INFO 577218 --- [pangochain-backend] [io-8080-exec-17] c.pangochain.backend.ipfs.IpfsService    : Fetched 780 bytes from primary IPFS CID=QmdMbyBpoGFK1mURYDVGnjQ4AkNoJfnaBed6stWNVYy8rq
2026-07-31T21:04:41.495+06:00  INFO 577218 --- [pangochain-backend] [io-8080-exec-12] c.pangochain.backend.ipfs.IpfsService    : Fetched 780 bytes from primary IPFS CID=QmdMbyBpoGFK1mURYDVGnjQ4AkNoJfnaBed6stWNVYy8rq
2026-07-31T21:04:41.505+06:00  INFO 577218 --- [pangochain-backend] [io-8080-exec-13] c.p.backend.document.DocumentService     : ACL check: Layer1=PASS Layer2=PASS doc=7eb7b50a-21ec-4f40-a48a-98cccaa8f738 user=bench@pangochain.test
2026-07-31T21:04:41.505+06:00  INFO 577218 --- [pangochain-backend] [nio-8080-exec-2] c.p.backend.document.DocumentService     : ACL check: Layer1=PASS Layer2=PASS doc=7eb7b50a-21ec-4f40-a48a-98cccaa8f738 user=bench@pangochain.test
2026-07-31T21:04:41.505+06:00  INFO 577218 --- [pangochain-backend] [io-8080-exec-19] c.p.backend.document.DocumentService     : ACL check: Layer1=PASS Layer2=PASS doc=7eb7b50a-21ec-4f40-a48a-98cccaa8f738 user=bench@pangochain.test
2026-07-31T21:04:41.505+06:00  INFO 577218 --- [pangochain-backend] [nio-8080-exec-8] c.p.backend.document.DocumentService     : ACL check: Layer1=PASS Layer2=PASS doc=7eb7b50a-21ec-4f40-a48a-98cccaa8f738 user=bench@pangochain.test
2026-07-31T21:04:41.505+06:00  INFO 577218 --- [pangochain-backend] [io-8080-exec-18] c.p.backend.document.DocumentService     : ACL check: Layer1=PASS Layer2=PASS doc=7eb7b50a-21ec-4f40-a48a-98cccaa8f738 user=bench@pangochain.test
2026-07-31T21:04:41.506+06:00  INFO 577218 --- [pangochain-backend] [nio-8080-exec-5] c.p.backend.document.DocumentService     : ACL check: Layer1=PASS Layer2=PASS doc=7eb7b50a-21ec-4f40-a48a-98cccaa8f738 user=bench@pangochain.test
2026-07-31T21:04:41.506+06:00  INFO 577218 --- [pangochain-backend] [io-8080-exec-11] c.p.backend.document.DocumentService     : ACL check: Layer1=PASS Layer2=PASS doc=7eb7b50a-21ec-4f40-a48a-98cccaa8f738 user=bench@pangochain.test
2026-07-31T21:04:41.506+06:00  INFO 577218 --- [pangochain-backend] [io-8080-exec-16] c.p.backend.document.DocumentService     : ACL check: Layer1=PASS Layer2=PASS doc=7eb7b50a-21ec-4f40-a48a-98cccaa8f738 user=bench@pangochain.test
2026-07-31T21:04:41.506+06:00  INFO 577218 --- [pangochain-backend] [io-8080-exec-20] c.p.backend.document.DocumentService     : ACL check: Layer1=PASS Layer2=PASS doc=7eb7b50a-21ec-4f40-a48a-98cccaa8f738 user=bench@pangochain.test
2026-07-31T21:04:41.506+06:00  INFO 577218 --- [pangochain-backend] [io-8080-exec-15] c.p.backend.document.DocumentService     : ACL check: Layer1=PASS Layer2=PASS doc=7eb7b50a-21ec-4f40-a48a-98cccaa8f738 user=bench@pangochain.test
2026-07-31T21:04:41.508+06:00  INFO 577218 --- [pangochain-backend] [nio-8080-exec-8] c.pangochain.backend.ipfs.IpfsService    : Fetched 780 bytes from primary IPFS CID=QmdMbyBpoGFK1mURYDVGnjQ4AkNoJfnaBed6stWNVYy8rq
2026-07-31T21:04:41.508+06:00  INFO 577218 --- [pangochain-backend] [io-8080-exec-11] c.pangochain.backend.ipfs.IpfsService    : Fetched 780 bytes from primary IPFS CID=QmdMbyBpoGFK1mURYDVGnjQ4AkNoJfnaBed6stWNVYy8rq
2026-07-31T21:04:41.508+06:00  INFO 577218 --- [pangochain-backend] [io-8080-exec-13] c.pangochain.backend.ipfs.IpfsService    : Fetched 780 bytes from primary IPFS CID=QmdMbyBpoGFK1mURYDVGnjQ4AkNoJfnaBed6stWNVYy8rq
2026-07-31T21:04:41.508+06:00  INFO 577218 --- [pangochain-backend] [io-8080-exec-15] c.pangochain.backend.ipfs.IpfsService    : Fetched 780 bytes from primary IPFS CID=QmdMbyBpoGFK1mURYDVGnjQ4AkNoJfnaBed6stWNVYy8rq
2026-07-31T21:04:41.508+06:00  INFO 577218 --- [pangochain-backend] [io-8080-exec-18] c.pangochain.backend.ipfs.IpfsService    : Fetched 780 bytes from primary IPFS CID=QmdMbyBpoGFK1mURYDVGnjQ4AkNoJfnaBed6stWNVYy8rq
2026-07-31T21:04:41.508+06:00  INFO 577218 --- [pangochain-backend] [nio-8080-exec-5] c.pangochain.backend.ipfs.IpfsService    : Fetched 780 bytes from primary IPFS CID=QmdMbyBpoGFK1mURYDVGnjQ4AkNoJfnaBed6stWNVYy8rq
2026-07-31T21:04:41.508+06:00  INFO 577218 --- [pangochain-backend] [io-8080-exec-19] c.pangochain.backend.ipfs.IpfsService    : Fetched 780 bytes from primary IPFS CID=QmdMbyBpoGFK1mURYDVGnjQ4AkNoJfnaBed6stWNVYy8rq
2026-07-31T21:04:41.508+06:00  INFO 577218 --- [pangochain-backend] [nio-8080-exec-2] c.pangochain.backend.ipfs.IpfsService    : Fetched 780 bytes from primary IPFS CID=QmdMbyBpoGFK1mURYDVGnjQ4AkNoJfnaBed6stWNVYy8rq
2026-07-31T21:04:41.508+06:00  INFO 577218 --- [pangochain-backend] [io-8080-exec-20] c.pangochain.backend.ipfs.IpfsService    : Fetched 780 bytes from primary IPFS CID=QmdMbyBpoGFK1mURYDVGnjQ4AkNoJfnaBed6stWNVYy8rq
2026-07-31T21:04:41.508+06:00  INFO 577218 --- [pangochain-backend] [io-8080-exec-16] c.pangochain.backend.ipfs.IpfsService    : Fetched 780 bytes from primary IPFS CID=QmdMbyBpoGFK1mURYDVGnjQ4AkNoJfnaBed6stWNVYy8rq
2026-07-31T21:04:41.518+06:00  INFO 577218 --- [pangochain-backend] [nio-8080-exec-3] c.p.backend.document.DocumentService     : ACL check: Layer1=PASS Layer2=PASS doc=7eb7b50a-21ec-4f40-a48a-98cccaa8f738 user=bench@pangochain.test
2026-07-31T21:04:41.518+06:00  INFO 577218 --- [pangochain-backend] [io-8080-exec-10] c.p.backend.document.DocumentService     : ACL check: Layer1=PASS Layer2=PASS doc=7eb7b50a-21ec-4f40-a48a-98cccaa8f738 user=bench@pangochain.test
2026-07-31T21:04:41.518+06:00  INFO 577218 --- [pangochain-backend] [nio-8080-exec-9] c.p.backend.document.DocumentService     : ACL check: Layer1=PASS Layer2=PASS doc=7eb7b50a-21ec-4f40-a48a-98cccaa8f738 user=bench@pangochain.test
2026-07-31T21:04:41.518+06:00  INFO 577218 --- [pangochain-backend] [nio-8080-exec-4] c.p.backend.document.DocumentService     : ACL check: Layer1=PASS Layer2=PASS doc=7eb7b50a-21ec-4f40-a48a-98cccaa8f738 user=bench@pangochain.test
2026-07-31T21:04:41.518+06:00  INFO 577218 --- [pangochain-backend] [io-8080-exec-14] c.p.backend.document.DocumentService     : ACL check: Layer1=PASS Layer2=PASS doc=7eb7b50a-21ec-4f40-a48a-98cccaa8f738 user=bench@pangochain.test
2026-07-31T21:04:41.518+06:00  INFO 577218 --- [pangochain-backend] [nio-8080-exec-7] c.p.backend.document.DocumentService     : ACL check: Layer1=PASS Layer2=PASS doc=7eb7b50a-21ec-4f40-a48a-98cccaa8f738 user=bench@pangochain.test
2026-07-31T21:04:41.518+06:00  INFO 577218 --- [pangochain-backend] [nio-8080-exec-6] c.p.backend.document.DocumentService     : ACL check: Layer1=PASS Layer2=PASS doc=7eb7b50a-21ec-4f40-a48a-98cccaa8f738 user=bench@pangochain.test
2026-07-31T21:04:41.519+06:00  INFO 577218 --- [pangochain-backend] [io-8080-exec-17] c.p.backend.document.DocumentService     : ACL check: Layer1=PASS Layer2=PASS doc=7eb7b50a-21ec-4f40-a48a-98cccaa8f738 user=bench@pangochain.test
2026-07-31T21:04:41.519+06:00  INFO 577218 --- [pangochain-backend] [nio-8080-exec-1] c.p.backend.document.DocumentService     : ACL check: Layer1=PASS Layer2=PASS doc=7eb7b50a-21ec-4f40-a48a-98cccaa8f738 user=bench@pangochain.test
2026-07-31T21:04:41.520+06:00  INFO 577218 --- [pangochain-backend] [nio-8080-exec-9] c.pangochain.backend.ipfs.IpfsService    : Fetched 780 bytes from primary IPFS CID=QmdMbyBpoGFK1mURYDVGnjQ4AkNoJfnaBed6stWNVYy8rq
2026-07-31T21:04:41.520+06:00  INFO 577218 --- [pangochain-backend] [nio-8080-exec-3] c.pangochain.backend.ipfs.IpfsService    : Fetched 780 bytes from primary IPFS CID=QmdMbyBpoGFK1mURYDVGnjQ4AkNoJfnaBed6stWNVYy8rq
2026-07-31T21:04:41.520+06:00  INFO 577218 --- [pangochain-backend] [io-8080-exec-14] c.pangochain.backend.ipfs.IpfsService    : Fetched 780 bytes from primary IPFS CID=QmdMbyBpoGFK1mURYDVGnjQ4AkNoJfnaBed6stWNVYy8rq
2026-07-31T21:04:41.520+06:00  INFO 577218 --- [pangochain-backend] [nio-8080-exec-1] c.pangochain.backend.ipfs.IpfsService    : Fetched 780 bytes from primary IPFS CID=QmdMbyBpoGFK1mURYDVGnjQ4AkNoJfnaBed6stWNVYy8rq
2026-07-31T21:04:41.520+06:00  INFO 577218 --- [pangochain-backend] [nio-8080-exec-4] c.pangochain.backend.ipfs.IpfsService    : Fetched 780 bytes from primary IPFS CID=QmdMbyBpoGFK1mURYDVGnjQ4AkNoJfnaBed6stWNVYy8rq
2026-07-31T21:04:41.520+06:00  INFO 577218 --- [pangochain-backend] [nio-8080-exec-7] c.pangochain.backend.ipfs.IpfsService    : Fetched 780 bytes from primary IPFS CID=QmdMbyBpoGFK1mURYDVGnjQ4AkNoJfnaBed6stWNVYy8rq
2026-07-31T21:04:41.520+06:00  INFO 577218 --- [pangochain-backend] [nio-8080-exec-6] c.pangochain.backend.ipfs.IpfsService    : Fetched 780 bytes from primary IPFS CID=QmdMbyBpoGFK1mURYDVGnjQ4AkNoJfnaBed6stWNVYy8rq
2026-07-31T21:04:41.520+06:00  INFO 577218 --- [pangochain-backend] [io-8080-exec-10] c.pangochain.backend.ipfs.IpfsService    : Fetched 780 bytes from primary IPFS CID=QmdMbyBpoGFK1mURYDVGnjQ4AkNoJfnaBed6stWNVYy8rq
2026-07-31T21:04:41.521+06:00  INFO 577218 --- [pangochain-backend] [io-8080-exec-17] c.pangochain.backend.ipfs.IpfsService    : Fetched 780 bytes from primary IPFS CID=QmdMbyBpoGFK1mURYDVGnjQ4AkNoJfnaBed6stWNVYy8rq
2026-07-31T21:04:41.521+06:00  INFO 577218 --- [pangochain-backend] [io-8080-exec-12] c.p.backend.document.DocumentService     : ACL check: Layer1=PASS Layer2=PASS doc=7eb7b50a-21ec-4f40-a48a-98cccaa8f738 user=bench@pangochain.test
2026-07-31T21:04:41.524+06:00  INFO 577218 --- [pangochain-backend] [io-8080-exec-12] c.pangochain.backend.ipfs.IpfsService    : Fetched 780 bytes from primary IPFS CID=QmdMbyBpoGFK1mURYDVGnjQ4AkNoJfnaBed6stWNVYy8rq
2026-07-31T21:04:41.532+06:00  INFO 577218 --- [pangochain-backend] [nio-8080-exec-8] c.p.backend.document.DocumentService     : ACL check: Layer1=PASS Layer2=PASS doc=7eb7b50a-21ec-4f40-a48a-98cccaa8f738 user=bench@pangochain.test
2026-07-31T21:04:41.534+06:00  INFO 577218 --- [pangochain-backend] [io-8080-exec-18] c.p.backend.document.DocumentService     : ACL check: Layer1=PASS Layer2=PASS doc=7eb7b50a-21ec-4f40-a48a-98cccaa8f738 user=bench@pangochain.test
2026-07-31T21:04:41.534+06:00  INFO 577218 --- [pangochain-backend] [io-8080-exec-11] c.p.backend.document.DocumentService     : ACL check: Layer1=PASS Layer2=PASS doc=7eb7b50a-21ec-4f40-a48a-98cccaa8f738 user=bench@pangochain.test
2026-07-31T21:04:41.535+06:00  INFO 577218 --- [pangochain-backend] [io-8080-exec-15] c.p.backend.document.DocumentService     : ACL check: Layer1=PASS Layer2=PASS doc=7eb7b50a-21ec-4f40-a48a-98cccaa8f738 user=bench@pangochain.test
2026-07-31T21:04:41.535+06:00  INFO 577218 --- [pangochain-backend] [io-8080-exec-19] c.p.backend.document.DocumentService     : ACL check: Layer1=PASS Layer2=PASS doc=7eb7b50a-21ec-4f40-a48a-98cccaa8f738 user=bench@pangochain.test
2026-07-31T21:04:41.535+06:00  INFO 577218 --- [pangochain-backend] [io-8080-exec-20] c.p.backend.document.DocumentService     : ACL check: Layer1=PASS Layer2=PASS doc=7eb7b50a-21ec-4f40-a48a-98cccaa8f738 user=bench@pangochain.test
2026-07-31T21:04:41.535+06:00  INFO 577218 --- [pangochain-backend] [nio-8080-exec-5] c.p.backend.document.DocumentService     : ACL check: Layer1=PASS Layer2=PASS doc=7eb7b50a-21ec-4f40-a48a-98cccaa8f738 user=bench@pangochain.test
2026-07-31T21:04:41.535+06:00  INFO 577218 --- [pangochain-backend] [nio-8080-exec-2] c.p.backend.document.DocumentService     : ACL check: Layer1=PASS Layer2=PASS doc=7eb7b50a-21ec-4f40-a48a-98cccaa8f738 user=bench@pangochain.test
2026-07-31T21:04:41.535+06:00  INFO 577218 --- [pangochain-backend] [io-8080-exec-13] c.p.backend.document.DocumentService     : ACL check: Layer1=PASS Layer2=PASS doc=7eb7b50a-21ec-4f40-a48a-98cccaa8f738 user=bench@pangochain.test
2026-07-31T21:04:41.536+06:00  INFO 577218 --- [pangochain-backend] [nio-8080-exec-8] c.pangochain.backend.ipfs.IpfsService    : Fetched 780 bytes from primary IPFS CID=QmdMbyBpoGFK1mURYDVGnjQ4AkNoJfnaBed6stWNVYy8rq
2026-07-31T21:04:41.536+06:00  INFO 577218 --- [pangochain-backend] [io-8080-exec-16] c.p.backend.document.DocumentService     : ACL check: Layer1=PASS Layer2=PASS doc=7eb7b50a-21ec-4f40-a48a-98cccaa8f738 user=bench@pangochain.test
2026-07-31T21:04:41.537+06:00  INFO 577218 --- [pangochain-backend] [nio-8080-exec-2] c.pangochain.backend.ipfs.IpfsService    : Fetched 780 bytes from primary IPFS CID=QmdMbyBpoGFK1mURYDVGnjQ4AkNoJfnaBed6stWNVYy8rq
2026-07-31T21:04:41.537+06:00  INFO 577218 --- [pangochain-backend] [io-8080-exec-19] c.pangochain.backend.ipfs.IpfsService    : Fetched 780 bytes from primary IPFS CID=QmdMbyBpoGFK1mURYDVGnjQ4AkNoJfnaBed6stWNVYy8rq
2026-07-31T21:04:41.537+06:00  INFO 577218 --- [pangochain-backend] [io-8080-exec-15] c.pangochain.backend.ipfs.IpfsService    : Fetched 780 bytes from primary IPFS CID=QmdMbyBpoGFK1mURYDVGnjQ4AkNoJfnaBed6stWNVYy8rq
2026-07-31T21:04:41.538+06:00  INFO 577218 --- [pangochain-backend] [io-8080-exec-11] c.pangochain.backend.ipfs.IpfsService    : Fetched 780 bytes from primary IPFS CID=QmdMbyBpoGFK1mURYDVGnjQ4AkNoJfnaBed6stWNVYy8rq
2026-07-31T21:04:41.538+06:00  INFO 577218 --- [pangochain-backend] [io-8080-exec-18] c.pangochain.backend.ipfs.IpfsService    : Fetched 780 bytes from primary IPFS CID=QmdMbyBpoGFK1mURYDVGnjQ4AkNoJfnaBed6stWNVYy8rq
2026-07-31T21:04:41.537+06:00  INFO 577218 --- [pangochain-backend] [io-8080-exec-13] c.pangochain.backend.ipfs.IpfsService    : Fetched 780 bytes from primary IPFS CID=QmdMbyBpoGFK1mURYDVGnjQ4AkNoJfnaBed6stWNVYy8rq
2026-07-31T21:04:41.538+06:00  INFO 577218 --- [pangochain-backend] [io-8080-exec-16] c.pangochain.backend.ipfs.IpfsService    : Fetched 780 bytes from primary IPFS CID=QmdMbyBpoGFK1mURYDVGnjQ4AkNoJfnaBed6stWNVYy8rq
2026-07-31T21:04:41.538+06:00  INFO 577218 --- [pangochain-backend] [io-8080-exec-20] c.pangochain.backend.ipfs.IpfsService    : Fetched 780 bytes from primary IPFS CID=QmdMbyBpoGFK1mURYDVGnjQ4AkNoJfnaBed6stWNVYy8rq
2026-07-31T21:04:41.538+06:00  INFO 577218 --- [pangochain-backend] [nio-8080-exec-5] c.pangochain.backend.ipfs.IpfsService    : Fetched 780 bytes from primary IPFS CID=QmdMbyBpoGFK1mURYDVGnjQ4AkNoJfnaBed6stWNVYy8rq
2026-07-31T21:04:41.549+06:00  INFO 577218 --- [pangochain-backend] [nio-8080-exec-3] c.p.backend.document.DocumentService     : ACL check: Layer1=PASS Layer2=PASS doc=7eb7b50a-21ec-4f40-a48a-98cccaa8f738 user=bench@pangochain.test
2026-07-31T21:04:41.549+06:00  INFO 577218 --- [pangochain-backend] [nio-8080-exec-4] c.p.backend.document.DocumentService     : ACL check: Layer1=PASS Layer2=PASS doc=7eb7b50a-21ec-4f40-a48a-98cccaa8f738 user=bench@pangochain.test
2026-07-31T21:04:41.549+06:00  INFO 577218 --- [pangochain-backend] [nio-8080-exec-1] c.p.backend.document.DocumentService     : ACL check: Layer1=PASS Layer2=PASS doc=7eb7b50a-21ec-4f40-a48a-98cccaa8f738 user=bench@pangochain.test
2026-07-31T21:04:41.549+06:00  INFO 577218 --- [pangochain-backend] [io-8080-exec-17] c.p.backend.document.DocumentService     : ACL check: Layer1=PASS Layer2=PASS doc=7eb7b50a-21ec-4f40-a48a-98cccaa8f738 user=bench@pangochain.test
2026-07-31T21:04:41.549+06:00  INFO 577218 --- [pangochain-backend] [io-8080-exec-10] c.p.backend.document.DocumentService     : ACL check: Layer1=PASS Layer2=PASS doc=7eb7b50a-21ec-4f40-a48a-98cccaa8f738 user=bench@pangochain.test
2026-07-31T21:04:41.549+06:00  INFO 577218 --- [pangochain-backend] [io-8080-exec-13] c.p.backend.document.DocumentService     : ACL check: Layer1=PASS Layer2=PASS doc=7eb7b50a-21ec-4f40-a48a-98cccaa8f738 user=bench@pangochain.test
2026-07-31T21:04:41.549+06:00  INFO 577218 --- [pangochain-backend] [nio-8080-exec-7] c.p.backend.document.DocumentService     : ACL check: Layer1=PASS Layer2=PASS doc=7eb7b50a-21ec-4f40-a48a-98cccaa8f738 user=bench@pangochain.test
2026-07-31T21:04:41.549+06:00  INFO 577218 --- [pangochain-backend] [io-8080-exec-12] c.p.backend.document.DocumentService     : ACL check: Layer1=PASS Layer2=PASS doc=7eb7b50a-21ec-4f40-a48a-98cccaa8f738 user=bench@pangochain.test
2026-07-31T21:04:41.550+06:00  INFO 577218 --- [pangochain-backend] [nio-8080-exec-6] c.p.backend.document.DocumentService     : ACL check: Layer1=PASS Layer2=PASS doc=7eb7b50a-21ec-4f40-a48a-98cccaa8f738 user=bench@pangochain.test
2026-07-31T21:04:41.550+06:00  INFO 577218 --- [pangochain-backend] [io-8080-exec-14] c.p.backend.document.DocumentService     : ACL check: Layer1=PASS Layer2=PASS doc=7eb7b50a-21ec-4f40-a48a-98cccaa8f738 user=bench@pangochain.test
2026-07-31T21:04:41.552+06:00  INFO 577218 --- [pangochain-backend] [nio-8080-exec-6] c.pangochain.backend.ipfs.IpfsService    : Fetched 780 bytes from primary IPFS CID=QmdMbyBpoGFK1mURYDVGnjQ4AkNoJfnaBed6stWNVYy8rq
2026-07-31T21:04:41.552+06:00  INFO 577218 --- [pangochain-backend] [io-8080-exec-14] c.pangochain.backend.ipfs.IpfsService    : Fetched 780 bytes from primary IPFS CID=QmdMbyBpoGFK1mURYDVGnjQ4AkNoJfnaBed6stWNVYy8rq
2026-07-31T21:04:41.552+06:00  INFO 577218 --- [pangochain-backend] [io-8080-exec-17] c.pangochain.backend.ipfs.IpfsService    : Fetched 780 bytes from primary IPFS CID=QmdMbyBpoGFK1mURYDVGnjQ4AkNoJfnaBed6stWNVYy8rq
2026-07-31T21:04:41.552+06:00  INFO 577218 --- [pangochain-backend] [nio-8080-exec-4] c.pangochain.backend.ipfs.IpfsService    : Fetched 780 bytes from primary IPFS CID=QmdMbyBpoGFK1mURYDVGnjQ4AkNoJfnaBed6stWNVYy8rq
2026-07-31T21:04:41.553+06:00  INFO 577218 --- [pangochain-backend] [nio-8080-exec-7] c.pangochain.backend.ipfs.IpfsService    : Fetched 780 bytes from primary IPFS CID=QmdMbyBpoGFK1mURYDVGnjQ4AkNoJfnaBed6stWNVYy8rq
2026-07-31T21:04:41.553+06:00  INFO 577218 --- [pangochain-backend] [io-8080-exec-10] c.pangochain.backend.ipfs.IpfsService    : Fetched 780 bytes from primary IPFS CID=QmdMbyBpoGFK1mURYDVGnjQ4AkNoJfnaBed6stWNVYy8rq
2026-07-31T21:04:41.552+06:00  INFO 577218 --- [pangochain-backend] [io-8080-exec-13] c.pangochain.backend.ipfs.IpfsService    : Fetched 780 bytes from primary IPFS CID=QmdMbyBpoGFK1mURYDVGnjQ4AkNoJfnaBed6stWNVYy8rq
2026-07-31T21:04:41.552+06:00  INFO 577218 --- [pangochain-backend] [nio-8080-exec-1] c.pangochain.backend.ipfs.IpfsService    : Fetched 780 bytes from primary IPFS CID=QmdMbyBpoGFK1mURYDVGnjQ4AkNoJfnaBed6stWNVYy8rq
2026-07-31T21:04:41.552+06:00  INFO 577218 --- [pangochain-backend] [nio-8080-exec-3] c.pangochain.backend.ipfs.IpfsService    : Fetched 780 bytes from primary IPFS CID=QmdMbyBpoGFK1mURYDVGnjQ4AkNoJfnaBed6stWNVYy8rq
2026-07-31T21:04:41.553+06:00  INFO 577218 --- [pangochain-backend] [io-8080-exec-12] c.pangochain.backend.ipfs.IpfsService    : Fetched 780 bytes from primary IPFS CID=QmdMbyBpoGFK1mURYDVGnjQ4AkNoJfnaBed6stWNVYy8rq
2026-07-31T21:04:41.570+06:00  INFO 577218 --- [pangochain-backend] [nio-8080-exec-9] c.p.backend.document.DocumentService     : ACL check: Layer1=PASS Layer2=PASS doc=7eb7b50a-21ec-4f40-a48a-98cccaa8f738 user=bench@pangochain.test
2026-07-31T21:04:41.570+06:00  INFO 577218 --- [pangochain-backend] [nio-8080-exec-2] c.p.backend.document.DocumentService     : ACL check: Layer1=PASS Layer2=PASS doc=7eb7b50a-21ec-4f40-a48a-98cccaa8f738 user=bench@pangochain.test
2026-07-31T21:04:41.570+06:00  INFO 577218 --- [pangochain-backend] [nio-8080-exec-8] c.p.backend.document.DocumentService     : ACL check: Layer1=PASS Layer2=PASS doc=7eb7b50a-21ec-4f40-a48a-98cccaa8f738 user=bench@pangochain.test
2026-07-31T21:04:41.570+06:00  INFO 577218 --- [pangochain-backend] [io-8080-exec-15] c.p.backend.document.DocumentService     : ACL check: Layer1=PASS Layer2=PASS doc=7eb7b50a-21ec-4f40-a48a-98cccaa8f738 user=bench@pangochain.test
2026-07-31T21:04:41.571+06:00  INFO 577218 --- [pangochain-backend] [nio-8080-exec-5] c.p.backend.document.DocumentService     : ACL check: Layer1=PASS Layer2=PASS doc=7eb7b50a-21ec-4f40-a48a-98cccaa8f738 user=bench@pangochain.test
2026-07-31T21:04:41.571+06:00  INFO 577218 --- [pangochain-backend] [io-8080-exec-16] c.p.backend.document.DocumentService     : ACL check: Layer1=PASS Layer2=PASS doc=7eb7b50a-21ec-4f40-a48a-98cccaa8f738 user=bench@pangochain.test
2026-07-31T21:04:41.571+06:00  INFO 577218 --- [pangochain-backend] [io-8080-exec-18] c.p.backend.document.DocumentService     : ACL check: Layer1=PASS Layer2=PASS doc=7eb7b50a-21ec-4f40-a48a-98cccaa8f738 user=bench@pangochain.test
2026-07-31T21:04:41.571+06:00  INFO 577218 --- [pangochain-backend] [io-8080-exec-19] c.p.backend.document.DocumentService     : ACL check: Layer1=PASS Layer2=PASS doc=7eb7b50a-21ec-4f40-a48a-98cccaa8f738 user=bench@pangochain.test
2026-07-31T21:04:41.571+06:00  INFO 577218 --- [pangochain-backend] [io-8080-exec-20] c.p.backend.document.DocumentService     : ACL check: Layer1=PASS Layer2=PASS doc=7eb7b50a-21ec-4f40-a48a-98cccaa8f738 user=bench@pangochain.test
2026-07-31T21:04:41.572+06:00  INFO 577218 --- [pangochain-backend] [io-8080-exec-11] c.p.backend.document.DocumentService     : ACL check: Layer1=PASS Layer2=PASS doc=7eb7b50a-21ec-4f40-a48a-98cccaa8f738 user=bench@pangochain.test
2026-07-31T21:04:41.576+06:00  INFO 577218 --- [pangochain-backend] [nio-8080-exec-5] c.pangochain.backend.ipfs.IpfsService    : Fetched 780 bytes from primary IPFS CID=QmdMbyBpoGFK1mURYDVGnjQ4AkNoJfnaBed6stWNVYy8rq
2026-07-31T21:04:41.576+06:00  INFO 577218 --- [pangochain-backend] [io-8080-exec-15] c.pangochain.backend.ipfs.IpfsService    : Fetched 780 bytes from primary IPFS CID=QmdMbyBpoGFK1mURYDVGnjQ4AkNoJfnaBed6stWNVYy8rq
2026-07-31T21:04:41.576+06:00  INFO 577218 --- [pangochain-backend] [io-8080-exec-11] c.pangochain.backend.ipfs.IpfsService    : Fetched 780 bytes from primary IPFS CID=QmdMbyBpoGFK1mURYDVGnjQ4AkNoJfnaBed6stWNVYy8rq
2026-07-31T21:04:41.576+06:00  INFO 577218 --- [pangochain-backend] [nio-8080-exec-8] c.pangochain.backend.ipfs.IpfsService    : Fetched 780 bytes from primary IPFS CID=QmdMbyBpoGFK1mURYDVGnjQ4AkNoJfnaBed6stWNVYy8rq
2026-07-31T21:04:41.576+06:00  INFO 577218 --- [pangochain-backend] [nio-8080-exec-2] c.pangochain.backend.ipfs.IpfsService    : Fetched 780 bytes from primary IPFS CID=QmdMbyBpoGFK1mURYDVGnjQ4AkNoJfnaBed6stWNVYy8rq
2026-07-31T21:04:41.576+06:00  INFO 577218 --- [pangochain-backend] [nio-8080-exec-9] c.pangochain.backend.ipfs.IpfsService    : Fetched 780 bytes from primary IPFS CID=QmdMbyBpoGFK1mURYDVGnjQ4AkNoJfnaBed6stWNVYy8rq
2026-07-31T21:04:41.577+06:00  INFO 577218 --- [pangochain-backend] [io-8080-exec-18] c.pangochain.backend.ipfs.IpfsService    : Fetched 780 bytes from primary IPFS CID=QmdMbyBpoGFK1mURYDVGnjQ4AkNoJfnaBed6stWNVYy8rq
2026-07-31T21:04:41.577+06:00  INFO 577218 --- [pangochain-backend] [io-8080-exec-20] c.pangochain.backend.ipfs.IpfsService    : Fetched 780 bytes from primary IPFS CID=QmdMbyBpoGFK1mURYDVGnjQ4AkNoJfnaBed6stWNVYy8rq
2026-07-31T21:04:41.578+06:00  INFO 577218 --- [pangochain-backend] [io-8080-exec-19] c.pangochain.backend.ipfs.IpfsService    : Fetched 780 bytes from primary IPFS CID=QmdMbyBpoGFK1mURYDVGnjQ4AkNoJfnaBed6stWNVYy8rq
2026-07-31T21:04:41.580+06:00  INFO 577218 --- [pangochain-backend] [io-8080-exec-16] c.pangochain.backend.ipfs.IpfsService    : Fetched 780 bytes from primary IPFS CID=QmdMbyBpoGFK1mURYDVGnjQ4AkNoJfnaBed6stWNVYy8rq
2026-07-31T21:04:41.595+06:00  INFO 577218 --- [pangochain-backend] [io-8080-exec-14] c.p.backend.document.DocumentService     : ACL check: Layer1=PASS Layer2=PASS doc=7eb7b50a-21ec-4f40-a48a-98cccaa8f738 user=bench@pangochain.test
2026-07-31T21:04:41.596+06:00  INFO 577218 --- [pangochain-backend] [nio-8080-exec-7] c.p.backend.document.DocumentService     : ACL check: Layer1=PASS Layer2=PASS doc=7eb7b50a-21ec-4f40-a48a-98cccaa8f738 user=bench@pangochain.test
2026-07-31T21:04:41.596+06:00  INFO 577218 --- [pangochain-backend] [io-8080-exec-10] c.p.backend.document.DocumentService     : ACL check: Layer1=PASS Layer2=PASS doc=7eb7b50a-21ec-4f40-a48a-98cccaa8f738 user=bench@pangochain.test
2026-07-31T21:04:41.596+06:00  INFO 577218 --- [pangochain-backend] [nio-8080-exec-5] c.p.backend.document.DocumentService     : ACL check: Layer1=PASS Layer2=PASS doc=7eb7b50a-21ec-4f40-a48a-98cccaa8f738 user=bench@pangochain.test
2026-07-31T21:04:41.596+06:00  INFO 577218 --- [pangochain-backend] [nio-8080-exec-9] c.p.backend.document.DocumentService     : ACL check: Layer1=PASS Layer2=PASS doc=7eb7b50a-21ec-4f40-a48a-98cccaa8f738 user=bench@pangochain.test
2026-07-31T21:04:41.597+06:00  INFO 577218 --- [pangochain-backend] [nio-8080-exec-6] c.p.backend.document.DocumentService     : ACL check: Layer1=PASS Layer2=PASS doc=7eb7b50a-21ec-4f40-a48a-98cccaa8f738 user=bench@pangochain.test
2026-07-31T21:04:41.598+06:00  INFO 577218 --- [pangochain-backend] [io-8080-exec-11] c.p.backend.document.DocumentService     : ACL check: Layer1=PASS Layer2=PASS doc=7eb7b50a-21ec-4f40-a48a-98cccaa8f738 user=bench@pangochain.test
2026-07-31T21:04:41.598+06:00  INFO 577218 --- [pangochain-backend] [io-8080-exec-17] c.p.backend.document.DocumentService     : ACL check: Layer1=PASS Layer2=PASS doc=7eb7b50a-21ec-4f40-a48a-98cccaa8f738 user=bench@pangochain.test
2026-07-31T21:04:41.598+06:00  INFO 577218 --- [pangochain-backend] [nio-8080-exec-4] c.p.backend.document.DocumentService     : ACL check: Layer1=PASS Layer2=PASS doc=7eb7b50a-21ec-4f40-a48a-98cccaa8f738 user=bench@pangochain.test
2026-07-31T21:04:41.600+06:00  INFO 577218 --- [pangochain-backend] [io-8080-exec-10] c.pangochain.backend.ipfs.IpfsService    : Fetched 780 bytes from primary IPFS CID=QmdMbyBpoGFK1mURYDVGnjQ4AkNoJfnaBed6stWNVYy8rq
2026-07-31T21:04:41.602+06:00  INFO 577218 --- [pangochain-backend] [io-8080-exec-17] c.pangochain.backend.ipfs.IpfsService    : Fetched 780 bytes from primary IPFS CID=QmdMbyBpoGFK1mURYDVGnjQ4AkNoJfnaBed6stWNVYy8rq
2026-07-31T21:04:41.602+06:00  INFO 577218 --- [pangochain-backend] [nio-8080-exec-9] c.pangochain.backend.ipfs.IpfsService    : Fetched 780 bytes from primary IPFS CID=QmdMbyBpoGFK1mURYDVGnjQ4AkNoJfnaBed6stWNVYy8rq
2026-07-31T21:04:41.602+06:00  INFO 577218 --- [pangochain-backend] [io-8080-exec-11] c.pangochain.backend.ipfs.IpfsService    : Fetched 780 bytes from primary IPFS CID=QmdMbyBpoGFK1mURYDVGnjQ4AkNoJfnaBed6stWNVYy8rq
2026-07-31T21:04:41.602+06:00  INFO 577218 --- [pangochain-backend] [nio-8080-exec-7] c.pangochain.backend.ipfs.IpfsService    : Fetched 780 bytes from primary IPFS CID=QmdMbyBpoGFK1mURYDVGnjQ4AkNoJfnaBed6stWNVYy8rq
2026-07-31T21:04:41.602+06:00  INFO 577218 --- [pangochain-backend] [nio-8080-exec-5] c.pangochain.backend.ipfs.IpfsService    : Fetched 780 bytes from primary IPFS CID=QmdMbyBpoGFK1mURYDVGnjQ4AkNoJfnaBed6stWNVYy8rq
2026-07-31T21:04:41.602+06:00  INFO 577218 --- [pangochain-backend] [nio-8080-exec-4] c.pangochain.backend.ipfs.IpfsService    : Fetched 780 bytes from primary IPFS CID=QmdMbyBpoGFK1mURYDVGnjQ4AkNoJfnaBed6stWNVYy8rq
2026-07-31T21:04:41.602+06:00  INFO 577218 --- [pangochain-backend] [nio-8080-exec-6] c.pangochain.backend.ipfs.IpfsService    : Fetched 780 bytes from primary IPFS CID=QmdMbyBpoGFK1mURYDVGnjQ4AkNoJfnaBed6stWNVYy8rq
2026-07-31T21:04:41.603+06:00  INFO 577218 --- [pangochain-backend] [io-8080-exec-16] c.p.backend.document.DocumentService     : ACL check: Layer1=PASS Layer2=PASS doc=7eb7b50a-21ec-4f40-a48a-98cccaa8f738 user=bench@pangochain.test
2026-07-31T21:04:41.603+06:00  INFO 577218 --- [pangochain-backend] [io-8080-exec-14] c.pangochain.backend.ipfs.IpfsService    : Fetched 780 bytes from primary IPFS CID=QmdMbyBpoGFK1mURYDVGnjQ4AkNoJfnaBed6stWNVYy8rq
2026-07-31T21:04:41.608+06:00  INFO 577218 --- [pangochain-backend] [io-8080-exec-16] c.pangochain.backend.ipfs.IpfsService    : Fetched 780 bytes from primary IPFS CID=QmdMbyBpoGFK1mURYDVGnjQ4AkNoJfnaBed6stWNVYy8rq
2026-07-31T21:04:41.625+06:00  INFO 577218 --- [pangochain-backend] [io-8080-exec-13] c.p.backend.document.DocumentService     : ACL check: Layer1=PASS Layer2=PASS doc=7eb7b50a-21ec-4f40-a48a-98cccaa8f738 user=bench@pangochain.test
2026-07-31T21:04:41.626+06:00  INFO 577218 --- [pangochain-backend] [io-8080-exec-15] c.p.backend.document.DocumentService     : ACL check: Layer1=PASS Layer2=PASS doc=7eb7b50a-21ec-4f40-a48a-98cccaa8f738 user=bench@pangochain.test
2026-07-31T21:04:41.626+06:00  INFO 577218 --- [pangochain-backend] [io-8080-exec-10] c.p.backend.document.DocumentService     : ACL check: Layer1=PASS Layer2=PASS doc=7eb7b50a-21ec-4f40-a48a-98cccaa8f738 user=bench@pangochain.test
2026-07-31T21:04:41.626+06:00  INFO 577218 --- [pangochain-backend] [io-8080-exec-12] c.p.backend.document.DocumentService     : ACL check: Layer1=PASS Layer2=PASS doc=7eb7b50a-21ec-4f40-a48a-98cccaa8f738 user=bench@pangochain.test
2026-07-31T21:04:41.627+06:00  INFO 577218 --- [pangochain-backend] [nio-8080-exec-3] c.p.backend.document.DocumentService     : ACL check: Layer1=PASS Layer2=PASS doc=7eb7b50a-21ec-4f40-a48a-98cccaa8f738 user=bench@pangochain.test
2026-07-31T21:04:41.627+06:00  INFO 577218 --- [pangochain-backend] [nio-8080-exec-1] c.p.backend.document.DocumentService     : ACL check: Layer1=PASS Layer2=PASS doc=7eb7b50a-21ec-4f40-a48a-98cccaa8f738 user=bench@pangochain.test
2026-07-31T21:04:41.628+06:00  INFO 577218 --- [pangochain-backend] [io-8080-exec-18] c.p.backend.document.DocumentService     : ACL check: Layer1=PASS Layer2=PASS doc=7eb7b50a-21ec-4f40-a48a-98cccaa8f738 user=bench@pangochain.test
2026-07-31T21:04:41.632+06:00  INFO 577218 --- [pangochain-backend] [io-8080-exec-10] c.pangochain.backend.ipfs.IpfsService    : Fetched 780 bytes from primary IPFS CID=QmdMbyBpoGFK1mURYDVGnjQ4AkNoJfnaBed6stWNVYy8rq
2026-07-31T21:04:41.632+06:00  INFO 577218 --- [pangochain-backend] [io-8080-exec-15] c.pangochain.backend.ipfs.IpfsService    : Fetched 780 bytes from primary IPFS CID=QmdMbyBpoGFK1mURYDVGnjQ4AkNoJfnaBed6stWNVYy8rq
2026-07-31T21:04:41.632+06:00  INFO 577218 --- [pangochain-backend] [io-8080-exec-12] c.pangochain.backend.ipfs.IpfsService    : Fetched 780 bytes from primary IPFS CID=QmdMbyBpoGFK1mURYDVGnjQ4AkNoJfnaBed6stWNVYy8rq
2026-07-31T21:04:41.632+06:00  INFO 577218 --- [pangochain-backend] [nio-8080-exec-3] c.pangochain.backend.ipfs.IpfsService    : Fetched 780 bytes from primary IPFS CID=QmdMbyBpoGFK1mURYDVGnjQ4AkNoJfnaBed6stWNVYy8rq
2026-07-31T21:04:41.633+06:00  INFO 577218 --- [pangochain-backend] [io-8080-exec-13] c.pangochain.backend.ipfs.IpfsService    : Fetched 780 bytes from primary IPFS CID=QmdMbyBpoGFK1mURYDVGnjQ4AkNoJfnaBed6stWNVYy8rq
2026-07-31T21:04:41.633+06:00  INFO 577218 --- [pangochain-backend] [nio-8080-exec-2] c.p.backend.document.DocumentService     : ACL check: Layer1=PASS Layer2=PASS doc=7eb7b50a-21ec-4f40-a48a-98cccaa8f738 user=bench@pangochain.test
2026-07-31T21:04:41.635+06:00  INFO 577218 --- [pangochain-backend] [io-8080-exec-18] c.pangochain.backend.ipfs.IpfsService    : Fetched 780 bytes from primary IPFS CID=QmdMbyBpoGFK1mURYDVGnjQ4AkNoJfnaBed6stWNVYy8rq
2026-07-31T21:04:41.636+06:00  INFO 577218 --- [pangochain-backend] [nio-8080-exec-1] c.pangochain.backend.ipfs.IpfsService    : Fetched 780 bytes from primary IPFS CID=QmdMbyBpoGFK1mURYDVGnjQ4AkNoJfnaBed6stWNVYy8rq
2026-07-31T21:04:41.639+06:00  INFO 577218 --- [pangochain-backend] [nio-8080-exec-8] c.p.backend.document.DocumentService     : ACL check: Layer1=PASS Layer2=PASS doc=7eb7b50a-21ec-4f40-a48a-98cccaa8f738 user=bench@pangochain.test
2026-07-31T21:04:41.639+06:00  INFO 577218 --- [pangochain-backend] [io-8080-exec-19] c.p.backend.document.DocumentService     : ACL check: Layer1=PASS Layer2=PASS doc=7eb7b50a-21ec-4f40-a48a-98cccaa8f738 user=bench@pangochain.test
2026-07-31T21:04:41.641+06:00  INFO 577218 --- [pangochain-backend] [nio-8080-exec-2] c.pangochain.backend.ipfs.IpfsService    : Fetched 780 bytes from primary IPFS CID=QmdMbyBpoGFK1mURYDVGnjQ4AkNoJfnaBed6stWNVYy8rq
2026-07-31T21:04:41.643+06:00  INFO 577218 --- [pangochain-backend] [io-8080-exec-19] c.pangochain.backend.ipfs.IpfsService    : Fetched 780 bytes from primary IPFS CID=QmdMbyBpoGFK1mURYDVGnjQ4AkNoJfnaBed6stWNVYy8rq
2026-07-31T21:04:41.643+06:00  INFO 577218 --- [pangochain-backend] [nio-8080-exec-8] c.pangochain.backend.ipfs.IpfsService    : Fetched 780 bytes from primary IPFS CID=QmdMbyBpoGFK1mURYDVGnjQ4AkNoJfnaBed6stWNVYy8rq
2026-07-31T21:04:41.650+06:00  INFO 577218 --- [pangochain-backend] [io-8080-exec-11] c.p.backend.document.DocumentService     : ACL check: Layer1=PASS Layer2=PASS doc=7eb7b50a-21ec-4f40-a48a-98cccaa8f738 user=bench@pangochain.test
2026-07-31T21:04:41.651+06:00  INFO 577218 --- [pangochain-backend] [io-8080-exec-18] c.p.backend.document.DocumentService     : ACL check: Layer1=PASS Layer2=PASS doc=7eb7b50a-21ec-4f40-a48a-98cccaa8f738 user=bench@pangochain.test
2026-07-31T21:04:41.652+06:00  INFO 577218 --- [pangochain-backend] [nio-8080-exec-9] c.p.backend.document.DocumentService     : ACL check: Layer1=PASS Layer2=PASS doc=7eb7b50a-21ec-4f40-a48a-98cccaa8f738 user=bench@pangochain.test
2026-07-31T21:04:41.652+06:00  INFO 577218 --- [pangochain-backend] [nio-8080-exec-3] c.p.backend.document.DocumentService     : ACL check: Layer1=PASS Layer2=PASS doc=7eb7b50a-21ec-4f40-a48a-98cccaa8f738 user=bench@pangochain.test
2026-07-31T21:04:41.652+06:00  INFO 577218 --- [pangochain-backend] [nio-8080-exec-5] c.p.backend.document.DocumentService     : ACL check: Layer1=PASS Layer2=PASS doc=7eb7b50a-21ec-4f40-a48a-98cccaa8f738 user=bench@pangochain.test
2026-07-31T21:04:41.653+06:00  INFO 577218 --- [pangochain-backend] [io-8080-exec-15] c.p.backend.document.DocumentService     : ACL check: Layer1=PASS Layer2=PASS doc=7eb7b50a-21ec-4f40-a48a-98cccaa8f738 user=bench@pangochain.test
2026-07-31T21:04:41.653+06:00  INFO 577218 --- [pangochain-backend] [nio-8080-exec-7] c.p.backend.document.DocumentService     : ACL check: Layer1=PASS Layer2=PASS doc=7eb7b50a-21ec-4f40-a48a-98cccaa8f738 user=bench@pangochain.test
2026-07-31T21:04:41.654+06:00  INFO 577218 --- [pangochain-backend] [nio-8080-exec-2] c.p.backend.document.DocumentService     : ACL check: Layer1=PASS Layer2=PASS doc=7eb7b50a-21ec-4f40-a48a-98cccaa8f738 user=bench@pangochain.test
2026-07-31T21:04:41.655+06:00  INFO 577218 --- [pangochain-backend] [io-8080-exec-11] c.pangochain.backend.ipfs.IpfsService    : Fetched 780 bytes from primary IPFS CID=QmdMbyBpoGFK1mURYDVGnjQ4AkNoJfnaBed6stWNVYy8rq
2026-07-31T21:04:41.655+06:00  INFO 577218 --- [pangochain-backend] [nio-8080-exec-3] c.pangochain.backend.ipfs.IpfsService    : Fetched 780 bytes from primary IPFS CID=QmdMbyBpoGFK1mURYDVGnjQ4AkNoJfnaBed6stWNVYy8rq
2026-07-31T21:04:41.655+06:00  INFO 577218 --- [pangochain-backend] [nio-8080-exec-9] c.pangochain.backend.ipfs.IpfsService    : Fetched 780 bytes from primary IPFS CID=QmdMbyBpoGFK1mURYDVGnjQ4AkNoJfnaBed6stWNVYy8rq
2026-07-31T21:04:41.655+06:00  INFO 577218 --- [pangochain-backend] [nio-8080-exec-7] c.pangochain.backend.ipfs.IpfsService    : Fetched 780 bytes from primary IPFS CID=QmdMbyBpoGFK1mURYDVGnjQ4AkNoJfnaBed6stWNVYy8rq
2026-07-31T21:04:41.656+06:00  INFO 577218 --- [pangochain-backend] [nio-8080-exec-4] c.p.backend.document.DocumentService     : ACL check: Layer1=PASS Layer2=PASS doc=7eb7b50a-21ec-4f40-a48a-98cccaa8f738 user=bench@pangochain.test
2026-07-31T21:04:41.656+06:00  INFO 577218 --- [pangochain-backend] [io-8080-exec-15] c.pangochain.backend.ipfs.IpfsService    : Fetched 780 bytes from primary IPFS CID=QmdMbyBpoGFK1mURYDVGnjQ4AkNoJfnaBed6stWNVYy8rq
2026-07-31T21:04:41.657+06:00  INFO 577218 --- [pangochain-backend] [nio-8080-exec-5] c.pangochain.backend.ipfs.IpfsService    : Fetched 780 bytes from primary IPFS CID=QmdMbyBpoGFK1mURYDVGnjQ4AkNoJfnaBed6stWNVYy8rq
2026-07-31T21:04:41.657+06:00  INFO 577218 --- [pangochain-backend] [io-8080-exec-18] c.pangochain.backend.ipfs.IpfsService    : Fetched 780 bytes from primary IPFS CID=QmdMbyBpoGFK1mURYDVGnjQ4AkNoJfnaBed6stWNVYy8rq
2026-07-31T21:04:41.658+06:00  INFO 577218 --- [pangochain-backend] [nio-8080-exec-2] c.pangochain.backend.ipfs.IpfsService    : Fetched 780 bytes from primary IPFS CID=QmdMbyBpoGFK1mURYDVGnjQ4AkNoJfnaBed6stWNVYy8rq
2026-07-31T21:04:41.660+06:00  INFO 577218 --- [pangochain-backend] [nio-8080-exec-4] c.pangochain.backend.ipfs.IpfsService    : Fetched 780 bytes from primary IPFS CID=QmdMbyBpoGFK1mURYDVGnjQ4AkNoJfnaBed6stWNVYy8rq
2026-07-31T21:04:41.662+06:00  INFO 577218 --- [pangochain-backend] [nio-8080-exec-6] c.p.backend.document.DocumentService     : ACL check: Layer1=PASS Layer2=PASS doc=7eb7b50a-21ec-4f40-a48a-98cccaa8f738 user=bench@pangochain.test
2026-07-31T21:04:41.666+06:00  INFO 577218 --- [pangochain-backend] [nio-8080-exec-6] c.pangochain.backend.ipfs.IpfsService    : Fetched 780 bytes from primary IPFS CID=QmdMbyBpoGFK1mURYDVGnjQ4AkNoJfnaBed6stWNVYy8rq
2026-07-31T21:04:41.668+06:00  INFO 577218 --- [pangochain-backend] [io-8080-exec-15] c.p.backend.document.DocumentService     : ACL check: Layer1=PASS Layer2=PASS doc=7eb7b50a-21ec-4f40-a48a-98cccaa8f738 user=bench@pangochain.test
2026-07-31T21:04:41.671+06:00  INFO 577218 --- [pangochain-backend] [io-8080-exec-15] c.pangochain.backend.ipfs.IpfsService    : Fetched 780 bytes from primary IPFS CID=QmdMbyBpoGFK1mURYDVGnjQ4AkNoJfnaBed6stWNVYy8rq
2026-07-31T21:04:41.672+06:00  INFO 577218 --- [pangochain-backend] [nio-8080-exec-1] c.p.backend.document.DocumentService     : ACL check: Layer1=PASS Layer2=PASS doc=7eb7b50a-21ec-4f40-a48a-98cccaa8f738 user=bench@pangochain.test
2026-07-31T21:04:41.672+06:00  INFO 577218 --- [pangochain-backend] [nio-8080-exec-9] c.p.backend.document.DocumentService     : ACL check: Layer1=PASS Layer2=PASS doc=7eb7b50a-21ec-4f40-a48a-98cccaa8f738 user=bench@pangochain.test
2026-07-31T21:04:41.672+06:00  INFO 577218 --- [pangochain-backend] [io-8080-exec-17] c.p.backend.document.DocumentService     : ACL check: Layer1=PASS Layer2=PASS doc=7eb7b50a-21ec-4f40-a48a-98cccaa8f738 user=bench@pangochain.test
2026-07-31T21:04:41.672+06:00  INFO 577218 --- [pangochain-backend] [io-8080-exec-10] c.p.backend.document.DocumentService     : ACL check: Layer1=PASS Layer2=PASS doc=7eb7b50a-21ec-4f40-a48a-98cccaa8f738 user=bench@pangochain.test
2026-07-31T21:04:41.673+06:00  INFO 577218 --- [pangochain-backend] [io-8080-exec-20] c.p.backend.document.DocumentService     : ACL check: Layer1=PASS Layer2=PASS doc=7eb7b50a-21ec-4f40-a48a-98cccaa8f738 user=bench@pangochain.test
2026-07-31T21:04:41.673+06:00  INFO 577218 --- [pangochain-backend] [io-8080-exec-12] c.p.backend.document.DocumentService     : ACL check: Layer1=PASS Layer2=PASS doc=7eb7b50a-21ec-4f40-a48a-98cccaa8f738 user=bench@pangochain.test
2026-07-31T21:04:41.674+06:00  INFO 577218 --- [pangochain-backend] [io-8080-exec-17] c.pangochain.backend.ipfs.IpfsService    : Fetched 780 bytes from primary IPFS CID=QmdMbyBpoGFK1mURYDVGnjQ4AkNoJfnaBed6stWNVYy8rq
2026-07-31T21:04:41.674+06:00  INFO 577218 --- [pangochain-backend] [nio-8080-exec-1] c.pangochain.backend.ipfs.IpfsService    : Fetched 780 bytes from primary IPFS CID=QmdMbyBpoGFK1mURYDVGnjQ4AkNoJfnaBed6stWNVYy8rq
2026-07-31T21:04:41.675+06:00  INFO 577218 --- [pangochain-backend] [io-8080-exec-20] c.pangochain.backend.ipfs.IpfsService    : Fetched 780 bytes from primary IPFS CID=QmdMbyBpoGFK1mURYDVGnjQ4AkNoJfnaBed6stWNVYy8rq
2026-07-31T21:04:41.675+06:00  INFO 577218 --- [pangochain-backend] [io-8080-exec-12] c.pangochain.backend.ipfs.IpfsService    : Fetched 780 bytes from primary IPFS CID=QmdMbyBpoGFK1mURYDVGnjQ4AkNoJfnaBed6stWNVYy8rq
2026-07-31T21:04:41.675+06:00  INFO 577218 --- [pangochain-backend] [nio-8080-exec-9] c.pangochain.backend.ipfs.IpfsService    : Fetched 780 bytes from primary IPFS CID=QmdMbyBpoGFK1mURYDVGnjQ4AkNoJfnaBed6stWNVYy8rq
2026-07-31T21:04:41.676+06:00  INFO 577218 --- [pangochain-backend] [nio-8080-exec-2] c.p.backend.document.DocumentService     : ACL check: Layer1=PASS Layer2=PASS doc=7eb7b50a-21ec-4f40-a48a-98cccaa8f738 user=bench@pangochain.test
2026-07-31T21:04:41.676+06:00  INFO 577218 --- [pangochain-backend] [io-8080-exec-10] c.pangochain.backend.ipfs.IpfsService    : Fetched 780 bytes from primary IPFS CID=QmdMbyBpoGFK1mURYDVGnjQ4AkNoJfnaBed6stWNVYy8rq
2026-07-31T21:04:41.676+06:00  INFO 577218 --- [pangochain-backend] [io-8080-exec-13] c.p.backend.document.DocumentService     : ACL check: Layer1=PASS Layer2=PASS doc=7eb7b50a-21ec-4f40-a48a-98cccaa8f738 user=bench@pangochain.test
2026-07-31T21:04:41.678+06:00  INFO 577218 --- [pangochain-backend] [io-8080-exec-13] c.pangochain.backend.ipfs.IpfsService    : Fetched 780 bytes from primary IPFS CID=QmdMbyBpoGFK1mURYDVGnjQ4AkNoJfnaBed6stWNVYy8rq
2026-07-31T21:04:41.678+06:00  INFO 577218 --- [pangochain-backend] [nio-8080-exec-2] c.pangochain.backend.ipfs.IpfsService    : Fetched 780 bytes from primary IPFS CID=QmdMbyBpoGFK1mURYDVGnjQ4AkNoJfnaBed6stWNVYy8rq
2026-07-31T21:04:41.679+06:00  INFO 577218 --- [pangochain-backend] [nio-8080-exec-6] c.p.backend.document.DocumentService     : ACL check: Layer1=PASS Layer2=PASS doc=7eb7b50a-21ec-4f40-a48a-98cccaa8f738 user=bench@pangochain.test
2026-07-31T21:04:41.682+06:00  INFO 577218 --- [pangochain-backend] [nio-8080-exec-6] c.pangochain.backend.ipfs.IpfsService    : Fetched 780 bytes from primary IPFS CID=QmdMbyBpoGFK1mURYDVGnjQ4AkNoJfnaBed6stWNVYy8rq
2026-07-31T21:04:41.687+06:00  INFO 577218 --- [pangochain-backend] [io-8080-exec-19] c.p.backend.document.DocumentService     : ACL check: Layer1=PASS Layer2=PASS doc=7eb7b50a-21ec-4f40-a48a-98cccaa8f738 user=bench@pangochain.test
2026-07-31T21:04:41.687+06:00  INFO 577218 --- [pangochain-backend] [nio-8080-exec-7] c.p.backend.document.DocumentService     : ACL check: Layer1=PASS Layer2=PASS doc=7eb7b50a-21ec-4f40-a48a-98cccaa8f738 user=bench@pangochain.test
2026-07-31T21:04:41.688+06:00  INFO 577218 --- [pangochain-backend] [nio-8080-exec-3] c.p.backend.document.DocumentService     : ACL check: Layer1=PASS Layer2=PASS doc=7eb7b50a-21ec-4f40-a48a-98cccaa8f738 user=bench@pangochain.test
2026-07-31T21:04:41.689+06:00  INFO 577218 --- [pangochain-backend] [nio-8080-exec-8] c.p.backend.document.DocumentService     : ACL check: Layer1=PASS Layer2=PASS doc=7eb7b50a-21ec-4f40-a48a-98cccaa8f738 user=bench@pangochain.test
2026-07-31T21:04:41.690+06:00  INFO 577218 --- [pangochain-backend] [io-8080-exec-14] c.p.backend.document.DocumentService     : ACL check: Layer1=PASS Layer2=PASS doc=7eb7b50a-21ec-4f40-a48a-98cccaa8f738 user=bench@pangochain.test
2026-07-31T21:04:41.690+06:00  INFO 577218 --- [pangochain-backend] [io-8080-exec-11] c.p.backend.document.DocumentService     : ACL check: Layer1=PASS Layer2=PASS doc=7eb7b50a-21ec-4f40-a48a-98cccaa8f738 user=bench@pangochain.test
2026-07-31T21:04:41.690+06:00  INFO 577218 --- [pangochain-backend] [nio-8080-exec-7] c.pangochain.backend.ipfs.IpfsService    : Fetched 780 bytes from primary IPFS CID=QmdMbyBpoGFK1mURYDVGnjQ4AkNoJfnaBed6stWNVYy8rq
2026-07-31T21:04:41.690+06:00  INFO 577218 --- [pangochain-backend] [nio-8080-exec-3] c.pangochain.backend.ipfs.IpfsService    : Fetched 780 bytes from primary IPFS CID=QmdMbyBpoGFK1mURYDVGnjQ4AkNoJfnaBed6stWNVYy8rq
2026-07-31T21:04:41.690+06:00  INFO 577218 --- [pangochain-backend] [io-8080-exec-19] c.pangochain.backend.ipfs.IpfsService    : Fetched 780 bytes from primary IPFS CID=QmdMbyBpoGFK1mURYDVGnjQ4AkNoJfnaBed6stWNVYy8rq
2026-07-31T21:04:41.690+06:00  INFO 577218 --- [pangochain-backend] [nio-8080-exec-5] c.p.backend.document.DocumentService     : ACL check: Layer1=PASS Layer2=PASS doc=7eb7b50a-21ec-4f40-a48a-98cccaa8f738 user=bench@pangochain.test
2026-07-31T21:04:41.691+06:00  INFO 577218 --- [pangochain-backend] [io-8080-exec-18] c.p.backend.document.DocumentService     : ACL check: Layer1=PASS Layer2=PASS doc=7eb7b50a-21ec-4f40-a48a-98cccaa8f738 user=bench@pangochain.test
2026-07-31T21:04:41.691+06:00  INFO 577218 --- [pangochain-backend] [nio-8080-exec-8] c.pangochain.backend.ipfs.IpfsService    : Fetched 780 bytes from primary IPFS CID=QmdMbyBpoGFK1mURYDVGnjQ4AkNoJfnaBed6stWNVYy8rq
2026-07-31T21:04:41.691+06:00  INFO 577218 --- [pangochain-backend] [io-8080-exec-14] c.pangochain.backend.ipfs.IpfsService    : Fetched 780 bytes from primary IPFS CID=QmdMbyBpoGFK1mURYDVGnjQ4AkNoJfnaBed6stWNVYy8rq
2026-07-31T21:04:41.691+06:00  INFO 577218 --- [pangochain-backend] [io-8080-exec-11] c.pangochain.backend.ipfs.IpfsService    : Fetched 780 bytes from primary IPFS CID=QmdMbyBpoGFK1mURYDVGnjQ4AkNoJfnaBed6stWNVYy8rq
2026-07-31T21:04:41.691+06:00  INFO 577218 --- [pangochain-backend] [io-8080-exec-16] c.p.backend.document.DocumentService     : ACL check: Layer1=PASS Layer2=PASS doc=7eb7b50a-21ec-4f40-a48a-98cccaa8f738 user=bench@pangochain.test
2026-07-31T21:04:41.692+06:00  INFO 577218 --- [pangochain-backend] [nio-8080-exec-5] c.pangochain.backend.ipfs.IpfsService    : Fetched 780 bytes from primary IPFS CID=QmdMbyBpoGFK1mURYDVGnjQ4AkNoJfnaBed6stWNVYy8rq
2026-07-31T21:04:41.692+06:00  INFO 577218 --- [pangochain-backend] [nio-8080-exec-4] c.p.backend.document.DocumentService     : ACL check: Layer1=PASS Layer2=PASS doc=7eb7b50a-21ec-4f40-a48a-98cccaa8f738 user=bench@pangochain.test
2026-07-31T21:04:41.692+06:00  INFO 577218 --- [pangochain-backend] [io-8080-exec-18] c.pangochain.backend.ipfs.IpfsService    : Fetched 780 bytes from primary IPFS CID=QmdMbyBpoGFK1mURYDVGnjQ4AkNoJfnaBed6stWNVYy8rq
2026-07-31T21:04:41.694+06:00  INFO 577218 --- [pangochain-backend] [nio-8080-exec-4] c.pangochain.backend.ipfs.IpfsService    : Fetched 780 bytes from primary IPFS CID=QmdMbyBpoGFK1mURYDVGnjQ4AkNoJfnaBed6stWNVYy8rq
2026-07-31T21:04:41.694+06:00  INFO 577218 --- [pangochain-backend] [io-8080-exec-16] c.pangochain.backend.ipfs.IpfsService    : Fetched 780 bytes from primary IPFS CID=QmdMbyBpoGFK1mURYDVGnjQ4AkNoJfnaBed6stWNVYy8rq
2026-07-31T21:04:41.701+06:00  INFO 577218 --- [pangochain-backend] [nio-8080-exec-7] c.p.backend.document.DocumentService     : ACL check: Layer1=PASS Layer2=PASS doc=7eb7b50a-21ec-4f40-a48a-98cccaa8f738 user=bench@pangochain.test
2026-07-31T21:04:41.701+06:00  INFO 577218 --- [pangochain-backend] [io-8080-exec-17] c.p.backend.document.DocumentService     : ACL check: Layer1=PASS Layer2=PASS doc=7eb7b50a-21ec-4f40-a48a-98cccaa8f738 user=bench@pangochain.test
2026-07-31T21:04:41.702+06:00  INFO 577218 --- [pangochain-backend] [io-8080-exec-12] c.p.backend.document.DocumentService     : ACL check: Layer1=PASS Layer2=PASS doc=7eb7b50a-21ec-4f40-a48a-98cccaa8f738 user=bench@pangochain.test
2026-07-31T21:04:41.702+06:00  INFO 577218 --- [pangochain-backend] [nio-8080-exec-1] c.p.backend.document.DocumentService     : ACL check: Layer1=PASS Layer2=PASS doc=7eb7b50a-21ec-4f40-a48a-98cccaa8f738 user=bench@pangochain.test
2026-07-31T21:04:41.702+06:00  INFO 577218 --- [pangochain-backend] [io-8080-exec-10] c.p.backend.document.DocumentService     : ACL check: Layer1=PASS Layer2=PASS doc=7eb7b50a-21ec-4f40-a48a-98cccaa8f738 user=bench@pangochain.test
2026-07-31T21:04:41.702+06:00  INFO 577218 --- [pangochain-backend] [io-8080-exec-20] c.p.backend.document.DocumentService     : ACL check: Layer1=PASS Layer2=PASS doc=7eb7b50a-21ec-4f40-a48a-98cccaa8f738 user=bench@pangochain.test
2026-07-31T21:04:41.702+06:00  INFO 577218 --- [pangochain-backend] [nio-8080-exec-9] c.p.backend.document.DocumentService     : ACL check: Layer1=PASS Layer2=PASS doc=7eb7b50a-21ec-4f40-a48a-98cccaa8f738 user=bench@pangochain.test
2026-07-31T21:04:41.702+06:00  INFO 577218 --- [pangochain-backend] [io-8080-exec-15] c.p.backend.document.DocumentService     : ACL check: Layer1=PASS Layer2=PASS doc=7eb7b50a-21ec-4f40-a48a-98cccaa8f738 user=bench@pangochain.test
2026-07-31T21:04:41.704+06:00  INFO 577218 --- [pangochain-backend] [nio-8080-exec-7] c.pangochain.backend.ipfs.IpfsService    : Fetched 780 bytes from primary IPFS CID=QmdMbyBpoGFK1mURYDVGnjQ4AkNoJfnaBed6stWNVYy8rq
2026-07-31T21:04:41.704+06:00  INFO 577218 --- [pangochain-backend] [io-8080-exec-20] c.pangochain.backend.ipfs.IpfsService    : Fetched 780 bytes from primary IPFS CID=QmdMbyBpoGFK1mURYDVGnjQ4AkNoJfnaBed6stWNVYy8rq
2026-07-31T21:04:41.704+06:00  INFO 577218 --- [pangochain-backend] [nio-8080-exec-1] c.pangochain.backend.ipfs.IpfsService    : Fetched 780 bytes from primary IPFS CID=QmdMbyBpoGFK1mURYDVGnjQ4AkNoJfnaBed6stWNVYy8rq
2026-07-31T21:04:41.704+06:00  INFO 577218 --- [pangochain-backend] [nio-8080-exec-9] c.pangochain.backend.ipfs.IpfsService    : Fetched 780 bytes from primary IPFS CID=QmdMbyBpoGFK1mURYDVGnjQ4AkNoJfnaBed6stWNVYy8rq
2026-07-31T21:04:41.704+06:00  INFO 577218 --- [pangochain-backend] [io-8080-exec-12] c.pangochain.backend.ipfs.IpfsService    : Fetched 780 bytes from primary IPFS CID=QmdMbyBpoGFK1mURYDVGnjQ4AkNoJfnaBed6stWNVYy8rq
2026-07-31T21:04:41.704+06:00  INFO 577218 --- [pangochain-backend] [nio-8080-exec-2] c.p.backend.document.DocumentService     : ACL check: Layer1=PASS Layer2=PASS doc=7eb7b50a-21ec-4f40-a48a-98cccaa8f738 user=bench@pangochain.test
2026-07-31T21:04:41.704+06:00  INFO 577218 --- [pangochain-backend] [io-8080-exec-10] c.pangochain.backend.ipfs.IpfsService    : Fetched 780 bytes from primary IPFS CID=QmdMbyBpoGFK1mURYDVGnjQ4AkNoJfnaBed6stWNVYy8rq
2026-07-31T21:04:41.704+06:00  INFO 577218 --- [pangochain-backend] [io-8080-exec-15] c.pangochain.backend.ipfs.IpfsService    : Fetched 780 bytes from primary IPFS CID=QmdMbyBpoGFK1mURYDVGnjQ4AkNoJfnaBed6stWNVYy8rq
2026-07-31T21:04:41.704+06:00  INFO 577218 --- [pangochain-backend] [io-8080-exec-17] c.pangochain.backend.ipfs.IpfsService    : Fetched 780 bytes from primary IPFS CID=QmdMbyBpoGFK1mURYDVGnjQ4AkNoJfnaBed6stWNVYy8rq
2026-07-31T21:04:41.704+06:00  INFO 577218 --- [pangochain-backend] [io-8080-exec-13] c.p.backend.document.DocumentService     : ACL check: Layer1=PASS Layer2=PASS doc=7eb7b50a-21ec-4f40-a48a-98cccaa8f738 user=bench@pangochain.test
2026-07-31T21:04:41.706+06:00  INFO 577218 --- [pangochain-backend] [io-8080-exec-13] c.pangochain.backend.ipfs.IpfsService    : Fetched 780 bytes from primary IPFS CID=QmdMbyBpoGFK1mURYDVGnjQ4AkNoJfnaBed6stWNVYy8rq
2026-07-31T21:04:41.706+06:00  INFO 577218 --- [pangochain-backend] [nio-8080-exec-2] c.pangochain.backend.ipfs.IpfsService    : Fetched 780 bytes from primary IPFS CID=QmdMbyBpoGFK1mURYDVGnjQ4AkNoJfnaBed6stWNVYy8rq
2026-07-31T21:04:41.714+06:00  INFO 577218 --- [pangochain-backend] [nio-8080-exec-5] c.p.backend.document.DocumentService     : ACL check: Layer1=PASS Layer2=PASS doc=7eb7b50a-21ec-4f40-a48a-98cccaa8f738 user=bench@pangochain.test
2026-07-31T21:04:41.714+06:00  INFO 577218 --- [pangochain-backend] [nio-8080-exec-3] c.p.backend.document.DocumentService     : ACL check: Layer1=PASS Layer2=PASS doc=7eb7b50a-21ec-4f40-a48a-98cccaa8f738 user=bench@pangochain.test
2026-07-31T21:04:41.714+06:00  INFO 577218 --- [pangochain-backend] [io-8080-exec-14] c.p.backend.document.DocumentService     : ACL check: Layer1=PASS Layer2=PASS doc=7eb7b50a-21ec-4f40-a48a-98cccaa8f738 user=bench@pangochain.test
2026-07-31T21:04:41.714+06:00  INFO 577218 --- [pangochain-backend] [io-8080-exec-16] c.p.backend.document.DocumentService     : ACL check: Layer1=PASS Layer2=PASS doc=7eb7b50a-21ec-4f40-a48a-98cccaa8f738 user=bench@pangochain.test
2026-07-31T21:04:41.715+06:00  INFO 577218 --- [pangochain-backend] [io-8080-exec-11] c.p.backend.document.DocumentService     : ACL check: Layer1=PASS Layer2=PASS doc=7eb7b50a-21ec-4f40-a48a-98cccaa8f738 user=bench@pangochain.test
2026-07-31T21:04:41.715+06:00  INFO 577218 --- [pangochain-backend] [nio-8080-exec-8] c.p.backend.document.DocumentService     : ACL check: Layer1=PASS Layer2=PASS doc=7eb7b50a-21ec-4f40-a48a-98cccaa8f738 user=bench@pangochain.test
2026-07-31T21:04:41.715+06:00  INFO 577218 --- [pangochain-backend] [nio-8080-exec-6] c.p.backend.document.DocumentService     : ACL check: Layer1=PASS Layer2=PASS doc=7eb7b50a-21ec-4f40-a48a-98cccaa8f738 user=bench@pangochain.test
2026-07-31T21:04:41.715+06:00  INFO 577218 --- [pangochain-backend] [nio-8080-exec-4] c.p.backend.document.DocumentService     : ACL check: Layer1=PASS Layer2=PASS doc=7eb7b50a-21ec-4f40-a48a-98cccaa8f738 user=bench@pangochain.test
2026-07-31T21:04:41.715+06:00  INFO 577218 --- [pangochain-backend] [io-8080-exec-18] c.p.backend.document.DocumentService     : ACL check: Layer1=PASS Layer2=PASS doc=7eb7b50a-21ec-4f40-a48a-98cccaa8f738 user=bench@pangochain.test
2026-07-31T21:04:41.715+06:00  INFO 577218 --- [pangochain-backend] [io-8080-exec-19] c.p.backend.document.DocumentService     : ACL check: Layer1=PASS Layer2=PASS doc=7eb7b50a-21ec-4f40-a48a-98cccaa8f738 user=bench@pangochain.test
2026-07-31T21:04:41.716+06:00  INFO 577218 --- [pangochain-backend] [nio-8080-exec-3] c.pangochain.backend.ipfs.IpfsService    : Fetched 780 bytes from primary IPFS CID=QmdMbyBpoGFK1mURYDVGnjQ4AkNoJfnaBed6stWNVYy8rq
2026-07-31T21:04:41.716+06:00  INFO 577218 --- [pangochain-backend] [io-8080-exec-16] c.pangochain.backend.ipfs.IpfsService    : Fetched 780 bytes from primary IPFS CID=QmdMbyBpoGFK1mURYDVGnjQ4AkNoJfnaBed6stWNVYy8rq
2026-07-31T21:04:41.716+06:00  INFO 577218 --- [pangochain-backend] [io-8080-exec-14] c.pangochain.backend.ipfs.IpfsService    : Fetched 780 bytes from primary IPFS CID=QmdMbyBpoGFK1mURYDVGnjQ4AkNoJfnaBed6stWNVYy8rq
2026-07-31T21:04:41.716+06:00  INFO 577218 --- [pangochain-backend] [nio-8080-exec-5] c.pangochain.backend.ipfs.IpfsService    : Fetched 780 bytes from primary IPFS CID=QmdMbyBpoGFK1mURYDVGnjQ4AkNoJfnaBed6stWNVYy8rq
2026-07-31T21:04:41.717+06:00  INFO 577218 --- [pangochain-backend] [io-8080-exec-18] c.pangochain.backend.ipfs.IpfsService    : Fetched 780 bytes from primary IPFS CID=QmdMbyBpoGFK1mURYDVGnjQ4AkNoJfnaBed6stWNVYy8rq
2026-07-31T21:04:41.717+06:00  INFO 577218 --- [pangochain-backend] [nio-8080-exec-8] c.pangochain.backend.ipfs.IpfsService    : Fetched 780 bytes from primary IPFS CID=QmdMbyBpoGFK1mURYDVGnjQ4AkNoJfnaBed6stWNVYy8rq
2026-07-31T21:04:41.717+06:00  INFO 577218 --- [pangochain-backend] [nio-8080-exec-4] c.pangochain.backend.ipfs.IpfsService    : Fetched 780 bytes from primary IPFS CID=QmdMbyBpoGFK1mURYDVGnjQ4AkNoJfnaBed6stWNVYy8rq
2026-07-31T21:04:41.717+06:00  INFO 577218 --- [pangochain-backend] [io-8080-exec-11] c.pangochain.backend.ipfs.IpfsService    : Fetched 780 bytes from primary IPFS CID=QmdMbyBpoGFK1mURYDVGnjQ4AkNoJfnaBed6stWNVYy8rq
2026-07-31T21:04:41.717+06:00  INFO 577218 --- [pangochain-backend] [nio-8080-exec-6] c.pangochain.backend.ipfs.IpfsService    : Fetched 780 bytes from primary IPFS CID=QmdMbyBpoGFK1mURYDVGnjQ4AkNoJfnaBed6stWNVYy8rq
2026-07-31T21:04:41.717+06:00  INFO 577218 --- [pangochain-backend] [io-8080-exec-19] c.pangochain.backend.ipfs.IpfsService    : Fetched 780 bytes from primary IPFS CID=QmdMbyBpoGFK1mURYDVGnjQ4AkNoJfnaBed6stWNVYy8rq
2026-07-31T21:04:41.728+06:00  INFO 577218 --- [pangochain-backend] [nio-8080-exec-1] c.p.backend.document.DocumentService     : ACL check: Layer1=PASS Layer2=PASS doc=7eb7b50a-21ec-4f40-a48a-98cccaa8f738 user=bench@pangochain.test
2026-07-31T21:04:41.728+06:00  INFO 577218 --- [pangochain-backend] [io-8080-exec-20] c.p.backend.document.DocumentService     : ACL check: Layer1=PASS Layer2=PASS doc=7eb7b50a-21ec-4f40-a48a-98cccaa8f738 user=bench@pangochain.test
2026-07-31T21:04:41.728+06:00  INFO 577218 --- [pangochain-backend] [io-8080-exec-17] c.p.backend.document.DocumentService     : ACL check: Layer1=PASS Layer2=PASS doc=7eb7b50a-21ec-4f40-a48a-98cccaa8f738 user=bench@pangochain.test
2026-07-31T21:04:41.729+06:00  INFO 577218 --- [pangochain-backend] [nio-8080-exec-7] c.p.backend.document.DocumentService     : ACL check: Layer1=PASS Layer2=PASS doc=7eb7b50a-21ec-4f40-a48a-98cccaa8f738 user=bench@pangochain.test
2026-07-31T21:04:41.729+06:00  INFO 577218 --- [pangochain-backend] [nio-8080-exec-9] c.p.backend.document.DocumentService     : ACL check: Layer1=PASS Layer2=PASS doc=7eb7b50a-21ec-4f40-a48a-98cccaa8f738 user=bench@pangochain.test
2026-07-31T21:04:41.729+06:00  INFO 577218 --- [pangochain-backend] [io-8080-exec-13] c.p.backend.document.DocumentService     : ACL check: Layer1=PASS Layer2=PASS doc=7eb7b50a-21ec-4f40-a48a-98cccaa8f738 user=bench@pangochain.test
2026-07-31T21:04:41.730+06:00  INFO 577218 --- [pangochain-backend] [io-8080-exec-15] c.p.backend.document.DocumentService     : ACL check: Layer1=PASS Layer2=PASS doc=7eb7b50a-21ec-4f40-a48a-98cccaa8f738 user=bench@pangochain.test
2026-07-31T21:04:41.730+06:00  INFO 577218 --- [pangochain-backend] [io-8080-exec-20] c.pangochain.backend.ipfs.IpfsService    : Fetched 780 bytes from primary IPFS CID=QmdMbyBpoGFK1mURYDVGnjQ4AkNoJfnaBed6stWNVYy8rq
2026-07-31T21:04:41.730+06:00  INFO 577218 --- [pangochain-backend] [io-8080-exec-12] c.p.backend.document.DocumentService     : ACL check: Layer1=PASS Layer2=PASS doc=7eb7b50a-21ec-4f40-a48a-98cccaa8f738 user=bench@pangochain.test
2026-07-31T21:04:41.730+06:00  INFO 577218 --- [pangochain-backend] [io-8080-exec-17] c.pangochain.backend.ipfs.IpfsService    : Fetched 780 bytes from primary IPFS CID=QmdMbyBpoGFK1mURYDVGnjQ4AkNoJfnaBed6stWNVYy8rq
2026-07-31T21:04:41.731+06:00  INFO 577218 --- [pangochain-backend] [nio-8080-exec-1] c.pangochain.backend.ipfs.IpfsService    : Fetched 780 bytes from primary IPFS CID=QmdMbyBpoGFK1mURYDVGnjQ4AkNoJfnaBed6stWNVYy8rq
2026-07-31T21:04:41.732+06:00  INFO 577218 --- [pangochain-backend] [nio-8080-exec-9] c.pangochain.backend.ipfs.IpfsService    : Fetched 780 bytes from primary IPFS CID=QmdMbyBpoGFK1mURYDVGnjQ4AkNoJfnaBed6stWNVYy8rq
2026-07-31T21:04:41.732+06:00  INFO 577218 --- [pangochain-backend] [io-8080-exec-15] c.pangochain.backend.ipfs.IpfsService    : Fetched 780 bytes from primary IPFS CID=QmdMbyBpoGFK1mURYDVGnjQ4AkNoJfnaBed6stWNVYy8rq
2026-07-31T21:04:41.732+06:00  INFO 577218 --- [pangochain-backend] [io-8080-exec-12] c.pangochain.backend.ipfs.IpfsService    : Fetched 780 bytes from primary IPFS CID=QmdMbyBpoGFK1mURYDVGnjQ4AkNoJfnaBed6stWNVYy8rq
2026-07-31T21:04:41.732+06:00  INFO 577218 --- [pangochain-backend] [nio-8080-exec-7] c.pangochain.backend.ipfs.IpfsService    : Fetched 780 bytes from primary IPFS CID=QmdMbyBpoGFK1mURYDVGnjQ4AkNoJfnaBed6stWNVYy8rq
2026-07-31T21:04:41.732+06:00  INFO 577218 --- [pangochain-backend] [io-8080-exec-13] c.pangochain.backend.ipfs.IpfsService    : Fetched 780 bytes from primary IPFS CID=QmdMbyBpoGFK1mURYDVGnjQ4AkNoJfnaBed6stWNVYy8rq
2026-07-31T21:04:41.733+06:00  INFO 577218 --- [pangochain-backend] [nio-8080-exec-2] c.p.backend.document.DocumentService     : ACL check: Layer1=PASS Layer2=PASS doc=7eb7b50a-21ec-4f40-a48a-98cccaa8f738 user=bench@pangochain.test
2026-07-31T21:04:41.733+06:00  INFO 577218 --- [pangochain-backend] [io-8080-exec-10] c.p.backend.document.DocumentService     : ACL check: Layer1=PASS Layer2=PASS doc=7eb7b50a-21ec-4f40-a48a-98cccaa8f738 user=bench@pangochain.test
2026-07-31T21:04:41.735+06:00  INFO 577218 --- [pangochain-backend] [io-8080-exec-10] c.pangochain.backend.ipfs.IpfsService    : Fetched 780 bytes from primary IPFS CID=QmdMbyBpoGFK1mURYDVGnjQ4AkNoJfnaBed6stWNVYy8rq
2026-07-31T21:04:41.735+06:00  INFO 577218 --- [pangochain-backend] [nio-8080-exec-2] c.pangochain.backend.ipfs.IpfsService    : Fetched 780 bytes from primary IPFS CID=QmdMbyBpoGFK1mURYDVGnjQ4AkNoJfnaBed6stWNVYy8rq
2026-07-31T21:04:41.742+06:00  INFO 577218 --- [pangochain-backend] [io-8080-exec-15] c.p.backend.document.DocumentService     : ACL check: Layer1=PASS Layer2=PASS doc=7eb7b50a-21ec-4f40-a48a-98cccaa8f738 user=bench@pangochain.test
2026-07-31T21:04:41.742+06:00  INFO 577218 --- [pangochain-backend] [nio-8080-exec-1] c.p.backend.document.DocumentService     : ACL check: Layer1=PASS Layer2=PASS doc=7eb7b50a-21ec-4f40-a48a-98cccaa8f738 user=bench@pangochain.test
2026-07-31T21:04:41.742+06:00  INFO 577218 --- [pangochain-backend] [nio-8080-exec-5] c.p.backend.document.DocumentService     : ACL check: Layer1=PASS Layer2=PASS doc=7eb7b50a-21ec-4f40-a48a-98cccaa8f738 user=bench@pangochain.test
2026-07-31T21:04:41.742+06:00  INFO 577218 --- [pangochain-backend] [io-8080-exec-18] c.p.backend.document.DocumentService     : ACL check: Layer1=PASS Layer2=PASS doc=7eb7b50a-21ec-4f40-a48a-98cccaa8f738 user=bench@pangochain.test
2026-07-31T21:04:41.742+06:00  INFO 577218 --- [pangochain-backend] [nio-8080-exec-8] c.p.backend.document.DocumentService     : ACL check: Layer1=PASS Layer2=PASS doc=7eb7b50a-21ec-4f40-a48a-98cccaa8f738 user=bench@pangochain.test
2026-07-31T21:04:41.743+06:00  INFO 577218 --- [pangochain-backend] [io-8080-exec-16] c.p.backend.document.DocumentService     : ACL check: Layer1=PASS Layer2=PASS doc=7eb7b50a-21ec-4f40-a48a-98cccaa8f738 user=bench@pangochain.test
2026-07-31T21:04:41.743+06:00  INFO 577218 --- [pangochain-backend] [nio-8080-exec-6] c.p.backend.document.DocumentService     : ACL check: Layer1=PASS Layer2=PASS doc=7eb7b50a-21ec-4f40-a48a-98cccaa8f738 user=bench@pangochain.test
2026-07-31T21:04:41.743+06:00  INFO 577218 --- [pangochain-backend] [io-8080-exec-11] c.p.backend.document.DocumentService     : ACL check: Layer1=PASS Layer2=PASS doc=7eb7b50a-21ec-4f40-a48a-98cccaa8f738 user=bench@pangochain.test
2026-07-31T21:04:41.744+06:00  INFO 577218 --- [pangochain-backend] [nio-8080-exec-4] c.p.backend.document.DocumentService     : ACL check: Layer1=PASS Layer2=PASS doc=7eb7b50a-21ec-4f40-a48a-98cccaa8f738 user=bench@pangochain.test
2026-07-31T21:04:41.744+06:00  INFO 577218 --- [pangochain-backend] [io-8080-exec-15] c.pangochain.backend.ipfs.IpfsService    : Fetched 780 bytes from primary IPFS CID=QmdMbyBpoGFK1mURYDVGnjQ4AkNoJfnaBed6stWNVYy8rq
2026-07-31T21:04:41.744+06:00  INFO 577218 --- [pangochain-backend] [nio-8080-exec-5] c.pangochain.backend.ipfs.IpfsService    : Fetched 780 bytes from primary IPFS CID=QmdMbyBpoGFK1mURYDVGnjQ4AkNoJfnaBed6stWNVYy8rq
2026-07-31T21:04:41.745+06:00  INFO 577218 --- [pangochain-backend] [nio-8080-exec-8] c.pangochain.backend.ipfs.IpfsService    : Fetched 780 bytes from primary IPFS CID=QmdMbyBpoGFK1mURYDVGnjQ4AkNoJfnaBed6stWNVYy8rq
2026-07-31T21:04:41.745+06:00  INFO 577218 --- [pangochain-backend] [nio-8080-exec-6] c.pangochain.backend.ipfs.IpfsService    : Fetched 780 bytes from primary IPFS CID=QmdMbyBpoGFK1mURYDVGnjQ4AkNoJfnaBed6stWNVYy8rq
2026-07-31T21:04:41.745+06:00  INFO 577218 --- [pangochain-backend] [io-8080-exec-16] c.pangochain.backend.ipfs.IpfsService    : Fetched 780 bytes from primary IPFS CID=QmdMbyBpoGFK1mURYDVGnjQ4AkNoJfnaBed6stWNVYy8rq
2026-07-31T21:04:41.744+06:00  INFO 577218 --- [pangochain-backend] [io-8080-exec-19] c.p.backend.document.DocumentService     : ACL check: Layer1=PASS Layer2=PASS doc=7eb7b50a-21ec-4f40-a48a-98cccaa8f738 user=bench@pangochain.test
2026-07-31T21:04:41.744+06:00  INFO 577218 --- [pangochain-backend] [nio-8080-exec-1] c.pangochain.backend.ipfs.IpfsService    : Fetched 780 bytes from primary IPFS CID=QmdMbyBpoGFK1mURYDVGnjQ4AkNoJfnaBed6stWNVYy8rq
2026-07-31T21:04:41.745+06:00  INFO 577218 --- [pangochain-backend] [io-8080-exec-18] c.pangochain.backend.ipfs.IpfsService    : Fetched 780 bytes from primary IPFS CID=QmdMbyBpoGFK1mURYDVGnjQ4AkNoJfnaBed6stWNVYy8rq
2026-07-31T21:04:41.745+06:00  INFO 577218 --- [pangochain-backend] [io-8080-exec-11] c.pangochain.backend.ipfs.IpfsService    : Fetched 780 bytes from primary IPFS CID=QmdMbyBpoGFK1mURYDVGnjQ4AkNoJfnaBed6stWNVYy8rq
2026-07-31T21:04:41.745+06:00  INFO 577218 --- [pangochain-backend] [nio-8080-exec-4] c.pangochain.backend.ipfs.IpfsService    : Fetched 780 bytes from primary IPFS CID=QmdMbyBpoGFK1mURYDVGnjQ4AkNoJfnaBed6stWNVYy8rq
2026-07-31T21:04:41.746+06:00  INFO 577218 --- [pangochain-backend] [io-8080-exec-19] c.pangochain.backend.ipfs.IpfsService    : Fetched 780 bytes from primary IPFS CID=QmdMbyBpoGFK1mURYDVGnjQ4AkNoJfnaBed6stWNVYy8rq
2026-07-31T21:04:41.756+06:00  INFO 577218 --- [pangochain-backend] [io-8080-exec-12] c.p.backend.document.DocumentService     : ACL check: Layer1=PASS Layer2=PASS doc=7eb7b50a-21ec-4f40-a48a-98cccaa8f738 user=bench@pangochain.test
2026-07-31T21:04:41.756+06:00  INFO 577218 --- [pangochain-backend] [io-8080-exec-20] c.p.backend.document.DocumentService     : ACL check: Layer1=PASS Layer2=PASS doc=7eb7b50a-21ec-4f40-a48a-98cccaa8f738 user=bench@pangochain.test
2026-07-31T21:04:41.756+06:00  INFO 577218 --- [pangochain-backend] [nio-8080-exec-3] c.p.backend.document.DocumentService     : ACL check: Layer1=PASS Layer2=PASS doc=7eb7b50a-21ec-4f40-a48a-98cccaa8f738 user=bench@pangochain.test
2026-07-31T21:04:41.756+06:00  INFO 577218 --- [pangochain-backend] [io-8080-exec-17] c.p.backend.document.DocumentService     : ACL check: Layer1=PASS Layer2=PASS doc=7eb7b50a-21ec-4f40-a48a-98cccaa8f738 user=bench@pangochain.test
2026-07-31T21:04:41.756+06:00  INFO 577218 --- [pangochain-backend] [io-8080-exec-14] c.p.backend.document.DocumentService     : ACL check: Layer1=PASS Layer2=PASS doc=7eb7b50a-21ec-4f40-a48a-98cccaa8f738 user=bench@pangochain.test
2026-07-31T21:04:41.758+06:00  INFO 577218 --- [pangochain-backend] [nio-8080-exec-2] c.p.backend.document.DocumentService     : ACL check: Layer1=PASS Layer2=PASS doc=7eb7b50a-21ec-4f40-a48a-98cccaa8f738 user=bench@pangochain.test
2026-07-31T21:04:41.758+06:00  INFO 577218 --- [pangochain-backend] [nio-8080-exec-7] c.p.backend.document.DocumentService     : ACL check: Layer1=PASS Layer2=PASS doc=7eb7b50a-21ec-4f40-a48a-98cccaa8f738 user=bench@pangochain.test
2026-07-31T21:04:41.758+06:00  INFO 577218 --- [pangochain-backend] [nio-8080-exec-9] c.p.backend.document.DocumentService     : ACL check: Layer1=PASS Layer2=PASS doc=7eb7b50a-21ec-4f40-a48a-98cccaa8f738 user=bench@pangochain.test
2026-07-31T21:04:41.758+06:00  INFO 577218 --- [pangochain-backend] [io-8080-exec-14] c.pangochain.backend.ipfs.IpfsService    : Fetched 780 bytes from primary IPFS CID=QmdMbyBpoGFK1mURYDVGnjQ4AkNoJfnaBed6stWNVYy8rq
2026-07-31T21:04:41.758+06:00  INFO 577218 --- [pangochain-backend] [io-8080-exec-20] c.pangochain.backend.ipfs.IpfsService    : Fetched 780 bytes from primary IPFS CID=QmdMbyBpoGFK1mURYDVGnjQ4AkNoJfnaBed6stWNVYy8rq
2026-07-31T21:04:41.758+06:00  INFO 577218 --- [pangochain-backend] [io-8080-exec-17] c.pangochain.backend.ipfs.IpfsService    : Fetched 780 bytes from primary IPFS CID=QmdMbyBpoGFK1mURYDVGnjQ4AkNoJfnaBed6stWNVYy8rq
2026-07-31T21:04:41.758+06:00  INFO 577218 --- [pangochain-backend] [io-8080-exec-13] c.p.backend.document.DocumentService     : ACL check: Layer1=PASS Layer2=PASS doc=7eb7b50a-21ec-4f40-a48a-98cccaa8f738 user=bench@pangochain.test
2026-07-31T21:04:41.758+06:00  INFO 577218 --- [pangochain-backend] [io-8080-exec-10] c.p.backend.document.DocumentService     : ACL check: Layer1=PASS Layer2=PASS doc=7eb7b50a-21ec-4f40-a48a-98cccaa8f738 user=bench@pangochain.test
2026-07-31T21:04:41.758+06:00  INFO 577218 --- [pangochain-backend] [io-8080-exec-12] c.pangochain.backend.ipfs.IpfsService    : Fetched 780 bytes from primary IPFS CID=QmdMbyBpoGFK1mURYDVGnjQ4AkNoJfnaBed6stWNVYy8rq
2026-07-31T21:04:41.759+06:00  INFO 577218 --- [pangochain-backend] [nio-8080-exec-2] c.pangochain.backend.ipfs.IpfsService    : Fetched 780 bytes from primary IPFS CID=QmdMbyBpoGFK1mURYDVGnjQ4AkNoJfnaBed6stWNVYy8rq
2026-07-31T21:04:41.759+06:00  INFO 577218 --- [pangochain-backend] [nio-8080-exec-3] c.pangochain.backend.ipfs.IpfsService    : Fetched 780 bytes from primary IPFS CID=QmdMbyBpoGFK1mURYDVGnjQ4AkNoJfnaBed6stWNVYy8rq
2026-07-31T21:04:41.759+06:00  INFO 577218 --- [pangochain-backend] [nio-8080-exec-7] c.pangochain.backend.ipfs.IpfsService    : Fetched 780 bytes from primary IPFS CID=QmdMbyBpoGFK1mURYDVGnjQ4AkNoJfnaBed6stWNVYy8rq
2026-07-31T21:04:41.760+06:00  INFO 577218 --- [pangochain-backend] [io-8080-exec-13] c.pangochain.backend.ipfs.IpfsService    : Fetched 780 bytes from primary IPFS CID=QmdMbyBpoGFK1mURYDVGnjQ4AkNoJfnaBed6stWNVYy8rq
2026-07-31T21:04:41.760+06:00  INFO 577218 --- [pangochain-backend] [nio-8080-exec-9] c.pangochain.backend.ipfs.IpfsService    : Fetched 780 bytes from primary IPFS CID=QmdMbyBpoGFK1mURYDVGnjQ4AkNoJfnaBed6stWNVYy8rq
2026-07-31T21:04:41.760+06:00  INFO 577218 --- [pangochain-backend] [io-8080-exec-10] c.pangochain.backend.ipfs.IpfsService    : Fetched 780 bytes from primary IPFS CID=QmdMbyBpoGFK1mURYDVGnjQ4AkNoJfnaBed6stWNVYy8rq
2026-07-31T21:04:41.770+06:00  INFO 577218 --- [pangochain-backend] [io-8080-exec-18] c.p.backend.document.DocumentService     : ACL check: Layer1=PASS Layer2=PASS doc=7eb7b50a-21ec-4f40-a48a-98cccaa8f738 user=bench@pangochain.test
2026-07-31T21:04:41.770+06:00  INFO 577218 --- [pangochain-backend] [io-8080-exec-19] c.p.backend.document.DocumentService     : ACL check: Layer1=PASS Layer2=PASS doc=7eb7b50a-21ec-4f40-a48a-98cccaa8f738 user=bench@pangochain.test
2026-07-31T21:04:41.770+06:00  INFO 577218 --- [pangochain-backend] [nio-8080-exec-6] c.p.backend.document.DocumentService     : ACL check: Layer1=PASS Layer2=PASS doc=7eb7b50a-21ec-4f40-a48a-98cccaa8f738 user=bench@pangochain.test
2026-07-31T21:04:41.770+06:00  INFO 577218 --- [pangochain-backend] [nio-8080-exec-8] c.p.backend.document.DocumentService     : ACL check: Layer1=PASS Layer2=PASS doc=7eb7b50a-21ec-4f40-a48a-98cccaa8f738 user=bench@pangochain.test
2026-07-31T21:04:41.771+06:00  INFO 577218 --- [pangochain-backend] [io-8080-exec-11] c.p.backend.document.DocumentService     : ACL check: Layer1=PASS Layer2=PASS doc=7eb7b50a-21ec-4f40-a48a-98cccaa8f738 user=bench@pangochain.test
2026-07-31T21:04:41.771+06:00  INFO 577218 --- [pangochain-backend] [nio-8080-exec-5] c.p.backend.document.DocumentService     : ACL check: Layer1=PASS Layer2=PASS doc=7eb7b50a-21ec-4f40-a48a-98cccaa8f738 user=bench@pangochain.test
2026-07-31T21:04:41.771+06:00  INFO 577218 --- [pangochain-backend] [io-8080-exec-16] c.p.backend.document.DocumentService     : ACL check: Layer1=PASS Layer2=PASS doc=7eb7b50a-21ec-4f40-a48a-98cccaa8f738 user=bench@pangochain.test
2026-07-31T21:04:41.771+06:00  INFO 577218 --- [pangochain-backend] [io-8080-exec-15] c.p.backend.document.DocumentService     : ACL check: Layer1=PASS Layer2=PASS doc=7eb7b50a-21ec-4f40-a48a-98cccaa8f738 user=bench@pangochain.test
2026-07-31T21:04:41.771+06:00  INFO 577218 --- [pangochain-backend] [nio-8080-exec-4] c.p.backend.document.DocumentService     : ACL check: Layer1=PASS Layer2=PASS doc=7eb7b50a-21ec-4f40-a48a-98cccaa8f738 user=bench@pangochain.test
2026-07-31T21:04:41.771+06:00  INFO 577218 --- [pangochain-backend] [nio-8080-exec-1] c.p.backend.document.DocumentService     : ACL check: Layer1=PASS Layer2=PASS doc=7eb7b50a-21ec-4f40-a48a-98cccaa8f738 user=bench@pangochain.test
2026-07-31T21:04:41.772+06:00  INFO 577218 --- [pangochain-backend] [io-8080-exec-18] c.pangochain.backend.ipfs.IpfsService    : Fetched 780 bytes from primary IPFS CID=QmdMbyBpoGFK1mURYDVGnjQ4AkNoJfnaBed6stWNVYy8rq
2026-07-31T21:04:41.772+06:00  INFO 577218 --- [pangochain-backend] [io-8080-exec-19] c.pangochain.backend.ipfs.IpfsService    : Fetched 780 bytes from primary IPFS CID=QmdMbyBpoGFK1mURYDVGnjQ4AkNoJfnaBed6stWNVYy8rq
2026-07-31T21:04:41.772+06:00  INFO 577218 --- [pangochain-backend] [nio-8080-exec-8] c.pangochain.backend.ipfs.IpfsService    : Fetched 780 bytes from primary IPFS CID=QmdMbyBpoGFK1mURYDVGnjQ4AkNoJfnaBed6stWNVYy8rq
2026-07-31T21:04:41.772+06:00  INFO 577218 --- [pangochain-backend] [nio-8080-exec-6] c.pangochain.backend.ipfs.IpfsService    : Fetched 780 bytes from primary IPFS CID=QmdMbyBpoGFK1mURYDVGnjQ4AkNoJfnaBed6stWNVYy8rq
2026-07-31T21:04:41.772+06:00  INFO 577218 --- [pangochain-backend] [io-8080-exec-16] c.pangochain.backend.ipfs.IpfsService    : Fetched 780 bytes from primary IPFS CID=QmdMbyBpoGFK1mURYDVGnjQ4AkNoJfnaBed6stWNVYy8rq
2026-07-31T21:04:41.772+06:00  INFO 577218 --- [pangochain-backend] [nio-8080-exec-4] c.pangochain.backend.ipfs.IpfsService    : Fetched 780 bytes from primary IPFS CID=QmdMbyBpoGFK1mURYDVGnjQ4AkNoJfnaBed6stWNVYy8rq
2026-07-31T21:04:41.772+06:00  INFO 577218 --- [pangochain-backend] [io-8080-exec-11] c.pangochain.backend.ipfs.IpfsService    : Fetched 780 bytes from primary IPFS CID=QmdMbyBpoGFK1mURYDVGnjQ4AkNoJfnaBed6stWNVYy8rq
2026-07-31T21:04:41.773+06:00  INFO 577218 --- [pangochain-backend] [nio-8080-exec-5] c.pangochain.backend.ipfs.IpfsService    : Fetched 780 bytes from primary IPFS CID=QmdMbyBpoGFK1mURYDVGnjQ4AkNoJfnaBed6stWNVYy8rq
2026-07-31T21:04:41.773+06:00  INFO 577218 --- [pangochain-backend] [nio-8080-exec-1] c.pangochain.backend.ipfs.IpfsService    : Fetched 780 bytes from primary IPFS CID=QmdMbyBpoGFK1mURYDVGnjQ4AkNoJfnaBed6stWNVYy8rq
2026-07-31T21:04:41.773+06:00  INFO 577218 --- [pangochain-backend] [io-8080-exec-15] c.pangochain.backend.ipfs.IpfsService    : Fetched 780 bytes from primary IPFS CID=QmdMbyBpoGFK1mURYDVGnjQ4AkNoJfnaBed6stWNVYy8rq
2026-07-31T21:04:41.783+06:00  INFO 577218 --- [pangochain-backend] [nio-8080-exec-2] c.p.backend.document.DocumentService     : ACL check: Layer1=PASS Layer2=PASS doc=7eb7b50a-21ec-4f40-a48a-98cccaa8f738 user=bench@pangochain.test
2026-07-31T21:04:41.783+06:00  INFO 577218 --- [pangochain-backend] [io-8080-exec-10] c.p.backend.document.DocumentService     : ACL check: Layer1=PASS Layer2=PASS doc=7eb7b50a-21ec-4f40-a48a-98cccaa8f738 user=bench@pangochain.test
2026-07-31T21:04:41.783+06:00  INFO 577218 --- [pangochain-backend] [nio-8080-exec-3] c.p.backend.document.DocumentService     : ACL check: Layer1=PASS Layer2=PASS doc=7eb7b50a-21ec-4f40-a48a-98cccaa8f738 user=bench@pangochain.test
2026-07-31T21:04:41.783+06:00  INFO 577218 --- [pangochain-backend] [nio-8080-exec-7] c.p.backend.document.DocumentService     : ACL check: Layer1=PASS Layer2=PASS doc=7eb7b50a-21ec-4f40-a48a-98cccaa8f738 user=bench@pangochain.test
2026-07-31T21:04:41.783+06:00  INFO 577218 --- [pangochain-backend] [io-8080-exec-20] c.p.backend.document.DocumentService     : ACL check: Layer1=PASS Layer2=PASS doc=7eb7b50a-21ec-4f40-a48a-98cccaa8f738 user=bench@pangochain.test
2026-07-31T21:04:41.783+06:00  INFO 577218 --- [pangochain-backend] [io-8080-exec-14] c.p.backend.document.DocumentService     : ACL check: Layer1=PASS Layer2=PASS doc=7eb7b50a-21ec-4f40-a48a-98cccaa8f738 user=bench@pangochain.test
2026-07-31T21:04:41.783+06:00  INFO 577218 --- [pangochain-backend] [io-8080-exec-12] c.p.backend.document.DocumentService     : ACL check: Layer1=PASS Layer2=PASS doc=7eb7b50a-21ec-4f40-a48a-98cccaa8f738 user=bench@pangochain.test
2026-07-31T21:04:41.783+06:00  INFO 577218 --- [pangochain-backend] [io-8080-exec-17] c.p.backend.document.DocumentService     : ACL check: Layer1=PASS Layer2=PASS doc=7eb7b50a-21ec-4f40-a48a-98cccaa8f738 user=bench@pangochain.test
2026-07-31T21:04:41.783+06:00  INFO 577218 --- [pangochain-backend] [nio-8080-exec-9] c.p.backend.document.DocumentService     : ACL check: Layer1=PASS Layer2=PASS doc=7eb7b50a-21ec-4f40-a48a-98cccaa8f738 user=bench@pangochain.test
2026-07-31T21:04:41.783+06:00  INFO 577218 --- [pangochain-backend] [io-8080-exec-13] c.p.backend.document.DocumentService     : ACL check: Layer1=PASS Layer2=PASS doc=7eb7b50a-21ec-4f40-a48a-98cccaa8f738 user=bench@pangochain.test
2026-07-31T21:04:41.785+06:00  INFO 577218 --- [pangochain-backend] [io-8080-exec-17] c.pangochain.backend.ipfs.IpfsService    : Fetched 780 bytes from primary IPFS CID=QmdMbyBpoGFK1mURYDVGnjQ4AkNoJfnaBed6stWNVYy8rq
2026-07-31T21:04:41.785+06:00  INFO 577218 --- [pangochain-backend] [io-8080-exec-20] c.pangochain.backend.ipfs.IpfsService    : Fetched 780 bytes from primary IPFS CID=QmdMbyBpoGFK1mURYDVGnjQ4AkNoJfnaBed6stWNVYy8rq
2026-07-31T21:04:41.785+06:00  INFO 577218 --- [pangochain-backend] [nio-8080-exec-2] c.pangochain.backend.ipfs.IpfsService    : Fetched 780 bytes from primary IPFS CID=QmdMbyBpoGFK1mURYDVGnjQ4AkNoJfnaBed6stWNVYy8rq
2026-07-31T21:04:41.785+06:00  INFO 577218 --- [pangochain-backend] [nio-8080-exec-3] c.pangochain.backend.ipfs.IpfsService    : Fetched 780 bytes from primary IPFS CID=QmdMbyBpoGFK1mURYDVGnjQ4AkNoJfnaBed6stWNVYy8rq
2026-07-31T21:04:41.785+06:00  INFO 577218 --- [pangochain-backend] [nio-8080-exec-7] c.pangochain.backend.ipfs.IpfsService    : Fetched 780 bytes from primary IPFS CID=QmdMbyBpoGFK1mURYDVGnjQ4AkNoJfnaBed6stWNVYy8rq
2026-07-31T21:04:41.785+06:00  INFO 577218 --- [pangochain-backend] [nio-8080-exec-9] c.pangochain.backend.ipfs.IpfsService    : Fetched 780 bytes from primary IPFS CID=QmdMbyBpoGFK1mURYDVGnjQ4AkNoJfnaBed6stWNVYy8rq
2026-07-31T21:04:41.785+06:00  INFO 577218 --- [pangochain-backend] [io-8080-exec-14] c.pangochain.backend.ipfs.IpfsService    : Fetched 780 bytes from primary IPFS CID=QmdMbyBpoGFK1mURYDVGnjQ4AkNoJfnaBed6stWNVYy8rq
2026-07-31T21:04:41.785+06:00  INFO 577218 --- [pangochain-backend] [io-8080-exec-12] c.pangochain.backend.ipfs.IpfsService    : Fetched 780 bytes from primary IPFS CID=QmdMbyBpoGFK1mURYDVGnjQ4AkNoJfnaBed6stWNVYy8rq
2026-07-31T21:04:41.785+06:00  INFO 577218 --- [pangochain-backend] [io-8080-exec-10] c.pangochain.backend.ipfs.IpfsService    : Fetched 780 bytes from primary IPFS CID=QmdMbyBpoGFK1mURYDVGnjQ4AkNoJfnaBed6stWNVYy8rq
2026-07-31T21:04:41.785+06:00  INFO 577218 --- [pangochain-backend] [io-8080-exec-13] c.pangochain.backend.ipfs.IpfsService    : Fetched 780 bytes from primary IPFS CID=QmdMbyBpoGFK1mURYDVGnjQ4AkNoJfnaBed6stWNVYy8rq
2026-07-31T21:04:41.795+06:00  INFO 577218 --- [pangochain-backend] [io-8080-exec-16] c.p.backend.document.DocumentService     : ACL check: Layer1=PASS Layer2=PASS doc=7eb7b50a-21ec-4f40-a48a-98cccaa8f738 user=bench@pangochain.test
2026-07-31T21:04:41.795+06:00  INFO 577218 --- [pangochain-backend] [io-8080-exec-18] c.p.backend.document.DocumentService     : ACL check: Layer1=PASS Layer2=PASS doc=7eb7b50a-21ec-4f40-a48a-98cccaa8f738 user=bench@pangochain.test
2026-07-31T21:04:41.795+06:00  INFO 577218 --- [pangochain-backend] [io-8080-exec-19] c.p.backend.document.DocumentService     : ACL check: Layer1=PASS Layer2=PASS doc=7eb7b50a-21ec-4f40-a48a-98cccaa8f738 user=bench@pangochain.test
2026-07-31T21:04:41.795+06:00  INFO 577218 --- [pangochain-backend] [nio-8080-exec-4] c.p.backend.document.DocumentService     : ACL check: Layer1=PASS Layer2=PASS doc=7eb7b50a-21ec-4f40-a48a-98cccaa8f738 user=bench@pangochain.test
2026-07-31T21:04:41.795+06:00  INFO 577218 --- [pangochain-backend] [nio-8080-exec-6] c.p.backend.document.DocumentService     : ACL check: Layer1=PASS Layer2=PASS doc=7eb7b50a-21ec-4f40-a48a-98cccaa8f738 user=bench@pangochain.test
2026-07-31T21:04:41.796+06:00  INFO 577218 --- [pangochain-backend] [nio-8080-exec-8] c.p.backend.document.DocumentService     : ACL check: Layer1=PASS Layer2=PASS doc=7eb7b50a-21ec-4f40-a48a-98cccaa8f738 user=bench@pangochain.test
2026-07-31T21:04:41.796+06:00  INFO 577218 --- [pangochain-backend] [io-8080-exec-11] c.p.backend.document.DocumentService     : ACL check: Layer1=PASS Layer2=PASS doc=7eb7b50a-21ec-4f40-a48a-98cccaa8f738 user=bench@pangochain.test
2026-07-31T21:04:41.796+06:00  INFO 577218 --- [pangochain-backend] [nio-8080-exec-1] c.p.backend.document.DocumentService     : ACL check: Layer1=PASS Layer2=PASS doc=7eb7b50a-21ec-4f40-a48a-98cccaa8f738 user=bench@pangochain.test
2026-07-31T21:04:41.797+06:00  INFO 577218 --- [pangochain-backend] [io-8080-exec-16] c.pangochain.backend.ipfs.IpfsService    : Fetched 780 bytes from primary IPFS CID=QmdMbyBpoGFK1mURYDVGnjQ4AkNoJfnaBed6stWNVYy8rq
2026-07-31T21:04:41.797+06:00  INFO 577218 --- [pangochain-backend] [nio-8080-exec-8] c.pangochain.backend.ipfs.IpfsService    : Fetched 780 bytes from primary IPFS CID=QmdMbyBpoGFK1mURYDVGnjQ4AkNoJfnaBed6stWNVYy8rq
2026-07-31T21:04:41.797+06:00  INFO 577218 --- [pangochain-backend] [nio-8080-exec-4] c.pangochain.backend.ipfs.IpfsService    : Fetched 780 bytes from primary IPFS CID=QmdMbyBpoGFK1mURYDVGnjQ4AkNoJfnaBed6stWNVYy8rq
2026-07-31T21:04:41.798+06:00  INFO 577218 --- [pangochain-backend] [io-8080-exec-18] c.pangochain.backend.ipfs.IpfsService    : Fetched 780 bytes from primary IPFS CID=QmdMbyBpoGFK1mURYDVGnjQ4AkNoJfnaBed6stWNVYy8rq
2026-07-31T21:04:41.798+06:00  INFO 577218 --- [pangochain-backend] [nio-8080-exec-6] c.pangochain.backend.ipfs.IpfsService    : Fetched 780 bytes from primary IPFS CID=QmdMbyBpoGFK1mURYDVGnjQ4AkNoJfnaBed6stWNVYy8rq
2026-07-31T21:04:41.798+06:00  INFO 577218 --- [pangochain-backend] [io-8080-exec-19] c.pangochain.backend.ipfs.IpfsService    : Fetched 780 bytes from primary IPFS CID=QmdMbyBpoGFK1mURYDVGnjQ4AkNoJfnaBed6stWNVYy8rq
2026-07-31T21:04:41.798+06:00  INFO 577218 --- [pangochain-backend] [nio-8080-exec-1] c.pangochain.backend.ipfs.IpfsService    : Fetched 780 bytes from primary IPFS CID=QmdMbyBpoGFK1mURYDVGnjQ4AkNoJfnaBed6stWNVYy8rq
2026-07-31T21:04:41.798+06:00  INFO 577218 --- [pangochain-backend] [io-8080-exec-15] c.p.backend.document.DocumentService     : ACL check: Layer1=PASS Layer2=PASS doc=7eb7b50a-21ec-4f40-a48a-98cccaa8f738 user=bench@pangochain.test
2026-07-31T21:04:41.798+06:00  INFO 577218 --- [pangochain-backend] [nio-8080-exec-5] c.p.backend.document.DocumentService     : ACL check: Layer1=PASS Layer2=PASS doc=7eb7b50a-21ec-4f40-a48a-98cccaa8f738 user=bench@pangochain.test
2026-07-31T21:04:41.798+06:00  INFO 577218 --- [pangochain-backend] [io-8080-exec-11] c.pangochain.backend.ipfs.IpfsService    : Fetched 780 bytes from primary IPFS CID=QmdMbyBpoGFK1mURYDVGnjQ4AkNoJfnaBed6stWNVYy8rq
2026-07-31T21:04:41.800+06:00  INFO 577218 --- [pangochain-backend] [io-8080-exec-15] c.pangochain.backend.ipfs.IpfsService    : Fetched 780 bytes from primary IPFS CID=QmdMbyBpoGFK1mURYDVGnjQ4AkNoJfnaBed6stWNVYy8rq
2026-07-31T21:04:41.800+06:00  INFO 577218 --- [pangochain-backend] [nio-8080-exec-5] c.pangochain.backend.ipfs.IpfsService    : Fetched 780 bytes from primary IPFS CID=QmdMbyBpoGFK1mURYDVGnjQ4AkNoJfnaBed6stWNVYy8rq
2026-07-31T21:04:41.810+06:00  INFO 577218 --- [pangochain-backend] [nio-8080-exec-2] c.p.backend.document.DocumentService     : ACL check: Layer1=PASS Layer2=PASS doc=7eb7b50a-21ec-4f40-a48a-98cccaa8f738 user=bench@pangochain.test
2026-07-31T21:04:41.811+06:00  INFO 577218 --- [pangochain-backend] [io-8080-exec-20] c.p.backend.document.DocumentService     : ACL check: Layer1=PASS Layer2=PASS doc=7eb7b50a-21ec-4f40-a48a-98cccaa8f738 user=bench@pangochain.test
2026-07-31T21:04:41.811+06:00  INFO 577218 --- [pangochain-backend] [io-8080-exec-17] c.p.backend.document.DocumentService     : ACL check: Layer1=PASS Layer2=PASS doc=7eb7b50a-21ec-4f40-a48a-98cccaa8f738 user=bench@pangochain.test
2026-07-31T21:04:41.811+06:00  INFO 577218 --- [pangochain-backend] [nio-8080-exec-9] c.p.backend.document.DocumentService     : ACL check: Layer1=PASS Layer2=PASS doc=7eb7b50a-21ec-4f40-a48a-98cccaa8f738 user=bench@pangochain.test
2026-07-31T21:04:41.811+06:00  INFO 577218 --- [pangochain-backend] [nio-8080-exec-7] c.p.backend.document.DocumentService     : ACL check: Layer1=PASS Layer2=PASS doc=7eb7b50a-21ec-4f40-a48a-98cccaa8f738 user=bench@pangochain.test
2026-07-31T21:04:41.811+06:00  INFO 577218 --- [pangochain-backend] [nio-8080-exec-3] c.p.backend.document.DocumentService     : ACL check: Layer1=PASS Layer2=PASS doc=7eb7b50a-21ec-4f40-a48a-98cccaa8f738 user=bench@pangochain.test
2026-07-31T21:04:41.811+06:00  INFO 577218 --- [pangochain-backend] [nio-8080-exec-5] c.p.backend.document.DocumentService     : ACL check: Layer1=PASS Layer2=PASS doc=7eb7b50a-21ec-4f40-a48a-98cccaa8f738 user=bench@pangochain.test
2026-07-31T21:04:41.811+06:00  INFO 577218 --- [pangochain-backend] [io-8080-exec-12] c.p.backend.document.DocumentService     : ACL check: Layer1=PASS Layer2=PASS doc=7eb7b50a-21ec-4f40-a48a-98cccaa8f738 user=bench@pangochain.test
2026-07-31T21:04:41.811+06:00  INFO 577218 --- [pangochain-backend] [io-8080-exec-14] c.p.backend.document.DocumentService     : ACL check: Layer1=PASS Layer2=PASS doc=7eb7b50a-21ec-4f40-a48a-98cccaa8f738 user=bench@pangochain.test
2026-07-31T21:04:41.811+06:00  INFO 577218 --- [pangochain-backend] [io-8080-exec-10] c.p.backend.document.DocumentService     : ACL check: Layer1=PASS Layer2=PASS doc=7eb7b50a-21ec-4f40-a48a-98cccaa8f738 user=bench@pangochain.test
2026-07-31T21:04:41.812+06:00  INFO 577218 --- [pangochain-backend] [nio-8080-exec-2] c.pangochain.backend.ipfs.IpfsService    : Fetched 780 bytes from primary IPFS CID=QmdMbyBpoGFK1mURYDVGnjQ4AkNoJfnaBed6stWNVYy8rq
2026-07-31T21:04:41.812+06:00  INFO 577218 --- [pangochain-backend] [io-8080-exec-20] c.pangochain.backend.ipfs.IpfsService    : Fetched 780 bytes from primary IPFS CID=QmdMbyBpoGFK1mURYDVGnjQ4AkNoJfnaBed6stWNVYy8rq
2026-07-31T21:04:41.813+06:00  INFO 577218 --- [pangochain-backend] [nio-8080-exec-3] c.pangochain.backend.ipfs.IpfsService    : Fetched 780 bytes from primary IPFS CID=QmdMbyBpoGFK1mURYDVGnjQ4AkNoJfnaBed6stWNVYy8rq
2026-07-31T21:04:41.813+06:00  INFO 577218 --- [pangochain-backend] [io-8080-exec-14] c.pangochain.backend.ipfs.IpfsService    : Fetched 780 bytes from primary IPFS CID=QmdMbyBpoGFK1mURYDVGnjQ4AkNoJfnaBed6stWNVYy8rq
2026-07-31T21:04:41.813+06:00  INFO 577218 --- [pangochain-backend] [nio-8080-exec-9] c.pangochain.backend.ipfs.IpfsService    : Fetched 780 bytes from primary IPFS CID=QmdMbyBpoGFK1mURYDVGnjQ4AkNoJfnaBed6stWNVYy8rq
2026-07-31T21:04:41.813+06:00  INFO 577218 --- [pangochain-backend] [io-8080-exec-12] c.pangochain.backend.ipfs.IpfsService    : Fetched 780 bytes from primary IPFS CID=QmdMbyBpoGFK1mURYDVGnjQ4AkNoJfnaBed6stWNVYy8rq
2026-07-31T21:04:41.813+06:00  INFO 577218 --- [pangochain-backend] [nio-8080-exec-5] c.pangochain.backend.ipfs.IpfsService    : Fetched 780 bytes from primary IPFS CID=QmdMbyBpoGFK1mURYDVGnjQ4AkNoJfnaBed6stWNVYy8rq
2026-07-31T21:04:41.813+06:00  INFO 577218 --- [pangochain-backend] [nio-8080-exec-7] c.pangochain.backend.ipfs.IpfsService    : Fetched 780 bytes from primary IPFS CID=QmdMbyBpoGFK1mURYDVGnjQ4AkNoJfnaBed6stWNVYy8rq
2026-07-31T21:04:41.813+06:00  INFO 577218 --- [pangochain-backend] [io-8080-exec-10] c.pangochain.backend.ipfs.IpfsService    : Fetched 780 bytes from primary IPFS CID=QmdMbyBpoGFK1mURYDVGnjQ4AkNoJfnaBed6stWNVYy8rq
2026-07-31T21:04:41.813+06:00  INFO 577218 --- [pangochain-backend] [io-8080-exec-17] c.pangochain.backend.ipfs.IpfsService    : Fetched 780 bytes from primary IPFS CID=QmdMbyBpoGFK1mURYDVGnjQ4AkNoJfnaBed6stWNVYy8rq
2026-07-31T21:04:41.875+06:00  INFO 577218 --- [pangochain-backend] [   async-task-4] c.p.b.blockchain.FabricGatewayService    : Fabric tx committed: fn=LogAuditEvent txId=9d8072ddf744890a459a649a50ba5d7e700816e0908709d15661676ef9f1a76a
2026-07-31T21:04:41.875+06:00  INFO 577218 --- [pangochain-backend] [   async-task-3] c.p.b.blockchain.FabricGatewayService    : Fabric tx committed: fn=LogAuditEvent txId=4b1a0fe2d530cb7687df8fcee5ad991c726d004b071d92a8b9ca21a8ef12fb90
2026-07-31T21:04:41.875+06:00  INFO 577218 --- [pangochain-backend] [   async-task-7] c.p.b.blockchain.FabricGatewayService    : Fabric tx committed: fn=LogAuditEvent txId=0a855aeab46929efe3911487a8b99d72f55e7e07fd16ce742f07a65d72d141f9
2026-07-31T21:04:41.875+06:00  INFO 577218 --- [pangochain-backend] [   async-task-1] c.p.b.blockchain.FabricGatewayService    : Fabric tx committed: fn=LogAuditEvent txId=67ac58d04aaac37622ba46bb36250b6a2a32d3c55f11cd71275671693ff90d9c
2026-07-31T21:04:41.876+06:00  INFO 577218 --- [pangochain-backend] [   async-task-2] c.p.b.blockchain.FabricGatewayService    : Fabric tx committed: fn=LogAuditEvent txId=4c787fc11a99e5ad52c843e8a344d28f5dbbf094b1d5aa381027f752331fc936
2026-07-31T21:04:41.876+06:00  INFO 577218 --- [pangochain-backend] [   async-task-6] c.p.b.blockchain.FabricGatewayService    : Fabric tx committed: fn=LogAuditEvent txId=a3d59c648c5040999609d49c847a1f580d872cbac1303739666c82d16fa0c283
2026-07-31T21:04:41.877+06:00  INFO 577218 --- [pangochain-backend] [io-8080-exec-19] c.p.backend.document.DocumentService     : ACL check: Layer1=PASS Layer2=PASS doc=7eb7b50a-21ec-4f40-a48a-98cccaa8f738 user=bench@pangochain.test
2026-07-31T21:04:41.877+06:00  INFO 577218 --- [pangochain-backend] [nio-8080-exec-4] c.p.backend.document.DocumentService     : ACL check: Layer1=PASS Layer2=PASS doc=7eb7b50a-21ec-4f40-a48a-98cccaa8f738 user=bench@pangochain.test
2026-07-31T21:04:41.877+06:00  INFO 577218 --- [pangochain-backend] [io-8080-exec-16] c.p.backend.document.DocumentService     : ACL check: Layer1=PASS Layer2=PASS doc=7eb7b50a-21ec-4f40-a48a-98cccaa8f738 user=bench@pangochain.test
2026-07-31T21:04:41.877+06:00  INFO 577218 --- [pangochain-backend] [   async-task-8] c.p.b.blockchain.FabricGatewayService    : Fabric tx committed: fn=LogAuditEvent txId=118fc48beecbceec76991bfbdc892c90ba403e5b41e8e538e68bab413a6b684a
2026-07-31T21:04:41.877+06:00  INFO 577218 --- [pangochain-backend] [io-8080-exec-11] c.p.backend.document.DocumentService     : ACL check: Layer1=PASS Layer2=PASS doc=7eb7b50a-21ec-4f40-a48a-98cccaa8f738 user=bench@pangochain.test
2026-07-31T21:04:41.878+06:00  INFO 577218 --- [pangochain-backend] [nio-8080-exec-1] c.p.backend.document.DocumentService     : ACL check: Layer1=PASS Layer2=PASS doc=7eb7b50a-21ec-4f40-a48a-98cccaa8f738 user=bench@pangochain.test
2026-07-31T21:04:41.878+06:00  INFO 577218 --- [pangochain-backend] [   async-task-5] c.p.b.blockchain.FabricGatewayService    : Fabric tx committed: fn=LogAuditEvent txId=707cb0d9c9a788ed2f494df36675d3495d64bb6c9482f8f6df368cb3ffcc99b6
2026-07-31T21:04:41.878+06:00  INFO 577218 --- [pangochain-backend] [nio-8080-exec-8] c.p.backend.document.DocumentService     : ACL check: Layer1=PASS Layer2=PASS doc=7eb7b50a-21ec-4f40-a48a-98cccaa8f738 user=bench@pangochain.test
2026-07-31T21:04:41.879+06:00  INFO 577218 --- [pangochain-backend] [io-8080-exec-15] c.p.backend.document.DocumentService     : ACL check: Layer1=PASS Layer2=PASS doc=7eb7b50a-21ec-4f40-a48a-98cccaa8f738 user=bench@pangochain.test
2026-07-31T21:04:41.879+06:00  INFO 577218 --- [pangochain-backend] [io-8080-exec-13] c.p.backend.document.DocumentService     : ACL check: Layer1=PASS Layer2=PASS doc=7eb7b50a-21ec-4f40-a48a-98cccaa8f738 user=bench@pangochain.test
2026-07-31T21:04:41.879+06:00  INFO 577218 --- [pangochain-backend] [nio-8080-exec-6] c.p.backend.document.DocumentService     : ACL check: Layer1=PASS Layer2=PASS doc=7eb7b50a-21ec-4f40-a48a-98cccaa8f738 user=bench@pangochain.test
2026-07-31T21:04:41.879+06:00  INFO 577218 --- [pangochain-backend] [io-8080-exec-18] c.p.backend.document.DocumentService     : ACL check: Layer1=PASS Layer2=PASS doc=7eb7b50a-21ec-4f40-a48a-98cccaa8f738 user=bench@pangochain.test
2026-07-31T21:04:41.879+06:00  INFO 577218 --- [pangochain-backend] [io-8080-exec-19] c.pangochain.backend.ipfs.IpfsService    : Fetched 780 bytes from primary IPFS CID=QmdMbyBpoGFK1mURYDVGnjQ4AkNoJfnaBed6stWNVYy8rq
2026-07-31T21:04:41.880+06:00  INFO 577218 --- [pangochain-backend] [nio-8080-exec-4] c.pangochain.backend.ipfs.IpfsService    : Fetched 780 bytes from primary IPFS CID=QmdMbyBpoGFK1mURYDVGnjQ4AkNoJfnaBed6stWNVYy8rq
2026-07-31T21:04:41.881+06:00  INFO 577218 --- [pangochain-backend] [io-8080-exec-16] c.pangochain.backend.ipfs.IpfsService    : Fetched 780 bytes from primary IPFS CID=QmdMbyBpoGFK1mURYDVGnjQ4AkNoJfnaBed6stWNVYy8rq
2026-07-31T21:04:41.881+06:00  INFO 577218 --- [pangochain-backend] [nio-8080-exec-6] c.pangochain.backend.ipfs.IpfsService    : Fetched 780 bytes from primary IPFS CID=QmdMbyBpoGFK1mURYDVGnjQ4AkNoJfnaBed6stWNVYy8rq
2026-07-31T21:04:41.882+06:00  INFO 577218 --- [pangochain-backend] [io-8080-exec-18] c.pangochain.backend.ipfs.IpfsService    : Fetched 780 bytes from primary IPFS CID=QmdMbyBpoGFK1mURYDVGnjQ4AkNoJfnaBed6stWNVYy8rq
2026-07-31T21:04:41.882+06:00  INFO 577218 --- [pangochain-backend] [nio-8080-exec-1] c.pangochain.backend.ipfs.IpfsService    : Fetched 780 bytes from primary IPFS CID=QmdMbyBpoGFK1mURYDVGnjQ4AkNoJfnaBed6stWNVYy8rq
2026-07-31T21:04:41.882+06:00  INFO 577218 --- [pangochain-backend] [io-8080-exec-15] c.pangochain.backend.ipfs.IpfsService    : Fetched 780 bytes from primary IPFS CID=QmdMbyBpoGFK1mURYDVGnjQ4AkNoJfnaBed6stWNVYy8rq
2026-07-31T21:04:41.883+06:00  INFO 577218 --- [pangochain-backend] [io-8080-exec-13] c.pangochain.backend.ipfs.IpfsService    : Fetched 780 bytes from primary IPFS CID=QmdMbyBpoGFK1mURYDVGnjQ4AkNoJfnaBed6stWNVYy8rq
2026-07-31T21:04:41.884+06:00  INFO 577218 --- [pangochain-backend] [io-8080-exec-11] c.pangochain.backend.ipfs.IpfsService    : Fetched 780 bytes from primary IPFS CID=QmdMbyBpoGFK1mURYDVGnjQ4AkNoJfnaBed6stWNVYy8rq
2026-07-31T21:04:41.891+06:00  INFO 577218 --- [pangochain-backend] [nio-8080-exec-8] c.pangochain.backend.ipfs.IpfsService    : Fetched 780 bytes from primary IPFS CID=QmdMbyBpoGFK1mURYDVGnjQ4AkNoJfnaBed6stWNVYy8rq
2026-07-31T21:04:41.904+06:00  INFO 577218 --- [pangochain-backend] [nio-8080-exec-4] c.p.backend.document.DocumentService     : ACL check: Layer1=PASS Layer2=PASS doc=7eb7b50a-21ec-4f40-a48a-98cccaa8f738 user=bench@pangochain.test
2026-07-31T21:04:41.904+06:00  INFO 577218 --- [pangochain-backend] [nio-8080-exec-5] c.p.backend.document.DocumentService     : ACL check: Layer1=PASS Layer2=PASS doc=7eb7b50a-21ec-4f40-a48a-98cccaa8f738 user=bench@pangochain.test
2026-07-31T21:04:41.904+06:00  INFO 577218 --- [pangochain-backend] [io-8080-exec-14] c.p.backend.document.DocumentService     : ACL check: Layer1=PASS Layer2=PASS doc=7eb7b50a-21ec-4f40-a48a-98cccaa8f738 user=bench@pangochain.test
2026-07-31T21:04:41.904+06:00  INFO 577218 --- [pangochain-backend] [io-8080-exec-12] c.p.backend.document.DocumentService     : ACL check: Layer1=PASS Layer2=PASS doc=7eb7b50a-21ec-4f40-a48a-98cccaa8f738 user=bench@pangochain.test
2026-07-31T21:04:41.904+06:00  INFO 577218 --- [pangochain-backend] [nio-8080-exec-1] c.p.backend.document.DocumentService     : ACL check: Layer1=PASS Layer2=PASS doc=7eb7b50a-21ec-4f40-a48a-98cccaa8f738 user=bench@pangochain.test
2026-07-31T21:04:41.906+06:00  INFO 577218 --- [pangochain-backend] [io-8080-exec-19] c.p.backend.document.DocumentService     : ACL check: Layer1=PASS Layer2=PASS doc=7eb7b50a-21ec-4f40-a48a-98cccaa8f738 user=bench@pangochain.test
2026-07-31T21:04:41.906+06:00  INFO 577218 --- [pangochain-backend] [nio-8080-exec-4] c.pangochain.backend.ipfs.IpfsService    : Fetched 780 bytes from primary IPFS CID=QmdMbyBpoGFK1mURYDVGnjQ4AkNoJfnaBed6stWNVYy8rq
2026-07-31T21:04:41.906+06:00  INFO 577218 --- [pangochain-backend] [io-8080-exec-12] c.pangochain.backend.ipfs.IpfsService    : Fetched 780 bytes from primary IPFS CID=QmdMbyBpoGFK1mURYDVGnjQ4AkNoJfnaBed6stWNVYy8rq
2026-07-31T21:04:41.906+06:00  INFO 577218 --- [pangochain-backend] [io-8080-exec-20] c.p.backend.document.DocumentService     : ACL check: Layer1=PASS Layer2=PASS doc=7eb7b50a-21ec-4f40-a48a-98cccaa8f738 user=bench@pangochain.test
2026-07-31T21:04:41.906+06:00  INFO 577218 --- [pangochain-backend] [nio-8080-exec-5] c.pangochain.backend.ipfs.IpfsService    : Fetched 780 bytes from primary IPFS CID=QmdMbyBpoGFK1mURYDVGnjQ4AkNoJfnaBed6stWNVYy8rq
2026-07-31T21:04:41.907+06:00  INFO 577218 --- [pangochain-backend] [nio-8080-exec-3] c.p.backend.document.DocumentService     : ACL check: Layer1=PASS Layer2=PASS doc=7eb7b50a-21ec-4f40-a48a-98cccaa8f738 user=bench@pangochain.test
2026-07-31T21:04:41.907+06:00  INFO 577218 --- [pangochain-backend] [nio-8080-exec-7] c.p.backend.document.DocumentService     : ACL check: Layer1=PASS Layer2=PASS doc=7eb7b50a-21ec-4f40-a48a-98cccaa8f738 user=bench@pangochain.test
2026-07-31T21:04:41.909+06:00  INFO 577218 --- [pangochain-backend] [io-8080-exec-14] c.pangochain.backend.ipfs.IpfsService    : Fetched 780 bytes from primary IPFS CID=QmdMbyBpoGFK1mURYDVGnjQ4AkNoJfnaBed6stWNVYy8rq
2026-07-31T21:04:41.909+06:00  INFO 577218 --- [pangochain-backend] [io-8080-exec-19] c.pangochain.backend.ipfs.IpfsService    : Fetched 780 bytes from primary IPFS CID=QmdMbyBpoGFK1mURYDVGnjQ4AkNoJfnaBed6stWNVYy8rq
2026-07-31T21:04:41.909+06:00  INFO 577218 --- [pangochain-backend] [nio-8080-exec-1] c.pangochain.backend.ipfs.IpfsService    : Fetched 780 bytes from primary IPFS CID=QmdMbyBpoGFK1mURYDVGnjQ4AkNoJfnaBed6stWNVYy8rq
2026-07-31T21:04:41.909+06:00  INFO 577218 --- [pangochain-backend] [nio-8080-exec-9] c.p.backend.document.DocumentService     : ACL check: Layer1=PASS Layer2=PASS doc=7eb7b50a-21ec-4f40-a48a-98cccaa8f738 user=bench@pangochain.test
2026-07-31T21:04:41.909+06:00  INFO 577218 --- [pangochain-backend] [io-8080-exec-20] c.pangochain.backend.ipfs.IpfsService    : Fetched 780 bytes from primary IPFS CID=QmdMbyBpoGFK1mURYDVGnjQ4AkNoJfnaBed6stWNVYy8rq
2026-07-31T21:04:41.912+06:00  INFO 577218 --- [pangochain-backend] [nio-8080-exec-7] c.pangochain.backend.ipfs.IpfsService    : Fetched 780 bytes from primary IPFS CID=QmdMbyBpoGFK1mURYDVGnjQ4AkNoJfnaBed6stWNVYy8rq
2026-07-31T21:04:41.912+06:00  INFO 577218 --- [pangochain-backend] [nio-8080-exec-9] c.pangochain.backend.ipfs.IpfsService    : Fetched 780 bytes from primary IPFS CID=QmdMbyBpoGFK1mURYDVGnjQ4AkNoJfnaBed6stWNVYy8rq
2026-07-31T21:04:41.912+06:00  INFO 577218 --- [pangochain-backend] [nio-8080-exec-3] c.pangochain.backend.ipfs.IpfsService    : Fetched 780 bytes from primary IPFS CID=QmdMbyBpoGFK1mURYDVGnjQ4AkNoJfnaBed6stWNVYy8rq
2026-07-31T21:04:41.921+06:00  INFO 577218 --- [pangochain-backend] [io-8080-exec-10] c.p.backend.document.DocumentService     : ACL check: Layer1=PASS Layer2=PASS doc=7eb7b50a-21ec-4f40-a48a-98cccaa8f738 user=bench@pangochain.test
2026-07-31T21:04:41.922+06:00  INFO 577218 --- [pangochain-backend] [io-8080-exec-18] c.p.backend.document.DocumentService     : ACL check: Layer1=PASS Layer2=PASS doc=7eb7b50a-21ec-4f40-a48a-98cccaa8f738 user=bench@pangochain.test
2026-07-31T21:04:41.922+06:00  INFO 577218 --- [pangochain-backend] [nio-8080-exec-6] c.p.backend.document.DocumentService     : ACL check: Layer1=PASS Layer2=PASS doc=7eb7b50a-21ec-4f40-a48a-98cccaa8f738 user=bench@pangochain.test
2026-07-31T21:04:41.923+06:00  INFO 577218 --- [pangochain-backend] [io-8080-exec-16] c.p.backend.document.DocumentService     : ACL check: Layer1=PASS Layer2=PASS doc=7eb7b50a-21ec-4f40-a48a-98cccaa8f738 user=bench@pangochain.test
2026-07-31T21:04:41.923+06:00  INFO 577218 --- [pangochain-backend] [io-8080-exec-10] c.pangochain.backend.ipfs.IpfsService    : Fetched 780 bytes from primary IPFS CID=QmdMbyBpoGFK1mURYDVGnjQ4AkNoJfnaBed6stWNVYy8rq
2026-07-31T21:04:41.923+06:00  INFO 577218 --- [pangochain-backend] [io-8080-exec-18] c.pangochain.backend.ipfs.IpfsService    : Fetched 780 bytes from primary IPFS CID=QmdMbyBpoGFK1mURYDVGnjQ4AkNoJfnaBed6stWNVYy8rq
2026-07-31T21:04:41.924+06:00  INFO 577218 --- [pangochain-backend] [io-8080-exec-13] c.p.backend.document.DocumentService     : ACL check: Layer1=PASS Layer2=PASS doc=7eb7b50a-21ec-4f40-a48a-98cccaa8f738 user=bench@pangochain.test
2026-07-31T21:04:41.924+06:00  INFO 577218 --- [pangochain-backend] [nio-8080-exec-6] c.pangochain.backend.ipfs.IpfsService    : Fetched 780 bytes from primary IPFS CID=QmdMbyBpoGFK1mURYDVGnjQ4AkNoJfnaBed6stWNVYy8rq
2026-07-31T21:04:41.924+06:00  INFO 577218 --- [pangochain-backend] [io-8080-exec-17] c.p.backend.document.DocumentService     : ACL check: Layer1=PASS Layer2=PASS doc=7eb7b50a-21ec-4f40-a48a-98cccaa8f738 user=bench@pangochain.test
2026-07-31T21:04:41.924+06:00  INFO 577218 --- [pangochain-backend] [io-8080-exec-16] c.pangochain.backend.ipfs.IpfsService    : Fetched 780 bytes from primary IPFS CID=QmdMbyBpoGFK1mURYDVGnjQ4AkNoJfnaBed6stWNVYy8rq
2026-07-31T21:04:41.925+06:00  INFO 577218 --- [pangochain-backend] [nio-8080-exec-2] c.p.backend.document.DocumentService     : ACL check: Layer1=PASS Layer2=PASS doc=7eb7b50a-21ec-4f40-a48a-98cccaa8f738 user=bench@pangochain.test
2026-07-31T21:04:41.925+06:00  INFO 577218 --- [pangochain-backend] [io-8080-exec-15] c.p.backend.document.DocumentService     : ACL check: Layer1=PASS Layer2=PASS doc=7eb7b50a-21ec-4f40-a48a-98cccaa8f738 user=bench@pangochain.test
2026-07-31T21:04:41.925+06:00  INFO 577218 --- [pangochain-backend] [io-8080-exec-11] c.p.backend.document.DocumentService     : ACL check: Layer1=PASS Layer2=PASS doc=7eb7b50a-21ec-4f40-a48a-98cccaa8f738 user=bench@pangochain.test
2026-07-31T21:04:41.926+06:00  INFO 577218 --- [pangochain-backend] [io-8080-exec-13] c.pangochain.backend.ipfs.IpfsService    : Fetched 780 bytes from primary IPFS CID=QmdMbyBpoGFK1mURYDVGnjQ4AkNoJfnaBed6stWNVYy8rq
2026-07-31T21:04:41.926+06:00  INFO 577218 --- [pangochain-backend] [nio-8080-exec-8] c.p.backend.document.DocumentService     : ACL check: Layer1=PASS Layer2=PASS doc=7eb7b50a-21ec-4f40-a48a-98cccaa8f738 user=bench@pangochain.test
2026-07-31T21:04:41.926+06:00  INFO 577218 --- [pangochain-backend] [io-8080-exec-17] c.pangochain.backend.ipfs.IpfsService    : Fetched 780 bytes from primary IPFS CID=QmdMbyBpoGFK1mURYDVGnjQ4AkNoJfnaBed6stWNVYy8rq
2026-07-31T21:04:41.927+06:00  INFO 577218 --- [pangochain-backend] [io-8080-exec-15] c.pangochain.backend.ipfs.IpfsService    : Fetched 780 bytes from primary IPFS CID=QmdMbyBpoGFK1mURYDVGnjQ4AkNoJfnaBed6stWNVYy8rq
2026-07-31T21:04:41.927+06:00  INFO 577218 --- [pangochain-backend] [nio-8080-exec-2] c.pangochain.backend.ipfs.IpfsService    : Fetched 780 bytes from primary IPFS CID=QmdMbyBpoGFK1mURYDVGnjQ4AkNoJfnaBed6stWNVYy8rq
2026-07-31T21:04:41.927+06:00  INFO 577218 --- [pangochain-backend] [io-8080-exec-11] c.pangochain.backend.ipfs.IpfsService    : Fetched 780 bytes from primary IPFS CID=QmdMbyBpoGFK1mURYDVGnjQ4AkNoJfnaBed6stWNVYy8rq
2026-07-31T21:04:41.928+06:00  INFO 577218 --- [pangochain-backend] [nio-8080-exec-8] c.pangochain.backend.ipfs.IpfsService    : Fetched 780 bytes from primary IPFS CID=QmdMbyBpoGFK1mURYDVGnjQ4AkNoJfnaBed6stWNVYy8rq
2026-07-31T21:04:41.936+06:00  INFO 577218 --- [pangochain-backend] [io-8080-exec-19] c.p.backend.document.DocumentService     : ACL check: Layer1=PASS Layer2=PASS doc=7eb7b50a-21ec-4f40-a48a-98cccaa8f738 user=bench@pangochain.test
2026-07-31T21:04:41.936+06:00  INFO 577218 --- [pangochain-backend] [nio-8080-exec-4] c.p.backend.document.DocumentService     : ACL check: Layer1=PASS Layer2=PASS doc=7eb7b50a-21ec-4f40-a48a-98cccaa8f738 user=bench@pangochain.test
2026-07-31T21:04:41.936+06:00  INFO 577218 --- [pangochain-backend] [io-8080-exec-14] c.p.backend.document.DocumentService     : ACL check: Layer1=PASS Layer2=PASS doc=7eb7b50a-21ec-4f40-a48a-98cccaa8f738 user=bench@pangochain.test
2026-07-31T21:04:41.937+06:00  INFO 577218 --- [pangochain-backend] [nio-8080-exec-5] c.p.backend.document.DocumentService     : ACL check: Layer1=PASS Layer2=PASS doc=7eb7b50a-21ec-4f40-a48a-98cccaa8f738 user=bench@pangochain.test
2026-07-31T21:04:41.937+06:00  INFO 577218 --- [pangochain-backend] [nio-8080-exec-1] c.p.backend.document.DocumentService     : ACL check: Layer1=PASS Layer2=PASS doc=7eb7b50a-21ec-4f40-a48a-98cccaa8f738 user=bench@pangochain.test
2026-07-31T21:04:41.937+06:00  INFO 577218 --- [pangochain-backend] [io-8080-exec-12] c.p.backend.document.DocumentService     : ACL check: Layer1=PASS Layer2=PASS doc=7eb7b50a-21ec-4f40-a48a-98cccaa8f738 user=bench@pangochain.test
2026-07-31T21:04:41.937+06:00  INFO 577218 --- [pangochain-backend] [io-8080-exec-20] c.p.backend.document.DocumentService     : ACL check: Layer1=PASS Layer2=PASS doc=7eb7b50a-21ec-4f40-a48a-98cccaa8f738 user=bench@pangochain.test
2026-07-31T21:04:41.937+06:00  INFO 577218 --- [pangochain-backend] [io-8080-exec-15] c.p.backend.document.DocumentService     : ACL check: Layer1=PASS Layer2=PASS doc=7eb7b50a-21ec-4f40-a48a-98cccaa8f738 user=bench@pangochain.test
2026-07-31T21:04:41.937+06:00  INFO 577218 --- [pangochain-backend] [nio-8080-exec-8] c.p.backend.document.DocumentService     : ACL check: Layer1=PASS Layer2=PASS doc=7eb7b50a-21ec-4f40-a48a-98cccaa8f738 user=bench@pangochain.test
2026-07-31T21:04:41.938+06:00  INFO 577218 --- [pangochain-backend] [io-8080-exec-19] c.pangochain.backend.ipfs.IpfsService    : Fetched 780 bytes from primary IPFS CID=QmdMbyBpoGFK1mURYDVGnjQ4AkNoJfnaBed6stWNVYy8rq
2026-07-31T21:04:41.938+06:00  INFO 577218 --- [pangochain-backend] [io-8080-exec-15] c.pangochain.backend.ipfs.IpfsService    : Fetched 780 bytes from primary IPFS CID=QmdMbyBpoGFK1mURYDVGnjQ4AkNoJfnaBed6stWNVYy8rq
2026-07-31T21:04:41.939+06:00  INFO 577218 --- [pangochain-backend] [nio-8080-exec-5] c.pangochain.backend.ipfs.IpfsService    : Fetched 780 bytes from primary IPFS CID=QmdMbyBpoGFK1mURYDVGnjQ4AkNoJfnaBed6stWNVYy8rq
2026-07-31T21:04:41.939+06:00  INFO 577218 --- [pangochain-backend] [io-8080-exec-14] c.pangochain.backend.ipfs.IpfsService    : Fetched 780 bytes from primary IPFS CID=QmdMbyBpoGFK1mURYDVGnjQ4AkNoJfnaBed6stWNVYy8rq
2026-07-31T21:04:41.939+06:00  INFO 577218 --- [pangochain-backend] [io-8080-exec-12] c.pangochain.backend.ipfs.IpfsService    : Fetched 780 bytes from primary IPFS CID=QmdMbyBpoGFK1mURYDVGnjQ4AkNoJfnaBed6stWNVYy8rq
2026-07-31T21:04:41.939+06:00  INFO 577218 --- [pangochain-backend] [io-8080-exec-20] c.pangochain.backend.ipfs.IpfsService    : Fetched 780 bytes from primary IPFS CID=QmdMbyBpoGFK1mURYDVGnjQ4AkNoJfnaBed6stWNVYy8rq
2026-07-31T21:04:41.939+06:00  INFO 577218 --- [pangochain-backend] [nio-8080-exec-8] c.pangochain.backend.ipfs.IpfsService    : Fetched 780 bytes from primary IPFS CID=QmdMbyBpoGFK1mURYDVGnjQ4AkNoJfnaBed6stWNVYy8rq
2026-07-31T21:04:41.939+06:00  INFO 577218 --- [pangochain-backend] [nio-8080-exec-4] c.pangochain.backend.ipfs.IpfsService    : Fetched 780 bytes from primary IPFS CID=QmdMbyBpoGFK1mURYDVGnjQ4AkNoJfnaBed6stWNVYy8rq
2026-07-31T21:04:41.939+06:00  INFO 577218 --- [pangochain-backend] [io-8080-exec-17] c.p.backend.document.DocumentService     : ACL check: Layer1=PASS Layer2=PASS doc=7eb7b50a-21ec-4f40-a48a-98cccaa8f738 user=bench@pangochain.test
2026-07-31T21:04:41.939+06:00  INFO 577218 --- [pangochain-backend] [nio-8080-exec-1] c.pangochain.backend.ipfs.IpfsService    : Fetched 780 bytes from primary IPFS CID=QmdMbyBpoGFK1mURYDVGnjQ4AkNoJfnaBed6stWNVYy8rq
2026-07-31T21:04:41.942+06:00  INFO 577218 --- [pangochain-backend] [io-8080-exec-17] c.pangochain.backend.ipfs.IpfsService    : Fetched 780 bytes from primary IPFS CID=QmdMbyBpoGFK1mURYDVGnjQ4AkNoJfnaBed6stWNVYy8rq
2026-07-31T21:04:41.949+06:00  INFO 577218 --- [pangochain-backend] [io-8080-exec-18] c.p.backend.document.DocumentService     : ACL check: Layer1=PASS Layer2=PASS doc=7eb7b50a-21ec-4f40-a48a-98cccaa8f738 user=bench@pangochain.test
2026-07-31T21:04:41.949+06:00  INFO 577218 --- [pangochain-backend] [nio-8080-exec-4] c.p.backend.document.DocumentService     : ACL check: Layer1=PASS Layer2=PASS doc=7eb7b50a-21ec-4f40-a48a-98cccaa8f738 user=bench@pangochain.test
2026-07-31T21:04:41.949+06:00  INFO 577218 --- [pangochain-backend] [io-8080-exec-16] c.p.backend.document.DocumentService     : ACL check: Layer1=PASS Layer2=PASS doc=7eb7b50a-21ec-4f40-a48a-98cccaa8f738 user=bench@pangochain.test
2026-07-31T21:04:41.949+06:00  INFO 577218 --- [pangochain-backend] [nio-8080-exec-3] c.p.backend.document.DocumentService     : ACL check: Layer1=PASS Layer2=PASS doc=7eb7b50a-21ec-4f40-a48a-98cccaa8f738 user=bench@pangochain.test
2026-07-31T21:04:41.949+06:00  INFO 577218 --- [pangochain-backend] [io-8080-exec-10] c.p.backend.document.DocumentService     : ACL check: Layer1=PASS Layer2=PASS doc=7eb7b50a-21ec-4f40-a48a-98cccaa8f738 user=bench@pangochain.test
2026-07-31T21:04:41.949+06:00  INFO 577218 --- [pangochain-backend] [io-8080-exec-13] c.p.backend.document.DocumentService     : ACL check: Layer1=PASS Layer2=PASS doc=7eb7b50a-21ec-4f40-a48a-98cccaa8f738 user=bench@pangochain.test
2026-07-31T21:04:41.950+06:00  INFO 577218 --- [pangochain-backend] [nio-8080-exec-2] c.p.backend.document.DocumentService     : ACL check: Layer1=PASS Layer2=PASS doc=7eb7b50a-21ec-4f40-a48a-98cccaa8f738 user=bench@pangochain.test
2026-07-31T21:04:41.950+06:00  INFO 577218 --- [pangochain-backend] [nio-8080-exec-9] c.p.backend.document.DocumentService     : ACL check: Layer1=PASS Layer2=PASS doc=7eb7b50a-21ec-4f40-a48a-98cccaa8f738 user=bench@pangochain.test
2026-07-31T21:04:41.950+06:00  INFO 577218 --- [pangochain-backend] [nio-8080-exec-7] c.p.backend.document.DocumentService     : ACL check: Layer1=PASS Layer2=PASS doc=7eb7b50a-21ec-4f40-a48a-98cccaa8f738 user=bench@pangochain.test
2026-07-31T21:04:41.951+06:00  INFO 577218 --- [pangochain-backend] [io-8080-exec-11] c.p.backend.document.DocumentService     : ACL check: Layer1=PASS Layer2=PASS doc=7eb7b50a-21ec-4f40-a48a-98cccaa8f738 user=bench@pangochain.test
2026-07-31T21:04:41.951+06:00  INFO 577218 --- [pangochain-backend] [nio-8080-exec-3] c.pangochain.backend.ipfs.IpfsService    : Fetched 780 bytes from primary IPFS CID=QmdMbyBpoGFK1mURYDVGnjQ4AkNoJfnaBed6stWNVYy8rq
2026-07-31T21:04:41.951+06:00  INFO 577218 --- [pangochain-backend] [nio-8080-exec-2] c.pangochain.backend.ipfs.IpfsService    : Fetched 780 bytes from primary IPFS CID=QmdMbyBpoGFK1mURYDVGnjQ4AkNoJfnaBed6stWNVYy8rq
2026-07-31T21:04:41.951+06:00  INFO 577218 --- [pangochain-backend] [io-8080-exec-16] c.pangochain.backend.ipfs.IpfsService    : Fetched 780 bytes from primary IPFS CID=QmdMbyBpoGFK1mURYDVGnjQ4AkNoJfnaBed6stWNVYy8rq
2026-07-31T21:04:41.951+06:00  INFO 577218 --- [pangochain-backend] [nio-8080-exec-7] c.pangochain.backend.ipfs.IpfsService    : Fetched 780 bytes from primary IPFS CID=QmdMbyBpoGFK1mURYDVGnjQ4AkNoJfnaBed6stWNVYy8rq
2026-07-31T21:04:41.951+06:00  INFO 577218 --- [pangochain-backend] [io-8080-exec-18] c.pangochain.backend.ipfs.IpfsService    : Fetched 780 bytes from primary IPFS CID=QmdMbyBpoGFK1mURYDVGnjQ4AkNoJfnaBed6stWNVYy8rq
2026-07-31T21:04:41.952+06:00  INFO 577218 --- [pangochain-backend] [io-8080-exec-13] c.pangochain.backend.ipfs.IpfsService    : Fetched 780 bytes from primary IPFS CID=QmdMbyBpoGFK1mURYDVGnjQ4AkNoJfnaBed6stWNVYy8rq
2026-07-31T21:04:41.952+06:00  INFO 577218 --- [pangochain-backend] [io-8080-exec-10] c.pangochain.backend.ipfs.IpfsService    : Fetched 780 bytes from primary IPFS CID=QmdMbyBpoGFK1mURYDVGnjQ4AkNoJfnaBed6stWNVYy8rq
2026-07-31T21:04:41.951+06:00  INFO 577218 --- [pangochain-backend] [nio-8080-exec-9] c.pangochain.backend.ipfs.IpfsService    : Fetched 780 bytes from primary IPFS CID=QmdMbyBpoGFK1mURYDVGnjQ4AkNoJfnaBed6stWNVYy8rq
2026-07-31T21:04:41.951+06:00  INFO 577218 --- [pangochain-backend] [nio-8080-exec-4] c.pangochain.backend.ipfs.IpfsService    : Fetched 780 bytes from primary IPFS CID=QmdMbyBpoGFK1mURYDVGnjQ4AkNoJfnaBed6stWNVYy8rq
2026-07-31T21:04:41.953+06:00  INFO 577218 --- [pangochain-backend] [io-8080-exec-11] c.pangochain.backend.ipfs.IpfsService    : Fetched 780 bytes from primary IPFS CID=QmdMbyBpoGFK1mURYDVGnjQ4AkNoJfnaBed6stWNVYy8rq
2026-07-31T21:04:41.961+06:00  INFO 577218 --- [pangochain-backend] [nio-8080-exec-5] c.p.backend.document.DocumentService     : ACL check: Layer1=PASS Layer2=PASS doc=7eb7b50a-21ec-4f40-a48a-98cccaa8f738 user=bench@pangochain.test
2026-07-31T21:04:41.961+06:00  INFO 577218 --- [pangochain-backend] [io-8080-exec-19] c.p.backend.document.DocumentService     : ACL check: Layer1=PASS Layer2=PASS doc=7eb7b50a-21ec-4f40-a48a-98cccaa8f738 user=bench@pangochain.test
2026-07-31T21:04:41.961+06:00  INFO 577218 --- [pangochain-backend] [io-8080-exec-11] c.p.backend.document.DocumentService     : ACL check: Layer1=PASS Layer2=PASS doc=7eb7b50a-21ec-4f40-a48a-98cccaa8f738 user=bench@pangochain.test
2026-07-31T21:04:41.961+06:00  INFO 577218 --- [pangochain-backend] [io-8080-exec-12] c.p.backend.document.DocumentService     : ACL check: Layer1=PASS Layer2=PASS doc=7eb7b50a-21ec-4f40-a48a-98cccaa8f738 user=bench@pangochain.test
2026-07-31T21:04:41.961+06:00  INFO 577218 --- [pangochain-backend] [io-8080-exec-14] c.p.backend.document.DocumentService     : ACL check: Layer1=PASS Layer2=PASS doc=7eb7b50a-21ec-4f40-a48a-98cccaa8f738 user=bench@pangochain.test
2026-07-31T21:04:41.961+06:00  INFO 577218 --- [pangochain-backend] [nio-8080-exec-8] c.p.backend.document.DocumentService     : ACL check: Layer1=PASS Layer2=PASS doc=7eb7b50a-21ec-4f40-a48a-98cccaa8f738 user=bench@pangochain.test
2026-07-31T21:04:41.963+06:00  INFO 577218 --- [pangochain-backend] [nio-8080-exec-1] c.p.backend.document.DocumentService     : ACL check: Layer1=PASS Layer2=PASS doc=7eb7b50a-21ec-4f40-a48a-98cccaa8f738 user=bench@pangochain.test
2026-07-31T21:04:41.963+06:00  INFO 577218 --- [pangochain-backend] [io-8080-exec-20] c.p.backend.document.DocumentService     : ACL check: Layer1=PASS Layer2=PASS doc=7eb7b50a-21ec-4f40-a48a-98cccaa8f738 user=bench@pangochain.test
2026-07-31T21:04:41.963+06:00  INFO 577218 --- [pangochain-backend] [io-8080-exec-17] c.p.backend.document.DocumentService     : ACL check: Layer1=PASS Layer2=PASS doc=7eb7b50a-21ec-4f40-a48a-98cccaa8f738 user=bench@pangochain.test
2026-07-31T21:04:41.964+06:00  INFO 577218 --- [pangochain-backend] [nio-8080-exec-6] c.p.backend.document.DocumentService     : ACL check: Layer1=PASS Layer2=PASS doc=7eb7b50a-21ec-4f40-a48a-98cccaa8f738 user=bench@pangochain.test
2026-07-31T21:04:41.964+06:00  INFO 577218 --- [pangochain-backend] [io-8080-exec-12] c.pangochain.backend.ipfs.IpfsService    : Fetched 780 bytes from primary IPFS CID=QmdMbyBpoGFK1mURYDVGnjQ4AkNoJfnaBed6stWNVYy8rq
2026-07-31T21:04:41.964+06:00  INFO 577218 --- [pangochain-backend] [nio-8080-exec-8] c.pangochain.backend.ipfs.IpfsService    : Fetched 780 bytes from primary IPFS CID=QmdMbyBpoGFK1mURYDVGnjQ4AkNoJfnaBed6stWNVYy8rq
2026-07-31T21:04:41.964+06:00  INFO 577218 --- [pangochain-backend] [io-8080-exec-11] c.pangochain.backend.ipfs.IpfsService    : Fetched 780 bytes from primary IPFS CID=QmdMbyBpoGFK1mURYDVGnjQ4AkNoJfnaBed6stWNVYy8rq
2026-07-31T21:04:41.964+06:00  INFO 577218 --- [pangochain-backend] [nio-8080-exec-5] c.pangochain.backend.ipfs.IpfsService    : Fetched 780 bytes from primary IPFS CID=QmdMbyBpoGFK1mURYDVGnjQ4AkNoJfnaBed6stWNVYy8rq
2026-07-31T21:04:41.964+06:00  INFO 577218 --- [pangochain-backend] [io-8080-exec-14] c.pangochain.backend.ipfs.IpfsService    : Fetched 780 bytes from primary IPFS CID=QmdMbyBpoGFK1mURYDVGnjQ4AkNoJfnaBed6stWNVYy8rq
2026-07-31T21:04:41.964+06:00  INFO 577218 --- [pangochain-backend] [io-8080-exec-19] c.pangochain.backend.ipfs.IpfsService    : Fetched 780 bytes from primary IPFS CID=QmdMbyBpoGFK1mURYDVGnjQ4AkNoJfnaBed6stWNVYy8rq
2026-07-31T21:04:41.965+06:00  INFO 577218 --- [pangochain-backend] [nio-8080-exec-1] c.pangochain.backend.ipfs.IpfsService    : Fetched 780 bytes from primary IPFS CID=QmdMbyBpoGFK1mURYDVGnjQ4AkNoJfnaBed6stWNVYy8rq
2026-07-31T21:04:41.965+06:00  INFO 577218 --- [pangochain-backend] [io-8080-exec-20] c.pangochain.backend.ipfs.IpfsService    : Fetched 780 bytes from primary IPFS CID=QmdMbyBpoGFK1mURYDVGnjQ4AkNoJfnaBed6stWNVYy8rq
2026-07-31T21:04:41.965+06:00  INFO 577218 --- [pangochain-backend] [nio-8080-exec-6] c.pangochain.backend.ipfs.IpfsService    : Fetched 780 bytes from primary IPFS CID=QmdMbyBpoGFK1mURYDVGnjQ4AkNoJfnaBed6stWNVYy8rq
2026-07-31T21:04:41.965+06:00  INFO 577218 --- [pangochain-backend] [io-8080-exec-17] c.pangochain.backend.ipfs.IpfsService    : Fetched 780 bytes from primary IPFS CID=QmdMbyBpoGFK1mURYDVGnjQ4AkNoJfnaBed6stWNVYy8rq
2026-07-31T21:04:41.974+06:00  INFO 577218 --- [pangochain-backend] [io-8080-exec-18] c.p.backend.document.DocumentService     : ACL check: Layer1=PASS Layer2=PASS doc=7eb7b50a-21ec-4f40-a48a-98cccaa8f738 user=bench@pangochain.test
2026-07-31T21:04:41.974+06:00  INFO 577218 --- [pangochain-backend] [nio-8080-exec-4] c.p.backend.document.DocumentService     : ACL check: Layer1=PASS Layer2=PASS doc=7eb7b50a-21ec-4f40-a48a-98cccaa8f738 user=bench@pangochain.test
2026-07-31T21:04:41.974+06:00  INFO 577218 --- [pangochain-backend] [nio-8080-exec-3] c.p.backend.document.DocumentService     : ACL check: Layer1=PASS Layer2=PASS doc=7eb7b50a-21ec-4f40-a48a-98cccaa8f738 user=bench@pangochain.test
2026-07-31T21:04:41.974+06:00  INFO 577218 --- [pangochain-backend] [io-8080-exec-13] c.p.backend.document.DocumentService     : ACL check: Layer1=PASS Layer2=PASS doc=7eb7b50a-21ec-4f40-a48a-98cccaa8f738 user=bench@pangochain.test
2026-07-31T21:04:41.974+06:00  INFO 577218 --- [pangochain-backend] [nio-8080-exec-9] c.p.backend.document.DocumentService     : ACL check: Layer1=PASS Layer2=PASS doc=7eb7b50a-21ec-4f40-a48a-98cccaa8f738 user=bench@pangochain.test
2026-07-31T21:04:41.974+06:00  INFO 577218 --- [pangochain-backend] [io-8080-exec-19] c.p.backend.document.DocumentService     : ACL check: Layer1=PASS Layer2=PASS doc=7eb7b50a-21ec-4f40-a48a-98cccaa8f738 user=bench@pangochain.test
2026-07-31T21:04:41.974+06:00  INFO 577218 --- [pangochain-backend] [nio-8080-exec-7] c.p.backend.document.DocumentService     : ACL check: Layer1=PASS Layer2=PASS doc=7eb7b50a-21ec-4f40-a48a-98cccaa8f738 user=bench@pangochain.test
2026-07-31T21:04:41.974+06:00  INFO 577218 --- [pangochain-backend] [nio-8080-exec-6] c.p.backend.document.DocumentService     : ACL check: Layer1=PASS Layer2=PASS doc=7eb7b50a-21ec-4f40-a48a-98cccaa8f738 user=bench@pangochain.test
2026-07-31T21:04:41.975+06:00  INFO 577218 --- [pangochain-backend] [io-8080-exec-10] c.p.backend.document.DocumentService     : ACL check: Layer1=PASS Layer2=PASS doc=7eb7b50a-21ec-4f40-a48a-98cccaa8f738 user=bench@pangochain.test
2026-07-31T21:04:41.975+06:00  INFO 577218 --- [pangochain-backend] [io-8080-exec-15] c.p.backend.document.DocumentService     : ACL check: Layer1=PASS Layer2=PASS doc=7eb7b50a-21ec-4f40-a48a-98cccaa8f738 user=bench@pangochain.test
2026-07-31T21:04:41.976+06:00  INFO 577218 --- [pangochain-backend] [io-8080-exec-13] c.pangochain.backend.ipfs.IpfsService    : Fetched 780 bytes from primary IPFS CID=QmdMbyBpoGFK1mURYDVGnjQ4AkNoJfnaBed6stWNVYy8rq
2026-07-31T21:04:41.976+06:00  INFO 577218 --- [pangochain-backend] [nio-8080-exec-3] c.pangochain.backend.ipfs.IpfsService    : Fetched 780 bytes from primary IPFS CID=QmdMbyBpoGFK1mURYDVGnjQ4AkNoJfnaBed6stWNVYy8rq
2026-07-31T21:04:41.976+06:00  INFO 577218 --- [pangochain-backend] [nio-8080-exec-4] c.pangochain.backend.ipfs.IpfsService    : Fetched 780 bytes from primary IPFS CID=QmdMbyBpoGFK1mURYDVGnjQ4AkNoJfnaBed6stWNVYy8rq
2026-07-31T21:04:41.976+06:00  INFO 577218 --- [pangochain-backend] [nio-8080-exec-9] c.pangochain.backend.ipfs.IpfsService    : Fetched 780 bytes from primary IPFS CID=QmdMbyBpoGFK1mURYDVGnjQ4AkNoJfnaBed6stWNVYy8rq
2026-07-31T21:04:41.976+06:00  INFO 577218 --- [pangochain-backend] [io-8080-exec-18] c.pangochain.backend.ipfs.IpfsService    : Fetched 780 bytes from primary IPFS CID=QmdMbyBpoGFK1mURYDVGnjQ4AkNoJfnaBed6stWNVYy8rq
2026-07-31T21:04:41.976+06:00  INFO 577218 --- [pangochain-backend] [io-8080-exec-19] c.pangochain.backend.ipfs.IpfsService    : Fetched 780 bytes from primary IPFS CID=QmdMbyBpoGFK1mURYDVGnjQ4AkNoJfnaBed6stWNVYy8rq
2026-07-31T21:04:41.976+06:00  INFO 577218 --- [pangochain-backend] [nio-8080-exec-6] c.pangochain.backend.ipfs.IpfsService    : Fetched 780 bytes from primary IPFS CID=QmdMbyBpoGFK1mURYDVGnjQ4AkNoJfnaBed6stWNVYy8rq
2026-07-31T21:04:41.976+06:00  INFO 577218 --- [pangochain-backend] [nio-8080-exec-7] c.pangochain.backend.ipfs.IpfsService    : Fetched 780 bytes from primary IPFS CID=QmdMbyBpoGFK1mURYDVGnjQ4AkNoJfnaBed6stWNVYy8rq
2026-07-31T21:04:41.976+06:00  INFO 577218 --- [pangochain-backend] [io-8080-exec-10] c.pangochain.backend.ipfs.IpfsService    : Fetched 780 bytes from primary IPFS CID=QmdMbyBpoGFK1mURYDVGnjQ4AkNoJfnaBed6stWNVYy8rq
2026-07-31T21:04:41.977+06:00  INFO 577218 --- [pangochain-backend] [io-8080-exec-15] c.pangochain.backend.ipfs.IpfsService    : Fetched 780 bytes from primary IPFS CID=QmdMbyBpoGFK1mURYDVGnjQ4AkNoJfnaBed6stWNVYy8rq
2026-07-31T21:04:41.986+06:00  INFO 577218 --- [pangochain-backend] [nio-8080-exec-5] c.p.backend.document.DocumentService     : ACL check: Layer1=PASS Layer2=PASS doc=7eb7b50a-21ec-4f40-a48a-98cccaa8f738 user=bench@pangochain.test
2026-07-31T21:04:41.986+06:00  INFO 577218 --- [pangochain-backend] [nio-8080-exec-8] c.p.backend.document.DocumentService     : ACL check: Layer1=PASS Layer2=PASS doc=7eb7b50a-21ec-4f40-a48a-98cccaa8f738 user=bench@pangochain.test
2026-07-31T21:04:41.986+06:00  INFO 577218 --- [pangochain-backend] [io-8080-exec-16] c.p.backend.document.DocumentService     : ACL check: Layer1=PASS Layer2=PASS doc=7eb7b50a-21ec-4f40-a48a-98cccaa8f738 user=bench@pangochain.test
2026-07-31T21:04:41.986+06:00  INFO 577218 --- [pangochain-backend] [io-8080-exec-14] c.p.backend.document.DocumentService     : ACL check: Layer1=PASS Layer2=PASS doc=7eb7b50a-21ec-4f40-a48a-98cccaa8f738 user=bench@pangochain.test
2026-07-31T21:04:41.987+06:00  INFO 577218 --- [pangochain-backend] [io-8080-exec-20] c.p.backend.document.DocumentService     : ACL check: Layer1=PASS Layer2=PASS doc=7eb7b50a-21ec-4f40-a48a-98cccaa8f738 user=bench@pangochain.test
2026-07-31T21:04:41.987+06:00  INFO 577218 --- [pangochain-backend] [nio-8080-exec-2] c.p.backend.document.DocumentService     : ACL check: Layer1=PASS Layer2=PASS doc=7eb7b50a-21ec-4f40-a48a-98cccaa8f738 user=bench@pangochain.test
2026-07-31T21:04:41.987+06:00  INFO 577218 --- [pangochain-backend] [io-8080-exec-17] c.p.backend.document.DocumentService     : ACL check: Layer1=PASS Layer2=PASS doc=7eb7b50a-21ec-4f40-a48a-98cccaa8f738 user=bench@pangochain.test
2026-07-31T21:04:41.987+06:00  INFO 577218 --- [pangochain-backend] [io-8080-exec-10] c.p.backend.document.DocumentService     : ACL check: Layer1=PASS Layer2=PASS doc=7eb7b50a-21ec-4f40-a48a-98cccaa8f738 user=bench@pangochain.test
2026-07-31T21:04:41.987+06:00  INFO 577218 --- [pangochain-backend] [io-8080-exec-12] c.p.backend.document.DocumentService     : ACL check: Layer1=PASS Layer2=PASS doc=7eb7b50a-21ec-4f40-a48a-98cccaa8f738 user=bench@pangochain.test
2026-07-31T21:04:41.987+06:00  INFO 577218 --- [pangochain-backend] [nio-8080-exec-1] c.p.backend.document.DocumentService     : ACL check: Layer1=PASS Layer2=PASS doc=7eb7b50a-21ec-4f40-a48a-98cccaa8f738 user=bench@pangochain.test
2026-07-31T21:04:41.988+06:00  INFO 577218 --- [pangochain-backend] [nio-8080-exec-8] c.pangochain.backend.ipfs.IpfsService    : Fetched 780 bytes from primary IPFS CID=QmdMbyBpoGFK1mURYDVGnjQ4AkNoJfnaBed6stWNVYy8rq
2026-07-31T21:04:41.988+06:00  INFO 577218 --- [pangochain-backend] [io-8080-exec-16] c.pangochain.backend.ipfs.IpfsService    : Fetched 780 bytes from primary IPFS CID=QmdMbyBpoGFK1mURYDVGnjQ4AkNoJfnaBed6stWNVYy8rq
2026-07-31T21:04:41.988+06:00  INFO 577218 --- [pangochain-backend] [io-8080-exec-20] c.pangochain.backend.ipfs.IpfsService    : Fetched 780 bytes from primary IPFS CID=QmdMbyBpoGFK1mURYDVGnjQ4AkNoJfnaBed6stWNVYy8rq
2026-07-31T21:04:41.988+06:00  INFO 577218 --- [pangochain-backend] [nio-8080-exec-5] c.pangochain.backend.ipfs.IpfsService    : Fetched 780 bytes from primary IPFS CID=QmdMbyBpoGFK1mURYDVGnjQ4AkNoJfnaBed6stWNVYy8rq
2026-07-31T21:04:41.988+06:00  INFO 577218 --- [pangochain-backend] [io-8080-exec-14] c.pangochain.backend.ipfs.IpfsService    : Fetched 780 bytes from primary IPFS CID=QmdMbyBpoGFK1mURYDVGnjQ4AkNoJfnaBed6stWNVYy8rq
2026-07-31T21:04:41.988+06:00  INFO 577218 --- [pangochain-backend] [io-8080-exec-10] c.pangochain.backend.ipfs.IpfsService    : Fetched 780 bytes from primary IPFS CID=QmdMbyBpoGFK1mURYDVGnjQ4AkNoJfnaBed6stWNVYy8rq
2026-07-31T21:04:41.988+06:00  INFO 577218 --- [pangochain-backend] [io-8080-exec-17] c.pangochain.backend.ipfs.IpfsService    : Fetched 780 bytes from primary IPFS CID=QmdMbyBpoGFK1mURYDVGnjQ4AkNoJfnaBed6stWNVYy8rq
2026-07-31T21:04:41.989+06:00  INFO 577218 --- [pangochain-backend] [nio-8080-exec-2] c.pangochain.backend.ipfs.IpfsService    : Fetched 780 bytes from primary IPFS CID=QmdMbyBpoGFK1mURYDVGnjQ4AkNoJfnaBed6stWNVYy8rq
2026-07-31T21:04:41.989+06:00  INFO 577218 --- [pangochain-backend] [io-8080-exec-12] c.pangochain.backend.ipfs.IpfsService    : Fetched 780 bytes from primary IPFS CID=QmdMbyBpoGFK1mURYDVGnjQ4AkNoJfnaBed6stWNVYy8rq
2026-07-31T21:04:41.989+06:00  INFO 577218 --- [pangochain-backend] [nio-8080-exec-1] c.pangochain.backend.ipfs.IpfsService    : Fetched 780 bytes from primary IPFS CID=QmdMbyBpoGFK1mURYDVGnjQ4AkNoJfnaBed6stWNVYy8rq
2026-07-31T21:04:41.999+06:00  INFO 577218 --- [pangochain-backend] [nio-8080-exec-9] c.p.backend.document.DocumentService     : ACL check: Layer1=PASS Layer2=PASS doc=7eb7b50a-21ec-4f40-a48a-98cccaa8f738 user=bench@pangochain.test
2026-07-31T21:04:41.999+06:00  INFO 577218 --- [pangochain-backend] [nio-8080-exec-6] c.p.backend.document.DocumentService     : ACL check: Layer1=PASS Layer2=PASS doc=7eb7b50a-21ec-4f40-a48a-98cccaa8f738 user=bench@pangochain.test
2026-07-31T21:04:41.999+06:00  INFO 577218 --- [pangochain-backend] [nio-8080-exec-7] c.p.backend.document.DocumentService     : ACL check: Layer1=PASS Layer2=PASS doc=7eb7b50a-21ec-4f40-a48a-98cccaa8f738 user=bench@pangochain.test
2026-07-31T21:04:41.999+06:00  INFO 577218 --- [pangochain-backend] [nio-8080-exec-3] c.p.backend.document.DocumentService     : ACL check: Layer1=PASS Layer2=PASS doc=7eb7b50a-21ec-4f40-a48a-98cccaa8f738 user=bench@pangochain.test
2026-07-31T21:04:41.999+06:00  INFO 577218 --- [pangochain-backend] [nio-8080-exec-4] c.p.backend.document.DocumentService     : ACL check: Layer1=PASS Layer2=PASS doc=7eb7b50a-21ec-4f40-a48a-98cccaa8f738 user=bench@pangochain.test
2026-07-31T21:04:41.999+06:00  INFO 577218 --- [pangochain-backend] [io-8080-exec-11] c.p.backend.document.DocumentService     : ACL check: Layer1=PASS Layer2=PASS doc=7eb7b50a-21ec-4f40-a48a-98cccaa8f738 user=bench@pangochain.test
2026-07-31T21:04:41.999+06:00  INFO 577218 --- [pangochain-backend] [io-8080-exec-19] c.p.backend.document.DocumentService     : ACL check: Layer1=PASS Layer2=PASS doc=7eb7b50a-21ec-4f40-a48a-98cccaa8f738 user=bench@pangochain.test
2026-07-31T21:04:41.999+06:00  INFO 577218 --- [pangochain-backend] [io-8080-exec-18] c.p.backend.document.DocumentService     : ACL check: Layer1=PASS Layer2=PASS doc=7eb7b50a-21ec-4f40-a48a-98cccaa8f738 user=bench@pangochain.test
2026-07-31T21:04:42.000+06:00  INFO 577218 --- [pangochain-backend] [io-8080-exec-13] c.p.backend.document.DocumentService     : ACL check: Layer1=PASS Layer2=PASS doc=7eb7b50a-21ec-4f40-a48a-98cccaa8f738 user=bench@pangochain.test
2026-07-31T21:04:42.000+06:00  INFO 577218 --- [pangochain-backend] [io-8080-exec-15] c.p.backend.document.DocumentService     : ACL check: Layer1=PASS Layer2=PASS doc=7eb7b50a-21ec-4f40-a48a-98cccaa8f738 user=bench@pangochain.test
2026-07-31T21:04:42.001+06:00  INFO 577218 --- [pangochain-backend] [io-8080-exec-11] c.pangochain.backend.ipfs.IpfsService    : Fetched 780 bytes from primary IPFS CID=QmdMbyBpoGFK1mURYDVGnjQ4AkNoJfnaBed6stWNVYy8rq
2026-07-31T21:04:42.001+06:00  INFO 577218 --- [pangochain-backend] [nio-8080-exec-4] c.pangochain.backend.ipfs.IpfsService    : Fetched 780 bytes from primary IPFS CID=QmdMbyBpoGFK1mURYDVGnjQ4AkNoJfnaBed6stWNVYy8rq
2026-07-31T21:04:42.001+06:00  INFO 577218 --- [pangochain-backend] [nio-8080-exec-6] c.pangochain.backend.ipfs.IpfsService    : Fetched 780 bytes from primary IPFS CID=QmdMbyBpoGFK1mURYDVGnjQ4AkNoJfnaBed6stWNVYy8rq
2026-07-31T21:04:42.002+06:00  INFO 577218 --- [pangochain-backend] [io-8080-exec-18] c.pangochain.backend.ipfs.IpfsService    : Fetched 780 bytes from primary IPFS CID=QmdMbyBpoGFK1mURYDVGnjQ4AkNoJfnaBed6stWNVYy8rq
2026-07-31T21:04:42.002+06:00  INFO 577218 --- [pangochain-backend] [io-8080-exec-19] c.pangochain.backend.ipfs.IpfsService    : Fetched 780 bytes from primary IPFS CID=QmdMbyBpoGFK1mURYDVGnjQ4AkNoJfnaBed6stWNVYy8rq
2026-07-31T21:04:42.002+06:00  INFO 577218 --- [pangochain-backend] [io-8080-exec-15] c.pangochain.backend.ipfs.IpfsService    : Fetched 780 bytes from primary IPFS CID=QmdMbyBpoGFK1mURYDVGnjQ4AkNoJfnaBed6stWNVYy8rq
2026-07-31T21:04:42.001+06:00  INFO 577218 --- [pangochain-backend] [io-8080-exec-13] c.pangochain.backend.ipfs.IpfsService    : Fetched 780 bytes from primary IPFS CID=QmdMbyBpoGFK1mURYDVGnjQ4AkNoJfnaBed6stWNVYy8rq
2026-07-31T21:04:42.001+06:00  INFO 577218 --- [pangochain-backend] [nio-8080-exec-7] c.pangochain.backend.ipfs.IpfsService    : Fetched 780 bytes from primary IPFS CID=QmdMbyBpoGFK1mURYDVGnjQ4AkNoJfnaBed6stWNVYy8rq
2026-07-31T21:04:42.002+06:00  INFO 577218 --- [pangochain-backend] [nio-8080-exec-9] c.pangochain.backend.ipfs.IpfsService    : Fetched 780 bytes from primary IPFS CID=QmdMbyBpoGFK1mURYDVGnjQ4AkNoJfnaBed6stWNVYy8rq
2026-07-31T21:04:42.002+06:00  INFO 577218 --- [pangochain-backend] [nio-8080-exec-3] c.pangochain.backend.ipfs.IpfsService    : Fetched 780 bytes from primary IPFS CID=QmdMbyBpoGFK1mURYDVGnjQ4AkNoJfnaBed6stWNVYy8rq
2026-07-31T21:04:42.011+06:00  INFO 577218 --- [pangochain-backend] [io-8080-exec-10] c.p.backend.document.DocumentService     : ACL check: Layer1=PASS Layer2=PASS doc=7eb7b50a-21ec-4f40-a48a-98cccaa8f738 user=bench@pangochain.test
2026-07-31T21:04:42.011+06:00  INFO 577218 --- [pangochain-backend] [nio-8080-exec-8] c.p.backend.document.DocumentService     : ACL check: Layer1=PASS Layer2=PASS doc=7eb7b50a-21ec-4f40-a48a-98cccaa8f738 user=bench@pangochain.test
2026-07-31T21:04:42.011+06:00  INFO 577218 --- [pangochain-backend] [io-8080-exec-17] c.p.backend.document.DocumentService     : ACL check: Layer1=PASS Layer2=PASS doc=7eb7b50a-21ec-4f40-a48a-98cccaa8f738 user=bench@pangochain.test
2026-07-31T21:04:42.012+06:00  INFO 577218 --- [pangochain-backend] [io-8080-exec-16] c.p.backend.document.DocumentService     : ACL check: Layer1=PASS Layer2=PASS doc=7eb7b50a-21ec-4f40-a48a-98cccaa8f738 user=bench@pangochain.test
2026-07-31T21:04:42.012+06:00  INFO 577218 --- [pangochain-backend] [io-8080-exec-20] c.p.backend.document.DocumentService     : ACL check: Layer1=PASS Layer2=PASS doc=7eb7b50a-21ec-4f40-a48a-98cccaa8f738 user=bench@pangochain.test
2026-07-31T21:04:42.012+06:00  INFO 577218 --- [pangochain-backend] [io-8080-exec-12] c.p.backend.document.DocumentService     : ACL check: Layer1=PASS Layer2=PASS doc=7eb7b50a-21ec-4f40-a48a-98cccaa8f738 user=bench@pangochain.test
2026-07-31T21:04:42.012+06:00  INFO 577218 --- [pangochain-backend] [nio-8080-exec-5] c.p.backend.document.DocumentService     : ACL check: Layer1=PASS Layer2=PASS doc=7eb7b50a-21ec-4f40-a48a-98cccaa8f738 user=bench@pangochain.test
2026-07-31T21:04:42.012+06:00  INFO 577218 --- [pangochain-backend] [io-8080-exec-14] c.p.backend.document.DocumentService     : ACL check: Layer1=PASS Layer2=PASS doc=7eb7b50a-21ec-4f40-a48a-98cccaa8f738 user=bench@pangochain.test
2026-07-31T21:04:42.012+06:00  INFO 577218 --- [pangochain-backend] [nio-8080-exec-2] c.p.backend.document.DocumentService     : ACL check: Layer1=PASS Layer2=PASS doc=7eb7b50a-21ec-4f40-a48a-98cccaa8f738 user=bench@pangochain.test
2026-07-31T21:04:42.012+06:00  INFO 577218 --- [pangochain-backend] [nio-8080-exec-1] c.p.backend.document.DocumentService     : ACL check: Layer1=PASS Layer2=PASS doc=7eb7b50a-21ec-4f40-a48a-98cccaa8f738 user=bench@pangochain.test
2026-07-31T21:04:42.013+06:00  INFO 577218 --- [pangochain-backend] [nio-8080-exec-5] c.pangochain.backend.ipfs.IpfsService    : Fetched 780 bytes from primary IPFS CID=QmdMbyBpoGFK1mURYDVGnjQ4AkNoJfnaBed6stWNVYy8rq
2026-07-31T21:04:42.013+06:00  INFO 577218 --- [pangochain-backend] [io-8080-exec-17] c.pangochain.backend.ipfs.IpfsService    : Fetched 780 bytes from primary IPFS CID=QmdMbyBpoGFK1mURYDVGnjQ4AkNoJfnaBed6stWNVYy8rq
2026-07-31T21:04:42.013+06:00  INFO 577218 --- [pangochain-backend] [io-8080-exec-10] c.pangochain.backend.ipfs.IpfsService    : Fetched 780 bytes from primary IPFS CID=QmdMbyBpoGFK1mURYDVGnjQ4AkNoJfnaBed6stWNVYy8rq
2026-07-31T21:04:42.014+06:00  INFO 577218 --- [pangochain-backend] [nio-8080-exec-8] c.pangochain.backend.ipfs.IpfsService    : Fetched 780 bytes from primary IPFS CID=QmdMbyBpoGFK1mURYDVGnjQ4AkNoJfnaBed6stWNVYy8rq
2026-07-31T21:04:42.014+06:00  INFO 577218 --- [pangochain-backend] [io-8080-exec-12] c.pangochain.backend.ipfs.IpfsService    : Fetched 780 bytes from primary IPFS CID=QmdMbyBpoGFK1mURYDVGnjQ4AkNoJfnaBed6stWNVYy8rq
2026-07-31T21:04:42.014+06:00  INFO 577218 --- [pangochain-backend] [nio-8080-exec-2] c.pangochain.backend.ipfs.IpfsService    : Fetched 780 bytes from primary IPFS CID=QmdMbyBpoGFK1mURYDVGnjQ4AkNoJfnaBed6stWNVYy8rq
2026-07-31T21:04:42.014+06:00  INFO 577218 --- [pangochain-backend] [io-8080-exec-20] c.pangochain.backend.ipfs.IpfsService    : Fetched 780 bytes from primary IPFS CID=QmdMbyBpoGFK1mURYDVGnjQ4AkNoJfnaBed6stWNVYy8rq
2026-07-31T21:04:42.014+06:00  INFO 577218 --- [pangochain-backend] [io-8080-exec-16] c.pangochain.backend.ipfs.IpfsService    : Fetched 780 bytes from primary IPFS CID=QmdMbyBpoGFK1mURYDVGnjQ4AkNoJfnaBed6stWNVYy8rq
2026-07-31T21:04:42.014+06:00  INFO 577218 --- [pangochain-backend] [io-8080-exec-14] c.pangochain.backend.ipfs.IpfsService    : Fetched 780 bytes from primary IPFS CID=QmdMbyBpoGFK1mURYDVGnjQ4AkNoJfnaBed6stWNVYy8rq
2026-07-31T21:04:42.017+06:00  INFO 577218 --- [pangochain-backend] [nio-8080-exec-1] c.pangochain.backend.ipfs.IpfsService    : Fetched 780 bytes from primary IPFS CID=QmdMbyBpoGFK1mURYDVGnjQ4AkNoJfnaBed6stWNVYy8rq
2026-07-31T21:04:42.023+06:00  INFO 577218 --- [pangochain-backend] [nio-8080-exec-9] c.p.backend.document.DocumentService     : ACL check: Layer1=PASS Layer2=PASS doc=7eb7b50a-21ec-4f40-a48a-98cccaa8f738 user=bench@pangochain.test
2026-07-31T21:04:42.023+06:00  INFO 577218 --- [pangochain-backend] [nio-8080-exec-7] c.p.backend.document.DocumentService     : ACL check: Layer1=PASS Layer2=PASS doc=7eb7b50a-21ec-4f40-a48a-98cccaa8f738 user=bench@pangochain.test
2026-07-31T21:04:42.023+06:00  INFO 577218 --- [pangochain-backend] [io-8080-exec-18] c.p.backend.document.DocumentService     : ACL check: Layer1=PASS Layer2=PASS doc=7eb7b50a-21ec-4f40-a48a-98cccaa8f738 user=bench@pangochain.test
2026-07-31T21:04:42.024+06:00  INFO 577218 --- [pangochain-backend] [io-8080-exec-19] c.p.backend.document.DocumentService     : ACL check: Layer1=PASS Layer2=PASS doc=7eb7b50a-21ec-4f40-a48a-98cccaa8f738 user=bench@pangochain.test
2026-07-31T21:04:42.023+06:00  INFO 577218 --- [pangochain-backend] [io-8080-exec-11] c.p.backend.document.DocumentService     : ACL check: Layer1=PASS Layer2=PASS doc=7eb7b50a-21ec-4f40-a48a-98cccaa8f738 user=bench@pangochain.test
2026-07-31T21:04:42.024+06:00  INFO 577218 --- [pangochain-backend] [nio-8080-exec-6] c.p.backend.document.DocumentService     : ACL check: Layer1=PASS Layer2=PASS doc=7eb7b50a-21ec-4f40-a48a-98cccaa8f738 user=bench@pangochain.test
2026-07-31T21:04:42.024+06:00  INFO 577218 --- [pangochain-backend] [io-8080-exec-13] c.p.backend.document.DocumentService     : ACL check: Layer1=PASS Layer2=PASS doc=7eb7b50a-21ec-4f40-a48a-98cccaa8f738 user=bench@pangochain.test
2026-07-31T21:04:42.024+06:00  INFO 577218 --- [pangochain-backend] [io-8080-exec-15] c.p.backend.document.DocumentService     : ACL check: Layer1=PASS Layer2=PASS doc=7eb7b50a-21ec-4f40-a48a-98cccaa8f738 user=bench@pangochain.test
2026-07-31T21:04:42.024+06:00  INFO 577218 --- [pangochain-backend] [nio-8080-exec-3] c.p.backend.document.DocumentService     : ACL check: Layer1=PASS Layer2=PASS doc=7eb7b50a-21ec-4f40-a48a-98cccaa8f738 user=bench@pangochain.test
2026-07-31T21:04:42.024+06:00  INFO 577218 --- [pangochain-backend] [nio-8080-exec-4] c.p.backend.document.DocumentService     : ACL check: Layer1=PASS Layer2=PASS doc=7eb7b50a-21ec-4f40-a48a-98cccaa8f738 user=bench@pangochain.test
2026-07-31T21:04:42.025+06:00  INFO 577218 --- [pangochain-backend] [io-8080-exec-13] c.pangochain.backend.ipfs.IpfsService    : Fetched 780 bytes from primary IPFS CID=QmdMbyBpoGFK1mURYDVGnjQ4AkNoJfnaBed6stWNVYy8rq
2026-07-31T21:04:42.025+06:00  INFO 577218 --- [pangochain-backend] [io-8080-exec-18] c.pangochain.backend.ipfs.IpfsService    : Fetched 780 bytes from primary IPFS CID=QmdMbyBpoGFK1mURYDVGnjQ4AkNoJfnaBed6stWNVYy8rq
2026-07-31T21:04:42.025+06:00  INFO 577218 --- [pangochain-backend] [nio-8080-exec-6] c.pangochain.backend.ipfs.IpfsService    : Fetched 780 bytes from primary IPFS CID=QmdMbyBpoGFK1mURYDVGnjQ4AkNoJfnaBed6stWNVYy8rq
2026-07-31T21:04:42.025+06:00  INFO 577218 --- [pangochain-backend] [io-8080-exec-15] c.pangochain.backend.ipfs.IpfsService    : Fetched 780 bytes from primary IPFS CID=QmdMbyBpoGFK1mURYDVGnjQ4AkNoJfnaBed6stWNVYy8rq
2026-07-31T21:04:42.025+06:00  INFO 577218 --- [pangochain-backend] [nio-8080-exec-3] c.pangochain.backend.ipfs.IpfsService    : Fetched 780 bytes from primary IPFS CID=QmdMbyBpoGFK1mURYDVGnjQ4AkNoJfnaBed6stWNVYy8rq
2026-07-31T21:04:42.025+06:00  INFO 577218 --- [pangochain-backend] [io-8080-exec-19] c.pangochain.backend.ipfs.IpfsService    : Fetched 780 bytes from primary IPFS CID=QmdMbyBpoGFK1mURYDVGnjQ4AkNoJfnaBed6stWNVYy8rq
2026-07-31T21:04:42.025+06:00  INFO 577218 --- [pangochain-backend] [nio-8080-exec-4] c.pangochain.backend.ipfs.IpfsService    : Fetched 780 bytes from primary IPFS CID=QmdMbyBpoGFK1mURYDVGnjQ4AkNoJfnaBed6stWNVYy8rq
2026-07-31T21:04:42.026+06:00  INFO 577218 --- [pangochain-backend] [nio-8080-exec-9] c.pangochain.backend.ipfs.IpfsService    : Fetched 780 bytes from primary IPFS CID=QmdMbyBpoGFK1mURYDVGnjQ4AkNoJfnaBed6stWNVYy8rq
2026-07-31T21:04:42.026+06:00  INFO 577218 --- [pangochain-backend] [nio-8080-exec-7] c.pangochain.backend.ipfs.IpfsService    : Fetched 780 bytes from primary IPFS CID=QmdMbyBpoGFK1mURYDVGnjQ4AkNoJfnaBed6stWNVYy8rq
2026-07-31T21:04:42.026+06:00  INFO 577218 --- [pangochain-backend] [io-8080-exec-11] c.pangochain.backend.ipfs.IpfsService    : Fetched 780 bytes from primary IPFS CID=QmdMbyBpoGFK1mURYDVGnjQ4AkNoJfnaBed6stWNVYy8rq
2026-07-31T21:04:42.035+06:00  INFO 577218 --- [pangochain-backend] [io-8080-exec-16] c.p.backend.document.DocumentService     : ACL check: Layer1=PASS Layer2=PASS doc=7eb7b50a-21ec-4f40-a48a-98cccaa8f738 user=bench@pangochain.test
2026-07-31T21:04:42.036+06:00  INFO 577218 --- [pangochain-backend] [nio-8080-exec-5] c.p.backend.document.DocumentService     : ACL check: Layer1=PASS Layer2=PASS doc=7eb7b50a-21ec-4f40-a48a-98cccaa8f738 user=bench@pangochain.test
2026-07-31T21:04:42.036+06:00  INFO 577218 --- [pangochain-backend] [io-8080-exec-10] c.p.backend.document.DocumentService     : ACL check: Layer1=PASS Layer2=PASS doc=7eb7b50a-21ec-4f40-a48a-98cccaa8f738 user=bench@pangochain.test
2026-07-31T21:04:42.036+06:00  INFO 577218 --- [pangochain-backend] [nio-8080-exec-7] c.p.backend.document.DocumentService     : ACL check: Layer1=PASS Layer2=PASS doc=7eb7b50a-21ec-4f40-a48a-98cccaa8f738 user=bench@pangochain.test
2026-07-31T21:04:42.036+06:00  INFO 577218 --- [pangochain-backend] [io-8080-exec-17] c.p.backend.document.DocumentService     : ACL check: Layer1=PASS Layer2=PASS doc=7eb7b50a-21ec-4f40-a48a-98cccaa8f738 user=bench@pangochain.test
2026-07-31T21:04:42.036+06:00  INFO 577218 --- [pangochain-backend] [io-8080-exec-12] c.p.backend.document.DocumentService     : ACL check: Layer1=PASS Layer2=PASS doc=7eb7b50a-21ec-4f40-a48a-98cccaa8f738 user=bench@pangochain.test
2026-07-31T21:04:42.036+06:00  INFO 577218 --- [pangochain-backend] [nio-8080-exec-8] c.p.backend.document.DocumentService     : ACL check: Layer1=PASS Layer2=PASS doc=7eb7b50a-21ec-4f40-a48a-98cccaa8f738 user=bench@pangochain.test
2026-07-31T21:04:42.036+06:00  INFO 577218 --- [pangochain-backend] [nio-8080-exec-2] c.p.backend.document.DocumentService     : ACL check: Layer1=PASS Layer2=PASS doc=7eb7b50a-21ec-4f40-a48a-98cccaa8f738 user=bench@pangochain.test
2026-07-31T21:04:42.036+06:00  INFO 577218 --- [pangochain-backend] [io-8080-exec-20] c.p.backend.document.DocumentService     : ACL check: Layer1=PASS Layer2=PASS doc=7eb7b50a-21ec-4f40-a48a-98cccaa8f738 user=bench@pangochain.test
2026-07-31T21:04:42.036+06:00  INFO 577218 --- [pangochain-backend] [nio-8080-exec-1] c.p.backend.document.DocumentService     : ACL check: Layer1=PASS Layer2=PASS doc=7eb7b50a-21ec-4f40-a48a-98cccaa8f738 user=bench@pangochain.test
2026-07-31T21:04:42.037+06:00  INFO 577218 --- [pangochain-backend] [nio-8080-exec-7] c.pangochain.backend.ipfs.IpfsService    : Fetched 780 bytes from primary IPFS CID=QmdMbyBpoGFK1mURYDVGnjQ4AkNoJfnaBed6stWNVYy8rq
2026-07-31T21:04:42.037+06:00  INFO 577218 --- [pangochain-backend] [nio-8080-exec-2] c.pangochain.backend.ipfs.IpfsService    : Fetched 780 bytes from primary IPFS CID=QmdMbyBpoGFK1mURYDVGnjQ4AkNoJfnaBed6stWNVYy8rq
2026-07-31T21:04:42.037+06:00  INFO 577218 --- [pangochain-backend] [io-8080-exec-12] c.pangochain.backend.ipfs.IpfsService    : Fetched 780 bytes from primary IPFS CID=QmdMbyBpoGFK1mURYDVGnjQ4AkNoJfnaBed6stWNVYy8rq
2026-07-31T21:04:42.037+06:00  INFO 577218 --- [pangochain-backend] [nio-8080-exec-5] c.pangochain.backend.ipfs.IpfsService    : Fetched 780 bytes from primary IPFS CID=QmdMbyBpoGFK1mURYDVGnjQ4AkNoJfnaBed6stWNVYy8rq
2026-07-31T21:04:42.037+06:00  INFO 577218 --- [pangochain-backend] [io-8080-exec-17] c.pangochain.backend.ipfs.IpfsService    : Fetched 780 bytes from primary IPFS CID=QmdMbyBpoGFK1mURYDVGnjQ4AkNoJfnaBed6stWNVYy8rq
2026-07-31T21:04:42.038+06:00  INFO 577218 --- [pangochain-backend] [nio-8080-exec-1] c.pangochain.backend.ipfs.IpfsService    : Fetched 780 bytes from primary IPFS CID=QmdMbyBpoGFK1mURYDVGnjQ4AkNoJfnaBed6stWNVYy8rq
2026-07-31T21:04:42.038+06:00  INFO 577218 --- [pangochain-backend] [io-8080-exec-16] c.pangochain.backend.ipfs.IpfsService    : Fetched 780 bytes from primary IPFS CID=QmdMbyBpoGFK1mURYDVGnjQ4AkNoJfnaBed6stWNVYy8rq
2026-07-31T21:04:42.038+06:00  INFO 577218 --- [pangochain-backend] [nio-8080-exec-8] c.pangochain.backend.ipfs.IpfsService    : Fetched 780 bytes from primary IPFS CID=QmdMbyBpoGFK1mURYDVGnjQ4AkNoJfnaBed6stWNVYy8rq
2026-07-31T21:04:42.038+06:00  INFO 577218 --- [pangochain-backend] [io-8080-exec-20] c.pangochain.backend.ipfs.IpfsService    : Fetched 780 bytes from primary IPFS CID=QmdMbyBpoGFK1mURYDVGnjQ4AkNoJfnaBed6stWNVYy8rq
2026-07-31T21:04:42.038+06:00  INFO 577218 --- [pangochain-backend] [io-8080-exec-10] c.pangochain.backend.ipfs.IpfsService    : Fetched 780 bytes from primary IPFS CID=QmdMbyBpoGFK1mURYDVGnjQ4AkNoJfnaBed6stWNVYy8rq
2026-07-31T21:04:42.048+06:00  INFO 577218 --- [pangochain-backend] [nio-8080-exec-6] c.p.backend.document.DocumentService     : ACL check: Layer1=PASS Layer2=PASS doc=7eb7b50a-21ec-4f40-a48a-98cccaa8f738 user=bench@pangochain.test
2026-07-31T21:04:42.048+06:00  INFO 577218 --- [pangochain-backend] [io-8080-exec-19] c.p.backend.document.DocumentService     : ACL check: Layer1=PASS Layer2=PASS doc=7eb7b50a-21ec-4f40-a48a-98cccaa8f738 user=bench@pangochain.test
2026-07-31T21:04:42.048+06:00  INFO 577218 --- [pangochain-backend] [io-8080-exec-13] c.p.backend.document.DocumentService     : ACL check: Layer1=PASS Layer2=PASS doc=7eb7b50a-21ec-4f40-a48a-98cccaa8f738 user=bench@pangochain.test
2026-07-31T21:04:42.048+06:00  INFO 577218 --- [pangochain-backend] [io-8080-exec-18] c.p.backend.document.DocumentService     : ACL check: Layer1=PASS Layer2=PASS doc=7eb7b50a-21ec-4f40-a48a-98cccaa8f738 user=bench@pangochain.test
2026-07-31T21:04:42.048+06:00  INFO 577218 --- [pangochain-backend] [nio-8080-exec-9] c.p.backend.document.DocumentService     : ACL check: Layer1=PASS Layer2=PASS doc=7eb7b50a-21ec-4f40-a48a-98cccaa8f738 user=bench@pangochain.test
2026-07-31T21:04:42.048+06:00  INFO 577218 --- [pangochain-backend] [io-8080-exec-11] c.p.backend.document.DocumentService     : ACL check: Layer1=PASS Layer2=PASS doc=7eb7b50a-21ec-4f40-a48a-98cccaa8f738 user=bench@pangochain.test
2026-07-31T21:04:42.048+06:00  INFO 577218 --- [pangochain-backend] [io-8080-exec-14] c.p.backend.document.DocumentService     : ACL check: Layer1=PASS Layer2=PASS doc=7eb7b50a-21ec-4f40-a48a-98cccaa8f738 user=bench@pangochain.test
2026-07-31T21:04:42.048+06:00  INFO 577218 --- [pangochain-backend] [nio-8080-exec-4] c.p.backend.document.DocumentService     : ACL check: Layer1=PASS Layer2=PASS doc=7eb7b50a-21ec-4f40-a48a-98cccaa8f738 user=bench@pangochain.test
2026-07-31T21:04:42.048+06:00  INFO 577218 --- [pangochain-backend] [nio-8080-exec-3] c.p.backend.document.DocumentService     : ACL check: Layer1=PASS Layer2=PASS doc=7eb7b50a-21ec-4f40-a48a-98cccaa8f738 user=bench@pangochain.test
2026-07-31T21:04:42.049+06:00  INFO 577218 --- [pangochain-backend] [io-8080-exec-15] c.p.backend.document.DocumentService     : ACL check: Layer1=PASS Layer2=PASS doc=7eb7b50a-21ec-4f40-a48a-98cccaa8f738 user=bench@pangochain.test
2026-07-31T21:04:42.050+06:00  INFO 577218 --- [pangochain-backend] [io-8080-exec-18] c.pangochain.backend.ipfs.IpfsService    : Fetched 780 bytes from primary IPFS CID=QmdMbyBpoGFK1mURYDVGnjQ4AkNoJfnaBed6stWNVYy8rq
2026-07-31T21:04:42.050+06:00  INFO 577218 --- [pangochain-backend] [io-8080-exec-14] c.pangochain.backend.ipfs.IpfsService    : Fetched 780 bytes from primary IPFS CID=QmdMbyBpoGFK1mURYDVGnjQ4AkNoJfnaBed6stWNVYy8rq
2026-07-31T21:04:42.050+06:00  INFO 577218 --- [pangochain-backend] [io-8080-exec-11] c.pangochain.backend.ipfs.IpfsService    : Fetched 780 bytes from primary IPFS CID=QmdMbyBpoGFK1mURYDVGnjQ4AkNoJfnaBed6stWNVYy8rq
2026-07-31T21:04:42.050+06:00  INFO 577218 --- [pangochain-backend] [io-8080-exec-19] c.pangochain.backend.ipfs.IpfsService    : Fetched 780 bytes from primary IPFS CID=QmdMbyBpoGFK1mURYDVGnjQ4AkNoJfnaBed6stWNVYy8rq
2026-07-31T21:04:42.050+06:00  INFO 577218 --- [pangochain-backend] [io-8080-exec-13] c.pangochain.backend.ipfs.IpfsService    : Fetched 780 bytes from primary IPFS CID=QmdMbyBpoGFK1mURYDVGnjQ4AkNoJfnaBed6stWNVYy8rq
2026-07-31T21:04:42.050+06:00  INFO 577218 --- [pangochain-backend] [nio-8080-exec-4] c.pangochain.backend.ipfs.IpfsService    : Fetched 780 bytes from primary IPFS CID=QmdMbyBpoGFK1mURYDVGnjQ4AkNoJfnaBed6stWNVYy8rq
2026-07-31T21:04:42.050+06:00  INFO 577218 --- [pangochain-backend] [nio-8080-exec-6] c.pangochain.backend.ipfs.IpfsService    : Fetched 780 bytes from primary IPFS CID=QmdMbyBpoGFK1mURYDVGnjQ4AkNoJfnaBed6stWNVYy8rq
2026-07-31T21:04:42.050+06:00  INFO 577218 --- [pangochain-backend] [nio-8080-exec-3] c.pangochain.backend.ipfs.IpfsService    : Fetched 780 bytes from primary IPFS CID=QmdMbyBpoGFK1mURYDVGnjQ4AkNoJfnaBed6stWNVYy8rq
2026-07-31T21:04:42.050+06:00  INFO 577218 --- [pangochain-backend] [io-8080-exec-15] c.pangochain.backend.ipfs.IpfsService    : Fetched 780 bytes from primary IPFS CID=QmdMbyBpoGFK1mURYDVGnjQ4AkNoJfnaBed6stWNVYy8rq
2026-07-31T21:04:42.050+06:00  INFO 577218 --- [pangochain-backend] [nio-8080-exec-9] c.pangochain.backend.ipfs.IpfsService    : Fetched 780 bytes from primary IPFS CID=QmdMbyBpoGFK1mURYDVGnjQ4AkNoJfnaBed6stWNVYy8rq
2026-07-31T21:04:42.059+06:00  INFO 577218 --- [pangochain-backend] [nio-8080-exec-1] c.p.backend.document.DocumentService     : ACL check: Layer1=PASS Layer2=PASS doc=7eb7b50a-21ec-4f40-a48a-98cccaa8f738 user=bench@pangochain.test
2026-07-31T21:04:42.059+06:00  INFO 577218 --- [pangochain-backend] [io-8080-exec-10] c.p.backend.document.DocumentService     : ACL check: Layer1=PASS Layer2=PASS doc=7eb7b50a-21ec-4f40-a48a-98cccaa8f738 user=bench@pangochain.test
2026-07-31T21:04:42.059+06:00  INFO 577218 --- [pangochain-backend] [nio-8080-exec-5] c.p.backend.document.DocumentService     : ACL check: Layer1=PASS Layer2=PASS doc=7eb7b50a-21ec-4f40-a48a-98cccaa8f738 user=bench@pangochain.test
2026-07-31T21:04:42.059+06:00  INFO 577218 --- [pangochain-backend] [io-8080-exec-12] c.p.backend.document.DocumentService     : ACL check: Layer1=PASS Layer2=PASS doc=7eb7b50a-21ec-4f40-a48a-98cccaa8f738 user=bench@pangochain.test
2026-07-31T21:04:42.059+06:00  INFO 577218 --- [pangochain-backend] [nio-8080-exec-8] c.p.backend.document.DocumentService     : ACL check: Layer1=PASS Layer2=PASS doc=7eb7b50a-21ec-4f40-a48a-98cccaa8f738 user=bench@pangochain.test
2026-07-31T21:04:42.059+06:00  INFO 577218 --- [pangochain-backend] [io-8080-exec-16] c.p.backend.document.DocumentService     : ACL check: Layer1=PASS Layer2=PASS doc=7eb7b50a-21ec-4f40-a48a-98cccaa8f738 user=bench@pangochain.test
2026-07-31T21:04:42.059+06:00  INFO 577218 --- [pangochain-backend] [nio-8080-exec-9] c.p.backend.document.DocumentService     : ACL check: Layer1=PASS Layer2=PASS doc=7eb7b50a-21ec-4f40-a48a-98cccaa8f738 user=bench@pangochain.test
2026-07-31T21:04:42.060+06:00  INFO 577218 --- [pangochain-backend] [nio-8080-exec-7] c.p.backend.document.DocumentService     : ACL check: Layer1=PASS Layer2=PASS doc=7eb7b50a-21ec-4f40-a48a-98cccaa8f738 user=bench@pangochain.test
2026-07-31T21:04:42.060+06:00  INFO 577218 --- [pangochain-backend] [io-8080-exec-17] c.p.backend.document.DocumentService     : ACL check: Layer1=PASS Layer2=PASS doc=7eb7b50a-21ec-4f40-a48a-98cccaa8f738 user=bench@pangochain.test
2026-07-31T21:04:42.060+06:00  INFO 577218 --- [pangochain-backend] [io-8080-exec-20] c.p.backend.document.DocumentService     : ACL check: Layer1=PASS Layer2=PASS doc=7eb7b50a-21ec-4f40-a48a-98cccaa8f738 user=bench@pangochain.test
2026-07-31T21:04:42.061+06:00  INFO 577218 --- [pangochain-backend] [nio-8080-exec-7] c.pangochain.backend.ipfs.IpfsService    : Fetched 780 bytes from primary IPFS CID=QmdMbyBpoGFK1mURYDVGnjQ4AkNoJfnaBed6stWNVYy8rq
2026-07-31T21:04:42.061+06:00  INFO 577218 --- [pangochain-backend] [io-8080-exec-12] c.pangochain.backend.ipfs.IpfsService    : Fetched 780 bytes from primary IPFS CID=QmdMbyBpoGFK1mURYDVGnjQ4AkNoJfnaBed6stWNVYy8rq
2026-07-31T21:04:42.061+06:00  INFO 577218 --- [pangochain-backend] [io-8080-exec-20] c.pangochain.backend.ipfs.IpfsService    : Fetched 780 bytes from primary IPFS CID=QmdMbyBpoGFK1mURYDVGnjQ4AkNoJfnaBed6stWNVYy8rq
2026-07-31T21:04:42.061+06:00  INFO 577218 --- [pangochain-backend] [io-8080-exec-10] c.pangochain.backend.ipfs.IpfsService    : Fetched 780 bytes from primary IPFS CID=QmdMbyBpoGFK1mURYDVGnjQ4AkNoJfnaBed6stWNVYy8rq
2026-07-31T21:04:42.061+06:00  INFO 577218 --- [pangochain-backend] [nio-8080-exec-8] c.pangochain.backend.ipfs.IpfsService    : Fetched 780 bytes from primary IPFS CID=QmdMbyBpoGFK1mURYDVGnjQ4AkNoJfnaBed6stWNVYy8rq
2026-07-31T21:04:42.061+06:00  INFO 577218 --- [pangochain-backend] [nio-8080-exec-5] c.pangochain.backend.ipfs.IpfsService    : Fetched 780 bytes from primary IPFS CID=QmdMbyBpoGFK1mURYDVGnjQ4AkNoJfnaBed6stWNVYy8rq
2026-07-31T21:04:42.061+06:00  INFO 577218 --- [pangochain-backend] [nio-8080-exec-9] c.pangochain.backend.ipfs.IpfsService    : Fetched 780 bytes from primary IPFS CID=QmdMbyBpoGFK1mURYDVGnjQ4AkNoJfnaBed6stWNVYy8rq
2026-07-31T21:04:42.061+06:00  INFO 577218 --- [pangochain-backend] [io-8080-exec-16] c.pangochain.backend.ipfs.IpfsService    : Fetched 780 bytes from primary IPFS CID=QmdMbyBpoGFK1mURYDVGnjQ4AkNoJfnaBed6stWNVYy8rq
2026-07-31T21:04:42.061+06:00  INFO 577218 --- [pangochain-backend] [io-8080-exec-17] c.pangochain.backend.ipfs.IpfsService    : Fetched 780 bytes from primary IPFS CID=QmdMbyBpoGFK1mURYDVGnjQ4AkNoJfnaBed6stWNVYy8rq
2026-07-31T21:04:42.061+06:00  INFO 577218 --- [pangochain-backend] [nio-8080-exec-1] c.pangochain.backend.ipfs.IpfsService    : Fetched 780 bytes from primary IPFS CID=QmdMbyBpoGFK1mURYDVGnjQ4AkNoJfnaBed6stWNVYy8rq
2026-07-31T21:04:42.070+06:00  INFO 577218 --- [pangochain-backend] [io-8080-exec-13] c.p.backend.document.DocumentService     : ACL check: Layer1=PASS Layer2=PASS doc=7eb7b50a-21ec-4f40-a48a-98cccaa8f738 user=bench@pangochain.test
2026-07-31T21:04:42.070+06:00  INFO 577218 --- [pangochain-backend] [nio-8080-exec-6] c.p.backend.document.DocumentService     : ACL check: Layer1=PASS Layer2=PASS doc=7eb7b50a-21ec-4f40-a48a-98cccaa8f738 user=bench@pangochain.test
2026-07-31T21:04:42.070+06:00  INFO 577218 --- [pangochain-backend] [nio-8080-exec-4] c.p.backend.document.DocumentService     : ACL check: Layer1=PASS Layer2=PASS doc=7eb7b50a-21ec-4f40-a48a-98cccaa8f738 user=bench@pangochain.test
2026-07-31T21:04:42.070+06:00  INFO 577218 --- [pangochain-backend] [io-8080-exec-14] c.p.backend.document.DocumentService     : ACL check: Layer1=PASS Layer2=PASS doc=7eb7b50a-21ec-4f40-a48a-98cccaa8f738 user=bench@pangochain.test
2026-07-31T21:04:42.070+06:00  INFO 577218 --- [pangochain-backend] [nio-8080-exec-3] c.p.backend.document.DocumentService     : ACL check: Layer1=PASS Layer2=PASS doc=7eb7b50a-21ec-4f40-a48a-98cccaa8f738 user=bench@pangochain.test
2026-07-31T21:04:42.070+06:00  INFO 577218 --- [pangochain-backend] [io-8080-exec-18] c.p.backend.document.DocumentService     : ACL check: Layer1=PASS Layer2=PASS doc=7eb7b50a-21ec-4f40-a48a-98cccaa8f738 user=bench@pangochain.test
2026-07-31T21:04:42.070+06:00  INFO 577218 --- [pangochain-backend] [nio-8080-exec-2] c.p.backend.document.DocumentService     : ACL check: Layer1=PASS Layer2=PASS doc=7eb7b50a-21ec-4f40-a48a-98cccaa8f738 user=bench@pangochain.test
2026-07-31T21:04:42.071+06:00  INFO 577218 --- [pangochain-backend] [io-8080-exec-19] c.p.backend.document.DocumentService     : ACL check: Layer1=PASS Layer2=PASS doc=7eb7b50a-21ec-4f40-a48a-98cccaa8f738 user=bench@pangochain.test
2026-07-31T21:04:42.071+06:00  INFO 577218 --- [pangochain-backend] [io-8080-exec-11] c.p.backend.document.DocumentService     : ACL check: Layer1=PASS Layer2=PASS doc=7eb7b50a-21ec-4f40-a48a-98cccaa8f738 user=bench@pangochain.test
2026-07-31T21:04:42.071+06:00  INFO 577218 --- [pangochain-backend] [io-8080-exec-15] c.p.backend.document.DocumentService     : ACL check: Layer1=PASS Layer2=PASS doc=7eb7b50a-21ec-4f40-a48a-98cccaa8f738 user=bench@pangochain.test
2026-07-31T21:04:42.072+06:00  INFO 577218 --- [pangochain-backend] [io-8080-exec-13] c.pangochain.backend.ipfs.IpfsService    : Fetched 780 bytes from primary IPFS CID=QmdMbyBpoGFK1mURYDVGnjQ4AkNoJfnaBed6stWNVYy8rq
2026-07-31T21:04:42.072+06:00  INFO 577218 --- [pangochain-backend] [nio-8080-exec-3] c.pangochain.backend.ipfs.IpfsService    : Fetched 780 bytes from primary IPFS CID=QmdMbyBpoGFK1mURYDVGnjQ4AkNoJfnaBed6stWNVYy8rq
2026-07-31T21:04:42.072+06:00  INFO 577218 --- [pangochain-backend] [io-8080-exec-19] c.pangochain.backend.ipfs.IpfsService    : Fetched 780 bytes from primary IPFS CID=QmdMbyBpoGFK1mURYDVGnjQ4AkNoJfnaBed6stWNVYy8rq
2026-07-31T21:04:42.072+06:00  INFO 577218 --- [pangochain-backend] [io-8080-exec-18] c.pangochain.backend.ipfs.IpfsService    : Fetched 780 bytes from primary IPFS CID=QmdMbyBpoGFK1mURYDVGnjQ4AkNoJfnaBed6stWNVYy8rq
2026-07-31T21:04:42.072+06:00  INFO 577218 --- [pangochain-backend] [nio-8080-exec-4] c.pangochain.backend.ipfs.IpfsService    : Fetched 780 bytes from primary IPFS CID=QmdMbyBpoGFK1mURYDVGnjQ4AkNoJfnaBed6stWNVYy8rq
2026-07-31T21:04:42.072+06:00  INFO 577218 --- [pangochain-backend] [io-8080-exec-14] c.pangochain.backend.ipfs.IpfsService    : Fetched 780 bytes from primary IPFS CID=QmdMbyBpoGFK1mURYDVGnjQ4AkNoJfnaBed6stWNVYy8rq
2026-07-31T21:04:42.072+06:00  INFO 577218 --- [pangochain-backend] [nio-8080-exec-2] c.pangochain.backend.ipfs.IpfsService    : Fetched 780 bytes from primary IPFS CID=QmdMbyBpoGFK1mURYDVGnjQ4AkNoJfnaBed6stWNVYy8rq
2026-07-31T21:04:42.072+06:00  INFO 577218 --- [pangochain-backend] [io-8080-exec-15] c.pangochain.backend.ipfs.IpfsService    : Fetched 780 bytes from primary IPFS CID=QmdMbyBpoGFK1mURYDVGnjQ4AkNoJfnaBed6stWNVYy8rq
2026-07-31T21:04:42.072+06:00  INFO 577218 --- [pangochain-backend] [nio-8080-exec-6] c.pangochain.backend.ipfs.IpfsService    : Fetched 780 bytes from primary IPFS CID=QmdMbyBpoGFK1mURYDVGnjQ4AkNoJfnaBed6stWNVYy8rq
2026-07-31T21:04:42.072+06:00  INFO 577218 --- [pangochain-backend] [io-8080-exec-11] c.pangochain.backend.ipfs.IpfsService    : Fetched 780 bytes from primary IPFS CID=QmdMbyBpoGFK1mURYDVGnjQ4AkNoJfnaBed6stWNVYy8rq
2026-07-31T21:04:42.082+06:00  INFO 577218 --- [pangochain-backend] [nio-8080-exec-5] c.p.backend.document.DocumentService     : ACL check: Layer1=PASS Layer2=PASS doc=7eb7b50a-21ec-4f40-a48a-98cccaa8f738 user=bench@pangochain.test
2026-07-31T21:04:42.082+06:00  INFO 577218 --- [pangochain-backend] [nio-8080-exec-9] c.p.backend.document.DocumentService     : ACL check: Layer1=PASS Layer2=PASS doc=7eb7b50a-21ec-4f40-a48a-98cccaa8f738 user=bench@pangochain.test
2026-07-31T21:04:42.082+06:00  INFO 577218 --- [pangochain-backend] [nio-8080-exec-7] c.p.backend.document.DocumentService     : ACL check: Layer1=PASS Layer2=PASS doc=7eb7b50a-21ec-4f40-a48a-98cccaa8f738 user=bench@pangochain.test
2026-07-31T21:04:42.082+06:00  INFO 577218 --- [pangochain-backend] [nio-8080-exec-8] c.p.backend.document.DocumentService     : ACL check: Layer1=PASS Layer2=PASS doc=7eb7b50a-21ec-4f40-a48a-98cccaa8f738 user=bench@pangochain.test
2026-07-31T21:04:42.083+06:00  INFO 577218 --- [pangochain-backend] [io-8080-exec-20] c.p.backend.document.DocumentService     : ACL check: Layer1=PASS Layer2=PASS doc=7eb7b50a-21ec-4f40-a48a-98cccaa8f738 user=bench@pangochain.test
2026-07-31T21:04:42.083+06:00  INFO 577218 --- [pangochain-backend] [io-8080-exec-16] c.p.backend.document.DocumentService     : ACL check: Layer1=PASS Layer2=PASS doc=7eb7b50a-21ec-4f40-a48a-98cccaa8f738 user=bench@pangochain.test
2026-07-31T21:04:42.083+06:00  INFO 577218 --- [pangochain-backend] [nio-8080-exec-1] c.p.backend.document.DocumentService     : ACL check: Layer1=PASS Layer2=PASS doc=7eb7b50a-21ec-4f40-a48a-98cccaa8f738 user=bench@pangochain.test
2026-07-31T21:04:42.084+06:00  INFO 577218 --- [pangochain-backend] [io-8080-exec-12] c.p.backend.document.DocumentService     : ACL check: Layer1=PASS Layer2=PASS doc=7eb7b50a-21ec-4f40-a48a-98cccaa8f738 user=bench@pangochain.test
2026-07-31T21:04:42.084+06:00  INFO 577218 --- [pangochain-backend] [io-8080-exec-10] c.p.backend.document.DocumentService     : ACL check: Layer1=PASS Layer2=PASS doc=7eb7b50a-21ec-4f40-a48a-98cccaa8f738 user=bench@pangochain.test
2026-07-31T21:04:42.084+06:00  INFO 577218 --- [pangochain-backend] [io-8080-exec-17] c.p.backend.document.DocumentService     : ACL check: Layer1=PASS Layer2=PASS doc=7eb7b50a-21ec-4f40-a48a-98cccaa8f738 user=bench@pangochain.test
2026-07-31T21:04:42.084+06:00  INFO 577218 --- [pangochain-backend] [nio-8080-exec-8] c.pangochain.backend.ipfs.IpfsService    : Fetched 780 bytes from primary IPFS CID=QmdMbyBpoGFK1mURYDVGnjQ4AkNoJfnaBed6stWNVYy8rq
2026-07-31T21:04:42.084+06:00  INFO 577218 --- [pangochain-backend] [nio-8080-exec-9] c.pangochain.backend.ipfs.IpfsService    : Fetched 780 bytes from primary IPFS CID=QmdMbyBpoGFK1mURYDVGnjQ4AkNoJfnaBed6stWNVYy8rq
2026-07-31T21:04:42.084+06:00  INFO 577218 --- [pangochain-backend] [nio-8080-exec-7] c.pangochain.backend.ipfs.IpfsService    : Fetched 780 bytes from primary IPFS CID=QmdMbyBpoGFK1mURYDVGnjQ4AkNoJfnaBed6stWNVYy8rq
2026-07-31T21:04:42.084+06:00  INFO 577218 --- [pangochain-backend] [nio-8080-exec-5] c.pangochain.backend.ipfs.IpfsService    : Fetched 780 bytes from primary IPFS CID=QmdMbyBpoGFK1mURYDVGnjQ4AkNoJfnaBed6stWNVYy8rq
2026-07-31T21:04:42.084+06:00  INFO 577218 --- [pangochain-backend] [io-8080-exec-20] c.pangochain.backend.ipfs.IpfsService    : Fetched 780 bytes from primary IPFS CID=QmdMbyBpoGFK1mURYDVGnjQ4AkNoJfnaBed6stWNVYy8rq
2026-07-31T21:04:42.085+06:00  INFO 577218 --- [pangochain-backend] [nio-8080-exec-1] c.pangochain.backend.ipfs.IpfsService    : Fetched 780 bytes from primary IPFS CID=QmdMbyBpoGFK1mURYDVGnjQ4AkNoJfnaBed6stWNVYy8rq
2026-07-31T21:04:42.085+06:00  INFO 577218 --- [pangochain-backend] [io-8080-exec-16] c.pangochain.backend.ipfs.IpfsService    : Fetched 780 bytes from primary IPFS CID=QmdMbyBpoGFK1mURYDVGnjQ4AkNoJfnaBed6stWNVYy8rq
2026-07-31T21:04:42.086+06:00  INFO 577218 --- [pangochain-backend] [io-8080-exec-17] c.pangochain.backend.ipfs.IpfsService    : Fetched 780 bytes from primary IPFS CID=QmdMbyBpoGFK1mURYDVGnjQ4AkNoJfnaBed6stWNVYy8rq
2026-07-31T21:04:42.086+06:00  INFO 577218 --- [pangochain-backend] [io-8080-exec-10] c.pangochain.backend.ipfs.IpfsService    : Fetched 780 bytes from primary IPFS CID=QmdMbyBpoGFK1mURYDVGnjQ4AkNoJfnaBed6stWNVYy8rq
2026-07-31T21:04:42.086+06:00  INFO 577218 --- [pangochain-backend] [io-8080-exec-12] c.pangochain.backend.ipfs.IpfsService    : Fetched 780 bytes from primary IPFS CID=QmdMbyBpoGFK1mURYDVGnjQ4AkNoJfnaBed6stWNVYy8rq
2026-07-31T21:04:42.100+06:00  INFO 577218 --- [pangochain-backend] [io-8080-exec-19] c.p.backend.document.DocumentService     : ACL check: Layer1=PASS Layer2=PASS doc=7eb7b50a-21ec-4f40-a48a-98cccaa8f738 user=bench@pangochain.test
2026-07-31T21:04:42.100+06:00  INFO 577218 --- [pangochain-backend] [io-8080-exec-18] c.p.backend.document.DocumentService     : ACL check: Layer1=PASS Layer2=PASS doc=7eb7b50a-21ec-4f40-a48a-98cccaa8f738 user=bench@pangochain.test
2026-07-31T21:04:42.100+06:00  INFO 577218 --- [pangochain-backend] [nio-8080-exec-4] c.p.backend.document.DocumentService     : ACL check: Layer1=PASS Layer2=PASS doc=7eb7b50a-21ec-4f40-a48a-98cccaa8f738 user=bench@pangochain.test
2026-07-31T21:04:42.100+06:00  INFO 577218 --- [pangochain-backend] [io-8080-exec-17] c.p.backend.document.DocumentService     : ACL check: Layer1=PASS Layer2=PASS doc=7eb7b50a-21ec-4f40-a48a-98cccaa8f738 user=bench@pangochain.test
2026-07-31T21:04:42.100+06:00  INFO 577218 --- [pangochain-backend] [nio-8080-exec-3] c.p.backend.document.DocumentService     : ACL check: Layer1=PASS Layer2=PASS doc=7eb7b50a-21ec-4f40-a48a-98cccaa8f738 user=bench@pangochain.test
2026-07-31T21:04:42.100+06:00  INFO 577218 --- [pangochain-backend] [io-8080-exec-14] c.p.backend.document.DocumentService     : ACL check: Layer1=PASS Layer2=PASS doc=7eb7b50a-21ec-4f40-a48a-98cccaa8f738 user=bench@pangochain.test
2026-07-31T21:04:42.101+06:00  INFO 577218 --- [pangochain-backend] [nio-8080-exec-6] c.p.backend.document.DocumentService     : ACL check: Layer1=PASS Layer2=PASS doc=7eb7b50a-21ec-4f40-a48a-98cccaa8f738 user=bench@pangochain.test
2026-07-31T21:04:42.101+06:00  INFO 577218 --- [pangochain-backend] [nio-8080-exec-2] c.p.backend.document.DocumentService     : ACL check: Layer1=PASS Layer2=PASS doc=7eb7b50a-21ec-4f40-a48a-98cccaa8f738 user=bench@pangochain.test
2026-07-31T21:04:42.101+06:00  INFO 577218 --- [pangochain-backend] [io-8080-exec-15] c.p.backend.document.DocumentService     : ACL check: Layer1=PASS Layer2=PASS doc=7eb7b50a-21ec-4f40-a48a-98cccaa8f738 user=bench@pangochain.test
2026-07-31T21:04:42.101+06:00  INFO 577218 --- [pangochain-backend] [io-8080-exec-11] c.p.backend.document.DocumentService     : ACL check: Layer1=PASS Layer2=PASS doc=7eb7b50a-21ec-4f40-a48a-98cccaa8f738 user=bench@pangochain.test
2026-07-31T21:04:42.102+06:00  INFO 577218 --- [pangochain-backend] [io-8080-exec-17] c.pangochain.backend.ipfs.IpfsService    : Fetched 780 bytes from primary IPFS CID=QmdMbyBpoGFK1mURYDVGnjQ4AkNoJfnaBed6stWNVYy8rq
2026-07-31T21:04:42.102+06:00  INFO 577218 --- [pangochain-backend] [io-8080-exec-19] c.pangochain.backend.ipfs.IpfsService    : Fetched 780 bytes from primary IPFS CID=QmdMbyBpoGFK1mURYDVGnjQ4AkNoJfnaBed6stWNVYy8rq
2026-07-31T21:04:42.102+06:00  INFO 577218 --- [pangochain-backend] [io-8080-exec-14] c.pangochain.backend.ipfs.IpfsService    : Fetched 780 bytes from primary IPFS CID=QmdMbyBpoGFK1mURYDVGnjQ4AkNoJfnaBed6stWNVYy8rq
2026-07-31T21:04:42.102+06:00  INFO 577218 --- [pangochain-backend] [nio-8080-exec-3] c.pangochain.backend.ipfs.IpfsService    : Fetched 780 bytes from primary IPFS CID=QmdMbyBpoGFK1mURYDVGnjQ4AkNoJfnaBed6stWNVYy8rq
2026-07-31T21:04:42.102+06:00  INFO 577218 --- [pangochain-backend] [io-8080-exec-18] c.pangochain.backend.ipfs.IpfsService    : Fetched 780 bytes from primary IPFS CID=QmdMbyBpoGFK1mURYDVGnjQ4AkNoJfnaBed6stWNVYy8rq
2026-07-31T21:04:42.103+06:00  INFO 577218 --- [pangochain-backend] [io-8080-exec-11] c.pangochain.backend.ipfs.IpfsService    : Fetched 780 bytes from primary IPFS CID=QmdMbyBpoGFK1mURYDVGnjQ4AkNoJfnaBed6stWNVYy8rq
2026-07-31T21:04:42.103+06:00  INFO 577218 --- [pangochain-backend] [nio-8080-exec-6] c.pangochain.backend.ipfs.IpfsService    : Fetched 780 bytes from primary IPFS CID=QmdMbyBpoGFK1mURYDVGnjQ4AkNoJfnaBed6stWNVYy8rq
2026-07-31T21:04:42.103+06:00  INFO 577218 --- [pangochain-backend] [io-8080-exec-15] c.pangochain.backend.ipfs.IpfsService    : Fetched 780 bytes from primary IPFS CID=QmdMbyBpoGFK1mURYDVGnjQ4AkNoJfnaBed6stWNVYy8rq
2026-07-31T21:04:42.104+06:00  INFO 577218 --- [pangochain-backend] [nio-8080-exec-4] c.pangochain.backend.ipfs.IpfsService    : Fetched 780 bytes from primary IPFS CID=QmdMbyBpoGFK1mURYDVGnjQ4AkNoJfnaBed6stWNVYy8rq
2026-07-31T21:04:42.104+06:00  INFO 577218 --- [pangochain-backend] [nio-8080-exec-2] c.pangochain.backend.ipfs.IpfsService    : Fetched 780 bytes from primary IPFS CID=QmdMbyBpoGFK1mURYDVGnjQ4AkNoJfnaBed6stWNVYy8rq
2026-07-31T21:04:42.114+06:00  INFO 577218 --- [pangochain-backend] [io-8080-exec-20] c.p.backend.document.DocumentService     : ACL check: Layer1=PASS Layer2=PASS doc=7eb7b50a-21ec-4f40-a48a-98cccaa8f738 user=bench@pangochain.test
2026-07-31T21:04:42.114+06:00  INFO 577218 --- [pangochain-backend] [nio-8080-exec-9] c.p.backend.document.DocumentService     : ACL check: Layer1=PASS Layer2=PASS doc=7eb7b50a-21ec-4f40-a48a-98cccaa8f738 user=bench@pangochain.test
2026-07-31T21:04:42.114+06:00  INFO 577218 --- [pangochain-backend] [io-8080-exec-16] c.p.backend.document.DocumentService     : ACL check: Layer1=PASS Layer2=PASS doc=7eb7b50a-21ec-4f40-a48a-98cccaa8f738 user=bench@pangochain.test
2026-07-31T21:04:42.114+06:00  INFO 577218 --- [pangochain-backend] [io-8080-exec-10] c.p.backend.document.DocumentService     : ACL check: Layer1=PASS Layer2=PASS doc=7eb7b50a-21ec-4f40-a48a-98cccaa8f738 user=bench@pangochain.test
2026-07-31T21:04:42.114+06:00  INFO 577218 --- [pangochain-backend] [io-8080-exec-13] c.p.backend.document.DocumentService     : ACL check: Layer1=PASS Layer2=PASS doc=7eb7b50a-21ec-4f40-a48a-98cccaa8f738 user=bench@pangochain.test
2026-07-31T21:04:42.114+06:00  INFO 577218 --- [pangochain-backend] [nio-8080-exec-5] c.p.backend.document.DocumentService     : ACL check: Layer1=PASS Layer2=PASS doc=7eb7b50a-21ec-4f40-a48a-98cccaa8f738 user=bench@pangochain.test
2026-07-31T21:04:42.114+06:00  INFO 577218 --- [pangochain-backend] [nio-8080-exec-7] c.p.backend.document.DocumentService     : ACL check: Layer1=PASS Layer2=PASS doc=7eb7b50a-21ec-4f40-a48a-98cccaa8f738 user=bench@pangochain.test
2026-07-31T21:04:42.114+06:00  INFO 577218 --- [pangochain-backend] [nio-8080-exec-8] c.p.backend.document.DocumentService     : ACL check: Layer1=PASS Layer2=PASS doc=7eb7b50a-21ec-4f40-a48a-98cccaa8f738 user=bench@pangochain.test
2026-07-31T21:04:42.114+06:00  INFO 577218 --- [pangochain-backend] [nio-8080-exec-1] c.p.backend.document.DocumentService     : ACL check: Layer1=PASS Layer2=PASS doc=7eb7b50a-21ec-4f40-a48a-98cccaa8f738 user=bench@pangochain.test
2026-07-31T21:04:42.115+06:00  INFO 577218 --- [pangochain-backend] [io-8080-exec-12] c.p.backend.document.DocumentService     : ACL check: Layer1=PASS Layer2=PASS doc=7eb7b50a-21ec-4f40-a48a-98cccaa8f738 user=bench@pangochain.test
2026-07-31T21:04:42.116+06:00  INFO 577218 --- [pangochain-backend] [nio-8080-exec-9] c.pangochain.backend.ipfs.IpfsService    : Fetched 780 bytes from primary IPFS CID=QmdMbyBpoGFK1mURYDVGnjQ4AkNoJfnaBed6stWNVYy8rq
2026-07-31T21:04:42.116+06:00  INFO 577218 --- [pangochain-backend] [io-8080-exec-20] c.pangochain.backend.ipfs.IpfsService    : Fetched 780 bytes from primary IPFS CID=QmdMbyBpoGFK1mURYDVGnjQ4AkNoJfnaBed6stWNVYy8rq
2026-07-31T21:04:42.116+06:00  INFO 577218 --- [pangochain-backend] [io-8080-exec-10] c.pangochain.backend.ipfs.IpfsService    : Fetched 780 bytes from primary IPFS CID=QmdMbyBpoGFK1mURYDVGnjQ4AkNoJfnaBed6stWNVYy8rq
2026-07-31T21:04:42.116+06:00  INFO 577218 --- [pangochain-backend] [nio-8080-exec-7] c.pangochain.backend.ipfs.IpfsService    : Fetched 780 bytes from primary IPFS CID=QmdMbyBpoGFK1mURYDVGnjQ4AkNoJfnaBed6stWNVYy8rq
2026-07-31T21:04:42.116+06:00  INFO 577218 --- [pangochain-backend] [io-8080-exec-13] c.pangochain.backend.ipfs.IpfsService    : Fetched 780 bytes from primary IPFS CID=QmdMbyBpoGFK1mURYDVGnjQ4AkNoJfnaBed6stWNVYy8rq
2026-07-31T21:04:42.116+06:00  INFO 577218 --- [pangochain-backend] [io-8080-exec-16] c.pangochain.backend.ipfs.IpfsService    : Fetched 780 bytes from primary IPFS CID=QmdMbyBpoGFK1mURYDVGnjQ4AkNoJfnaBed6stWNVYy8rq
2026-07-31T21:04:42.117+06:00  INFO 577218 --- [pangochain-backend] [nio-8080-exec-8] c.pangochain.backend.ipfs.IpfsService    : Fetched 780 bytes from primary IPFS CID=QmdMbyBpoGFK1mURYDVGnjQ4AkNoJfnaBed6stWNVYy8rq
2026-07-31T21:04:42.117+06:00  INFO 577218 --- [pangochain-backend] [nio-8080-exec-5] c.pangochain.backend.ipfs.IpfsService    : Fetched 780 bytes from primary IPFS CID=QmdMbyBpoGFK1mURYDVGnjQ4AkNoJfnaBed6stWNVYy8rq
2026-07-31T21:04:42.117+06:00  INFO 577218 --- [pangochain-backend] [nio-8080-exec-1] c.pangochain.backend.ipfs.IpfsService    : Fetched 780 bytes from primary IPFS CID=QmdMbyBpoGFK1mURYDVGnjQ4AkNoJfnaBed6stWNVYy8rq
2026-07-31T21:04:42.118+06:00  INFO 577218 --- [pangochain-backend] [io-8080-exec-12] c.pangochain.backend.ipfs.IpfsService    : Fetched 780 bytes from primary IPFS CID=QmdMbyBpoGFK1mURYDVGnjQ4AkNoJfnaBed6stWNVYy8rq
2026-07-31T21:04:42.126+06:00  INFO 577218 --- [pangochain-backend] [io-8080-exec-17] c.p.backend.document.DocumentService     : ACL check: Layer1=PASS Layer2=PASS doc=7eb7b50a-21ec-4f40-a48a-98cccaa8f738 user=bench@pangochain.test
2026-07-31T21:04:42.127+06:00  INFO 577218 --- [pangochain-backend] [io-8080-exec-18] c.p.backend.document.DocumentService     : ACL check: Layer1=PASS Layer2=PASS doc=7eb7b50a-21ec-4f40-a48a-98cccaa8f738 user=bench@pangochain.test
2026-07-31T21:04:42.127+06:00  INFO 577218 --- [pangochain-backend] [io-8080-exec-14] c.p.backend.document.DocumentService     : ACL check: Layer1=PASS Layer2=PASS doc=7eb7b50a-21ec-4f40-a48a-98cccaa8f738 user=bench@pangochain.test
2026-07-31T21:04:42.127+06:00  INFO 577218 --- [pangochain-backend] [nio-8080-exec-3] c.p.backend.document.DocumentService     : ACL check: Layer1=PASS Layer2=PASS doc=7eb7b50a-21ec-4f40-a48a-98cccaa8f738 user=bench@pangochain.test
2026-07-31T21:04:42.127+06:00  INFO 577218 --- [pangochain-backend] [nio-8080-exec-2] c.p.backend.document.DocumentService     : ACL check: Layer1=PASS Layer2=PASS doc=7eb7b50a-21ec-4f40-a48a-98cccaa8f738 user=bench@pangochain.test
2026-07-31T21:04:42.128+06:00  INFO 577218 --- [pangochain-backend] [io-8080-exec-11] c.p.backend.document.DocumentService     : ACL check: Layer1=PASS Layer2=PASS doc=7eb7b50a-21ec-4f40-a48a-98cccaa8f738 user=bench@pangochain.test
2026-07-31T21:04:42.128+06:00  INFO 577218 --- [pangochain-backend] [nio-8080-exec-4] c.p.backend.document.DocumentService     : ACL check: Layer1=PASS Layer2=PASS doc=7eb7b50a-21ec-4f40-a48a-98cccaa8f738 user=bench@pangochain.test
2026-07-31T21:04:42.128+06:00  INFO 577218 --- [pangochain-backend] [nio-8080-exec-6] c.p.backend.document.DocumentService     : ACL check: Layer1=PASS Layer2=PASS doc=7eb7b50a-21ec-4f40-a48a-98cccaa8f738 user=bench@pangochain.test
2026-07-31T21:04:42.128+06:00  INFO 577218 --- [pangochain-backend] [io-8080-exec-15] c.p.backend.document.DocumentService     : ACL check: Layer1=PASS Layer2=PASS doc=7eb7b50a-21ec-4f40-a48a-98cccaa8f738 user=bench@pangochain.test
2026-07-31T21:04:42.128+06:00  INFO 577218 --- [pangochain-backend] [io-8080-exec-17] c.pangochain.backend.ipfs.IpfsService    : Fetched 780 bytes from primary IPFS CID=QmdMbyBpoGFK1mURYDVGnjQ4AkNoJfnaBed6stWNVYy8rq
2026-07-31T21:04:42.128+06:00  INFO 577218 --- [pangochain-backend] [io-8080-exec-19] c.p.backend.document.DocumentService     : ACL check: Layer1=PASS Layer2=PASS doc=7eb7b50a-21ec-4f40-a48a-98cccaa8f738 user=bench@pangochain.test
2026-07-31T21:04:42.129+06:00  INFO 577218 --- [pangochain-backend] [io-8080-exec-14] c.pangochain.backend.ipfs.IpfsService    : Fetched 780 bytes from primary IPFS CID=QmdMbyBpoGFK1mURYDVGnjQ4AkNoJfnaBed6stWNVYy8rq
2026-07-31T21:04:42.129+06:00  INFO 577218 --- [pangochain-backend] [nio-8080-exec-2] c.pangochain.backend.ipfs.IpfsService    : Fetched 780 bytes from primary IPFS CID=QmdMbyBpoGFK1mURYDVGnjQ4AkNoJfnaBed6stWNVYy8rq
2026-07-31T21:04:42.129+06:00  INFO 577218 --- [pangochain-backend] [nio-8080-exec-3] c.pangochain.backend.ipfs.IpfsService    : Fetched 780 bytes from primary IPFS CID=QmdMbyBpoGFK1mURYDVGnjQ4AkNoJfnaBed6stWNVYy8rq
2026-07-31T21:04:42.129+06:00  INFO 577218 --- [pangochain-backend] [io-8080-exec-11] c.pangochain.backend.ipfs.IpfsService    : Fetched 780 bytes from primary IPFS CID=QmdMbyBpoGFK1mURYDVGnjQ4AkNoJfnaBed6stWNVYy8rq
2026-07-31T21:04:42.129+06:00  INFO 577218 --- [pangochain-backend] [io-8080-exec-15] c.pangochain.backend.ipfs.IpfsService    : Fetched 780 bytes from primary IPFS CID=QmdMbyBpoGFK1mURYDVGnjQ4AkNoJfnaBed6stWNVYy8rq
2026-07-31T21:04:42.129+06:00  INFO 577218 --- [pangochain-backend] [io-8080-exec-18] c.pangochain.backend.ipfs.IpfsService    : Fetched 780 bytes from primary IPFS CID=QmdMbyBpoGFK1mURYDVGnjQ4AkNoJfnaBed6stWNVYy8rq
2026-07-31T21:04:42.129+06:00  INFO 577218 --- [pangochain-backend] [nio-8080-exec-6] c.pangochain.backend.ipfs.IpfsService    : Fetched 780 bytes from primary IPFS CID=QmdMbyBpoGFK1mURYDVGnjQ4AkNoJfnaBed6stWNVYy8rq
2026-07-31T21:04:42.129+06:00  INFO 577218 --- [pangochain-backend] [nio-8080-exec-4] c.pangochain.backend.ipfs.IpfsService    : Fetched 780 bytes from primary IPFS CID=QmdMbyBpoGFK1mURYDVGnjQ4AkNoJfnaBed6stWNVYy8rq
2026-07-31T21:04:42.130+06:00  INFO 577218 --- [pangochain-backend] [io-8080-exec-19] c.pangochain.backend.ipfs.IpfsService    : Fetched 780 bytes from primary IPFS CID=QmdMbyBpoGFK1mURYDVGnjQ4AkNoJfnaBed6stWNVYy8rq
2026-07-31T21:04:42.140+06:00  INFO 577218 --- [pangochain-backend] [nio-8080-exec-7] c.p.backend.document.DocumentService     : ACL check: Layer1=PASS Layer2=PASS doc=7eb7b50a-21ec-4f40-a48a-98cccaa8f738 user=bench@pangochain.test
2026-07-31T21:04:42.141+06:00  INFO 577218 --- [pangochain-backend] [io-8080-exec-13] c.p.backend.document.DocumentService     : ACL check: Layer1=PASS Layer2=PASS doc=7eb7b50a-21ec-4f40-a48a-98cccaa8f738 user=bench@pangochain.test
2026-07-31T21:04:42.141+06:00  INFO 577218 --- [pangochain-backend] [io-8080-exec-20] c.p.backend.document.DocumentService     : ACL check: Layer1=PASS Layer2=PASS doc=7eb7b50a-21ec-4f40-a48a-98cccaa8f738 user=bench@pangochain.test
2026-07-31T21:04:42.141+06:00  INFO 577218 --- [pangochain-backend] [nio-8080-exec-5] c.p.backend.document.DocumentService     : ACL check: Layer1=PASS Layer2=PASS doc=7eb7b50a-21ec-4f40-a48a-98cccaa8f738 user=bench@pangochain.test
2026-07-31T21:04:42.141+06:00  INFO 577218 --- [pangochain-backend] [io-8080-exec-10] c.p.backend.document.DocumentService     : ACL check: Layer1=PASS Layer2=PASS doc=7eb7b50a-21ec-4f40-a48a-98cccaa8f738 user=bench@pangochain.test
2026-07-31T21:04:42.141+06:00  INFO 577218 --- [pangochain-backend] [nio-8080-exec-9] c.p.backend.document.DocumentService     : ACL check: Layer1=PASS Layer2=PASS doc=7eb7b50a-21ec-4f40-a48a-98cccaa8f738 user=bench@pangochain.test
2026-07-31T21:04:42.142+06:00  INFO 577218 --- [pangochain-backend] [nio-8080-exec-8] c.p.backend.document.DocumentService     : ACL check: Layer1=PASS Layer2=PASS doc=7eb7b50a-21ec-4f40-a48a-98cccaa8f738 user=bench@pangochain.test
2026-07-31T21:04:42.142+06:00  INFO 577218 --- [pangochain-backend] [io-8080-exec-16] c.p.backend.document.DocumentService     : ACL check: Layer1=PASS Layer2=PASS doc=7eb7b50a-21ec-4f40-a48a-98cccaa8f738 user=bench@pangochain.test
2026-07-31T21:04:42.142+06:00  INFO 577218 --- [pangochain-backend] [nio-8080-exec-7] c.pangochain.backend.ipfs.IpfsService    : Fetched 780 bytes from primary IPFS CID=QmdMbyBpoGFK1mURYDVGnjQ4AkNoJfnaBed6stWNVYy8rq
2026-07-31T21:04:42.143+06:00  INFO 577218 --- [pangochain-backend] [io-8080-exec-12] c.p.backend.document.DocumentService     : ACL check: Layer1=PASS Layer2=PASS doc=7eb7b50a-21ec-4f40-a48a-98cccaa8f738 user=bench@pangochain.test
2026-07-31T21:04:42.143+06:00  INFO 577218 --- [pangochain-backend] [io-8080-exec-16] c.pangochain.backend.ipfs.IpfsService    : Fetched 780 bytes from primary IPFS CID=QmdMbyBpoGFK1mURYDVGnjQ4AkNoJfnaBed6stWNVYy8rq
2026-07-31T21:04:42.143+06:00  INFO 577218 --- [pangochain-backend] [io-8080-exec-13] c.pangochain.backend.ipfs.IpfsService    : Fetched 780 bytes from primary IPFS CID=QmdMbyBpoGFK1mURYDVGnjQ4AkNoJfnaBed6stWNVYy8rq
2026-07-31T21:04:42.143+06:00  INFO 577218 --- [pangochain-backend] [io-8080-exec-20] c.pangochain.backend.ipfs.IpfsService    : Fetched 780 bytes from primary IPFS CID=QmdMbyBpoGFK1mURYDVGnjQ4AkNoJfnaBed6stWNVYy8rq
2026-07-31T21:04:42.143+06:00  INFO 577218 --- [pangochain-backend] [nio-8080-exec-8] c.pangochain.backend.ipfs.IpfsService    : Fetched 780 bytes from primary IPFS CID=QmdMbyBpoGFK1mURYDVGnjQ4AkNoJfnaBed6stWNVYy8rq
2026-07-31T21:04:42.143+06:00  INFO 577218 --- [pangochain-backend] [nio-8080-exec-9] c.pangochain.backend.ipfs.IpfsService    : Fetched 780 bytes from primary IPFS CID=QmdMbyBpoGFK1mURYDVGnjQ4AkNoJfnaBed6stWNVYy8rq
2026-07-31T21:04:42.143+06:00  INFO 577218 --- [pangochain-backend] [nio-8080-exec-5] c.pangochain.backend.ipfs.IpfsService    : Fetched 780 bytes from primary IPFS CID=QmdMbyBpoGFK1mURYDVGnjQ4AkNoJfnaBed6stWNVYy8rq
2026-07-31T21:04:42.144+06:00  INFO 577218 --- [pangochain-backend] [io-8080-exec-10] c.pangochain.backend.ipfs.IpfsService    : Fetched 780 bytes from primary IPFS CID=QmdMbyBpoGFK1mURYDVGnjQ4AkNoJfnaBed6stWNVYy8rq
2026-07-31T21:04:42.144+06:00  INFO 577218 --- [pangochain-backend] [io-8080-exec-12] c.pangochain.backend.ipfs.IpfsService    : Fetched 780 bytes from primary IPFS CID=QmdMbyBpoGFK1mURYDVGnjQ4AkNoJfnaBed6stWNVYy8rq
2026-07-31T21:04:42.145+06:00  INFO 577218 --- [pangochain-backend] [nio-8080-exec-1] c.p.backend.document.DocumentService     : ACL check: Layer1=PASS Layer2=PASS doc=7eb7b50a-21ec-4f40-a48a-98cccaa8f738 user=bench@pangochain.test
2026-07-31T21:04:42.147+06:00  INFO 577218 --- [pangochain-backend] [nio-8080-exec-1] c.pangochain.backend.ipfs.IpfsService    : Fetched 780 bytes from primary IPFS CID=QmdMbyBpoGFK1mURYDVGnjQ4AkNoJfnaBed6stWNVYy8rq
2026-07-31T21:04:42.153+06:00  INFO 577218 --- [pangochain-backend] [io-8080-exec-11] c.p.backend.document.DocumentService     : ACL check: Layer1=PASS Layer2=PASS doc=7eb7b50a-21ec-4f40-a48a-98cccaa8f738 user=bench@pangochain.test
2026-07-31T21:04:42.153+06:00  INFO 577218 --- [pangochain-backend] [nio-8080-exec-6] c.p.backend.document.DocumentService     : ACL check: Layer1=PASS Layer2=PASS doc=7eb7b50a-21ec-4f40-a48a-98cccaa8f738 user=bench@pangochain.test
2026-07-31T21:04:42.153+06:00  INFO 577218 --- [pangochain-backend] [io-8080-exec-15] c.p.backend.document.DocumentService     : ACL check: Layer1=PASS Layer2=PASS doc=7eb7b50a-21ec-4f40-a48a-98cccaa8f738 user=bench@pangochain.test
2026-07-31T21:04:42.153+06:00  INFO 577218 --- [pangochain-backend] [io-8080-exec-17] c.p.backend.document.DocumentService     : ACL check: Layer1=PASS Layer2=PASS doc=7eb7b50a-21ec-4f40-a48a-98cccaa8f738 user=bench@pangochain.test
2026-07-31T21:04:42.153+06:00  INFO 577218 --- [pangochain-backend] [nio-8080-exec-2] c.p.backend.document.DocumentService     : ACL check: Layer1=PASS Layer2=PASS doc=7eb7b50a-21ec-4f40-a48a-98cccaa8f738 user=bench@pangochain.test
2026-07-31T21:04:42.153+06:00  INFO 577218 --- [pangochain-backend] [nio-8080-exec-4] c.p.backend.document.DocumentService     : ACL check: Layer1=PASS Layer2=PASS doc=7eb7b50a-21ec-4f40-a48a-98cccaa8f738 user=bench@pangochain.test
2026-07-31T21:04:42.153+06:00  INFO 577218 --- [pangochain-backend] [io-8080-exec-14] c.p.backend.document.DocumentService     : ACL check: Layer1=PASS Layer2=PASS doc=7eb7b50a-21ec-4f40-a48a-98cccaa8f738 user=bench@pangochain.test
2026-07-31T21:04:42.153+06:00  INFO 577218 --- [pangochain-backend] [nio-8080-exec-3] c.p.backend.document.DocumentService     : ACL check: Layer1=PASS Layer2=PASS doc=7eb7b50a-21ec-4f40-a48a-98cccaa8f738 user=bench@pangochain.test
2026-07-31T21:04:42.153+06:00  INFO 577218 --- [pangochain-backend] [io-8080-exec-18] c.p.backend.document.DocumentService     : ACL check: Layer1=PASS Layer2=PASS doc=7eb7b50a-21ec-4f40-a48a-98cccaa8f738 user=bench@pangochain.test
2026-07-31T21:04:42.155+06:00  INFO 577218 --- [pangochain-backend] [nio-8080-exec-6] c.pangochain.backend.ipfs.IpfsService    : Fetched 780 bytes from primary IPFS CID=QmdMbyBpoGFK1mURYDVGnjQ4AkNoJfnaBed6stWNVYy8rq
2026-07-31T21:04:42.155+06:00  INFO 577218 --- [pangochain-backend] [io-8080-exec-18] c.pangochain.backend.ipfs.IpfsService    : Fetched 780 bytes from primary IPFS CID=QmdMbyBpoGFK1mURYDVGnjQ4AkNoJfnaBed6stWNVYy8rq
2026-07-31T21:04:42.155+06:00  INFO 577218 --- [pangochain-backend] [io-8080-exec-14] c.pangochain.backend.ipfs.IpfsService    : Fetched 780 bytes from primary IPFS CID=QmdMbyBpoGFK1mURYDVGnjQ4AkNoJfnaBed6stWNVYy8rq
2026-07-31T21:04:42.155+06:00  INFO 577218 --- [pangochain-backend] [io-8080-exec-15] c.pangochain.backend.ipfs.IpfsService    : Fetched 780 bytes from primary IPFS CID=QmdMbyBpoGFK1mURYDVGnjQ4AkNoJfnaBed6stWNVYy8rq
2026-07-31T21:04:42.155+06:00  INFO 577218 --- [pangochain-backend] [nio-8080-exec-4] c.pangochain.backend.ipfs.IpfsService    : Fetched 780 bytes from primary IPFS CID=QmdMbyBpoGFK1mURYDVGnjQ4AkNoJfnaBed6stWNVYy8rq
2026-07-31T21:04:42.155+06:00  INFO 577218 --- [pangochain-backend] [nio-8080-exec-2] c.pangochain.backend.ipfs.IpfsService    : Fetched 780 bytes from primary IPFS CID=QmdMbyBpoGFK1mURYDVGnjQ4AkNoJfnaBed6stWNVYy8rq
2026-07-31T21:04:42.155+06:00  INFO 577218 --- [pangochain-backend] [io-8080-exec-17] c.pangochain.backend.ipfs.IpfsService    : Fetched 780 bytes from primary IPFS CID=QmdMbyBpoGFK1mURYDVGnjQ4AkNoJfnaBed6stWNVYy8rq
2026-07-31T21:04:42.155+06:00  INFO 577218 --- [pangochain-backend] [io-8080-exec-11] c.pangochain.backend.ipfs.IpfsService    : Fetched 780 bytes from primary IPFS CID=QmdMbyBpoGFK1mURYDVGnjQ4AkNoJfnaBed6stWNVYy8rq
2026-07-31T21:04:42.155+06:00  INFO 577218 --- [pangochain-backend] [nio-8080-exec-3] c.pangochain.backend.ipfs.IpfsService    : Fetched 780 bytes from primary IPFS CID=QmdMbyBpoGFK1mURYDVGnjQ4AkNoJfnaBed6stWNVYy8rq
2026-07-31T21:04:42.159+06:00  INFO 577218 --- [pangochain-backend] [io-8080-exec-19] c.p.backend.document.DocumentService     : ACL check: Layer1=PASS Layer2=PASS doc=7eb7b50a-21ec-4f40-a48a-98cccaa8f738 user=bench@pangochain.test
2026-07-31T21:04:42.161+06:00  INFO 577218 --- [pangochain-backend] [io-8080-exec-19] c.pangochain.backend.ipfs.IpfsService    : Fetched 780 bytes from primary IPFS CID=QmdMbyBpoGFK1mURYDVGnjQ4AkNoJfnaBed6stWNVYy8rq
2026-07-31T21:04:42.166+06:00  INFO 577218 --- [pangochain-backend] [nio-8080-exec-7] c.p.backend.document.DocumentService     : ACL check: Layer1=PASS Layer2=PASS doc=7eb7b50a-21ec-4f40-a48a-98cccaa8f738 user=bench@pangochain.test
2026-07-31T21:04:42.166+06:00  INFO 577218 --- [pangochain-backend] [io-8080-exec-13] c.p.backend.document.DocumentService     : ACL check: Layer1=PASS Layer2=PASS doc=7eb7b50a-21ec-4f40-a48a-98cccaa8f738 user=bench@pangochain.test
2026-07-31T21:04:42.166+06:00  INFO 577218 --- [pangochain-backend] [io-8080-exec-16] c.p.backend.document.DocumentService     : ACL check: Layer1=PASS Layer2=PASS doc=7eb7b50a-21ec-4f40-a48a-98cccaa8f738 user=bench@pangochain.test
2026-07-31T21:04:42.168+06:00  INFO 577218 --- [pangochain-backend] [nio-8080-exec-7] c.pangochain.backend.ipfs.IpfsService    : Fetched 780 bytes from primary IPFS CID=QmdMbyBpoGFK1mURYDVGnjQ4AkNoJfnaBed6stWNVYy8rq
2026-07-31T21:04:42.168+06:00  INFO 577218 --- [pangochain-backend] [io-8080-exec-16] c.pangochain.backend.ipfs.IpfsService    : Fetched 780 bytes from primary IPFS CID=QmdMbyBpoGFK1mURYDVGnjQ4AkNoJfnaBed6stWNVYy8rq
2026-07-31T21:04:42.168+06:00  INFO 577218 --- [pangochain-backend] [io-8080-exec-13] c.pangochain.backend.ipfs.IpfsService    : Fetched 780 bytes from primary IPFS CID=QmdMbyBpoGFK1mURYDVGnjQ4AkNoJfnaBed6stWNVYy8rq
2026-07-31T21:04:42.171+06:00  INFO 577218 --- [pangochain-backend] [nio-8080-exec-8] c.p.backend.document.DocumentService     : ACL check: Layer1=PASS Layer2=PASS doc=7eb7b50a-21ec-4f40-a48a-98cccaa8f738 user=bench@pangochain.test
2026-07-31T21:04:42.171+06:00  INFO 577218 --- [pangochain-backend] [nio-8080-exec-9] c.p.backend.document.DocumentService     : ACL check: Layer1=PASS Layer2=PASS doc=7eb7b50a-21ec-4f40-a48a-98cccaa8f738 user=bench@pangochain.test
2026-07-31T21:04:42.171+06:00  INFO 577218 --- [pangochain-backend] [io-8080-exec-12] c.p.backend.document.DocumentService     : ACL check: Layer1=PASS Layer2=PASS doc=7eb7b50a-21ec-4f40-a48a-98cccaa8f738 user=bench@pangochain.test
2026-07-31T21:04:42.171+06:00  INFO 577218 --- [pangochain-backend] [io-8080-exec-20] c.p.backend.document.DocumentService     : ACL check: Layer1=PASS Layer2=PASS doc=7eb7b50a-21ec-4f40-a48a-98cccaa8f738 user=bench@pangochain.test
2026-07-31T21:04:42.171+06:00  INFO 577218 --- [pangochain-backend] [nio-8080-exec-1] c.p.backend.document.DocumentService     : ACL check: Layer1=PASS Layer2=PASS doc=7eb7b50a-21ec-4f40-a48a-98cccaa8f738 user=bench@pangochain.test
2026-07-31T21:04:42.171+06:00  INFO 577218 --- [pangochain-backend] [nio-8080-exec-5] c.p.backend.document.DocumentService     : ACL check: Layer1=PASS Layer2=PASS doc=7eb7b50a-21ec-4f40-a48a-98cccaa8f738 user=bench@pangochain.test
2026-07-31T21:04:42.172+06:00  INFO 577218 --- [pangochain-backend] [io-8080-exec-10] c.p.backend.document.DocumentService     : ACL check: Layer1=PASS Layer2=PASS doc=7eb7b50a-21ec-4f40-a48a-98cccaa8f738 user=bench@pangochain.test
2026-07-31T21:04:42.173+06:00  INFO 577218 --- [pangochain-backend] [io-8080-exec-20] c.pangochain.backend.ipfs.IpfsService    : Fetched 780 bytes from primary IPFS CID=QmdMbyBpoGFK1mURYDVGnjQ4AkNoJfnaBed6stWNVYy8rq
2026-07-31T21:04:42.173+06:00  INFO 577218 --- [pangochain-backend] [io-8080-exec-12] c.pangochain.backend.ipfs.IpfsService    : Fetched 780 bytes from primary IPFS CID=QmdMbyBpoGFK1mURYDVGnjQ4AkNoJfnaBed6stWNVYy8rq
2026-07-31T21:04:42.173+06:00  INFO 577218 --- [pangochain-backend] [nio-8080-exec-5] c.pangochain.backend.ipfs.IpfsService    : Fetched 780 bytes from primary IPFS CID=QmdMbyBpoGFK1mURYDVGnjQ4AkNoJfnaBed6stWNVYy8rq
2026-07-31T21:04:42.173+06:00  INFO 577218 --- [pangochain-backend] [nio-8080-exec-9] c.pangochain.backend.ipfs.IpfsService    : Fetched 780 bytes from primary IPFS CID=QmdMbyBpoGFK1mURYDVGnjQ4AkNoJfnaBed6stWNVYy8rq
2026-07-31T21:04:42.174+06:00  INFO 577218 --- [pangochain-backend] [nio-8080-exec-8] c.pangochain.backend.ipfs.IpfsService    : Fetched 780 bytes from primary IPFS CID=QmdMbyBpoGFK1mURYDVGnjQ4AkNoJfnaBed6stWNVYy8rq
2026-07-31T21:04:42.175+06:00  INFO 577218 --- [pangochain-backend] [nio-8080-exec-1] c.pangochain.backend.ipfs.IpfsService    : Fetched 780 bytes from primary IPFS CID=QmdMbyBpoGFK1mURYDVGnjQ4AkNoJfnaBed6stWNVYy8rq
2026-07-31T21:04:42.175+06:00  INFO 577218 --- [pangochain-backend] [io-8080-exec-10] c.pangochain.backend.ipfs.IpfsService    : Fetched 780 bytes from primary IPFS CID=QmdMbyBpoGFK1mURYDVGnjQ4AkNoJfnaBed6stWNVYy8rq
2026-07-31T21:04:42.181+06:00  INFO 577218 --- [pangochain-backend] [io-8080-exec-15] c.p.backend.document.DocumentService     : ACL check: Layer1=PASS Layer2=PASS doc=7eb7b50a-21ec-4f40-a48a-98cccaa8f738 user=bench@pangochain.test
2026-07-31T21:04:42.181+06:00  INFO 577218 --- [pangochain-backend] [io-8080-exec-18] c.p.backend.document.DocumentService     : ACL check: Layer1=PASS Layer2=PASS doc=7eb7b50a-21ec-4f40-a48a-98cccaa8f738 user=bench@pangochain.test
2026-07-31T21:04:42.182+06:00  INFO 577218 --- [pangochain-backend] [nio-8080-exec-4] c.p.backend.document.DocumentService     : ACL check: Layer1=PASS Layer2=PASS doc=7eb7b50a-21ec-4f40-a48a-98cccaa8f738 user=bench@pangochain.test
2026-07-31T21:04:42.183+06:00  INFO 577218 --- [pangochain-backend] [io-8080-exec-18] c.pangochain.backend.ipfs.IpfsService    : Fetched 780 bytes from primary IPFS CID=QmdMbyBpoGFK1mURYDVGnjQ4AkNoJfnaBed6stWNVYy8rq
2026-07-31T21:04:42.183+06:00  INFO 577218 --- [pangochain-backend] [io-8080-exec-15] c.pangochain.backend.ipfs.IpfsService    : Fetched 780 bytes from primary IPFS CID=QmdMbyBpoGFK1mURYDVGnjQ4AkNoJfnaBed6stWNVYy8rq
2026-07-31T21:04:42.183+06:00  INFO 577218 --- [pangochain-backend] [nio-8080-exec-4] c.pangochain.backend.ipfs.IpfsService    : Fetched 780 bytes from primary IPFS CID=QmdMbyBpoGFK1mURYDVGnjQ4AkNoJfnaBed6stWNVYy8rq
2026-07-31T21:04:42.185+06:00  INFO 577218 --- [pangochain-backend] [nio-8080-exec-6] c.p.backend.document.DocumentService     : ACL check: Layer1=PASS Layer2=PASS doc=7eb7b50a-21ec-4f40-a48a-98cccaa8f738 user=bench@pangochain.test
2026-07-31T21:04:42.186+06:00  INFO 577218 --- [pangochain-backend] [io-8080-exec-14] c.p.backend.document.DocumentService     : ACL check: Layer1=PASS Layer2=PASS doc=7eb7b50a-21ec-4f40-a48a-98cccaa8f738 user=bench@pangochain.test
2026-07-31T21:04:42.186+06:00  INFO 577218 --- [pangochain-backend] [nio-8080-exec-2] c.p.backend.document.DocumentService     : ACL check: Layer1=PASS Layer2=PASS doc=7eb7b50a-21ec-4f40-a48a-98cccaa8f738 user=bench@pangochain.test
2026-07-31T21:04:42.186+06:00  INFO 577218 --- [pangochain-backend] [nio-8080-exec-6] c.pangochain.backend.ipfs.IpfsService    : Fetched 780 bytes from primary IPFS CID=QmdMbyBpoGFK1mURYDVGnjQ4AkNoJfnaBed6stWNVYy8rq
2026-07-31T21:04:42.187+06:00  INFO 577218 --- [pangochain-backend] [io-8080-exec-14] c.pangochain.backend.ipfs.IpfsService    : Fetched 780 bytes from primary IPFS CID=QmdMbyBpoGFK1mURYDVGnjQ4AkNoJfnaBed6stWNVYy8rq
2026-07-31T21:04:42.187+06:00  INFO 577218 --- [pangochain-backend] [nio-8080-exec-2] c.pangochain.backend.ipfs.IpfsService    : Fetched 780 bytes from primary IPFS CID=QmdMbyBpoGFK1mURYDVGnjQ4AkNoJfnaBed6stWNVYy8rq
2026-07-31T21:04:42.208+06:00  INFO 577218 --- [pangochain-backend] [io-8080-exec-17] c.p.backend.document.DocumentService     : ACL check: Layer1=PASS Layer2=PASS doc=7eb7b50a-21ec-4f40-a48a-98cccaa8f738 user=bench@pangochain.test
2026-07-31T21:04:42.208+06:00  INFO 577218 --- [pangochain-backend] [io-8080-exec-11] c.p.backend.document.DocumentService     : ACL check: Layer1=PASS Layer2=PASS doc=7eb7b50a-21ec-4f40-a48a-98cccaa8f738 user=bench@pangochain.test
2026-07-31T21:04:42.208+06:00  INFO 577218 --- [pangochain-backend] [nio-8080-exec-3] c.p.backend.document.DocumentService     : ACL check: Layer1=PASS Layer2=PASS doc=7eb7b50a-21ec-4f40-a48a-98cccaa8f738 user=bench@pangochain.test
2026-07-31T21:04:42.208+06:00  INFO 577218 --- [pangochain-backend] [io-8080-exec-19] c.p.backend.document.DocumentService     : ACL check: Layer1=PASS Layer2=PASS doc=7eb7b50a-21ec-4f40-a48a-98cccaa8f738 user=bench@pangochain.test
2026-07-31T21:04:42.208+06:00  INFO 577218 --- [pangochain-backend] [io-8080-exec-16] c.p.backend.document.DocumentService     : ACL check: Layer1=PASS Layer2=PASS doc=7eb7b50a-21ec-4f40-a48a-98cccaa8f738 user=bench@pangochain.test
2026-07-31T21:04:42.209+06:00  INFO 577218 --- [pangochain-backend] [io-8080-exec-12] c.p.backend.document.DocumentService     : ACL check: Layer1=PASS Layer2=PASS doc=7eb7b50a-21ec-4f40-a48a-98cccaa8f738 user=bench@pangochain.test
2026-07-31T21:04:42.210+06:00  INFO 577218 --- [pangochain-backend] [io-8080-exec-13] c.p.backend.document.DocumentService     : ACL check: Layer1=PASS Layer2=PASS doc=7eb7b50a-21ec-4f40-a48a-98cccaa8f738 user=bench@pangochain.test
2026-07-31T21:04:42.210+06:00  INFO 577218 --- [pangochain-backend] [io-8080-exec-19] c.pangochain.backend.ipfs.IpfsService    : Fetched 780 bytes from primary IPFS CID=QmdMbyBpoGFK1mURYDVGnjQ4AkNoJfnaBed6stWNVYy8rq
2026-07-31T21:04:42.211+06:00  INFO 577218 --- [pangochain-backend] [nio-8080-exec-7] c.p.backend.document.DocumentService     : ACL check: Layer1=PASS Layer2=PASS doc=7eb7b50a-21ec-4f40-a48a-98cccaa8f738 user=bench@pangochain.test
2026-07-31T21:04:42.211+06:00  INFO 577218 --- [pangochain-backend] [io-8080-exec-17] c.pangochain.backend.ipfs.IpfsService    : Fetched 780 bytes from primary IPFS CID=QmdMbyBpoGFK1mURYDVGnjQ4AkNoJfnaBed6stWNVYy8rq
2026-07-31T21:04:42.211+06:00  INFO 577218 --- [pangochain-backend] [io-8080-exec-16] c.pangochain.backend.ipfs.IpfsService    : Fetched 780 bytes from primary IPFS CID=QmdMbyBpoGFK1mURYDVGnjQ4AkNoJfnaBed6stWNVYy8rq
2026-07-31T21:04:42.211+06:00  INFO 577218 --- [pangochain-backend] [io-8080-exec-11] c.pangochain.backend.ipfs.IpfsService    : Fetched 780 bytes from primary IPFS CID=QmdMbyBpoGFK1mURYDVGnjQ4AkNoJfnaBed6stWNVYy8rq
2026-07-31T21:04:42.212+06:00  INFO 577218 --- [pangochain-backend] [io-8080-exec-14] c.p.backend.document.DocumentService     : ACL check: Layer1=PASS Layer2=PASS doc=7eb7b50a-21ec-4f40-a48a-98cccaa8f738 user=bench@pangochain.test
2026-07-31T21:04:42.212+06:00  INFO 577218 --- [pangochain-backend] [io-8080-exec-10] c.p.backend.document.DocumentService     : ACL check: Layer1=PASS Layer2=PASS doc=7eb7b50a-21ec-4f40-a48a-98cccaa8f738 user=bench@pangochain.test
2026-07-31T21:04:42.212+06:00  INFO 577218 --- [pangochain-backend] [io-8080-exec-20] c.p.backend.document.DocumentService     : ACL check: Layer1=PASS Layer2=PASS doc=7eb7b50a-21ec-4f40-a48a-98cccaa8f738 user=bench@pangochain.test
2026-07-31T21:04:42.212+06:00  INFO 577218 --- [pangochain-backend] [nio-8080-exec-8] c.p.backend.document.DocumentService     : ACL check: Layer1=PASS Layer2=PASS doc=7eb7b50a-21ec-4f40-a48a-98cccaa8f738 user=bench@pangochain.test
2026-07-31T21:04:42.212+06:00  INFO 577218 --- [pangochain-backend] [nio-8080-exec-1] c.p.backend.document.DocumentService     : ACL check: Layer1=PASS Layer2=PASS doc=7eb7b50a-21ec-4f40-a48a-98cccaa8f738 user=bench@pangochain.test
2026-07-31T21:04:42.212+06:00  INFO 577218 --- [pangochain-backend] [nio-8080-exec-9] c.p.backend.document.DocumentService     : ACL check: Layer1=PASS Layer2=PASS doc=7eb7b50a-21ec-4f40-a48a-98cccaa8f738 user=bench@pangochain.test
2026-07-31T21:04:42.213+06:00  INFO 577218 --- [pangochain-backend] [nio-8080-exec-4] c.p.backend.document.DocumentService     : ACL check: Layer1=PASS Layer2=PASS doc=7eb7b50a-21ec-4f40-a48a-98cccaa8f738 user=bench@pangochain.test
2026-07-31T21:04:42.213+06:00  INFO 577218 --- [pangochain-backend] [nio-8080-exec-2] c.p.backend.document.DocumentService     : ACL check: Layer1=PASS Layer2=PASS doc=7eb7b50a-21ec-4f40-a48a-98cccaa8f738 user=bench@pangochain.test
2026-07-31T21:04:42.213+06:00  INFO 577218 --- [pangochain-backend] [nio-8080-exec-3] c.pangochain.backend.ipfs.IpfsService    : Fetched 780 bytes from primary IPFS CID=QmdMbyBpoGFK1mURYDVGnjQ4AkNoJfnaBed6stWNVYy8rq
2026-07-31T21:04:42.213+06:00  INFO 577218 --- [pangochain-backend] [nio-8080-exec-6] c.p.backend.document.DocumentService     : ACL check: Layer1=PASS Layer2=PASS doc=7eb7b50a-21ec-4f40-a48a-98cccaa8f738 user=bench@pangochain.test
2026-07-31T21:04:42.213+06:00  INFO 577218 --- [pangochain-backend] [io-8080-exec-15] c.p.backend.document.DocumentService     : ACL check: Layer1=PASS Layer2=PASS doc=7eb7b50a-21ec-4f40-a48a-98cccaa8f738 user=bench@pangochain.test
2026-07-31T21:04:42.214+06:00  INFO 577218 --- [pangochain-backend] [nio-8080-exec-5] c.p.backend.document.DocumentService     : ACL check: Layer1=PASS Layer2=PASS doc=7eb7b50a-21ec-4f40-a48a-98cccaa8f738 user=bench@pangochain.test
2026-07-31T21:04:42.214+06:00  INFO 577218 --- [pangochain-backend] [io-8080-exec-12] c.pangochain.backend.ipfs.IpfsService    : Fetched 780 bytes from primary IPFS CID=QmdMbyBpoGFK1mURYDVGnjQ4AkNoJfnaBed6stWNVYy8rq
2026-07-31T21:04:42.214+06:00  INFO 577218 --- [pangochain-backend] [io-8080-exec-18] c.p.backend.document.DocumentService     : ACL check: Layer1=PASS Layer2=PASS doc=7eb7b50a-21ec-4f40-a48a-98cccaa8f738 user=bench@pangochain.test
2026-07-31T21:04:42.215+06:00  INFO 577218 --- [pangochain-backend] [nio-8080-exec-1] c.pangochain.backend.ipfs.IpfsService    : Fetched 780 bytes from primary IPFS CID=QmdMbyBpoGFK1mURYDVGnjQ4AkNoJfnaBed6stWNVYy8rq
2026-07-31T21:04:42.215+06:00  INFO 577218 --- [pangochain-backend] [io-8080-exec-20] c.pangochain.backend.ipfs.IpfsService    : Fetched 780 bytes from primary IPFS CID=QmdMbyBpoGFK1mURYDVGnjQ4AkNoJfnaBed6stWNVYy8rq
2026-07-31T21:04:42.215+06:00  INFO 577218 --- [pangochain-backend] [nio-8080-exec-8] c.pangochain.backend.ipfs.IpfsService    : Fetched 780 bytes from primary IPFS CID=QmdMbyBpoGFK1mURYDVGnjQ4AkNoJfnaBed6stWNVYy8rq
2026-07-31T21:04:42.215+06:00  INFO 577218 --- [pangochain-backend] [io-8080-exec-10] c.pangochain.backend.ipfs.IpfsService    : Fetched 780 bytes from primary IPFS CID=QmdMbyBpoGFK1mURYDVGnjQ4AkNoJfnaBed6stWNVYy8rq
2026-07-31T21:04:42.215+06:00  INFO 577218 --- [pangochain-backend] [nio-8080-exec-7] c.pangochain.backend.ipfs.IpfsService    : Fetched 780 bytes from primary IPFS CID=QmdMbyBpoGFK1mURYDVGnjQ4AkNoJfnaBed6stWNVYy8rq
2026-07-31T21:04:42.215+06:00  INFO 577218 --- [pangochain-backend] [io-8080-exec-13] c.pangochain.backend.ipfs.IpfsService    : Fetched 780 bytes from primary IPFS CID=QmdMbyBpoGFK1mURYDVGnjQ4AkNoJfnaBed6stWNVYy8rq
2026-07-31T21:04:42.215+06:00  INFO 577218 --- [pangochain-backend] [nio-8080-exec-4] c.pangochain.backend.ipfs.IpfsService    : Fetched 780 bytes from primary IPFS CID=QmdMbyBpoGFK1mURYDVGnjQ4AkNoJfnaBed6stWNVYy8rq
2026-07-31T21:04:42.215+06:00  INFO 577218 --- [pangochain-backend] [io-8080-exec-15] c.pangochain.backend.ipfs.IpfsService    : Fetched 780 bytes from primary IPFS CID=QmdMbyBpoGFK1mURYDVGnjQ4AkNoJfnaBed6stWNVYy8rq
2026-07-31T21:04:42.216+06:00  INFO 577218 --- [pangochain-backend] [io-8080-exec-18] c.pangochain.backend.ipfs.IpfsService    : Fetched 780 bytes from primary IPFS CID=QmdMbyBpoGFK1mURYDVGnjQ4AkNoJfnaBed6stWNVYy8rq
2026-07-31T21:04:42.216+06:00  INFO 577218 --- [pangochain-backend] [nio-8080-exec-2] c.pangochain.backend.ipfs.IpfsService    : Fetched 780 bytes from primary IPFS CID=QmdMbyBpoGFK1mURYDVGnjQ4AkNoJfnaBed6stWNVYy8rq
2026-07-31T21:04:42.216+06:00  INFO 577218 --- [pangochain-backend] [nio-8080-exec-6] c.pangochain.backend.ipfs.IpfsService    : Fetched 780 bytes from primary IPFS CID=QmdMbyBpoGFK1mURYDVGnjQ4AkNoJfnaBed6stWNVYy8rq
2026-07-31T21:04:42.216+06:00  INFO 577218 --- [pangochain-backend] [io-8080-exec-14] c.pangochain.backend.ipfs.IpfsService    : Fetched 780 bytes from primary IPFS CID=QmdMbyBpoGFK1mURYDVGnjQ4AkNoJfnaBed6stWNVYy8rq
2026-07-31T21:04:42.216+06:00  INFO 577218 --- [pangochain-backend] [nio-8080-exec-9] c.pangochain.backend.ipfs.IpfsService    : Fetched 780 bytes from primary IPFS CID=QmdMbyBpoGFK1mURYDVGnjQ4AkNoJfnaBed6stWNVYy8rq
2026-07-31T21:04:42.216+06:00  INFO 577218 --- [pangochain-backend] [nio-8080-exec-5] c.pangochain.backend.ipfs.IpfsService    : Fetched 780 bytes from primary IPFS CID=QmdMbyBpoGFK1mURYDVGnjQ4AkNoJfnaBed6stWNVYy8rq
2026-07-31T21:04:42.233+06:00  INFO 577218 --- [pangochain-backend] [nio-8080-exec-3] c.p.backend.document.DocumentService     : ACL check: Layer1=PASS Layer2=PASS doc=7eb7b50a-21ec-4f40-a48a-98cccaa8f738 user=bench@pangochain.test
2026-07-31T21:04:42.233+06:00  INFO 577218 --- [pangochain-backend] [io-8080-exec-17] c.p.backend.document.DocumentService     : ACL check: Layer1=PASS Layer2=PASS doc=7eb7b50a-21ec-4f40-a48a-98cccaa8f738 user=bench@pangochain.test
2026-07-31T21:04:42.233+06:00  INFO 577218 --- [pangochain-backend] [io-8080-exec-11] c.p.backend.document.DocumentService     : ACL check: Layer1=PASS Layer2=PASS doc=7eb7b50a-21ec-4f40-a48a-98cccaa8f738 user=bench@pangochain.test
2026-07-31T21:04:42.233+06:00  INFO 577218 --- [pangochain-backend] [io-8080-exec-16] c.p.backend.document.DocumentService     : ACL check: Layer1=PASS Layer2=PASS doc=7eb7b50a-21ec-4f40-a48a-98cccaa8f738 user=bench@pangochain.test
2026-07-31T21:04:42.233+06:00  INFO 577218 --- [pangochain-backend] [io-8080-exec-15] c.p.backend.document.DocumentService     : ACL check: Layer1=PASS Layer2=PASS doc=7eb7b50a-21ec-4f40-a48a-98cccaa8f738 user=bench@pangochain.test
2026-07-31T21:04:42.236+06:00  INFO 577218 --- [pangochain-backend] [nio-8080-exec-8] c.p.backend.document.DocumentService     : ACL check: Layer1=PASS Layer2=PASS doc=7eb7b50a-21ec-4f40-a48a-98cccaa8f738 user=bench@pangochain.test
2026-07-31T21:04:42.237+06:00  INFO 577218 --- [pangochain-backend] [io-8080-exec-16] c.pangochain.backend.ipfs.IpfsService    : Fetched 780 bytes from primary IPFS CID=QmdMbyBpoGFK1mURYDVGnjQ4AkNoJfnaBed6stWNVYy8rq
2026-07-31T21:04:42.237+06:00  INFO 577218 --- [pangochain-backend] [io-8080-exec-17] c.pangochain.backend.ipfs.IpfsService    : Fetched 780 bytes from primary IPFS CID=QmdMbyBpoGFK1mURYDVGnjQ4AkNoJfnaBed6stWNVYy8rq
2026-07-31T21:04:42.238+06:00  INFO 577218 --- [pangochain-backend] [io-8080-exec-11] c.pangochain.backend.ipfs.IpfsService    : Fetched 780 bytes from primary IPFS CID=QmdMbyBpoGFK1mURYDVGnjQ4AkNoJfnaBed6stWNVYy8rq
2026-07-31T21:04:42.238+06:00  INFO 577218 --- [pangochain-backend] [io-8080-exec-15] c.pangochain.backend.ipfs.IpfsService    : Fetched 780 bytes from primary IPFS CID=QmdMbyBpoGFK1mURYDVGnjQ4AkNoJfnaBed6stWNVYy8rq
2026-07-31T21:04:42.244+06:00  INFO 577218 --- [pangochain-backend] [io-8080-exec-20] c.p.backend.document.DocumentService     : ACL check: Layer1=PASS Layer2=PASS doc=7eb7b50a-21ec-4f40-a48a-98cccaa8f738 user=bench@pangochain.test
2026-07-31T21:04:42.244+06:00  INFO 577218 --- [pangochain-backend] [nio-8080-exec-3] c.pangochain.backend.ipfs.IpfsService    : Fetched 780 bytes from primary IPFS CID=QmdMbyBpoGFK1mURYDVGnjQ4AkNoJfnaBed6stWNVYy8rq
2026-07-31T21:04:42.244+06:00  INFO 577218 --- [pangochain-backend] [nio-8080-exec-4] c.p.backend.document.DocumentService     : ACL check: Layer1=PASS Layer2=PASS doc=7eb7b50a-21ec-4f40-a48a-98cccaa8f738 user=bench@pangochain.test
2026-07-31T21:04:42.246+06:00  INFO 577218 --- [pangochain-backend] [nio-8080-exec-8] c.pangochain.backend.ipfs.IpfsService    : Fetched 780 bytes from primary IPFS CID=QmdMbyBpoGFK1mURYDVGnjQ4AkNoJfnaBed6stWNVYy8rq
2026-07-31T21:04:42.249+06:00  INFO 577218 --- [pangochain-backend] [io-8080-exec-20] c.pangochain.backend.ipfs.IpfsService    : Fetched 780 bytes from primary IPFS CID=QmdMbyBpoGFK1mURYDVGnjQ4AkNoJfnaBed6stWNVYy8rq
2026-07-31T21:04:42.251+06:00  INFO 577218 --- [pangochain-backend] [nio-8080-exec-4] c.pangochain.backend.ipfs.IpfsService    : Fetched 780 bytes from primary IPFS CID=QmdMbyBpoGFK1mURYDVGnjQ4AkNoJfnaBed6stWNVYy8rq
2026-07-31T21:04:42.252+06:00  INFO 577218 --- [pangochain-backend] [nio-8080-exec-1] c.p.backend.document.DocumentService     : ACL check: Layer1=PASS Layer2=PASS doc=7eb7b50a-21ec-4f40-a48a-98cccaa8f738 user=bench@pangochain.test
2026-07-31T21:04:42.252+06:00  INFO 577218 --- [pangochain-backend] [io-8080-exec-10] c.p.backend.document.DocumentService     : ACL check: Layer1=PASS Layer2=PASS doc=7eb7b50a-21ec-4f40-a48a-98cccaa8f738 user=bench@pangochain.test
2026-07-31T21:04:42.253+06:00  INFO 577218 --- [pangochain-backend] [nio-8080-exec-2] c.p.backend.document.DocumentService     : ACL check: Layer1=PASS Layer2=PASS doc=7eb7b50a-21ec-4f40-a48a-98cccaa8f738 user=bench@pangochain.test
2026-07-31T21:04:42.254+06:00  INFO 577218 --- [pangochain-backend] [nio-8080-exec-5] c.p.backend.document.DocumentService     : ACL check: Layer1=PASS Layer2=PASS doc=7eb7b50a-21ec-4f40-a48a-98cccaa8f738 user=bench@pangochain.test
2026-07-31T21:04:42.255+06:00  INFO 577218 --- [pangochain-backend] [nio-8080-exec-2] c.pangochain.backend.ipfs.IpfsService    : Fetched 780 bytes from primary IPFS CID=QmdMbyBpoGFK1mURYDVGnjQ4AkNoJfnaBed6stWNVYy8rq
2026-07-31T21:04:42.255+06:00  INFO 577218 --- [pangochain-backend] [nio-8080-exec-1] c.pangochain.backend.ipfs.IpfsService    : Fetched 780 bytes from primary IPFS CID=QmdMbyBpoGFK1mURYDVGnjQ4AkNoJfnaBed6stWNVYy8rq
2026-07-31T21:04:42.255+06:00  INFO 577218 --- [pangochain-backend] [io-8080-exec-10] c.pangochain.backend.ipfs.IpfsService    : Fetched 780 bytes from primary IPFS CID=QmdMbyBpoGFK1mURYDVGnjQ4AkNoJfnaBed6stWNVYy8rq
2026-07-31T21:04:42.257+06:00  INFO 577218 --- [pangochain-backend] [io-8080-exec-13] c.p.backend.document.DocumentService     : ACL check: Layer1=PASS Layer2=PASS doc=7eb7b50a-21ec-4f40-a48a-98cccaa8f738 user=bench@pangochain.test
2026-07-31T21:04:42.257+06:00  INFO 577218 --- [pangochain-backend] [nio-8080-exec-5] c.pangochain.backend.ipfs.IpfsService    : Fetched 780 bytes from primary IPFS CID=QmdMbyBpoGFK1mURYDVGnjQ4AkNoJfnaBed6stWNVYy8rq
2026-07-31T21:04:42.259+06:00  INFO 577218 --- [pangochain-backend] [io-8080-exec-23] c.p.backend.document.DocumentService     : ACL check: Layer1=PASS Layer2=PASS doc=7eb7b50a-21ec-4f40-a48a-98cccaa8f738 user=bench@pangochain.test
2026-07-31T21:04:42.259+06:00  INFO 577218 --- [pangochain-backend] [nio-8080-exec-9] c.p.backend.document.DocumentService     : ACL check: Layer1=PASS Layer2=PASS doc=7eb7b50a-21ec-4f40-a48a-98cccaa8f738 user=bench@pangochain.test
2026-07-31T21:04:42.260+06:00  INFO 577218 --- [pangochain-backend] [io-8080-exec-13] c.pangochain.backend.ipfs.IpfsService    : Fetched 780 bytes from primary IPFS CID=QmdMbyBpoGFK1mURYDVGnjQ4AkNoJfnaBed6stWNVYy8rq
2026-07-31T21:04:42.261+06:00  INFO 577218 --- [pangochain-backend] [io-8080-exec-18] c.p.backend.document.DocumentService     : ACL check: Layer1=PASS Layer2=PASS doc=7eb7b50a-21ec-4f40-a48a-98cccaa8f738 user=bench@pangochain.test
2026-07-31T21:04:42.262+06:00  INFO 577218 --- [pangochain-backend] [io-8080-exec-12] c.p.backend.document.DocumentService     : ACL check: Layer1=PASS Layer2=PASS doc=7eb7b50a-21ec-4f40-a48a-98cccaa8f738 user=bench@pangochain.test
2026-07-31T21:04:42.262+06:00  INFO 577218 --- [pangochain-backend] [nio-8080-exec-7] c.p.backend.document.DocumentService     : ACL check: Layer1=PASS Layer2=PASS doc=7eb7b50a-21ec-4f40-a48a-98cccaa8f738 user=bench@pangochain.test
2026-07-31T21:04:42.262+06:00  INFO 577218 --- [pangochain-backend] [io-8080-exec-23] c.pangochain.backend.ipfs.IpfsService    : Fetched 780 bytes from primary IPFS CID=QmdMbyBpoGFK1mURYDVGnjQ4AkNoJfnaBed6stWNVYy8rq
2026-07-31T21:04:42.263+06:00  INFO 577218 --- [pangochain-backend] [io-8080-exec-14] c.p.backend.document.DocumentService     : ACL check: Layer1=PASS Layer2=PASS doc=7eb7b50a-21ec-4f40-a48a-98cccaa8f738 user=bench@pangochain.test
2026-07-31T21:04:42.263+06:00  INFO 577218 --- [pangochain-backend] [nio-8080-exec-6] c.p.backend.document.DocumentService     : ACL check: Layer1=PASS Layer2=PASS doc=7eb7b50a-21ec-4f40-a48a-98cccaa8f738 user=bench@pangochain.test
2026-07-31T21:04:42.263+06:00  INFO 577218 --- [pangochain-backend] [io-8080-exec-24] c.p.backend.document.DocumentService     : ACL check: Layer1=PASS Layer2=PASS doc=7eb7b50a-21ec-4f40-a48a-98cccaa8f738 user=bench@pangochain.test
2026-07-31T21:04:42.265+06:00  INFO 577218 --- [pangochain-backend] [io-8080-exec-16] c.p.backend.document.DocumentService     : ACL check: Layer1=PASS Layer2=PASS doc=7eb7b50a-21ec-4f40-a48a-98cccaa8f738 user=bench@pangochain.test
2026-07-31T21:04:42.265+06:00  INFO 577218 --- [pangochain-backend] [io-8080-exec-29] c.p.backend.document.DocumentService     : ACL check: Layer1=PASS Layer2=PASS doc=7eb7b50a-21ec-4f40-a48a-98cccaa8f738 user=bench@pangochain.test
2026-07-31T21:04:42.265+06:00  INFO 577218 --- [pangochain-backend] [io-8080-exec-27] c.p.backend.document.DocumentService     : ACL check: Layer1=PASS Layer2=PASS doc=7eb7b50a-21ec-4f40-a48a-98cccaa8f738 user=bench@pangochain.test
2026-07-31T21:04:42.260+06:00  INFO 577218 --- [pangochain-backend] [io-8080-exec-19] c.p.backend.document.DocumentService     : ACL check: Layer1=PASS Layer2=PASS doc=7eb7b50a-21ec-4f40-a48a-98cccaa8f738 user=bench@pangochain.test
2026-07-31T21:04:42.265+06:00  INFO 577218 --- [pangochain-backend] [io-8080-exec-34] c.p.backend.document.DocumentService     : ACL check: Layer1=PASS Layer2=PASS doc=7eb7b50a-21ec-4f40-a48a-98cccaa8f738 user=bench@pangochain.test
2026-07-31T21:04:42.266+06:00  INFO 577218 --- [pangochain-backend] [io-8080-exec-25] c.p.backend.document.DocumentService     : ACL check: Layer1=PASS Layer2=PASS doc=7eb7b50a-21ec-4f40-a48a-98cccaa8f738 user=bench@pangochain.test
2026-07-31T21:04:42.266+06:00  INFO 577218 --- [pangochain-backend] [io-8080-exec-26] c.p.backend.document.DocumentService     : ACL check: Layer1=PASS Layer2=PASS doc=7eb7b50a-21ec-4f40-a48a-98cccaa8f738 user=bench@pangochain.test
2026-07-31T21:04:42.266+06:00  INFO 577218 --- [pangochain-backend] [io-8080-exec-33] c.p.backend.document.DocumentService     : ACL check: Layer1=PASS Layer2=PASS doc=7eb7b50a-21ec-4f40-a48a-98cccaa8f738 user=bench@pangochain.test
2026-07-31T21:04:42.266+06:00  INFO 577218 --- [pangochain-backend] [io-8080-exec-21] c.p.backend.document.DocumentService     : ACL check: Layer1=PASS Layer2=PASS doc=7eb7b50a-21ec-4f40-a48a-98cccaa8f738 user=bench@pangochain.test
2026-07-31T21:04:42.266+06:00  INFO 577218 --- [pangochain-backend] [io-8080-exec-17] c.p.backend.document.DocumentService     : ACL check: Layer1=PASS Layer2=PASS doc=7eb7b50a-21ec-4f40-a48a-98cccaa8f738 user=bench@pangochain.test
2026-07-31T21:04:42.266+06:00  INFO 577218 --- [pangochain-backend] [io-8080-exec-28] c.p.backend.document.DocumentService     : ACL check: Layer1=PASS Layer2=PASS doc=7eb7b50a-21ec-4f40-a48a-98cccaa8f738 user=bench@pangochain.test
2026-07-31T21:04:42.267+06:00  INFO 577218 --- [pangochain-backend] [io-8080-exec-15] c.p.backend.document.DocumentService     : ACL check: Layer1=PASS Layer2=PASS doc=7eb7b50a-21ec-4f40-a48a-98cccaa8f738 user=bench@pangochain.test
2026-07-31T21:04:42.267+06:00  INFO 577218 --- [pangochain-backend] [io-8080-exec-32] c.p.backend.document.DocumentService     : ACL check: Layer1=PASS Layer2=PASS doc=7eb7b50a-21ec-4f40-a48a-98cccaa8f738 user=bench@pangochain.test
2026-07-31T21:04:42.268+06:00  INFO 577218 --- [pangochain-backend] [io-8080-exec-30] c.p.backend.document.DocumentService     : ACL check: Layer1=PASS Layer2=PASS doc=7eb7b50a-21ec-4f40-a48a-98cccaa8f738 user=bench@pangochain.test
2026-07-31T21:04:42.268+06:00  INFO 577218 --- [pangochain-backend] [io-8080-exec-11] c.p.backend.document.DocumentService     : ACL check: Layer1=PASS Layer2=PASS doc=7eb7b50a-21ec-4f40-a48a-98cccaa8f738 user=bench@pangochain.test
2026-07-31T21:04:42.268+06:00  INFO 577218 --- [pangochain-backend] [io-8080-exec-31] c.p.backend.document.DocumentService     : ACL check: Layer1=PASS Layer2=PASS doc=7eb7b50a-21ec-4f40-a48a-98cccaa8f738 user=bench@pangochain.test
2026-07-31T21:04:42.268+06:00  INFO 577218 --- [pangochain-backend] [nio-8080-exec-3] c.p.backend.document.DocumentService     : ACL check: Layer1=PASS Layer2=PASS doc=7eb7b50a-21ec-4f40-a48a-98cccaa8f738 user=bench@pangochain.test
2026-07-31T21:04:42.268+06:00  INFO 577218 --- [pangochain-backend] [io-8080-exec-22] c.p.backend.document.DocumentService     : ACL check: Layer1=PASS Layer2=PASS doc=7eb7b50a-21ec-4f40-a48a-98cccaa8f738 user=bench@pangochain.test
2026-07-31T21:04:42.269+06:00  INFO 577218 --- [pangochain-backend] [io-8080-exec-12] c.pangochain.backend.ipfs.IpfsService    : Fetched 780 bytes from primary IPFS CID=QmdMbyBpoGFK1mURYDVGnjQ4AkNoJfnaBed6stWNVYy8rq
2026-07-31T21:04:42.269+06:00  INFO 577218 --- [pangochain-backend] [nio-8080-exec-7] c.pangochain.backend.ipfs.IpfsService    : Fetched 780 bytes from primary IPFS CID=QmdMbyBpoGFK1mURYDVGnjQ4AkNoJfnaBed6stWNVYy8rq
2026-07-31T21:04:42.269+06:00  INFO 577218 --- [pangochain-backend] [nio-8080-exec-9] c.pangochain.backend.ipfs.IpfsService    : Fetched 780 bytes from primary IPFS CID=QmdMbyBpoGFK1mURYDVGnjQ4AkNoJfnaBed6stWNVYy8rq
2026-07-31T21:04:42.270+06:00  INFO 577218 --- [pangochain-backend] [io-8080-exec-35] c.p.backend.document.DocumentService     : ACL check: Layer1=PASS Layer2=PASS doc=7eb7b50a-21ec-4f40-a48a-98cccaa8f738 user=bench@pangochain.test
2026-07-31T21:04:42.271+06:00  INFO 577218 --- [pangochain-backend] [io-8080-exec-20] c.p.backend.document.DocumentService     : ACL check: Layer1=PASS Layer2=PASS doc=7eb7b50a-21ec-4f40-a48a-98cccaa8f738 user=bench@pangochain.test
2026-07-31T21:04:42.271+06:00  INFO 577218 --- [pangochain-backend] [nio-8080-exec-6] c.pangochain.backend.ipfs.IpfsService    : Fetched 780 bytes from primary IPFS CID=QmdMbyBpoGFK1mURYDVGnjQ4AkNoJfnaBed6stWNVYy8rq
2026-07-31T21:04:42.271+06:00  INFO 577218 --- [pangochain-backend] [io-8080-exec-14] c.pangochain.backend.ipfs.IpfsService    : Fetched 780 bytes from primary IPFS CID=QmdMbyBpoGFK1mURYDVGnjQ4AkNoJfnaBed6stWNVYy8rq
2026-07-31T21:04:42.271+06:00  INFO 577218 --- [pangochain-backend] [io-8080-exec-19] c.pangochain.backend.ipfs.IpfsService    : Fetched 780 bytes from primary IPFS CID=QmdMbyBpoGFK1mURYDVGnjQ4AkNoJfnaBed6stWNVYy8rq
2026-07-31T21:04:42.272+06:00  INFO 577218 --- [pangochain-backend] [nio-8080-exec-1] c.p.backend.document.DocumentService     : ACL check: Layer1=PASS Layer2=PASS doc=7eb7b50a-21ec-4f40-a48a-98cccaa8f738 user=bench@pangochain.test
2026-07-31T21:04:42.272+06:00  INFO 577218 --- [pangochain-backend] [io-8080-exec-18] c.pangochain.backend.ipfs.IpfsService    : Fetched 780 bytes from primary IPFS CID=QmdMbyBpoGFK1mURYDVGnjQ4AkNoJfnaBed6stWNVYy8rq
2026-07-31T21:04:42.272+06:00  INFO 577218 --- [pangochain-backend] [io-8080-exec-38] c.p.backend.document.DocumentService     : ACL check: Layer1=PASS Layer2=PASS doc=7eb7b50a-21ec-4f40-a48a-98cccaa8f738 user=bench@pangochain.test
2026-07-31T21:04:42.272+06:00  INFO 577218 --- [pangochain-backend] [nio-8080-exec-8] c.p.backend.document.DocumentService     : ACL check: Layer1=PASS Layer2=PASS doc=7eb7b50a-21ec-4f40-a48a-98cccaa8f738 user=bench@pangochain.test
2026-07-31T21:04:42.272+06:00  INFO 577218 --- [pangochain-backend] [io-8080-exec-24] c.pangochain.backend.ipfs.IpfsService    : Fetched 780 bytes from primary IPFS CID=QmdMbyBpoGFK1mURYDVGnjQ4AkNoJfnaBed6stWNVYy8rq
2026-07-31T21:04:42.273+06:00  INFO 577218 --- [pangochain-backend] [io-8080-exec-36] c.p.backend.document.DocumentService     : ACL check: Layer1=PASS Layer2=PASS doc=7eb7b50a-21ec-4f40-a48a-98cccaa8f738 user=bench@pangochain.test
2026-07-31T21:04:42.273+06:00  INFO 577218 --- [pangochain-backend] [io-8080-exec-17] c.pangochain.backend.ipfs.IpfsService    : Fetched 780 bytes from primary IPFS CID=QmdMbyBpoGFK1mURYDVGnjQ4AkNoJfnaBed6stWNVYy8rq
2026-07-31T21:04:42.273+06:00  INFO 577218 --- [pangochain-backend] [io-8080-exec-34] c.pangochain.backend.ipfs.IpfsService    : Fetched 780 bytes from primary IPFS CID=QmdMbyBpoGFK1mURYDVGnjQ4AkNoJfnaBed6stWNVYy8rq
2026-07-31T21:04:42.274+06:00  INFO 577218 --- [pangochain-backend] [io-8080-exec-25] c.pangochain.backend.ipfs.IpfsService    : Fetched 780 bytes from primary IPFS CID=QmdMbyBpoGFK1mURYDVGnjQ4AkNoJfnaBed6stWNVYy8rq
2026-07-31T21:04:42.272+06:00  INFO 577218 --- [pangochain-backend] [io-8080-exec-28] c.pangochain.backend.ipfs.IpfsService    : Fetched 780 bytes from primary IPFS CID=QmdMbyBpoGFK1mURYDVGnjQ4AkNoJfnaBed6stWNVYy8rq
2026-07-31T21:04:42.274+06:00  INFO 577218 --- [pangochain-backend] [io-8080-exec-29] c.pangochain.backend.ipfs.IpfsService    : Fetched 780 bytes from primary IPFS CID=QmdMbyBpoGFK1mURYDVGnjQ4AkNoJfnaBed6stWNVYy8rq
2026-07-31T21:04:42.274+06:00  INFO 577218 --- [pangochain-backend] [io-8080-exec-11] c.pangochain.backend.ipfs.IpfsService    : Fetched 780 bytes from primary IPFS CID=QmdMbyBpoGFK1mURYDVGnjQ4AkNoJfnaBed6stWNVYy8rq
2026-07-31T21:04:42.275+06:00  INFO 577218 --- [pangochain-backend] [io-8080-exec-16] c.pangochain.backend.ipfs.IpfsService    : Fetched 780 bytes from primary IPFS CID=QmdMbyBpoGFK1mURYDVGnjQ4AkNoJfnaBed6stWNVYy8rq
2026-07-31T21:04:42.275+06:00  INFO 577218 --- [pangochain-backend] [io-8080-exec-37] c.p.backend.document.DocumentService     : ACL check: Layer1=PASS Layer2=PASS doc=7eb7b50a-21ec-4f40-a48a-98cccaa8f738 user=bench@pangochain.test
2026-07-31T21:04:42.276+06:00  INFO 577218 --- [pangochain-backend] [io-8080-exec-33] c.pangochain.backend.ipfs.IpfsService    : Fetched 780 bytes from primary IPFS CID=QmdMbyBpoGFK1mURYDVGnjQ4AkNoJfnaBed6stWNVYy8rq
2026-07-31T21:04:42.276+06:00  INFO 577218 --- [pangochain-backend] [nio-8080-exec-4] c.p.backend.document.DocumentService     : ACL check: Layer1=PASS Layer2=PASS doc=7eb7b50a-21ec-4f40-a48a-98cccaa8f738 user=bench@pangochain.test
2026-07-31T21:04:42.276+06:00  INFO 577218 --- [pangochain-backend] [io-8080-exec-41] c.p.backend.document.DocumentService     : ACL check: Layer1=PASS Layer2=PASS doc=7eb7b50a-21ec-4f40-a48a-98cccaa8f738 user=bench@pangochain.test
2026-07-31T21:04:42.277+06:00  INFO 577218 --- [pangochain-backend] [io-8080-exec-39] c.p.backend.document.DocumentService     : ACL check: Layer1=PASS Layer2=PASS doc=7eb7b50a-21ec-4f40-a48a-98cccaa8f738 user=bench@pangochain.test
2026-07-31T21:04:42.277+06:00  INFO 577218 --- [pangochain-backend] [io-8080-exec-42] c.p.backend.document.DocumentService     : ACL check: Layer1=PASS Layer2=PASS doc=7eb7b50a-21ec-4f40-a48a-98cccaa8f738 user=bench@pangochain.test
2026-07-31T21:04:42.277+06:00  INFO 577218 --- [pangochain-backend] [io-8080-exec-27] c.pangochain.backend.ipfs.IpfsService    : Fetched 780 bytes from primary IPFS CID=QmdMbyBpoGFK1mURYDVGnjQ4AkNoJfnaBed6stWNVYy8rq
2026-07-31T21:04:42.277+06:00  INFO 577218 --- [pangochain-backend] [nio-8080-exec-3] c.pangochain.backend.ipfs.IpfsService    : Fetched 780 bytes from primary IPFS CID=QmdMbyBpoGFK1mURYDVGnjQ4AkNoJfnaBed6stWNVYy8rq
2026-07-31T21:04:42.278+06:00  INFO 577218 --- [pangochain-backend] [io-8080-exec-26] c.pangochain.backend.ipfs.IpfsService    : Fetched 780 bytes from primary IPFS CID=QmdMbyBpoGFK1mURYDVGnjQ4AkNoJfnaBed6stWNVYy8rq
2026-07-31T21:04:42.278+06:00  INFO 577218 --- [pangochain-backend] [io-8080-exec-31] c.pangochain.backend.ipfs.IpfsService    : Fetched 780 bytes from primary IPFS CID=QmdMbyBpoGFK1mURYDVGnjQ4AkNoJfnaBed6stWNVYy8rq
2026-07-31T21:04:42.278+06:00  INFO 577218 --- [pangochain-backend] [io-8080-exec-21] c.pangochain.backend.ipfs.IpfsService    : Fetched 780 bytes from primary IPFS CID=QmdMbyBpoGFK1mURYDVGnjQ4AkNoJfnaBed6stWNVYy8rq
2026-07-31T21:04:42.283+06:00  INFO 577218 --- [pangochain-backend] [io-8080-exec-36] c.pangochain.backend.ipfs.IpfsService    : Fetched 780 bytes from primary IPFS CID=QmdMbyBpoGFK1mURYDVGnjQ4AkNoJfnaBed6stWNVYy8rq
2026-07-31T21:04:42.278+06:00  INFO 577218 --- [pangochain-backend] [io-8080-exec-15] c.pangochain.backend.ipfs.IpfsService    : Fetched 780 bytes from primary IPFS CID=QmdMbyBpoGFK1mURYDVGnjQ4AkNoJfnaBed6stWNVYy8rq
2026-07-31T21:04:42.278+06:00  INFO 577218 --- [pangochain-backend] [io-8080-exec-20] c.pangochain.backend.ipfs.IpfsService    : Fetched 780 bytes from primary IPFS CID=QmdMbyBpoGFK1mURYDVGnjQ4AkNoJfnaBed6stWNVYy8rq
2026-07-31T21:04:42.283+06:00  INFO 577218 --- [pangochain-backend] [io-8080-exec-37] c.pangochain.backend.ipfs.IpfsService    : Fetched 780 bytes from primary IPFS CID=QmdMbyBpoGFK1mURYDVGnjQ4AkNoJfnaBed6stWNVYy8rq
2026-07-31T21:04:42.283+06:00  INFO 577218 --- [pangochain-backend] [nio-8080-exec-4] c.pangochain.backend.ipfs.IpfsService    : Fetched 780 bytes from primary IPFS CID=QmdMbyBpoGFK1mURYDVGnjQ4AkNoJfnaBed6stWNVYy8rq
2026-07-31T21:04:42.283+06:00  INFO 577218 --- [pangochain-backend] [io-8080-exec-42] c.pangochain.backend.ipfs.IpfsService    : Fetched 780 bytes from primary IPFS CID=QmdMbyBpoGFK1mURYDVGnjQ4AkNoJfnaBed6stWNVYy8rq
2026-07-31T21:04:42.280+06:00  INFO 577218 --- [pangochain-backend] [io-8080-exec-30] c.pangochain.backend.ipfs.IpfsService    : Fetched 780 bytes from primary IPFS CID=QmdMbyBpoGFK1mURYDVGnjQ4AkNoJfnaBed6stWNVYy8rq
2026-07-31T21:04:42.281+06:00  INFO 577218 --- [pangochain-backend] [nio-8080-exec-8] c.pangochain.backend.ipfs.IpfsService    : Fetched 780 bytes from primary IPFS CID=QmdMbyBpoGFK1mURYDVGnjQ4AkNoJfnaBed6stWNVYy8rq
2026-07-31T21:04:42.284+06:00  INFO 577218 --- [pangochain-backend] [io-8080-exec-39] c.pangochain.backend.ipfs.IpfsService    : Fetched 780 bytes from primary IPFS CID=QmdMbyBpoGFK1mURYDVGnjQ4AkNoJfnaBed6stWNVYy8rq
2026-07-31T21:04:42.284+06:00  INFO 577218 --- [pangochain-backend] [io-8080-exec-32] c.pangochain.backend.ipfs.IpfsService    : Fetched 780 bytes from primary IPFS CID=QmdMbyBpoGFK1mURYDVGnjQ4AkNoJfnaBed6stWNVYy8rq
2026-07-31T21:04:42.284+06:00  INFO 577218 --- [pangochain-backend] [io-8080-exec-41] c.pangochain.backend.ipfs.IpfsService    : Fetched 780 bytes from primary IPFS CID=QmdMbyBpoGFK1mURYDVGnjQ4AkNoJfnaBed6stWNVYy8rq
2026-07-31T21:04:42.285+06:00  INFO 577218 --- [pangochain-backend] [io-8080-exec-22] c.pangochain.backend.ipfs.IpfsService    : Fetched 780 bytes from primary IPFS CID=QmdMbyBpoGFK1mURYDVGnjQ4AkNoJfnaBed6stWNVYy8rq
2026-07-31T21:04:42.281+06:00  INFO 577218 --- [pangochain-backend] [io-8080-exec-10] c.p.backend.document.DocumentService     : ACL check: Layer1=PASS Layer2=PASS doc=7eb7b50a-21ec-4f40-a48a-98cccaa8f738 user=bench@pangochain.test
2026-07-31T21:04:42.281+06:00  INFO 577218 --- [pangochain-backend] [nio-8080-exec-1] c.pangochain.backend.ipfs.IpfsService    : Fetched 780 bytes from primary IPFS CID=QmdMbyBpoGFK1mURYDVGnjQ4AkNoJfnaBed6stWNVYy8rq
2026-07-31T21:04:42.282+06:00  INFO 577218 --- [pangochain-backend] [io-8080-exec-40] c.p.backend.document.DocumentService     : ACL check: Layer1=PASS Layer2=PASS doc=7eb7b50a-21ec-4f40-a48a-98cccaa8f738 user=bench@pangochain.test
2026-07-31T21:04:42.282+06:00  INFO 577218 --- [pangochain-backend] [io-8080-exec-38] c.pangochain.backend.ipfs.IpfsService    : Fetched 780 bytes from primary IPFS CID=QmdMbyBpoGFK1mURYDVGnjQ4AkNoJfnaBed6stWNVYy8rq
2026-07-31T21:04:42.286+06:00  INFO 577218 --- [pangochain-backend] [io-8080-exec-35] c.pangochain.backend.ipfs.IpfsService    : Fetched 780 bytes from primary IPFS CID=QmdMbyBpoGFK1mURYDVGnjQ4AkNoJfnaBed6stWNVYy8rq
2026-07-31T21:04:42.287+06:00  INFO 577218 --- [pangochain-backend] [nio-8080-exec-5] c.p.backend.document.DocumentService     : ACL check: Layer1=PASS Layer2=PASS doc=7eb7b50a-21ec-4f40-a48a-98cccaa8f738 user=bench@pangochain.test
2026-07-31T21:04:42.289+06:00  INFO 577218 --- [pangochain-backend] [io-8080-exec-10] c.pangochain.backend.ipfs.IpfsService    : Fetched 780 bytes from primary IPFS CID=QmdMbyBpoGFK1mURYDVGnjQ4AkNoJfnaBed6stWNVYy8rq
2026-07-31T21:04:42.289+06:00  INFO 577218 --- [pangochain-backend] [nio-8080-exec-5] c.pangochain.backend.ipfs.IpfsService    : Fetched 780 bytes from primary IPFS CID=QmdMbyBpoGFK1mURYDVGnjQ4AkNoJfnaBed6stWNVYy8rq
2026-07-31T21:04:42.291+06:00  INFO 577218 --- [pangochain-backend] [io-8080-exec-40] c.pangochain.backend.ipfs.IpfsService    : Fetched 780 bytes from primary IPFS CID=QmdMbyBpoGFK1mURYDVGnjQ4AkNoJfnaBed6stWNVYy8rq
2026-07-31T21:04:42.295+06:00  INFO 577218 --- [pangochain-backend] [io-8080-exec-24] c.p.backend.document.DocumentService     : ACL check: Layer1=PASS Layer2=PASS doc=7eb7b50a-21ec-4f40-a48a-98cccaa8f738 user=bench@pangochain.test
2026-07-31T21:04:42.295+06:00  INFO 577218 --- [pangochain-backend] [io-8080-exec-43] c.p.backend.document.DocumentService     : ACL check: Layer1=PASS Layer2=PASS doc=7eb7b50a-21ec-4f40-a48a-98cccaa8f738 user=bench@pangochain.test
2026-07-31T21:04:42.295+06:00  INFO 577218 --- [pangochain-backend] [nio-8080-exec-2] c.p.backend.document.DocumentService     : ACL check: Layer1=PASS Layer2=PASS doc=7eb7b50a-21ec-4f40-a48a-98cccaa8f738 user=bench@pangochain.test
2026-07-31T21:04:42.298+06:00  INFO 577218 --- [pangochain-backend] [io-8080-exec-43] c.pangochain.backend.ipfs.IpfsService    : Fetched 780 bytes from primary IPFS CID=QmdMbyBpoGFK1mURYDVGnjQ4AkNoJfnaBed6stWNVYy8rq
2026-07-31T21:04:42.300+06:00  INFO 577218 --- [pangochain-backend] [nio-8080-exec-2] c.pangochain.backend.ipfs.IpfsService    : Fetched 780 bytes from primary IPFS CID=QmdMbyBpoGFK1mURYDVGnjQ4AkNoJfnaBed6stWNVYy8rq
2026-07-31T21:04:42.300+06:00  INFO 577218 --- [pangochain-backend] [io-8080-exec-24] c.pangochain.backend.ipfs.IpfsService    : Fetched 780 bytes from primary IPFS CID=QmdMbyBpoGFK1mURYDVGnjQ4AkNoJfnaBed6stWNVYy8rq
2026-07-31T21:04:42.301+06:00  INFO 577218 --- [pangochain-backend] [io-8080-exec-12] c.p.backend.document.DocumentService     : ACL check: Layer1=PASS Layer2=PASS doc=7eb7b50a-21ec-4f40-a48a-98cccaa8f738 user=bench@pangochain.test
2026-07-31T21:04:42.302+06:00  INFO 577218 --- [pangochain-backend] [io-8080-exec-23] c.p.backend.document.DocumentService     : ACL check: Layer1=PASS Layer2=PASS doc=7eb7b50a-21ec-4f40-a48a-98cccaa8f738 user=bench@pangochain.test
2026-07-31T21:04:42.302+06:00  INFO 577218 --- [pangochain-backend] [io-8080-exec-16] c.p.backend.document.DocumentService     : ACL check: Layer1=PASS Layer2=PASS doc=7eb7b50a-21ec-4f40-a48a-98cccaa8f738 user=bench@pangochain.test
2026-07-31T21:04:42.307+06:00  INFO 577218 --- [pangochain-backend] [nio-8080-exec-9] c.p.backend.document.DocumentService     : ACL check: Layer1=PASS Layer2=PASS doc=7eb7b50a-21ec-4f40-a48a-98cccaa8f738 user=bench@pangochain.test
2026-07-31T21:04:42.307+06:00  INFO 577218 --- [pangochain-backend] [io-8080-exec-47] c.p.backend.document.DocumentService     : ACL check: Layer1=PASS Layer2=PASS doc=7eb7b50a-21ec-4f40-a48a-98cccaa8f738 user=bench@pangochain.test
2026-07-31T21:04:42.308+06:00  INFO 577218 --- [pangochain-backend] [io-8080-exec-25] c.p.backend.document.DocumentService     : ACL check: Layer1=PASS Layer2=PASS doc=7eb7b50a-21ec-4f40-a48a-98cccaa8f738 user=bench@pangochain.test
2026-07-31T21:04:42.308+06:00  INFO 577218 --- [pangochain-backend] [io-8080-exec-46] c.p.backend.document.DocumentService     : ACL check: Layer1=PASS Layer2=PASS doc=7eb7b50a-21ec-4f40-a48a-98cccaa8f738 user=bench@pangochain.test
2026-07-31T21:04:42.308+06:00  INFO 577218 --- [pangochain-backend] [io-8080-exec-27] c.p.backend.document.DocumentService     : ACL check: Layer1=PASS Layer2=PASS doc=7eb7b50a-21ec-4f40-a48a-98cccaa8f738 user=bench@pangochain.test
2026-07-31T21:04:42.309+06:00  INFO 577218 --- [pangochain-backend] [nio-8080-exec-6] c.p.backend.document.DocumentService     : ACL check: Layer1=PASS Layer2=PASS doc=7eb7b50a-21ec-4f40-a48a-98cccaa8f738 user=bench@pangochain.test
2026-07-31T21:04:42.311+06:00  INFO 577218 --- [pangochain-backend] [io-8080-exec-45] c.p.backend.document.DocumentService     : ACL check: Layer1=PASS Layer2=PASS doc=7eb7b50a-21ec-4f40-a48a-98cccaa8f738 user=bench@pangochain.test
2026-07-31T21:04:42.311+06:00  INFO 577218 --- [pangochain-backend] [io-8080-exec-26] c.p.backend.document.DocumentService     : ACL check: Layer1=PASS Layer2=PASS doc=7eb7b50a-21ec-4f40-a48a-98cccaa8f738 user=bench@pangochain.test
2026-07-31T21:04:42.311+06:00  INFO 577218 --- [pangochain-backend] [io-8080-exec-13] c.p.backend.document.DocumentService     : ACL check: Layer1=PASS Layer2=PASS doc=7eb7b50a-21ec-4f40-a48a-98cccaa8f738 user=bench@pangochain.test
2026-07-31T21:04:42.311+06:00  INFO 577218 --- [pangochain-backend] [io-8080-exec-28] c.p.backend.document.DocumentService     : ACL check: Layer1=PASS Layer2=PASS doc=7eb7b50a-21ec-4f40-a48a-98cccaa8f738 user=bench@pangochain.test
2026-07-31T21:04:42.312+06:00  INFO 577218 --- [pangochain-backend] [io-8080-exec-25] c.pangochain.backend.ipfs.IpfsService    : Fetched 780 bytes from primary IPFS CID=QmdMbyBpoGFK1mURYDVGnjQ4AkNoJfnaBed6stWNVYy8rq
2026-07-31T21:04:42.314+06:00  INFO 577218 --- [pangochain-backend] [io-8080-exec-12] c.pangochain.backend.ipfs.IpfsService    : Fetched 780 bytes from primary IPFS CID=QmdMbyBpoGFK1mURYDVGnjQ4AkNoJfnaBed6stWNVYy8rq
2026-07-31T21:04:42.315+06:00  INFO 577218 --- [pangochain-backend] [io-8080-exec-18] c.p.backend.document.DocumentService     : ACL check: Layer1=PASS Layer2=PASS doc=7eb7b50a-21ec-4f40-a48a-98cccaa8f738 user=bench@pangochain.test
2026-07-31T21:04:42.315+06:00  INFO 577218 --- [pangochain-backend] [nio-8080-exec-9] c.pangochain.backend.ipfs.IpfsService    : Fetched 780 bytes from primary IPFS CID=QmdMbyBpoGFK1mURYDVGnjQ4AkNoJfnaBed6stWNVYy8rq
2026-07-31T21:04:42.315+06:00  INFO 577218 --- [pangochain-backend] [io-8080-exec-45] c.pangochain.backend.ipfs.IpfsService    : Fetched 780 bytes from primary IPFS CID=QmdMbyBpoGFK1mURYDVGnjQ4AkNoJfnaBed6stWNVYy8rq
2026-07-31T21:04:42.315+06:00  INFO 577218 --- [pangochain-backend] [nio-8080-exec-6] c.pangochain.backend.ipfs.IpfsService    : Fetched 780 bytes from primary IPFS CID=QmdMbyBpoGFK1mURYDVGnjQ4AkNoJfnaBed6stWNVYy8rq
2026-07-31T21:04:42.316+06:00  INFO 577218 --- [pangochain-backend] [io-8080-exec-17] c.p.backend.document.DocumentService     : ACL check: Layer1=PASS Layer2=PASS doc=7eb7b50a-21ec-4f40-a48a-98cccaa8f738 user=bench@pangochain.test
2026-07-31T21:04:42.316+06:00  INFO 577218 --- [pangochain-backend] [io-8080-exec-11] c.p.backend.document.DocumentService     : ACL check: Layer1=PASS Layer2=PASS doc=7eb7b50a-21ec-4f40-a48a-98cccaa8f738 user=bench@pangochain.test
2026-07-31T21:04:42.317+06:00  INFO 577218 --- [pangochain-backend] [io-8080-exec-28] c.pangochain.backend.ipfs.IpfsService    : Fetched 780 bytes from primary IPFS CID=QmdMbyBpoGFK1mURYDVGnjQ4AkNoJfnaBed6stWNVYy8rq
2026-07-31T21:04:42.317+06:00  INFO 577218 --- [pangochain-backend] [io-8080-exec-26] c.pangochain.backend.ipfs.IpfsService    : Fetched 780 bytes from primary IPFS CID=QmdMbyBpoGFK1mURYDVGnjQ4AkNoJfnaBed6stWNVYy8rq
2026-07-31T21:04:42.319+06:00  INFO 577218 --- [pangochain-backend] [io-8080-exec-29] c.p.backend.document.DocumentService     : ACL check: Layer1=PASS Layer2=PASS doc=7eb7b50a-21ec-4f40-a48a-98cccaa8f738 user=bench@pangochain.test
2026-07-31T21:04:42.319+06:00  INFO 577218 --- [pangochain-backend] [io-8080-exec-44] c.p.backend.document.DocumentService     : ACL check: Layer1=PASS Layer2=PASS doc=7eb7b50a-21ec-4f40-a48a-98cccaa8f738 user=bench@pangochain.test
2026-07-31T21:04:42.320+06:00  INFO 577218 --- [pangochain-backend] [io-8080-exec-13] c.pangochain.backend.ipfs.IpfsService    : Fetched 780 bytes from primary IPFS CID=QmdMbyBpoGFK1mURYDVGnjQ4AkNoJfnaBed6stWNVYy8rq
2026-07-31T21:04:42.320+06:00  INFO 577218 --- [pangochain-backend] [io-8080-exec-14] c.p.backend.document.DocumentService     : ACL check: Layer1=PASS Layer2=PASS doc=7eb7b50a-21ec-4f40-a48a-98cccaa8f738 user=bench@pangochain.test
2026-07-31T21:04:42.320+06:00  INFO 577218 --- [pangochain-backend] [io-8080-exec-16] c.pangochain.backend.ipfs.IpfsService    : Fetched 780 bytes from primary IPFS CID=QmdMbyBpoGFK1mURYDVGnjQ4AkNoJfnaBed6stWNVYy8rq
2026-07-31T21:04:42.321+06:00  INFO 577218 --- [pangochain-backend] [io-8080-exec-27] c.pangochain.backend.ipfs.IpfsService    : Fetched 780 bytes from primary IPFS CID=QmdMbyBpoGFK1mURYDVGnjQ4AkNoJfnaBed6stWNVYy8rq
2026-07-31T21:04:42.323+06:00  INFO 577218 --- [pangochain-backend] [io-8080-exec-46] c.pangochain.backend.ipfs.IpfsService    : Fetched 780 bytes from primary IPFS CID=QmdMbyBpoGFK1mURYDVGnjQ4AkNoJfnaBed6stWNVYy8rq
2026-07-31T21:04:42.323+06:00  INFO 577218 --- [pangochain-backend] [io-8080-exec-23] c.pangochain.backend.ipfs.IpfsService    : Fetched 780 bytes from primary IPFS CID=QmdMbyBpoGFK1mURYDVGnjQ4AkNoJfnaBed6stWNVYy8rq
2026-07-31T21:04:42.323+06:00  INFO 577218 --- [pangochain-backend] [io-8080-exec-17] c.pangochain.backend.ipfs.IpfsService    : Fetched 780 bytes from primary IPFS CID=QmdMbyBpoGFK1mURYDVGnjQ4AkNoJfnaBed6stWNVYy8rq
2026-07-31T21:04:42.327+06:00  INFO 577218 --- [pangochain-backend] [io-8080-exec-47] c.pangochain.backend.ipfs.IpfsService    : Fetched 780 bytes from primary IPFS CID=QmdMbyBpoGFK1mURYDVGnjQ4AkNoJfnaBed6stWNVYy8rq
2026-07-31T21:04:42.327+06:00  INFO 577218 --- [pangochain-backend] [io-8080-exec-14] c.pangochain.backend.ipfs.IpfsService    : Fetched 780 bytes from primary IPFS CID=QmdMbyBpoGFK1mURYDVGnjQ4AkNoJfnaBed6stWNVYy8rq
2026-07-31T21:04:42.328+06:00  INFO 577218 --- [pangochain-backend] [io-8080-exec-21] c.p.backend.document.DocumentService     : ACL check: Layer1=PASS Layer2=PASS doc=7eb7b50a-21ec-4f40-a48a-98cccaa8f738 user=bench@pangochain.test
2026-07-31T21:04:42.328+06:00  INFO 577218 --- [pangochain-backend] [io-8080-exec-42] c.p.backend.document.DocumentService     : ACL check: Layer1=PASS Layer2=PASS doc=7eb7b50a-21ec-4f40-a48a-98cccaa8f738 user=bench@pangochain.test
2026-07-31T21:04:42.328+06:00  INFO 577218 --- [pangochain-backend] [nio-8080-exec-8] c.p.backend.document.DocumentService     : ACL check: Layer1=PASS Layer2=PASS doc=7eb7b50a-21ec-4f40-a48a-98cccaa8f738 user=bench@pangochain.test
2026-07-31T21:04:42.329+06:00  INFO 577218 --- [pangochain-backend] [io-8080-exec-18] c.pangochain.backend.ipfs.IpfsService    : Fetched 780 bytes from primary IPFS CID=QmdMbyBpoGFK1mURYDVGnjQ4AkNoJfnaBed6stWNVYy8rq
2026-07-31T21:04:42.329+06:00  INFO 577218 --- [pangochain-backend] [nio-8080-exec-4] c.p.backend.document.DocumentService     : ACL check: Layer1=PASS Layer2=PASS doc=7eb7b50a-21ec-4f40-a48a-98cccaa8f738 user=bench@pangochain.test
2026-07-31T21:04:42.330+06:00  INFO 577218 --- [pangochain-backend] [io-8080-exec-36] c.p.backend.document.DocumentService     : ACL check: Layer1=PASS Layer2=PASS doc=7eb7b50a-21ec-4f40-a48a-98cccaa8f738 user=bench@pangochain.test
2026-07-31T21:04:42.330+06:00  INFO 577218 --- [pangochain-backend] [io-8080-exec-44] c.pangochain.backend.ipfs.IpfsService    : Fetched 780 bytes from primary IPFS CID=QmdMbyBpoGFK1mURYDVGnjQ4AkNoJfnaBed6stWNVYy8rq
2026-07-31T21:04:42.331+06:00  INFO 577218 --- [pangochain-backend] [io-8080-exec-37] c.p.backend.document.DocumentService     : ACL check: Layer1=PASS Layer2=PASS doc=7eb7b50a-21ec-4f40-a48a-98cccaa8f738 user=bench@pangochain.test
2026-07-31T21:04:42.331+06:00  INFO 577218 --- [pangochain-backend] [io-8080-exec-29] c.pangochain.backend.ipfs.IpfsService    : Fetched 780 bytes from primary IPFS CID=QmdMbyBpoGFK1mURYDVGnjQ4AkNoJfnaBed6stWNVYy8rq
2026-07-31T21:04:42.332+06:00  INFO 577218 --- [pangochain-backend] [io-8080-exec-11] c.pangochain.backend.ipfs.IpfsService    : Fetched 780 bytes from primary IPFS CID=QmdMbyBpoGFK1mURYDVGnjQ4AkNoJfnaBed6stWNVYy8rq
2026-07-31T21:04:42.336+06:00  INFO 577218 --- [pangochain-backend] [io-8080-exec-42] c.pangochain.backend.ipfs.IpfsService    : Fetched 780 bytes from primary IPFS CID=QmdMbyBpoGFK1mURYDVGnjQ4AkNoJfnaBed6stWNVYy8rq
2026-07-31T21:04:42.338+06:00  INFO 577218 --- [pangochain-backend] [nio-8080-exec-4] c.pangochain.backend.ipfs.IpfsService    : Fetched 780 bytes from primary IPFS CID=QmdMbyBpoGFK1mURYDVGnjQ4AkNoJfnaBed6stWNVYy8rq
2026-07-31T21:04:42.338+06:00  INFO 577218 --- [pangochain-backend] [io-8080-exec-21] c.pangochain.backend.ipfs.IpfsService    : Fetched 780 bytes from primary IPFS CID=QmdMbyBpoGFK1mURYDVGnjQ4AkNoJfnaBed6stWNVYy8rq
2026-07-31T21:04:42.338+06:00  INFO 577218 --- [pangochain-backend] [io-8080-exec-36] c.pangochain.backend.ipfs.IpfsService    : Fetched 780 bytes from primary IPFS CID=QmdMbyBpoGFK1mURYDVGnjQ4AkNoJfnaBed6stWNVYy8rq
2026-07-31T21:04:42.340+06:00  INFO 577218 --- [pangochain-backend] [io-8080-exec-12] c.p.backend.document.DocumentService     : ACL check: Layer1=PASS Layer2=PASS doc=7eb7b50a-21ec-4f40-a48a-98cccaa8f738 user=bench@pangochain.test
2026-07-31T21:04:42.340+06:00  INFO 577218 --- [pangochain-backend] [io-8080-exec-39] c.p.backend.document.DocumentService     : ACL check: Layer1=PASS Layer2=PASS doc=7eb7b50a-21ec-4f40-a48a-98cccaa8f738 user=bench@pangochain.test
2026-07-31T21:04:42.340+06:00  INFO 577218 --- [pangochain-backend] [io-8080-exec-15] c.p.backend.document.DocumentService     : ACL check: Layer1=PASS Layer2=PASS doc=7eb7b50a-21ec-4f40-a48a-98cccaa8f738 user=bench@pangochain.test
2026-07-31T21:04:42.341+06:00  INFO 577218 --- [pangochain-backend] [io-8080-exec-50] c.p.backend.document.DocumentService     : ACL check: Layer1=PASS Layer2=PASS doc=7eb7b50a-21ec-4f40-a48a-98cccaa8f738 user=bench@pangochain.test
2026-07-31T21:04:42.341+06:00  INFO 577218 --- [pangochain-backend] [io-8080-exec-37] c.pangochain.backend.ipfs.IpfsService    : Fetched 780 bytes from primary IPFS CID=QmdMbyBpoGFK1mURYDVGnjQ4AkNoJfnaBed6stWNVYy8rq
2026-07-31T21:04:42.342+06:00  INFO 577218 --- [pangochain-backend] [nio-8080-exec-8] c.pangochain.backend.ipfs.IpfsService    : Fetched 780 bytes from primary IPFS CID=QmdMbyBpoGFK1mURYDVGnjQ4AkNoJfnaBed6stWNVYy8rq
2026-07-31T21:04:42.343+06:00  INFO 577218 --- [pangochain-backend] [io-8080-exec-15] c.pangochain.backend.ipfs.IpfsService    : Fetched 780 bytes from primary IPFS CID=QmdMbyBpoGFK1mURYDVGnjQ4AkNoJfnaBed6stWNVYy8rq
2026-07-31T21:04:42.344+06:00  INFO 577218 --- [pangochain-backend] [io-8080-exec-39] c.pangochain.backend.ipfs.IpfsService    : Fetched 780 bytes from primary IPFS CID=QmdMbyBpoGFK1mURYDVGnjQ4AkNoJfnaBed6stWNVYy8rq
2026-07-31T21:04:42.347+06:00  INFO 577218 --- [pangochain-backend] [io-8080-exec-12] c.pangochain.backend.ipfs.IpfsService    : Fetched 780 bytes from primary IPFS CID=QmdMbyBpoGFK1mURYDVGnjQ4AkNoJfnaBed6stWNVYy8rq
2026-07-31T21:04:42.352+06:00  INFO 577218 --- [pangochain-backend] [io-8080-exec-50] c.pangochain.backend.ipfs.IpfsService    : Fetched 780 bytes from primary IPFS CID=QmdMbyBpoGFK1mURYDVGnjQ4AkNoJfnaBed6stWNVYy8rq
2026-07-31T21:04:42.371+06:00  INFO 577218 --- [pangochain-backend] [io-8080-exec-31] c.p.backend.document.DocumentService     : ACL check: Layer1=PASS Layer2=PASS doc=7eb7b50a-21ec-4f40-a48a-98cccaa8f738 user=bench@pangochain.test
2026-07-31T21:04:42.371+06:00  INFO 577218 --- [pangochain-backend] [nio-8080-exec-1] c.p.backend.document.DocumentService     : ACL check: Layer1=PASS Layer2=PASS doc=7eb7b50a-21ec-4f40-a48a-98cccaa8f738 user=bench@pangochain.test
2026-07-31T21:04:42.371+06:00  INFO 577218 --- [pangochain-backend] [io-8080-exec-48] c.p.backend.document.DocumentService     : ACL check: Layer1=PASS Layer2=PASS doc=7eb7b50a-21ec-4f40-a48a-98cccaa8f738 user=bench@pangochain.test
2026-07-31T21:04:42.372+06:00  INFO 577218 --- [pangochain-backend] [io-8080-exec-24] c.p.backend.document.DocumentService     : ACL check: Layer1=PASS Layer2=PASS doc=7eb7b50a-21ec-4f40-a48a-98cccaa8f738 user=bench@pangochain.test
2026-07-31T21:04:42.372+06:00  INFO 577218 --- [pangochain-backend] [io-8080-exec-43] c.p.backend.document.DocumentService     : ACL check: Layer1=PASS Layer2=PASS doc=7eb7b50a-21ec-4f40-a48a-98cccaa8f738 user=bench@pangochain.test
2026-07-31T21:04:42.372+06:00  INFO 577218 --- [pangochain-backend] [io-8080-exec-25] c.p.backend.document.DocumentService     : ACL check: Layer1=PASS Layer2=PASS doc=7eb7b50a-21ec-4f40-a48a-98cccaa8f738 user=bench@pangochain.test
2026-07-31T21:04:42.372+06:00  INFO 577218 --- [pangochain-backend] [io-8080-exec-10] c.p.backend.document.DocumentService     : ACL check: Layer1=PASS Layer2=PASS doc=7eb7b50a-21ec-4f40-a48a-98cccaa8f738 user=bench@pangochain.test
2026-07-31T21:04:42.372+06:00  INFO 577218 --- [pangochain-backend] [io-8080-exec-33] c.p.backend.document.DocumentService     : ACL check: Layer1=PASS Layer2=PASS doc=7eb7b50a-21ec-4f40-a48a-98cccaa8f738 user=bench@pangochain.test
2026-07-31T21:04:42.372+06:00  INFO 577218 --- [pangochain-backend] [io-8080-exec-34] c.p.backend.document.DocumentService     : ACL check: Layer1=PASS Layer2=PASS doc=7eb7b50a-21ec-4f40-a48a-98cccaa8f738 user=bench@pangochain.test
2026-07-31T21:04:42.372+06:00  INFO 577218 --- [pangochain-backend] [nio-8080-exec-7] c.p.backend.document.DocumentService     : ACL check: Layer1=PASS Layer2=PASS doc=7eb7b50a-21ec-4f40-a48a-98cccaa8f738 user=bench@pangochain.test
2026-07-31T21:04:42.372+06:00  INFO 577218 --- [pangochain-backend] [io-8080-exec-40] c.p.backend.document.DocumentService     : ACL check: Layer1=PASS Layer2=PASS doc=7eb7b50a-21ec-4f40-a48a-98cccaa8f738 user=bench@pangochain.test
2026-07-31T21:04:42.372+06:00  INFO 577218 --- [pangochain-backend] [io-8080-exec-49] c.p.backend.document.DocumentService     : ACL check: Layer1=PASS Layer2=PASS doc=7eb7b50a-21ec-4f40-a48a-98cccaa8f738 user=bench@pangochain.test
2026-07-31T21:04:42.372+06:00  INFO 577218 --- [pangochain-backend] [io-8080-exec-38] c.p.backend.document.DocumentService     : ACL check: Layer1=PASS Layer2=PASS doc=7eb7b50a-21ec-4f40-a48a-98cccaa8f738 user=bench@pangochain.test
2026-07-31T21:04:42.374+06:00  INFO 577218 --- [pangochain-backend] [io-8080-exec-26] c.p.backend.document.DocumentService     : ACL check: Layer1=PASS Layer2=PASS doc=7eb7b50a-21ec-4f40-a48a-98cccaa8f738 user=bench@pangochain.test
2026-07-31T21:04:42.374+06:00  INFO 577218 --- [pangochain-backend] [nio-8080-exec-6] c.p.backend.document.DocumentService     : ACL check: Layer1=PASS Layer2=PASS doc=7eb7b50a-21ec-4f40-a48a-98cccaa8f738 user=bench@pangochain.test
2026-07-31T21:04:42.374+06:00  INFO 577218 --- [pangochain-backend] [nio-8080-exec-2] c.p.backend.document.DocumentService     : ACL check: Layer1=PASS Layer2=PASS doc=7eb7b50a-21ec-4f40-a48a-98cccaa8f738 user=bench@pangochain.test
2026-07-31T21:04:42.374+06:00  INFO 577218 --- [pangochain-backend] [io-8080-exec-45] c.p.backend.document.DocumentService     : ACL check: Layer1=PASS Layer2=PASS doc=7eb7b50a-21ec-4f40-a48a-98cccaa8f738 user=bench@pangochain.test
2026-07-31T21:04:42.374+06:00  INFO 577218 --- [pangochain-backend] [io-8080-exec-22] c.p.backend.document.DocumentService     : ACL check: Layer1=PASS Layer2=PASS doc=7eb7b50a-21ec-4f40-a48a-98cccaa8f738 user=bench@pangochain.test
2026-07-31T21:04:42.376+06:00  INFO 577218 --- [pangochain-backend] [nio-8080-exec-6] c.pangochain.backend.ipfs.IpfsService    : Fetched 780 bytes from primary IPFS CID=QmdMbyBpoGFK1mURYDVGnjQ4AkNoJfnaBed6stWNVYy8rq
2026-07-31T21:04:42.376+06:00  INFO 577218 --- [pangochain-backend] [nio-8080-exec-1] c.pangochain.backend.ipfs.IpfsService    : Fetched 780 bytes from primary IPFS CID=QmdMbyBpoGFK1mURYDVGnjQ4AkNoJfnaBed6stWNVYy8rq
2026-07-31T21:04:42.376+06:00  INFO 577218 --- [pangochain-backend] [nio-8080-exec-7] c.pangochain.backend.ipfs.IpfsService    : Fetched 780 bytes from primary IPFS CID=QmdMbyBpoGFK1mURYDVGnjQ4AkNoJfnaBed6stWNVYy8rq
2026-07-31T21:04:42.376+06:00  INFO 577218 --- [pangochain-backend] [io-8080-exec-40] c.pangochain.backend.ipfs.IpfsService    : Fetched 780 bytes from primary IPFS CID=QmdMbyBpoGFK1mURYDVGnjQ4AkNoJfnaBed6stWNVYy8rq
2026-07-31T21:04:42.376+06:00  INFO 577218 --- [pangochain-backend] [io-8080-exec-33] c.pangochain.backend.ipfs.IpfsService    : Fetched 780 bytes from primary IPFS CID=QmdMbyBpoGFK1mURYDVGnjQ4AkNoJfnaBed6stWNVYy8rq
2026-07-31T21:04:42.377+06:00  INFO 577218 --- [pangochain-backend] [io-8080-exec-49] c.pangochain.backend.ipfs.IpfsService    : Fetched 780 bytes from primary IPFS CID=QmdMbyBpoGFK1mURYDVGnjQ4AkNoJfnaBed6stWNVYy8rq
2026-07-31T21:04:42.377+06:00  INFO 577218 --- [pangochain-backend] [io-8080-exec-26] c.pangochain.backend.ipfs.IpfsService    : Fetched 780 bytes from primary IPFS CID=QmdMbyBpoGFK1mURYDVGnjQ4AkNoJfnaBed6stWNVYy8rq
2026-07-31T21:04:42.377+06:00  INFO 577218 --- [pangochain-backend] [io-8080-exec-10] c.pangochain.backend.ipfs.IpfsService    : Fetched 780 bytes from primary IPFS CID=QmdMbyBpoGFK1mURYDVGnjQ4AkNoJfnaBed6stWNVYy8rq
2026-07-31T21:04:42.377+06:00  INFO 577218 --- [pangochain-backend] [io-8080-exec-31] c.pangochain.backend.ipfs.IpfsService    : Fetched 780 bytes from primary IPFS CID=QmdMbyBpoGFK1mURYDVGnjQ4AkNoJfnaBed6stWNVYy8rq
2026-07-31T21:04:42.378+06:00  INFO 577218 --- [pangochain-backend] [io-8080-exec-43] c.pangochain.backend.ipfs.IpfsService    : Fetched 780 bytes from primary IPFS CID=QmdMbyBpoGFK1mURYDVGnjQ4AkNoJfnaBed6stWNVYy8rq
2026-07-31T21:04:42.378+06:00  INFO 577218 --- [pangochain-backend] [io-8080-exec-48] c.pangochain.backend.ipfs.IpfsService    : Fetched 780 bytes from primary IPFS CID=QmdMbyBpoGFK1mURYDVGnjQ4AkNoJfnaBed6stWNVYy8rq
2026-07-31T21:04:42.378+06:00  INFO 577218 --- [pangochain-backend] [io-8080-exec-25] c.pangochain.backend.ipfs.IpfsService    : Fetched 780 bytes from primary IPFS CID=QmdMbyBpoGFK1mURYDVGnjQ4AkNoJfnaBed6stWNVYy8rq
2026-07-31T21:04:42.378+06:00  INFO 577218 --- [pangochain-backend] [io-8080-exec-38] c.pangochain.backend.ipfs.IpfsService    : Fetched 780 bytes from primary IPFS CID=QmdMbyBpoGFK1mURYDVGnjQ4AkNoJfnaBed6stWNVYy8rq
2026-07-31T21:04:42.379+06:00  INFO 577218 --- [pangochain-backend] [io-8080-exec-24] c.pangochain.backend.ipfs.IpfsService    : Fetched 780 bytes from primary IPFS CID=QmdMbyBpoGFK1mURYDVGnjQ4AkNoJfnaBed6stWNVYy8rq
2026-07-31T21:04:42.380+06:00  INFO 577218 --- [pangochain-backend] [io-8080-exec-45] c.pangochain.backend.ipfs.IpfsService    : Fetched 780 bytes from primary IPFS CID=QmdMbyBpoGFK1mURYDVGnjQ4AkNoJfnaBed6stWNVYy8rq
2026-07-31T21:04:42.380+06:00  INFO 577218 --- [pangochain-backend] [io-8080-exec-22] c.pangochain.backend.ipfs.IpfsService    : Fetched 780 bytes from primary IPFS CID=QmdMbyBpoGFK1mURYDVGnjQ4AkNoJfnaBed6stWNVYy8rq
2026-07-31T21:04:42.380+06:00  INFO 577218 --- [pangochain-backend] [nio-8080-exec-2] c.pangochain.backend.ipfs.IpfsService    : Fetched 780 bytes from primary IPFS CID=QmdMbyBpoGFK1mURYDVGnjQ4AkNoJfnaBed6stWNVYy8rq
2026-07-31T21:04:42.381+06:00  INFO 577218 --- [pangochain-backend] [io-8080-exec-34] c.pangochain.backend.ipfs.IpfsService    : Fetched 780 bytes from primary IPFS CID=QmdMbyBpoGFK1mURYDVGnjQ4AkNoJfnaBed6stWNVYy8rq
2026-07-31T21:04:42.386+06:00  INFO 577218 --- [pangochain-backend] [nio-8080-exec-9] c.p.backend.document.DocumentService     : ACL check: Layer1=PASS Layer2=PASS doc=7eb7b50a-21ec-4f40-a48a-98cccaa8f738 user=bench@pangochain.test
2026-07-31T21:04:42.387+06:00  INFO 577218 --- [pangochain-backend] [io-8080-exec-28] c.p.backend.document.DocumentService     : ACL check: Layer1=PASS Layer2=PASS doc=7eb7b50a-21ec-4f40-a48a-98cccaa8f738 user=bench@pangochain.test
2026-07-31T21:04:42.387+06:00  INFO 577218 --- [pangochain-backend] [io-8080-exec-20] c.p.backend.document.DocumentService     : ACL check: Layer1=PASS Layer2=PASS doc=7eb7b50a-21ec-4f40-a48a-98cccaa8f738 user=bench@pangochain.test
2026-07-31T21:04:42.393+06:00  INFO 577218 --- [pangochain-backend] [io-8080-exec-17] c.p.backend.document.DocumentService     : ACL check: Layer1=PASS Layer2=PASS doc=7eb7b50a-21ec-4f40-a48a-98cccaa8f738 user=bench@pangochain.test
2026-07-31T21:04:42.394+06:00  INFO 577218 --- [pangochain-backend] [io-8080-exec-28] c.pangochain.backend.ipfs.IpfsService    : Fetched 780 bytes from primary IPFS CID=QmdMbyBpoGFK1mURYDVGnjQ4AkNoJfnaBed6stWNVYy8rq
2026-07-31T21:04:42.395+06:00  INFO 577218 --- [pangochain-backend] [io-8080-exec-20] c.pangochain.backend.ipfs.IpfsService    : Fetched 780 bytes from primary IPFS CID=QmdMbyBpoGFK1mURYDVGnjQ4AkNoJfnaBed6stWNVYy8rq
2026-07-31T21:04:42.398+06:00  INFO 577218 --- [pangochain-backend] [nio-8080-exec-9] c.pangochain.backend.ipfs.IpfsService    : Fetched 780 bytes from primary IPFS CID=QmdMbyBpoGFK1mURYDVGnjQ4AkNoJfnaBed6stWNVYy8rq
2026-07-31T21:04:42.402+06:00  INFO 577218 --- [pangochain-backend] [io-8080-exec-46] c.p.backend.document.DocumentService     : ACL check: Layer1=PASS Layer2=PASS doc=7eb7b50a-21ec-4f40-a48a-98cccaa8f738 user=bench@pangochain.test
2026-07-31T21:04:42.402+06:00  INFO 577218 --- [pangochain-backend] [io-8080-exec-13] c.p.backend.document.DocumentService     : ACL check: Layer1=PASS Layer2=PASS doc=7eb7b50a-21ec-4f40-a48a-98cccaa8f738 user=bench@pangochain.test
2026-07-31T21:04:42.402+06:00  INFO 577218 --- [pangochain-backend] [io-8080-exec-27] c.p.backend.document.DocumentService     : ACL check: Layer1=PASS Layer2=PASS doc=7eb7b50a-21ec-4f40-a48a-98cccaa8f738 user=bench@pangochain.test
2026-07-31T21:04:42.402+06:00  INFO 577218 --- [pangochain-backend] [nio-8080-exec-4] c.p.backend.document.DocumentService     : ACL check: Layer1=PASS Layer2=PASS doc=7eb7b50a-21ec-4f40-a48a-98cccaa8f738 user=bench@pangochain.test
2026-07-31T21:04:42.402+06:00  INFO 577218 --- [pangochain-backend] [io-8080-exec-32] c.p.backend.document.DocumentService     : ACL check: Layer1=PASS Layer2=PASS doc=7eb7b50a-21ec-4f40-a48a-98cccaa8f738 user=bench@pangochain.test
2026-07-31T21:04:42.403+06:00  INFO 577218 --- [pangochain-backend] [io-8080-exec-39] c.p.backend.document.DocumentService     : ACL check: Layer1=PASS Layer2=PASS doc=7eb7b50a-21ec-4f40-a48a-98cccaa8f738 user=bench@pangochain.test
2026-07-31T21:04:42.403+06:00  INFO 577218 --- [pangochain-backend] [io-8080-exec-18] c.p.backend.document.DocumentService     : ACL check: Layer1=PASS Layer2=PASS doc=7eb7b50a-21ec-4f40-a48a-98cccaa8f738 user=bench@pangochain.test
2026-07-31T21:04:42.403+06:00  INFO 577218 --- [pangochain-backend] [io-8080-exec-41] c.p.backend.document.DocumentService     : ACL check: Layer1=PASS Layer2=PASS doc=7eb7b50a-21ec-4f40-a48a-98cccaa8f738 user=bench@pangochain.test
2026-07-31T21:04:42.403+06:00  INFO 577218 --- [pangochain-backend] [io-8080-exec-50] c.p.backend.document.DocumentService     : ACL check: Layer1=PASS Layer2=PASS doc=7eb7b50a-21ec-4f40-a48a-98cccaa8f738 user=bench@pangochain.test
2026-07-31T21:04:42.403+06:00  INFO 577218 --- [pangochain-backend] [io-8080-exec-11] c.p.backend.document.DocumentService     : ACL check: Layer1=PASS Layer2=PASS doc=7eb7b50a-21ec-4f40-a48a-98cccaa8f738 user=bench@pangochain.test
2026-07-31T21:04:42.403+06:00  INFO 577218 --- [pangochain-backend] [io-8080-exec-19] c.p.backend.document.DocumentService     : ACL check: Layer1=PASS Layer2=PASS doc=7eb7b50a-21ec-4f40-a48a-98cccaa8f738 user=bench@pangochain.test
2026-07-31T21:04:42.403+06:00  INFO 577218 --- [pangochain-backend] [nio-8080-exec-3] c.p.backend.document.DocumentService     : ACL check: Layer1=PASS Layer2=PASS doc=7eb7b50a-21ec-4f40-a48a-98cccaa8f738 user=bench@pangochain.test
2026-07-31T21:04:42.401+06:00  INFO 577218 --- [pangochain-backend] [io-8080-exec-17] c.pangochain.backend.ipfs.IpfsService    : Fetched 780 bytes from primary IPFS CID=QmdMbyBpoGFK1mURYDVGnjQ4AkNoJfnaBed6stWNVYy8rq
2026-07-31T21:04:42.403+06:00  INFO 577218 --- [pangochain-backend] [io-8080-exec-35] c.p.backend.document.DocumentService     : ACL check: Layer1=PASS Layer2=PASS doc=7eb7b50a-21ec-4f40-a48a-98cccaa8f738 user=bench@pangochain.test
2026-07-31T21:04:42.406+06:00  INFO 577218 --- [pangochain-backend] [io-8080-exec-21] c.p.backend.document.DocumentService     : ACL check: Layer1=PASS Layer2=PASS doc=7eb7b50a-21ec-4f40-a48a-98cccaa8f738 user=bench@pangochain.test
2026-07-31T21:04:42.406+06:00  INFO 577218 --- [pangochain-backend] [io-8080-exec-33] c.p.backend.document.DocumentService     : ACL check: Layer1=PASS Layer2=PASS doc=7eb7b50a-21ec-4f40-a48a-98cccaa8f738 user=bench@pangochain.test
2026-07-31T21:04:42.406+06:00  INFO 577218 --- [pangochain-backend] [nio-8080-exec-4] c.pangochain.backend.ipfs.IpfsService    : Fetched 780 bytes from primary IPFS CID=QmdMbyBpoGFK1mURYDVGnjQ4AkNoJfnaBed6stWNVYy8rq
2026-07-31T21:04:42.407+06:00  INFO 577218 --- [pangochain-backend] [io-8080-exec-14] c.p.backend.document.DocumentService     : ACL check: Layer1=PASS Layer2=PASS doc=7eb7b50a-21ec-4f40-a48a-98cccaa8f738 user=bench@pangochain.test
2026-07-31T21:04:42.407+06:00  INFO 577218 --- [pangochain-backend] [io-8080-exec-12] c.p.backend.document.DocumentService     : ACL check: Layer1=PASS Layer2=PASS doc=7eb7b50a-21ec-4f40-a48a-98cccaa8f738 user=bench@pangochain.test
2026-07-31T21:04:42.407+06:00  INFO 577218 --- [pangochain-backend] [io-8080-exec-42] c.p.backend.document.DocumentService     : ACL check: Layer1=PASS Layer2=PASS doc=7eb7b50a-21ec-4f40-a48a-98cccaa8f738 user=bench@pangochain.test
2026-07-31T21:04:42.407+06:00  INFO 577218 --- [pangochain-backend] [nio-8080-exec-5] c.p.backend.document.DocumentService     : ACL check: Layer1=PASS Layer2=PASS doc=7eb7b50a-21ec-4f40-a48a-98cccaa8f738 user=bench@pangochain.test
2026-07-31T21:04:42.407+06:00  INFO 577218 --- [pangochain-backend] [io-8080-exec-23] c.p.backend.document.DocumentService     : ACL check: Layer1=PASS Layer2=PASS doc=7eb7b50a-21ec-4f40-a48a-98cccaa8f738 user=bench@pangochain.test
2026-07-31T21:04:42.408+06:00  INFO 577218 --- [pangochain-backend] [io-8080-exec-29] c.p.backend.document.DocumentService     : ACL check: Layer1=PASS Layer2=PASS doc=7eb7b50a-21ec-4f40-a48a-98cccaa8f738 user=bench@pangochain.test
2026-07-31T21:04:42.409+06:00  INFO 577218 --- [pangochain-backend] [io-8080-exec-16] c.p.backend.document.DocumentService     : ACL check: Layer1=PASS Layer2=PASS doc=7eb7b50a-21ec-4f40-a48a-98cccaa8f738 user=bench@pangochain.test
2026-07-31T21:04:42.410+06:00  INFO 577218 --- [pangochain-backend] [io-8080-exec-47] c.p.backend.document.DocumentService     : ACL check: Layer1=PASS Layer2=PASS doc=7eb7b50a-21ec-4f40-a48a-98cccaa8f738 user=bench@pangochain.test
2026-07-31T21:04:42.404+06:00  INFO 577218 --- [pangochain-backend] [io-8080-exec-15] c.p.backend.document.DocumentService     : ACL check: Layer1=PASS Layer2=PASS doc=7eb7b50a-21ec-4f40-a48a-98cccaa8f738 user=bench@pangochain.test
2026-07-31T21:04:42.410+06:00  INFO 577218 --- [pangochain-backend] [io-8080-exec-44] c.p.backend.document.DocumentService     : ACL check: Layer1=PASS Layer2=PASS doc=7eb7b50a-21ec-4f40-a48a-98cccaa8f738 user=bench@pangochain.test
2026-07-31T21:04:42.410+06:00  INFO 577218 --- [pangochain-backend] [io-8080-exec-50] c.pangochain.backend.ipfs.IpfsService    : Fetched 780 bytes from primary IPFS CID=QmdMbyBpoGFK1mURYDVGnjQ4AkNoJfnaBed6stWNVYy8rq
2026-07-31T21:04:42.404+06:00  INFO 577218 --- [pangochain-backend] [io-8080-exec-36] c.p.backend.document.DocumentService     : ACL check: Layer1=PASS Layer2=PASS doc=7eb7b50a-21ec-4f40-a48a-98cccaa8f738 user=bench@pangochain.test
2026-07-31T21:04:42.411+06:00  INFO 577218 --- [pangochain-backend] [io-8080-exec-19] c.pangochain.backend.ipfs.IpfsService    : Fetched 780 bytes from primary IPFS CID=QmdMbyBpoGFK1mURYDVGnjQ4AkNoJfnaBed6stWNVYy8rq
2026-07-31T21:04:42.411+06:00  INFO 577218 --- [pangochain-backend] [io-8080-exec-46] c.pangochain.backend.ipfs.IpfsService    : Fetched 780 bytes from primary IPFS CID=QmdMbyBpoGFK1mURYDVGnjQ4AkNoJfnaBed6stWNVYy8rq
2026-07-31T21:04:42.412+06:00  INFO 577218 --- [pangochain-backend] [nio-8080-exec-3] c.pangochain.backend.ipfs.IpfsService    : Fetched 780 bytes from primary IPFS CID=QmdMbyBpoGFK1mURYDVGnjQ4AkNoJfnaBed6stWNVYy8rq
2026-07-31T21:04:42.412+06:00  INFO 577218 --- [pangochain-backend] [io-8080-exec-21] c.pangochain.backend.ipfs.IpfsService    : Fetched 780 bytes from primary IPFS CID=QmdMbyBpoGFK1mURYDVGnjQ4AkNoJfnaBed6stWNVYy8rq
2026-07-31T21:04:42.412+06:00  INFO 577218 --- [pangochain-backend] [io-8080-exec-41] c.pangochain.backend.ipfs.IpfsService    : Fetched 780 bytes from primary IPFS CID=QmdMbyBpoGFK1mURYDVGnjQ4AkNoJfnaBed6stWNVYy8rq
2026-07-31T21:04:42.411+06:00  INFO 577218 --- [pangochain-backend] [io-8080-exec-13] c.pangochain.backend.ipfs.IpfsService    : Fetched 780 bytes from primary IPFS CID=QmdMbyBpoGFK1mURYDVGnjQ4AkNoJfnaBed6stWNVYy8rq
2026-07-31T21:04:42.413+06:00  INFO 577218 --- [pangochain-backend] [io-8080-exec-39] c.pangochain.backend.ipfs.IpfsService    : Fetched 780 bytes from primary IPFS CID=QmdMbyBpoGFK1mURYDVGnjQ4AkNoJfnaBed6stWNVYy8rq
2026-07-31T21:04:42.414+06:00  INFO 577218 --- [pangochain-backend] [io-8080-exec-27] c.pangochain.backend.ipfs.IpfsService    : Fetched 780 bytes from primary IPFS CID=QmdMbyBpoGFK1mURYDVGnjQ4AkNoJfnaBed6stWNVYy8rq
2026-07-31T21:04:42.414+06:00  INFO 577218 --- [pangochain-backend] [io-8080-exec-37] c.p.backend.document.DocumentService     : ACL check: Layer1=PASS Layer2=PASS doc=7eb7b50a-21ec-4f40-a48a-98cccaa8f738 user=bench@pangochain.test
2026-07-31T21:04:42.404+06:00  INFO 577218 --- [pangochain-backend] [nio-8080-exec-8] c.p.backend.document.DocumentService     : ACL check: Layer1=PASS Layer2=PASS doc=7eb7b50a-21ec-4f40-a48a-98cccaa8f738 user=bench@pangochain.test
2026-07-31T21:04:42.415+06:00  INFO 577218 --- [pangochain-backend] [io-8080-exec-18] c.pangochain.backend.ipfs.IpfsService    : Fetched 780 bytes from primary IPFS CID=QmdMbyBpoGFK1mURYDVGnjQ4AkNoJfnaBed6stWNVYy8rq
2026-07-31T21:04:42.415+06:00  INFO 577218 --- [pangochain-backend] [io-8080-exec-44] c.pangochain.backend.ipfs.IpfsService    : Fetched 780 bytes from primary IPFS CID=QmdMbyBpoGFK1mURYDVGnjQ4AkNoJfnaBed6stWNVYy8rq
2026-07-31T21:04:42.416+06:00  INFO 577218 --- [pangochain-backend] [io-8080-exec-23] c.pangochain.backend.ipfs.IpfsService    : Fetched 780 bytes from primary IPFS CID=QmdMbyBpoGFK1mURYDVGnjQ4AkNoJfnaBed6stWNVYy8rq
2026-07-31T21:04:42.416+06:00  INFO 577218 --- [pangochain-backend] [io-8080-exec-29] c.pangochain.backend.ipfs.IpfsService    : Fetched 780 bytes from primary IPFS CID=QmdMbyBpoGFK1mURYDVGnjQ4AkNoJfnaBed6stWNVYy8rq
2026-07-31T21:04:42.417+06:00  INFO 577218 --- [pangochain-backend] [io-8080-exec-47] c.pangochain.backend.ipfs.IpfsService    : Fetched 780 bytes from primary IPFS CID=QmdMbyBpoGFK1mURYDVGnjQ4AkNoJfnaBed6stWNVYy8rq
2026-07-31T21:04:42.417+06:00  INFO 577218 --- [pangochain-backend] [io-8080-exec-42] c.pangochain.backend.ipfs.IpfsService    : Fetched 780 bytes from primary IPFS CID=QmdMbyBpoGFK1mURYDVGnjQ4AkNoJfnaBed6stWNVYy8rq
2026-07-31T21:04:42.417+06:00  INFO 577218 --- [pangochain-backend] [io-8080-exec-37] c.pangochain.backend.ipfs.IpfsService    : Fetched 780 bytes from primary IPFS CID=QmdMbyBpoGFK1mURYDVGnjQ4AkNoJfnaBed6stWNVYy8rq
2026-07-31T21:04:42.416+06:00  INFO 577218 --- [pangochain-backend] [io-8080-exec-14] c.pangochain.backend.ipfs.IpfsService    : Fetched 780 bytes from primary IPFS CID=QmdMbyBpoGFK1mURYDVGnjQ4AkNoJfnaBed6stWNVYy8rq
2026-07-31T21:04:42.419+06:00  INFO 577218 --- [pangochain-backend] [io-8080-exec-33] c.pangochain.backend.ipfs.IpfsService    : Fetched 780 bytes from primary IPFS CID=QmdMbyBpoGFK1mURYDVGnjQ4AkNoJfnaBed6stWNVYy8rq
2026-07-31T21:04:42.416+06:00  INFO 577218 --- [pangochain-backend] [nio-8080-exec-5] c.pangochain.backend.ipfs.IpfsService    : Fetched 780 bytes from primary IPFS CID=QmdMbyBpoGFK1mURYDVGnjQ4AkNoJfnaBed6stWNVYy8rq
2026-07-31T21:04:42.416+06:00  INFO 577218 --- [pangochain-backend] [io-8080-exec-11] c.pangochain.backend.ipfs.IpfsService    : Fetched 780 bytes from primary IPFS CID=QmdMbyBpoGFK1mURYDVGnjQ4AkNoJfnaBed6stWNVYy8rq
2026-07-31T21:04:42.420+06:00  INFO 577218 --- [pangochain-backend] [io-8080-exec-12] c.pangochain.backend.ipfs.IpfsService    : Fetched 780 bytes from primary IPFS CID=QmdMbyBpoGFK1mURYDVGnjQ4AkNoJfnaBed6stWNVYy8rq
2026-07-31T21:04:42.421+06:00  INFO 577218 --- [pangochain-backend] [io-8080-exec-35] c.pangochain.backend.ipfs.IpfsService    : Fetched 780 bytes from primary IPFS CID=QmdMbyBpoGFK1mURYDVGnjQ4AkNoJfnaBed6stWNVYy8rq
2026-07-31T21:04:42.421+06:00  INFO 577218 --- [pangochain-backend] [io-8080-exec-16] c.pangochain.backend.ipfs.IpfsService    : Fetched 780 bytes from primary IPFS CID=QmdMbyBpoGFK1mURYDVGnjQ4AkNoJfnaBed6stWNVYy8rq
2026-07-31T21:04:42.422+06:00  INFO 577218 --- [pangochain-backend] [io-8080-exec-36] c.pangochain.backend.ipfs.IpfsService    : Fetched 780 bytes from primary IPFS CID=QmdMbyBpoGFK1mURYDVGnjQ4AkNoJfnaBed6stWNVYy8rq
2026-07-31T21:04:42.422+06:00  INFO 577218 --- [pangochain-backend] [nio-8080-exec-8] c.pangochain.backend.ipfs.IpfsService    : Fetched 780 bytes from primary IPFS CID=QmdMbyBpoGFK1mURYDVGnjQ4AkNoJfnaBed6stWNVYy8rq
2026-07-31T21:04:42.423+06:00  INFO 577218 --- [pangochain-backend] [io-8080-exec-32] c.pangochain.backend.ipfs.IpfsService    : Fetched 780 bytes from primary IPFS CID=QmdMbyBpoGFK1mURYDVGnjQ4AkNoJfnaBed6stWNVYy8rq
2026-07-31T21:04:42.423+06:00  INFO 577218 --- [pangochain-backend] [io-8080-exec-15] c.pangochain.backend.ipfs.IpfsService    : Fetched 780 bytes from primary IPFS CID=QmdMbyBpoGFK1mURYDVGnjQ4AkNoJfnaBed6stWNVYy8rq
2026-07-31T21:04:42.424+06:00  INFO 577218 --- [pangochain-backend] [io-8080-exec-34] c.p.backend.document.DocumentService     : ACL check: Layer1=PASS Layer2=PASS doc=7eb7b50a-21ec-4f40-a48a-98cccaa8f738 user=bench@pangochain.test
2026-07-31T21:04:42.404+06:00  INFO 577218 --- [pangochain-backend] [io-8080-exec-30] c.p.backend.document.DocumentService     : ACL check: Layer1=PASS Layer2=PASS doc=7eb7b50a-21ec-4f40-a48a-98cccaa8f738 user=bench@pangochain.test
2026-07-31T21:04:42.426+06:00  INFO 577218 --- [pangochain-backend] [io-8080-exec-48] c.p.backend.document.DocumentService     : ACL check: Layer1=PASS Layer2=PASS doc=7eb7b50a-21ec-4f40-a48a-98cccaa8f738 user=bench@pangochain.test
2026-07-31T21:04:42.426+06:00  INFO 577218 --- [pangochain-backend] [io-8080-exec-45] c.p.backend.document.DocumentService     : ACL check: Layer1=PASS Layer2=PASS doc=7eb7b50a-21ec-4f40-a48a-98cccaa8f738 user=bench@pangochain.test
2026-07-31T21:04:42.426+06:00  INFO 577218 --- [pangochain-backend] [nio-8080-exec-7] c.p.backend.document.DocumentService     : ACL check: Layer1=PASS Layer2=PASS doc=7eb7b50a-21ec-4f40-a48a-98cccaa8f738 user=bench@pangochain.test
2026-07-31T21:04:42.426+06:00  INFO 577218 --- [pangochain-backend] [io-8080-exec-22] c.p.backend.document.DocumentService     : ACL check: Layer1=PASS Layer2=PASS doc=7eb7b50a-21ec-4f40-a48a-98cccaa8f738 user=bench@pangochain.test
2026-07-31T21:04:42.426+06:00  INFO 577218 --- [pangochain-backend] [io-8080-exec-40] c.p.backend.document.DocumentService     : ACL check: Layer1=PASS Layer2=PASS doc=7eb7b50a-21ec-4f40-a48a-98cccaa8f738 user=bench@pangochain.test
2026-07-31T21:04:42.426+06:00  INFO 577218 --- [pangochain-backend] [io-8080-exec-10] c.p.backend.document.DocumentService     : ACL check: Layer1=PASS Layer2=PASS doc=7eb7b50a-21ec-4f40-a48a-98cccaa8f738 user=bench@pangochain.test
2026-07-31T21:04:42.426+06:00  INFO 577218 --- [pangochain-backend] [nio-8080-exec-1] c.p.backend.document.DocumentService     : ACL check: Layer1=PASS Layer2=PASS doc=7eb7b50a-21ec-4f40-a48a-98cccaa8f738 user=bench@pangochain.test
2026-07-31T21:04:42.427+06:00  INFO 577218 --- [pangochain-backend] [io-8080-exec-43] c.p.backend.document.DocumentService     : ACL check: Layer1=PASS Layer2=PASS doc=7eb7b50a-21ec-4f40-a48a-98cccaa8f738 user=bench@pangochain.test
2026-07-31T21:04:42.427+06:00  INFO 577218 --- [pangochain-backend] [nio-8080-exec-6] c.p.backend.document.DocumentService     : ACL check: Layer1=PASS Layer2=PASS doc=7eb7b50a-21ec-4f40-a48a-98cccaa8f738 user=bench@pangochain.test
2026-07-31T21:04:42.429+06:00  INFO 577218 --- [pangochain-backend] [io-8080-exec-26] c.p.backend.document.DocumentService     : ACL check: Layer1=PASS Layer2=PASS doc=7eb7b50a-21ec-4f40-a48a-98cccaa8f738 user=bench@pangochain.test
2026-07-31T21:04:42.430+06:00  INFO 577218 --- [pangochain-backend] [io-8080-exec-25] c.p.backend.document.DocumentService     : ACL check: Layer1=PASS Layer2=PASS doc=7eb7b50a-21ec-4f40-a48a-98cccaa8f738 user=bench@pangochain.test
2026-07-31T21:04:42.431+06:00  INFO 577218 --- [pangochain-backend] [nio-8080-exec-7] c.pangochain.backend.ipfs.IpfsService    : Fetched 780 bytes from primary IPFS CID=QmdMbyBpoGFK1mURYDVGnjQ4AkNoJfnaBed6stWNVYy8rq
2026-07-31T21:04:42.431+06:00  INFO 577218 --- [pangochain-backend] [io-8080-exec-22] c.pangochain.backend.ipfs.IpfsService    : Fetched 780 bytes from primary IPFS CID=QmdMbyBpoGFK1mURYDVGnjQ4AkNoJfnaBed6stWNVYy8rq
2026-07-31T21:04:42.431+06:00  INFO 577218 --- [pangochain-backend] [io-8080-exec-43] c.pangochain.backend.ipfs.IpfsService    : Fetched 780 bytes from primary IPFS CID=QmdMbyBpoGFK1mURYDVGnjQ4AkNoJfnaBed6stWNVYy8rq
2026-07-31T21:04:42.432+06:00  INFO 577218 --- [pangochain-backend] [io-8080-exec-34] c.pangochain.backend.ipfs.IpfsService    : Fetched 780 bytes from primary IPFS CID=QmdMbyBpoGFK1mURYDVGnjQ4AkNoJfnaBed6stWNVYy8rq
2026-07-31T21:04:42.433+06:00  INFO 577218 --- [pangochain-backend] [nio-8080-exec-6] c.pangochain.backend.ipfs.IpfsService    : Fetched 780 bytes from primary IPFS CID=QmdMbyBpoGFK1mURYDVGnjQ4AkNoJfnaBed6stWNVYy8rq
2026-07-31T21:04:42.434+06:00  INFO 577218 --- [pangochain-backend] [io-8080-exec-25] c.pangochain.backend.ipfs.IpfsService    : Fetched 780 bytes from primary IPFS CID=QmdMbyBpoGFK1mURYDVGnjQ4AkNoJfnaBed6stWNVYy8rq
2026-07-31T21:04:42.435+06:00  INFO 577218 --- [pangochain-backend] [io-8080-exec-48] c.pangochain.backend.ipfs.IpfsService    : Fetched 780 bytes from primary IPFS CID=QmdMbyBpoGFK1mURYDVGnjQ4AkNoJfnaBed6stWNVYy8rq
2026-07-31T21:04:42.435+06:00  INFO 577218 --- [pangochain-backend] [io-8080-exec-40] c.pangochain.backend.ipfs.IpfsService    : Fetched 780 bytes from primary IPFS CID=QmdMbyBpoGFK1mURYDVGnjQ4AkNoJfnaBed6stWNVYy8rq
2026-07-31T21:04:42.435+06:00  INFO 577218 --- [pangochain-backend] [nio-8080-exec-1] c.pangochain.backend.ipfs.IpfsService    : Fetched 780 bytes from primary IPFS CID=QmdMbyBpoGFK1mURYDVGnjQ4AkNoJfnaBed6stWNVYy8rq
2026-07-31T21:04:42.435+06:00  INFO 577218 --- [pangochain-backend] [io-8080-exec-10] c.pangochain.backend.ipfs.IpfsService    : Fetched 780 bytes from primary IPFS CID=QmdMbyBpoGFK1mURYDVGnjQ4AkNoJfnaBed6stWNVYy8rq
2026-07-31T21:04:42.436+06:00  INFO 577218 --- [pangochain-backend] [io-8080-exec-45] c.pangochain.backend.ipfs.IpfsService    : Fetched 780 bytes from primary IPFS CID=QmdMbyBpoGFK1mURYDVGnjQ4AkNoJfnaBed6stWNVYy8rq
2026-07-31T21:04:42.437+06:00  INFO 577218 --- [pangochain-backend] [io-8080-exec-49] c.p.backend.document.DocumentService     : ACL check: Layer1=PASS Layer2=PASS doc=7eb7b50a-21ec-4f40-a48a-98cccaa8f738 user=bench@pangochain.test
2026-07-31T21:04:42.438+06:00  INFO 577218 --- [pangochain-backend] [io-8080-exec-26] c.pangochain.backend.ipfs.IpfsService    : Fetched 780 bytes from primary IPFS CID=QmdMbyBpoGFK1mURYDVGnjQ4AkNoJfnaBed6stWNVYy8rq
2026-07-31T21:04:42.444+06:00  INFO 577218 --- [pangochain-backend] [io-8080-exec-30] c.pangochain.backend.ipfs.IpfsService    : Fetched 780 bytes from primary IPFS CID=QmdMbyBpoGFK1mURYDVGnjQ4AkNoJfnaBed6stWNVYy8rq
2026-07-31T21:04:42.449+06:00  INFO 577218 --- [pangochain-backend] [io-8080-exec-20] c.p.backend.document.DocumentService     : ACL check: Layer1=PASS Layer2=PASS doc=7eb7b50a-21ec-4f40-a48a-98cccaa8f738 user=bench@pangochain.test
2026-07-31T21:04:42.451+06:00  INFO 577218 --- [pangochain-backend] [io-8080-exec-49] c.pangochain.backend.ipfs.IpfsService    : Fetched 780 bytes from primary IPFS CID=QmdMbyBpoGFK1mURYDVGnjQ4AkNoJfnaBed6stWNVYy8rq
2026-07-31T21:04:42.453+06:00  INFO 577218 --- [pangochain-backend] [io-8080-exec-27] c.p.backend.document.DocumentService     : ACL check: Layer1=PASS Layer2=PASS doc=7eb7b50a-21ec-4f40-a48a-98cccaa8f738 user=bench@pangochain.test
2026-07-31T21:04:42.453+06:00  INFO 577218 --- [pangochain-backend] [io-8080-exec-31] c.p.backend.document.DocumentService     : ACL check: Layer1=PASS Layer2=PASS doc=7eb7b50a-21ec-4f40-a48a-98cccaa8f738 user=bench@pangochain.test
2026-07-31T21:04:42.454+06:00  INFO 577218 --- [pangochain-backend] [io-8080-exec-47] c.p.backend.document.DocumentService     : ACL check: Layer1=PASS Layer2=PASS doc=7eb7b50a-21ec-4f40-a48a-98cccaa8f738 user=bench@pangochain.test
2026-07-31T21:04:42.457+06:00  INFO 577218 --- [pangochain-backend] [io-8080-exec-42] c.p.backend.document.DocumentService     : ACL check: Layer1=PASS Layer2=PASS doc=7eb7b50a-21ec-4f40-a48a-98cccaa8f738 user=bench@pangochain.test
2026-07-31T21:04:42.458+06:00  INFO 577218 --- [pangochain-backend] [nio-8080-exec-3] c.p.backend.document.DocumentService     : ACL check: Layer1=PASS Layer2=PASS doc=7eb7b50a-21ec-4f40-a48a-98cccaa8f738 user=bench@pangochain.test
2026-07-31T21:04:42.458+06:00  INFO 577218 --- [pangochain-backend] [io-8080-exec-44] c.p.backend.document.DocumentService     : ACL check: Layer1=PASS Layer2=PASS doc=7eb7b50a-21ec-4f40-a48a-98cccaa8f738 user=bench@pangochain.test
2026-07-31T21:04:42.458+06:00  INFO 577218 --- [pangochain-backend] [io-8080-exec-27] c.pangochain.backend.ipfs.IpfsService    : Fetched 780 bytes from primary IPFS CID=QmdMbyBpoGFK1mURYDVGnjQ4AkNoJfnaBed6stWNVYy8rq
2026-07-31T21:04:42.459+06:00  INFO 577218 --- [pangochain-backend] [io-8080-exec-20] c.pangochain.backend.ipfs.IpfsService    : Fetched 780 bytes from primary IPFS CID=QmdMbyBpoGFK1mURYDVGnjQ4AkNoJfnaBed6stWNVYy8rq
2026-07-31T21:04:42.459+06:00  INFO 577218 --- [pangochain-backend] [io-8080-exec-31] c.pangochain.backend.ipfs.IpfsService    : Fetched 780 bytes from primary IPFS CID=QmdMbyBpoGFK1mURYDVGnjQ4AkNoJfnaBed6stWNVYy8rq
2026-07-31T21:04:42.460+06:00  INFO 577218 --- [pangochain-backend] [io-8080-exec-47] c.pangochain.backend.ipfs.IpfsService    : Fetched 780 bytes from primary IPFS CID=QmdMbyBpoGFK1mURYDVGnjQ4AkNoJfnaBed6stWNVYy8rq
2026-07-31T21:04:42.460+06:00  INFO 577218 --- [pangochain-backend] [io-8080-exec-29] c.p.backend.document.DocumentService     : ACL check: Layer1=PASS Layer2=PASS doc=7eb7b50a-21ec-4f40-a48a-98cccaa8f738 user=bench@pangochain.test
2026-07-31T21:04:42.464+06:00  INFO 577218 --- [pangochain-backend] [nio-8080-exec-3] c.pangochain.backend.ipfs.IpfsService    : Fetched 780 bytes from primary IPFS CID=QmdMbyBpoGFK1mURYDVGnjQ4AkNoJfnaBed6stWNVYy8rq
2026-07-31T21:04:42.464+06:00  INFO 577218 --- [pangochain-backend] [io-8080-exec-42] c.pangochain.backend.ipfs.IpfsService    : Fetched 780 bytes from primary IPFS CID=QmdMbyBpoGFK1mURYDVGnjQ4AkNoJfnaBed6stWNVYy8rq
2026-07-31T21:04:42.465+06:00  INFO 577218 --- [pangochain-backend] [io-8080-exec-29] c.pangochain.backend.ipfs.IpfsService    : Fetched 780 bytes from primary IPFS CID=QmdMbyBpoGFK1mURYDVGnjQ4AkNoJfnaBed6stWNVYy8rq
2026-07-31T21:04:42.466+06:00  INFO 577218 --- [pangochain-backend] [io-8080-exec-44] c.pangochain.backend.ipfs.IpfsService    : Fetched 780 bytes from primary IPFS CID=QmdMbyBpoGFK1mURYDVGnjQ4AkNoJfnaBed6stWNVYy8rq
2026-07-31T21:04:42.469+06:00  INFO 577218 --- [pangochain-backend] [nio-8080-exec-9] c.p.backend.document.DocumentService     : ACL check: Layer1=PASS Layer2=PASS doc=7eb7b50a-21ec-4f40-a48a-98cccaa8f738 user=bench@pangochain.test
2026-07-31T21:04:42.469+06:00  INFO 577218 --- [pangochain-backend] [io-8080-exec-23] c.p.backend.document.DocumentService     : ACL check: Layer1=PASS Layer2=PASS doc=7eb7b50a-21ec-4f40-a48a-98cccaa8f738 user=bench@pangochain.test
2026-07-31T21:04:42.469+06:00  INFO 577218 --- [pangochain-backend] [io-8080-exec-24] c.p.backend.document.DocumentService     : ACL check: Layer1=PASS Layer2=PASS doc=7eb7b50a-21ec-4f40-a48a-98cccaa8f738 user=bench@pangochain.test
2026-07-31T21:04:42.470+06:00  INFO 577218 --- [pangochain-backend] [io-8080-exec-41] c.p.backend.document.DocumentService     : ACL check: Layer1=PASS Layer2=PASS doc=7eb7b50a-21ec-4f40-a48a-98cccaa8f738 user=bench@pangochain.test
2026-07-31T21:04:42.471+06:00  INFO 577218 --- [pangochain-backend] [io-8080-exec-17] c.p.backend.document.DocumentService     : ACL check: Layer1=PASS Layer2=PASS doc=7eb7b50a-21ec-4f40-a48a-98cccaa8f738 user=bench@pangochain.test
2026-07-31T21:04:42.471+06:00  INFO 577218 --- [pangochain-backend] [io-8080-exec-15] c.p.backend.document.DocumentService     : ACL check: Layer1=PASS Layer2=PASS doc=7eb7b50a-21ec-4f40-a48a-98cccaa8f738 user=bench@pangochain.test
2026-07-31T21:04:42.473+06:00  INFO 577218 --- [pangochain-backend] [io-8080-exec-19] c.p.backend.document.DocumentService     : ACL check: Layer1=PASS Layer2=PASS doc=7eb7b50a-21ec-4f40-a48a-98cccaa8f738 user=bench@pangochain.test
2026-07-31T21:04:42.473+06:00  INFO 577218 --- [pangochain-backend] [io-8080-exec-14] c.p.backend.document.DocumentService     : ACL check: Layer1=PASS Layer2=PASS doc=7eb7b50a-21ec-4f40-a48a-98cccaa8f738 user=bench@pangochain.test
2026-07-31T21:04:42.474+06:00  INFO 577218 --- [pangochain-backend] [io-8080-exec-37] c.p.backend.document.DocumentService     : ACL check: Layer1=PASS Layer2=PASS doc=7eb7b50a-21ec-4f40-a48a-98cccaa8f738 user=bench@pangochain.test
2026-07-31T21:04:42.474+06:00  INFO 577218 --- [pangochain-backend] [io-8080-exec-46] c.p.backend.document.DocumentService     : ACL check: Layer1=PASS Layer2=PASS doc=7eb7b50a-21ec-4f40-a48a-98cccaa8f738 user=bench@pangochain.test
2026-07-31T21:04:42.474+06:00  INFO 577218 --- [pangochain-backend] [io-8080-exec-39] c.p.backend.document.DocumentService     : ACL check: Layer1=PASS Layer2=PASS doc=7eb7b50a-21ec-4f40-a48a-98cccaa8f738 user=bench@pangochain.test
2026-07-31T21:04:42.475+06:00  INFO 577218 --- [pangochain-backend] [nio-8080-exec-9] c.pangochain.backend.ipfs.IpfsService    : Fetched 780 bytes from primary IPFS CID=QmdMbyBpoGFK1mURYDVGnjQ4AkNoJfnaBed6stWNVYy8rq
2026-07-31T21:04:42.475+06:00  INFO 577218 --- [pangochain-backend] [io-8080-exec-43] c.p.backend.document.DocumentService     : ACL check: Layer1=PASS Layer2=PASS doc=7eb7b50a-21ec-4f40-a48a-98cccaa8f738 user=bench@pangochain.test
2026-07-31T21:04:42.476+06:00  INFO 577218 --- [pangochain-backend] [io-8080-exec-21] c.p.backend.document.DocumentService     : ACL check: Layer1=PASS Layer2=PASS doc=7eb7b50a-21ec-4f40-a48a-98cccaa8f738 user=bench@pangochain.test
2026-07-31T21:04:42.476+06:00  INFO 577218 --- [pangochain-backend] [nio-8080-exec-4] c.p.backend.document.DocumentService     : ACL check: Layer1=PASS Layer2=PASS doc=7eb7b50a-21ec-4f40-a48a-98cccaa8f738 user=bench@pangochain.test
2026-07-31T21:04:42.475+06:00  INFO 577218 --- [pangochain-backend] [io-8080-exec-13] c.p.backend.document.DocumentService     : ACL check: Layer1=PASS Layer2=PASS doc=7eb7b50a-21ec-4f40-a48a-98cccaa8f738 user=bench@pangochain.test
2026-07-31T21:04:42.476+06:00  INFO 577218 --- [pangochain-backend] [io-8080-exec-18] c.p.backend.document.DocumentService     : ACL check: Layer1=PASS Layer2=PASS doc=7eb7b50a-21ec-4f40-a48a-98cccaa8f738 user=bench@pangochain.test
2026-07-31T21:04:42.476+06:00  INFO 577218 --- [pangochain-backend] [nio-8080-exec-2] c.p.backend.document.DocumentService     : ACL check: Layer1=PASS Layer2=PASS doc=7eb7b50a-21ec-4f40-a48a-98cccaa8f738 user=bench@pangochain.test
2026-07-31T21:04:42.476+06:00  INFO 577218 --- [pangochain-backend] [io-8080-exec-28] c.p.backend.document.DocumentService     : ACL check: Layer1=PASS Layer2=PASS doc=7eb7b50a-21ec-4f40-a48a-98cccaa8f738 user=bench@pangochain.test
2026-07-31T21:04:42.476+06:00  INFO 577218 --- [pangochain-backend] [io-8080-exec-38] c.p.backend.document.DocumentService     : ACL check: Layer1=PASS Layer2=PASS doc=7eb7b50a-21ec-4f40-a48a-98cccaa8f738 user=bench@pangochain.test
2026-07-31T21:04:42.476+06:00  INFO 577218 --- [pangochain-backend] [io-8080-exec-32] c.p.backend.document.DocumentService     : ACL check: Layer1=PASS Layer2=PASS doc=7eb7b50a-21ec-4f40-a48a-98cccaa8f738 user=bench@pangochain.test
2026-07-31T21:04:42.476+06:00  INFO 577218 --- [pangochain-backend] [io-8080-exec-50] c.p.backend.document.DocumentService     : ACL check: Layer1=PASS Layer2=PASS doc=7eb7b50a-21ec-4f40-a48a-98cccaa8f738 user=bench@pangochain.test
2026-07-31T21:04:42.476+06:00  INFO 577218 --- [pangochain-backend] [nio-8080-exec-6] c.p.backend.document.DocumentService     : ACL check: Layer1=PASS Layer2=PASS doc=7eb7b50a-21ec-4f40-a48a-98cccaa8f738 user=bench@pangochain.test
2026-07-31T21:04:42.477+06:00  INFO 577218 --- [pangochain-backend] [io-8080-exec-24] c.pangochain.backend.ipfs.IpfsService    : Fetched 780 bytes from primary IPFS CID=QmdMbyBpoGFK1mURYDVGnjQ4AkNoJfnaBed6stWNVYy8rq
2026-07-31T21:04:42.477+06:00  INFO 577218 --- [pangochain-backend] [io-8080-exec-34] c.p.backend.document.DocumentService     : ACL check: Layer1=PASS Layer2=PASS doc=7eb7b50a-21ec-4f40-a48a-98cccaa8f738 user=bench@pangochain.test
2026-07-31T21:04:42.477+06:00  INFO 577218 --- [pangochain-backend] [nio-8080-exec-8] c.p.backend.document.DocumentService     : ACL check: Layer1=PASS Layer2=PASS doc=7eb7b50a-21ec-4f40-a48a-98cccaa8f738 user=bench@pangochain.test
2026-07-31T21:04:42.478+06:00  INFO 577218 --- [pangochain-backend] [io-8080-exec-41] c.pangochain.backend.ipfs.IpfsService    : Fetched 780 bytes from primary IPFS CID=QmdMbyBpoGFK1mURYDVGnjQ4AkNoJfnaBed6stWNVYy8rq
2026-07-31T21:04:42.480+06:00  INFO 577218 --- [pangochain-backend] [io-8080-exec-17] c.pangochain.backend.ipfs.IpfsService    : Fetched 780 bytes from primary IPFS CID=QmdMbyBpoGFK1mURYDVGnjQ4AkNoJfnaBed6stWNVYy8rq
2026-07-31T21:04:42.479+06:00  INFO 577218 --- [pangochain-backend] [io-8080-exec-16] c.p.backend.document.DocumentService     : ACL check: Layer1=PASS Layer2=PASS doc=7eb7b50a-21ec-4f40-a48a-98cccaa8f738 user=bench@pangochain.test
2026-07-31T21:04:42.481+06:00  INFO 577218 --- [pangochain-backend] [io-8080-exec-47] c.p.backend.document.DocumentService     : ACL check: Layer1=PASS Layer2=PASS doc=7eb7b50a-21ec-4f40-a48a-98cccaa8f738 user=bench@pangochain.test
2026-07-31T21:04:42.481+06:00  INFO 577218 --- [pangochain-backend] [io-8080-exec-48] c.p.backend.document.DocumentService     : ACL check: Layer1=PASS Layer2=PASS doc=7eb7b50a-21ec-4f40-a48a-98cccaa8f738 user=bench@pangochain.test
2026-07-31T21:04:42.481+06:00  INFO 577218 --- [pangochain-backend] [io-8080-exec-35] c.p.backend.document.DocumentService     : ACL check: Layer1=PASS Layer2=PASS doc=7eb7b50a-21ec-4f40-a48a-98cccaa8f738 user=bench@pangochain.test
2026-07-31T21:04:42.482+06:00  INFO 577218 --- [pangochain-backend] [io-8080-exec-26] c.p.backend.document.DocumentService     : ACL check: Layer1=PASS Layer2=PASS doc=7eb7b50a-21ec-4f40-a48a-98cccaa8f738 user=bench@pangochain.test
2026-07-31T21:04:42.482+06:00  INFO 577218 --- [pangochain-backend] [io-8080-exec-36] c.p.backend.document.DocumentService     : ACL check: Layer1=PASS Layer2=PASS doc=7eb7b50a-21ec-4f40-a48a-98cccaa8f738 user=bench@pangochain.test
2026-07-31T21:04:42.482+06:00  INFO 577218 --- [pangochain-backend] [nio-8080-exec-3] c.p.backend.document.DocumentService     : ACL check: Layer1=PASS Layer2=PASS doc=7eb7b50a-21ec-4f40-a48a-98cccaa8f738 user=bench@pangochain.test
2026-07-31T21:04:42.482+06:00  INFO 577218 --- [pangochain-backend] [io-8080-exec-33] c.p.backend.document.DocumentService     : ACL check: Layer1=PASS Layer2=PASS doc=7eb7b50a-21ec-4f40-a48a-98cccaa8f738 user=bench@pangochain.test
2026-07-31T21:04:42.482+06:00  INFO 577218 --- [pangochain-backend] [io-8080-exec-22] c.p.backend.document.DocumentService     : ACL check: Layer1=PASS Layer2=PASS doc=7eb7b50a-21ec-4f40-a48a-98cccaa8f738 user=bench@pangochain.test
2026-07-31T21:04:42.482+06:00  INFO 577218 --- [pangochain-backend] [io-8080-exec-12] c.p.backend.document.DocumentService     : ACL check: Layer1=PASS Layer2=PASS doc=7eb7b50a-21ec-4f40-a48a-98cccaa8f738 user=bench@pangochain.test
2026-07-31T21:04:42.482+06:00  INFO 577218 --- [pangochain-backend] [nio-8080-exec-5] c.p.backend.document.DocumentService     : ACL check: Layer1=PASS Layer2=PASS doc=7eb7b50a-21ec-4f40-a48a-98cccaa8f738 user=bench@pangochain.test
2026-07-31T21:04:42.483+06:00  INFO 577218 --- [pangochain-backend] [io-8080-exec-40] c.p.backend.document.DocumentService     : ACL check: Layer1=PASS Layer2=PASS doc=7eb7b50a-21ec-4f40-a48a-98cccaa8f738 user=bench@pangochain.test
2026-07-31T21:04:42.483+06:00  INFO 577218 --- [pangochain-backend] [io-8080-exec-30] c.p.backend.document.DocumentService     : ACL check: Layer1=PASS Layer2=PASS doc=7eb7b50a-21ec-4f40-a48a-98cccaa8f738 user=bench@pangochain.test
2026-07-31T21:04:42.483+06:00  INFO 577218 --- [pangochain-backend] [io-8080-exec-49] c.p.backend.document.DocumentService     : ACL check: Layer1=PASS Layer2=PASS doc=7eb7b50a-21ec-4f40-a48a-98cccaa8f738 user=bench@pangochain.test
2026-07-31T21:04:42.483+06:00  INFO 577218 --- [pangochain-backend] [io-8080-exec-20] c.p.backend.document.DocumentService     : ACL check: Layer1=PASS Layer2=PASS doc=7eb7b50a-21ec-4f40-a48a-98cccaa8f738 user=bench@pangochain.test
2026-07-31T21:04:42.483+06:00  INFO 577218 --- [pangochain-backend] [io-8080-exec-10] c.p.backend.document.DocumentService     : ACL check: Layer1=PASS Layer2=PASS doc=7eb7b50a-21ec-4f40-a48a-98cccaa8f738 user=bench@pangochain.test
2026-07-31T21:04:42.484+06:00  INFO 577218 --- [pangochain-backend] [io-8080-exec-45] c.p.backend.document.DocumentService     : ACL check: Layer1=PASS Layer2=PASS doc=7eb7b50a-21ec-4f40-a48a-98cccaa8f738 user=bench@pangochain.test
2026-07-31T21:04:42.484+06:00  INFO 577218 --- [pangochain-backend] [nio-8080-exec-1] c.p.backend.document.DocumentService     : ACL check: Layer1=PASS Layer2=PASS doc=7eb7b50a-21ec-4f40-a48a-98cccaa8f738 user=bench@pangochain.test
2026-07-31T21:04:42.485+06:00  INFO 577218 --- [pangochain-backend] [nio-8080-exec-6] c.pangochain.backend.ipfs.IpfsService    : Fetched 780 bytes from primary IPFS CID=QmdMbyBpoGFK1mURYDVGnjQ4AkNoJfnaBed6stWNVYy8rq
2026-07-31T21:04:42.485+06:00  INFO 577218 --- [pangochain-backend] [io-8080-exec-43] c.pangochain.backend.ipfs.IpfsService    : Fetched 780 bytes from primary IPFS CID=QmdMbyBpoGFK1mURYDVGnjQ4AkNoJfnaBed6stWNVYy8rq
2026-07-31T21:04:42.485+06:00  INFO 577218 --- [pangochain-backend] [io-8080-exec-46] c.pangochain.backend.ipfs.IpfsService    : Fetched 780 bytes from primary IPFS CID=QmdMbyBpoGFK1mURYDVGnjQ4AkNoJfnaBed6stWNVYy8rq
2026-07-31T21:04:42.485+06:00  INFO 577218 --- [pangochain-backend] [io-8080-exec-13] c.pangochain.backend.ipfs.IpfsService    : Fetched 780 bytes from primary IPFS CID=QmdMbyBpoGFK1mURYDVGnjQ4AkNoJfnaBed6stWNVYy8rq
2026-07-31T21:04:42.485+06:00  INFO 577218 --- [pangochain-backend] [io-8080-exec-25] c.p.backend.document.DocumentService     : ACL check: Layer1=PASS Layer2=PASS doc=7eb7b50a-21ec-4f40-a48a-98cccaa8f738 user=bench@pangochain.test
2026-07-31T21:04:42.486+06:00  INFO 577218 --- [pangochain-backend] [io-8080-exec-23] c.pangochain.backend.ipfs.IpfsService    : Fetched 780 bytes from primary IPFS CID=QmdMbyBpoGFK1mURYDVGnjQ4AkNoJfnaBed6stWNVYy8rq
2026-07-31T21:04:42.487+06:00  INFO 577218 --- [pangochain-backend] [io-8080-exec-21] c.pangochain.backend.ipfs.IpfsService    : Fetched 780 bytes from primary IPFS CID=QmdMbyBpoGFK1mURYDVGnjQ4AkNoJfnaBed6stWNVYy8rq
2026-07-31T21:04:42.488+06:00  INFO 577218 --- [pangochain-backend] [io-8080-exec-39] c.pangochain.backend.ipfs.IpfsService    : Fetched 780 bytes from primary IPFS CID=QmdMbyBpoGFK1mURYDVGnjQ4AkNoJfnaBed6stWNVYy8rq
2026-07-31T21:04:42.488+06:00  INFO 577218 --- [pangochain-backend] [io-8080-exec-34] c.pangochain.backend.ipfs.IpfsService    : Fetched 780 bytes from primary IPFS CID=QmdMbyBpoGFK1mURYDVGnjQ4AkNoJfnaBed6stWNVYy8rq
2026-07-31T21:04:42.489+06:00  INFO 577218 --- [pangochain-backend] [io-8080-exec-28] c.pangochain.backend.ipfs.IpfsService    : Fetched 780 bytes from primary IPFS CID=QmdMbyBpoGFK1mURYDVGnjQ4AkNoJfnaBed6stWNVYy8rq
2026-07-31T21:04:42.489+06:00  INFO 577218 --- [pangochain-backend] [io-8080-exec-47] c.pangochain.backend.ipfs.IpfsService    : Fetched 780 bytes from primary IPFS CID=QmdMbyBpoGFK1mURYDVGnjQ4AkNoJfnaBed6stWNVYy8rq
2026-07-31T21:04:42.489+06:00  INFO 577218 --- [pangochain-backend] [io-8080-exec-32] c.pangochain.backend.ipfs.IpfsService    : Fetched 780 bytes from primary IPFS CID=QmdMbyBpoGFK1mURYDVGnjQ4AkNoJfnaBed6stWNVYy8rq
2026-07-31T21:04:42.489+06:00  INFO 577218 --- [pangochain-backend] [io-8080-exec-15] c.pangochain.backend.ipfs.IpfsService    : Fetched 780 bytes from primary IPFS CID=QmdMbyBpoGFK1mURYDVGnjQ4AkNoJfnaBed6stWNVYy8rq
2026-07-31T21:04:42.489+06:00  INFO 577218 --- [pangochain-backend] [nio-8080-exec-4] c.pangochain.backend.ipfs.IpfsService    : Fetched 780 bytes from primary IPFS CID=QmdMbyBpoGFK1mURYDVGnjQ4AkNoJfnaBed6stWNVYy8rq
2026-07-31T21:04:42.490+06:00  INFO 577218 --- [pangochain-backend] [io-8080-exec-50] c.pangochain.backend.ipfs.IpfsService    : Fetched 780 bytes from primary IPFS CID=QmdMbyBpoGFK1mURYDVGnjQ4AkNoJfnaBed6stWNVYy8rq
2026-07-31T21:04:42.490+06:00  INFO 577218 --- [pangochain-backend] [io-8080-exec-14] c.pangochain.backend.ipfs.IpfsService    : Fetched 780 bytes from primary IPFS CID=QmdMbyBpoGFK1mURYDVGnjQ4AkNoJfnaBed6stWNVYy8rq
2026-07-31T21:04:42.490+06:00  INFO 577218 --- [pangochain-backend] [io-8080-exec-22] c.pangochain.backend.ipfs.IpfsService    : Fetched 780 bytes from primary IPFS CID=QmdMbyBpoGFK1mURYDVGnjQ4AkNoJfnaBed6stWNVYy8rq
2026-07-31T21:04:42.491+06:00  INFO 577218 --- [pangochain-backend] [io-8080-exec-27] c.p.backend.document.DocumentService     : ACL check: Layer1=PASS Layer2=PASS doc=7eb7b50a-21ec-4f40-a48a-98cccaa8f738 user=bench@pangochain.test
2026-07-31T21:04:42.492+06:00  INFO 577218 --- [pangochain-backend] [io-8080-exec-38] c.pangochain.backend.ipfs.IpfsService    : Fetched 780 bytes from primary IPFS CID=QmdMbyBpoGFK1mURYDVGnjQ4AkNoJfnaBed6stWNVYy8rq
2026-07-31T21:04:42.492+06:00  INFO 577218 --- [pangochain-backend] [nio-8080-exec-3] c.pangochain.backend.ipfs.IpfsService    : Fetched 780 bytes from primary IPFS CID=QmdMbyBpoGFK1mURYDVGnjQ4AkNoJfnaBed6stWNVYy8rq
2026-07-31T21:04:42.492+06:00  INFO 577218 --- [pangochain-backend] [io-8080-exec-12] c.pangochain.backend.ipfs.IpfsService    : Fetched 780 bytes from primary IPFS CID=QmdMbyBpoGFK1mURYDVGnjQ4AkNoJfnaBed6stWNVYy8rq
2026-07-31T21:04:42.492+06:00  INFO 577218 --- [pangochain-backend] [io-8080-exec-26] c.pangochain.backend.ipfs.IpfsService    : Fetched 780 bytes from primary IPFS CID=QmdMbyBpoGFK1mURYDVGnjQ4AkNoJfnaBed6stWNVYy8rq
2026-07-31T21:04:42.493+06:00  INFO 577218 --- [pangochain-backend] [nio-8080-exec-2] c.pangochain.backend.ipfs.IpfsService    : Fetched 780 bytes from primary IPFS CID=QmdMbyBpoGFK1mURYDVGnjQ4AkNoJfnaBed6stWNVYy8rq
2026-07-31T21:04:42.494+06:00  INFO 577218 --- [pangochain-backend] [io-8080-exec-18] c.pangochain.backend.ipfs.IpfsService    : Fetched 780 bytes from primary IPFS CID=QmdMbyBpoGFK1mURYDVGnjQ4AkNoJfnaBed6stWNVYy8rq
2026-07-31T21:04:42.494+06:00  INFO 577218 --- [pangochain-backend] [nio-8080-exec-5] c.pangochain.backend.ipfs.IpfsService    : Fetched 780 bytes from primary IPFS CID=QmdMbyBpoGFK1mURYDVGnjQ4AkNoJfnaBed6stWNVYy8rq
2026-07-31T21:04:42.494+06:00  INFO 577218 --- [pangochain-backend] [io-8080-exec-20] c.pangochain.backend.ipfs.IpfsService    : Fetched 780 bytes from primary IPFS CID=QmdMbyBpoGFK1mURYDVGnjQ4AkNoJfnaBed6stWNVYy8rq
2026-07-31T21:04:42.494+06:00  INFO 577218 --- [pangochain-backend] [io-8080-exec-44] c.p.backend.document.DocumentService     : ACL check: Layer1=PASS Layer2=PASS doc=7eb7b50a-21ec-4f40-a48a-98cccaa8f738 user=bench@pangochain.test
2026-07-31T21:04:42.495+06:00  INFO 577218 --- [pangochain-backend] [io-8080-exec-33] c.pangochain.backend.ipfs.IpfsService    : Fetched 780 bytes from primary IPFS CID=QmdMbyBpoGFK1mURYDVGnjQ4AkNoJfnaBed6stWNVYy8rq
2026-07-31T21:04:42.496+06:00  INFO 577218 --- [pangochain-backend] [io-8080-exec-30] c.pangochain.backend.ipfs.IpfsService    : Fetched 780 bytes from primary IPFS CID=QmdMbyBpoGFK1mURYDVGnjQ4AkNoJfnaBed6stWNVYy8rq
2026-07-31T21:04:42.496+06:00  INFO 577218 --- [pangochain-backend] [io-8080-exec-48] c.pangochain.backend.ipfs.IpfsService    : Fetched 780 bytes from primary IPFS CID=QmdMbyBpoGFK1mURYDVGnjQ4AkNoJfnaBed6stWNVYy8rq
2026-07-31T21:04:42.496+06:00  INFO 577218 --- [pangochain-backend] [io-8080-exec-37] c.pangochain.backend.ipfs.IpfsService    : Fetched 780 bytes from primary IPFS CID=QmdMbyBpoGFK1mURYDVGnjQ4AkNoJfnaBed6stWNVYy8rq
2026-07-31T21:04:42.497+06:00  INFO 577218 --- [pangochain-backend] [nio-8080-exec-8] c.pangochain.backend.ipfs.IpfsService    : Fetched 780 bytes from primary IPFS CID=QmdMbyBpoGFK1mURYDVGnjQ4AkNoJfnaBed6stWNVYy8rq
2026-07-31T21:04:42.497+06:00  INFO 577218 --- [pangochain-backend] [io-8080-exec-19] c.pangochain.backend.ipfs.IpfsService    : Fetched 780 bytes from primary IPFS CID=QmdMbyBpoGFK1mURYDVGnjQ4AkNoJfnaBed6stWNVYy8rq
2026-07-31T21:04:42.499+06:00  INFO 577218 --- [pangochain-backend] [io-8080-exec-11] c.p.backend.document.DocumentService     : ACL check: Layer1=PASS Layer2=PASS doc=7eb7b50a-21ec-4f40-a48a-98cccaa8f738 user=bench@pangochain.test
2026-07-31T21:04:42.499+06:00  INFO 577218 --- [pangochain-backend] [io-8080-exec-24] c.p.backend.document.DocumentService     : ACL check: Layer1=PASS Layer2=PASS doc=7eb7b50a-21ec-4f40-a48a-98cccaa8f738 user=bench@pangochain.test
2026-07-31T21:04:42.499+06:00  INFO 577218 --- [pangochain-backend] [io-8080-exec-31] c.p.backend.document.DocumentService     : ACL check: Layer1=PASS Layer2=PASS doc=7eb7b50a-21ec-4f40-a48a-98cccaa8f738 user=bench@pangochain.test
2026-07-31T21:04:42.499+06:00  INFO 577218 --- [pangochain-backend] [io-8080-exec-40] c.pangochain.backend.ipfs.IpfsService    : Fetched 780 bytes from primary IPFS CID=QmdMbyBpoGFK1mURYDVGnjQ4AkNoJfnaBed6stWNVYy8rq
2026-07-31T21:04:42.500+06:00  INFO 577218 --- [pangochain-backend] [io-8080-exec-25] c.pangochain.backend.ipfs.IpfsService    : Fetched 780 bytes from primary IPFS CID=QmdMbyBpoGFK1mURYDVGnjQ4AkNoJfnaBed6stWNVYy8rq
2026-07-31T21:04:42.500+06:00  INFO 577218 --- [pangochain-backend] [io-8080-exec-45] c.pangochain.backend.ipfs.IpfsService    : Fetched 780 bytes from primary IPFS CID=QmdMbyBpoGFK1mURYDVGnjQ4AkNoJfnaBed6stWNVYy8rq
2026-07-31T21:04:42.500+06:00  INFO 577218 --- [pangochain-backend] [io-8080-exec-10] c.pangochain.backend.ipfs.IpfsService    : Fetched 780 bytes from primary IPFS CID=QmdMbyBpoGFK1mURYDVGnjQ4AkNoJfnaBed6stWNVYy8rq
2026-07-31T21:04:42.500+06:00  INFO 577218 --- [pangochain-backend] [io-8080-exec-16] c.pangochain.backend.ipfs.IpfsService    : Fetched 780 bytes from primary IPFS CID=QmdMbyBpoGFK1mURYDVGnjQ4AkNoJfnaBed6stWNVYy8rq
2026-07-31T21:04:42.500+06:00  INFO 577218 --- [pangochain-backend] [io-8080-exec-27] c.pangochain.backend.ipfs.IpfsService    : Fetched 780 bytes from primary IPFS CID=QmdMbyBpoGFK1mURYDVGnjQ4AkNoJfnaBed6stWNVYy8rq
2026-07-31T21:04:42.501+06:00  INFO 577218 --- [pangochain-backend] [nio-8080-exec-1] c.pangochain.backend.ipfs.IpfsService    : Fetched 780 bytes from primary IPFS CID=QmdMbyBpoGFK1mURYDVGnjQ4AkNoJfnaBed6stWNVYy8rq
2026-07-31T21:04:42.501+06:00  INFO 577218 --- [pangochain-backend] [io-8080-exec-49] c.pangochain.backend.ipfs.IpfsService    : Fetched 780 bytes from primary IPFS CID=QmdMbyBpoGFK1mURYDVGnjQ4AkNoJfnaBed6stWNVYy8rq
2026-07-31T21:04:42.501+06:00  INFO 577218 --- [pangochain-backend] [io-8080-exec-36] c.pangochain.backend.ipfs.IpfsService    : Fetched 780 bytes from primary IPFS CID=QmdMbyBpoGFK1mURYDVGnjQ4AkNoJfnaBed6stWNVYy8rq
2026-07-31T21:04:42.502+06:00  INFO 577218 --- [pangochain-backend] [io-8080-exec-35] c.pangochain.backend.ipfs.IpfsService    : Fetched 780 bytes from primary IPFS CID=QmdMbyBpoGFK1mURYDVGnjQ4AkNoJfnaBed6stWNVYy8rq
2026-07-31T21:04:42.502+06:00  INFO 577218 --- [pangochain-backend] [io-8080-exec-31] c.pangochain.backend.ipfs.IpfsService    : Fetched 780 bytes from primary IPFS CID=QmdMbyBpoGFK1mURYDVGnjQ4AkNoJfnaBed6stWNVYy8rq
2026-07-31T21:04:42.503+06:00  INFO 577218 --- [pangochain-backend] [io-8080-exec-11] c.pangochain.backend.ipfs.IpfsService    : Fetched 780 bytes from primary IPFS CID=QmdMbyBpoGFK1mURYDVGnjQ4AkNoJfnaBed6stWNVYy8rq
2026-07-31T21:04:42.503+06:00  INFO 577218 --- [pangochain-backend] [io-8080-exec-29] c.p.backend.document.DocumentService     : ACL check: Layer1=PASS Layer2=PASS doc=7eb7b50a-21ec-4f40-a48a-98cccaa8f738 user=bench@pangochain.test
2026-07-31T21:04:42.503+06:00  INFO 577218 --- [pangochain-backend] [io-8080-exec-24] c.pangochain.backend.ipfs.IpfsService    : Fetched 780 bytes from primary IPFS CID=QmdMbyBpoGFK1mURYDVGnjQ4AkNoJfnaBed6stWNVYy8rq
2026-07-31T21:04:42.503+06:00  INFO 577218 --- [pangochain-backend] [io-8080-exec-42] c.p.backend.document.DocumentService     : ACL check: Layer1=PASS Layer2=PASS doc=7eb7b50a-21ec-4f40-a48a-98cccaa8f738 user=bench@pangochain.test
2026-07-31T21:04:42.503+06:00  INFO 577218 --- [pangochain-backend] [io-8080-exec-41] c.p.backend.document.DocumentService     : ACL check: Layer1=PASS Layer2=PASS doc=7eb7b50a-21ec-4f40-a48a-98cccaa8f738 user=bench@pangochain.test
2026-07-31T21:04:42.504+06:00  INFO 577218 --- [pangochain-backend] [io-8080-exec-17] c.p.backend.document.DocumentService     : ACL check: Layer1=PASS Layer2=PASS doc=7eb7b50a-21ec-4f40-a48a-98cccaa8f738 user=bench@pangochain.test
2026-07-31T21:04:42.504+06:00  INFO 577218 --- [pangochain-backend] [io-8080-exec-46] c.p.backend.document.DocumentService     : ACL check: Layer1=PASS Layer2=PASS doc=7eb7b50a-21ec-4f40-a48a-98cccaa8f738 user=bench@pangochain.test
2026-07-31T21:04:42.504+06:00  INFO 577218 --- [pangochain-backend] [io-8080-exec-43] c.p.backend.document.DocumentService     : ACL check: Layer1=PASS Layer2=PASS doc=7eb7b50a-21ec-4f40-a48a-98cccaa8f738 user=bench@pangochain.test
2026-07-31T21:04:42.505+06:00  INFO 577218 --- [pangochain-backend] [io-8080-exec-29] c.pangochain.backend.ipfs.IpfsService    : Fetched 780 bytes from primary IPFS CID=QmdMbyBpoGFK1mURYDVGnjQ4AkNoJfnaBed6stWNVYy8rq
2026-07-31T21:04:42.505+06:00  INFO 577218 --- [pangochain-backend] [nio-8080-exec-7] c.p.backend.document.DocumentService     : ACL check: Layer1=PASS Layer2=PASS doc=7eb7b50a-21ec-4f40-a48a-98cccaa8f738 user=bench@pangochain.test
2026-07-31T21:04:42.505+06:00  INFO 577218 --- [pangochain-backend] [io-8080-exec-44] c.pangochain.backend.ipfs.IpfsService    : Fetched 780 bytes from primary IPFS CID=QmdMbyBpoGFK1mURYDVGnjQ4AkNoJfnaBed6stWNVYy8rq
2026-07-31T21:04:42.506+06:00  INFO 577218 --- [pangochain-backend] [io-8080-exec-17] c.pangochain.backend.ipfs.IpfsService    : Fetched 780 bytes from primary IPFS CID=QmdMbyBpoGFK1mURYDVGnjQ4AkNoJfnaBed6stWNVYy8rq
2026-07-31T21:04:42.506+06:00  INFO 577218 --- [pangochain-backend] [io-8080-exec-34] c.p.backend.document.DocumentService     : ACL check: Layer1=PASS Layer2=PASS doc=7eb7b50a-21ec-4f40-a48a-98cccaa8f738 user=bench@pangochain.test
2026-07-31T21:04:42.506+06:00  INFO 577218 --- [pangochain-backend] [io-8080-exec-46] c.pangochain.backend.ipfs.IpfsService    : Fetched 780 bytes from primary IPFS CID=QmdMbyBpoGFK1mURYDVGnjQ4AkNoJfnaBed6stWNVYy8rq
2026-07-31T21:04:42.506+06:00  INFO 577218 --- [pangochain-backend] [io-8080-exec-39] c.p.backend.document.DocumentService     : ACL check: Layer1=PASS Layer2=PASS doc=7eb7b50a-21ec-4f40-a48a-98cccaa8f738 user=bench@pangochain.test
2026-07-31T21:04:42.507+06:00  INFO 577218 --- [pangochain-backend] [nio-8080-exec-6] c.p.backend.document.DocumentService     : ACL check: Layer1=PASS Layer2=PASS doc=7eb7b50a-21ec-4f40-a48a-98cccaa8f738 user=bench@pangochain.test
2026-07-31T21:04:42.508+06:00  INFO 577218 --- [pangochain-backend] [io-8080-exec-43] c.pangochain.backend.ipfs.IpfsService    : Fetched 780 bytes from primary IPFS CID=QmdMbyBpoGFK1mURYDVGnjQ4AkNoJfnaBed6stWNVYy8rq
2026-07-31T21:04:42.508+06:00  INFO 577218 --- [pangochain-backend] [nio-8080-exec-9] c.p.backend.document.DocumentService     : ACL check: Layer1=PASS Layer2=PASS doc=7eb7b50a-21ec-4f40-a48a-98cccaa8f738 user=bench@pangochain.test
2026-07-31T21:04:42.508+06:00  INFO 577218 --- [pangochain-backend] [io-8080-exec-47] c.p.backend.document.DocumentService     : ACL check: Layer1=PASS Layer2=PASS doc=7eb7b50a-21ec-4f40-a48a-98cccaa8f738 user=bench@pangochain.test
2026-07-31T21:04:42.508+06:00  INFO 577218 --- [pangochain-backend] [io-8080-exec-42] c.pangochain.backend.ipfs.IpfsService    : Fetched 780 bytes from primary IPFS CID=QmdMbyBpoGFK1mURYDVGnjQ4AkNoJfnaBed6stWNVYy8rq
2026-07-31T21:04:42.508+06:00  INFO 577218 --- [pangochain-backend] [io-8080-exec-28] c.p.backend.document.DocumentService     : ACL check: Layer1=PASS Layer2=PASS doc=7eb7b50a-21ec-4f40-a48a-98cccaa8f738 user=bench@pangochain.test
2026-07-31T21:04:42.508+06:00  INFO 577218 --- [pangochain-backend] [nio-8080-exec-7] c.pangochain.backend.ipfs.IpfsService    : Fetched 780 bytes from primary IPFS CID=QmdMbyBpoGFK1mURYDVGnjQ4AkNoJfnaBed6stWNVYy8rq
2026-07-31T21:04:42.509+06:00  INFO 577218 --- [pangochain-backend] [nio-8080-exec-6] c.pangochain.backend.ipfs.IpfsService    : Fetched 780 bytes from primary IPFS CID=QmdMbyBpoGFK1mURYDVGnjQ4AkNoJfnaBed6stWNVYy8rq
2026-07-31T21:04:42.509+06:00  INFO 577218 --- [pangochain-backend] [io-8080-exec-39] c.pangochain.backend.ipfs.IpfsService    : Fetched 780 bytes from primary IPFS CID=QmdMbyBpoGFK1mURYDVGnjQ4AkNoJfnaBed6stWNVYy8rq
2026-07-31T21:04:42.509+06:00  INFO 577218 --- [pangochain-backend] [io-8080-exec-41] c.pangochain.backend.ipfs.IpfsService    : Fetched 780 bytes from primary IPFS CID=QmdMbyBpoGFK1mURYDVGnjQ4AkNoJfnaBed6stWNVYy8rq
2026-07-31T21:04:42.510+06:00  INFO 577218 --- [pangochain-backend] [io-8080-exec-48] c.p.backend.document.DocumentService     : ACL check: Layer1=PASS Layer2=PASS doc=7eb7b50a-21ec-4f40-a48a-98cccaa8f738 user=bench@pangochain.test
2026-07-31T21:04:42.510+06:00  INFO 577218 --- [pangochain-backend] [io-8080-exec-47] c.pangochain.backend.ipfs.IpfsService    : Fetched 780 bytes from primary IPFS CID=QmdMbyBpoGFK1mURYDVGnjQ4AkNoJfnaBed6stWNVYy8rq
2026-07-31T21:04:42.511+06:00  INFO 577218 --- [pangochain-backend] [io-8080-exec-34] c.pangochain.backend.ipfs.IpfsService    : Fetched 780 bytes from primary IPFS CID=QmdMbyBpoGFK1mURYDVGnjQ4AkNoJfnaBed6stWNVYy8rq
2026-07-31T21:04:42.511+06:00  INFO 577218 --- [pangochain-backend] [nio-8080-exec-9] c.pangochain.backend.ipfs.IpfsService    : Fetched 780 bytes from primary IPFS CID=QmdMbyBpoGFK1mURYDVGnjQ4AkNoJfnaBed6stWNVYy8rq
2026-07-31T21:04:42.513+06:00  INFO 577218 --- [pangochain-backend] [io-8080-exec-32] c.p.backend.document.DocumentService     : ACL check: Layer1=PASS Layer2=PASS doc=7eb7b50a-21ec-4f40-a48a-98cccaa8f738 user=bench@pangochain.test
2026-07-31T21:04:42.513+06:00  INFO 577218 --- [pangochain-backend] [io-8080-exec-33] c.p.backend.document.DocumentService     : ACL check: Layer1=PASS Layer2=PASS doc=7eb7b50a-21ec-4f40-a48a-98cccaa8f738 user=bench@pangochain.test
2026-07-31T21:04:42.513+06:00  INFO 577218 --- [pangochain-backend] [io-8080-exec-28] c.pangochain.backend.ipfs.IpfsService    : Fetched 780 bytes from primary IPFS CID=QmdMbyBpoGFK1mURYDVGnjQ4AkNoJfnaBed6stWNVYy8rq
2026-07-31T21:04:42.514+06:00  INFO 577218 --- [pangochain-backend] [io-8080-exec-48] c.pangochain.backend.ipfs.IpfsService    : Fetched 780 bytes from primary IPFS CID=QmdMbyBpoGFK1mURYDVGnjQ4AkNoJfnaBed6stWNVYy8rq
2026-07-31T21:04:42.514+06:00  INFO 577218 --- [pangochain-backend] [io-8080-exec-30] c.p.backend.document.DocumentService     : ACL check: Layer1=PASS Layer2=PASS doc=7eb7b50a-21ec-4f40-a48a-98cccaa8f738 user=bench@pangochain.test
2026-07-31T21:04:42.516+06:00  INFO 577218 --- [pangochain-backend] [io-8080-exec-40] c.p.backend.document.DocumentService     : ACL check: Layer1=PASS Layer2=PASS doc=7eb7b50a-21ec-4f40-a48a-98cccaa8f738 user=bench@pangochain.test
2026-07-31T21:04:42.516+06:00  INFO 577218 --- [pangochain-backend] [io-8080-exec-33] c.pangochain.backend.ipfs.IpfsService    : Fetched 780 bytes from primary IPFS CID=QmdMbyBpoGFK1mURYDVGnjQ4AkNoJfnaBed6stWNVYy8rq
2026-07-31T21:04:42.518+06:00  INFO 577218 --- [pangochain-backend] [io-8080-exec-32] c.pangochain.backend.ipfs.IpfsService    : Fetched 780 bytes from primary IPFS CID=QmdMbyBpoGFK1mURYDVGnjQ4AkNoJfnaBed6stWNVYy8rq
2026-07-31T21:04:42.518+06:00  INFO 577218 --- [pangochain-backend] [io-8080-exec-38] c.p.backend.document.DocumentService     : ACL check: Layer1=PASS Layer2=PASS doc=7eb7b50a-21ec-4f40-a48a-98cccaa8f738 user=bench@pangochain.test
2026-07-31T21:04:42.518+06:00  INFO 577218 --- [pangochain-backend] [io-8080-exec-14] c.p.backend.document.DocumentService     : ACL check: Layer1=PASS Layer2=PASS doc=7eb7b50a-21ec-4f40-a48a-98cccaa8f738 user=bench@pangochain.test
2026-07-31T21:04:42.518+06:00  INFO 577218 --- [pangochain-backend] [io-8080-exec-22] c.p.backend.document.DocumentService     : ACL check: Layer1=PASS Layer2=PASS doc=7eb7b50a-21ec-4f40-a48a-98cccaa8f738 user=bench@pangochain.test
2026-07-31T21:04:42.519+06:00  INFO 577218 --- [pangochain-backend] [io-8080-exec-40] c.pangochain.backend.ipfs.IpfsService    : Fetched 780 bytes from primary IPFS CID=QmdMbyBpoGFK1mURYDVGnjQ4AkNoJfnaBed6stWNVYy8rq
2026-07-31T21:04:42.520+06:00  INFO 577218 --- [pangochain-backend] [io-8080-exec-15] c.p.backend.document.DocumentService     : ACL check: Layer1=PASS Layer2=PASS doc=7eb7b50a-21ec-4f40-a48a-98cccaa8f738 user=bench@pangochain.test
2026-07-31T21:04:42.520+06:00  INFO 577218 --- [pangochain-backend] [io-8080-exec-17] c.p.backend.document.DocumentService     : ACL check: Layer1=PASS Layer2=PASS doc=7eb7b50a-21ec-4f40-a48a-98cccaa8f738 user=bench@pangochain.test
2026-07-31T21:04:42.521+06:00  INFO 577218 --- [pangochain-backend] [io-8080-exec-14] c.pangochain.backend.ipfs.IpfsService    : Fetched 780 bytes from primary IPFS CID=QmdMbyBpoGFK1mURYDVGnjQ4AkNoJfnaBed6stWNVYy8rq
2026-07-31T21:04:42.521+06:00  INFO 577218 --- [pangochain-backend] [io-8080-exec-22] c.pangochain.backend.ipfs.IpfsService    : Fetched 780 bytes from primary IPFS CID=QmdMbyBpoGFK1mURYDVGnjQ4AkNoJfnaBed6stWNVYy8rq
2026-07-31T21:04:42.522+06:00  INFO 577218 --- [pangochain-backend] [io-8080-exec-38] c.pangochain.backend.ipfs.IpfsService    : Fetched 780 bytes from primary IPFS CID=QmdMbyBpoGFK1mURYDVGnjQ4AkNoJfnaBed6stWNVYy8rq
2026-07-31T21:04:42.523+06:00  INFO 577218 --- [pangochain-backend] [io-8080-exec-30] c.pangochain.backend.ipfs.IpfsService    : Fetched 780 bytes from primary IPFS CID=QmdMbyBpoGFK1mURYDVGnjQ4AkNoJfnaBed6stWNVYy8rq
2026-07-31T21:04:42.524+06:00  INFO 577218 --- [pangochain-backend] [nio-8080-exec-3] c.p.backend.document.DocumentService     : ACL check: Layer1=PASS Layer2=PASS doc=7eb7b50a-21ec-4f40-a48a-98cccaa8f738 user=bench@pangochain.test
2026-07-31T21:04:42.525+06:00  INFO 577218 --- [pangochain-backend] [io-8080-exec-12] c.p.backend.document.DocumentService     : ACL check: Layer1=PASS Layer2=PASS doc=7eb7b50a-21ec-4f40-a48a-98cccaa8f738 user=bench@pangochain.test
2026-07-31T21:04:42.528+06:00  INFO 577218 --- [pangochain-backend] [io-8080-exec-18] c.p.backend.document.DocumentService     : ACL check: Layer1=PASS Layer2=PASS doc=7eb7b50a-21ec-4f40-a48a-98cccaa8f738 user=bench@pangochain.test
2026-07-31T21:04:42.529+06:00  INFO 577218 --- [pangochain-backend] [io-8080-exec-17] c.pangochain.backend.ipfs.IpfsService    : Fetched 780 bytes from primary IPFS CID=QmdMbyBpoGFK1mURYDVGnjQ4AkNoJfnaBed6stWNVYy8rq
2026-07-31T21:04:42.529+06:00  INFO 577218 --- [pangochain-backend] [io-8080-exec-20] c.p.backend.document.DocumentService     : ACL check: Layer1=PASS Layer2=PASS doc=7eb7b50a-21ec-4f40-a48a-98cccaa8f738 user=bench@pangochain.test
2026-07-31T21:04:42.529+06:00  INFO 577218 --- [pangochain-backend] [io-8080-exec-26] c.p.backend.document.DocumentService     : ACL check: Layer1=PASS Layer2=PASS doc=7eb7b50a-21ec-4f40-a48a-98cccaa8f738 user=bench@pangochain.test
2026-07-31T21:04:42.529+06:00  INFO 577218 --- [pangochain-backend] [io-8080-exec-12] c.pangochain.backend.ipfs.IpfsService    : Fetched 780 bytes from primary IPFS CID=QmdMbyBpoGFK1mURYDVGnjQ4AkNoJfnaBed6stWNVYy8rq
2026-07-31T21:04:42.531+06:00  INFO 577218 --- [pangochain-backend] [nio-8080-exec-3] c.pangochain.backend.ipfs.IpfsService    : Fetched 780 bytes from primary IPFS CID=QmdMbyBpoGFK1mURYDVGnjQ4AkNoJfnaBed6stWNVYy8rq
2026-07-31T21:04:42.532+06:00  INFO 577218 --- [pangochain-backend] [io-8080-exec-33] c.p.backend.document.DocumentService     : ACL check: Layer1=PASS Layer2=PASS doc=7eb7b50a-21ec-4f40-a48a-98cccaa8f738 user=bench@pangochain.test
2026-07-31T21:04:42.532+06:00  INFO 577218 --- [pangochain-backend] [io-8080-exec-28] c.p.backend.document.DocumentService     : ACL check: Layer1=PASS Layer2=PASS doc=7eb7b50a-21ec-4f40-a48a-98cccaa8f738 user=bench@pangochain.test
2026-07-31T21:04:42.533+06:00  INFO 577218 --- [pangochain-backend] [io-8080-exec-18] c.pangochain.backend.ipfs.IpfsService    : Fetched 780 bytes from primary IPFS CID=QmdMbyBpoGFK1mURYDVGnjQ4AkNoJfnaBed6stWNVYy8rq
2026-07-31T21:04:42.533+06:00  INFO 577218 --- [pangochain-backend] [nio-8080-exec-2] c.p.backend.document.DocumentService     : ACL check: Layer1=PASS Layer2=PASS doc=7eb7b50a-21ec-4f40-a48a-98cccaa8f738 user=bench@pangochain.test
2026-07-31T21:04:42.534+06:00  INFO 577218 --- [pangochain-backend] [io-8080-exec-48] c.p.backend.document.DocumentService     : ACL check: Layer1=PASS Layer2=PASS doc=7eb7b50a-21ec-4f40-a48a-98cccaa8f738 user=bench@pangochain.test
2026-07-31T21:04:42.535+06:00  INFO 577218 --- [pangochain-backend] [io-8080-exec-33] c.pangochain.backend.ipfs.IpfsService    : Fetched 780 bytes from primary IPFS CID=QmdMbyBpoGFK1mURYDVGnjQ4AkNoJfnaBed6stWNVYy8rq
2026-07-31T21:04:42.535+06:00  INFO 577218 --- [pangochain-backend] [io-8080-exec-26] c.pangochain.backend.ipfs.IpfsService    : Fetched 780 bytes from primary IPFS CID=QmdMbyBpoGFK1mURYDVGnjQ4AkNoJfnaBed6stWNVYy8rq
2026-07-31T21:04:42.536+06:00  INFO 577218 --- [pangochain-backend] [nio-8080-exec-2] c.pangochain.backend.ipfs.IpfsService    : Fetched 780 bytes from primary IPFS CID=QmdMbyBpoGFK1mURYDVGnjQ4AkNoJfnaBed6stWNVYy8rq
2026-07-31T21:04:42.537+06:00  INFO 577218 --- [pangochain-backend] [io-8080-exec-15] c.pangochain.backend.ipfs.IpfsService    : Fetched 780 bytes from primary IPFS CID=QmdMbyBpoGFK1mURYDVGnjQ4AkNoJfnaBed6stWNVYy8rq
2026-07-31T21:04:42.538+06:00  INFO 577218 --- [pangochain-backend] [io-8080-exec-28] c.pangochain.backend.ipfs.IpfsService    : Fetched 780 bytes from primary IPFS CID=QmdMbyBpoGFK1mURYDVGnjQ4AkNoJfnaBed6stWNVYy8rq
2026-07-31T21:04:42.538+06:00  INFO 577218 --- [pangochain-backend] [io-8080-exec-19] c.p.backend.document.DocumentService     : ACL check: Layer1=PASS Layer2=PASS doc=7eb7b50a-21ec-4f40-a48a-98cccaa8f738 user=bench@pangochain.test
2026-07-31T21:04:42.539+06:00  INFO 577218 --- [pangochain-backend] [io-8080-exec-40] c.p.backend.document.DocumentService     : ACL check: Layer1=PASS Layer2=PASS doc=7eb7b50a-21ec-4f40-a48a-98cccaa8f738 user=bench@pangochain.test
2026-07-31T21:04:42.540+06:00  INFO 577218 --- [pangochain-backend] [io-8080-exec-19] c.pangochain.backend.ipfs.IpfsService    : Fetched 780 bytes from primary IPFS CID=QmdMbyBpoGFK1mURYDVGnjQ4AkNoJfnaBed6stWNVYy8rq
2026-07-31T21:04:42.541+06:00  INFO 577218 --- [pangochain-backend] [io-8080-exec-40] c.pangochain.backend.ipfs.IpfsService    : Fetched 780 bytes from primary IPFS CID=QmdMbyBpoGFK1mURYDVGnjQ4AkNoJfnaBed6stWNVYy8rq
2026-07-31T21:04:42.542+06:00  INFO 577218 --- [pangochain-backend] [io-8080-exec-32] c.p.backend.document.DocumentService     : ACL check: Layer1=PASS Layer2=PASS doc=7eb7b50a-21ec-4f40-a48a-98cccaa8f738 user=bench@pangochain.test
2026-07-31T21:04:42.542+06:00  INFO 577218 --- [pangochain-backend] [io-8080-exec-48] c.pangochain.backend.ipfs.IpfsService    : Fetched 780 bytes from primary IPFS CID=QmdMbyBpoGFK1mURYDVGnjQ4AkNoJfnaBed6stWNVYy8rq
2026-07-31T21:04:42.543+06:00  INFO 577218 --- [pangochain-backend] [io-8080-exec-20] c.pangochain.backend.ipfs.IpfsService    : Fetched 780 bytes from primary IPFS CID=QmdMbyBpoGFK1mURYDVGnjQ4AkNoJfnaBed6stWNVYy8rq
2026-07-31T21:04:42.543+06:00  INFO 577218 --- [pangochain-backend] [io-8080-exec-37] c.p.backend.document.DocumentService     : ACL check: Layer1=PASS Layer2=PASS doc=7eb7b50a-21ec-4f40-a48a-98cccaa8f738 user=bench@pangochain.test
2026-07-31T21:04:42.544+06:00  INFO 577218 --- [pangochain-backend] [io-8080-exec-14] c.p.backend.document.DocumentService     : ACL check: Layer1=PASS Layer2=PASS doc=7eb7b50a-21ec-4f40-a48a-98cccaa8f738 user=bench@pangochain.test
2026-07-31T21:04:42.546+06:00  INFO 577218 --- [pangochain-backend] [nio-8080-exec-8] c.p.backend.document.DocumentService     : ACL check: Layer1=PASS Layer2=PASS doc=7eb7b50a-21ec-4f40-a48a-98cccaa8f738 user=bench@pangochain.test
2026-07-31T21:04:42.548+06:00  INFO 577218 --- [pangochain-backend] [io-8080-exec-21] c.p.backend.document.DocumentService     : ACL check: Layer1=PASS Layer2=PASS doc=7eb7b50a-21ec-4f40-a48a-98cccaa8f738 user=bench@pangochain.test
2026-07-31T21:04:42.548+06:00  INFO 577218 --- [pangochain-backend] [io-8080-exec-32] c.pangochain.backend.ipfs.IpfsService    : Fetched 780 bytes from primary IPFS CID=QmdMbyBpoGFK1mURYDVGnjQ4AkNoJfnaBed6stWNVYy8rq
2026-07-31T21:04:42.548+06:00  INFO 577218 --- [pangochain-backend] [io-8080-exec-22] c.p.backend.document.DocumentService     : ACL check: Layer1=PASS Layer2=PASS doc=7eb7b50a-21ec-4f40-a48a-98cccaa8f738 user=bench@pangochain.test
2026-07-31T21:04:42.548+06:00  INFO 577218 --- [pangochain-backend] [io-8080-exec-50] c.p.backend.document.DocumentService     : ACL check: Layer1=PASS Layer2=PASS doc=7eb7b50a-21ec-4f40-a48a-98cccaa8f738 user=bench@pangochain.test
2026-07-31T21:04:42.549+06:00  INFO 577218 --- [pangochain-backend] [io-8080-exec-37] c.pangochain.backend.ipfs.IpfsService    : Fetched 780 bytes from primary IPFS CID=QmdMbyBpoGFK1mURYDVGnjQ4AkNoJfnaBed6stWNVYy8rq
2026-07-31T21:04:42.549+06:00  INFO 577218 --- [pangochain-backend] [io-8080-exec-30] c.p.backend.document.DocumentService     : ACL check: Layer1=PASS Layer2=PASS doc=7eb7b50a-21ec-4f40-a48a-98cccaa8f738 user=bench@pangochain.test
2026-07-31T21:04:42.550+06:00  INFO 577218 --- [pangochain-backend] [io-8080-exec-23] c.p.backend.document.DocumentService     : ACL check: Layer1=PASS Layer2=PASS doc=7eb7b50a-21ec-4f40-a48a-98cccaa8f738 user=bench@pangochain.test
2026-07-31T21:04:42.551+06:00  INFO 577218 --- [pangochain-backend] [io-8080-exec-14] c.pangochain.backend.ipfs.IpfsService    : Fetched 780 bytes from primary IPFS CID=QmdMbyBpoGFK1mURYDVGnjQ4AkNoJfnaBed6stWNVYy8rq
2026-07-31T21:04:42.553+06:00  INFO 577218 --- [pangochain-backend] [nio-8080-exec-8] c.pangochain.backend.ipfs.IpfsService    : Fetched 780 bytes from primary IPFS CID=QmdMbyBpoGFK1mURYDVGnjQ4AkNoJfnaBed6stWNVYy8rq
2026-07-31T21:04:42.554+06:00  INFO 577218 --- [pangochain-backend] [io-8080-exec-22] c.pangochain.backend.ipfs.IpfsService    : Fetched 780 bytes from primary IPFS CID=QmdMbyBpoGFK1mURYDVGnjQ4AkNoJfnaBed6stWNVYy8rq
2026-07-31T21:04:42.556+06:00  INFO 577218 --- [pangochain-backend] [io-8080-exec-45] c.p.backend.document.DocumentService     : ACL check: Layer1=PASS Layer2=PASS doc=7eb7b50a-21ec-4f40-a48a-98cccaa8f738 user=bench@pangochain.test
2026-07-31T21:04:42.556+06:00  INFO 577218 --- [pangochain-backend] [io-8080-exec-21] c.pangochain.backend.ipfs.IpfsService    : Fetched 780 bytes from primary IPFS CID=QmdMbyBpoGFK1mURYDVGnjQ4AkNoJfnaBed6stWNVYy8rq
2026-07-31T21:04:42.558+06:00  INFO 577218 --- [pangochain-backend] [io-8080-exec-23] c.pangochain.backend.ipfs.IpfsService    : Fetched 780 bytes from primary IPFS CID=QmdMbyBpoGFK1mURYDVGnjQ4AkNoJfnaBed6stWNVYy8rq
2026-07-31T21:04:42.559+06:00  INFO 577218 --- [pangochain-backend] [nio-8080-exec-3] c.p.backend.document.DocumentService     : ACL check: Layer1=PASS Layer2=PASS doc=7eb7b50a-21ec-4f40-a48a-98cccaa8f738 user=bench@pangochain.test
2026-07-31T21:04:42.560+06:00  INFO 577218 --- [pangochain-backend] [nio-8080-exec-5] c.p.backend.document.DocumentService     : ACL check: Layer1=PASS Layer2=PASS doc=7eb7b50a-21ec-4f40-a48a-98cccaa8f738 user=bench@pangochain.test
2026-07-31T21:04:42.561+06:00  INFO 577218 --- [pangochain-backend] [nio-8080-exec-1] c.p.backend.document.DocumentService     : ACL check: Layer1=PASS Layer2=PASS doc=7eb7b50a-21ec-4f40-a48a-98cccaa8f738 user=bench@pangochain.test
2026-07-31T21:04:42.561+06:00  INFO 577218 --- [pangochain-backend] [io-8080-exec-38] c.p.backend.document.DocumentService     : ACL check: Layer1=PASS Layer2=PASS doc=7eb7b50a-21ec-4f40-a48a-98cccaa8f738 user=bench@pangochain.test
2026-07-31T21:04:42.561+06:00  INFO 577218 --- [pangochain-backend] [io-8080-exec-36] c.p.backend.document.DocumentService     : ACL check: Layer1=PASS Layer2=PASS doc=7eb7b50a-21ec-4f40-a48a-98cccaa8f738 user=bench@pangochain.test
2026-07-31T21:04:42.563+06:00  INFO 577218 --- [pangochain-backend] [nio-8080-exec-3] c.pangochain.backend.ipfs.IpfsService    : Fetched 780 bytes from primary IPFS CID=QmdMbyBpoGFK1mURYDVGnjQ4AkNoJfnaBed6stWNVYy8rq
2026-07-31T21:04:42.563+06:00  INFO 577218 --- [pangochain-backend] [io-8080-exec-16] c.p.backend.document.DocumentService     : ACL check: Layer1=PASS Layer2=PASS doc=7eb7b50a-21ec-4f40-a48a-98cccaa8f738 user=bench@pangochain.test
2026-07-31T21:04:42.563+06:00  INFO 577218 --- [pangochain-backend] [io-8080-exec-49] c.p.backend.document.DocumentService     : ACL check: Layer1=PASS Layer2=PASS doc=7eb7b50a-21ec-4f40-a48a-98cccaa8f738 user=bench@pangochain.test
2026-07-31T21:04:42.564+06:00  INFO 577218 --- [pangochain-backend] [io-8080-exec-18] c.p.backend.document.DocumentService     : ACL check: Layer1=PASS Layer2=PASS doc=7eb7b50a-21ec-4f40-a48a-98cccaa8f738 user=bench@pangochain.test
2026-07-31T21:04:42.564+06:00  INFO 577218 --- [pangochain-backend] [io-8080-exec-28] c.p.backend.document.DocumentService     : ACL check: Layer1=PASS Layer2=PASS doc=7eb7b50a-21ec-4f40-a48a-98cccaa8f738 user=bench@pangochain.test
2026-07-31T21:04:42.564+06:00  INFO 577218 --- [pangochain-backend] [io-8080-exec-33] c.p.backend.document.DocumentService     : ACL check: Layer1=PASS Layer2=PASS doc=7eb7b50a-21ec-4f40-a48a-98cccaa8f738 user=bench@pangochain.test
2026-07-31T21:04:42.565+06:00  INFO 577218 --- [pangochain-backend] [io-8080-exec-16] c.pangochain.backend.ipfs.IpfsService    : Fetched 780 bytes from primary IPFS CID=QmdMbyBpoGFK1mURYDVGnjQ4AkNoJfnaBed6stWNVYy8rq
2026-07-31T21:04:42.567+06:00  INFO 577218 --- [pangochain-backend] [io-8080-exec-38] c.pangochain.backend.ipfs.IpfsService    : Fetched 780 bytes from primary IPFS CID=QmdMbyBpoGFK1mURYDVGnjQ4AkNoJfnaBed6stWNVYy8rq
2026-07-31T21:04:42.567+06:00  INFO 577218 --- [pangochain-backend] [nio-8080-exec-1] c.pangochain.backend.ipfs.IpfsService    : Fetched 780 bytes from primary IPFS CID=QmdMbyBpoGFK1mURYDVGnjQ4AkNoJfnaBed6stWNVYy8rq
2026-07-31T21:04:42.568+06:00  INFO 577218 --- [pangochain-backend] [io-8080-exec-36] c.pangochain.backend.ipfs.IpfsService    : Fetched 780 bytes from primary IPFS CID=QmdMbyBpoGFK1mURYDVGnjQ4AkNoJfnaBed6stWNVYy8rq
2026-07-31T21:04:42.568+06:00  INFO 577218 --- [pangochain-backend] [io-8080-exec-33] c.pangochain.backend.ipfs.IpfsService    : Fetched 780 bytes from primary IPFS CID=QmdMbyBpoGFK1mURYDVGnjQ4AkNoJfnaBed6stWNVYy8rq
2026-07-31T21:04:42.569+06:00  INFO 577218 --- [pangochain-backend] [nio-8080-exec-5] c.pangochain.backend.ipfs.IpfsService    : Fetched 780 bytes from primary IPFS CID=QmdMbyBpoGFK1mURYDVGnjQ4AkNoJfnaBed6stWNVYy8rq
2026-07-31T21:04:42.569+06:00  INFO 577218 --- [pangochain-backend] [io-8080-exec-18] c.pangochain.backend.ipfs.IpfsService    : Fetched 780 bytes from primary IPFS CID=QmdMbyBpoGFK1mURYDVGnjQ4AkNoJfnaBed6stWNVYy8rq
2026-07-31T21:04:42.569+06:00  INFO 577218 --- [pangochain-backend] [io-8080-exec-45] c.pangochain.backend.ipfs.IpfsService    : Fetched 780 bytes from primary IPFS CID=QmdMbyBpoGFK1mURYDVGnjQ4AkNoJfnaBed6stWNVYy8rq
2026-07-31T21:04:42.570+06:00  INFO 577218 --- [pangochain-backend] [io-8080-exec-30] c.pangochain.backend.ipfs.IpfsService    : Fetched 780 bytes from primary IPFS CID=QmdMbyBpoGFK1mURYDVGnjQ4AkNoJfnaBed6stWNVYy8rq
2026-07-31T21:04:42.570+06:00  INFO 577218 --- [pangochain-backend] [io-8080-exec-50] c.pangochain.backend.ipfs.IpfsService    : Fetched 780 bytes from primary IPFS CID=QmdMbyBpoGFK1mURYDVGnjQ4AkNoJfnaBed6stWNVYy8rq
2026-07-31T21:04:42.570+06:00  INFO 577218 --- [pangochain-backend] [io-8080-exec-26] c.p.backend.document.DocumentService     : ACL check: Layer1=PASS Layer2=PASS doc=7eb7b50a-21ec-4f40-a48a-98cccaa8f738 user=bench@pangochain.test
2026-07-31T21:04:42.571+06:00  INFO 577218 --- [pangochain-backend] [io-8080-exec-32] c.p.backend.document.DocumentService     : ACL check: Layer1=PASS Layer2=PASS doc=7eb7b50a-21ec-4f40-a48a-98cccaa8f738 user=bench@pangochain.test
2026-07-31T21:04:42.571+06:00  INFO 577218 --- [pangochain-backend] [io-8080-exec-35] c.p.backend.document.DocumentService     : ACL check: Layer1=PASS Layer2=PASS doc=7eb7b50a-21ec-4f40-a48a-98cccaa8f738 user=bench@pangochain.test
2026-07-31T21:04:42.571+06:00  INFO 577218 --- [pangochain-backend] [io-8080-exec-27] c.p.backend.document.DocumentService     : ACL check: Layer1=PASS Layer2=PASS doc=7eb7b50a-21ec-4f40-a48a-98cccaa8f738 user=bench@pangochain.test
2026-07-31T21:04:42.572+06:00  INFO 577218 --- [pangochain-backend] [io-8080-exec-12] c.p.backend.document.DocumentService     : ACL check: Layer1=PASS Layer2=PASS doc=7eb7b50a-21ec-4f40-a48a-98cccaa8f738 user=bench@pangochain.test
2026-07-31T21:04:42.572+06:00  INFO 577218 --- [pangochain-backend] [nio-8080-exec-7] c.p.backend.document.DocumentService     : ACL check: Layer1=PASS Layer2=PASS doc=7eb7b50a-21ec-4f40-a48a-98cccaa8f738 user=bench@pangochain.test
2026-07-31T21:04:42.572+06:00  INFO 577218 --- [pangochain-backend] [io-8080-exec-31] c.p.backend.document.DocumentService     : ACL check: Layer1=PASS Layer2=PASS doc=7eb7b50a-21ec-4f40-a48a-98cccaa8f738 user=bench@pangochain.test
2026-07-31T21:04:42.572+06:00  INFO 577218 --- [pangochain-backend] [nio-8080-exec-4] c.p.backend.document.DocumentService     : ACL check: Layer1=PASS Layer2=PASS doc=7eb7b50a-21ec-4f40-a48a-98cccaa8f738 user=bench@pangochain.test
2026-07-31T21:04:42.572+06:00  INFO 577218 --- [pangochain-backend] [nio-8080-exec-2] c.p.backend.document.DocumentService     : ACL check: Layer1=PASS Layer2=PASS doc=7eb7b50a-21ec-4f40-a48a-98cccaa8f738 user=bench@pangochain.test
2026-07-31T21:04:42.573+06:00  INFO 577218 --- [pangochain-backend] [io-8080-exec-15] c.p.backend.document.DocumentService     : ACL check: Layer1=PASS Layer2=PASS doc=7eb7b50a-21ec-4f40-a48a-98cccaa8f738 user=bench@pangochain.test
2026-07-31T21:04:42.573+06:00  INFO 577218 --- [pangochain-backend] [io-8080-exec-11] c.p.backend.document.DocumentService     : ACL check: Layer1=PASS Layer2=PASS doc=7eb7b50a-21ec-4f40-a48a-98cccaa8f738 user=bench@pangochain.test
2026-07-31T21:04:42.574+06:00  INFO 577218 --- [pangochain-backend] [nio-8080-exec-8] c.p.backend.document.DocumentService     : ACL check: Layer1=PASS Layer2=PASS doc=7eb7b50a-21ec-4f40-a48a-98cccaa8f738 user=bench@pangochain.test
2026-07-31T21:04:42.574+06:00  INFO 577218 --- [pangochain-backend] [io-8080-exec-42] c.p.backend.document.DocumentService     : ACL check: Layer1=PASS Layer2=PASS doc=7eb7b50a-21ec-4f40-a48a-98cccaa8f738 user=bench@pangochain.test
2026-07-31T21:04:42.574+06:00  INFO 577218 --- [pangochain-backend] [io-8080-exec-25] c.p.backend.document.DocumentService     : ACL check: Layer1=PASS Layer2=PASS doc=7eb7b50a-21ec-4f40-a48a-98cccaa8f738 user=bench@pangochain.test
2026-07-31T21:04:42.575+06:00  INFO 577218 --- [pangochain-backend] [io-8080-exec-28] c.pangochain.backend.ipfs.IpfsService    : Fetched 780 bytes from primary IPFS CID=QmdMbyBpoGFK1mURYDVGnjQ4AkNoJfnaBed6stWNVYy8rq
2026-07-31T21:04:42.576+06:00  INFO 577218 --- [pangochain-backend] [io-8080-exec-27] c.pangochain.backend.ipfs.IpfsService    : Fetched 780 bytes from primary IPFS CID=QmdMbyBpoGFK1mURYDVGnjQ4AkNoJfnaBed6stWNVYy8rq
2026-07-31T21:04:42.578+06:00  INFO 577218 --- [pangochain-backend] [io-8080-exec-49] c.pangochain.backend.ipfs.IpfsService    : Fetched 780 bytes from primary IPFS CID=QmdMbyBpoGFK1mURYDVGnjQ4AkNoJfnaBed6stWNVYy8rq
2026-07-31T21:04:42.578+06:00  INFO 577218 --- [pangochain-backend] [io-8080-exec-17] c.p.backend.document.DocumentService     : ACL check: Layer1=PASS Layer2=PASS doc=7eb7b50a-21ec-4f40-a48a-98cccaa8f738 user=bench@pangochain.test
2026-07-31T21:04:42.578+06:00  INFO 577218 --- [pangochain-backend] [io-8080-exec-19] c.p.backend.document.DocumentService     : ACL check: Layer1=PASS Layer2=PASS doc=7eb7b50a-21ec-4f40-a48a-98cccaa8f738 user=bench@pangochain.test
2026-07-31T21:04:42.576+06:00  INFO 577218 --- [pangochain-backend] [io-8080-exec-26] c.pangochain.backend.ipfs.IpfsService    : Fetched 780 bytes from primary IPFS CID=QmdMbyBpoGFK1mURYDVGnjQ4AkNoJfnaBed6stWNVYy8rq
2026-07-31T21:04:42.579+06:00  INFO 577218 --- [pangochain-backend] [nio-8080-exec-8] c.pangochain.backend.ipfs.IpfsService    : Fetched 780 bytes from primary IPFS CID=QmdMbyBpoGFK1mURYDVGnjQ4AkNoJfnaBed6stWNVYy8rq
2026-07-31T21:04:42.579+06:00  INFO 577218 --- [pangochain-backend] [io-8080-exec-31] c.pangochain.backend.ipfs.IpfsService    : Fetched 780 bytes from primary IPFS CID=QmdMbyBpoGFK1mURYDVGnjQ4AkNoJfnaBed6stWNVYy8rq
2026-07-31T21:04:42.579+06:00  INFO 577218 --- [pangochain-backend] [io-8080-exec-40] c.p.backend.document.DocumentService     : ACL check: Layer1=PASS Layer2=PASS doc=7eb7b50a-21ec-4f40-a48a-98cccaa8f738 user=bench@pangochain.test
2026-07-31T21:04:42.576+06:00  INFO 577218 --- [pangochain-backend] [io-8080-exec-35] c.pangochain.backend.ipfs.IpfsService    : Fetched 780 bytes from primary IPFS CID=QmdMbyBpoGFK1mURYDVGnjQ4AkNoJfnaBed6stWNVYy8rq
2026-07-31T21:04:42.577+06:00  INFO 577218 --- [pangochain-backend] [nio-8080-exec-7] c.pangochain.backend.ipfs.IpfsService    : Fetched 780 bytes from primary IPFS CID=QmdMbyBpoGFK1mURYDVGnjQ4AkNoJfnaBed6stWNVYy8rq
2026-07-31T21:04:42.580+06:00  INFO 577218 --- [pangochain-backend] [io-8080-exec-20] c.p.backend.document.DocumentService     : ACL check: Layer1=PASS Layer2=PASS doc=7eb7b50a-21ec-4f40-a48a-98cccaa8f738 user=bench@pangochain.test
2026-07-31T21:04:42.580+06:00  INFO 577218 --- [pangochain-backend] [io-8080-exec-11] c.pangochain.backend.ipfs.IpfsService    : Fetched 780 bytes from primary IPFS CID=QmdMbyBpoGFK1mURYDVGnjQ4AkNoJfnaBed6stWNVYy8rq
2026-07-31T21:04:42.580+06:00  INFO 577218 --- [pangochain-backend] [io-8080-exec-42] c.pangochain.backend.ipfs.IpfsService    : Fetched 780 bytes from primary IPFS CID=QmdMbyBpoGFK1mURYDVGnjQ4AkNoJfnaBed6stWNVYy8rq
2026-07-31T21:04:42.581+06:00  INFO 577218 --- [pangochain-backend] [io-8080-exec-15] c.pangochain.backend.ipfs.IpfsService    : Fetched 780 bytes from primary IPFS CID=QmdMbyBpoGFK1mURYDVGnjQ4AkNoJfnaBed6stWNVYy8rq
2026-07-31T21:04:42.581+06:00  INFO 577218 --- [pangochain-backend] [io-8080-exec-17] c.pangochain.backend.ipfs.IpfsService    : Fetched 780 bytes from primary IPFS CID=QmdMbyBpoGFK1mURYDVGnjQ4AkNoJfnaBed6stWNVYy8rq
2026-07-31T21:04:42.582+06:00  INFO 577218 --- [pangochain-backend] [io-8080-exec-25] c.pangochain.backend.ipfs.IpfsService    : Fetched 780 bytes from primary IPFS CID=QmdMbyBpoGFK1mURYDVGnjQ4AkNoJfnaBed6stWNVYy8rq
2026-07-31T21:04:42.582+06:00  INFO 577218 --- [pangochain-backend] [io-8080-exec-19] c.pangochain.backend.ipfs.IpfsService    : Fetched 780 bytes from primary IPFS CID=QmdMbyBpoGFK1mURYDVGnjQ4AkNoJfnaBed6stWNVYy8rq
2026-07-31T21:04:42.582+06:00  INFO 577218 --- [pangochain-backend] [io-8080-exec-14] c.p.backend.document.DocumentService     : ACL check: Layer1=PASS Layer2=PASS doc=7eb7b50a-21ec-4f40-a48a-98cccaa8f738 user=bench@pangochain.test
2026-07-31T21:04:42.582+06:00  INFO 577218 --- [pangochain-backend] [io-8080-exec-37] c.p.backend.document.DocumentService     : ACL check: Layer1=PASS Layer2=PASS doc=7eb7b50a-21ec-4f40-a48a-98cccaa8f738 user=bench@pangochain.test
2026-07-31T21:04:42.583+06:00  INFO 577218 --- [pangochain-backend] [nio-8080-exec-4] c.pangochain.backend.ipfs.IpfsService    : Fetched 780 bytes from primary IPFS CID=QmdMbyBpoGFK1mURYDVGnjQ4AkNoJfnaBed6stWNVYy8rq
2026-07-31T21:04:42.583+06:00  INFO 577218 --- [pangochain-backend] [io-8080-exec-32] c.pangochain.backend.ipfs.IpfsService    : Fetched 780 bytes from primary IPFS CID=QmdMbyBpoGFK1mURYDVGnjQ4AkNoJfnaBed6stWNVYy8rq
2026-07-31T21:04:42.583+06:00  INFO 577218 --- [pangochain-backend] [io-8080-exec-21] c.p.backend.document.DocumentService     : ACL check: Layer1=PASS Layer2=PASS doc=7eb7b50a-21ec-4f40-a48a-98cccaa8f738 user=bench@pangochain.test
2026-07-31T21:04:42.582+06:00  INFO 577218 --- [pangochain-backend] [io-8080-exec-22] c.p.backend.document.DocumentService     : ACL check: Layer1=PASS Layer2=PASS doc=7eb7b50a-21ec-4f40-a48a-98cccaa8f738 user=bench@pangochain.test
2026-07-31T21:04:42.583+06:00  INFO 577218 --- [pangochain-backend] [io-8080-exec-34] c.p.backend.document.DocumentService     : ACL check: Layer1=PASS Layer2=PASS doc=7eb7b50a-21ec-4f40-a48a-98cccaa8f738 user=bench@pangochain.test
2026-07-31T21:04:42.583+06:00  INFO 577218 --- [pangochain-backend] [nio-8080-exec-2] c.pangochain.backend.ipfs.IpfsService    : Fetched 780 bytes from primary IPFS CID=QmdMbyBpoGFK1mURYDVGnjQ4AkNoJfnaBed6stWNVYy8rq
2026-07-31T21:04:42.584+06:00  INFO 577218 --- [pangochain-backend] [io-8080-exec-47] c.p.backend.document.DocumentService     : ACL check: Layer1=PASS Layer2=PASS doc=7eb7b50a-21ec-4f40-a48a-98cccaa8f738 user=bench@pangochain.test
2026-07-31T21:04:42.585+06:00  INFO 577218 --- [pangochain-backend] [io-8080-exec-10] c.p.backend.document.DocumentService     : ACL check: Layer1=PASS Layer2=PASS doc=7eb7b50a-21ec-4f40-a48a-98cccaa8f738 user=bench@pangochain.test
2026-07-31T21:04:42.585+06:00  INFO 577218 --- [pangochain-backend] [io-8080-exec-37] c.pangochain.backend.ipfs.IpfsService    : Fetched 780 bytes from primary IPFS CID=QmdMbyBpoGFK1mURYDVGnjQ4AkNoJfnaBed6stWNVYy8rq
2026-07-31T21:04:42.587+06:00  INFO 577218 --- [pangochain-backend] [io-8080-exec-14] c.pangochain.backend.ipfs.IpfsService    : Fetched 780 bytes from primary IPFS CID=QmdMbyBpoGFK1mURYDVGnjQ4AkNoJfnaBed6stWNVYy8rq
2026-07-31T21:04:42.588+06:00  INFO 577218 --- [pangochain-backend] [io-8080-exec-21] c.pangochain.backend.ipfs.IpfsService    : Fetched 780 bytes from primary IPFS CID=QmdMbyBpoGFK1mURYDVGnjQ4AkNoJfnaBed6stWNVYy8rq
2026-07-31T21:04:42.588+06:00  INFO 577218 --- [pangochain-backend] [io-8080-exec-20] c.pangochain.backend.ipfs.IpfsService    : Fetched 780 bytes from primary IPFS CID=QmdMbyBpoGFK1mURYDVGnjQ4AkNoJfnaBed6stWNVYy8rq
2026-07-31T21:04:42.588+06:00  INFO 577218 --- [pangochain-backend] [io-8080-exec-12] c.pangochain.backend.ipfs.IpfsService    : Fetched 780 bytes from primary IPFS CID=QmdMbyBpoGFK1mURYDVGnjQ4AkNoJfnaBed6stWNVYy8rq
2026-07-31T21:04:42.589+06:00  INFO 577218 --- [pangochain-backend] [io-8080-exec-34] c.pangochain.backend.ipfs.IpfsService    : Fetched 780 bytes from primary IPFS CID=QmdMbyBpoGFK1mURYDVGnjQ4AkNoJfnaBed6stWNVYy8rq
2026-07-31T21:04:42.589+06:00  INFO 577218 --- [pangochain-backend] [io-8080-exec-22] c.pangochain.backend.ipfs.IpfsService    : Fetched 780 bytes from primary IPFS CID=QmdMbyBpoGFK1mURYDVGnjQ4AkNoJfnaBed6stWNVYy8rq
2026-07-31T21:04:42.589+06:00  INFO 577218 --- [pangochain-backend] [io-8080-exec-47] c.pangochain.backend.ipfs.IpfsService    : Fetched 780 bytes from primary IPFS CID=QmdMbyBpoGFK1mURYDVGnjQ4AkNoJfnaBed6stWNVYy8rq
2026-07-31T21:04:42.590+06:00  INFO 577218 --- [pangochain-backend] [io-8080-exec-10] c.pangochain.backend.ipfs.IpfsService    : Fetched 780 bytes from primary IPFS CID=QmdMbyBpoGFK1mURYDVGnjQ4AkNoJfnaBed6stWNVYy8rq
2026-07-31T21:04:42.595+06:00  INFO 577218 --- [pangochain-backend] [io-8080-exec-40] c.pangochain.backend.ipfs.IpfsService    : Fetched 780 bytes from primary IPFS CID=QmdMbyBpoGFK1mURYDVGnjQ4AkNoJfnaBed6stWNVYy8rq
2026-07-31T21:04:42.595+06:00  INFO 577218 --- [pangochain-backend] [io-8080-exec-41] c.p.backend.document.DocumentService     : ACL check: Layer1=PASS Layer2=PASS doc=7eb7b50a-21ec-4f40-a48a-98cccaa8f738 user=bench@pangochain.test
2026-07-31T21:04:42.595+06:00  INFO 577218 --- [pangochain-backend] [io-8080-exec-43] c.p.backend.document.DocumentService     : ACL check: Layer1=PASS Layer2=PASS doc=7eb7b50a-21ec-4f40-a48a-98cccaa8f738 user=bench@pangochain.test
2026-07-31T21:04:42.596+06:00  INFO 577218 --- [pangochain-backend] [nio-8080-exec-6] c.p.backend.document.DocumentService     : ACL check: Layer1=PASS Layer2=PASS doc=7eb7b50a-21ec-4f40-a48a-98cccaa8f738 user=bench@pangochain.test
2026-07-31T21:04:42.597+06:00  INFO 577218 --- [pangochain-backend] [io-8080-exec-23] c.p.backend.document.DocumentService     : ACL check: Layer1=PASS Layer2=PASS doc=7eb7b50a-21ec-4f40-a48a-98cccaa8f738 user=bench@pangochain.test
2026-07-31T21:04:42.597+06:00  INFO 577218 --- [pangochain-backend] [io-8080-exec-29] c.p.backend.document.DocumentService     : ACL check: Layer1=PASS Layer2=PASS doc=7eb7b50a-21ec-4f40-a48a-98cccaa8f738 user=bench@pangochain.test
2026-07-31T21:04:42.597+06:00  INFO 577218 --- [pangochain-backend] [io-8080-exec-48] c.p.backend.document.DocumentService     : ACL check: Layer1=PASS Layer2=PASS doc=7eb7b50a-21ec-4f40-a48a-98cccaa8f738 user=bench@pangochain.test
2026-07-31T21:04:42.597+06:00  INFO 577218 --- [pangochain-backend] [io-8080-exec-39] c.p.backend.document.DocumentService     : ACL check: Layer1=PASS Layer2=PASS doc=7eb7b50a-21ec-4f40-a48a-98cccaa8f738 user=bench@pangochain.test
2026-07-31T21:04:42.597+06:00  INFO 577218 --- [pangochain-backend] [nio-8080-exec-5] c.p.backend.document.DocumentService     : ACL check: Layer1=PASS Layer2=PASS doc=7eb7b50a-21ec-4f40-a48a-98cccaa8f738 user=bench@pangochain.test
2026-07-31T21:04:42.597+06:00  INFO 577218 --- [pangochain-backend] [nio-8080-exec-9] c.p.backend.document.DocumentService     : ACL check: Layer1=PASS Layer2=PASS doc=7eb7b50a-21ec-4f40-a48a-98cccaa8f738 user=bench@pangochain.test
2026-07-31T21:04:42.599+06:00  INFO 577218 --- [pangochain-backend] [io-8080-exec-43] c.pangochain.backend.ipfs.IpfsService    : Fetched 780 bytes from primary IPFS CID=QmdMbyBpoGFK1mURYDVGnjQ4AkNoJfnaBed6stWNVYy8rq
2026-07-31T21:04:42.600+06:00  INFO 577218 --- [pangochain-backend] [io-8080-exec-13] c.p.backend.document.DocumentService     : ACL check: Layer1=PASS Layer2=PASS doc=7eb7b50a-21ec-4f40-a48a-98cccaa8f738 user=bench@pangochain.test
2026-07-31T21:04:42.597+06:00  INFO 577218 --- [pangochain-backend] [io-8080-exec-38] c.p.backend.document.DocumentService     : ACL check: Layer1=PASS Layer2=PASS doc=7eb7b50a-21ec-4f40-a48a-98cccaa8f738 user=bench@pangochain.test
2026-07-31T21:04:42.597+06:00  INFO 577218 --- [pangochain-backend] [io-8080-exec-44] c.p.backend.document.DocumentService     : ACL check: Layer1=PASS Layer2=PASS doc=7eb7b50a-21ec-4f40-a48a-98cccaa8f738 user=bench@pangochain.test
2026-07-31T21:04:42.600+06:00  INFO 577218 --- [pangochain-backend] [nio-8080-exec-5] c.pangochain.backend.ipfs.IpfsService    : Fetched 780 bytes from primary IPFS CID=QmdMbyBpoGFK1mURYDVGnjQ4AkNoJfnaBed6stWNVYy8rq
2026-07-31T21:04:42.603+06:00  INFO 577218 --- [pangochain-backend] [io-8080-exec-44] c.pangochain.backend.ipfs.IpfsService    : Fetched 780 bytes from primary IPFS CID=QmdMbyBpoGFK1mURYDVGnjQ4AkNoJfnaBed6stWNVYy8rq
2026-07-31T21:04:42.604+06:00  INFO 577218 --- [pangochain-backend] [io-8080-exec-24] c.p.backend.document.DocumentService     : ACL check: Layer1=PASS Layer2=PASS doc=7eb7b50a-21ec-4f40-a48a-98cccaa8f738 user=bench@pangochain.test
2026-07-31T21:04:42.604+06:00  INFO 577218 --- [pangochain-backend] [io-8080-exec-46] c.p.backend.document.DocumentService     : ACL check: Layer1=PASS Layer2=PASS doc=7eb7b50a-21ec-4f40-a48a-98cccaa8f738 user=bench@pangochain.test
2026-07-31T21:04:42.604+06:00  INFO 577218 --- [pangochain-backend] [io-8080-exec-38] c.pangochain.backend.ipfs.IpfsService    : Fetched 780 bytes from primary IPFS CID=QmdMbyBpoGFK1mURYDVGnjQ4AkNoJfnaBed6stWNVYy8rq
2026-07-31T21:04:42.604+06:00  INFO 577218 --- [pangochain-backend] [nio-8080-exec-6] c.pangochain.backend.ipfs.IpfsService    : Fetched 780 bytes from primary IPFS CID=QmdMbyBpoGFK1mURYDVGnjQ4AkNoJfnaBed6stWNVYy8rq
2026-07-31T21:04:42.606+06:00  INFO 577218 --- [pangochain-backend] [io-8080-exec-41] c.pangochain.backend.ipfs.IpfsService    : Fetched 780 bytes from primary IPFS CID=QmdMbyBpoGFK1mURYDVGnjQ4AkNoJfnaBed6stWNVYy8rq
2026-07-31T21:04:42.606+06:00  INFO 577218 --- [pangochain-backend] [io-8080-exec-48] c.pangochain.backend.ipfs.IpfsService    : Fetched 780 bytes from primary IPFS CID=QmdMbyBpoGFK1mURYDVGnjQ4AkNoJfnaBed6stWNVYy8rq
2026-07-31T21:04:42.606+06:00  INFO 577218 --- [pangochain-backend] [io-8080-exec-23] c.pangochain.backend.ipfs.IpfsService    : Fetched 780 bytes from primary IPFS CID=QmdMbyBpoGFK1mURYDVGnjQ4AkNoJfnaBed6stWNVYy8rq
2026-07-31T21:04:42.607+06:00  INFO 577218 --- [pangochain-backend] [io-8080-exec-13] c.pangochain.backend.ipfs.IpfsService    : Fetched 780 bytes from primary IPFS CID=QmdMbyBpoGFK1mURYDVGnjQ4AkNoJfnaBed6stWNVYy8rq
2026-07-31T21:04:42.607+06:00  INFO 577218 --- [pangochain-backend] [io-8080-exec-39] c.pangochain.backend.ipfs.IpfsService    : Fetched 780 bytes from primary IPFS CID=QmdMbyBpoGFK1mURYDVGnjQ4AkNoJfnaBed6stWNVYy8rq
2026-07-31T21:04:42.608+06:00  INFO 577218 --- [pangochain-backend] [io-8080-exec-16] c.p.backend.document.DocumentService     : ACL check: Layer1=PASS Layer2=PASS doc=7eb7b50a-21ec-4f40-a48a-98cccaa8f738 user=bench@pangochain.test
2026-07-31T21:04:42.608+06:00  INFO 577218 --- [pangochain-backend] [io-8080-exec-26] c.p.backend.document.DocumentService     : ACL check: Layer1=PASS Layer2=PASS doc=7eb7b50a-21ec-4f40-a48a-98cccaa8f738 user=bench@pangochain.test
2026-07-31T21:04:42.608+06:00  INFO 577218 --- [pangochain-backend] [nio-8080-exec-1] c.p.backend.document.DocumentService     : ACL check: Layer1=PASS Layer2=PASS doc=7eb7b50a-21ec-4f40-a48a-98cccaa8f738 user=bench@pangochain.test
2026-07-31T21:04:42.608+06:00  INFO 577218 --- [pangochain-backend] [io-8080-exec-18] c.p.backend.document.DocumentService     : ACL check: Layer1=PASS Layer2=PASS doc=7eb7b50a-21ec-4f40-a48a-98cccaa8f738 user=bench@pangochain.test
2026-07-31T21:04:42.608+06:00  INFO 577218 --- [pangochain-backend] [nio-8080-exec-3] c.p.backend.document.DocumentService     : ACL check: Layer1=PASS Layer2=PASS doc=7eb7b50a-21ec-4f40-a48a-98cccaa8f738 user=bench@pangochain.test
2026-07-31T21:04:42.608+06:00  INFO 577218 --- [pangochain-backend] [io-8080-exec-29] c.pangochain.backend.ipfs.IpfsService    : Fetched 780 bytes from primary IPFS CID=QmdMbyBpoGFK1mURYDVGnjQ4AkNoJfnaBed6stWNVYy8rq
2026-07-31T21:04:42.609+06:00  INFO 577218 --- [pangochain-backend] [io-8080-exec-27] c.p.backend.document.DocumentService     : ACL check: Layer1=PASS Layer2=PASS doc=7eb7b50a-21ec-4f40-a48a-98cccaa8f738 user=bench@pangochain.test
2026-07-31T21:04:42.609+06:00  INFO 577218 --- [pangochain-backend] [nio-8080-exec-9] c.pangochain.backend.ipfs.IpfsService    : Fetched 780 bytes from primary IPFS CID=QmdMbyBpoGFK1mURYDVGnjQ4AkNoJfnaBed6stWNVYy8rq
2026-07-31T21:04:42.609+06:00  INFO 577218 --- [pangochain-backend] [io-8080-exec-36] c.p.backend.document.DocumentService     : ACL check: Layer1=PASS Layer2=PASS doc=7eb7b50a-21ec-4f40-a48a-98cccaa8f738 user=bench@pangochain.test
2026-07-31T21:04:42.609+06:00  INFO 577218 --- [pangochain-backend] [io-8080-exec-50] c.p.backend.document.DocumentService     : ACL check: Layer1=PASS Layer2=PASS doc=7eb7b50a-21ec-4f40-a48a-98cccaa8f738 user=bench@pangochain.test
2026-07-31T21:04:42.611+06:00  INFO 577218 --- [pangochain-backend] [nio-8080-exec-1] c.pangochain.backend.ipfs.IpfsService    : Fetched 780 bytes from primary IPFS CID=QmdMbyBpoGFK1mURYDVGnjQ4AkNoJfnaBed6stWNVYy8rq
2026-07-31T21:04:42.614+06:00  INFO 577218 --- [pangochain-backend] [io-8080-exec-36] c.pangochain.backend.ipfs.IpfsService    : Fetched 780 bytes from primary IPFS CID=QmdMbyBpoGFK1mURYDVGnjQ4AkNoJfnaBed6stWNVYy8rq
2026-07-31T21:04:42.614+06:00  INFO 577218 --- [pangochain-backend] [io-8080-exec-16] c.pangochain.backend.ipfs.IpfsService    : Fetched 780 bytes from primary IPFS CID=QmdMbyBpoGFK1mURYDVGnjQ4AkNoJfnaBed6stWNVYy8rq
2026-07-31T21:04:42.614+06:00  INFO 577218 --- [pangochain-backend] [io-8080-exec-26] c.pangochain.backend.ipfs.IpfsService    : Fetched 780 bytes from primary IPFS CID=QmdMbyBpoGFK1mURYDVGnjQ4AkNoJfnaBed6stWNVYy8rq
2026-07-31T21:04:42.615+06:00  INFO 577218 --- [pangochain-backend] [io-8080-exec-46] c.pangochain.backend.ipfs.IpfsService    : Fetched 780 bytes from primary IPFS CID=QmdMbyBpoGFK1mURYDVGnjQ4AkNoJfnaBed6stWNVYy8rq
2026-07-31T21:04:42.615+06:00  INFO 577218 --- [pangochain-backend] [io-8080-exec-24] c.pangochain.backend.ipfs.IpfsService    : Fetched 780 bytes from primary IPFS CID=QmdMbyBpoGFK1mURYDVGnjQ4AkNoJfnaBed6stWNVYy8rq
2026-07-31T21:04:42.615+06:00  INFO 577218 --- [pangochain-backend] [io-8080-exec-45] c.p.backend.document.DocumentService     : ACL check: Layer1=PASS Layer2=PASS doc=7eb7b50a-21ec-4f40-a48a-98cccaa8f738 user=bench@pangochain.test
2026-07-31T21:04:42.616+06:00  INFO 577218 --- [pangochain-backend] [io-8080-exec-27] c.pangochain.backend.ipfs.IpfsService    : Fetched 780 bytes from primary IPFS CID=QmdMbyBpoGFK1mURYDVGnjQ4AkNoJfnaBed6stWNVYy8rq
2026-07-31T21:04:42.616+06:00  INFO 577218 --- [pangochain-backend] [io-8080-exec-30] c.p.backend.document.DocumentService     : ACL check: Layer1=PASS Layer2=PASS doc=7eb7b50a-21ec-4f40-a48a-98cccaa8f738 user=bench@pangochain.test
2026-07-31T21:04:42.616+06:00  INFO 577218 --- [pangochain-backend] [io-8080-exec-14] c.p.backend.document.DocumentService     : ACL check: Layer1=PASS Layer2=PASS doc=7eb7b50a-21ec-4f40-a48a-98cccaa8f738 user=bench@pangochain.test
2026-07-31T21:04:42.616+06:00  INFO 577218 --- [pangochain-backend] [nio-8080-exec-3] c.pangochain.backend.ipfs.IpfsService    : Fetched 780 bytes from primary IPFS CID=QmdMbyBpoGFK1mURYDVGnjQ4AkNoJfnaBed6stWNVYy8rq
2026-07-31T21:04:42.616+06:00  INFO 577218 --- [pangochain-backend] [io-8080-exec-37] c.p.backend.document.DocumentService     : ACL check: Layer1=PASS Layer2=PASS doc=7eb7b50a-21ec-4f40-a48a-98cccaa8f738 user=bench@pangochain.test
2026-07-31T21:04:42.616+06:00  INFO 577218 --- [pangochain-backend] [io-8080-exec-49] c.p.backend.document.DocumentService     : ACL check: Layer1=PASS Layer2=PASS doc=7eb7b50a-21ec-4f40-a48a-98cccaa8f738 user=bench@pangochain.test
2026-07-31T21:04:42.618+06:00  INFO 577218 --- [pangochain-backend] [io-8080-exec-50] c.pangochain.backend.ipfs.IpfsService    : Fetched 780 bytes from primary IPFS CID=QmdMbyBpoGFK1mURYDVGnjQ4AkNoJfnaBed6stWNVYy8rq
2026-07-31T21:04:42.621+06:00  INFO 577218 --- [pangochain-backend] [io-8080-exec-37] c.pangochain.backend.ipfs.IpfsService    : Fetched 780 bytes from primary IPFS CID=QmdMbyBpoGFK1mURYDVGnjQ4AkNoJfnaBed6stWNVYy8rq
2026-07-31T21:04:42.622+06:00  INFO 577218 --- [pangochain-backend] [io-8080-exec-17] c.p.backend.document.DocumentService     : ACL check: Layer1=PASS Layer2=PASS doc=7eb7b50a-21ec-4f40-a48a-98cccaa8f738 user=bench@pangochain.test
2026-07-31T21:04:42.622+06:00  INFO 577218 --- [pangochain-backend] [io-8080-exec-20] c.p.backend.document.DocumentService     : ACL check: Layer1=PASS Layer2=PASS doc=7eb7b50a-21ec-4f40-a48a-98cccaa8f738 user=bench@pangochain.test
2026-07-31T21:04:42.622+06:00  INFO 577218 --- [pangochain-backend] [io-8080-exec-30] c.pangochain.backend.ipfs.IpfsService    : Fetched 780 bytes from primary IPFS CID=QmdMbyBpoGFK1mURYDVGnjQ4AkNoJfnaBed6stWNVYy8rq
2026-07-31T21:04:42.622+06:00  INFO 577218 --- [pangochain-backend] [io-8080-exec-14] c.pangochain.backend.ipfs.IpfsService    : Fetched 780 bytes from primary IPFS CID=QmdMbyBpoGFK1mURYDVGnjQ4AkNoJfnaBed6stWNVYy8rq
2026-07-31T21:04:42.622+06:00  INFO 577218 --- [pangochain-backend] [io-8080-exec-35] c.p.backend.document.DocumentService     : ACL check: Layer1=PASS Layer2=PASS doc=7eb7b50a-21ec-4f40-a48a-98cccaa8f738 user=bench@pangochain.test
2026-07-31T21:04:42.622+06:00  INFO 577218 --- [pangochain-backend] [io-8080-exec-33] c.p.backend.document.DocumentService     : ACL check: Layer1=PASS Layer2=PASS doc=7eb7b50a-21ec-4f40-a48a-98cccaa8f738 user=bench@pangochain.test
2026-07-31T21:04:42.623+06:00  INFO 577218 --- [pangochain-backend] [io-8080-exec-49] c.pangochain.backend.ipfs.IpfsService    : Fetched 780 bytes from primary IPFS CID=QmdMbyBpoGFK1mURYDVGnjQ4AkNoJfnaBed6stWNVYy8rq
2026-07-31T21:04:42.622+06:00  INFO 577218 --- [pangochain-backend] [io-8080-exec-45] c.pangochain.backend.ipfs.IpfsService    : Fetched 780 bytes from primary IPFS CID=QmdMbyBpoGFK1mURYDVGnjQ4AkNoJfnaBed6stWNVYy8rq
2026-07-31T21:04:42.624+06:00  INFO 577218 --- [pangochain-backend] [io-8080-exec-40] c.p.backend.document.DocumentService     : ACL check: Layer1=PASS Layer2=PASS doc=7eb7b50a-21ec-4f40-a48a-98cccaa8f738 user=bench@pangochain.test
2026-07-31T21:04:42.626+06:00  INFO 577218 --- [pangochain-backend] [io-8080-exec-32] c.p.backend.document.DocumentService     : ACL check: Layer1=PASS Layer2=PASS doc=7eb7b50a-21ec-4f40-a48a-98cccaa8f738 user=bench@pangochain.test
2026-07-31T21:04:42.627+06:00  INFO 577218 --- [pangochain-backend] [io-8080-exec-18] c.pangochain.backend.ipfs.IpfsService    : Fetched 780 bytes from primary IPFS CID=QmdMbyBpoGFK1mURYDVGnjQ4AkNoJfnaBed6stWNVYy8rq
2026-07-31T21:04:42.628+06:00  INFO 577218 --- [pangochain-backend] [io-8080-exec-17] c.pangochain.backend.ipfs.IpfsService    : Fetched 780 bytes from primary IPFS CID=QmdMbyBpoGFK1mURYDVGnjQ4AkNoJfnaBed6stWNVYy8rq
2026-07-31T21:04:42.631+06:00  INFO 577218 --- [pangochain-backend] [io-8080-exec-20] c.pangochain.backend.ipfs.IpfsService    : Fetched 780 bytes from primary IPFS CID=QmdMbyBpoGFK1mURYDVGnjQ4AkNoJfnaBed6stWNVYy8rq
2026-07-31T21:04:42.632+06:00  INFO 577218 --- [pangochain-backend] [io-8080-exec-33] c.pangochain.backend.ipfs.IpfsService    : Fetched 780 bytes from primary IPFS CID=QmdMbyBpoGFK1mURYDVGnjQ4AkNoJfnaBed6stWNVYy8rq
2026-07-31T21:04:42.632+06:00  INFO 577218 --- [pangochain-backend] [io-8080-exec-22] c.p.backend.document.DocumentService     : ACL check: Layer1=PASS Layer2=PASS doc=7eb7b50a-21ec-4f40-a48a-98cccaa8f738 user=bench@pangochain.test
2026-07-31T21:04:42.632+06:00  INFO 577218 --- [pangochain-backend] [io-8080-exec-19] c.p.backend.document.DocumentService     : ACL check: Layer1=PASS Layer2=PASS doc=7eb7b50a-21ec-4f40-a48a-98cccaa8f738 user=bench@pangochain.test
2026-07-31T21:04:42.632+06:00  INFO 577218 --- [pangochain-backend] [io-8080-exec-51] c.p.backend.document.DocumentService     : ACL check: Layer1=PASS Layer2=PASS doc=7eb7b50a-21ec-4f40-a48a-98cccaa8f738 user=bench@pangochain.test
2026-07-31T21:04:42.633+06:00  INFO 577218 --- [pangochain-backend] [nio-8080-exec-8] c.p.backend.document.DocumentService     : ACL check: Layer1=PASS Layer2=PASS doc=7eb7b50a-21ec-4f40-a48a-98cccaa8f738 user=bench@pangochain.test
2026-07-31T21:04:42.633+06:00  INFO 577218 --- [pangochain-backend] [nio-8080-exec-5] c.p.backend.document.DocumentService     : ACL check: Layer1=PASS Layer2=PASS doc=7eb7b50a-21ec-4f40-a48a-98cccaa8f738 user=bench@pangochain.test
2026-07-31T21:04:42.633+06:00  INFO 577218 --- [pangochain-backend] [nio-8080-exec-7] c.p.backend.document.DocumentService     : ACL check: Layer1=PASS Layer2=PASS doc=7eb7b50a-21ec-4f40-a48a-98cccaa8f738 user=bench@pangochain.test
2026-07-31T21:04:42.633+06:00  INFO 577218 --- [pangochain-backend] [nio-8080-exec-4] c.p.backend.document.DocumentService     : ACL check: Layer1=PASS Layer2=PASS doc=7eb7b50a-21ec-4f40-a48a-98cccaa8f738 user=bench@pangochain.test
2026-07-31T21:04:42.633+06:00  INFO 577218 --- [pangochain-backend] [io-8080-exec-21] c.p.backend.document.DocumentService     : ACL check: Layer1=PASS Layer2=PASS doc=7eb7b50a-21ec-4f40-a48a-98cccaa8f738 user=bench@pangochain.test
2026-07-31T21:04:42.634+06:00  INFO 577218 --- [pangochain-backend] [io-8080-exec-35] c.pangochain.backend.ipfs.IpfsService    : Fetched 780 bytes from primary IPFS CID=QmdMbyBpoGFK1mURYDVGnjQ4AkNoJfnaBed6stWNVYy8rq
2026-07-31T21:04:42.636+06:00  INFO 577218 --- [pangochain-backend] [io-8080-exec-19] c.pangochain.backend.ipfs.IpfsService    : Fetched 780 bytes from primary IPFS CID=QmdMbyBpoGFK1mURYDVGnjQ4AkNoJfnaBed6stWNVYy8rq
2026-07-31T21:04:42.637+06:00  INFO 577218 --- [pangochain-backend] [io-8080-exec-11] c.p.backend.document.DocumentService     : ACL check: Layer1=PASS Layer2=PASS doc=7eb7b50a-21ec-4f40-a48a-98cccaa8f738 user=bench@pangochain.test
2026-07-31T21:04:42.637+06:00  INFO 577218 --- [pangochain-backend] [io-8080-exec-32] c.pangochain.backend.ipfs.IpfsService    : Fetched 780 bytes from primary IPFS CID=QmdMbyBpoGFK1mURYDVGnjQ4AkNoJfnaBed6stWNVYy8rq
2026-07-31T21:04:42.637+06:00  INFO 577218 --- [pangochain-backend] [io-8080-exec-31] c.p.backend.document.DocumentService     : ACL check: Layer1=PASS Layer2=PASS doc=7eb7b50a-21ec-4f40-a48a-98cccaa8f738 user=bench@pangochain.test
2026-07-31T21:04:42.638+06:00  INFO 577218 --- [pangochain-backend] [io-8080-exec-44] c.p.backend.document.DocumentService     : ACL check: Layer1=PASS Layer2=PASS doc=7eb7b50a-21ec-4f40-a48a-98cccaa8f738 user=bench@pangochain.test
2026-07-31T21:04:42.638+06:00  INFO 577218 --- [pangochain-backend] [io-8080-exec-43] c.p.backend.document.DocumentService     : ACL check: Layer1=PASS Layer2=PASS doc=7eb7b50a-21ec-4f40-a48a-98cccaa8f738 user=bench@pangochain.test
2026-07-31T21:04:42.638+06:00  INFO 577218 --- [pangochain-backend] [io-8080-exec-40] c.pangochain.backend.ipfs.IpfsService    : Fetched 780 bytes from primary IPFS CID=QmdMbyBpoGFK1mURYDVGnjQ4AkNoJfnaBed6stWNVYy8rq
2026-07-31T21:04:42.639+06:00  INFO 577218 --- [pangochain-backend] [nio-8080-exec-5] c.pangochain.backend.ipfs.IpfsService    : Fetched 780 bytes from primary IPFS CID=QmdMbyBpoGFK1mURYDVGnjQ4AkNoJfnaBed6stWNVYy8rq
2026-07-31T21:04:42.639+06:00  INFO 577218 --- [pangochain-backend] [io-8080-exec-28] c.p.backend.document.DocumentService     : ACL check: Layer1=PASS Layer2=PASS doc=7eb7b50a-21ec-4f40-a48a-98cccaa8f738 user=bench@pangochain.test
2026-07-31T21:04:42.640+06:00  INFO 577218 --- [pangochain-backend] [io-8080-exec-47] c.p.backend.document.DocumentService     : ACL check: Layer1=PASS Layer2=PASS doc=7eb7b50a-21ec-4f40-a48a-98cccaa8f738 user=bench@pangochain.test
2026-07-31T21:04:42.641+06:00  INFO 577218 --- [pangochain-backend] [io-8080-exec-42] c.p.backend.document.DocumentService     : ACL check: Layer1=PASS Layer2=PASS doc=7eb7b50a-21ec-4f40-a48a-98cccaa8f738 user=bench@pangochain.test
2026-07-31T21:04:42.641+06:00  INFO 577218 --- [pangochain-backend] [nio-8080-exec-6] c.p.backend.document.DocumentService     : ACL check: Layer1=PASS Layer2=PASS doc=7eb7b50a-21ec-4f40-a48a-98cccaa8f738 user=bench@pangochain.test
2026-07-31T21:04:42.641+06:00  INFO 577218 --- [pangochain-backend] [io-8080-exec-12] c.p.backend.document.DocumentService     : ACL check: Layer1=PASS Layer2=PASS doc=7eb7b50a-21ec-4f40-a48a-98cccaa8f738 user=bench@pangochain.test
2026-07-31T21:04:42.642+06:00  INFO 577218 --- [pangochain-backend] [io-8080-exec-43] c.pangochain.backend.ipfs.IpfsService    : Fetched 780 bytes from primary IPFS CID=QmdMbyBpoGFK1mURYDVGnjQ4AkNoJfnaBed6stWNVYy8rq
2026-07-31T21:04:42.642+06:00  INFO 577218 --- [pangochain-backend] [nio-8080-exec-8] c.pangochain.backend.ipfs.IpfsService    : Fetched 780 bytes from primary IPFS CID=QmdMbyBpoGFK1mURYDVGnjQ4AkNoJfnaBed6stWNVYy8rq
2026-07-31T21:04:42.643+06:00  INFO 577218 --- [pangochain-backend] [nio-8080-exec-4] c.pangochain.backend.ipfs.IpfsService    : Fetched 780 bytes from primary IPFS CID=QmdMbyBpoGFK1mURYDVGnjQ4AkNoJfnaBed6stWNVYy8rq
2026-07-31T21:04:42.644+06:00  INFO 577218 --- [pangochain-backend] [io-8080-exec-21] c.pangochain.backend.ipfs.IpfsService    : Fetched 780 bytes from primary IPFS CID=QmdMbyBpoGFK1mURYDVGnjQ4AkNoJfnaBed6stWNVYy8rq
2026-07-31T21:04:42.644+06:00  INFO 577218 --- [pangochain-backend] [nio-8080-exec-7] c.pangochain.backend.ipfs.IpfsService    : Fetched 780 bytes from primary IPFS CID=QmdMbyBpoGFK1mURYDVGnjQ4AkNoJfnaBed6stWNVYy8rq
2026-07-31T21:04:42.644+06:00  INFO 577218 --- [pangochain-backend] [io-8080-exec-11] c.pangochain.backend.ipfs.IpfsService    : Fetched 780 bytes from primary IPFS CID=QmdMbyBpoGFK1mURYDVGnjQ4AkNoJfnaBed6stWNVYy8rq
2026-07-31T21:04:42.645+06:00  INFO 577218 --- [pangochain-backend] [io-8080-exec-51] c.pangochain.backend.ipfs.IpfsService    : Fetched 780 bytes from primary IPFS CID=QmdMbyBpoGFK1mURYDVGnjQ4AkNoJfnaBed6stWNVYy8rq
2026-07-31T21:04:42.645+06:00  INFO 577218 --- [pangochain-backend] [io-8080-exec-31] c.pangochain.backend.ipfs.IpfsService    : Fetched 780 bytes from primary IPFS CID=QmdMbyBpoGFK1mURYDVGnjQ4AkNoJfnaBed6stWNVYy8rq
2026-07-31T21:04:42.647+06:00  INFO 577218 --- [pangochain-backend] [io-8080-exec-28] c.pangochain.backend.ipfs.IpfsService    : Fetched 780 bytes from primary IPFS CID=QmdMbyBpoGFK1mURYDVGnjQ4AkNoJfnaBed6stWNVYy8rq
2026-07-31T21:04:42.648+06:00  INFO 577218 --- [pangochain-backend] [nio-8080-exec-6] c.pangochain.backend.ipfs.IpfsService    : Fetched 780 bytes from primary IPFS CID=QmdMbyBpoGFK1mURYDVGnjQ4AkNoJfnaBed6stWNVYy8rq
2026-07-31T21:04:42.650+06:00  INFO 577218 --- [pangochain-backend] [io-8080-exec-22] c.pangochain.backend.ipfs.IpfsService    : Fetched 780 bytes from primary IPFS CID=QmdMbyBpoGFK1mURYDVGnjQ4AkNoJfnaBed6stWNVYy8rq
2026-07-31T21:04:42.651+06:00  INFO 577218 --- [pangochain-backend] [io-8080-exec-47] c.pangochain.backend.ipfs.IpfsService    : Fetched 780 bytes from primary IPFS CID=QmdMbyBpoGFK1mURYDVGnjQ4AkNoJfnaBed6stWNVYy8rq
2026-07-31T21:04:42.652+06:00  INFO 577218 --- [pangochain-backend] [io-8080-exec-44] c.pangochain.backend.ipfs.IpfsService    : Fetched 780 bytes from primary IPFS CID=QmdMbyBpoGFK1mURYDVGnjQ4AkNoJfnaBed6stWNVYy8rq
2026-07-31T21:04:42.653+06:00  INFO 577218 --- [pangochain-backend] [io-8080-exec-39] c.p.backend.document.DocumentService     : ACL check: Layer1=PASS Layer2=PASS doc=7eb7b50a-21ec-4f40-a48a-98cccaa8f738 user=bench@pangochain.test
2026-07-31T21:04:42.653+06:00  INFO 577218 --- [pangochain-backend] [io-8080-exec-23] c.p.backend.document.DocumentService     : ACL check: Layer1=PASS Layer2=PASS doc=7eb7b50a-21ec-4f40-a48a-98cccaa8f738 user=bench@pangochain.test
2026-07-31T21:04:42.654+06:00  INFO 577218 --- [pangochain-backend] [io-8080-exec-29] c.p.backend.document.DocumentService     : ACL check: Layer1=PASS Layer2=PASS doc=7eb7b50a-21ec-4f40-a48a-98cccaa8f738 user=bench@pangochain.test
2026-07-31T21:04:42.655+06:00  INFO 577218 --- [pangochain-backend] [io-8080-exec-12] c.pangochain.backend.ipfs.IpfsService    : Fetched 780 bytes from primary IPFS CID=QmdMbyBpoGFK1mURYDVGnjQ4AkNoJfnaBed6stWNVYy8rq
2026-07-31T21:04:42.655+06:00  INFO 577218 --- [pangochain-backend] [io-8080-exec-10] c.p.backend.document.DocumentService     : ACL check: Layer1=PASS Layer2=PASS doc=7eb7b50a-21ec-4f40-a48a-98cccaa8f738 user=bench@pangochain.test
2026-07-31T21:04:42.655+06:00  INFO 577218 --- [pangochain-backend] [nio-8080-exec-3] c.p.backend.document.DocumentService     : ACL check: Layer1=PASS Layer2=PASS doc=7eb7b50a-21ec-4f40-a48a-98cccaa8f738 user=bench@pangochain.test
2026-07-31T21:04:42.655+06:00  INFO 577218 --- [pangochain-backend] [io-8080-exec-41] c.p.backend.document.DocumentService     : ACL check: Layer1=PASS Layer2=PASS doc=7eb7b50a-21ec-4f40-a48a-98cccaa8f738 user=bench@pangochain.test
2026-07-31T21:04:42.655+06:00  INFO 577218 --- [pangochain-backend] [io-8080-exec-15] c.p.backend.document.DocumentService     : ACL check: Layer1=PASS Layer2=PASS doc=7eb7b50a-21ec-4f40-a48a-98cccaa8f738 user=bench@pangochain.test
2026-07-31T21:04:42.656+06:00  INFO 577218 --- [pangochain-backend] [nio-8080-exec-2] c.p.backend.document.DocumentService     : ACL check: Layer1=PASS Layer2=PASS doc=7eb7b50a-21ec-4f40-a48a-98cccaa8f738 user=bench@pangochain.test
2026-07-31T21:04:42.656+06:00  INFO 577218 --- [pangochain-backend] [io-8080-exec-42] c.pangochain.backend.ipfs.IpfsService    : Fetched 780 bytes from primary IPFS CID=QmdMbyBpoGFK1mURYDVGnjQ4AkNoJfnaBed6stWNVYy8rq
2026-07-31T21:04:42.656+06:00  INFO 577218 --- [pangochain-backend] [io-8080-exec-37] c.p.backend.document.DocumentService     : ACL check: Layer1=PASS Layer2=PASS doc=7eb7b50a-21ec-4f40-a48a-98cccaa8f738 user=bench@pangochain.test
2026-07-31T21:04:42.656+06:00  INFO 577218 --- [pangochain-backend] [io-8080-exec-34] c.p.backend.document.DocumentService     : ACL check: Layer1=PASS Layer2=PASS doc=7eb7b50a-21ec-4f40-a48a-98cccaa8f738 user=bench@pangochain.test
2026-07-31T21:04:42.656+06:00  INFO 577218 --- [pangochain-backend] [io-8080-exec-23] c.pangochain.backend.ipfs.IpfsService    : Fetched 780 bytes from primary IPFS CID=QmdMbyBpoGFK1mURYDVGnjQ4AkNoJfnaBed6stWNVYy8rq
2026-07-31T21:04:42.656+06:00  INFO 577218 --- [pangochain-backend] [io-8080-exec-27] c.p.backend.document.DocumentService     : ACL check: Layer1=PASS Layer2=PASS doc=7eb7b50a-21ec-4f40-a48a-98cccaa8f738 user=bench@pangochain.test
2026-07-31T21:04:42.656+06:00  INFO 577218 --- [pangochain-backend] [nio-8080-exec-9] c.p.backend.document.DocumentService     : ACL check: Layer1=PASS Layer2=PASS doc=7eb7b50a-21ec-4f40-a48a-98cccaa8f738 user=bench@pangochain.test
2026-07-31T21:04:42.656+06:00  INFO 577218 --- [pangochain-backend] [io-8080-exec-39] c.pangochain.backend.ipfs.IpfsService    : Fetched 780 bytes from primary IPFS CID=QmdMbyBpoGFK1mURYDVGnjQ4AkNoJfnaBed6stWNVYy8rq
2026-07-31T21:04:42.657+06:00  INFO 577218 --- [pangochain-backend] [io-8080-exec-50] c.p.backend.document.DocumentService     : ACL check: Layer1=PASS Layer2=PASS doc=7eb7b50a-21ec-4f40-a48a-98cccaa8f738 user=bench@pangochain.test
2026-07-31T21:04:42.657+06:00  INFO 577218 --- [pangochain-backend] [io-8080-exec-25] c.p.backend.document.DocumentService     : ACL check: Layer1=PASS Layer2=PASS doc=7eb7b50a-21ec-4f40-a48a-98cccaa8f738 user=bench@pangochain.test
2026-07-31T21:04:42.658+06:00  INFO 577218 --- [pangochain-backend] [io-8080-exec-36] c.p.backend.document.DocumentService     : ACL check: Layer1=PASS Layer2=PASS doc=7eb7b50a-21ec-4f40-a48a-98cccaa8f738 user=bench@pangochain.test
2026-07-31T21:04:42.659+06:00  INFO 577218 --- [pangochain-backend] [nio-8080-exec-3] c.pangochain.backend.ipfs.IpfsService    : Fetched 780 bytes from primary IPFS CID=QmdMbyBpoGFK1mURYDVGnjQ4AkNoJfnaBed6stWNVYy8rq
2026-07-31T21:04:42.659+06:00  INFO 577218 --- [pangochain-backend] [io-8080-exec-10] c.pangochain.backend.ipfs.IpfsService    : Fetched 780 bytes from primary IPFS CID=QmdMbyBpoGFK1mURYDVGnjQ4AkNoJfnaBed6stWNVYy8rq
2026-07-31T21:04:42.660+06:00  INFO 577218 --- [pangochain-backend] [io-8080-exec-41] c.pangochain.backend.ipfs.IpfsService    : Fetched 780 bytes from primary IPFS CID=QmdMbyBpoGFK1mURYDVGnjQ4AkNoJfnaBed6stWNVYy8rq
2026-07-31T21:04:42.660+06:00  INFO 577218 --- [pangochain-backend] [io-8080-exec-37] c.pangochain.backend.ipfs.IpfsService    : Fetched 780 bytes from primary IPFS CID=QmdMbyBpoGFK1mURYDVGnjQ4AkNoJfnaBed6stWNVYy8rq
2026-07-31T21:04:42.661+06:00  INFO 577218 --- [pangochain-backend] [io-8080-exec-36] c.pangochain.backend.ipfs.IpfsService    : Fetched 780 bytes from primary IPFS CID=QmdMbyBpoGFK1mURYDVGnjQ4AkNoJfnaBed6stWNVYy8rq
2026-07-31T21:04:42.661+06:00  INFO 577218 --- [pangochain-backend] [io-8080-exec-29] c.pangochain.backend.ipfs.IpfsService    : Fetched 780 bytes from primary IPFS CID=QmdMbyBpoGFK1mURYDVGnjQ4AkNoJfnaBed6stWNVYy8rq
2026-07-31T21:04:42.662+06:00  INFO 577218 --- [pangochain-backend] [io-8080-exec-34] c.pangochain.backend.ipfs.IpfsService    : Fetched 780 bytes from primary IPFS CID=QmdMbyBpoGFK1mURYDVGnjQ4AkNoJfnaBed6stWNVYy8rq
2026-07-31T21:04:42.662+06:00  INFO 577218 --- [pangochain-backend] [io-8080-exec-25] c.pangochain.backend.ipfs.IpfsService    : Fetched 780 bytes from primary IPFS CID=QmdMbyBpoGFK1mURYDVGnjQ4AkNoJfnaBed6stWNVYy8rq
2026-07-31T21:04:42.662+06:00  INFO 577218 --- [pangochain-backend] [io-8080-exec-15] c.pangochain.backend.ipfs.IpfsService    : Fetched 780 bytes from primary IPFS CID=QmdMbyBpoGFK1mURYDVGnjQ4AkNoJfnaBed6stWNVYy8rq
2026-07-31T21:04:42.664+06:00  INFO 577218 --- [pangochain-backend] [nio-8080-exec-2] c.pangochain.backend.ipfs.IpfsService    : Fetched 780 bytes from primary IPFS CID=QmdMbyBpoGFK1mURYDVGnjQ4AkNoJfnaBed6stWNVYy8rq
2026-07-31T21:04:42.664+06:00  INFO 577218 --- [pangochain-backend] [io-8080-exec-50] c.pangochain.backend.ipfs.IpfsService    : Fetched 780 bytes from primary IPFS CID=QmdMbyBpoGFK1mURYDVGnjQ4AkNoJfnaBed6stWNVYy8rq
2026-07-31T21:04:42.664+06:00  INFO 577218 --- [pangochain-backend] [io-8080-exec-27] c.pangochain.backend.ipfs.IpfsService    : Fetched 780 bytes from primary IPFS CID=QmdMbyBpoGFK1mURYDVGnjQ4AkNoJfnaBed6stWNVYy8rq
2026-07-31T21:04:42.666+06:00  INFO 577218 --- [pangochain-backend] [nio-8080-exec-9] c.pangochain.backend.ipfs.IpfsService    : Fetched 780 bytes from primary IPFS CID=QmdMbyBpoGFK1mURYDVGnjQ4AkNoJfnaBed6stWNVYy8rq
2026-07-31T21:04:42.667+06:00  INFO 577218 --- [pangochain-backend] [io-8080-exec-38] c.p.backend.document.DocumentService     : ACL check: Layer1=PASS Layer2=PASS doc=7eb7b50a-21ec-4f40-a48a-98cccaa8f738 user=bench@pangochain.test
2026-07-31T21:04:42.670+06:00  INFO 577218 --- [pangochain-backend] [io-8080-exec-26] c.p.backend.document.DocumentService     : ACL check: Layer1=PASS Layer2=PASS doc=7eb7b50a-21ec-4f40-a48a-98cccaa8f738 user=bench@pangochain.test
2026-07-31T21:04:42.671+06:00  INFO 577218 --- [pangochain-backend] [io-8080-exec-16] c.p.backend.document.DocumentService     : ACL check: Layer1=PASS Layer2=PASS doc=7eb7b50a-21ec-4f40-a48a-98cccaa8f738 user=bench@pangochain.test
2026-07-31T21:04:42.671+06:00  INFO 577218 --- [pangochain-backend] [io-8080-exec-46] c.p.backend.document.DocumentService     : ACL check: Layer1=PASS Layer2=PASS doc=7eb7b50a-21ec-4f40-a48a-98cccaa8f738 user=bench@pangochain.test
2026-07-31T21:04:42.671+06:00  INFO 577218 --- [pangochain-backend] [io-8080-exec-24] c.p.backend.document.DocumentService     : ACL check: Layer1=PASS Layer2=PASS doc=7eb7b50a-21ec-4f40-a48a-98cccaa8f738 user=bench@pangochain.test
2026-07-31T21:04:42.671+06:00  INFO 577218 --- [pangochain-backend] [io-8080-exec-14] c.p.backend.document.DocumentService     : ACL check: Layer1=PASS Layer2=PASS doc=7eb7b50a-21ec-4f40-a48a-98cccaa8f738 user=bench@pangochain.test
2026-07-31T21:04:42.671+06:00  INFO 577218 --- [pangochain-backend] [io-8080-exec-30] c.p.backend.document.DocumentService     : ACL check: Layer1=PASS Layer2=PASS doc=7eb7b50a-21ec-4f40-a48a-98cccaa8f738 user=bench@pangochain.test
2026-07-31T21:04:42.671+06:00  INFO 577218 --- [pangochain-backend] [io-8080-exec-18] c.p.backend.document.DocumentService     : ACL check: Layer1=PASS Layer2=PASS doc=7eb7b50a-21ec-4f40-a48a-98cccaa8f738 user=bench@pangochain.test
2026-07-31T21:04:42.671+06:00  INFO 577218 --- [pangochain-backend] [io-8080-exec-13] c.p.backend.document.DocumentService     : ACL check: Layer1=PASS Layer2=PASS doc=7eb7b50a-21ec-4f40-a48a-98cccaa8f738 user=bench@pangochain.test
2026-07-31T21:04:42.671+06:00  INFO 577218 --- [pangochain-backend] [io-8080-exec-38] c.pangochain.backend.ipfs.IpfsService    : Fetched 780 bytes from primary IPFS CID=QmdMbyBpoGFK1mURYDVGnjQ4AkNoJfnaBed6stWNVYy8rq
2026-07-31T21:04:42.671+06:00  INFO 577218 --- [pangochain-backend] [io-8080-exec-19] c.p.backend.document.DocumentService     : ACL check: Layer1=PASS Layer2=PASS doc=7eb7b50a-21ec-4f40-a48a-98cccaa8f738 user=bench@pangochain.test
2026-07-31T21:04:42.672+06:00  INFO 577218 --- [pangochain-backend] [io-8080-exec-20] c.p.backend.document.DocumentService     : ACL check: Layer1=PASS Layer2=PASS doc=7eb7b50a-21ec-4f40-a48a-98cccaa8f738 user=bench@pangochain.test
2026-07-31T21:04:42.673+06:00  INFO 577218 --- [pangochain-backend] [io-8080-exec-13] c.pangochain.backend.ipfs.IpfsService    : Fetched 780 bytes from primary IPFS CID=QmdMbyBpoGFK1mURYDVGnjQ4AkNoJfnaBed6stWNVYy8rq
2026-07-31T21:04:42.673+06:00  INFO 577218 --- [pangochain-backend] [io-8080-exec-24] c.pangochain.backend.ipfs.IpfsService    : Fetched 780 bytes from primary IPFS CID=QmdMbyBpoGFK1mURYDVGnjQ4AkNoJfnaBed6stWNVYy8rq
2026-07-31T21:04:42.676+06:00  INFO 577218 --- [pangochain-backend] [io-8080-exec-16] c.pangochain.backend.ipfs.IpfsService    : Fetched 780 bytes from primary IPFS CID=QmdMbyBpoGFK1mURYDVGnjQ4AkNoJfnaBed6stWNVYy8rq
2026-07-31T21:04:42.676+06:00  INFO 577218 --- [pangochain-backend] [io-8080-exec-19] c.pangochain.backend.ipfs.IpfsService    : Fetched 780 bytes from primary IPFS CID=QmdMbyBpoGFK1mURYDVGnjQ4AkNoJfnaBed6stWNVYy8rq
2026-07-31T21:04:42.675+06:00  INFO 577218 --- [pangochain-backend] [io-8080-exec-35] c.p.backend.document.DocumentService     : ACL check: Layer1=PASS Layer2=PASS doc=7eb7b50a-21ec-4f40-a48a-98cccaa8f738 user=bench@pangochain.test
2026-07-31T21:04:42.676+06:00  INFO 577218 --- [pangochain-backend] [io-8080-exec-46] c.pangochain.backend.ipfs.IpfsService    : Fetched 780 bytes from primary IPFS CID=QmdMbyBpoGFK1mURYDVGnjQ4AkNoJfnaBed6stWNVYy8rq
2026-07-31T21:04:42.676+06:00  INFO 577218 --- [pangochain-backend] [io-8080-exec-26] c.pangochain.backend.ipfs.IpfsService    : Fetched 780 bytes from primary IPFS CID=QmdMbyBpoGFK1mURYDVGnjQ4AkNoJfnaBed6stWNVYy8rq
2026-07-31T21:04:42.678+06:00  INFO 577218 --- [pangochain-backend] [io-8080-exec-20] c.pangochain.backend.ipfs.IpfsService    : Fetched 780 bytes from primary IPFS CID=QmdMbyBpoGFK1mURYDVGnjQ4AkNoJfnaBed6stWNVYy8rq
2026-07-31T21:04:42.679+06:00  INFO 577218 --- [pangochain-backend] [io-8080-exec-40] c.p.backend.document.DocumentService     : ACL check: Layer1=PASS Layer2=PASS doc=7eb7b50a-21ec-4f40-a48a-98cccaa8f738 user=bench@pangochain.test
2026-07-31T21:04:42.679+06:00  INFO 577218 --- [pangochain-backend] [io-8080-exec-30] c.pangochain.backend.ipfs.IpfsService    : Fetched 780 bytes from primary IPFS CID=QmdMbyBpoGFK1mURYDVGnjQ4AkNoJfnaBed6stWNVYy8rq
2026-07-31T21:04:42.679+06:00  INFO 577218 --- [pangochain-backend] [io-8080-exec-35] c.pangochain.backend.ipfs.IpfsService    : Fetched 780 bytes from primary IPFS CID=QmdMbyBpoGFK1mURYDVGnjQ4AkNoJfnaBed6stWNVYy8rq
2026-07-31T21:04:42.676+06:00  INFO 577218 --- [pangochain-backend] [nio-8080-exec-1] c.p.backend.document.DocumentService     : ACL check: Layer1=PASS Layer2=PASS doc=7eb7b50a-21ec-4f40-a48a-98cccaa8f738 user=bench@pangochain.test
2026-07-31T21:04:42.677+06:00  INFO 577218 --- [pangochain-backend] [io-8080-exec-18] c.pangochain.backend.ipfs.IpfsService    : Fetched 780 bytes from primary IPFS CID=QmdMbyBpoGFK1mURYDVGnjQ4AkNoJfnaBed6stWNVYy8rq
2026-07-31T21:04:42.677+06:00  INFO 577218 --- [pangochain-backend] [io-8080-exec-14] c.pangochain.backend.ipfs.IpfsService    : Fetched 780 bytes from primary IPFS CID=QmdMbyBpoGFK1mURYDVGnjQ4AkNoJfnaBed6stWNVYy8rq
2026-07-31T21:04:42.679+06:00  INFO 577218 --- [pangochain-backend] [nio-8080-exec-7] c.p.backend.document.DocumentService     : ACL check: Layer1=PASS Layer2=PASS doc=7eb7b50a-21ec-4f40-a48a-98cccaa8f738 user=bench@pangochain.test
2026-07-31T21:04:42.682+06:00  INFO 577218 --- [pangochain-backend] [io-8080-exec-40] c.pangochain.backend.ipfs.IpfsService    : Fetched 780 bytes from primary IPFS CID=QmdMbyBpoGFK1mURYDVGnjQ4AkNoJfnaBed6stWNVYy8rq
2026-07-31T21:04:42.684+06:00  INFO 577218 --- [pangochain-backend] [nio-8080-exec-7] c.pangochain.backend.ipfs.IpfsService    : Fetched 780 bytes from primary IPFS CID=QmdMbyBpoGFK1mURYDVGnjQ4AkNoJfnaBed6stWNVYy8rq
2026-07-31T21:04:42.685+06:00  INFO 577218 --- [pangochain-backend] [nio-8080-exec-1] c.pangochain.backend.ipfs.IpfsService    : Fetched 780 bytes from primary IPFS CID=QmdMbyBpoGFK1mURYDVGnjQ4AkNoJfnaBed6stWNVYy8rq
2026-07-31T21:04:42.685+06:00  INFO 577218 --- [pangochain-backend] [io-8080-exec-43] c.p.backend.document.DocumentService     : ACL check: Layer1=PASS Layer2=PASS doc=7eb7b50a-21ec-4f40-a48a-98cccaa8f738 user=bench@pangochain.test
2026-07-31T21:04:42.685+06:00  INFO 577218 --- [pangochain-backend] [io-8080-exec-11] c.p.backend.document.DocumentService     : ACL check: Layer1=PASS Layer2=PASS doc=7eb7b50a-21ec-4f40-a48a-98cccaa8f738 user=bench@pangochain.test
2026-07-31T21:04:42.685+06:00  INFO 577218 --- [pangochain-backend] [io-8080-exec-31] c.p.backend.document.DocumentService     : ACL check: Layer1=PASS Layer2=PASS doc=7eb7b50a-21ec-4f40-a48a-98cccaa8f738 user=bench@pangochain.test
2026-07-31T21:04:42.686+06:00  INFO 577218 --- [pangochain-backend] [io-8080-exec-28] c.p.backend.document.DocumentService     : ACL check: Layer1=PASS Layer2=PASS doc=7eb7b50a-21ec-4f40-a48a-98cccaa8f738 user=bench@pangochain.test
2026-07-31T21:04:42.686+06:00  INFO 577218 --- [pangochain-backend] [nio-8080-exec-8] c.p.backend.document.DocumentService     : ACL check: Layer1=PASS Layer2=PASS doc=7eb7b50a-21ec-4f40-a48a-98cccaa8f738 user=bench@pangochain.test
2026-07-31T21:04:42.686+06:00  INFO 577218 --- [pangochain-backend] [io-8080-exec-21] c.p.backend.document.DocumentService     : ACL check: Layer1=PASS Layer2=PASS doc=7eb7b50a-21ec-4f40-a48a-98cccaa8f738 user=bench@pangochain.test
2026-07-31T21:04:42.687+06:00  INFO 577218 --- [pangochain-backend] [io-8080-exec-45] c.p.backend.document.DocumentService     : ACL check: Layer1=PASS Layer2=PASS doc=7eb7b50a-21ec-4f40-a48a-98cccaa8f738 user=bench@pangochain.test
2026-07-31T21:04:42.688+06:00  INFO 577218 --- [pangochain-backend] [io-8080-exec-48] c.p.backend.document.DocumentService     : ACL check: Layer1=PASS Layer2=PASS doc=7eb7b50a-21ec-4f40-a48a-98cccaa8f738 user=bench@pangochain.test
2026-07-31T21:04:42.688+06:00  INFO 577218 --- [pangochain-backend] [io-8080-exec-49] c.p.backend.document.DocumentService     : ACL check: Layer1=PASS Layer2=PASS doc=7eb7b50a-21ec-4f40-a48a-98cccaa8f738 user=bench@pangochain.test
2026-07-31T21:04:42.688+06:00  INFO 577218 --- [pangochain-backend] [io-8080-exec-17] c.p.backend.document.DocumentService     : ACL check: Layer1=PASS Layer2=PASS doc=7eb7b50a-21ec-4f40-a48a-98cccaa8f738 user=bench@pangochain.test
2026-07-31T21:04:42.688+06:00  INFO 577218 --- [pangochain-backend] [io-8080-exec-21] c.pangochain.backend.ipfs.IpfsService    : Fetched 780 bytes from primary IPFS CID=QmdMbyBpoGFK1mURYDVGnjQ4AkNoJfnaBed6stWNVYy8rq
2026-07-31T21:04:42.688+06:00  INFO 577218 --- [pangochain-backend] [io-8080-exec-23] c.p.backend.document.DocumentService     : ACL check: Layer1=PASS Layer2=PASS doc=7eb7b50a-21ec-4f40-a48a-98cccaa8f738 user=bench@pangochain.test
2026-07-31T21:04:42.687+06:00  INFO 577218 --- [pangochain-backend] [io-8080-exec-31] c.pangochain.backend.ipfs.IpfsService    : Fetched 780 bytes from primary IPFS CID=QmdMbyBpoGFK1mURYDVGnjQ4AkNoJfnaBed6stWNVYy8rq
2026-07-31T21:04:42.688+06:00  INFO 577218 --- [pangochain-backend] [io-8080-exec-42] c.p.backend.document.DocumentService     : ACL check: Layer1=PASS Layer2=PASS doc=7eb7b50a-21ec-4f40-a48a-98cccaa8f738 user=bench@pangochain.test
2026-07-31T21:04:42.689+06:00  INFO 577218 --- [pangochain-backend] [io-8080-exec-43] c.pangochain.backend.ipfs.IpfsService    : Fetched 780 bytes from primary IPFS CID=QmdMbyBpoGFK1mURYDVGnjQ4AkNoJfnaBed6stWNVYy8rq
2026-07-31T21:04:42.689+06:00  INFO 577218 --- [pangochain-backend] [io-8080-exec-11] c.pangochain.backend.ipfs.IpfsService    : Fetched 780 bytes from primary IPFS CID=QmdMbyBpoGFK1mURYDVGnjQ4AkNoJfnaBed6stWNVYy8rq
2026-07-31T21:04:42.690+06:00  INFO 577218 --- [pangochain-backend] [nio-8080-exec-8] c.pangochain.backend.ipfs.IpfsService    : Fetched 780 bytes from primary IPFS CID=QmdMbyBpoGFK1mURYDVGnjQ4AkNoJfnaBed6stWNVYy8rq
2026-07-31T21:04:42.690+06:00  INFO 577218 --- [pangochain-backend] [io-8080-exec-28] c.pangochain.backend.ipfs.IpfsService    : Fetched 780 bytes from primary IPFS CID=QmdMbyBpoGFK1mURYDVGnjQ4AkNoJfnaBed6stWNVYy8rq
2026-07-31T21:04:42.690+06:00  INFO 577218 --- [pangochain-backend] [io-8080-exec-45] c.pangochain.backend.ipfs.IpfsService    : Fetched 780 bytes from primary IPFS CID=QmdMbyBpoGFK1mURYDVGnjQ4AkNoJfnaBed6stWNVYy8rq
2026-07-31T21:04:42.691+06:00  INFO 577218 --- [pangochain-backend] [io-8080-exec-23] c.pangochain.backend.ipfs.IpfsService    : Fetched 780 bytes from primary IPFS CID=QmdMbyBpoGFK1mURYDVGnjQ4AkNoJfnaBed6stWNVYy8rq
2026-07-31T21:04:42.691+06:00  INFO 577218 --- [pangochain-backend] [io-8080-exec-49] c.pangochain.backend.ipfs.IpfsService    : Fetched 780 bytes from primary IPFS CID=QmdMbyBpoGFK1mURYDVGnjQ4AkNoJfnaBed6stWNVYy8rq
2026-07-31T21:04:42.692+06:00  INFO 577218 --- [pangochain-backend] [io-8080-exec-10] c.p.backend.document.DocumentService     : ACL check: Layer1=PASS Layer2=PASS doc=7eb7b50a-21ec-4f40-a48a-98cccaa8f738 user=bench@pangochain.test
2026-07-31T21:04:42.692+06:00  INFO 577218 --- [pangochain-backend] [io-8080-exec-42] c.pangochain.backend.ipfs.IpfsService    : Fetched 780 bytes from primary IPFS CID=QmdMbyBpoGFK1mURYDVGnjQ4AkNoJfnaBed6stWNVYy8rq
2026-07-31T21:04:42.693+06:00  INFO 577218 --- [pangochain-backend] [io-8080-exec-12] c.p.backend.document.DocumentService     : ACL check: Layer1=PASS Layer2=PASS doc=7eb7b50a-21ec-4f40-a48a-98cccaa8f738 user=bench@pangochain.test
2026-07-31T21:04:42.693+06:00  INFO 577218 --- [pangochain-backend] [io-8080-exec-17] c.pangochain.backend.ipfs.IpfsService    : Fetched 780 bytes from primary IPFS CID=QmdMbyBpoGFK1mURYDVGnjQ4AkNoJfnaBed6stWNVYy8rq
2026-07-31T21:04:42.695+06:00  INFO 577218 --- [pangochain-backend] [io-8080-exec-32] c.p.backend.document.DocumentService     : ACL check: Layer1=PASS Layer2=PASS doc=7eb7b50a-21ec-4f40-a48a-98cccaa8f738 user=bench@pangochain.test
2026-07-31T21:04:42.696+06:00  INFO 577218 --- [pangochain-backend] [io-8080-exec-33] c.p.backend.document.DocumentService     : ACL check: Layer1=PASS Layer2=PASS doc=7eb7b50a-21ec-4f40-a48a-98cccaa8f738 user=bench@pangochain.test
2026-07-31T21:04:42.697+06:00  INFO 577218 --- [pangochain-backend] [io-8080-exec-12] c.pangochain.backend.ipfs.IpfsService    : Fetched 780 bytes from primary IPFS CID=QmdMbyBpoGFK1mURYDVGnjQ4AkNoJfnaBed6stWNVYy8rq
2026-07-31T21:04:42.697+06:00  INFO 577218 --- [pangochain-backend] [nio-8080-exec-4] c.p.backend.document.DocumentService     : ACL check: Layer1=PASS Layer2=PASS doc=7eb7b50a-21ec-4f40-a48a-98cccaa8f738 user=bench@pangochain.test
2026-07-31T21:04:42.698+06:00  INFO 577218 --- [pangochain-backend] [io-8080-exec-51] c.p.backend.document.DocumentService     : ACL check: Layer1=PASS Layer2=PASS doc=7eb7b50a-21ec-4f40-a48a-98cccaa8f738 user=bench@pangochain.test
2026-07-31T21:04:42.698+06:00  INFO 577218 --- [pangochain-backend] [io-8080-exec-41] c.p.backend.document.DocumentService     : ACL check: Layer1=PASS Layer2=PASS doc=7eb7b50a-21ec-4f40-a48a-98cccaa8f738 user=bench@pangochain.test
2026-07-31T21:04:42.698+06:00  INFO 577218 --- [pangochain-backend] [io-8080-exec-37] c.p.backend.document.DocumentService     : ACL check: Layer1=PASS Layer2=PASS doc=7eb7b50a-21ec-4f40-a48a-98cccaa8f738 user=bench@pangochain.test
2026-07-31T21:04:42.699+06:00  INFO 577218 --- [pangochain-backend] [io-8080-exec-44] c.p.backend.document.DocumentService     : ACL check: Layer1=PASS Layer2=PASS doc=7eb7b50a-21ec-4f40-a48a-98cccaa8f738 user=bench@pangochain.test
2026-07-31T21:04:42.699+06:00  INFO 577218 --- [pangochain-backend] [nio-8080-exec-5] c.p.backend.document.DocumentService     : ACL check: Layer1=PASS Layer2=PASS doc=7eb7b50a-21ec-4f40-a48a-98cccaa8f738 user=bench@pangochain.test
2026-07-31T21:04:42.699+06:00  INFO 577218 --- [pangochain-backend] [io-8080-exec-10] c.pangochain.backend.ipfs.IpfsService    : Fetched 780 bytes from primary IPFS CID=QmdMbyBpoGFK1mURYDVGnjQ4AkNoJfnaBed6stWNVYy8rq
2026-07-31T21:04:42.701+06:00  INFO 577218 --- [pangochain-backend] [io-8080-exec-34] c.p.backend.document.DocumentService     : ACL check: Layer1=PASS Layer2=PASS doc=7eb7b50a-21ec-4f40-a48a-98cccaa8f738 user=bench@pangochain.test
2026-07-31T21:04:42.701+06:00  INFO 577218 --- [pangochain-backend] [nio-8080-exec-3] c.p.backend.document.DocumentService     : ACL check: Layer1=PASS Layer2=PASS doc=7eb7b50a-21ec-4f40-a48a-98cccaa8f738 user=bench@pangochain.test
2026-07-31T21:04:42.702+06:00  INFO 577218 --- [pangochain-backend] [io-8080-exec-35] c.p.backend.document.DocumentService     : ACL check: Layer1=PASS Layer2=PASS doc=7eb7b50a-21ec-4f40-a48a-98cccaa8f738 user=bench@pangochain.test
2026-07-31T21:04:42.702+06:00  INFO 577218 --- [pangochain-backend] [io-8080-exec-38] c.p.backend.document.DocumentService     : ACL check: Layer1=PASS Layer2=PASS doc=7eb7b50a-21ec-4f40-a48a-98cccaa8f738 user=bench@pangochain.test
2026-07-31T21:04:42.703+06:00  INFO 577218 --- [pangochain-backend] [nio-8080-exec-9] c.p.backend.document.DocumentService     : ACL check: Layer1=PASS Layer2=PASS doc=7eb7b50a-21ec-4f40-a48a-98cccaa8f738 user=bench@pangochain.test
2026-07-31T21:04:42.703+06:00  INFO 577218 --- [pangochain-backend] [io-8080-exec-37] c.pangochain.backend.ipfs.IpfsService    : Fetched 780 bytes from primary IPFS CID=QmdMbyBpoGFK1mURYDVGnjQ4AkNoJfnaBed6stWNVYy8rq
2026-07-31T21:04:42.703+06:00  INFO 577218 --- [pangochain-backend] [nio-8080-exec-6] c.p.backend.document.DocumentService     : ACL check: Layer1=PASS Layer2=PASS doc=7eb7b50a-21ec-4f40-a48a-98cccaa8f738 user=bench@pangochain.test
2026-07-31T21:04:42.705+06:00  INFO 577218 --- [pangochain-backend] [io-8080-exec-51] c.pangochain.backend.ipfs.IpfsService    : Fetched 780 bytes from primary IPFS CID=QmdMbyBpoGFK1mURYDVGnjQ4AkNoJfnaBed6stWNVYy8rq
2026-07-31T21:04:42.705+06:00  INFO 577218 --- [pangochain-backend] [io-8080-exec-15] c.p.backend.document.DocumentService     : ACL check: Layer1=PASS Layer2=PASS doc=7eb7b50a-21ec-4f40-a48a-98cccaa8f738 user=bench@pangochain.test
2026-07-31T21:04:42.706+06:00  INFO 577218 --- [pangochain-backend] [io-8080-exec-43] c.p.backend.document.DocumentService     : ACL check: Layer1=PASS Layer2=PASS doc=7eb7b50a-21ec-4f40-a48a-98cccaa8f738 user=bench@pangochain.test
2026-07-31T21:04:42.707+06:00  INFO 577218 --- [pangochain-backend] [nio-8080-exec-5] c.pangochain.backend.ipfs.IpfsService    : Fetched 780 bytes from primary IPFS CID=QmdMbyBpoGFK1mURYDVGnjQ4AkNoJfnaBed6stWNVYy8rq
2026-07-31T21:04:42.709+06:00  INFO 577218 --- [pangochain-backend] [io-8080-exec-41] c.pangochain.backend.ipfs.IpfsService    : Fetched 780 bytes from primary IPFS CID=QmdMbyBpoGFK1mURYDVGnjQ4AkNoJfnaBed6stWNVYy8rq
2026-07-31T21:04:42.709+06:00  INFO 577218 --- [pangochain-backend] [nio-8080-exec-3] c.pangochain.backend.ipfs.IpfsService    : Fetched 780 bytes from primary IPFS CID=QmdMbyBpoGFK1mURYDVGnjQ4AkNoJfnaBed6stWNVYy8rq
2026-07-31T21:04:42.710+06:00  INFO 577218 --- [pangochain-backend] [io-8080-exec-29] c.p.backend.document.DocumentService     : ACL check: Layer1=PASS Layer2=PASS doc=7eb7b50a-21ec-4f40-a48a-98cccaa8f738 user=bench@pangochain.test
2026-07-31T21:04:42.709+06:00  INFO 577218 --- [pangochain-backend] [io-8080-exec-33] c.pangochain.backend.ipfs.IpfsService    : Fetched 780 bytes from primary IPFS CID=QmdMbyBpoGFK1mURYDVGnjQ4AkNoJfnaBed6stWNVYy8rq
2026-07-31T21:04:42.710+06:00  INFO 577218 --- [pangochain-backend] [io-8080-exec-34] c.pangochain.backend.ipfs.IpfsService    : Fetched 780 bytes from primary IPFS CID=QmdMbyBpoGFK1mURYDVGnjQ4AkNoJfnaBed6stWNVYy8rq
2026-07-31T21:04:42.709+06:00  INFO 577218 --- [pangochain-backend] [io-8080-exec-15] c.pangochain.backend.ipfs.IpfsService    : Fetched 780 bytes from primary IPFS CID=QmdMbyBpoGFK1mURYDVGnjQ4AkNoJfnaBed6stWNVYy8rq
2026-07-31T21:04:42.710+06:00  INFO 577218 --- [pangochain-backend] [nio-8080-exec-4] c.pangochain.backend.ipfs.IpfsService    : Fetched 780 bytes from primary IPFS CID=QmdMbyBpoGFK1mURYDVGnjQ4AkNoJfnaBed6stWNVYy8rq
2026-07-31T21:04:42.711+06:00  INFO 577218 --- [pangochain-backend] [io-8080-exec-44] c.pangochain.backend.ipfs.IpfsService    : Fetched 780 bytes from primary IPFS CID=QmdMbyBpoGFK1mURYDVGnjQ4AkNoJfnaBed6stWNVYy8rq
2026-07-31T21:04:42.714+06:00  INFO 577218 --- [pangochain-backend] [nio-8080-exec-6] c.pangochain.backend.ipfs.IpfsService    : Fetched 780 bytes from primary IPFS CID=QmdMbyBpoGFK1mURYDVGnjQ4AkNoJfnaBed6stWNVYy8rq
2026-07-31T21:04:42.715+06:00  INFO 577218 --- [pangochain-backend] [io-8080-exec-31] c.p.backend.document.DocumentService     : ACL check: Layer1=PASS Layer2=PASS doc=7eb7b50a-21ec-4f40-a48a-98cccaa8f738 user=bench@pangochain.test
2026-07-31T21:04:42.718+06:00  INFO 577218 --- [pangochain-backend] [io-8080-exec-49] c.p.backend.document.DocumentService     : ACL check: Layer1=PASS Layer2=PASS doc=7eb7b50a-21ec-4f40-a48a-98cccaa8f738 user=bench@pangochain.test
2026-07-31T21:04:42.718+06:00  INFO 577218 --- [pangochain-backend] [io-8080-exec-48] c.pangochain.backend.ipfs.IpfsService    : Fetched 780 bytes from primary IPFS CID=QmdMbyBpoGFK1mURYDVGnjQ4AkNoJfnaBed6stWNVYy8rq
2026-07-31T21:04:42.719+06:00  INFO 577218 --- [pangochain-backend] [io-8080-exec-32] c.pangochain.backend.ipfs.IpfsService    : Fetched 780 bytes from primary IPFS CID=QmdMbyBpoGFK1mURYDVGnjQ4AkNoJfnaBed6stWNVYy8rq
2026-07-31T21:04:42.719+06:00  INFO 577218 --- [pangochain-backend] [io-8080-exec-45] c.p.backend.document.DocumentService     : ACL check: Layer1=PASS Layer2=PASS doc=7eb7b50a-21ec-4f40-a48a-98cccaa8f738 user=bench@pangochain.test
2026-07-31T21:04:42.722+06:00  INFO 577218 --- [pangochain-backend] [io-8080-exec-29] c.pangochain.backend.ipfs.IpfsService    : Fetched 780 bytes from primary IPFS CID=QmdMbyBpoGFK1mURYDVGnjQ4AkNoJfnaBed6stWNVYy8rq
2026-07-31T21:04:42.722+06:00  INFO 577218 --- [pangochain-backend] [nio-8080-exec-9] c.pangochain.backend.ipfs.IpfsService    : Fetched 780 bytes from primary IPFS CID=QmdMbyBpoGFK1mURYDVGnjQ4AkNoJfnaBed6stWNVYy8rq
2026-07-31T21:04:42.722+06:00  INFO 577218 --- [pangochain-backend] [io-8080-exec-35] c.pangochain.backend.ipfs.IpfsService    : Fetched 780 bytes from primary IPFS CID=QmdMbyBpoGFK1mURYDVGnjQ4AkNoJfnaBed6stWNVYy8rq
2026-07-31T21:04:42.723+06:00  INFO 577218 --- [pangochain-backend] [io-8080-exec-38] c.pangochain.backend.ipfs.IpfsService    : Fetched 780 bytes from primary IPFS CID=QmdMbyBpoGFK1mURYDVGnjQ4AkNoJfnaBed6stWNVYy8rq
2026-07-31T21:04:42.724+06:00  INFO 577218 --- [pangochain-backend] [io-8080-exec-31] c.pangochain.backend.ipfs.IpfsService    : Fetched 780 bytes from primary IPFS CID=QmdMbyBpoGFK1mURYDVGnjQ4AkNoJfnaBed6stWNVYy8rq
2026-07-31T21:04:42.729+06:00  INFO 577218 --- [pangochain-backend] [io-8080-exec-36] c.p.backend.document.DocumentService     : ACL check: Layer1=PASS Layer2=PASS doc=7eb7b50a-21ec-4f40-a48a-98cccaa8f738 user=bench@pangochain.test
2026-07-31T21:04:42.729+06:00  INFO 577218 --- [pangochain-backend] [io-8080-exec-43] c.pangochain.backend.ipfs.IpfsService    : Fetched 780 bytes from primary IPFS CID=QmdMbyBpoGFK1mURYDVGnjQ4AkNoJfnaBed6stWNVYy8rq
2026-07-31T21:04:42.730+06:00  INFO 577218 --- [pangochain-backend] [io-8080-exec-22] c.p.backend.document.DocumentService     : ACL check: Layer1=PASS Layer2=PASS doc=7eb7b50a-21ec-4f40-a48a-98cccaa8f738 user=bench@pangochain.test
2026-07-31T21:04:42.729+06:00  INFO 577218 --- [pangochain-backend] [io-8080-exec-39] c.p.backend.document.DocumentService     : ACL check: Layer1=PASS Layer2=PASS doc=7eb7b50a-21ec-4f40-a48a-98cccaa8f738 user=bench@pangochain.test
2026-07-31T21:04:42.728+06:00  INFO 577218 --- [pangochain-backend] [nio-8080-exec-2] c.p.backend.document.DocumentService     : ACL check: Layer1=PASS Layer2=PASS doc=7eb7b50a-21ec-4f40-a48a-98cccaa8f738 user=bench@pangochain.test
2026-07-31T21:04:42.732+06:00  INFO 577218 --- [pangochain-backend] [io-8080-exec-49] c.pangochain.backend.ipfs.IpfsService    : Fetched 780 bytes from primary IPFS CID=QmdMbyBpoGFK1mURYDVGnjQ4AkNoJfnaBed6stWNVYy8rq
2026-07-31T21:04:42.734+06:00  INFO 577218 --- [pangochain-backend] [io-8080-exec-42] c.p.backend.document.DocumentService     : ACL check: Layer1=PASS Layer2=PASS doc=7eb7b50a-21ec-4f40-a48a-98cccaa8f738 user=bench@pangochain.test
2026-07-31T21:04:42.735+06:00  INFO 577218 --- [pangochain-backend] [io-8080-exec-12] c.p.backend.document.DocumentService     : ACL check: Layer1=PASS Layer2=PASS doc=7eb7b50a-21ec-4f40-a48a-98cccaa8f738 user=bench@pangochain.test
2026-07-31T21:04:42.736+06:00  INFO 577218 --- [pangochain-backend] [io-8080-exec-20] c.p.backend.document.DocumentService     : ACL check: Layer1=PASS Layer2=PASS doc=7eb7b50a-21ec-4f40-a48a-98cccaa8f738 user=bench@pangochain.test
2026-07-31T21:04:42.737+06:00  INFO 577218 --- [pangochain-backend] [io-8080-exec-22] c.pangochain.backend.ipfs.IpfsService    : Fetched 780 bytes from primary IPFS CID=QmdMbyBpoGFK1mURYDVGnjQ4AkNoJfnaBed6stWNVYy8rq
2026-07-31T21:04:42.739+06:00  INFO 577218 --- [pangochain-backend] [io-8080-exec-11] c.p.backend.document.DocumentService     : ACL check: Layer1=PASS Layer2=PASS doc=7eb7b50a-21ec-4f40-a48a-98cccaa8f738 user=bench@pangochain.test
2026-07-31T21:04:42.739+06:00  INFO 577218 --- [pangochain-backend] [io-8080-exec-36] c.pangochain.backend.ipfs.IpfsService    : Fetched 780 bytes from primary IPFS CID=QmdMbyBpoGFK1mURYDVGnjQ4AkNoJfnaBed6stWNVYy8rq
2026-07-31T21:04:42.739+06:00  INFO 577218 --- [pangochain-backend] [nio-8080-exec-8] c.p.backend.document.DocumentService     : ACL check: Layer1=PASS Layer2=PASS doc=7eb7b50a-21ec-4f40-a48a-98cccaa8f738 user=bench@pangochain.test
2026-07-31T21:04:42.739+06:00  INFO 577218 --- [pangochain-backend] [io-8080-exec-13] c.p.backend.document.DocumentService     : ACL check: Layer1=PASS Layer2=PASS doc=7eb7b50a-21ec-4f40-a48a-98cccaa8f738 user=bench@pangochain.test
2026-07-31T21:04:42.740+06:00  INFO 577218 --- [pangochain-backend] [io-8080-exec-39] c.pangochain.backend.ipfs.IpfsService    : Fetched 780 bytes from primary IPFS CID=QmdMbyBpoGFK1mURYDVGnjQ4AkNoJfnaBed6stWNVYy8rq
2026-07-31T21:04:42.740+06:00  INFO 577218 --- [pangochain-backend] [io-8080-exec-41] c.p.backend.document.DocumentService     : ACL check: Layer1=PASS Layer2=PASS doc=7eb7b50a-21ec-4f40-a48a-98cccaa8f738 user=bench@pangochain.test
2026-07-31T21:04:42.740+06:00  INFO 577218 --- [pangochain-backend] [io-8080-exec-37] c.p.backend.document.DocumentService     : ACL check: Layer1=PASS Layer2=PASS doc=7eb7b50a-21ec-4f40-a48a-98cccaa8f738 user=bench@pangochain.test
2026-07-31T21:04:42.741+06:00  INFO 577218 --- [pangochain-backend] [io-8080-exec-50] c.p.backend.document.DocumentService     : ACL check: Layer1=PASS Layer2=PASS doc=7eb7b50a-21ec-4f40-a48a-98cccaa8f738 user=bench@pangochain.test
2026-07-31T21:04:42.741+06:00  INFO 577218 --- [pangochain-backend] [io-8080-exec-17] c.p.backend.document.DocumentService     : ACL check: Layer1=PASS Layer2=PASS doc=7eb7b50a-21ec-4f40-a48a-98cccaa8f738 user=bench@pangochain.test
2026-07-31T21:04:42.741+06:00  INFO 577218 --- [pangochain-backend] [io-8080-exec-21] c.p.backend.document.DocumentService     : ACL check: Layer1=PASS Layer2=PASS doc=7eb7b50a-21ec-4f40-a48a-98cccaa8f738 user=bench@pangochain.test
2026-07-31T21:04:42.742+06:00  INFO 577218 --- [pangochain-backend] [io-8080-exec-19] c.p.backend.document.DocumentService     : ACL check: Layer1=PASS Layer2=PASS doc=7eb7b50a-21ec-4f40-a48a-98cccaa8f738 user=bench@pangochain.test
2026-07-31T21:04:42.739+06:00  INFO 577218 --- [pangochain-backend] [nio-8080-exec-2] c.pangochain.backend.ipfs.IpfsService    : Fetched 780 bytes from primary IPFS CID=QmdMbyBpoGFK1mURYDVGnjQ4AkNoJfnaBed6stWNVYy8rq
2026-07-31T21:04:42.744+06:00  INFO 577218 --- [pangochain-backend] [io-8080-exec-42] c.pangochain.backend.ipfs.IpfsService    : Fetched 780 bytes from primary IPFS CID=QmdMbyBpoGFK1mURYDVGnjQ4AkNoJfnaBed6stWNVYy8rq
2026-07-31T21:04:42.744+06:00  INFO 577218 --- [pangochain-backend] [io-8080-exec-45] c.pangochain.backend.ipfs.IpfsService    : Fetched 780 bytes from primary IPFS CID=QmdMbyBpoGFK1mURYDVGnjQ4AkNoJfnaBed6stWNVYy8rq
2026-07-31T21:04:42.746+06:00  INFO 577218 --- [pangochain-backend] [nio-8080-exec-8] c.pangochain.backend.ipfs.IpfsService    : Fetched 780 bytes from primary IPFS CID=QmdMbyBpoGFK1mURYDVGnjQ4AkNoJfnaBed6stWNVYy8rq
2026-07-31T21:04:42.746+06:00  INFO 577218 --- [pangochain-backend] [nio-8080-exec-5] c.p.backend.document.DocumentService     : ACL check: Layer1=PASS Layer2=PASS doc=7eb7b50a-21ec-4f40-a48a-98cccaa8f738 user=bench@pangochain.test
2026-07-31T21:04:42.747+06:00  INFO 577218 --- [pangochain-backend] [io-8080-exec-21] c.pangochain.backend.ipfs.IpfsService    : Fetched 780 bytes from primary IPFS CID=QmdMbyBpoGFK1mURYDVGnjQ4AkNoJfnaBed6stWNVYy8rq
2026-07-31T21:04:42.747+06:00  INFO 577218 --- [pangochain-backend] [io-8080-exec-11] c.pangochain.backend.ipfs.IpfsService    : Fetched 780 bytes from primary IPFS CID=QmdMbyBpoGFK1mURYDVGnjQ4AkNoJfnaBed6stWNVYy8rq
2026-07-31T21:04:42.747+06:00  INFO 577218 --- [pangochain-backend] [io-8080-exec-12] c.pangochain.backend.ipfs.IpfsService    : Fetched 780 bytes from primary IPFS CID=QmdMbyBpoGFK1mURYDVGnjQ4AkNoJfnaBed6stWNVYy8rq
2026-07-31T21:04:42.747+06:00  INFO 577218 --- [pangochain-backend] [io-8080-exec-16] c.p.backend.document.DocumentService     : ACL check: Layer1=PASS Layer2=PASS doc=7eb7b50a-21ec-4f40-a48a-98cccaa8f738 user=bench@pangochain.test
2026-07-31T21:04:42.747+06:00  INFO 577218 --- [pangochain-backend] [io-8080-exec-37] c.pangochain.backend.ipfs.IpfsService    : Fetched 780 bytes from primary IPFS CID=QmdMbyBpoGFK1mURYDVGnjQ4AkNoJfnaBed6stWNVYy8rq
2026-07-31T21:04:42.747+06:00  INFO 577218 --- [pangochain-backend] [io-8080-exec-20] c.pangochain.backend.ipfs.IpfsService    : Fetched 780 bytes from primary IPFS CID=QmdMbyBpoGFK1mURYDVGnjQ4AkNoJfnaBed6stWNVYy8rq
2026-07-31T21:04:42.747+06:00  INFO 577218 --- [pangochain-backend] [io-8080-exec-50] c.pangochain.backend.ipfs.IpfsService    : Fetched 780 bytes from primary IPFS CID=QmdMbyBpoGFK1mURYDVGnjQ4AkNoJfnaBed6stWNVYy8rq
2026-07-31T21:04:42.748+06:00  INFO 577218 --- [pangochain-backend] [io-8080-exec-19] c.pangochain.backend.ipfs.IpfsService    : Fetched 780 bytes from primary IPFS CID=QmdMbyBpoGFK1mURYDVGnjQ4AkNoJfnaBed6stWNVYy8rq
2026-07-31T21:04:42.748+06:00  INFO 577218 --- [pangochain-backend] [io-8080-exec-17] c.pangochain.backend.ipfs.IpfsService    : Fetched 780 bytes from primary IPFS CID=QmdMbyBpoGFK1mURYDVGnjQ4AkNoJfnaBed6stWNVYy8rq
2026-07-31T21:04:42.748+06:00  INFO 577218 --- [pangochain-backend] [nio-8080-exec-7] c.p.backend.document.DocumentService     : ACL check: Layer1=PASS Layer2=PASS doc=7eb7b50a-21ec-4f40-a48a-98cccaa8f738 user=bench@pangochain.test
2026-07-31T21:04:42.750+06:00  INFO 577218 --- [pangochain-backend] [io-8080-exec-16] c.pangochain.backend.ipfs.IpfsService    : Fetched 780 bytes from primary IPFS CID=QmdMbyBpoGFK1mURYDVGnjQ4AkNoJfnaBed6stWNVYy8rq
2026-07-31T21:04:42.750+06:00  INFO 577218 --- [pangochain-backend] [nio-8080-exec-7] c.pangochain.backend.ipfs.IpfsService    : Fetched 780 bytes from primary IPFS CID=QmdMbyBpoGFK1mURYDVGnjQ4AkNoJfnaBed6stWNVYy8rq
2026-07-31T21:04:42.750+06:00  INFO 577218 --- [pangochain-backend] [io-8080-exec-41] c.pangochain.backend.ipfs.IpfsService    : Fetched 780 bytes from primary IPFS CID=QmdMbyBpoGFK1mURYDVGnjQ4AkNoJfnaBed6stWNVYy8rq
2026-07-31T21:04:42.740+06:00  INFO 577218 --- [pangochain-backend] [io-8080-exec-25] c.p.backend.document.DocumentService     : ACL check: Layer1=PASS Layer2=PASS doc=7eb7b50a-21ec-4f40-a48a-98cccaa8f738 user=bench@pangochain.test
2026-07-31T21:04:42.750+06:00  INFO 577218 --- [pangochain-backend] [nio-8080-exec-5] c.pangochain.backend.ipfs.IpfsService    : Fetched 780 bytes from primary IPFS CID=QmdMbyBpoGFK1mURYDVGnjQ4AkNoJfnaBed6stWNVYy8rq
2026-07-31T21:04:42.754+06:00  INFO 577218 --- [pangochain-backend] [io-8080-exec-13] c.pangochain.backend.ipfs.IpfsService    : Fetched 780 bytes from primary IPFS CID=QmdMbyBpoGFK1mURYDVGnjQ4AkNoJfnaBed6stWNVYy8rq
2026-07-31T21:04:42.759+06:00  INFO 577218 --- [pangochain-backend] [io-8080-exec-43] c.p.backend.document.DocumentService     : ACL check: Layer1=PASS Layer2=PASS doc=7eb7b50a-21ec-4f40-a48a-98cccaa8f738 user=bench@pangochain.test
2026-07-31T21:04:42.760+06:00  INFO 577218 --- [pangochain-backend] [io-8080-exec-29] c.p.backend.document.DocumentService     : ACL check: Layer1=PASS Layer2=PASS doc=7eb7b50a-21ec-4f40-a48a-98cccaa8f738 user=bench@pangochain.test
2026-07-31T21:04:42.760+06:00  INFO 577218 --- [pangochain-backend] [nio-8080-exec-4] c.p.backend.document.DocumentService     : ACL check: Layer1=PASS Layer2=PASS doc=7eb7b50a-21ec-4f40-a48a-98cccaa8f738 user=bench@pangochain.test
2026-07-31T21:04:42.760+06:00  INFO 577218 --- [pangochain-backend] [io-8080-exec-47] c.p.backend.document.DocumentService     : ACL check: Layer1=PASS Layer2=PASS doc=7eb7b50a-21ec-4f40-a48a-98cccaa8f738 user=bench@pangochain.test
2026-07-31T21:04:42.760+06:00  INFO 577218 --- [pangochain-backend] [io-8080-exec-23] c.p.backend.document.DocumentService     : ACL check: Layer1=PASS Layer2=PASS doc=7eb7b50a-21ec-4f40-a48a-98cccaa8f738 user=bench@pangochain.test
2026-07-31T21:04:42.760+06:00  INFO 577218 --- [pangochain-backend] [io-8080-exec-27] c.p.backend.document.DocumentService     : ACL check: Layer1=PASS Layer2=PASS doc=7eb7b50a-21ec-4f40-a48a-98cccaa8f738 user=bench@pangochain.test
2026-07-31T21:04:42.760+06:00  INFO 577218 --- [pangochain-backend] [io-8080-exec-22] c.p.backend.document.DocumentService     : ACL check: Layer1=PASS Layer2=PASS doc=7eb7b50a-21ec-4f40-a48a-98cccaa8f738 user=bench@pangochain.test
2026-07-31T21:04:42.760+06:00  INFO 577218 --- [pangochain-backend] [io-8080-exec-14] c.p.backend.document.DocumentService     : ACL check: Layer1=PASS Layer2=PASS doc=7eb7b50a-21ec-4f40-a48a-98cccaa8f738 user=bench@pangochain.test
2026-07-31T21:04:42.761+06:00  INFO 577218 --- [pangochain-backend] [io-8080-exec-38] c.p.backend.document.DocumentService     : ACL check: Layer1=PASS Layer2=PASS doc=7eb7b50a-21ec-4f40-a48a-98cccaa8f738 user=bench@pangochain.test
2026-07-31T21:04:42.762+06:00  INFO 577218 --- [pangochain-backend] [nio-8080-exec-9] c.p.backend.document.DocumentService     : ACL check: Layer1=PASS Layer2=PASS doc=7eb7b50a-21ec-4f40-a48a-98cccaa8f738 user=bench@pangochain.test
2026-07-31T21:04:42.762+06:00  INFO 577218 --- [pangochain-backend] [io-8080-exec-15] c.p.backend.document.DocumentService     : ACL check: Layer1=PASS Layer2=PASS doc=7eb7b50a-21ec-4f40-a48a-98cccaa8f738 user=bench@pangochain.test
2026-07-31T21:04:42.763+06:00  INFO 577218 --- [pangochain-backend] [io-8080-exec-33] c.p.backend.document.DocumentService     : ACL check: Layer1=PASS Layer2=PASS doc=7eb7b50a-21ec-4f40-a48a-98cccaa8f738 user=bench@pangochain.test
2026-07-31T21:04:42.764+06:00  INFO 577218 --- [pangochain-backend] [io-8080-exec-10] c.p.backend.document.DocumentService     : ACL check: Layer1=PASS Layer2=PASS doc=7eb7b50a-21ec-4f40-a48a-98cccaa8f738 user=bench@pangochain.test
2026-07-31T21:04:42.766+06:00  INFO 577218 --- [pangochain-backend] [io-8080-exec-31] c.p.backend.document.DocumentService     : ACL check: Layer1=PASS Layer2=PASS doc=7eb7b50a-21ec-4f40-a48a-98cccaa8f738 user=bench@pangochain.test
2026-07-31T21:04:42.766+06:00  INFO 577218 --- [pangochain-backend] [io-8080-exec-28] c.p.backend.document.DocumentService     : ACL check: Layer1=PASS Layer2=PASS doc=7eb7b50a-21ec-4f40-a48a-98cccaa8f738 user=bench@pangochain.test
2026-07-31T21:04:42.767+06:00  INFO 577218 --- [pangochain-backend] [io-8080-exec-27] c.pangochain.backend.ipfs.IpfsService    : Fetched 780 bytes from primary IPFS CID=QmdMbyBpoGFK1mURYDVGnjQ4AkNoJfnaBed6stWNVYy8rq
2026-07-31T21:04:42.767+06:00  INFO 577218 --- [pangochain-backend] [nio-8080-exec-4] c.pangochain.backend.ipfs.IpfsService    : Fetched 780 bytes from primary IPFS CID=QmdMbyBpoGFK1mURYDVGnjQ4AkNoJfnaBed6stWNVYy8rq
2026-07-31T21:04:42.769+06:00  INFO 577218 --- [pangochain-backend] [io-8080-exec-22] c.pangochain.backend.ipfs.IpfsService    : Fetched 780 bytes from primary IPFS CID=QmdMbyBpoGFK1mURYDVGnjQ4AkNoJfnaBed6stWNVYy8rq
2026-07-31T21:04:42.771+06:00  INFO 577218 --- [pangochain-backend] [nio-8080-exec-9] c.pangochain.backend.ipfs.IpfsService    : Fetched 780 bytes from primary IPFS CID=QmdMbyBpoGFK1mURYDVGnjQ4AkNoJfnaBed6stWNVYy8rq
2026-07-31T21:04:42.773+06:00  INFO 577218 --- [pangochain-backend] [io-8080-exec-28] c.pangochain.backend.ipfs.IpfsService    : Fetched 780 bytes from primary IPFS CID=QmdMbyBpoGFK1mURYDVGnjQ4AkNoJfnaBed6stWNVYy8rq
2026-07-31T21:04:42.774+06:00  INFO 577218 --- [pangochain-backend] [io-8080-exec-43] c.pangochain.backend.ipfs.IpfsService    : Fetched 780 bytes from primary IPFS CID=QmdMbyBpoGFK1mURYDVGnjQ4AkNoJfnaBed6stWNVYy8rq
2026-07-31T21:04:42.775+06:00  INFO 577218 --- [pangochain-backend] [io-8080-exec-38] c.pangochain.backend.ipfs.IpfsService    : Fetched 780 bytes from primary IPFS CID=QmdMbyBpoGFK1mURYDVGnjQ4AkNoJfnaBed6stWNVYy8rq
2026-07-31T21:04:42.775+06:00  INFO 577218 --- [pangochain-backend] [io-8080-exec-10] c.pangochain.backend.ipfs.IpfsService    : Fetched 780 bytes from primary IPFS CID=QmdMbyBpoGFK1mURYDVGnjQ4AkNoJfnaBed6stWNVYy8rq
2026-07-31T21:04:42.775+06:00  INFO 577218 --- [pangochain-backend] [io-8080-exec-31] c.pangochain.backend.ipfs.IpfsService    : Fetched 780 bytes from primary IPFS CID=QmdMbyBpoGFK1mURYDVGnjQ4AkNoJfnaBed6stWNVYy8rq
2026-07-31T21:04:42.776+06:00  INFO 577218 --- [pangochain-backend] [io-8080-exec-14] c.pangochain.backend.ipfs.IpfsService    : Fetched 780 bytes from primary IPFS CID=QmdMbyBpoGFK1mURYDVGnjQ4AkNoJfnaBed6stWNVYy8rq
2026-07-31T21:04:42.777+06:00  INFO 577218 --- [pangochain-backend] [io-8080-exec-25] c.pangochain.backend.ipfs.IpfsService    : Fetched 780 bytes from primary IPFS CID=QmdMbyBpoGFK1mURYDVGnjQ4AkNoJfnaBed6stWNVYy8rq
2026-07-31T21:04:42.778+06:00  INFO 577218 --- [pangochain-backend] [io-8080-exec-33] c.pangochain.backend.ipfs.IpfsService    : Fetched 780 bytes from primary IPFS CID=QmdMbyBpoGFK1mURYDVGnjQ4AkNoJfnaBed6stWNVYy8rq
2026-07-31T21:04:42.779+06:00  INFO 577218 --- [pangochain-backend] [io-8080-exec-47] c.pangochain.backend.ipfs.IpfsService    : Fetched 780 bytes from primary IPFS CID=QmdMbyBpoGFK1mURYDVGnjQ4AkNoJfnaBed6stWNVYy8rq
2026-07-31T21:04:42.781+06:00  INFO 577218 --- [pangochain-backend] [io-8080-exec-15] c.pangochain.backend.ipfs.IpfsService    : Fetched 780 bytes from primary IPFS CID=QmdMbyBpoGFK1mURYDVGnjQ4AkNoJfnaBed6stWNVYy8rq
2026-07-31T21:04:42.784+06:00  INFO 577218 --- [pangochain-backend] [io-8080-exec-46] c.p.backend.document.DocumentService     : ACL check: Layer1=PASS Layer2=PASS doc=7eb7b50a-21ec-4f40-a48a-98cccaa8f738 user=bench@pangochain.test
2026-07-31T21:04:42.784+06:00  INFO 577218 --- [pangochain-backend] [nio-8080-exec-7] c.p.backend.document.DocumentService     : ACL check: Layer1=PASS Layer2=PASS doc=7eb7b50a-21ec-4f40-a48a-98cccaa8f738 user=bench@pangochain.test
2026-07-31T21:04:42.785+06:00  INFO 577218 --- [pangochain-backend] [io-8080-exec-36] c.p.backend.document.DocumentService     : ACL check: Layer1=PASS Layer2=PASS doc=7eb7b50a-21ec-4f40-a48a-98cccaa8f738 user=bench@pangochain.test
2026-07-31T21:04:42.785+06:00  INFO 577218 --- [pangochain-backend] [io-8080-exec-49] c.p.backend.document.DocumentService     : ACL check: Layer1=PASS Layer2=PASS doc=7eb7b50a-21ec-4f40-a48a-98cccaa8f738 user=bench@pangochain.test
2026-07-31T21:04:42.785+06:00  INFO 577218 --- [pangochain-backend] [io-8080-exec-24] c.p.backend.document.DocumentService     : ACL check: Layer1=PASS Layer2=PASS doc=7eb7b50a-21ec-4f40-a48a-98cccaa8f738 user=bench@pangochain.test
2026-07-31T21:04:42.787+06:00  INFO 577218 --- [pangochain-backend] [nio-8080-exec-1] c.p.backend.document.DocumentService     : ACL check: Layer1=PASS Layer2=PASS doc=7eb7b50a-21ec-4f40-a48a-98cccaa8f738 user=bench@pangochain.test
2026-07-31T21:04:42.785+06:00  INFO 577218 --- [pangochain-backend] [io-8080-exec-51] c.p.backend.document.DocumentService     : ACL check: Layer1=PASS Layer2=PASS doc=7eb7b50a-21ec-4f40-a48a-98cccaa8f738 user=bench@pangochain.test
2026-07-31T21:04:42.786+06:00  INFO 577218 --- [pangochain-backend] [io-8080-exec-32] c.p.backend.document.DocumentService     : ACL check: Layer1=PASS Layer2=PASS doc=7eb7b50a-21ec-4f40-a48a-98cccaa8f738 user=bench@pangochain.test
2026-07-31T21:04:42.789+06:00  INFO 577218 --- [pangochain-backend] [io-8080-exec-18] c.p.backend.document.DocumentService     : ACL check: Layer1=PASS Layer2=PASS doc=7eb7b50a-21ec-4f40-a48a-98cccaa8f738 user=bench@pangochain.test
2026-07-31T21:04:42.789+06:00  INFO 577218 --- [pangochain-backend] [io-8080-exec-48] c.p.backend.document.DocumentService     : ACL check: Layer1=PASS Layer2=PASS doc=7eb7b50a-21ec-4f40-a48a-98cccaa8f738 user=bench@pangochain.test
2026-07-31T21:04:42.789+06:00  INFO 577218 --- [pangochain-backend] [io-8080-exec-34] c.p.backend.document.DocumentService     : ACL check: Layer1=PASS Layer2=PASS doc=7eb7b50a-21ec-4f40-a48a-98cccaa8f738 user=bench@pangochain.test
2026-07-31T21:04:42.790+06:00  INFO 577218 --- [pangochain-backend] [io-8080-exec-30] c.p.backend.document.DocumentService     : ACL check: Layer1=PASS Layer2=PASS doc=7eb7b50a-21ec-4f40-a48a-98cccaa8f738 user=bench@pangochain.test
2026-07-31T21:04:42.790+06:00  INFO 577218 --- [pangochain-backend] [nio-8080-exec-2] c.p.backend.document.DocumentService     : ACL check: Layer1=PASS Layer2=PASS doc=7eb7b50a-21ec-4f40-a48a-98cccaa8f738 user=bench@pangochain.test
2026-07-31T21:04:42.791+06:00  INFO 577218 --- [pangochain-backend] [nio-8080-exec-3] c.p.backend.document.DocumentService     : ACL check: Layer1=PASS Layer2=PASS doc=7eb7b50a-21ec-4f40-a48a-98cccaa8f738 user=bench@pangochain.test
2026-07-31T21:04:42.792+06:00  INFO 577218 --- [pangochain-backend] [nio-8080-exec-1] c.pangochain.backend.ipfs.IpfsService    : Fetched 780 bytes from primary IPFS CID=QmdMbyBpoGFK1mURYDVGnjQ4AkNoJfnaBed6stWNVYy8rq
2026-07-31T21:04:42.793+06:00  INFO 577218 --- [pangochain-backend] [io-8080-exec-46] c.pangochain.backend.ipfs.IpfsService    : Fetched 780 bytes from primary IPFS CID=QmdMbyBpoGFK1mURYDVGnjQ4AkNoJfnaBed6stWNVYy8rq
2026-07-31T21:04:42.793+06:00  INFO 577218 --- [pangochain-backend] [io-8080-exec-35] c.p.backend.document.DocumentService     : ACL check: Layer1=PASS Layer2=PASS doc=7eb7b50a-21ec-4f40-a48a-98cccaa8f738 user=bench@pangochain.test
2026-07-31T21:04:42.794+06:00  INFO 577218 --- [pangochain-backend] [io-8080-exec-23] c.pangochain.backend.ipfs.IpfsService    : Fetched 780 bytes from primary IPFS CID=QmdMbyBpoGFK1mURYDVGnjQ4AkNoJfnaBed6stWNVYy8rq
2026-07-31T21:04:42.796+06:00  INFO 577218 --- [pangochain-backend] [io-8080-exec-51] c.pangochain.backend.ipfs.IpfsService    : Fetched 780 bytes from primary IPFS CID=QmdMbyBpoGFK1mURYDVGnjQ4AkNoJfnaBed6stWNVYy8rq
2026-07-31T21:04:42.796+06:00  INFO 577218 --- [pangochain-backend] [io-8080-exec-36] c.pangochain.backend.ipfs.IpfsService    : Fetched 780 bytes from primary IPFS CID=QmdMbyBpoGFK1mURYDVGnjQ4AkNoJfnaBed6stWNVYy8rq
2026-07-31T21:04:42.799+06:00  INFO 577218 --- [pangochain-backend] [nio-8080-exec-7] c.pangochain.backend.ipfs.IpfsService    : Fetched 780 bytes from primary IPFS CID=QmdMbyBpoGFK1mURYDVGnjQ4AkNoJfnaBed6stWNVYy8rq
2026-07-31T21:04:42.800+06:00  INFO 577218 --- [pangochain-backend] [io-8080-exec-18] c.pangochain.backend.ipfs.IpfsService    : Fetched 780 bytes from primary IPFS CID=QmdMbyBpoGFK1mURYDVGnjQ4AkNoJfnaBed6stWNVYy8rq
2026-07-31T21:04:42.800+06:00  INFO 577218 --- [pangochain-backend] [io-8080-exec-29] c.pangochain.backend.ipfs.IpfsService    : Fetched 780 bytes from primary IPFS CID=QmdMbyBpoGFK1mURYDVGnjQ4AkNoJfnaBed6stWNVYy8rq
2026-07-31T21:04:42.801+06:00  INFO 577218 --- [pangochain-backend] [io-8080-exec-48] c.pangochain.backend.ipfs.IpfsService    : Fetched 780 bytes from primary IPFS CID=QmdMbyBpoGFK1mURYDVGnjQ4AkNoJfnaBed6stWNVYy8rq
2026-07-31T21:04:42.801+06:00  INFO 577218 --- [pangochain-backend] [io-8080-exec-49] c.pangochain.backend.ipfs.IpfsService    : Fetched 780 bytes from primary IPFS CID=QmdMbyBpoGFK1mURYDVGnjQ4AkNoJfnaBed6stWNVYy8rq
2026-07-31T21:04:42.801+06:00  INFO 577218 --- [pangochain-backend] [io-8080-exec-34] c.pangochain.backend.ipfs.IpfsService    : Fetched 780 bytes from primary IPFS CID=QmdMbyBpoGFK1mURYDVGnjQ4AkNoJfnaBed6stWNVYy8rq
2026-07-31T21:04:42.802+06:00  INFO 577218 --- [pangochain-backend] [io-8080-exec-44] c.p.backend.document.DocumentService     : ACL check: Layer1=PASS Layer2=PASS doc=7eb7b50a-21ec-4f40-a48a-98cccaa8f738 user=bench@pangochain.test
2026-07-31T21:04:42.802+06:00  INFO 577218 --- [pangochain-backend] [io-8080-exec-30] c.pangochain.backend.ipfs.IpfsService    : Fetched 780 bytes from primary IPFS CID=QmdMbyBpoGFK1mURYDVGnjQ4AkNoJfnaBed6stWNVYy8rq
2026-07-31T21:04:42.802+06:00  INFO 577218 --- [pangochain-backend] [nio-8080-exec-2] c.pangochain.backend.ipfs.IpfsService    : Fetched 780 bytes from primary IPFS CID=QmdMbyBpoGFK1mURYDVGnjQ4AkNoJfnaBed6stWNVYy8rq
2026-07-31T21:04:42.804+06:00  INFO 577218 --- [pangochain-backend] [io-8080-exec-26] c.p.backend.document.DocumentService     : ACL check: Layer1=PASS Layer2=PASS doc=7eb7b50a-21ec-4f40-a48a-98cccaa8f738 user=bench@pangochain.test
2026-07-31T21:04:42.808+06:00  INFO 577218 --- [pangochain-backend] [io-8080-exec-35] c.pangochain.backend.ipfs.IpfsService    : Fetched 780 bytes from primary IPFS CID=QmdMbyBpoGFK1mURYDVGnjQ4AkNoJfnaBed6stWNVYy8rq
2026-07-31T21:04:42.808+06:00  INFO 577218 --- [pangochain-backend] [io-8080-exec-44] c.pangochain.backend.ipfs.IpfsService    : Fetched 780 bytes from primary IPFS CID=QmdMbyBpoGFK1mURYDVGnjQ4AkNoJfnaBed6stWNVYy8rq
2026-07-31T21:04:42.811+06:00  INFO 577218 --- [pangochain-backend] [io-8080-exec-17] c.p.backend.document.DocumentService     : ACL check: Layer1=PASS Layer2=PASS doc=7eb7b50a-21ec-4f40-a48a-98cccaa8f738 user=bench@pangochain.test
2026-07-31T21:04:42.811+06:00  INFO 577218 --- [pangochain-backend] [io-8080-exec-16] c.p.backend.document.DocumentService     : ACL check: Layer1=PASS Layer2=PASS doc=7eb7b50a-21ec-4f40-a48a-98cccaa8f738 user=bench@pangochain.test
2026-07-31T21:04:42.813+06:00  INFO 577218 --- [pangochain-backend] [io-8080-exec-24] c.pangochain.backend.ipfs.IpfsService    : Fetched 780 bytes from primary IPFS CID=QmdMbyBpoGFK1mURYDVGnjQ4AkNoJfnaBed6stWNVYy8rq
2026-07-31T21:04:42.813+06:00  INFO 577218 --- [pangochain-backend] [io-8080-exec-19] c.p.backend.document.DocumentService     : ACL check: Layer1=PASS Layer2=PASS doc=7eb7b50a-21ec-4f40-a48a-98cccaa8f738 user=bench@pangochain.test
2026-07-31T21:04:42.814+06:00  INFO 577218 --- [pangochain-backend] [io-8080-exec-17] c.pangochain.backend.ipfs.IpfsService    : Fetched 780 bytes from primary IPFS CID=QmdMbyBpoGFK1mURYDVGnjQ4AkNoJfnaBed6stWNVYy8rq
2026-07-31T21:04:42.814+06:00  INFO 577218 --- [pangochain-backend] [nio-8080-exec-3] c.pangochain.backend.ipfs.IpfsService    : Fetched 780 bytes from primary IPFS CID=QmdMbyBpoGFK1mURYDVGnjQ4AkNoJfnaBed6stWNVYy8rq
2026-07-31T21:04:42.814+06:00  INFO 577218 --- [pangochain-backend] [io-8080-exec-26] c.pangochain.backend.ipfs.IpfsService    : Fetched 780 bytes from primary IPFS CID=QmdMbyBpoGFK1mURYDVGnjQ4AkNoJfnaBed6stWNVYy8rq
2026-07-31T21:04:42.815+06:00  INFO 577218 --- [pangochain-backend] [io-8080-exec-32] c.pangochain.backend.ipfs.IpfsService    : Fetched 780 bytes from primary IPFS CID=QmdMbyBpoGFK1mURYDVGnjQ4AkNoJfnaBed6stWNVYy8rq
2026-07-31T21:04:42.817+06:00  INFO 577218 --- [pangochain-backend] [io-8080-exec-47] c.p.backend.document.DocumentService     : ACL check: Layer1=PASS Layer2=PASS doc=7eb7b50a-21ec-4f40-a48a-98cccaa8f738 user=bench@pangochain.test
2026-07-31T21:04:42.818+06:00  INFO 577218 --- [pangochain-backend] [io-8080-exec-16] c.pangochain.backend.ipfs.IpfsService    : Fetched 780 bytes from primary IPFS CID=QmdMbyBpoGFK1mURYDVGnjQ4AkNoJfnaBed6stWNVYy8rq
2026-07-31T21:04:42.820+06:00  INFO 577218 --- [pangochain-backend] [io-8080-exec-37] c.p.backend.document.DocumentService     : ACL check: Layer1=PASS Layer2=PASS doc=7eb7b50a-21ec-4f40-a48a-98cccaa8f738 user=bench@pangochain.test
2026-07-31T21:04:42.821+06:00  INFO 577218 --- [pangochain-backend] [nio-8080-exec-8] c.p.backend.document.DocumentService     : ACL check: Layer1=PASS Layer2=PASS doc=7eb7b50a-21ec-4f40-a48a-98cccaa8f738 user=bench@pangochain.test
2026-07-31T21:04:42.821+06:00  INFO 577218 --- [pangochain-backend] [io-8080-exec-10] c.p.backend.document.DocumentService     : ACL check: Layer1=PASS Layer2=PASS doc=7eb7b50a-21ec-4f40-a48a-98cccaa8f738 user=bench@pangochain.test
2026-07-31T21:04:42.822+06:00  INFO 577218 --- [pangochain-backend] [io-8080-exec-19] c.pangochain.backend.ipfs.IpfsService    : Fetched 780 bytes from primary IPFS CID=QmdMbyBpoGFK1mURYDVGnjQ4AkNoJfnaBed6stWNVYy8rq
2026-07-31T21:04:42.823+06:00  INFO 577218 --- [pangochain-backend] [io-8080-exec-43] c.p.backend.document.DocumentService     : ACL check: Layer1=PASS Layer2=PASS doc=7eb7b50a-21ec-4f40-a48a-98cccaa8f738 user=bench@pangochain.test
2026-07-31T21:04:42.823+06:00  INFO 577218 --- [pangochain-backend] [io-8080-exec-37] c.pangochain.backend.ipfs.IpfsService    : Fetched 780 bytes from primary IPFS CID=QmdMbyBpoGFK1mURYDVGnjQ4AkNoJfnaBed6stWNVYy8rq
2026-07-31T21:04:42.824+06:00  INFO 577218 --- [pangochain-backend] [io-8080-exec-40] c.p.backend.document.DocumentService     : ACL check: Layer1=PASS Layer2=PASS doc=7eb7b50a-21ec-4f40-a48a-98cccaa8f738 user=bench@pangochain.test
2026-07-31T21:04:42.825+06:00  INFO 577218 --- [pangochain-backend] [io-8080-exec-47] c.pangochain.backend.ipfs.IpfsService    : Fetched 780 bytes from primary IPFS CID=QmdMbyBpoGFK1mURYDVGnjQ4AkNoJfnaBed6stWNVYy8rq
2026-07-31T21:04:42.826+06:00  INFO 577218 --- [pangochain-backend] [io-8080-exec-10] c.pangochain.backend.ipfs.IpfsService    : Fetched 780 bytes from primary IPFS CID=QmdMbyBpoGFK1mURYDVGnjQ4AkNoJfnaBed6stWNVYy8rq
2026-07-31T21:04:42.826+06:00  INFO 577218 --- [pangochain-backend] [nio-8080-exec-8] c.pangochain.backend.ipfs.IpfsService    : Fetched 780 bytes from primary IPFS CID=QmdMbyBpoGFK1mURYDVGnjQ4AkNoJfnaBed6stWNVYy8rq
2026-07-31T21:04:42.831+06:00  INFO 577218 --- [pangochain-backend] [io-8080-exec-40] c.pangochain.backend.ipfs.IpfsService    : Fetched 780 bytes from primary IPFS CID=QmdMbyBpoGFK1mURYDVGnjQ4AkNoJfnaBed6stWNVYy8rq
2026-07-31T21:04:42.832+06:00  INFO 577218 --- [pangochain-backend] [io-8080-exec-43] c.pangochain.backend.ipfs.IpfsService    : Fetched 780 bytes from primary IPFS CID=QmdMbyBpoGFK1mURYDVGnjQ4AkNoJfnaBed6stWNVYy8rq
2026-07-31T21:04:42.833+06:00  INFO 577218 --- [pangochain-backend] [io-8080-exec-34] c.p.backend.document.DocumentService     : ACL check: Layer1=PASS Layer2=PASS doc=7eb7b50a-21ec-4f40-a48a-98cccaa8f738 user=bench@pangochain.test
2026-07-31T21:04:42.834+06:00  INFO 577218 --- [pangochain-backend] [nio-8080-exec-9] c.p.backend.document.DocumentService     : ACL check: Layer1=PASS Layer2=PASS doc=7eb7b50a-21ec-4f40-a48a-98cccaa8f738 user=bench@pangochain.test
2026-07-31T21:04:42.834+06:00  INFO 577218 --- [pangochain-backend] [io-8080-exec-48] c.p.backend.document.DocumentService     : ACL check: Layer1=PASS Layer2=PASS doc=7eb7b50a-21ec-4f40-a48a-98cccaa8f738 user=bench@pangochain.test
2026-07-31T21:04:42.834+06:00  INFO 577218 --- [pangochain-backend] [nio-8080-exec-1] c.p.backend.document.DocumentService     : ACL check: Layer1=PASS Layer2=PASS doc=7eb7b50a-21ec-4f40-a48a-98cccaa8f738 user=bench@pangochain.test
2026-07-31T21:04:42.834+06:00  INFO 577218 --- [pangochain-backend] [io-8080-exec-50] c.p.backend.document.DocumentService     : ACL check: Layer1=PASS Layer2=PASS doc=7eb7b50a-21ec-4f40-a48a-98cccaa8f738 user=bench@pangochain.test
2026-07-31T21:04:42.834+06:00  INFO 577218 --- [pangochain-backend] [io-8080-exec-27] c.p.backend.document.DocumentService     : ACL check: Layer1=PASS Layer2=PASS doc=7eb7b50a-21ec-4f40-a48a-98cccaa8f738 user=bench@pangochain.test
2026-07-31T21:04:42.834+06:00  INFO 577218 --- [pangochain-backend] [io-8080-exec-20] c.p.backend.document.DocumentService     : ACL check: Layer1=PASS Layer2=PASS doc=7eb7b50a-21ec-4f40-a48a-98cccaa8f738 user=bench@pangochain.test
2026-07-31T21:04:42.835+06:00  INFO 577218 --- [pangochain-backend] [io-8080-exec-22] c.p.backend.document.DocumentService     : ACL check: Layer1=PASS Layer2=PASS doc=7eb7b50a-21ec-4f40-a48a-98cccaa8f738 user=bench@pangochain.test
2026-07-31T21:04:42.836+06:00  INFO 577218 --- [pangochain-backend] [io-8080-exec-48] c.pangochain.backend.ipfs.IpfsService    : Fetched 780 bytes from primary IPFS CID=QmdMbyBpoGFK1mURYDVGnjQ4AkNoJfnaBed6stWNVYy8rq
2026-07-31T21:04:42.836+06:00  INFO 577218 --- [pangochain-backend] [io-8080-exec-27] c.pangochain.backend.ipfs.IpfsService    : Fetched 780 bytes from primary IPFS CID=QmdMbyBpoGFK1mURYDVGnjQ4AkNoJfnaBed6stWNVYy8rq
2026-07-31T21:04:42.837+06:00  INFO 577218 --- [pangochain-backend] [nio-8080-exec-1] c.pangochain.backend.ipfs.IpfsService    : Fetched 780 bytes from primary IPFS CID=QmdMbyBpoGFK1mURYDVGnjQ4AkNoJfnaBed6stWNVYy8rq
2026-07-31T21:04:42.837+06:00  INFO 577218 --- [pangochain-backend] [io-8080-exec-34] c.pangochain.backend.ipfs.IpfsService    : Fetched 780 bytes from primary IPFS CID=QmdMbyBpoGFK1mURYDVGnjQ4AkNoJfnaBed6stWNVYy8rq
2026-07-31T21:04:42.837+06:00  INFO 577218 --- [pangochain-backend] [io-8080-exec-20] c.pangochain.backend.ipfs.IpfsService    : Fetched 780 bytes from primary IPFS CID=QmdMbyBpoGFK1mURYDVGnjQ4AkNoJfnaBed6stWNVYy8rq
2026-07-31T21:04:42.836+06:00  INFO 577218 --- [pangochain-backend] [nio-8080-exec-9] c.pangochain.backend.ipfs.IpfsService    : Fetched 780 bytes from primary IPFS CID=QmdMbyBpoGFK1mURYDVGnjQ4AkNoJfnaBed6stWNVYy8rq
2026-07-31T21:04:42.837+06:00  INFO 577218 --- [pangochain-backend] [io-8080-exec-22] c.pangochain.backend.ipfs.IpfsService    : Fetched 780 bytes from primary IPFS CID=QmdMbyBpoGFK1mURYDVGnjQ4AkNoJfnaBed6stWNVYy8rq
2026-07-31T21:04:42.838+06:00  INFO 577218 --- [pangochain-backend] [io-8080-exec-50] c.pangochain.backend.ipfs.IpfsService    : Fetched 780 bytes from primary IPFS CID=QmdMbyBpoGFK1mURYDVGnjQ4AkNoJfnaBed6stWNVYy8rq
2026-07-31T21:04:42.840+06:00  INFO 577218 --- [pangochain-backend] [io-8080-exec-21] c.p.backend.document.DocumentService     : ACL check: Layer1=PASS Layer2=PASS doc=7eb7b50a-21ec-4f40-a48a-98cccaa8f738 user=bench@pangochain.test
2026-07-31T21:04:42.840+06:00  INFO 577218 --- [pangochain-backend] [io-8080-exec-51] c.p.backend.document.DocumentService     : ACL check: Layer1=PASS Layer2=PASS doc=7eb7b50a-21ec-4f40-a48a-98cccaa8f738 user=bench@pangochain.test
2026-07-31T21:04:42.840+06:00  INFO 577218 --- [pangochain-backend] [io-8080-exec-36] c.p.backend.document.DocumentService     : ACL check: Layer1=PASS Layer2=PASS doc=7eb7b50a-21ec-4f40-a48a-98cccaa8f738 user=bench@pangochain.test
2026-07-31T21:04:42.840+06:00  INFO 577218 --- [pangochain-backend] [io-8080-exec-45] c.p.backend.document.DocumentService     : ACL check: Layer1=PASS Layer2=PASS doc=7eb7b50a-21ec-4f40-a48a-98cccaa8f738 user=bench@pangochain.test
2026-07-31T21:04:42.840+06:00  INFO 577218 --- [pangochain-backend] [io-8080-exec-42] c.p.backend.document.DocumentService     : ACL check: Layer1=PASS Layer2=PASS doc=7eb7b50a-21ec-4f40-a48a-98cccaa8f738 user=bench@pangochain.test
2026-07-31T21:04:42.841+06:00  INFO 577218 --- [pangochain-backend] [nio-8080-exec-2] c.p.backend.document.DocumentService     : ACL check: Layer1=PASS Layer2=PASS doc=7eb7b50a-21ec-4f40-a48a-98cccaa8f738 user=bench@pangochain.test
2026-07-31T21:04:42.841+06:00  INFO 577218 --- [pangochain-backend] [io-8080-exec-30] c.p.backend.document.DocumentService     : ACL check: Layer1=PASS Layer2=PASS doc=7eb7b50a-21ec-4f40-a48a-98cccaa8f738 user=bench@pangochain.test
2026-07-31T21:04:42.841+06:00  INFO 577218 --- [pangochain-backend] [io-8080-exec-13] c.p.backend.document.DocumentService     : ACL check: Layer1=PASS Layer2=PASS doc=7eb7b50a-21ec-4f40-a48a-98cccaa8f738 user=bench@pangochain.test
2026-07-31T21:04:42.842+06:00  INFO 577218 --- [pangochain-backend] [nio-8080-exec-4] c.p.backend.document.DocumentService     : ACL check: Layer1=PASS Layer2=PASS doc=7eb7b50a-21ec-4f40-a48a-98cccaa8f738 user=bench@pangochain.test
2026-07-31T21:04:42.845+06:00  INFO 577218 --- [pangochain-backend] [nio-8080-exec-5] c.p.backend.document.DocumentService     : ACL check: Layer1=PASS Layer2=PASS doc=7eb7b50a-21ec-4f40-a48a-98cccaa8f738 user=bench@pangochain.test
2026-07-31T21:04:42.845+06:00  INFO 577218 --- [pangochain-backend] [io-8080-exec-46] c.p.backend.document.DocumentService     : ACL check: Layer1=PASS Layer2=PASS doc=7eb7b50a-21ec-4f40-a48a-98cccaa8f738 user=bench@pangochain.test
2026-07-31T21:04:42.845+06:00  INFO 577218 --- [pangochain-backend] [io-8080-exec-14] c.p.backend.document.DocumentService     : ACL check: Layer1=PASS Layer2=PASS doc=7eb7b50a-21ec-4f40-a48a-98cccaa8f738 user=bench@pangochain.test
2026-07-31T21:04:42.845+06:00  INFO 577218 --- [pangochain-backend] [io-8080-exec-11] c.p.backend.document.DocumentService     : ACL check: Layer1=PASS Layer2=PASS doc=7eb7b50a-21ec-4f40-a48a-98cccaa8f738 user=bench@pangochain.test
2026-07-31T21:04:42.845+06:00  INFO 577218 --- [pangochain-backend] [io-8080-exec-49] c.p.backend.document.DocumentService     : ACL check: Layer1=PASS Layer2=PASS doc=7eb7b50a-21ec-4f40-a48a-98cccaa8f738 user=bench@pangochain.test
2026-07-31T21:04:42.845+06:00  INFO 577218 --- [pangochain-backend] [nio-8080-exec-6] c.p.backend.document.DocumentService     : ACL check: Layer1=PASS Layer2=PASS doc=7eb7b50a-21ec-4f40-a48a-98cccaa8f738 user=bench@pangochain.test
2026-07-31T21:04:42.845+06:00  INFO 577218 --- [pangochain-backend] [io-8080-exec-41] c.p.backend.document.DocumentService     : ACL check: Layer1=PASS Layer2=PASS doc=7eb7b50a-21ec-4f40-a48a-98cccaa8f738 user=bench@pangochain.test
2026-07-31T21:04:42.845+06:00  INFO 577218 --- [pangochain-backend] [io-8080-exec-12] c.p.backend.document.DocumentService     : ACL check: Layer1=PASS Layer2=PASS doc=7eb7b50a-21ec-4f40-a48a-98cccaa8f738 user=bench@pangochain.test
2026-07-31T21:04:42.846+06:00  INFO 577218 --- [pangochain-backend] [io-8080-exec-38] c.p.backend.document.DocumentService     : ACL check: Layer1=PASS Layer2=PASS doc=7eb7b50a-21ec-4f40-a48a-98cccaa8f738 user=bench@pangochain.test
2026-07-31T21:04:42.846+06:00  INFO 577218 --- [pangochain-backend] [io-8080-exec-33] c.p.backend.document.DocumentService     : ACL check: Layer1=PASS Layer2=PASS doc=7eb7b50a-21ec-4f40-a48a-98cccaa8f738 user=bench@pangochain.test
2026-07-31T21:04:42.846+06:00  INFO 577218 --- [pangochain-backend] [io-8080-exec-15] c.p.backend.document.DocumentService     : ACL check: Layer1=PASS Layer2=PASS doc=7eb7b50a-21ec-4f40-a48a-98cccaa8f738 user=bench@pangochain.test
2026-07-31T21:04:42.846+06:00  INFO 577218 --- [pangochain-backend] [io-8080-exec-25] c.p.backend.document.DocumentService     : ACL check: Layer1=PASS Layer2=PASS doc=7eb7b50a-21ec-4f40-a48a-98cccaa8f738 user=bench@pangochain.test
2026-07-31T21:04:42.846+06:00  INFO 577218 --- [pangochain-backend] [io-8080-exec-39] c.p.backend.document.DocumentService     : ACL check: Layer1=PASS Layer2=PASS doc=7eb7b50a-21ec-4f40-a48a-98cccaa8f738 user=bench@pangochain.test
2026-07-31T21:04:42.847+06:00  INFO 577218 --- [pangochain-backend] [io-8080-exec-42] c.pangochain.backend.ipfs.IpfsService    : Fetched 780 bytes from primary IPFS CID=QmdMbyBpoGFK1mURYDVGnjQ4AkNoJfnaBed6stWNVYy8rq
2026-07-31T21:04:42.847+06:00  INFO 577218 --- [pangochain-backend] [io-8080-exec-45] c.pangochain.backend.ipfs.IpfsService    : Fetched 780 bytes from primary IPFS CID=QmdMbyBpoGFK1mURYDVGnjQ4AkNoJfnaBed6stWNVYy8rq
2026-07-31T21:04:42.848+06:00  INFO 577218 --- [pangochain-backend] [io-8080-exec-18] c.p.backend.document.DocumentService     : ACL check: Layer1=PASS Layer2=PASS doc=7eb7b50a-21ec-4f40-a48a-98cccaa8f738 user=bench@pangochain.test
2026-07-31T21:04:42.848+06:00  INFO 577218 --- [pangochain-backend] [io-8080-exec-10] c.p.backend.document.DocumentService     : ACL check: Layer1=PASS Layer2=PASS doc=7eb7b50a-21ec-4f40-a48a-98cccaa8f738 user=bench@pangochain.test
2026-07-31T21:04:42.848+06:00  INFO 577218 --- [pangochain-backend] [io-8080-exec-28] c.p.backend.document.DocumentService     : ACL check: Layer1=PASS Layer2=PASS doc=7eb7b50a-21ec-4f40-a48a-98cccaa8f738 user=bench@pangochain.test
2026-07-31T21:04:42.848+06:00  INFO 577218 --- [pangochain-backend] [io-8080-exec-29] c.p.backend.document.DocumentService     : ACL check: Layer1=PASS Layer2=PASS doc=7eb7b50a-21ec-4f40-a48a-98cccaa8f738 user=bench@pangochain.test
2026-07-31T21:04:42.849+06:00  INFO 577218 --- [pangochain-backend] [io-8080-exec-44] c.p.backend.document.DocumentService     : ACL check: Layer1=PASS Layer2=PASS doc=7eb7b50a-21ec-4f40-a48a-98cccaa8f738 user=bench@pangochain.test
2026-07-31T21:04:42.849+06:00  INFO 577218 --- [pangochain-backend] [io-8080-exec-51] c.pangochain.backend.ipfs.IpfsService    : Fetched 780 bytes from primary IPFS CID=QmdMbyBpoGFK1mURYDVGnjQ4AkNoJfnaBed6stWNVYy8rq
2026-07-31T21:04:42.849+06:00  INFO 577218 --- [pangochain-backend] [nio-8080-exec-7] c.p.backend.document.DocumentService     : ACL check: Layer1=PASS Layer2=PASS doc=7eb7b50a-21ec-4f40-a48a-98cccaa8f738 user=bench@pangochain.test
2026-07-31T21:04:42.849+06:00  INFO 577218 --- [pangochain-backend] [io-8080-exec-26] c.p.backend.document.DocumentService     : ACL check: Layer1=PASS Layer2=PASS doc=7eb7b50a-21ec-4f40-a48a-98cccaa8f738 user=bench@pangochain.test
2026-07-31T21:04:42.850+06:00  INFO 577218 --- [pangochain-backend] [io-8080-exec-23] c.p.backend.document.DocumentService     : ACL check: Layer1=PASS Layer2=PASS doc=7eb7b50a-21ec-4f40-a48a-98cccaa8f738 user=bench@pangochain.test
2026-07-31T21:04:42.850+06:00  INFO 577218 --- [pangochain-backend] [io-8080-exec-32] c.p.backend.document.DocumentService     : ACL check: Layer1=PASS Layer2=PASS doc=7eb7b50a-21ec-4f40-a48a-98cccaa8f738 user=bench@pangochain.test
2026-07-31T21:04:42.850+06:00  INFO 577218 --- [pangochain-backend] [io-8080-exec-47] c.p.backend.document.DocumentService     : ACL check: Layer1=PASS Layer2=PASS doc=7eb7b50a-21ec-4f40-a48a-98cccaa8f738 user=bench@pangochain.test
2026-07-31T21:04:42.850+06:00  INFO 577218 --- [pangochain-backend] [io-8080-exec-19] c.p.backend.document.DocumentService     : ACL check: Layer1=PASS Layer2=PASS doc=7eb7b50a-21ec-4f40-a48a-98cccaa8f738 user=bench@pangochain.test
2026-07-31T21:04:42.850+06:00  INFO 577218 --- [pangochain-backend] [io-8080-exec-35] c.p.backend.document.DocumentService     : ACL check: Layer1=PASS Layer2=PASS doc=7eb7b50a-21ec-4f40-a48a-98cccaa8f738 user=bench@pangochain.test
2026-07-31T21:04:42.851+06:00  INFO 577218 --- [pangochain-backend] [io-8080-exec-17] c.p.backend.document.DocumentService     : ACL check: Layer1=PASS Layer2=PASS doc=7eb7b50a-21ec-4f40-a48a-98cccaa8f738 user=bench@pangochain.test
2026-07-31T21:04:42.847+06:00  INFO 577218 --- [pangochain-backend] [io-8080-exec-31] c.p.backend.document.DocumentService     : ACL check: Layer1=PASS Layer2=PASS doc=7eb7b50a-21ec-4f40-a48a-98cccaa8f738 user=bench@pangochain.test
2026-07-31T21:04:42.853+06:00  INFO 577218 --- [pangochain-backend] [io-8080-exec-21] c.pangochain.backend.ipfs.IpfsService    : Fetched 780 bytes from primary IPFS CID=QmdMbyBpoGFK1mURYDVGnjQ4AkNoJfnaBed6stWNVYy8rq
2026-07-31T21:04:42.853+06:00  INFO 577218 --- [pangochain-backend] [nio-8080-exec-4] c.pangochain.backend.ipfs.IpfsService    : Fetched 780 bytes from primary IPFS CID=QmdMbyBpoGFK1mURYDVGnjQ4AkNoJfnaBed6stWNVYy8rq
2026-07-31T21:04:42.854+06:00  INFO 577218 --- [pangochain-backend] [nio-8080-exec-6] c.pangochain.backend.ipfs.IpfsService    : Fetched 780 bytes from primary IPFS CID=QmdMbyBpoGFK1mURYDVGnjQ4AkNoJfnaBed6stWNVYy8rq
2026-07-31T21:04:42.854+06:00  INFO 577218 --- [pangochain-backend] [io-8080-exec-12] c.pangochain.backend.ipfs.IpfsService    : Fetched 780 bytes from primary IPFS CID=QmdMbyBpoGFK1mURYDVGnjQ4AkNoJfnaBed6stWNVYy8rq
2026-07-31T21:04:42.855+06:00  INFO 577218 --- [pangochain-backend] [io-8080-exec-32] c.pangochain.backend.ipfs.IpfsService    : Fetched 780 bytes from primary IPFS CID=QmdMbyBpoGFK1mURYDVGnjQ4AkNoJfnaBed6stWNVYy8rq
2026-07-31T21:04:42.855+06:00  INFO 577218 --- [pangochain-backend] [io-8080-exec-13] c.pangochain.backend.ipfs.IpfsService    : Fetched 780 bytes from primary IPFS CID=QmdMbyBpoGFK1mURYDVGnjQ4AkNoJfnaBed6stWNVYy8rq
2026-07-31T21:04:42.855+06:00  INFO 577218 --- [pangochain-backend] [io-8080-exec-30] c.pangochain.backend.ipfs.IpfsService    : Fetched 780 bytes from primary IPFS CID=QmdMbyBpoGFK1mURYDVGnjQ4AkNoJfnaBed6stWNVYy8rq
2026-07-31T21:04:42.855+06:00  INFO 577218 --- [pangochain-backend] [nio-8080-exec-2] c.pangochain.backend.ipfs.IpfsService    : Fetched 780 bytes from primary IPFS CID=QmdMbyBpoGFK1mURYDVGnjQ4AkNoJfnaBed6stWNVYy8rq
2026-07-31T21:04:42.856+06:00  INFO 577218 --- [pangochain-backend] [io-8080-exec-49] c.pangochain.backend.ipfs.IpfsService    : Fetched 780 bytes from primary IPFS CID=QmdMbyBpoGFK1mURYDVGnjQ4AkNoJfnaBed6stWNVYy8rq
2026-07-31T21:04:42.856+06:00  INFO 577218 --- [pangochain-backend] [io-8080-exec-17] c.pangochain.backend.ipfs.IpfsService    : Fetched 780 bytes from primary IPFS CID=QmdMbyBpoGFK1mURYDVGnjQ4AkNoJfnaBed6stWNVYy8rq
2026-07-31T21:04:42.856+06:00  INFO 577218 --- [pangochain-backend] [io-8080-exec-10] c.pangochain.backend.ipfs.IpfsService    : Fetched 780 bytes from primary IPFS CID=QmdMbyBpoGFK1mURYDVGnjQ4AkNoJfnaBed6stWNVYy8rq
2026-07-31T21:04:42.856+06:00  INFO 577218 --- [pangochain-backend] [io-8080-exec-44] c.pangochain.backend.ipfs.IpfsService    : Fetched 780 bytes from primary IPFS CID=QmdMbyBpoGFK1mURYDVGnjQ4AkNoJfnaBed6stWNVYy8rq
2026-07-31T21:04:42.857+06:00  INFO 577218 --- [pangochain-backend] [io-8080-exec-28] c.pangochain.backend.ipfs.IpfsService    : Fetched 780 bytes from primary IPFS CID=QmdMbyBpoGFK1mURYDVGnjQ4AkNoJfnaBed6stWNVYy8rq
2026-07-31T21:04:42.857+06:00  INFO 577218 --- [pangochain-backend] [io-8080-exec-15] c.pangochain.backend.ipfs.IpfsService    : Fetched 780 bytes from primary IPFS CID=QmdMbyBpoGFK1mURYDVGnjQ4AkNoJfnaBed6stWNVYy8rq
2026-07-31T21:04:42.860+06:00  INFO 577218 --- [pangochain-backend] [io-8080-exec-29] c.pangochain.backend.ipfs.IpfsService    : Fetched 780 bytes from primary IPFS CID=QmdMbyBpoGFK1mURYDVGnjQ4AkNoJfnaBed6stWNVYy8rq
2026-07-31T21:04:42.861+06:00  INFO 577218 --- [pangochain-backend] [io-8080-exec-36] c.pangochain.backend.ipfs.IpfsService    : Fetched 780 bytes from primary IPFS CID=QmdMbyBpoGFK1mURYDVGnjQ4AkNoJfnaBed6stWNVYy8rq
2026-07-31T21:04:42.862+06:00  INFO 577218 --- [pangochain-backend] [io-8080-exec-39] c.pangochain.backend.ipfs.IpfsService    : Fetched 780 bytes from primary IPFS CID=QmdMbyBpoGFK1mURYDVGnjQ4AkNoJfnaBed6stWNVYy8rq
2026-07-31T21:04:42.862+06:00  INFO 577218 --- [pangochain-backend] [io-8080-exec-41] c.pangochain.backend.ipfs.IpfsService    : Fetched 780 bytes from primary IPFS CID=QmdMbyBpoGFK1mURYDVGnjQ4AkNoJfnaBed6stWNVYy8rq
2026-07-31T21:04:42.865+06:00  INFO 577218 --- [pangochain-backend] [nio-8080-exec-5] c.pangochain.backend.ipfs.IpfsService    : Fetched 780 bytes from primary IPFS CID=QmdMbyBpoGFK1mURYDVGnjQ4AkNoJfnaBed6stWNVYy8rq
2026-07-31T21:04:42.865+06:00  INFO 577218 --- [pangochain-backend] [io-8080-exec-38] c.pangochain.backend.ipfs.IpfsService    : Fetched 780 bytes from primary IPFS CID=QmdMbyBpoGFK1mURYDVGnjQ4AkNoJfnaBed6stWNVYy8rq
2026-07-31T21:04:42.866+06:00  INFO 577218 --- [pangochain-backend] [nio-8080-exec-7] c.pangochain.backend.ipfs.IpfsService    : Fetched 780 bytes from primary IPFS CID=QmdMbyBpoGFK1mURYDVGnjQ4AkNoJfnaBed6stWNVYy8rq
2026-07-31T21:04:42.866+06:00  INFO 577218 --- [pangochain-backend] [io-8080-exec-11] c.pangochain.backend.ipfs.IpfsService    : Fetched 780 bytes from primary IPFS CID=QmdMbyBpoGFK1mURYDVGnjQ4AkNoJfnaBed6stWNVYy8rq
2026-07-31T21:04:42.866+06:00  INFO 577218 --- [pangochain-backend] [io-8080-exec-46] c.pangochain.backend.ipfs.IpfsService    : Fetched 780 bytes from primary IPFS CID=QmdMbyBpoGFK1mURYDVGnjQ4AkNoJfnaBed6stWNVYy8rq
2026-07-31T21:04:42.868+06:00  INFO 577218 --- [pangochain-backend] [io-8080-exec-35] c.pangochain.backend.ipfs.IpfsService    : Fetched 780 bytes from primary IPFS CID=QmdMbyBpoGFK1mURYDVGnjQ4AkNoJfnaBed6stWNVYy8rq
2026-07-31T21:04:42.871+06:00  INFO 577218 --- [pangochain-backend] [io-8080-exec-18] c.pangochain.backend.ipfs.IpfsService    : Fetched 780 bytes from primary IPFS CID=QmdMbyBpoGFK1mURYDVGnjQ4AkNoJfnaBed6stWNVYy8rq
2026-07-31T21:04:42.871+06:00  INFO 577218 --- [pangochain-backend] [io-8080-exec-19] c.pangochain.backend.ipfs.IpfsService    : Fetched 780 bytes from primary IPFS CID=QmdMbyBpoGFK1mURYDVGnjQ4AkNoJfnaBed6stWNVYy8rq
2026-07-31T21:04:42.871+06:00  INFO 577218 --- [pangochain-backend] [io-8080-exec-26] c.pangochain.backend.ipfs.IpfsService    : Fetched 780 bytes from primary IPFS CID=QmdMbyBpoGFK1mURYDVGnjQ4AkNoJfnaBed6stWNVYy8rq
2026-07-31T21:04:42.872+06:00  INFO 577218 --- [pangochain-backend] [io-8080-exec-25] c.pangochain.backend.ipfs.IpfsService    : Fetched 780 bytes from primary IPFS CID=QmdMbyBpoGFK1mURYDVGnjQ4AkNoJfnaBed6stWNVYy8rq
2026-07-31T21:04:42.872+06:00  INFO 577218 --- [pangochain-backend] [io-8080-exec-14] c.pangochain.backend.ipfs.IpfsService    : Fetched 780 bytes from primary IPFS CID=QmdMbyBpoGFK1mURYDVGnjQ4AkNoJfnaBed6stWNVYy8rq
2026-07-31T21:04:42.877+06:00  INFO 577218 --- [pangochain-backend] [io-8080-exec-23] c.pangochain.backend.ipfs.IpfsService    : Fetched 780 bytes from primary IPFS CID=QmdMbyBpoGFK1mURYDVGnjQ4AkNoJfnaBed6stWNVYy8rq
2026-07-31T21:04:42.884+06:00  INFO 577218 --- [pangochain-backend] [io-8080-exec-43] c.p.backend.document.DocumentService     : ACL check: Layer1=PASS Layer2=PASS doc=7eb7b50a-21ec-4f40-a48a-98cccaa8f738 user=bench@pangochain.test
2026-07-31T21:04:42.886+06:00  INFO 577218 --- [pangochain-backend] [io-8080-exec-33] c.pangochain.backend.ipfs.IpfsService    : Fetched 780 bytes from primary IPFS CID=QmdMbyBpoGFK1mURYDVGnjQ4AkNoJfnaBed6stWNVYy8rq
2026-07-31T21:04:42.887+06:00  INFO 577218 --- [pangochain-backend] [io-8080-exec-24] c.p.backend.document.DocumentService     : ACL check: Layer1=PASS Layer2=PASS doc=7eb7b50a-21ec-4f40-a48a-98cccaa8f738 user=bench@pangochain.test
2026-07-31T21:04:42.888+06:00  INFO 577218 --- [pangochain-backend] [io-8080-exec-48] c.p.backend.document.DocumentService     : ACL check: Layer1=PASS Layer2=PASS doc=7eb7b50a-21ec-4f40-a48a-98cccaa8f738 user=bench@pangochain.test
2026-07-31T21:04:42.888+06:00  INFO 577218 --- [pangochain-backend] [io-8080-exec-20] c.p.backend.document.DocumentService     : ACL check: Layer1=PASS Layer2=PASS doc=7eb7b50a-21ec-4f40-a48a-98cccaa8f738 user=bench@pangochain.test
2026-07-31T21:04:42.889+06:00  INFO 577218 --- [pangochain-backend] [io-8080-exec-45] c.p.backend.document.DocumentService     : ACL check: Layer1=PASS Layer2=PASS doc=7eb7b50a-21ec-4f40-a48a-98cccaa8f738 user=bench@pangochain.test
2026-07-31T21:04:42.889+06:00  INFO 577218 --- [pangochain-backend] [io-8080-exec-42] c.p.backend.document.DocumentService     : ACL check: Layer1=PASS Layer2=PASS doc=7eb7b50a-21ec-4f40-a48a-98cccaa8f738 user=bench@pangochain.test
2026-07-31T21:04:42.889+06:00  INFO 577218 --- [pangochain-backend] [io-8080-exec-21] c.p.backend.document.DocumentService     : ACL check: Layer1=PASS Layer2=PASS doc=7eb7b50a-21ec-4f40-a48a-98cccaa8f738 user=bench@pangochain.test
2026-07-31T21:04:42.900+06:00  INFO 577218 --- [pangochain-backend] [io-8080-exec-47] c.pangochain.backend.ipfs.IpfsService    : Fetched 780 bytes from primary IPFS CID=QmdMbyBpoGFK1mURYDVGnjQ4AkNoJfnaBed6stWNVYy8rq
2026-07-31T21:04:42.901+06:00  INFO 577218 --- [pangochain-backend] [io-8080-exec-48] c.pangochain.backend.ipfs.IpfsService    : Fetched 780 bytes from primary IPFS CID=QmdMbyBpoGFK1mURYDVGnjQ4AkNoJfnaBed6stWNVYy8rq
2026-07-31T21:04:42.901+06:00  INFO 577218 --- [pangochain-backend] [io-8080-exec-42] c.pangochain.backend.ipfs.IpfsService    : Fetched 780 bytes from primary IPFS CID=QmdMbyBpoGFK1mURYDVGnjQ4AkNoJfnaBed6stWNVYy8rq
2026-07-31T21:04:42.902+06:00  INFO 577218 --- [pangochain-backend] [io-8080-exec-24] c.pangochain.backend.ipfs.IpfsService    : Fetched 780 bytes from primary IPFS CID=QmdMbyBpoGFK1mURYDVGnjQ4AkNoJfnaBed6stWNVYy8rq
2026-07-31T21:04:42.902+06:00  INFO 577218 --- [pangochain-backend] [io-8080-exec-32] c.p.backend.document.DocumentService     : ACL check: Layer1=PASS Layer2=PASS doc=7eb7b50a-21ec-4f40-a48a-98cccaa8f738 user=bench@pangochain.test
2026-07-31T21:04:42.902+06:00  INFO 577218 --- [pangochain-backend] [io-8080-exec-40] c.p.backend.document.DocumentService     : ACL check: Layer1=PASS Layer2=PASS doc=7eb7b50a-21ec-4f40-a48a-98cccaa8f738 user=bench@pangochain.test
2026-07-31T21:04:42.902+06:00  INFO 577218 --- [pangochain-backend] [io-8080-exec-43] c.pangochain.backend.ipfs.IpfsService    : Fetched 780 bytes from primary IPFS CID=QmdMbyBpoGFK1mURYDVGnjQ4AkNoJfnaBed6stWNVYy8rq
2026-07-31T21:04:42.902+06:00  INFO 577218 --- [pangochain-backend] [io-8080-exec-45] c.pangochain.backend.ipfs.IpfsService    : Fetched 780 bytes from primary IPFS CID=QmdMbyBpoGFK1mURYDVGnjQ4AkNoJfnaBed6stWNVYy8rq
2026-07-31T21:04:42.902+06:00  INFO 577218 --- [pangochain-backend] [io-8080-exec-44] c.p.backend.document.DocumentService     : ACL check: Layer1=PASS Layer2=PASS doc=7eb7b50a-21ec-4f40-a48a-98cccaa8f738 user=bench@pangochain.test
2026-07-31T21:04:42.903+06:00  INFO 577218 --- [pangochain-backend] [nio-8080-exec-6] c.p.backend.document.DocumentService     : ACL check: Layer1=PASS Layer2=PASS doc=7eb7b50a-21ec-4f40-a48a-98cccaa8f738 user=bench@pangochain.test
2026-07-31T21:04:42.903+06:00  INFO 577218 --- [pangochain-backend] [io-8080-exec-20] c.pangochain.backend.ipfs.IpfsService    : Fetched 780 bytes from primary IPFS CID=QmdMbyBpoGFK1mURYDVGnjQ4AkNoJfnaBed6stWNVYy8rq
2026-07-31T21:04:42.903+06:00  INFO 577218 --- [pangochain-backend] [nio-8080-exec-1] c.p.backend.document.DocumentService     : ACL check: Layer1=PASS Layer2=PASS doc=7eb7b50a-21ec-4f40-a48a-98cccaa8f738 user=bench@pangochain.test
2026-07-31T21:04:42.903+06:00  INFO 577218 --- [pangochain-backend] [io-8080-exec-50] c.p.backend.document.DocumentService     : ACL check: Layer1=PASS Layer2=PASS doc=7eb7b50a-21ec-4f40-a48a-98cccaa8f738 user=bench@pangochain.test
2026-07-31T21:04:42.904+06:00  INFO 577218 --- [pangochain-backend] [io-8080-exec-34] c.p.backend.document.DocumentService     : ACL check: Layer1=PASS Layer2=PASS doc=7eb7b50a-21ec-4f40-a48a-98cccaa8f738 user=bench@pangochain.test
2026-07-31T21:04:42.904+06:00  INFO 577218 --- [pangochain-backend] [io-8080-exec-29] c.p.backend.document.DocumentService     : ACL check: Layer1=PASS Layer2=PASS doc=7eb7b50a-21ec-4f40-a48a-98cccaa8f738 user=bench@pangochain.test
2026-07-31T21:04:42.904+06:00  INFO 577218 --- [pangochain-backend] [io-8080-exec-30] c.p.backend.document.DocumentService     : ACL check: Layer1=PASS Layer2=PASS doc=7eb7b50a-21ec-4f40-a48a-98cccaa8f738 user=bench@pangochain.test
2026-07-31T21:04:42.904+06:00  INFO 577218 --- [pangochain-backend] [io-8080-exec-31] c.pangochain.backend.ipfs.IpfsService    : Fetched 780 bytes from primary IPFS CID=QmdMbyBpoGFK1mURYDVGnjQ4AkNoJfnaBed6stWNVYy8rq
2026-07-31T21:04:42.905+06:00  INFO 577218 --- [pangochain-backend] [io-8080-exec-21] c.pangochain.backend.ipfs.IpfsService    : Fetched 780 bytes from primary IPFS CID=QmdMbyBpoGFK1mURYDVGnjQ4AkNoJfnaBed6stWNVYy8rq
2026-07-31T21:04:42.906+06:00  INFO 577218 --- [pangochain-backend] [io-8080-exec-32] c.pangochain.backend.ipfs.IpfsService    : Fetched 780 bytes from primary IPFS CID=QmdMbyBpoGFK1mURYDVGnjQ4AkNoJfnaBed6stWNVYy8rq
2026-07-31T21:04:42.907+06:00  INFO 577218 --- [pangochain-backend] [io-8080-exec-40] c.pangochain.backend.ipfs.IpfsService    : Fetched 780 bytes from primary IPFS CID=QmdMbyBpoGFK1mURYDVGnjQ4AkNoJfnaBed6stWNVYy8rq
2026-07-31T21:04:42.907+06:00  INFO 577218 --- [pangochain-backend] [io-8080-exec-50] c.pangochain.backend.ipfs.IpfsService    : Fetched 780 bytes from primary IPFS CID=QmdMbyBpoGFK1mURYDVGnjQ4AkNoJfnaBed6stWNVYy8rq
2026-07-31T21:04:42.909+06:00  INFO 577218 --- [pangochain-backend] [io-8080-exec-34] c.pangochain.backend.ipfs.IpfsService    : Fetched 780 bytes from primary IPFS CID=QmdMbyBpoGFK1mURYDVGnjQ4AkNoJfnaBed6stWNVYy8rq
2026-07-31T21:04:42.910+06:00  INFO 577218 --- [pangochain-backend] [io-8080-exec-29] c.pangochain.backend.ipfs.IpfsService    : Fetched 780 bytes from primary IPFS CID=QmdMbyBpoGFK1mURYDVGnjQ4AkNoJfnaBed6stWNVYy8rq
2026-07-31T21:04:42.910+06:00  INFO 577218 --- [pangochain-backend] [io-8080-exec-10] c.p.backend.document.DocumentService     : ACL check: Layer1=PASS Layer2=PASS doc=7eb7b50a-21ec-4f40-a48a-98cccaa8f738 user=bench@pangochain.test
2026-07-31T21:04:42.910+06:00  INFO 577218 --- [pangochain-backend] [nio-8080-exec-6] c.pangochain.backend.ipfs.IpfsService    : Fetched 780 bytes from primary IPFS CID=QmdMbyBpoGFK1mURYDVGnjQ4AkNoJfnaBed6stWNVYy8rq
2026-07-31T21:04:42.911+06:00  INFO 577218 --- [pangochain-backend] [io-8080-exec-30] c.pangochain.backend.ipfs.IpfsService    : Fetched 780 bytes from primary IPFS CID=QmdMbyBpoGFK1mURYDVGnjQ4AkNoJfnaBed6stWNVYy8rq
2026-07-31T21:04:42.911+06:00  INFO 577218 --- [pangochain-backend] [io-8080-exec-44] c.pangochain.backend.ipfs.IpfsService    : Fetched 780 bytes from primary IPFS CID=QmdMbyBpoGFK1mURYDVGnjQ4AkNoJfnaBed6stWNVYy8rq
2026-07-31T21:04:42.911+06:00  INFO 577218 --- [pangochain-backend] [nio-8080-exec-4] c.p.backend.document.DocumentService     : ACL check: Layer1=PASS Layer2=PASS doc=7eb7b50a-21ec-4f40-a48a-98cccaa8f738 user=bench@pangochain.test
2026-07-31T21:04:42.912+06:00  INFO 577218 --- [pangochain-backend] [io-8080-exec-16] c.p.backend.document.DocumentService     : ACL check: Layer1=PASS Layer2=PASS doc=7eb7b50a-21ec-4f40-a48a-98cccaa8f738 user=bench@pangochain.test
2026-07-31T21:04:42.913+06:00  INFO 577218 --- [pangochain-backend] [nio-8080-exec-8] c.p.backend.document.DocumentService     : ACL check: Layer1=PASS Layer2=PASS doc=7eb7b50a-21ec-4f40-a48a-98cccaa8f738 user=bench@pangochain.test
2026-07-31T21:04:42.914+06:00  INFO 577218 --- [pangochain-backend] [nio-8080-exec-4] c.pangochain.backend.ipfs.IpfsService    : Fetched 780 bytes from primary IPFS CID=QmdMbyBpoGFK1mURYDVGnjQ4AkNoJfnaBed6stWNVYy8rq
2026-07-31T21:04:42.916+06:00  INFO 577218 --- [pangochain-backend] [nio-8080-exec-8] c.pangochain.backend.ipfs.IpfsService    : Fetched 780 bytes from primary IPFS CID=QmdMbyBpoGFK1mURYDVGnjQ4AkNoJfnaBed6stWNVYy8rq
2026-07-31T21:04:42.917+06:00  INFO 577218 --- [pangochain-backend] [io-8080-exec-16] c.pangochain.backend.ipfs.IpfsService    : Fetched 780 bytes from primary IPFS CID=QmdMbyBpoGFK1mURYDVGnjQ4AkNoJfnaBed6stWNVYy8rq
2026-07-31T21:04:42.917+06:00  INFO 577218 --- [pangochain-backend] [io-8080-exec-27] c.p.backend.document.DocumentService     : ACL check: Layer1=PASS Layer2=PASS doc=7eb7b50a-21ec-4f40-a48a-98cccaa8f738 user=bench@pangochain.test
2026-07-31T21:04:42.918+06:00  INFO 577218 --- [pangochain-backend] [io-8080-exec-10] c.pangochain.backend.ipfs.IpfsService    : Fetched 780 bytes from primary IPFS CID=QmdMbyBpoGFK1mURYDVGnjQ4AkNoJfnaBed6stWNVYy8rq
2026-07-31T21:04:42.919+06:00  INFO 577218 --- [pangochain-backend] [io-8080-exec-37] c.p.backend.document.DocumentService     : ACL check: Layer1=PASS Layer2=PASS doc=7eb7b50a-21ec-4f40-a48a-98cccaa8f738 user=bench@pangochain.test
2026-07-31T21:04:42.920+06:00  INFO 577218 --- [pangochain-backend] [io-8080-exec-17] c.p.backend.document.DocumentService     : ACL check: Layer1=PASS Layer2=PASS doc=7eb7b50a-21ec-4f40-a48a-98cccaa8f738 user=bench@pangochain.test
2026-07-31T21:04:42.921+06:00  INFO 577218 --- [pangochain-backend] [nio-8080-exec-9] c.p.backend.document.DocumentService     : ACL check: Layer1=PASS Layer2=PASS doc=7eb7b50a-21ec-4f40-a48a-98cccaa8f738 user=bench@pangochain.test
2026-07-31T21:04:42.921+06:00  INFO 577218 --- [pangochain-backend] [io-8080-exec-28] c.p.backend.document.DocumentService     : ACL check: Layer1=PASS Layer2=PASS doc=7eb7b50a-21ec-4f40-a48a-98cccaa8f738 user=bench@pangochain.test
2026-07-31T21:04:42.922+06:00  INFO 577218 --- [pangochain-backend] [io-8080-exec-51] c.p.backend.document.DocumentService     : ACL check: Layer1=PASS Layer2=PASS doc=7eb7b50a-21ec-4f40-a48a-98cccaa8f738 user=bench@pangochain.test
2026-07-31T21:04:42.922+06:00  INFO 577218 --- [pangochain-backend] [io-8080-exec-17] c.pangochain.backend.ipfs.IpfsService    : Fetched 780 bytes from primary IPFS CID=QmdMbyBpoGFK1mURYDVGnjQ4AkNoJfnaBed6stWNVYy8rq
2026-07-31T21:04:42.922+06:00  INFO 577218 --- [pangochain-backend] [nio-8080-exec-1] c.pangochain.backend.ipfs.IpfsService    : Fetched 780 bytes from primary IPFS CID=QmdMbyBpoGFK1mURYDVGnjQ4AkNoJfnaBed6stWNVYy8rq
2026-07-31T21:04:42.923+06:00  INFO 577218 --- [pangochain-backend] [io-8080-exec-27] c.pangochain.backend.ipfs.IpfsService    : Fetched 780 bytes from primary IPFS CID=QmdMbyBpoGFK1mURYDVGnjQ4AkNoJfnaBed6stWNVYy8rq
2026-07-31T21:04:42.925+06:00  INFO 577218 --- [pangochain-backend] [nio-8080-exec-9] c.pangochain.backend.ipfs.IpfsService    : Fetched 780 bytes from primary IPFS CID=QmdMbyBpoGFK1mURYDVGnjQ4AkNoJfnaBed6stWNVYy8rq
2026-07-31T21:04:42.925+06:00  INFO 577218 --- [pangochain-backend] [io-8080-exec-28] c.pangochain.backend.ipfs.IpfsService    : Fetched 780 bytes from primary IPFS CID=QmdMbyBpoGFK1mURYDVGnjQ4AkNoJfnaBed6stWNVYy8rq
2026-07-31T21:04:42.927+06:00  INFO 577218 --- [pangochain-backend] [io-8080-exec-49] c.p.backend.document.DocumentService     : ACL check: Layer1=PASS Layer2=PASS doc=7eb7b50a-21ec-4f40-a48a-98cccaa8f738 user=bench@pangochain.test
2026-07-31T21:04:42.929+06:00  INFO 577218 --- [pangochain-backend] [io-8080-exec-51] c.pangochain.backend.ipfs.IpfsService    : Fetched 780 bytes from primary IPFS CID=QmdMbyBpoGFK1mURYDVGnjQ4AkNoJfnaBed6stWNVYy8rq
2026-07-31T21:04:42.933+06:00  INFO 577218 --- [pangochain-backend] [io-8080-exec-37] c.pangochain.backend.ipfs.IpfsService    : Fetched 780 bytes from primary IPFS CID=QmdMbyBpoGFK1mURYDVGnjQ4AkNoJfnaBed6stWNVYy8rq
2026-07-31T21:04:42.933+06:00  INFO 577218 --- [pangochain-backend] [io-8080-exec-12] c.p.backend.document.DocumentService     : ACL check: Layer1=PASS Layer2=PASS doc=7eb7b50a-21ec-4f40-a48a-98cccaa8f738 user=bench@pangochain.test
2026-07-31T21:04:42.933+06:00  INFO 577218 --- [pangochain-backend] [io-8080-exec-22] c.p.backend.document.DocumentService     : ACL check: Layer1=PASS Layer2=PASS doc=7eb7b50a-21ec-4f40-a48a-98cccaa8f738 user=bench@pangochain.test
2026-07-31T21:04:42.933+06:00  INFO 577218 --- [pangochain-backend] [io-8080-exec-38] c.p.backend.document.DocumentService     : ACL check: Layer1=PASS Layer2=PASS doc=7eb7b50a-21ec-4f40-a48a-98cccaa8f738 user=bench@pangochain.test
2026-07-31T21:04:42.933+06:00  INFO 577218 --- [pangochain-backend] [io-8080-exec-11] c.p.backend.document.DocumentService     : ACL check: Layer1=PASS Layer2=PASS doc=7eb7b50a-21ec-4f40-a48a-98cccaa8f738 user=bench@pangochain.test
2026-07-31T21:04:42.934+06:00  INFO 577218 --- [pangochain-backend] [io-8080-exec-48] c.p.backend.document.DocumentService     : ACL check: Layer1=PASS Layer2=PASS doc=7eb7b50a-21ec-4f40-a48a-98cccaa8f738 user=bench@pangochain.test
2026-07-31T21:04:42.934+06:00  INFO 577218 --- [pangochain-backend] [io-8080-exec-13] c.p.backend.document.DocumentService     : ACL check: Layer1=PASS Layer2=PASS doc=7eb7b50a-21ec-4f40-a48a-98cccaa8f738 user=bench@pangochain.test
2026-07-31T21:04:42.934+06:00  INFO 577218 --- [pangochain-backend] [io-8080-exec-49] c.pangochain.backend.ipfs.IpfsService    : Fetched 780 bytes from primary IPFS CID=QmdMbyBpoGFK1mURYDVGnjQ4AkNoJfnaBed6stWNVYy8rq
2026-07-31T21:04:42.935+06:00  INFO 577218 --- [pangochain-backend] [nio-8080-exec-3] c.p.backend.document.DocumentService     : ACL check: Layer1=PASS Layer2=PASS doc=7eb7b50a-21ec-4f40-a48a-98cccaa8f738 user=bench@pangochain.test
2026-07-31T21:04:42.935+06:00  INFO 577218 --- [pangochain-backend] [nio-8080-exec-2] c.p.backend.document.DocumentService     : ACL check: Layer1=PASS Layer2=PASS doc=7eb7b50a-21ec-4f40-a48a-98cccaa8f738 user=bench@pangochain.test
2026-07-31T21:04:42.935+06:00  INFO 577218 --- [pangochain-backend] [io-8080-exec-41] c.p.backend.document.DocumentService     : ACL check: Layer1=PASS Layer2=PASS doc=7eb7b50a-21ec-4f40-a48a-98cccaa8f738 user=bench@pangochain.test
2026-07-31T21:04:42.936+06:00  INFO 577218 --- [pangochain-backend] [io-8080-exec-46] c.p.backend.document.DocumentService     : ACL check: Layer1=PASS Layer2=PASS doc=7eb7b50a-21ec-4f40-a48a-98cccaa8f738 user=bench@pangochain.test
2026-07-31T21:04:42.936+06:00  INFO 577218 --- [pangochain-backend] [io-8080-exec-42] c.p.backend.document.DocumentService     : ACL check: Layer1=PASS Layer2=PASS doc=7eb7b50a-21ec-4f40-a48a-98cccaa8f738 user=bench@pangochain.test
2026-07-31T21:04:42.936+06:00  INFO 577218 --- [pangochain-backend] [io-8080-exec-25] c.p.backend.document.DocumentService     : ACL check: Layer1=PASS Layer2=PASS doc=7eb7b50a-21ec-4f40-a48a-98cccaa8f738 user=bench@pangochain.test
2026-07-31T21:04:42.936+06:00  INFO 577218 --- [pangochain-backend] [io-8080-exec-38] c.pangochain.backend.ipfs.IpfsService    : Fetched 780 bytes from primary IPFS CID=QmdMbyBpoGFK1mURYDVGnjQ4AkNoJfnaBed6stWNVYy8rq
2026-07-31T21:04:42.936+06:00  INFO 577218 --- [pangochain-backend] [io-8080-exec-39] c.p.backend.document.DocumentService     : ACL check: Layer1=PASS Layer2=PASS doc=7eb7b50a-21ec-4f40-a48a-98cccaa8f738 user=bench@pangochain.test
2026-07-31T21:04:42.937+06:00  INFO 577218 --- [pangochain-backend] [io-8080-exec-22] c.pangochain.backend.ipfs.IpfsService    : Fetched 780 bytes from primary IPFS CID=QmdMbyBpoGFK1mURYDVGnjQ4AkNoJfnaBed6stWNVYy8rq
2026-07-31T21:04:42.937+06:00  INFO 577218 --- [pangochain-backend] [io-8080-exec-11] c.pangochain.backend.ipfs.IpfsService    : Fetched 780 bytes from primary IPFS CID=QmdMbyBpoGFK1mURYDVGnjQ4AkNoJfnaBed6stWNVYy8rq
2026-07-31T21:04:42.938+06:00  INFO 577218 --- [pangochain-backend] [io-8080-exec-12] c.pangochain.backend.ipfs.IpfsService    : Fetched 780 bytes from primary IPFS CID=QmdMbyBpoGFK1mURYDVGnjQ4AkNoJfnaBed6stWNVYy8rq
2026-07-31T21:04:42.939+06:00  INFO 577218 --- [pangochain-backend] [io-8080-exec-41] c.pangochain.backend.ipfs.IpfsService    : Fetched 780 bytes from primary IPFS CID=QmdMbyBpoGFK1mURYDVGnjQ4AkNoJfnaBed6stWNVYy8rq
2026-07-31T21:04:42.938+06:00  INFO 577218 --- [pangochain-backend] [io-8080-exec-25] c.pangochain.backend.ipfs.IpfsService    : Fetched 780 bytes from primary IPFS CID=QmdMbyBpoGFK1mURYDVGnjQ4AkNoJfnaBed6stWNVYy8rq
2026-07-31T21:04:42.939+06:00  INFO 577218 --- [pangochain-backend] [io-8080-exec-46] c.pangochain.backend.ipfs.IpfsService    : Fetched 780 bytes from primary IPFS CID=QmdMbyBpoGFK1mURYDVGnjQ4AkNoJfnaBed6stWNVYy8rq
2026-07-31T21:04:42.940+06:00  INFO 577218 --- [pangochain-backend] [io-8080-exec-13] c.pangochain.backend.ipfs.IpfsService    : Fetched 780 bytes from primary IPFS CID=QmdMbyBpoGFK1mURYDVGnjQ4AkNoJfnaBed6stWNVYy8rq
2026-07-31T21:04:42.940+06:00  INFO 577218 --- [pangochain-backend] [io-8080-exec-39] c.pangochain.backend.ipfs.IpfsService    : Fetched 780 bytes from primary IPFS CID=QmdMbyBpoGFK1mURYDVGnjQ4AkNoJfnaBed6stWNVYy8rq
2026-07-31T21:04:42.940+06:00  INFO 577218 --- [pangochain-backend] [io-8080-exec-48] c.pangochain.backend.ipfs.IpfsService    : Fetched 780 bytes from primary IPFS CID=QmdMbyBpoGFK1mURYDVGnjQ4AkNoJfnaBed6stWNVYy8rq
2026-07-31T21:04:42.941+06:00  INFO 577218 --- [pangochain-backend] [io-8080-exec-36] c.p.backend.document.DocumentService     : ACL check: Layer1=PASS Layer2=PASS doc=7eb7b50a-21ec-4f40-a48a-98cccaa8f738 user=bench@pangochain.test
2026-07-31T21:04:42.942+06:00  INFO 577218 --- [pangochain-backend] [io-8080-exec-29] c.p.backend.document.DocumentService     : ACL check: Layer1=PASS Layer2=PASS doc=7eb7b50a-21ec-4f40-a48a-98cccaa8f738 user=bench@pangochain.test
2026-07-31T21:04:42.942+06:00  INFO 577218 --- [pangochain-backend] [nio-8080-exec-2] c.pangochain.backend.ipfs.IpfsService    : Fetched 780 bytes from primary IPFS CID=QmdMbyBpoGFK1mURYDVGnjQ4AkNoJfnaBed6stWNVYy8rq
2026-07-31T21:04:42.944+06:00  INFO 577218 --- [pangochain-backend] [io-8080-exec-42] c.pangochain.backend.ipfs.IpfsService    : Fetched 780 bytes from primary IPFS CID=QmdMbyBpoGFK1mURYDVGnjQ4AkNoJfnaBed6stWNVYy8rq
2026-07-31T21:04:42.944+06:00  INFO 577218 --- [pangochain-backend] [io-8080-exec-36] c.pangochain.backend.ipfs.IpfsService    : Fetched 780 bytes from primary IPFS CID=QmdMbyBpoGFK1mURYDVGnjQ4AkNoJfnaBed6stWNVYy8rq
2026-07-31T21:04:42.944+06:00  INFO 577218 --- [pangochain-backend] [nio-8080-exec-7] c.p.backend.document.DocumentService     : ACL check: Layer1=PASS Layer2=PASS doc=7eb7b50a-21ec-4f40-a48a-98cccaa8f738 user=bench@pangochain.test
2026-07-31T21:04:42.946+06:00  INFO 577218 --- [pangochain-backend] [io-8080-exec-29] c.pangochain.backend.ipfs.IpfsService    : Fetched 780 bytes from primary IPFS CID=QmdMbyBpoGFK1mURYDVGnjQ4AkNoJfnaBed6stWNVYy8rq
2026-07-31T21:04:42.946+06:00  INFO 577218 --- [pangochain-backend] [io-8080-exec-24] c.p.backend.document.DocumentService     : ACL check: Layer1=PASS Layer2=PASS doc=7eb7b50a-21ec-4f40-a48a-98cccaa8f738 user=bench@pangochain.test
2026-07-31T21:04:42.946+06:00  INFO 577218 --- [pangochain-backend] [nio-8080-exec-5] c.p.backend.document.DocumentService     : ACL check: Layer1=PASS Layer2=PASS doc=7eb7b50a-21ec-4f40-a48a-98cccaa8f738 user=bench@pangochain.test
2026-07-31T21:04:42.946+06:00  INFO 577218 --- [pangochain-backend] [io-8080-exec-47] c.p.backend.document.DocumentService     : ACL check: Layer1=PASS Layer2=PASS doc=7eb7b50a-21ec-4f40-a48a-98cccaa8f738 user=bench@pangochain.test
2026-07-31T21:04:42.946+06:00  INFO 577218 --- [pangochain-backend] [io-8080-exec-33] c.p.backend.document.DocumentService     : ACL check: Layer1=PASS Layer2=PASS doc=7eb7b50a-21ec-4f40-a48a-98cccaa8f738 user=bench@pangochain.test
2026-07-31T21:04:42.947+06:00  INFO 577218 --- [pangochain-backend] [io-8080-exec-21] c.p.backend.document.DocumentService     : ACL check: Layer1=PASS Layer2=PASS doc=7eb7b50a-21ec-4f40-a48a-98cccaa8f738 user=bench@pangochain.test
2026-07-31T21:04:42.947+06:00  INFO 577218 --- [pangochain-backend] [io-8080-exec-35] c.p.backend.document.DocumentService     : ACL check: Layer1=PASS Layer2=PASS doc=7eb7b50a-21ec-4f40-a48a-98cccaa8f738 user=bench@pangochain.test
2026-07-31T21:04:42.948+06:00  INFO 577218 --- [pangochain-backend] [io-8080-exec-33] c.pangochain.backend.ipfs.IpfsService    : Fetched 780 bytes from primary IPFS CID=QmdMbyBpoGFK1mURYDVGnjQ4AkNoJfnaBed6stWNVYy8rq
2026-07-31T21:04:42.948+06:00  INFO 577218 --- [pangochain-backend] [nio-8080-exec-5] c.pangochain.backend.ipfs.IpfsService    : Fetched 780 bytes from primary IPFS CID=QmdMbyBpoGFK1mURYDVGnjQ4AkNoJfnaBed6stWNVYy8rq
2026-07-31T21:04:42.948+06:00  INFO 577218 --- [pangochain-backend] [io-8080-exec-18] c.p.backend.document.DocumentService     : ACL check: Layer1=PASS Layer2=PASS doc=7eb7b50a-21ec-4f40-a48a-98cccaa8f738 user=bench@pangochain.test
2026-07-31T21:04:42.948+06:00  INFO 577218 --- [pangochain-backend] [io-8080-exec-40] c.p.backend.document.DocumentService     : ACL check: Layer1=PASS Layer2=PASS doc=7eb7b50a-21ec-4f40-a48a-98cccaa8f738 user=bench@pangochain.test
2026-07-31T21:04:42.949+06:00  INFO 577218 --- [pangochain-backend] [io-8080-exec-20] c.p.backend.document.DocumentService     : ACL check: Layer1=PASS Layer2=PASS doc=7eb7b50a-21ec-4f40-a48a-98cccaa8f738 user=bench@pangochain.test
2026-07-31T21:04:42.949+06:00  INFO 577218 --- [pangochain-backend] [io-8080-exec-43] c.p.backend.document.DocumentService     : ACL check: Layer1=PASS Layer2=PASS doc=7eb7b50a-21ec-4f40-a48a-98cccaa8f738 user=bench@pangochain.test
2026-07-31T21:04:42.951+06:00  INFO 577218 --- [pangochain-backend] [io-8080-exec-21] c.pangochain.backend.ipfs.IpfsService    : Fetched 780 bytes from primary IPFS CID=QmdMbyBpoGFK1mURYDVGnjQ4AkNoJfnaBed6stWNVYy8rq
2026-07-31T21:04:42.951+06:00  INFO 577218 --- [pangochain-backend] [io-8080-exec-18] c.pangochain.backend.ipfs.IpfsService    : Fetched 780 bytes from primary IPFS CID=QmdMbyBpoGFK1mURYDVGnjQ4AkNoJfnaBed6stWNVYy8rq
2026-07-31T21:04:42.952+06:00  INFO 577218 --- [pangochain-backend] [io-8080-exec-47] c.pangochain.backend.ipfs.IpfsService    : Fetched 780 bytes from primary IPFS CID=QmdMbyBpoGFK1mURYDVGnjQ4AkNoJfnaBed6stWNVYy8rq
2026-07-31T21:04:42.955+06:00  INFO 577218 --- [pangochain-backend] [io-8080-exec-32] c.p.backend.document.DocumentService     : ACL check: Layer1=PASS Layer2=PASS doc=7eb7b50a-21ec-4f40-a48a-98cccaa8f738 user=bench@pangochain.test
2026-07-31T21:04:42.956+06:00  INFO 577218 --- [pangochain-backend] [nio-8080-exec-7] c.pangochain.backend.ipfs.IpfsService    : Fetched 780 bytes from primary IPFS CID=QmdMbyBpoGFK1mURYDVGnjQ4AkNoJfnaBed6stWNVYy8rq
2026-07-31T21:04:42.957+06:00  INFO 577218 --- [pangochain-backend] [io-8080-exec-44] c.p.backend.document.DocumentService     : ACL check: Layer1=PASS Layer2=PASS doc=7eb7b50a-21ec-4f40-a48a-98cccaa8f738 user=bench@pangochain.test
2026-07-31T21:04:42.957+06:00  INFO 577218 --- [pangochain-backend] [io-8080-exec-24] c.pangochain.backend.ipfs.IpfsService    : Fetched 780 bytes from primary IPFS CID=QmdMbyBpoGFK1mURYDVGnjQ4AkNoJfnaBed6stWNVYy8rq
2026-07-31T21:04:42.958+06:00  INFO 577218 --- [pangochain-backend] [io-8080-exec-40] c.pangochain.backend.ipfs.IpfsService    : Fetched 780 bytes from primary IPFS CID=QmdMbyBpoGFK1mURYDVGnjQ4AkNoJfnaBed6stWNVYy8rq
2026-07-31T21:04:42.954+06:00  INFO 577218 --- [pangochain-backend] [io-8080-exec-35] c.pangochain.backend.ipfs.IpfsService    : Fetched 780 bytes from primary IPFS CID=QmdMbyBpoGFK1mURYDVGnjQ4AkNoJfnaBed6stWNVYy8rq
2026-07-31T21:04:42.958+06:00  INFO 577218 --- [pangochain-backend] [io-8080-exec-20] c.pangochain.backend.ipfs.IpfsService    : Fetched 780 bytes from primary IPFS CID=QmdMbyBpoGFK1mURYDVGnjQ4AkNoJfnaBed6stWNVYy8rq
2026-07-31T21:04:42.960+06:00  INFO 577218 --- [pangochain-backend] [io-8080-exec-44] c.pangochain.backend.ipfs.IpfsService    : Fetched 780 bytes from primary IPFS CID=QmdMbyBpoGFK1mURYDVGnjQ4AkNoJfnaBed6stWNVYy8rq
2026-07-31T21:04:42.961+06:00  INFO 577218 --- [pangochain-backend] [io-8080-exec-43] c.pangochain.backend.ipfs.IpfsService    : Fetched 780 bytes from primary IPFS CID=QmdMbyBpoGFK1mURYDVGnjQ4AkNoJfnaBed6stWNVYy8rq
2026-07-31T21:04:42.960+06:00  INFO 577218 --- [pangochain-backend] [nio-8080-exec-3] c.pangochain.backend.ipfs.IpfsService    : Fetched 780 bytes from primary IPFS CID=QmdMbyBpoGFK1mURYDVGnjQ4AkNoJfnaBed6stWNVYy8rq
2026-07-31T21:04:42.965+06:00  INFO 577218 --- [pangochain-backend] [io-8080-exec-32] c.pangochain.backend.ipfs.IpfsService    : Fetched 780 bytes from primary IPFS CID=QmdMbyBpoGFK1mURYDVGnjQ4AkNoJfnaBed6stWNVYy8rq
2026-07-31T21:04:42.968+06:00  INFO 577218 --- [pangochain-backend] [io-8080-exec-19] c.p.backend.document.DocumentService     : ACL check: Layer1=PASS Layer2=PASS doc=7eb7b50a-21ec-4f40-a48a-98cccaa8f738 user=bench@pangochain.test
2026-07-31T21:04:42.968+06:00  INFO 577218 --- [pangochain-backend] [io-8080-exec-16] c.p.backend.document.DocumentService     : ACL check: Layer1=PASS Layer2=PASS doc=7eb7b50a-21ec-4f40-a48a-98cccaa8f738 user=bench@pangochain.test
2026-07-31T21:04:42.969+06:00  INFO 577218 --- [pangochain-backend] [io-8080-exec-27] c.p.backend.document.DocumentService     : ACL check: Layer1=PASS Layer2=PASS doc=7eb7b50a-21ec-4f40-a48a-98cccaa8f738 user=bench@pangochain.test
2026-07-31T21:04:42.969+06:00  INFO 577218 --- [pangochain-backend] [nio-8080-exec-6] c.p.backend.document.DocumentService     : ACL check: Layer1=PASS Layer2=PASS doc=7eb7b50a-21ec-4f40-a48a-98cccaa8f738 user=bench@pangochain.test
2026-07-31T21:04:42.970+06:00  INFO 577218 --- [pangochain-backend] [io-8080-exec-31] c.p.backend.document.DocumentService     : ACL check: Layer1=PASS Layer2=PASS doc=7eb7b50a-21ec-4f40-a48a-98cccaa8f738 user=bench@pangochain.test
2026-07-31T21:04:42.970+06:00  INFO 577218 --- [pangochain-backend] [io-8080-exec-15] c.p.backend.document.DocumentService     : ACL check: Layer1=PASS Layer2=PASS doc=7eb7b50a-21ec-4f40-a48a-98cccaa8f738 user=bench@pangochain.test
2026-07-31T21:04:42.970+06:00  INFO 577218 --- [pangochain-backend] [io-8080-exec-22] c.p.backend.document.DocumentService     : ACL check: Layer1=PASS Layer2=PASS doc=7eb7b50a-21ec-4f40-a48a-98cccaa8f738 user=bench@pangochain.test
2026-07-31T21:04:42.970+06:00  INFO 577218 --- [pangochain-backend] [io-8080-exec-11] c.p.backend.document.DocumentService     : ACL check: Layer1=PASS Layer2=PASS doc=7eb7b50a-21ec-4f40-a48a-98cccaa8f738 user=bench@pangochain.test
2026-07-31T21:04:42.970+06:00  INFO 577218 --- [pangochain-backend] [io-8080-exec-49] c.p.backend.document.DocumentService     : ACL check: Layer1=PASS Layer2=PASS doc=7eb7b50a-21ec-4f40-a48a-98cccaa8f738 user=bench@pangochain.test
2026-07-31T21:04:42.970+06:00  INFO 577218 --- [pangochain-backend] [io-8080-exec-28] c.p.backend.document.DocumentService     : ACL check: Layer1=PASS Layer2=PASS doc=7eb7b50a-21ec-4f40-a48a-98cccaa8f738 user=bench@pangochain.test
2026-07-31T21:04:42.970+06:00  INFO 577218 --- [pangochain-backend] [io-8080-exec-10] c.p.backend.document.DocumentService     : ACL check: Layer1=PASS Layer2=PASS doc=7eb7b50a-21ec-4f40-a48a-98cccaa8f738 user=bench@pangochain.test
2026-07-31T21:04:42.971+06:00  INFO 577218 --- [pangochain-backend] [io-8080-exec-33] c.p.backend.document.DocumentService     : ACL check: Layer1=PASS Layer2=PASS doc=7eb7b50a-21ec-4f40-a48a-98cccaa8f738 user=bench@pangochain.test
2026-07-31T21:04:42.971+06:00  INFO 577218 --- [pangochain-backend] [nio-8080-exec-9] c.p.backend.document.DocumentService     : ACL check: Layer1=PASS Layer2=PASS doc=7eb7b50a-21ec-4f40-a48a-98cccaa8f738 user=bench@pangochain.test
2026-07-31T21:04:42.971+06:00  INFO 577218 --- [pangochain-backend] [io-8080-exec-26] c.p.backend.document.DocumentService     : ACL check: Layer1=PASS Layer2=PASS doc=7eb7b50a-21ec-4f40-a48a-98cccaa8f738 user=bench@pangochain.test
2026-07-31T21:04:42.971+06:00  INFO 577218 --- [pangochain-backend] [io-8080-exec-23] c.p.backend.document.DocumentService     : ACL check: Layer1=PASS Layer2=PASS doc=7eb7b50a-21ec-4f40-a48a-98cccaa8f738 user=bench@pangochain.test
2026-07-31T21:04:42.971+06:00  INFO 577218 --- [pangochain-backend] [io-8080-exec-36] c.p.backend.document.DocumentService     : ACL check: Layer1=PASS Layer2=PASS doc=7eb7b50a-21ec-4f40-a48a-98cccaa8f738 user=bench@pangochain.test
2026-07-31T21:04:42.970+06:00  INFO 577218 --- [pangochain-backend] [io-8080-exec-19] c.pangochain.backend.ipfs.IpfsService    : Fetched 780 bytes from primary IPFS CID=QmdMbyBpoGFK1mURYDVGnjQ4AkNoJfnaBed6stWNVYy8rq
2026-07-31T21:04:42.972+06:00  INFO 577218 --- [pangochain-backend] [io-8080-exec-17] c.p.backend.document.DocumentService     : ACL check: Layer1=PASS Layer2=PASS doc=7eb7b50a-21ec-4f40-a48a-98cccaa8f738 user=bench@pangochain.test
2026-07-31T21:04:42.972+06:00  INFO 577218 --- [pangochain-backend] [io-8080-exec-31] c.pangochain.backend.ipfs.IpfsService    : Fetched 780 bytes from primary IPFS CID=QmdMbyBpoGFK1mURYDVGnjQ4AkNoJfnaBed6stWNVYy8rq
2026-07-31T21:04:42.972+06:00  INFO 577218 --- [pangochain-backend] [io-8080-exec-11] c.pangochain.backend.ipfs.IpfsService    : Fetched 780 bytes from primary IPFS CID=QmdMbyBpoGFK1mURYDVGnjQ4AkNoJfnaBed6stWNVYy8rq
2026-07-31T21:04:42.972+06:00  INFO 577218 --- [pangochain-backend] [io-8080-exec-28] c.pangochain.backend.ipfs.IpfsService    : Fetched 780 bytes from primary IPFS CID=QmdMbyBpoGFK1mURYDVGnjQ4AkNoJfnaBed6stWNVYy8rq
2026-07-31T21:04:42.970+06:00  INFO 577218 --- [pangochain-backend] [nio-8080-exec-4] c.p.backend.document.DocumentService     : ACL check: Layer1=PASS Layer2=PASS doc=7eb7b50a-21ec-4f40-a48a-98cccaa8f738 user=bench@pangochain.test
2026-07-31T21:04:42.970+06:00  INFO 577218 --- [pangochain-backend] [io-8080-exec-38] c.p.backend.document.DocumentService     : ACL check: Layer1=PASS Layer2=PASS doc=7eb7b50a-21ec-4f40-a48a-98cccaa8f738 user=bench@pangochain.test
2026-07-31T21:04:42.971+06:00  INFO 577218 --- [pangochain-backend] [io-8080-exec-29] c.p.backend.document.DocumentService     : ACL check: Layer1=PASS Layer2=PASS doc=7eb7b50a-21ec-4f40-a48a-98cccaa8f738 user=bench@pangochain.test
2026-07-31T21:04:42.973+06:00  INFO 577218 --- [pangochain-backend] [io-8080-exec-49] c.pangochain.backend.ipfs.IpfsService    : Fetched 780 bytes from primary IPFS CID=QmdMbyBpoGFK1mURYDVGnjQ4AkNoJfnaBed6stWNVYy8rq
2026-07-31T21:04:42.973+06:00  INFO 577218 --- [pangochain-backend] [io-8080-exec-33] c.pangochain.backend.ipfs.IpfsService    : Fetched 780 bytes from primary IPFS CID=QmdMbyBpoGFK1mURYDVGnjQ4AkNoJfnaBed6stWNVYy8rq
2026-07-31T21:04:42.973+06:00  INFO 577218 --- [pangochain-backend] [io-8080-exec-27] c.pangochain.backend.ipfs.IpfsService    : Fetched 780 bytes from primary IPFS CID=QmdMbyBpoGFK1mURYDVGnjQ4AkNoJfnaBed6stWNVYy8rq
2026-07-31T21:04:42.973+06:00  INFO 577218 --- [pangochain-backend] [nio-8080-exec-9] c.pangochain.backend.ipfs.IpfsService    : Fetched 780 bytes from primary IPFS CID=QmdMbyBpoGFK1mURYDVGnjQ4AkNoJfnaBed6stWNVYy8rq
2026-07-31T21:04:42.974+06:00  INFO 577218 --- [pangochain-backend] [io-8080-exec-41] c.p.backend.document.DocumentService     : ACL check: Layer1=PASS Layer2=PASS doc=7eb7b50a-21ec-4f40-a48a-98cccaa8f738 user=bench@pangochain.test
2026-07-31T21:04:42.974+06:00  INFO 577218 --- [pangochain-backend] [io-8080-exec-51] c.p.backend.document.DocumentService     : ACL check: Layer1=PASS Layer2=PASS doc=7eb7b50a-21ec-4f40-a48a-98cccaa8f738 user=bench@pangochain.test
2026-07-31T21:04:42.974+06:00  INFO 577218 --- [pangochain-backend] [nio-8080-exec-5] c.p.backend.document.DocumentService     : ACL check: Layer1=PASS Layer2=PASS doc=7eb7b50a-21ec-4f40-a48a-98cccaa8f738 user=bench@pangochain.test
2026-07-31T21:04:42.975+06:00  INFO 577218 --- [pangochain-backend] [io-8080-exec-45] c.p.backend.document.DocumentService     : ACL check: Layer1=PASS Layer2=PASS doc=7eb7b50a-21ec-4f40-a48a-98cccaa8f738 user=bench@pangochain.test
2026-07-31T21:04:42.975+06:00  INFO 577218 --- [pangochain-backend] [io-8080-exec-10] c.pangochain.backend.ipfs.IpfsService    : Fetched 780 bytes from primary IPFS CID=QmdMbyBpoGFK1mURYDVGnjQ4AkNoJfnaBed6stWNVYy8rq
2026-07-31T21:04:42.975+06:00  INFO 577218 --- [pangochain-backend] [io-8080-exec-16] c.pangochain.backend.ipfs.IpfsService    : Fetched 780 bytes from primary IPFS CID=QmdMbyBpoGFK1mURYDVGnjQ4AkNoJfnaBed6stWNVYy8rq
2026-07-31T21:04:42.971+06:00  INFO 577218 --- [pangochain-backend] [io-8080-exec-34] c.p.backend.document.DocumentService     : ACL check: Layer1=PASS Layer2=PASS doc=7eb7b50a-21ec-4f40-a48a-98cccaa8f738 user=bench@pangochain.test
2026-07-31T21:04:42.971+06:00  INFO 577218 --- [pangochain-backend] [io-8080-exec-30] c.p.backend.document.DocumentService     : ACL check: Layer1=PASS Layer2=PASS doc=7eb7b50a-21ec-4f40-a48a-98cccaa8f738 user=bench@pangochain.test
2026-07-31T21:04:42.971+06:00  INFO 577218 --- [pangochain-backend] [io-8080-exec-14] c.p.backend.document.DocumentService     : ACL check: Layer1=PASS Layer2=PASS doc=7eb7b50a-21ec-4f40-a48a-98cccaa8f738 user=bench@pangochain.test
2026-07-31T21:04:42.971+06:00  INFO 577218 --- [pangochain-backend] [io-8080-exec-37] c.p.backend.document.DocumentService     : ACL check: Layer1=PASS Layer2=PASS doc=7eb7b50a-21ec-4f40-a48a-98cccaa8f738 user=bench@pangochain.test
2026-07-31T21:04:42.976+06:00  INFO 577218 --- [pangochain-backend] [io-8080-exec-12] c.p.backend.document.DocumentService     : ACL check: Layer1=PASS Layer2=PASS doc=7eb7b50a-21ec-4f40-a48a-98cccaa8f738 user=bench@pangochain.test
2026-07-31T21:04:42.971+06:00  INFO 577218 --- [pangochain-backend] [nio-8080-exec-1] c.p.backend.document.DocumentService     : ACL check: Layer1=PASS Layer2=PASS doc=7eb7b50a-21ec-4f40-a48a-98cccaa8f738 user=bench@pangochain.test
2026-07-31T21:04:42.977+06:00  INFO 577218 --- [pangochain-backend] [io-8080-exec-23] c.pangochain.backend.ipfs.IpfsService    : Fetched 780 bytes from primary IPFS CID=QmdMbyBpoGFK1mURYDVGnjQ4AkNoJfnaBed6stWNVYy8rq
2026-07-31T21:04:42.977+06:00  INFO 577218 --- [pangochain-backend] [io-8080-exec-38] c.pangochain.backend.ipfs.IpfsService    : Fetched 780 bytes from primary IPFS CID=QmdMbyBpoGFK1mURYDVGnjQ4AkNoJfnaBed6stWNVYy8rq
2026-07-31T21:04:42.977+06:00  INFO 577218 --- [pangochain-backend] [io-8080-exec-26] c.pangochain.backend.ipfs.IpfsService    : Fetched 780 bytes from primary IPFS CID=QmdMbyBpoGFK1mURYDVGnjQ4AkNoJfnaBed6stWNVYy8rq
2026-07-31T21:04:42.978+06:00  INFO 577218 --- [pangochain-backend] [nio-8080-exec-4] c.pangochain.backend.ipfs.IpfsService    : Fetched 780 bytes from primary IPFS CID=QmdMbyBpoGFK1mURYDVGnjQ4AkNoJfnaBed6stWNVYy8rq
2026-07-31T21:04:42.978+06:00  INFO 577218 --- [pangochain-backend] [io-8080-exec-36] c.pangochain.backend.ipfs.IpfsService    : Fetched 780 bytes from primary IPFS CID=QmdMbyBpoGFK1mURYDVGnjQ4AkNoJfnaBed6stWNVYy8rq
2026-07-31T21:04:42.978+06:00  INFO 577218 --- [pangochain-backend] [nio-8080-exec-6] c.pangochain.backend.ipfs.IpfsService    : Fetched 780 bytes from primary IPFS CID=QmdMbyBpoGFK1mURYDVGnjQ4AkNoJfnaBed6stWNVYy8rq
2026-07-31T21:04:42.971+06:00  INFO 577218 --- [pangochain-backend] [io-8080-exec-50] c.p.backend.document.DocumentService     : ACL check: Layer1=PASS Layer2=PASS doc=7eb7b50a-21ec-4f40-a48a-98cccaa8f738 user=bench@pangochain.test
2026-07-31T21:04:42.982+06:00  INFO 577218 --- [pangochain-backend] [io-8080-exec-17] c.pangochain.backend.ipfs.IpfsService    : Fetched 780 bytes from primary IPFS CID=QmdMbyBpoGFK1mURYDVGnjQ4AkNoJfnaBed6stWNVYy8rq
2026-07-31T21:04:42.982+06:00  INFO 577218 --- [pangochain-backend] [io-8080-exec-41] c.pangochain.backend.ipfs.IpfsService    : Fetched 780 bytes from primary IPFS CID=QmdMbyBpoGFK1mURYDVGnjQ4AkNoJfnaBed6stWNVYy8rq
2026-07-31T21:04:42.984+06:00  INFO 577218 --- [pangochain-backend] [io-8080-exec-20] c.p.backend.document.DocumentService     : ACL check: Layer1=PASS Layer2=PASS doc=7eb7b50a-21ec-4f40-a48a-98cccaa8f738 user=bench@pangochain.test
2026-07-31T21:04:42.985+06:00  INFO 577218 --- [pangochain-backend] [io-8080-exec-25] c.p.backend.document.DocumentService     : ACL check: Layer1=PASS Layer2=PASS doc=7eb7b50a-21ec-4f40-a48a-98cccaa8f738 user=bench@pangochain.test
2026-07-31T21:04:42.985+06:00  INFO 577218 --- [pangochain-backend] [io-8080-exec-18] c.p.backend.document.DocumentService     : ACL check: Layer1=PASS Layer2=PASS doc=7eb7b50a-21ec-4f40-a48a-98cccaa8f738 user=bench@pangochain.test
2026-07-31T21:04:42.985+06:00  INFO 577218 --- [pangochain-backend] [io-8080-exec-39] c.p.backend.document.DocumentService     : ACL check: Layer1=PASS Layer2=PASS doc=7eb7b50a-21ec-4f40-a48a-98cccaa8f738 user=bench@pangochain.test
2026-07-31T21:04:42.985+06:00  INFO 577218 --- [pangochain-backend] [io-8080-exec-21] c.p.backend.document.DocumentService     : ACL check: Layer1=PASS Layer2=PASS doc=7eb7b50a-21ec-4f40-a48a-98cccaa8f738 user=bench@pangochain.test
2026-07-31T21:04:42.986+06:00  INFO 577218 --- [pangochain-backend] [io-8080-exec-35] c.p.backend.document.DocumentService     : ACL check: Layer1=PASS Layer2=PASS doc=7eb7b50a-21ec-4f40-a48a-98cccaa8f738 user=bench@pangochain.test
2026-07-31T21:04:42.986+06:00  INFO 577218 --- [pangochain-backend] [io-8080-exec-45] c.pangochain.backend.ipfs.IpfsService    : Fetched 780 bytes from primary IPFS CID=QmdMbyBpoGFK1mURYDVGnjQ4AkNoJfnaBed6stWNVYy8rq
2026-07-31T21:04:42.987+06:00  INFO 577218 --- [pangochain-backend] [nio-8080-exec-1] c.pangochain.backend.ipfs.IpfsService    : Fetched 780 bytes from primary IPFS CID=QmdMbyBpoGFK1mURYDVGnjQ4AkNoJfnaBed6stWNVYy8rq
2026-07-31T21:04:42.989+06:00  INFO 577218 --- [pangochain-backend] [io-8080-exec-34] c.pangochain.backend.ipfs.IpfsService    : Fetched 780 bytes from primary IPFS CID=QmdMbyBpoGFK1mURYDVGnjQ4AkNoJfnaBed6stWNVYy8rq
2026-07-31T21:04:42.989+06:00  INFO 577218 --- [pangochain-backend] [io-8080-exec-47] c.p.backend.document.DocumentService     : ACL check: Layer1=PASS Layer2=PASS doc=7eb7b50a-21ec-4f40-a48a-98cccaa8f738 user=bench@pangochain.test
2026-07-31T21:04:42.989+06:00  INFO 577218 --- [pangochain-backend] [io-8080-exec-48] c.p.backend.document.DocumentService     : ACL check: Layer1=PASS Layer2=PASS doc=7eb7b50a-21ec-4f40-a48a-98cccaa8f738 user=bench@pangochain.test
2026-07-31T21:04:42.977+06:00  INFO 577218 --- [pangochain-backend] [io-8080-exec-29] c.pangochain.backend.ipfs.IpfsService    : Fetched 780 bytes from primary IPFS CID=QmdMbyBpoGFK1mURYDVGnjQ4AkNoJfnaBed6stWNVYy8rq
2026-07-31T21:04:42.991+06:00  INFO 577218 --- [pangochain-backend] [io-8080-exec-42] c.p.backend.document.DocumentService     : ACL check: Layer1=PASS Layer2=PASS doc=7eb7b50a-21ec-4f40-a48a-98cccaa8f738 user=bench@pangochain.test
2026-07-31T21:04:42.991+06:00  INFO 577218 --- [pangochain-backend] [io-8080-exec-15] c.pangochain.backend.ipfs.IpfsService    : Fetched 780 bytes from primary IPFS CID=QmdMbyBpoGFK1mURYDVGnjQ4AkNoJfnaBed6stWNVYy8rq
2026-07-31T21:04:42.991+06:00  INFO 577218 --- [pangochain-backend] [nio-8080-exec-2] c.p.backend.document.DocumentService     : ACL check: Layer1=PASS Layer2=PASS doc=7eb7b50a-21ec-4f40-a48a-98cccaa8f738 user=bench@pangochain.test
2026-07-31T21:04:42.991+06:00  INFO 577218 --- [pangochain-backend] [io-8080-exec-24] c.p.backend.document.DocumentService     : ACL check: Layer1=PASS Layer2=PASS doc=7eb7b50a-21ec-4f40-a48a-98cccaa8f738 user=bench@pangochain.test
2026-07-31T21:04:42.991+06:00  INFO 577218 --- [pangochain-backend] [io-8080-exec-13] c.p.backend.document.DocumentService     : ACL check: Layer1=PASS Layer2=PASS doc=7eb7b50a-21ec-4f40-a48a-98cccaa8f738 user=bench@pangochain.test
2026-07-31T21:04:42.984+06:00  INFO 577218 --- [pangochain-backend] [io-8080-exec-46] c.p.backend.document.DocumentService     : ACL check: Layer1=PASS Layer2=PASS doc=7eb7b50a-21ec-4f40-a48a-98cccaa8f738 user=bench@pangochain.test
2026-07-31T21:04:42.991+06:00  INFO 577218 --- [pangochain-backend] [io-8080-exec-40] c.p.backend.document.DocumentService     : ACL check: Layer1=PASS Layer2=PASS doc=7eb7b50a-21ec-4f40-a48a-98cccaa8f738 user=bench@pangochain.test
2026-07-31T21:04:42.992+06:00  INFO 577218 --- [pangochain-backend] [io-8080-exec-44] c.p.backend.document.DocumentService     : ACL check: Layer1=PASS Layer2=PASS doc=7eb7b50a-21ec-4f40-a48a-98cccaa8f738 user=bench@pangochain.test
2026-07-31T21:04:42.992+06:00  INFO 577218 --- [pangochain-backend] [io-8080-exec-30] c.pangochain.backend.ipfs.IpfsService    : Fetched 780 bytes from primary IPFS CID=QmdMbyBpoGFK1mURYDVGnjQ4AkNoJfnaBed6stWNVYy8rq
2026-07-31T21:04:42.993+06:00  INFO 577218 --- [pangochain-backend] [io-8080-exec-48] c.pangochain.backend.ipfs.IpfsService    : Fetched 780 bytes from primary IPFS CID=QmdMbyBpoGFK1mURYDVGnjQ4AkNoJfnaBed6stWNVYy8rq
2026-07-31T21:04:42.985+06:00  INFO 577218 --- [pangochain-backend] [nio-8080-exec-7] c.p.backend.document.DocumentService     : ACL check: Layer1=PASS Layer2=PASS doc=7eb7b50a-21ec-4f40-a48a-98cccaa8f738 user=bench@pangochain.test
2026-07-31T21:04:42.991+06:00  INFO 577218 --- [pangochain-backend] [nio-8080-exec-8] c.p.backend.document.DocumentService     : ACL check: Layer1=PASS Layer2=PASS doc=7eb7b50a-21ec-4f40-a48a-98cccaa8f738 user=bench@pangochain.test
2026-07-31T21:04:42.995+06:00  INFO 577218 --- [pangochain-backend] [io-8080-exec-14] c.pangochain.backend.ipfs.IpfsService    : Fetched 780 bytes from primary IPFS CID=QmdMbyBpoGFK1mURYDVGnjQ4AkNoJfnaBed6stWNVYy8rq
2026-07-31T21:04:42.996+06:00  INFO 577218 --- [pangochain-backend] [io-8080-exec-21] c.pangochain.backend.ipfs.IpfsService    : Fetched 780 bytes from primary IPFS CID=QmdMbyBpoGFK1mURYDVGnjQ4AkNoJfnaBed6stWNVYy8rq
2026-07-31T21:04:42.997+06:00  INFO 577218 --- [pangochain-backend] [io-8080-exec-13] c.pangochain.backend.ipfs.IpfsService    : Fetched 780 bytes from primary IPFS CID=QmdMbyBpoGFK1mURYDVGnjQ4AkNoJfnaBed6stWNVYy8rq
2026-07-31T21:04:42.997+06:00  INFO 577218 --- [pangochain-backend] [io-8080-exec-39] c.pangochain.backend.ipfs.IpfsService    : Fetched 780 bytes from primary IPFS CID=QmdMbyBpoGFK1mURYDVGnjQ4AkNoJfnaBed6stWNVYy8rq
2026-07-31T21:04:42.997+06:00  INFO 577218 --- [pangochain-backend] [nio-8080-exec-3] c.p.backend.document.DocumentService     : ACL check: Layer1=PASS Layer2=PASS doc=7eb7b50a-21ec-4f40-a48a-98cccaa8f738 user=bench@pangochain.test
2026-07-31T21:04:42.998+06:00  INFO 577218 --- [pangochain-backend] [io-8080-exec-20] c.pangochain.backend.ipfs.IpfsService    : Fetched 780 bytes from primary IPFS CID=QmdMbyBpoGFK1mURYDVGnjQ4AkNoJfnaBed6stWNVYy8rq
2026-07-31T21:04:42.998+06:00  INFO 577218 --- [pangochain-backend] [io-8080-exec-32] c.p.backend.document.DocumentService     : ACL check: Layer1=PASS Layer2=PASS doc=7eb7b50a-21ec-4f40-a48a-98cccaa8f738 user=bench@pangochain.test
2026-07-31T21:04:42.998+06:00  INFO 577218 --- [pangochain-backend] [io-8080-exec-24] c.pangochain.backend.ipfs.IpfsService    : Fetched 780 bytes from primary IPFS CID=QmdMbyBpoGFK1mURYDVGnjQ4AkNoJfnaBed6stWNVYy8rq
2026-07-31T21:04:42.998+06:00  INFO 577218 --- [pangochain-backend] [io-8080-exec-12] c.pangochain.backend.ipfs.IpfsService    : Fetched 780 bytes from primary IPFS CID=QmdMbyBpoGFK1mURYDVGnjQ4AkNoJfnaBed6stWNVYy8rq
2026-07-31T21:04:43.000+06:00  INFO 577218 --- [pangochain-backend] [io-8080-exec-51] c.pangochain.backend.ipfs.IpfsService    : Fetched 780 bytes from primary IPFS CID=QmdMbyBpoGFK1mURYDVGnjQ4AkNoJfnaBed6stWNVYy8rq
2026-07-31T21:04:43.000+06:00  INFO 577218 --- [pangochain-backend] [nio-8080-exec-5] c.pangochain.backend.ipfs.IpfsService    : Fetched 780 bytes from primary IPFS CID=QmdMbyBpoGFK1mURYDVGnjQ4AkNoJfnaBed6stWNVYy8rq
2026-07-31T21:04:43.001+06:00  INFO 577218 --- [pangochain-backend] [io-8080-exec-25] c.pangochain.backend.ipfs.IpfsService    : Fetched 780 bytes from primary IPFS CID=QmdMbyBpoGFK1mURYDVGnjQ4AkNoJfnaBed6stWNVYy8rq
2026-07-31T21:04:43.001+06:00  INFO 577218 --- [pangochain-backend] [nio-8080-exec-8] c.pangochain.backend.ipfs.IpfsService    : Fetched 780 bytes from primary IPFS CID=QmdMbyBpoGFK1mURYDVGnjQ4AkNoJfnaBed6stWNVYy8rq
2026-07-31T21:04:43.001+06:00  INFO 577218 --- [pangochain-backend] [io-8080-exec-22] c.pangochain.backend.ipfs.IpfsService    : Fetched 780 bytes from primary IPFS CID=QmdMbyBpoGFK1mURYDVGnjQ4AkNoJfnaBed6stWNVYy8rq
2026-07-31T21:04:43.002+06:00  INFO 577218 --- [pangochain-backend] [io-8080-exec-19] c.p.backend.document.DocumentService     : ACL check: Layer1=PASS Layer2=PASS doc=7eb7b50a-21ec-4f40-a48a-98cccaa8f738 user=bench@pangochain.test
2026-07-31T21:04:43.002+06:00  INFO 577218 --- [pangochain-backend] [io-8080-exec-32] c.pangochain.backend.ipfs.IpfsService    : Fetched 780 bytes from primary IPFS CID=QmdMbyBpoGFK1mURYDVGnjQ4AkNoJfnaBed6stWNVYy8rq
2026-07-31T21:04:43.002+06:00  INFO 577218 --- [pangochain-backend] [io-8080-exec-46] c.pangochain.backend.ipfs.IpfsService    : Fetched 780 bytes from primary IPFS CID=QmdMbyBpoGFK1mURYDVGnjQ4AkNoJfnaBed6stWNVYy8rq
2026-07-31T21:04:43.002+06:00  INFO 577218 --- [pangochain-backend] [nio-8080-exec-2] c.pangochain.backend.ipfs.IpfsService    : Fetched 780 bytes from primary IPFS CID=QmdMbyBpoGFK1mURYDVGnjQ4AkNoJfnaBed6stWNVYy8rq
2026-07-31T21:04:43.002+06:00  INFO 577218 --- [pangochain-backend] [io-8080-exec-50] c.pangochain.backend.ipfs.IpfsService    : Fetched 780 bytes from primary IPFS CID=QmdMbyBpoGFK1mURYDVGnjQ4AkNoJfnaBed6stWNVYy8rq
2026-07-31T21:04:43.003+06:00  INFO 577218 --- [pangochain-backend] [io-8080-exec-27] c.p.backend.document.DocumentService     : ACL check: Layer1=PASS Layer2=PASS doc=7eb7b50a-21ec-4f40-a48a-98cccaa8f738 user=bench@pangochain.test
2026-07-31T21:04:43.003+06:00  INFO 577218 --- [pangochain-backend] [io-8080-exec-35] c.pangochain.backend.ipfs.IpfsService    : Fetched 780 bytes from primary IPFS CID=QmdMbyBpoGFK1mURYDVGnjQ4AkNoJfnaBed6stWNVYy8rq
2026-07-31T21:04:43.003+06:00  INFO 577218 --- [pangochain-backend] [io-8080-exec-18] c.pangochain.backend.ipfs.IpfsService    : Fetched 780 bytes from primary IPFS CID=QmdMbyBpoGFK1mURYDVGnjQ4AkNoJfnaBed6stWNVYy8rq
2026-07-31T21:04:43.003+06:00  INFO 577218 --- [pangochain-backend] [io-8080-exec-37] c.pangochain.backend.ipfs.IpfsService    : Fetched 780 bytes from primary IPFS CID=QmdMbyBpoGFK1mURYDVGnjQ4AkNoJfnaBed6stWNVYy8rq
2026-07-31T21:04:43.003+06:00  INFO 577218 --- [pangochain-backend] [nio-8080-exec-7] c.pangochain.backend.ipfs.IpfsService    : Fetched 780 bytes from primary IPFS CID=QmdMbyBpoGFK1mURYDVGnjQ4AkNoJfnaBed6stWNVYy8rq
2026-07-31T21:04:43.004+06:00  INFO 577218 --- [pangochain-backend] [io-8080-exec-42] c.pangochain.backend.ipfs.IpfsService    : Fetched 780 bytes from primary IPFS CID=QmdMbyBpoGFK1mURYDVGnjQ4AkNoJfnaBed6stWNVYy8rq
2026-07-31T21:04:43.004+06:00  INFO 577218 --- [pangochain-backend] [io-8080-exec-47] c.pangochain.backend.ipfs.IpfsService    : Fetched 780 bytes from primary IPFS CID=QmdMbyBpoGFK1mURYDVGnjQ4AkNoJfnaBed6stWNVYy8rq
2026-07-31T21:04:43.004+06:00  INFO 577218 --- [pangochain-backend] [io-8080-exec-43] c.p.backend.document.DocumentService     : ACL check: Layer1=PASS Layer2=PASS doc=7eb7b50a-21ec-4f40-a48a-98cccaa8f738 user=bench@pangochain.test
2026-07-31T21:04:43.004+06:00  INFO 577218 --- [pangochain-backend] [io-8080-exec-44] c.pangochain.backend.ipfs.IpfsService    : Fetched 780 bytes from primary IPFS CID=QmdMbyBpoGFK1mURYDVGnjQ4AkNoJfnaBed6stWNVYy8rq
2026-07-31T21:04:43.004+06:00  INFO 577218 --- [pangochain-backend] [nio-8080-exec-9] c.p.backend.document.DocumentService     : ACL check: Layer1=PASS Layer2=PASS doc=7eb7b50a-21ec-4f40-a48a-98cccaa8f738 user=bench@pangochain.test
2026-07-31T21:04:43.004+06:00  INFO 577218 --- [pangochain-backend] [io-8080-exec-36] c.p.backend.document.DocumentService     : ACL check: Layer1=PASS Layer2=PASS doc=7eb7b50a-21ec-4f40-a48a-98cccaa8f738 user=bench@pangochain.test
2026-07-31T21:04:43.004+06:00  INFO 577218 --- [pangochain-backend] [io-8080-exec-33] c.p.backend.document.DocumentService     : ACL check: Layer1=PASS Layer2=PASS doc=7eb7b50a-21ec-4f40-a48a-98cccaa8f738 user=bench@pangochain.test
2026-07-31T21:04:43.005+06:00  INFO 577218 --- [pangochain-backend] [io-8080-exec-49] c.p.backend.document.DocumentService     : ACL check: Layer1=PASS Layer2=PASS doc=7eb7b50a-21ec-4f40-a48a-98cccaa8f738 user=bench@pangochain.test
2026-07-31T21:04:43.005+06:00  INFO 577218 --- [pangochain-backend] [io-8080-exec-23] c.p.backend.document.DocumentService     : ACL check: Layer1=PASS Layer2=PASS doc=7eb7b50a-21ec-4f40-a48a-98cccaa8f738 user=bench@pangochain.test
2026-07-31T21:04:43.005+06:00  INFO 577218 --- [pangochain-backend] [io-8080-exec-10] c.p.backend.document.DocumentService     : ACL check: Layer1=PASS Layer2=PASS doc=7eb7b50a-21ec-4f40-a48a-98cccaa8f738 user=bench@pangochain.test
2026-07-31T21:04:43.005+06:00  INFO 577218 --- [pangochain-backend] [io-8080-exec-40] c.pangochain.backend.ipfs.IpfsService    : Fetched 780 bytes from primary IPFS CID=QmdMbyBpoGFK1mURYDVGnjQ4AkNoJfnaBed6stWNVYy8rq
2026-07-31T21:04:43.005+06:00  INFO 577218 --- [pangochain-backend] [io-8080-exec-38] c.p.backend.document.DocumentService     : ACL check: Layer1=PASS Layer2=PASS doc=7eb7b50a-21ec-4f40-a48a-98cccaa8f738 user=bench@pangochain.test
2026-07-31T21:04:43.005+06:00  INFO 577218 --- [pangochain-backend] [io-8080-exec-19] c.pangochain.backend.ipfs.IpfsService    : Fetched 780 bytes from primary IPFS CID=QmdMbyBpoGFK1mURYDVGnjQ4AkNoJfnaBed6stWNVYy8rq
2026-07-31T21:04:43.005+06:00  INFO 577218 --- [pangochain-backend] [io-8080-exec-45] c.p.backend.document.DocumentService     : ACL check: Layer1=PASS Layer2=PASS doc=7eb7b50a-21ec-4f40-a48a-98cccaa8f738 user=bench@pangochain.test
2026-07-31T21:04:43.006+06:00  INFO 577218 --- [pangochain-backend] [io-8080-exec-11] c.p.backend.document.DocumentService     : ACL check: Layer1=PASS Layer2=PASS doc=7eb7b50a-21ec-4f40-a48a-98cccaa8f738 user=bench@pangochain.test
2026-07-31T21:04:43.006+06:00  INFO 577218 --- [pangochain-backend] [nio-8080-exec-3] c.pangochain.backend.ipfs.IpfsService    : Fetched 780 bytes from primary IPFS CID=QmdMbyBpoGFK1mURYDVGnjQ4AkNoJfnaBed6stWNVYy8rq
2026-07-31T21:04:43.007+06:00  INFO 577218 --- [pangochain-backend] [io-8080-exec-41] c.p.backend.document.DocumentService     : ACL check: Layer1=PASS Layer2=PASS doc=7eb7b50a-21ec-4f40-a48a-98cccaa8f738 user=bench@pangochain.test
2026-07-31T21:04:43.007+06:00  INFO 577218 --- [pangochain-backend] [nio-8080-exec-9] c.pangochain.backend.ipfs.IpfsService    : Fetched 780 bytes from primary IPFS CID=QmdMbyBpoGFK1mURYDVGnjQ4AkNoJfnaBed6stWNVYy8rq
2026-07-31T21:04:43.007+06:00  INFO 577218 --- [pangochain-backend] [io-8080-exec-36] c.pangochain.backend.ipfs.IpfsService    : Fetched 780 bytes from primary IPFS CID=QmdMbyBpoGFK1mURYDVGnjQ4AkNoJfnaBed6stWNVYy8rq
2026-07-31T21:04:43.007+06:00  INFO 577218 --- [pangochain-backend] [io-8080-exec-27] c.pangochain.backend.ipfs.IpfsService    : Fetched 780 bytes from primary IPFS CID=QmdMbyBpoGFK1mURYDVGnjQ4AkNoJfnaBed6stWNVYy8rq
2026-07-31T21:04:43.008+06:00  INFO 577218 --- [pangochain-backend] [io-8080-exec-43] c.pangochain.backend.ipfs.IpfsService    : Fetched 780 bytes from primary IPFS CID=QmdMbyBpoGFK1mURYDVGnjQ4AkNoJfnaBed6stWNVYy8rq
2026-07-31T21:04:43.008+06:00  INFO 577218 --- [pangochain-backend] [nio-8080-exec-4] c.p.backend.document.DocumentService     : ACL check: Layer1=PASS Layer2=PASS doc=7eb7b50a-21ec-4f40-a48a-98cccaa8f738 user=bench@pangochain.test
2026-07-31T21:04:43.008+06:00  INFO 577218 --- [pangochain-backend] [io-8080-exec-49] c.pangochain.backend.ipfs.IpfsService    : Fetched 780 bytes from primary IPFS CID=QmdMbyBpoGFK1mURYDVGnjQ4AkNoJfnaBed6stWNVYy8rq
2026-07-31T21:04:43.008+06:00  INFO 577218 --- [pangochain-backend] [io-8080-exec-23] c.pangochain.backend.ipfs.IpfsService    : Fetched 780 bytes from primary IPFS CID=QmdMbyBpoGFK1mURYDVGnjQ4AkNoJfnaBed6stWNVYy8rq
2026-07-31T21:04:43.008+06:00  INFO 577218 --- [pangochain-backend] [io-8080-exec-45] c.pangochain.backend.ipfs.IpfsService    : Fetched 780 bytes from primary IPFS CID=QmdMbyBpoGFK1mURYDVGnjQ4AkNoJfnaBed6stWNVYy8rq
2026-07-31T21:04:43.008+06:00  INFO 577218 --- [pangochain-backend] [io-8080-exec-28] c.p.backend.document.DocumentService     : ACL check: Layer1=PASS Layer2=PASS doc=7eb7b50a-21ec-4f40-a48a-98cccaa8f738 user=bench@pangochain.test
2026-07-31T21:04:43.009+06:00  INFO 577218 --- [pangochain-backend] [io-8080-exec-11] c.pangochain.backend.ipfs.IpfsService    : Fetched 780 bytes from primary IPFS CID=QmdMbyBpoGFK1mURYDVGnjQ4AkNoJfnaBed6stWNVYy8rq
2026-07-31T21:04:43.009+06:00  INFO 577218 --- [pangochain-backend] [io-8080-exec-10] c.pangochain.backend.ipfs.IpfsService    : Fetched 780 bytes from primary IPFS CID=QmdMbyBpoGFK1mURYDVGnjQ4AkNoJfnaBed6stWNVYy8rq
2026-07-31T21:04:43.009+06:00  INFO 577218 --- [pangochain-backend] [io-8080-exec-26] c.p.backend.document.DocumentService     : ACL check: Layer1=PASS Layer2=PASS doc=7eb7b50a-21ec-4f40-a48a-98cccaa8f738 user=bench@pangochain.test
2026-07-31T21:04:43.009+06:00  INFO 577218 --- [pangochain-backend] [io-8080-exec-16] c.p.backend.document.DocumentService     : ACL check: Layer1=PASS Layer2=PASS doc=7eb7b50a-21ec-4f40-a48a-98cccaa8f738 user=bench@pangochain.test
2026-07-31T21:04:43.009+06:00  INFO 577218 --- [pangochain-backend] [io-8080-exec-33] c.pangochain.backend.ipfs.IpfsService    : Fetched 780 bytes from primary IPFS CID=QmdMbyBpoGFK1mURYDVGnjQ4AkNoJfnaBed6stWNVYy8rq
2026-07-31T21:04:43.010+06:00  INFO 577218 --- [pangochain-backend] [io-8080-exec-38] c.pangochain.backend.ipfs.IpfsService    : Fetched 780 bytes from primary IPFS CID=QmdMbyBpoGFK1mURYDVGnjQ4AkNoJfnaBed6stWNVYy8rq
2026-07-31T21:04:43.010+06:00  INFO 577218 --- [pangochain-backend] [io-8080-exec-31] c.p.backend.document.DocumentService     : ACL check: Layer1=PASS Layer2=PASS doc=7eb7b50a-21ec-4f40-a48a-98cccaa8f738 user=bench@pangochain.test
2026-07-31T21:04:43.010+06:00  INFO 577218 --- [pangochain-backend] [nio-8080-exec-6] c.p.backend.document.DocumentService     : ACL check: Layer1=PASS Layer2=PASS doc=7eb7b50a-21ec-4f40-a48a-98cccaa8f738 user=bench@pangochain.test
2026-07-31T21:04:43.015+06:00  INFO 577218 --- [pangochain-backend] [io-8080-exec-26] c.pangochain.backend.ipfs.IpfsService    : Fetched 780 bytes from primary IPFS CID=QmdMbyBpoGFK1mURYDVGnjQ4AkNoJfnaBed6stWNVYy8rq
2026-07-31T21:04:43.016+06:00  INFO 577218 --- [pangochain-backend] [io-8080-exec-41] c.pangochain.backend.ipfs.IpfsService    : Fetched 780 bytes from primary IPFS CID=QmdMbyBpoGFK1mURYDVGnjQ4AkNoJfnaBed6stWNVYy8rq
2026-07-31T21:04:43.017+06:00  INFO 577218 --- [pangochain-backend] [io-8080-exec-16] c.pangochain.backend.ipfs.IpfsService    : Fetched 780 bytes from primary IPFS CID=QmdMbyBpoGFK1mURYDVGnjQ4AkNoJfnaBed6stWNVYy8rq
2026-07-31T21:04:43.017+06:00  INFO 577218 --- [pangochain-backend] [nio-8080-exec-4] c.pangochain.backend.ipfs.IpfsService    : Fetched 780 bytes from primary IPFS CID=QmdMbyBpoGFK1mURYDVGnjQ4AkNoJfnaBed6stWNVYy8rq
2026-07-31T21:04:43.018+06:00  INFO 577218 --- [pangochain-backend] [io-8080-exec-12] c.p.backend.document.DocumentService     : ACL check: Layer1=PASS Layer2=PASS doc=7eb7b50a-21ec-4f40-a48a-98cccaa8f738 user=bench@pangochain.test
2026-07-31T21:04:43.018+06:00  INFO 577218 --- [pangochain-backend] [io-8080-exec-31] c.pangochain.backend.ipfs.IpfsService    : Fetched 780 bytes from primary IPFS CID=QmdMbyBpoGFK1mURYDVGnjQ4AkNoJfnaBed6stWNVYy8rq
2026-07-31T21:04:43.018+06:00  INFO 577218 --- [pangochain-backend] [io-8080-exec-17] c.p.backend.document.DocumentService     : ACL check: Layer1=PASS Layer2=PASS doc=7eb7b50a-21ec-4f40-a48a-98cccaa8f738 user=bench@pangochain.test
2026-07-31T21:04:43.018+06:00  INFO 577218 --- [pangochain-backend] [io-8080-exec-34] c.p.backend.document.DocumentService     : ACL check: Layer1=PASS Layer2=PASS doc=7eb7b50a-21ec-4f40-a48a-98cccaa8f738 user=bench@pangochain.test
2026-07-31T21:04:43.019+06:00  INFO 577218 --- [pangochain-backend] [io-8080-exec-28] c.pangochain.backend.ipfs.IpfsService    : Fetched 780 bytes from primary IPFS CID=QmdMbyBpoGFK1mURYDVGnjQ4AkNoJfnaBed6stWNVYy8rq
2026-07-31T21:04:43.019+06:00  INFO 577218 --- [pangochain-backend] [nio-8080-exec-1] c.p.backend.document.DocumentService     : ACL check: Layer1=PASS Layer2=PASS doc=7eb7b50a-21ec-4f40-a48a-98cccaa8f738 user=bench@pangochain.test
2026-07-31T21:04:43.020+06:00  INFO 577218 --- [pangochain-backend] [io-8080-exec-20] c.p.backend.document.DocumentService     : ACL check: Layer1=PASS Layer2=PASS doc=7eb7b50a-21ec-4f40-a48a-98cccaa8f738 user=bench@pangochain.test
2026-07-31T21:04:43.022+06:00  INFO 577218 --- [pangochain-backend] [io-8080-exec-15] c.p.backend.document.DocumentService     : ACL check: Layer1=PASS Layer2=PASS doc=7eb7b50a-21ec-4f40-a48a-98cccaa8f738 user=bench@pangochain.test
2026-07-31T21:04:43.022+06:00  INFO 577218 --- [pangochain-backend] [io-8080-exec-34] c.pangochain.backend.ipfs.IpfsService    : Fetched 780 bytes from primary IPFS CID=QmdMbyBpoGFK1mURYDVGnjQ4AkNoJfnaBed6stWNVYy8rq
2026-07-31T21:04:43.022+06:00  INFO 577218 --- [pangochain-backend] [io-8080-exec-12] c.pangochain.backend.ipfs.IpfsService    : Fetched 780 bytes from primary IPFS CID=QmdMbyBpoGFK1mURYDVGnjQ4AkNoJfnaBed6stWNVYy8rq
2026-07-31T21:04:43.022+06:00  INFO 577218 --- [pangochain-backend] [nio-8080-exec-6] c.pangochain.backend.ipfs.IpfsService    : Fetched 780 bytes from primary IPFS CID=QmdMbyBpoGFK1mURYDVGnjQ4AkNoJfnaBed6stWNVYy8rq
2026-07-31T21:04:43.023+06:00  INFO 577218 --- [pangochain-backend] [io-8080-exec-20] c.pangochain.backend.ipfs.IpfsService    : Fetched 780 bytes from primary IPFS CID=QmdMbyBpoGFK1mURYDVGnjQ4AkNoJfnaBed6stWNVYy8rq
2026-07-31T21:04:43.024+06:00  INFO 577218 --- [pangochain-backend] [io-8080-exec-48] c.p.backend.document.DocumentService     : ACL check: Layer1=PASS Layer2=PASS doc=7eb7b50a-21ec-4f40-a48a-98cccaa8f738 user=bench@pangochain.test
2026-07-31T21:04:43.024+06:00  INFO 577218 --- [pangochain-backend] [io-8080-exec-17] c.pangochain.backend.ipfs.IpfsService    : Fetched 780 bytes from primary IPFS CID=QmdMbyBpoGFK1mURYDVGnjQ4AkNoJfnaBed6stWNVYy8rq
2026-07-31T21:04:43.026+06:00  INFO 577218 --- [pangochain-backend] [io-8080-exec-33] c.p.backend.document.DocumentService     : ACL check: Layer1=PASS Layer2=PASS doc=7eb7b50a-21ec-4f40-a48a-98cccaa8f738 user=bench@pangochain.test
2026-07-31T21:04:43.027+06:00  INFO 577218 --- [pangochain-backend] [io-8080-exec-15] c.pangochain.backend.ipfs.IpfsService    : Fetched 780 bytes from primary IPFS CID=QmdMbyBpoGFK1mURYDVGnjQ4AkNoJfnaBed6stWNVYy8rq
2026-07-31T21:04:43.028+06:00  INFO 577218 --- [pangochain-backend] [io-8080-exec-48] c.pangochain.backend.ipfs.IpfsService    : Fetched 780 bytes from primary IPFS CID=QmdMbyBpoGFK1mURYDVGnjQ4AkNoJfnaBed6stWNVYy8rq
2026-07-31T21:04:43.030+06:00  INFO 577218 --- [pangochain-backend] [io-8080-exec-33] c.pangochain.backend.ipfs.IpfsService    : Fetched 780 bytes from primary IPFS CID=QmdMbyBpoGFK1mURYDVGnjQ4AkNoJfnaBed6stWNVYy8rq
2026-07-31T21:04:43.032+06:00  INFO 577218 --- [pangochain-backend] [nio-8080-exec-1] c.pangochain.backend.ipfs.IpfsService    : Fetched 780 bytes from primary IPFS CID=QmdMbyBpoGFK1mURYDVGnjQ4AkNoJfnaBed6stWNVYy8rq
2026-07-31T21:04:43.038+06:00  INFO 577218 --- [pangochain-backend] [io-8080-exec-51] c.p.backend.document.DocumentService     : ACL check: Layer1=PASS Layer2=PASS doc=7eb7b50a-21ec-4f40-a48a-98cccaa8f738 user=bench@pangochain.test
2026-07-31T21:04:43.039+06:00  INFO 577218 --- [pangochain-backend] [io-8080-exec-24] c.p.backend.document.DocumentService     : ACL check: Layer1=PASS Layer2=PASS doc=7eb7b50a-21ec-4f40-a48a-98cccaa8f738 user=bench@pangochain.test
2026-07-31T21:04:43.039+06:00  INFO 577218 --- [pangochain-backend] [io-8080-exec-38] c.p.backend.document.DocumentService     : ACL check: Layer1=PASS Layer2=PASS doc=7eb7b50a-21ec-4f40-a48a-98cccaa8f738 user=bench@pangochain.test
2026-07-31T21:04:43.040+06:00  INFO 577218 --- [pangochain-backend] [io-8080-exec-46] c.p.backend.document.DocumentService     : ACL check: Layer1=PASS Layer2=PASS doc=7eb7b50a-21ec-4f40-a48a-98cccaa8f738 user=bench@pangochain.test
2026-07-31T21:04:43.046+06:00  INFO 577218 --- [pangochain-backend] [io-8080-exec-38] c.pangochain.backend.ipfs.IpfsService    : Fetched 780 bytes from primary IPFS CID=QmdMbyBpoGFK1mURYDVGnjQ4AkNoJfnaBed6stWNVYy8rq
2026-07-31T21:04:43.046+06:00  INFO 577218 --- [pangochain-backend] [io-8080-exec-25] c.p.backend.document.DocumentService     : ACL check: Layer1=PASS Layer2=PASS doc=7eb7b50a-21ec-4f40-a48a-98cccaa8f738 user=bench@pangochain.test
2026-07-31T21:04:43.046+06:00  INFO 577218 --- [pangochain-backend] [io-8080-exec-46] c.pangochain.backend.ipfs.IpfsService    : Fetched 780 bytes from primary IPFS CID=QmdMbyBpoGFK1mURYDVGnjQ4AkNoJfnaBed6stWNVYy8rq
2026-07-31T21:04:43.046+06:00  INFO 577218 --- [pangochain-backend] [nio-8080-exec-7] c.p.backend.document.DocumentService     : ACL check: Layer1=PASS Layer2=PASS doc=7eb7b50a-21ec-4f40-a48a-98cccaa8f738 user=bench@pangochain.test
2026-07-31T21:04:43.046+06:00  INFO 577218 --- [pangochain-backend] [io-8080-exec-21] c.p.backend.document.DocumentService     : ACL check: Layer1=PASS Layer2=PASS doc=7eb7b50a-21ec-4f40-a48a-98cccaa8f738 user=bench@pangochain.test
2026-07-31T21:04:43.046+06:00  INFO 577218 --- [pangochain-backend] [io-8080-exec-51] c.pangochain.backend.ipfs.IpfsService    : Fetched 780 bytes from primary IPFS CID=QmdMbyBpoGFK1mURYDVGnjQ4AkNoJfnaBed6stWNVYy8rq
2026-07-31T21:04:43.046+06:00  INFO 577218 --- [pangochain-backend] [io-8080-exec-24] c.pangochain.backend.ipfs.IpfsService    : Fetched 780 bytes from primary IPFS CID=QmdMbyBpoGFK1mURYDVGnjQ4AkNoJfnaBed6stWNVYy8rq
2026-07-31T21:04:43.047+06:00  INFO 577218 --- [pangochain-backend] [io-8080-exec-18] c.p.backend.document.DocumentService     : ACL check: Layer1=PASS Layer2=PASS doc=7eb7b50a-21ec-4f40-a48a-98cccaa8f738 user=bench@pangochain.test
2026-07-31T21:04:43.047+06:00  INFO 577218 --- [pangochain-backend] [io-8080-exec-14] c.p.backend.document.DocumentService     : ACL check: Layer1=PASS Layer2=PASS doc=7eb7b50a-21ec-4f40-a48a-98cccaa8f738 user=bench@pangochain.test
2026-07-31T21:04:43.047+06:00  INFO 577218 --- [pangochain-backend] [nio-8080-exec-2] c.p.backend.document.DocumentService     : ACL check: Layer1=PASS Layer2=PASS doc=7eb7b50a-21ec-4f40-a48a-98cccaa8f738 user=bench@pangochain.test
2026-07-31T21:04:43.047+06:00  INFO 577218 --- [pangochain-backend] [nio-8080-exec-8] c.p.backend.document.DocumentService     : ACL check: Layer1=PASS Layer2=PASS doc=7eb7b50a-21ec-4f40-a48a-98cccaa8f738 user=bench@pangochain.test
2026-07-31T21:04:43.047+06:00  INFO 577218 --- [pangochain-backend] [io-8080-exec-34] c.p.backend.document.DocumentService     : ACL check: Layer1=PASS Layer2=PASS doc=7eb7b50a-21ec-4f40-a48a-98cccaa8f738 user=bench@pangochain.test
2026-07-31T21:04:43.052+06:00  INFO 577218 --- [pangochain-backend] [io-8080-exec-47] c.p.backend.document.DocumentService     : ACL check: Layer1=PASS Layer2=PASS doc=7eb7b50a-21ec-4f40-a48a-98cccaa8f738 user=bench@pangochain.test
2026-07-31T21:04:43.052+06:00  INFO 577218 --- [pangochain-backend] [io-8080-exec-20] c.p.backend.document.DocumentService     : ACL check: Layer1=PASS Layer2=PASS doc=7eb7b50a-21ec-4f40-a48a-98cccaa8f738 user=bench@pangochain.test
2026-07-31T21:04:43.052+06:00  INFO 577218 --- [pangochain-backend] [io-8080-exec-48] c.p.backend.document.DocumentService     : ACL check: Layer1=PASS Layer2=PASS doc=7eb7b50a-21ec-4f40-a48a-98cccaa8f738 user=bench@pangochain.test
2026-07-31T21:04:43.052+06:00  INFO 577218 --- [pangochain-backend] [nio-8080-exec-4] c.p.backend.document.DocumentService     : ACL check: Layer1=PASS Layer2=PASS doc=7eb7b50a-21ec-4f40-a48a-98cccaa8f738 user=bench@pangochain.test
2026-07-31T21:04:43.052+06:00  INFO 577218 --- [pangochain-backend] [io-8080-exec-35] c.p.backend.document.DocumentService     : ACL check: Layer1=PASS Layer2=PASS doc=7eb7b50a-21ec-4f40-a48a-98cccaa8f738 user=bench@pangochain.test
2026-07-31T21:04:43.052+06:00  INFO 577218 --- [pangochain-backend] [io-8080-exec-16] c.p.backend.document.DocumentService     : ACL check: Layer1=PASS Layer2=PASS doc=7eb7b50a-21ec-4f40-a48a-98cccaa8f738 user=bench@pangochain.test
2026-07-31T21:04:43.053+06:00  INFO 577218 --- [pangochain-backend] [io-8080-exec-31] c.p.backend.document.DocumentService     : ACL check: Layer1=PASS Layer2=PASS doc=7eb7b50a-21ec-4f40-a48a-98cccaa8f738 user=bench@pangochain.test
2026-07-31T21:04:43.053+06:00  INFO 577218 --- [pangochain-backend] [io-8080-exec-18] c.pangochain.backend.ipfs.IpfsService    : Fetched 780 bytes from primary IPFS CID=QmdMbyBpoGFK1mURYDVGnjQ4AkNoJfnaBed6stWNVYy8rq
2026-07-31T21:04:43.053+06:00  INFO 577218 --- [pangochain-backend] [nio-8080-exec-8] c.pangochain.backend.ipfs.IpfsService    : Fetched 780 bytes from primary IPFS CID=QmdMbyBpoGFK1mURYDVGnjQ4AkNoJfnaBed6stWNVYy8rq
2026-07-31T21:04:43.053+06:00  INFO 577218 --- [pangochain-backend] [io-8080-exec-29] c.p.backend.document.DocumentService     : ACL check: Layer1=PASS Layer2=PASS doc=7eb7b50a-21ec-4f40-a48a-98cccaa8f738 user=bench@pangochain.test
2026-07-31T21:04:43.053+06:00  INFO 577218 --- [pangochain-backend] [io-8080-exec-13] c.p.backend.document.DocumentService     : ACL check: Layer1=PASS Layer2=PASS doc=7eb7b50a-21ec-4f40-a48a-98cccaa8f738 user=bench@pangochain.test
2026-07-31T21:04:43.055+06:00  INFO 577218 --- [pangochain-backend] [io-8080-exec-34] c.pangochain.backend.ipfs.IpfsService    : Fetched 780 bytes from primary IPFS CID=QmdMbyBpoGFK1mURYDVGnjQ4AkNoJfnaBed6stWNVYy8rq
2026-07-31T21:04:43.055+06:00  INFO 577218 --- [pangochain-backend] [io-8080-exec-48] c.pangochain.backend.ipfs.IpfsService    : Fetched 780 bytes from primary IPFS CID=QmdMbyBpoGFK1mURYDVGnjQ4AkNoJfnaBed6stWNVYy8rq
2026-07-31T21:04:43.055+06:00  INFO 577218 --- [pangochain-backend] [io-8080-exec-25] c.pangochain.backend.ipfs.IpfsService    : Fetched 780 bytes from primary IPFS CID=QmdMbyBpoGFK1mURYDVGnjQ4AkNoJfnaBed6stWNVYy8rq
2026-07-31T21:04:43.055+06:00  INFO 577218 --- [pangochain-backend] [nio-8080-exec-3] c.p.backend.document.DocumentService     : ACL check: Layer1=PASS Layer2=PASS doc=7eb7b50a-21ec-4f40-a48a-98cccaa8f738 user=bench@pangochain.test
2026-07-31T21:04:43.056+06:00  INFO 577218 --- [pangochain-backend] [io-8080-exec-39] c.p.backend.document.DocumentService     : ACL check: Layer1=PASS Layer2=PASS doc=7eb7b50a-21ec-4f40-a48a-98cccaa8f738 user=bench@pangochain.test
2026-07-31T21:04:43.056+06:00  INFO 577218 --- [pangochain-backend] [io-8080-exec-12] c.p.backend.document.DocumentService     : ACL check: Layer1=PASS Layer2=PASS doc=7eb7b50a-21ec-4f40-a48a-98cccaa8f738 user=bench@pangochain.test
2026-07-31T21:04:43.056+06:00  INFO 577218 --- [pangochain-backend] [nio-8080-exec-2] c.pangochain.backend.ipfs.IpfsService    : Fetched 780 bytes from primary IPFS CID=QmdMbyBpoGFK1mURYDVGnjQ4AkNoJfnaBed6stWNVYy8rq
2026-07-31T21:04:43.056+06:00  INFO 577218 --- [pangochain-backend] [io-8080-exec-50] c.p.backend.document.DocumentService     : ACL check: Layer1=PASS Layer2=PASS doc=7eb7b50a-21ec-4f40-a48a-98cccaa8f738 user=bench@pangochain.test
2026-07-31T21:04:43.056+06:00  INFO 577218 --- [pangochain-backend] [nio-8080-exec-6] c.p.backend.document.DocumentService     : ACL check: Layer1=PASS Layer2=PASS doc=7eb7b50a-21ec-4f40-a48a-98cccaa8f738 user=bench@pangochain.test
2026-07-31T21:04:43.057+06:00  INFO 577218 --- [pangochain-backend] [io-8080-exec-15] c.p.backend.document.DocumentService     : ACL check: Layer1=PASS Layer2=PASS doc=7eb7b50a-21ec-4f40-a48a-98cccaa8f738 user=bench@pangochain.test
2026-07-31T21:04:43.057+06:00  INFO 577218 --- [pangochain-backend] [nio-8080-exec-7] c.pangochain.backend.ipfs.IpfsService    : Fetched 780 bytes from primary IPFS CID=QmdMbyBpoGFK1mURYDVGnjQ4AkNoJfnaBed6stWNVYy8rq
2026-07-31T21:04:43.056+06:00  INFO 577218 --- [pangochain-backend] [io-8080-exec-31] c.pangochain.backend.ipfs.IpfsService    : Fetched 780 bytes from primary IPFS CID=QmdMbyBpoGFK1mURYDVGnjQ4AkNoJfnaBed6stWNVYy8rq
2026-07-31T21:04:43.056+06:00  INFO 577218 --- [pangochain-backend] [io-8080-exec-40] c.p.backend.document.DocumentService     : ACL check: Layer1=PASS Layer2=PASS doc=7eb7b50a-21ec-4f40-a48a-98cccaa8f738 user=bench@pangochain.test
2026-07-31T21:04:43.056+06:00  INFO 577218 --- [pangochain-backend] [io-8080-exec-28] c.p.backend.document.DocumentService     : ACL check: Layer1=PASS Layer2=PASS doc=7eb7b50a-21ec-4f40-a48a-98cccaa8f738 user=bench@pangochain.test
2026-07-31T21:04:43.057+06:00  INFO 577218 --- [pangochain-backend] [io-8080-exec-26] c.p.backend.document.DocumentService     : ACL check: Layer1=PASS Layer2=PASS doc=7eb7b50a-21ec-4f40-a48a-98cccaa8f738 user=bench@pangochain.test
2026-07-31T21:04:43.058+06:00  INFO 577218 --- [pangochain-backend] [io-8080-exec-32] c.p.backend.document.DocumentService     : ACL check: Layer1=PASS Layer2=PASS doc=7eb7b50a-21ec-4f40-a48a-98cccaa8f738 user=bench@pangochain.test
2026-07-31T21:04:43.058+06:00  INFO 577218 --- [pangochain-backend] [io-8080-exec-21] c.pangochain.backend.ipfs.IpfsService    : Fetched 780 bytes from primary IPFS CID=QmdMbyBpoGFK1mURYDVGnjQ4AkNoJfnaBed6stWNVYy8rq
2026-07-31T21:04:43.058+06:00  INFO 577218 --- [pangochain-backend] [io-8080-exec-35] c.pangochain.backend.ipfs.IpfsService    : Fetched 780 bytes from primary IPFS CID=QmdMbyBpoGFK1mURYDVGnjQ4AkNoJfnaBed6stWNVYy8rq
2026-07-31T21:04:43.059+06:00  INFO 577218 --- [pangochain-backend] [io-8080-exec-16] c.pangochain.backend.ipfs.IpfsService    : Fetched 780 bytes from primary IPFS CID=QmdMbyBpoGFK1mURYDVGnjQ4AkNoJfnaBed6stWNVYy8rq
2026-07-31T21:04:43.059+06:00  INFO 577218 --- [pangochain-backend] [nio-8080-exec-4] c.pangochain.backend.ipfs.IpfsService    : Fetched 780 bytes from primary IPFS CID=QmdMbyBpoGFK1mURYDVGnjQ4AkNoJfnaBed6stWNVYy8rq
2026-07-31T21:04:43.059+06:00  INFO 577218 --- [pangochain-backend] [io-8080-exec-14] c.pangochain.backend.ipfs.IpfsService    : Fetched 780 bytes from primary IPFS CID=QmdMbyBpoGFK1mURYDVGnjQ4AkNoJfnaBed6stWNVYy8rq
2026-07-31T21:04:43.060+06:00  INFO 577218 --- [pangochain-backend] [io-8080-exec-40] c.pangochain.backend.ipfs.IpfsService    : Fetched 780 bytes from primary IPFS CID=QmdMbyBpoGFK1mURYDVGnjQ4AkNoJfnaBed6stWNVYy8rq
2026-07-31T21:04:43.061+06:00  INFO 577218 --- [pangochain-backend] [io-8080-exec-29] c.pangochain.backend.ipfs.IpfsService    : Fetched 780 bytes from primary IPFS CID=QmdMbyBpoGFK1mURYDVGnjQ4AkNoJfnaBed6stWNVYy8rq
2026-07-31T21:04:43.061+06:00  INFO 577218 --- [pangochain-backend] [nio-8080-exec-3] c.pangochain.backend.ipfs.IpfsService    : Fetched 780 bytes from primary IPFS CID=QmdMbyBpoGFK1mURYDVGnjQ4AkNoJfnaBed6stWNVYy8rq
2026-07-31T21:04:43.061+06:00  INFO 577218 --- [pangochain-backend] [io-8080-exec-39] c.pangochain.backend.ipfs.IpfsService    : Fetched 780 bytes from primary IPFS CID=QmdMbyBpoGFK1mURYDVGnjQ4AkNoJfnaBed6stWNVYy8rq
2026-07-31T21:04:43.061+06:00  INFO 577218 --- [pangochain-backend] [io-8080-exec-20] c.pangochain.backend.ipfs.IpfsService    : Fetched 780 bytes from primary IPFS CID=QmdMbyBpoGFK1mURYDVGnjQ4AkNoJfnaBed6stWNVYy8rq
2026-07-31T21:04:43.062+06:00  INFO 577218 --- [pangochain-backend] [io-8080-exec-42] c.p.backend.document.DocumentService     : ACL check: Layer1=PASS Layer2=PASS doc=7eb7b50a-21ec-4f40-a48a-98cccaa8f738 user=bench@pangochain.test
2026-07-31T21:04:43.062+06:00  INFO 577218 --- [pangochain-backend] [io-8080-exec-13] c.pangochain.backend.ipfs.IpfsService    : Fetched 780 bytes from primary IPFS CID=QmdMbyBpoGFK1mURYDVGnjQ4AkNoJfnaBed6stWNVYy8rq
2026-07-31T21:04:43.064+06:00  INFO 577218 --- [pangochain-backend] [io-8080-exec-44] c.p.backend.document.DocumentService     : ACL check: Layer1=PASS Layer2=PASS doc=7eb7b50a-21ec-4f40-a48a-98cccaa8f738 user=bench@pangochain.test
2026-07-31T21:04:43.064+06:00  INFO 577218 --- [pangochain-backend] [io-8080-exec-37] c.p.backend.document.DocumentService     : ACL check: Layer1=PASS Layer2=PASS doc=7eb7b50a-21ec-4f40-a48a-98cccaa8f738 user=bench@pangochain.test
2026-07-31T21:04:43.064+06:00  INFO 577218 --- [pangochain-backend] [io-8080-exec-26] c.pangochain.backend.ipfs.IpfsService    : Fetched 780 bytes from primary IPFS CID=QmdMbyBpoGFK1mURYDVGnjQ4AkNoJfnaBed6stWNVYy8rq
2026-07-31T21:04:43.064+06:00  INFO 577218 --- [pangochain-backend] [io-8080-exec-47] c.pangochain.backend.ipfs.IpfsService    : Fetched 780 bytes from primary IPFS CID=QmdMbyBpoGFK1mURYDVGnjQ4AkNoJfnaBed6stWNVYy8rq
2026-07-31T21:04:43.065+06:00  INFO 577218 --- [pangochain-backend] [nio-8080-exec-6] c.pangochain.backend.ipfs.IpfsService    : Fetched 780 bytes from primary IPFS CID=QmdMbyBpoGFK1mURYDVGnjQ4AkNoJfnaBed6stWNVYy8rq
2026-07-31T21:04:43.065+06:00  INFO 577218 --- [pangochain-backend] [io-8080-exec-15] c.pangochain.backend.ipfs.IpfsService    : Fetched 780 bytes from primary IPFS CID=QmdMbyBpoGFK1mURYDVGnjQ4AkNoJfnaBed6stWNVYy8rq
2026-07-31T21:04:43.067+06:00  INFO 577218 --- [pangochain-backend] [io-8080-exec-42] c.pangochain.backend.ipfs.IpfsService    : Fetched 780 bytes from primary IPFS CID=QmdMbyBpoGFK1mURYDVGnjQ4AkNoJfnaBed6stWNVYy8rq
2026-07-31T21:04:43.066+06:00  INFO 577218 --- [pangochain-backend] [io-8080-exec-12] c.pangochain.backend.ipfs.IpfsService    : Fetched 780 bytes from primary IPFS CID=QmdMbyBpoGFK1mURYDVGnjQ4AkNoJfnaBed6stWNVYy8rq
2026-07-31T21:04:43.068+06:00  INFO 577218 --- [pangochain-backend] [io-8080-exec-27] c.p.backend.document.DocumentService     : ACL check: Layer1=PASS Layer2=PASS doc=7eb7b50a-21ec-4f40-a48a-98cccaa8f738 user=bench@pangochain.test
2026-07-31T21:04:43.066+06:00  INFO 577218 --- [pangochain-backend] [io-8080-exec-50] c.pangochain.backend.ipfs.IpfsService    : Fetched 780 bytes from primary IPFS CID=QmdMbyBpoGFK1mURYDVGnjQ4AkNoJfnaBed6stWNVYy8rq
2026-07-31T21:04:43.068+06:00  INFO 577218 --- [pangochain-backend] [io-8080-exec-37] c.pangochain.backend.ipfs.IpfsService    : Fetched 780 bytes from primary IPFS CID=QmdMbyBpoGFK1mURYDVGnjQ4AkNoJfnaBed6stWNVYy8rq
2026-07-31T21:04:43.068+06:00  INFO 577218 --- [pangochain-backend] [io-8080-exec-44] c.pangochain.backend.ipfs.IpfsService    : Fetched 780 bytes from primary IPFS CID=QmdMbyBpoGFK1mURYDVGnjQ4AkNoJfnaBed6stWNVYy8rq
2026-07-31T21:04:43.066+06:00  INFO 577218 --- [pangochain-backend] [io-8080-exec-28] c.pangochain.backend.ipfs.IpfsService    : Fetched 780 bytes from primary IPFS CID=QmdMbyBpoGFK1mURYDVGnjQ4AkNoJfnaBed6stWNVYy8rq
2026-07-31T21:04:43.069+06:00  INFO 577218 --- [pangochain-backend] [io-8080-exec-32] c.pangochain.backend.ipfs.IpfsService    : Fetched 780 bytes from primary IPFS CID=QmdMbyBpoGFK1mURYDVGnjQ4AkNoJfnaBed6stWNVYy8rq
2026-07-31T21:04:43.069+06:00  INFO 577218 --- [pangochain-backend] [io-8080-exec-36] c.p.backend.document.DocumentService     : ACL check: Layer1=PASS Layer2=PASS doc=7eb7b50a-21ec-4f40-a48a-98cccaa8f738 user=bench@pangochain.test
2026-07-31T21:04:43.070+06:00  INFO 577218 --- [pangochain-backend] [io-8080-exec-49] c.p.backend.document.DocumentService     : ACL check: Layer1=PASS Layer2=PASS doc=7eb7b50a-21ec-4f40-a48a-98cccaa8f738 user=bench@pangochain.test
2026-07-31T21:04:43.071+06:00  INFO 577218 --- [pangochain-backend] [io-8080-exec-19] c.p.backend.document.DocumentService     : ACL check: Layer1=PASS Layer2=PASS doc=7eb7b50a-21ec-4f40-a48a-98cccaa8f738 user=bench@pangochain.test
2026-07-31T21:04:43.073+06:00  INFO 577218 --- [pangochain-backend] [io-8080-exec-22] c.p.backend.document.DocumentService     : ACL check: Layer1=PASS Layer2=PASS doc=7eb7b50a-21ec-4f40-a48a-98cccaa8f738 user=bench@pangochain.test
2026-07-31T21:04:43.074+06:00  INFO 577218 --- [pangochain-backend] [io-8080-exec-36] c.pangochain.backend.ipfs.IpfsService    : Fetched 780 bytes from primary IPFS CID=QmdMbyBpoGFK1mURYDVGnjQ4AkNoJfnaBed6stWNVYy8rq
2026-07-31T21:04:43.074+06:00  INFO 577218 --- [pangochain-backend] [io-8080-exec-43] c.p.backend.document.DocumentService     : ACL check: Layer1=PASS Layer2=PASS doc=7eb7b50a-21ec-4f40-a48a-98cccaa8f738 user=bench@pangochain.test
2026-07-31T21:04:43.074+06:00  INFO 577218 --- [pangochain-backend] [nio-8080-exec-9] c.p.backend.document.DocumentService     : ACL check: Layer1=PASS Layer2=PASS doc=7eb7b50a-21ec-4f40-a48a-98cccaa8f738 user=bench@pangochain.test
2026-07-31T21:04:43.074+06:00  INFO 577218 --- [pangochain-backend] [io-8080-exec-27] c.pangochain.backend.ipfs.IpfsService    : Fetched 780 bytes from primary IPFS CID=QmdMbyBpoGFK1mURYDVGnjQ4AkNoJfnaBed6stWNVYy8rq
2026-07-31T21:04:43.075+06:00  INFO 577218 --- [pangochain-backend] [nio-8080-exec-5] c.p.backend.document.DocumentService     : ACL check: Layer1=PASS Layer2=PASS doc=7eb7b50a-21ec-4f40-a48a-98cccaa8f738 user=bench@pangochain.test
2026-07-31T21:04:43.076+06:00  INFO 577218 --- [pangochain-backend] [io-8080-exec-10] c.p.backend.document.DocumentService     : ACL check: Layer1=PASS Layer2=PASS doc=7eb7b50a-21ec-4f40-a48a-98cccaa8f738 user=bench@pangochain.test
2026-07-31T21:04:43.076+06:00  INFO 577218 --- [pangochain-backend] [io-8080-exec-49] c.pangochain.backend.ipfs.IpfsService    : Fetched 780 bytes from primary IPFS CID=QmdMbyBpoGFK1mURYDVGnjQ4AkNoJfnaBed6stWNVYy8rq
2026-07-31T21:04:43.078+06:00  INFO 577218 --- [pangochain-backend] [io-8080-exec-19] c.pangochain.backend.ipfs.IpfsService    : Fetched 780 bytes from primary IPFS CID=QmdMbyBpoGFK1mURYDVGnjQ4AkNoJfnaBed6stWNVYy8rq
2026-07-31T21:04:43.079+06:00  INFO 577218 --- [pangochain-backend] [io-8080-exec-25] c.p.backend.document.DocumentService     : ACL check: Layer1=PASS Layer2=PASS doc=7eb7b50a-21ec-4f40-a48a-98cccaa8f738 user=bench@pangochain.test
2026-07-31T21:04:43.080+06:00  INFO 577218 --- [pangochain-backend] [io-8080-exec-34] c.p.backend.document.DocumentService     : ACL check: Layer1=PASS Layer2=PASS doc=7eb7b50a-21ec-4f40-a48a-98cccaa8f738 user=bench@pangochain.test
2026-07-31T21:04:43.080+06:00  INFO 577218 --- [pangochain-backend] [nio-8080-exec-9] c.pangochain.backend.ipfs.IpfsService    : Fetched 780 bytes from primary IPFS CID=QmdMbyBpoGFK1mURYDVGnjQ4AkNoJfnaBed6stWNVYy8rq
2026-07-31T21:04:43.074+06:00  INFO 577218 --- [pangochain-backend] [io-8080-exec-11] c.p.backend.document.DocumentService     : ACL check: Layer1=PASS Layer2=PASS doc=7eb7b50a-21ec-4f40-a48a-98cccaa8f738 user=bench@pangochain.test
2026-07-31T21:04:43.074+06:00  INFO 577218 --- [pangochain-backend] [io-8080-exec-41] c.p.backend.document.DocumentService     : ACL check: Layer1=PASS Layer2=PASS doc=7eb7b50a-21ec-4f40-a48a-98cccaa8f738 user=bench@pangochain.test
2026-07-31T21:04:43.074+06:00  INFO 577218 --- [pangochain-backend] [io-8080-exec-30] c.p.backend.document.DocumentService     : ACL check: Layer1=PASS Layer2=PASS doc=7eb7b50a-21ec-4f40-a48a-98cccaa8f738 user=bench@pangochain.test
2026-07-31T21:04:43.074+06:00  INFO 577218 --- [pangochain-backend] [nio-8080-exec-1] c.p.backend.document.DocumentService     : ACL check: Layer1=PASS Layer2=PASS doc=7eb7b50a-21ec-4f40-a48a-98cccaa8f738 user=bench@pangochain.test
2026-07-31T21:04:43.074+06:00  INFO 577218 --- [pangochain-backend] [io-8080-exec-17] c.p.backend.document.DocumentService     : ACL check: Layer1=PASS Layer2=PASS doc=7eb7b50a-21ec-4f40-a48a-98cccaa8f738 user=bench@pangochain.test
2026-07-31T21:04:43.074+06:00  INFO 577218 --- [pangochain-backend] [io-8080-exec-33] c.p.backend.document.DocumentService     : ACL check: Layer1=PASS Layer2=PASS doc=7eb7b50a-21ec-4f40-a48a-98cccaa8f738 user=bench@pangochain.test
2026-07-31T21:04:43.075+06:00  INFO 577218 --- [pangochain-backend] [io-8080-exec-23] c.p.backend.document.DocumentService     : ACL check: Layer1=PASS Layer2=PASS doc=7eb7b50a-21ec-4f40-a48a-98cccaa8f738 user=bench@pangochain.test
2026-07-31T21:04:43.083+06:00  INFO 577218 --- [pangochain-backend] [io-8080-exec-25] c.pangochain.backend.ipfs.IpfsService    : Fetched 780 bytes from primary IPFS CID=QmdMbyBpoGFK1mURYDVGnjQ4AkNoJfnaBed6stWNVYy8rq
2026-07-31T21:04:43.084+06:00  INFO 577218 --- [pangochain-backend] [io-8080-exec-22] c.pangochain.backend.ipfs.IpfsService    : Fetched 780 bytes from primary IPFS CID=QmdMbyBpoGFK1mURYDVGnjQ4AkNoJfnaBed6stWNVYy8rq
2026-07-31T21:04:43.084+06:00  INFO 577218 --- [pangochain-backend] [io-8080-exec-14] c.p.backend.document.DocumentService     : ACL check: Layer1=PASS Layer2=PASS doc=7eb7b50a-21ec-4f40-a48a-98cccaa8f738 user=bench@pangochain.test
2026-07-31T21:04:43.084+06:00  INFO 577218 --- [pangochain-backend] [nio-8080-exec-8] c.p.backend.document.DocumentService     : ACL check: Layer1=PASS Layer2=PASS doc=7eb7b50a-21ec-4f40-a48a-98cccaa8f738 user=bench@pangochain.test
2026-07-31T21:04:43.085+06:00  INFO 577218 --- [pangochain-backend] [io-8080-exec-10] c.pangochain.backend.ipfs.IpfsService    : Fetched 780 bytes from primary IPFS CID=QmdMbyBpoGFK1mURYDVGnjQ4AkNoJfnaBed6stWNVYy8rq
2026-07-31T21:04:43.085+06:00  INFO 577218 --- [pangochain-backend] [io-8080-exec-43] c.pangochain.backend.ipfs.IpfsService    : Fetched 780 bytes from primary IPFS CID=QmdMbyBpoGFK1mURYDVGnjQ4AkNoJfnaBed6stWNVYy8rq
2026-07-31T21:04:43.086+06:00  INFO 577218 --- [pangochain-backend] [io-8080-exec-34] c.pangochain.backend.ipfs.IpfsService    : Fetched 780 bytes from primary IPFS CID=QmdMbyBpoGFK1mURYDVGnjQ4AkNoJfnaBed6stWNVYy8rq
2026-07-31T21:04:43.086+06:00  INFO 577218 --- [pangochain-backend] [io-8080-exec-18] c.p.backend.document.DocumentService     : ACL check: Layer1=PASS Layer2=PASS doc=7eb7b50a-21ec-4f40-a48a-98cccaa8f738 user=bench@pangochain.test
2026-07-31T21:04:43.087+06:00  INFO 577218 --- [pangochain-backend] [nio-8080-exec-8] c.pangochain.backend.ipfs.IpfsService    : Fetched 780 bytes from primary IPFS CID=QmdMbyBpoGFK1mURYDVGnjQ4AkNoJfnaBed6stWNVYy8rq
2026-07-31T21:04:43.088+06:00  INFO 577218 --- [pangochain-backend] [io-8080-exec-23] c.pangochain.backend.ipfs.IpfsService    : Fetched 780 bytes from primary IPFS CID=QmdMbyBpoGFK1mURYDVGnjQ4AkNoJfnaBed6stWNVYy8rq
2026-07-31T21:04:43.088+06:00  INFO 577218 --- [pangochain-backend] [io-8080-exec-17] c.pangochain.backend.ipfs.IpfsService    : Fetched 780 bytes from primary IPFS CID=QmdMbyBpoGFK1mURYDVGnjQ4AkNoJfnaBed6stWNVYy8rq
2026-07-31T21:04:43.088+06:00  INFO 577218 --- [pangochain-backend] [io-8080-exec-11] c.pangochain.backend.ipfs.IpfsService    : Fetched 780 bytes from primary IPFS CID=QmdMbyBpoGFK1mURYDVGnjQ4AkNoJfnaBed6stWNVYy8rq
2026-07-31T21:04:43.088+06:00  INFO 577218 --- [pangochain-backend] [io-8080-exec-14] c.pangochain.backend.ipfs.IpfsService    : Fetched 780 bytes from primary IPFS CID=QmdMbyBpoGFK1mURYDVGnjQ4AkNoJfnaBed6stWNVYy8rq
2026-07-31T21:04:43.089+06:00  INFO 577218 --- [pangochain-backend] [io-8080-exec-41] c.pangochain.backend.ipfs.IpfsService    : Fetched 780 bytes from primary IPFS CID=QmdMbyBpoGFK1mURYDVGnjQ4AkNoJfnaBed6stWNVYy8rq
2026-07-31T21:04:43.090+06:00  INFO 577218 --- [pangochain-backend] [io-8080-exec-29] c.p.backend.document.DocumentService     : ACL check: Layer1=PASS Layer2=PASS doc=7eb7b50a-21ec-4f40-a48a-98cccaa8f738 user=bench@pangochain.test
2026-07-31T21:04:43.090+06:00  INFO 577218 --- [pangochain-backend] [io-8080-exec-46] c.p.backend.document.DocumentService     : ACL check: Layer1=PASS Layer2=PASS doc=7eb7b50a-21ec-4f40-a48a-98cccaa8f738 user=bench@pangochain.test
2026-07-31T21:04:43.090+06:00  INFO 577218 --- [pangochain-backend] [nio-8080-exec-4] c.p.backend.document.DocumentService     : ACL check: Layer1=PASS Layer2=PASS doc=7eb7b50a-21ec-4f40-a48a-98cccaa8f738 user=bench@pangochain.test
2026-07-31T21:04:43.090+06:00  INFO 577218 --- [pangochain-backend] [nio-8080-exec-2] c.p.backend.document.DocumentService     : ACL check: Layer1=PASS Layer2=PASS doc=7eb7b50a-21ec-4f40-a48a-98cccaa8f738 user=bench@pangochain.test
2026-07-31T21:04:43.091+06:00  INFO 577218 --- [pangochain-backend] [io-8080-exec-33] c.pangochain.backend.ipfs.IpfsService    : Fetched 780 bytes from primary IPFS CID=QmdMbyBpoGFK1mURYDVGnjQ4AkNoJfnaBed6stWNVYy8rq
2026-07-31T21:04:43.091+06:00  INFO 577218 --- [pangochain-backend] [io-8080-exec-40] c.p.backend.document.DocumentService     : ACL check: Layer1=PASS Layer2=PASS doc=7eb7b50a-21ec-4f40-a48a-98cccaa8f738 user=bench@pangochain.test
2026-07-31T21:04:43.091+06:00  INFO 577218 --- [pangochain-backend] [io-8080-exec-47] c.p.backend.document.DocumentService     : ACL check: Layer1=PASS Layer2=PASS doc=7eb7b50a-21ec-4f40-a48a-98cccaa8f738 user=bench@pangochain.test
2026-07-31T21:04:43.091+06:00  INFO 577218 --- [pangochain-backend] [io-8080-exec-21] c.p.backend.document.DocumentService     : ACL check: Layer1=PASS Layer2=PASS doc=7eb7b50a-21ec-4f40-a48a-98cccaa8f738 user=bench@pangochain.test
2026-07-31T21:04:43.092+06:00  INFO 577218 --- [pangochain-backend] [io-8080-exec-30] c.pangochain.backend.ipfs.IpfsService    : Fetched 780 bytes from primary IPFS CID=QmdMbyBpoGFK1mURYDVGnjQ4AkNoJfnaBed6stWNVYy8rq
2026-07-31T21:04:43.092+06:00  INFO 577218 --- [pangochain-backend] [io-8080-exec-38] c.p.backend.document.DocumentService     : ACL check: Layer1=PASS Layer2=PASS doc=7eb7b50a-21ec-4f40-a48a-98cccaa8f738 user=bench@pangochain.test
2026-07-31T21:04:43.092+06:00  INFO 577218 --- [pangochain-backend] [nio-8080-exec-3] c.p.backend.document.DocumentService     : ACL check: Layer1=PASS Layer2=PASS doc=7eb7b50a-21ec-4f40-a48a-98cccaa8f738 user=bench@pangochain.test
2026-07-31T21:04:43.092+06:00  INFO 577218 --- [pangochain-backend] [io-8080-exec-45] c.p.backend.document.DocumentService     : ACL check: Layer1=PASS Layer2=PASS doc=7eb7b50a-21ec-4f40-a48a-98cccaa8f738 user=bench@pangochain.test
2026-07-31T21:04:43.092+06:00  INFO 577218 --- [pangochain-backend] [nio-8080-exec-5] c.pangochain.backend.ipfs.IpfsService    : Fetched 780 bytes from primary IPFS CID=QmdMbyBpoGFK1mURYDVGnjQ4AkNoJfnaBed6stWNVYy8rq
2026-07-31T21:04:43.092+06:00  INFO 577218 --- [pangochain-backend] [nio-8080-exec-7] c.p.backend.document.DocumentService     : ACL check: Layer1=PASS Layer2=PASS doc=7eb7b50a-21ec-4f40-a48a-98cccaa8f738 user=bench@pangochain.test
2026-07-31T21:04:43.093+06:00  INFO 577218 --- [pangochain-backend] [io-8080-exec-26] c.p.backend.document.DocumentService     : ACL check: Layer1=PASS Layer2=PASS doc=7eb7b50a-21ec-4f40-a48a-98cccaa8f738 user=bench@pangochain.test
2026-07-31T21:04:43.093+06:00  INFO 577218 --- [pangochain-backend] [io-8080-exec-31] c.p.backend.document.DocumentService     : ACL check: Layer1=PASS Layer2=PASS doc=7eb7b50a-21ec-4f40-a48a-98cccaa8f738 user=bench@pangochain.test
2026-07-31T21:04:43.094+06:00  INFO 577218 --- [pangochain-backend] [io-8080-exec-29] c.pangochain.backend.ipfs.IpfsService    : Fetched 780 bytes from primary IPFS CID=QmdMbyBpoGFK1mURYDVGnjQ4AkNoJfnaBed6stWNVYy8rq
2026-07-31T21:04:43.096+06:00  INFO 577218 --- [pangochain-backend] [io-8080-exec-46] c.pangochain.backend.ipfs.IpfsService    : Fetched 780 bytes from primary IPFS CID=QmdMbyBpoGFK1mURYDVGnjQ4AkNoJfnaBed6stWNVYy8rq
2026-07-31T21:04:43.096+06:00  INFO 577218 --- [pangochain-backend] [io-8080-exec-47] c.pangochain.backend.ipfs.IpfsService    : Fetched 780 bytes from primary IPFS CID=QmdMbyBpoGFK1mURYDVGnjQ4AkNoJfnaBed6stWNVYy8rq
2026-07-31T21:04:43.096+06:00  INFO 577218 --- [pangochain-backend] [io-8080-exec-16] c.p.backend.document.DocumentService     : ACL check: Layer1=PASS Layer2=PASS doc=7eb7b50a-21ec-4f40-a48a-98cccaa8f738 user=bench@pangochain.test
2026-07-31T21:04:43.097+06:00  INFO 577218 --- [pangochain-backend] [io-8080-exec-38] c.pangochain.backend.ipfs.IpfsService    : Fetched 780 bytes from primary IPFS CID=QmdMbyBpoGFK1mURYDVGnjQ4AkNoJfnaBed6stWNVYy8rq
2026-07-31T21:04:43.097+06:00  INFO 577218 --- [pangochain-backend] [io-8080-exec-40] c.pangochain.backend.ipfs.IpfsService    : Fetched 780 bytes from primary IPFS CID=QmdMbyBpoGFK1mURYDVGnjQ4AkNoJfnaBed6stWNVYy8rq
2026-07-31T21:04:43.093+06:00  INFO 577218 --- [pangochain-backend] [io-8080-exec-48] c.p.backend.document.DocumentService     : ACL check: Layer1=PASS Layer2=PASS doc=7eb7b50a-21ec-4f40-a48a-98cccaa8f738 user=bench@pangochain.test
2026-07-31T21:04:43.094+06:00  INFO 577218 --- [pangochain-backend] [io-8080-exec-18] c.pangochain.backend.ipfs.IpfsService    : Fetched 780 bytes from primary IPFS CID=QmdMbyBpoGFK1mURYDVGnjQ4AkNoJfnaBed6stWNVYy8rq
2026-07-31T21:04:43.097+06:00  INFO 577218 --- [pangochain-backend] [nio-8080-exec-3] c.pangochain.backend.ipfs.IpfsService    : Fetched 780 bytes from primary IPFS CID=QmdMbyBpoGFK1mURYDVGnjQ4AkNoJfnaBed6stWNVYy8rq
2026-07-31T21:04:43.098+06:00  INFO 577218 --- [pangochain-backend] [nio-8080-exec-4] c.pangochain.backend.ipfs.IpfsService    : Fetched 780 bytes from primary IPFS CID=QmdMbyBpoGFK1mURYDVGnjQ4AkNoJfnaBed6stWNVYy8rq
2026-07-31T21:04:43.098+06:00  INFO 577218 --- [pangochain-backend] [io-8080-exec-26] c.pangochain.backend.ipfs.IpfsService    : Fetched 780 bytes from primary IPFS CID=QmdMbyBpoGFK1mURYDVGnjQ4AkNoJfnaBed6stWNVYy8rq
2026-07-31T21:04:43.095+06:00  INFO 577218 --- [pangochain-backend] [nio-8080-exec-1] c.pangochain.backend.ipfs.IpfsService    : Fetched 780 bytes from primary IPFS CID=QmdMbyBpoGFK1mURYDVGnjQ4AkNoJfnaBed6stWNVYy8rq
2026-07-31T21:04:43.099+06:00  INFO 577218 --- [pangochain-backend] [nio-8080-exec-7] c.pangochain.backend.ipfs.IpfsService    : Fetched 780 bytes from primary IPFS CID=QmdMbyBpoGFK1mURYDVGnjQ4AkNoJfnaBed6stWNVYy8rq
2026-07-31T21:04:43.099+06:00  INFO 577218 --- [pangochain-backend] [nio-8080-exec-2] c.pangochain.backend.ipfs.IpfsService    : Fetched 780 bytes from primary IPFS CID=QmdMbyBpoGFK1mURYDVGnjQ4AkNoJfnaBed6stWNVYy8rq
2026-07-31T21:04:43.100+06:00  INFO 577218 --- [pangochain-backend] [io-8080-exec-31] c.pangochain.backend.ipfs.IpfsService    : Fetched 780 bytes from primary IPFS CID=QmdMbyBpoGFK1mURYDVGnjQ4AkNoJfnaBed6stWNVYy8rq
2026-07-31T21:04:43.100+06:00  INFO 577218 --- [pangochain-backend] [io-8080-exec-21] c.pangochain.backend.ipfs.IpfsService    : Fetched 780 bytes from primary IPFS CID=QmdMbyBpoGFK1mURYDVGnjQ4AkNoJfnaBed6stWNVYy8rq
2026-07-31T21:04:43.100+06:00  INFO 577218 --- [pangochain-backend] [io-8080-exec-24] c.p.backend.document.DocumentService     : ACL check: Layer1=PASS Layer2=PASS doc=7eb7b50a-21ec-4f40-a48a-98cccaa8f738 user=bench@pangochain.test
2026-07-31T21:04:43.101+06:00  INFO 577218 --- [pangochain-backend] [io-8080-exec-35] c.p.backend.document.DocumentService     : ACL check: Layer1=PASS Layer2=PASS doc=7eb7b50a-21ec-4f40-a48a-98cccaa8f738 user=bench@pangochain.test
2026-07-31T21:04:43.101+06:00  INFO 577218 --- [pangochain-backend] [io-8080-exec-45] c.pangochain.backend.ipfs.IpfsService    : Fetched 780 bytes from primary IPFS CID=QmdMbyBpoGFK1mURYDVGnjQ4AkNoJfnaBed6stWNVYy8rq
2026-07-31T21:04:43.101+06:00  INFO 577218 --- [pangochain-backend] [io-8080-exec-20] c.p.backend.document.DocumentService     : ACL check: Layer1=PASS Layer2=PASS doc=7eb7b50a-21ec-4f40-a48a-98cccaa8f738 user=bench@pangochain.test
2026-07-31T21:04:43.102+06:00  INFO 577218 --- [pangochain-backend] [io-8080-exec-39] c.p.backend.document.DocumentService     : ACL check: Layer1=PASS Layer2=PASS doc=7eb7b50a-21ec-4f40-a48a-98cccaa8f738 user=bench@pangochain.test
2026-07-31T21:04:43.104+06:00  INFO 577218 --- [pangochain-backend] [io-8080-exec-24] c.pangochain.backend.ipfs.IpfsService    : Fetched 780 bytes from primary IPFS CID=QmdMbyBpoGFK1mURYDVGnjQ4AkNoJfnaBed6stWNVYy8rq
2026-07-31T21:04:43.104+06:00  INFO 577218 --- [pangochain-backend] [io-8080-exec-50] c.p.backend.document.DocumentService     : ACL check: Layer1=PASS Layer2=PASS doc=7eb7b50a-21ec-4f40-a48a-98cccaa8f738 user=bench@pangochain.test
2026-07-31T21:04:43.104+06:00  INFO 577218 --- [pangochain-backend] [io-8080-exec-51] c.p.backend.document.DocumentService     : ACL check: Layer1=PASS Layer2=PASS doc=7eb7b50a-21ec-4f40-a48a-98cccaa8f738 user=bench@pangochain.test
2026-07-31T21:04:43.105+06:00  INFO 577218 --- [pangochain-backend] [io-8080-exec-37] c.p.backend.document.DocumentService     : ACL check: Layer1=PASS Layer2=PASS doc=7eb7b50a-21ec-4f40-a48a-98cccaa8f738 user=bench@pangochain.test
2026-07-31T21:04:43.106+06:00  INFO 577218 --- [pangochain-backend] [io-8080-exec-13] c.p.backend.document.DocumentService     : ACL check: Layer1=PASS Layer2=PASS doc=7eb7b50a-21ec-4f40-a48a-98cccaa8f738 user=bench@pangochain.test
2026-07-31T21:04:43.106+06:00  INFO 577218 --- [pangochain-backend] [io-8080-exec-35] c.pangochain.backend.ipfs.IpfsService    : Fetched 780 bytes from primary IPFS CID=QmdMbyBpoGFK1mURYDVGnjQ4AkNoJfnaBed6stWNVYy8rq
2026-07-31T21:04:43.106+06:00  INFO 577218 --- [pangochain-backend] [io-8080-exec-20] c.pangochain.backend.ipfs.IpfsService    : Fetched 780 bytes from primary IPFS CID=QmdMbyBpoGFK1mURYDVGnjQ4AkNoJfnaBed6stWNVYy8rq
2026-07-31T21:04:43.106+06:00  INFO 577218 --- [pangochain-backend] [io-8080-exec-36] c.p.backend.document.DocumentService     : ACL check: Layer1=PASS Layer2=PASS doc=7eb7b50a-21ec-4f40-a48a-98cccaa8f738 user=bench@pangochain.test
2026-07-31T21:04:43.107+06:00  INFO 577218 --- [pangochain-backend] [io-8080-exec-16] c.pangochain.backend.ipfs.IpfsService    : Fetched 780 bytes from primary IPFS CID=QmdMbyBpoGFK1mURYDVGnjQ4AkNoJfnaBed6stWNVYy8rq
2026-07-31T21:04:43.109+06:00  INFO 577218 --- [pangochain-backend] [io-8080-exec-15] c.p.backend.document.DocumentService     : ACL check: Layer1=PASS Layer2=PASS doc=7eb7b50a-21ec-4f40-a48a-98cccaa8f738 user=bench@pangochain.test
2026-07-31T21:04:43.109+06:00  INFO 577218 --- [pangochain-backend] [io-8080-exec-22] c.p.backend.document.DocumentService     : ACL check: Layer1=PASS Layer2=PASS doc=7eb7b50a-21ec-4f40-a48a-98cccaa8f738 user=bench@pangochain.test
2026-07-31T21:04:43.109+06:00  INFO 577218 --- [pangochain-backend] [io-8080-exec-44] c.p.backend.document.DocumentService     : ACL check: Layer1=PASS Layer2=PASS doc=7eb7b50a-21ec-4f40-a48a-98cccaa8f738 user=bench@pangochain.test
2026-07-31T21:04:43.110+06:00  INFO 577218 --- [pangochain-backend] [nio-8080-exec-6] c.p.backend.document.DocumentService     : ACL check: Layer1=PASS Layer2=PASS doc=7eb7b50a-21ec-4f40-a48a-98cccaa8f738 user=bench@pangochain.test
2026-07-31T21:04:43.113+06:00  INFO 577218 --- [pangochain-backend] [io-8080-exec-48] c.pangochain.backend.ipfs.IpfsService    : Fetched 780 bytes from primary IPFS CID=QmdMbyBpoGFK1mURYDVGnjQ4AkNoJfnaBed6stWNVYy8rq
2026-07-31T21:04:43.109+06:00  INFO 577218 --- [pangochain-backend] [io-8080-exec-32] c.p.backend.document.DocumentService     : ACL check: Layer1=PASS Layer2=PASS doc=7eb7b50a-21ec-4f40-a48a-98cccaa8f738 user=bench@pangochain.test
2026-07-31T21:04:43.118+06:00  INFO 577218 --- [pangochain-backend] [io-8080-exec-27] c.p.backend.document.DocumentService     : ACL check: Layer1=PASS Layer2=PASS doc=7eb7b50a-21ec-4f40-a48a-98cccaa8f738 user=bench@pangochain.test
2026-07-31T21:04:43.120+06:00  INFO 577218 --- [pangochain-backend] [io-8080-exec-22] c.pangochain.backend.ipfs.IpfsService    : Fetched 780 bytes from primary IPFS CID=QmdMbyBpoGFK1mURYDVGnjQ4AkNoJfnaBed6stWNVYy8rq
2026-07-31T21:04:43.120+06:00  INFO 577218 --- [pangochain-backend] [io-8080-exec-19] c.p.backend.document.DocumentService     : ACL check: Layer1=PASS Layer2=PASS doc=7eb7b50a-21ec-4f40-a48a-98cccaa8f738 user=bench@pangochain.test
2026-07-31T21:04:43.120+06:00  INFO 577218 --- [pangochain-backend] [io-8080-exec-49] c.p.backend.document.DocumentService     : ACL check: Layer1=PASS Layer2=PASS doc=7eb7b50a-21ec-4f40-a48a-98cccaa8f738 user=bench@pangochain.test
2026-07-31T21:04:43.120+06:00  INFO 577218 --- [pangochain-backend] [io-8080-exec-12] c.p.backend.document.DocumentService     : ACL check: Layer1=PASS Layer2=PASS doc=7eb7b50a-21ec-4f40-a48a-98cccaa8f738 user=bench@pangochain.test
2026-07-31T21:04:43.122+06:00  INFO 577218 --- [pangochain-backend] [io-8080-exec-44] c.pangochain.backend.ipfs.IpfsService    : Fetched 780 bytes from primary IPFS CID=QmdMbyBpoGFK1mURYDVGnjQ4AkNoJfnaBed6stWNVYy8rq
2026-07-31T21:04:43.122+06:00  INFO 577218 --- [pangochain-backend] [io-8080-exec-32] c.pangochain.backend.ipfs.IpfsService    : Fetched 780 bytes from primary IPFS CID=QmdMbyBpoGFK1mURYDVGnjQ4AkNoJfnaBed6stWNVYy8rq
2026-07-31T21:04:43.123+06:00  INFO 577218 --- [pangochain-backend] [nio-8080-exec-6] c.pangochain.backend.ipfs.IpfsService    : Fetched 780 bytes from primary IPFS CID=QmdMbyBpoGFK1mURYDVGnjQ4AkNoJfnaBed6stWNVYy8rq
2026-07-31T21:04:43.123+06:00  INFO 577218 --- [pangochain-backend] [io-8080-exec-50] c.pangochain.backend.ipfs.IpfsService    : Fetched 780 bytes from primary IPFS CID=QmdMbyBpoGFK1mURYDVGnjQ4AkNoJfnaBed6stWNVYy8rq
2026-07-31T21:04:43.123+06:00  INFO 577218 --- [pangochain-backend] [io-8080-exec-29] c.p.backend.document.DocumentService     : ACL check: Layer1=PASS Layer2=PASS doc=7eb7b50a-21ec-4f40-a48a-98cccaa8f738 user=bench@pangochain.test
2026-07-31T21:04:43.124+06:00  INFO 577218 --- [pangochain-backend] [io-8080-exec-15] c.pangochain.backend.ipfs.IpfsService    : Fetched 780 bytes from primary IPFS CID=QmdMbyBpoGFK1mURYDVGnjQ4AkNoJfnaBed6stWNVYy8rq
2026-07-31T21:04:43.124+06:00  INFO 577218 --- [pangochain-backend] [io-8080-exec-39] c.pangochain.backend.ipfs.IpfsService    : Fetched 780 bytes from primary IPFS CID=QmdMbyBpoGFK1mURYDVGnjQ4AkNoJfnaBed6stWNVYy8rq
2026-07-31T21:04:43.124+06:00  INFO 577218 --- [pangochain-backend] [io-8080-exec-13] c.pangochain.backend.ipfs.IpfsService    : Fetched 780 bytes from primary IPFS CID=QmdMbyBpoGFK1mURYDVGnjQ4AkNoJfnaBed6stWNVYy8rq
2026-07-31T21:04:43.125+06:00  INFO 577218 --- [pangochain-backend] [io-8080-exec-43] c.p.backend.document.DocumentService     : ACL check: Layer1=PASS Layer2=PASS doc=7eb7b50a-21ec-4f40-a48a-98cccaa8f738 user=bench@pangochain.test
2026-07-31T21:04:43.125+06:00  INFO 577218 --- [pangochain-backend] [io-8080-exec-25] c.p.backend.document.DocumentService     : ACL check: Layer1=PASS Layer2=PASS doc=7eb7b50a-21ec-4f40-a48a-98cccaa8f738 user=bench@pangochain.test
2026-07-31T21:04:43.125+06:00  INFO 577218 --- [pangochain-backend] [io-8080-exec-51] c.pangochain.backend.ipfs.IpfsService    : Fetched 780 bytes from primary IPFS CID=QmdMbyBpoGFK1mURYDVGnjQ4AkNoJfnaBed6stWNVYy8rq
2026-07-31T21:04:43.125+06:00  INFO 577218 --- [pangochain-backend] [io-8080-exec-10] c.p.backend.document.DocumentService     : ACL check: Layer1=PASS Layer2=PASS doc=7eb7b50a-21ec-4f40-a48a-98cccaa8f738 user=bench@pangochain.test
2026-07-31T21:04:43.125+06:00  INFO 577218 --- [pangochain-backend] [io-8080-exec-19] c.pangochain.backend.ipfs.IpfsService    : Fetched 780 bytes from primary IPFS CID=QmdMbyBpoGFK1mURYDVGnjQ4AkNoJfnaBed6stWNVYy8rq
2026-07-31T21:04:43.126+06:00  INFO 577218 --- [pangochain-backend] [io-8080-exec-12] c.pangochain.backend.ipfs.IpfsService    : Fetched 780 bytes from primary IPFS CID=QmdMbyBpoGFK1mURYDVGnjQ4AkNoJfnaBed6stWNVYy8rq
2026-07-31T21:04:43.126+06:00  INFO 577218 --- [pangochain-backend] [io-8080-exec-37] c.pangochain.backend.ipfs.IpfsService    : Fetched 780 bytes from primary IPFS CID=QmdMbyBpoGFK1mURYDVGnjQ4AkNoJfnaBed6stWNVYy8rq
2026-07-31T21:04:43.126+06:00  INFO 577218 --- [pangochain-backend] [io-8080-exec-27] c.pangochain.backend.ipfs.IpfsService    : Fetched 780 bytes from primary IPFS CID=QmdMbyBpoGFK1mURYDVGnjQ4AkNoJfnaBed6stWNVYy8rq
2026-07-31T21:04:43.126+06:00  INFO 577218 --- [pangochain-backend] [io-8080-exec-28] c.p.backend.document.DocumentService     : ACL check: Layer1=PASS Layer2=PASS doc=7eb7b50a-21ec-4f40-a48a-98cccaa8f738 user=bench@pangochain.test
2026-07-31T21:04:43.127+06:00  INFO 577218 --- [pangochain-backend] [io-8080-exec-36] c.pangochain.backend.ipfs.IpfsService    : Fetched 780 bytes from primary IPFS CID=QmdMbyBpoGFK1mURYDVGnjQ4AkNoJfnaBed6stWNVYy8rq
2026-07-31T21:04:43.128+06:00  INFO 577218 --- [pangochain-backend] [io-8080-exec-25] c.pangochain.backend.ipfs.IpfsService    : Fetched 780 bytes from primary IPFS CID=QmdMbyBpoGFK1mURYDVGnjQ4AkNoJfnaBed6stWNVYy8rq
2026-07-31T21:04:43.129+06:00  INFO 577218 --- [pangochain-backend] [io-8080-exec-49] c.pangochain.backend.ipfs.IpfsService    : Fetched 780 bytes from primary IPFS CID=QmdMbyBpoGFK1mURYDVGnjQ4AkNoJfnaBed6stWNVYy8rq
2026-07-31T21:04:43.129+06:00  INFO 577218 --- [pangochain-backend] [io-8080-exec-28] c.pangochain.backend.ipfs.IpfsService    : Fetched 780 bytes from primary IPFS CID=QmdMbyBpoGFK1mURYDVGnjQ4AkNoJfnaBed6stWNVYy8rq
2026-07-31T21:04:43.128+06:00  INFO 577218 --- [pangochain-backend] [io-8080-exec-10] c.pangochain.backend.ipfs.IpfsService    : Fetched 780 bytes from primary IPFS CID=QmdMbyBpoGFK1mURYDVGnjQ4AkNoJfnaBed6stWNVYy8rq
2026-07-31T21:04:43.130+06:00  INFO 577218 --- [pangochain-backend] [io-8080-exec-29] c.pangochain.backend.ipfs.IpfsService    : Fetched 780 bytes from primary IPFS CID=QmdMbyBpoGFK1mURYDVGnjQ4AkNoJfnaBed6stWNVYy8rq
2026-07-31T21:04:43.131+06:00  INFO 577218 --- [pangochain-backend] [nio-8080-exec-1] c.p.backend.document.DocumentService     : ACL check: Layer1=PASS Layer2=PASS doc=7eb7b50a-21ec-4f40-a48a-98cccaa8f738 user=bench@pangochain.test
2026-07-31T21:04:43.132+06:00  INFO 577218 --- [pangochain-backend] [io-8080-exec-26] c.p.backend.document.DocumentService     : ACL check: Layer1=PASS Layer2=PASS doc=7eb7b50a-21ec-4f40-a48a-98cccaa8f738 user=bench@pangochain.test
2026-07-31T21:04:43.132+06:00  INFO 577218 --- [pangochain-backend] [nio-8080-exec-3] c.p.backend.document.DocumentService     : ACL check: Layer1=PASS Layer2=PASS doc=7eb7b50a-21ec-4f40-a48a-98cccaa8f738 user=bench@pangochain.test
2026-07-31T21:04:43.132+06:00  INFO 577218 --- [pangochain-backend] [io-8080-exec-11] c.p.backend.document.DocumentService     : ACL check: Layer1=PASS Layer2=PASS doc=7eb7b50a-21ec-4f40-a48a-98cccaa8f738 user=bench@pangochain.test
2026-07-31T21:04:43.132+06:00  INFO 577218 --- [pangochain-backend] [io-8080-exec-43] c.pangochain.backend.ipfs.IpfsService    : Fetched 780 bytes from primary IPFS CID=QmdMbyBpoGFK1mURYDVGnjQ4AkNoJfnaBed6stWNVYy8rq
2026-07-31T21:04:43.132+06:00  INFO 577218 --- [pangochain-backend] [io-8080-exec-42] c.p.backend.document.DocumentService     : ACL check: Layer1=PASS Layer2=PASS doc=7eb7b50a-21ec-4f40-a48a-98cccaa8f738 user=bench@pangochain.test
2026-07-31T21:04:43.133+06:00  INFO 577218 --- [pangochain-backend] [io-8080-exec-20] c.p.backend.document.DocumentService     : ACL check: Layer1=PASS Layer2=PASS doc=7eb7b50a-21ec-4f40-a48a-98cccaa8f738 user=bench@pangochain.test
2026-07-31T21:04:43.133+06:00  INFO 577218 --- [pangochain-backend] [nio-8080-exec-9] c.p.backend.document.DocumentService     : ACL check: Layer1=PASS Layer2=PASS doc=7eb7b50a-21ec-4f40-a48a-98cccaa8f738 user=bench@pangochain.test
2026-07-31T21:04:43.133+06:00  INFO 577218 --- [pangochain-backend] [io-8080-exec-31] c.p.backend.document.DocumentService     : ACL check: Layer1=PASS Layer2=PASS doc=7eb7b50a-21ec-4f40-a48a-98cccaa8f738 user=bench@pangochain.test
2026-07-31T21:04:43.134+06:00  INFO 577218 --- [pangochain-backend] [io-8080-exec-41] c.p.backend.document.DocumentService     : ACL check: Layer1=PASS Layer2=PASS doc=7eb7b50a-21ec-4f40-a48a-98cccaa8f738 user=bench@pangochain.test
2026-07-31T21:04:43.135+06:00  INFO 577218 --- [pangochain-backend] [io-8080-exec-40] c.p.backend.document.DocumentService     : ACL check: Layer1=PASS Layer2=PASS doc=7eb7b50a-21ec-4f40-a48a-98cccaa8f738 user=bench@pangochain.test
2026-07-31T21:04:43.134+06:00  INFO 577218 --- [pangochain-backend] [io-8080-exec-47] c.p.backend.document.DocumentService     : ACL check: Layer1=PASS Layer2=PASS doc=7eb7b50a-21ec-4f40-a48a-98cccaa8f738 user=bench@pangochain.test
2026-07-31T21:04:43.136+06:00  INFO 577218 --- [pangochain-backend] [io-8080-exec-42] c.pangochain.backend.ipfs.IpfsService    : Fetched 780 bytes from primary IPFS CID=QmdMbyBpoGFK1mURYDVGnjQ4AkNoJfnaBed6stWNVYy8rq
2026-07-31T21:04:43.136+06:00  INFO 577218 --- [pangochain-backend] [io-8080-exec-26] c.pangochain.backend.ipfs.IpfsService    : Fetched 780 bytes from primary IPFS CID=QmdMbyBpoGFK1mURYDVGnjQ4AkNoJfnaBed6stWNVYy8rq
2026-07-31T21:04:43.137+06:00  INFO 577218 --- [pangochain-backend] [io-8080-exec-11] c.pangochain.backend.ipfs.IpfsService    : Fetched 780 bytes from primary IPFS CID=QmdMbyBpoGFK1mURYDVGnjQ4AkNoJfnaBed6stWNVYy8rq
2026-07-31T21:04:43.137+06:00  INFO 577218 --- [pangochain-backend] [nio-8080-exec-4] c.p.backend.document.DocumentService     : ACL check: Layer1=PASS Layer2=PASS doc=7eb7b50a-21ec-4f40-a48a-98cccaa8f738 user=bench@pangochain.test
2026-07-31T21:04:43.137+06:00  INFO 577218 --- [pangochain-backend] [io-8080-exec-34] c.p.backend.document.DocumentService     : ACL check: Layer1=PASS Layer2=PASS doc=7eb7b50a-21ec-4f40-a48a-98cccaa8f738 user=bench@pangochain.test
2026-07-31T21:04:43.137+06:00  INFO 577218 --- [pangochain-backend] [io-8080-exec-18] c.p.backend.document.DocumentService     : ACL check: Layer1=PASS Layer2=PASS doc=7eb7b50a-21ec-4f40-a48a-98cccaa8f738 user=bench@pangochain.test
2026-07-31T21:04:43.137+06:00  INFO 577218 --- [pangochain-backend] [nio-8080-exec-1] c.pangochain.backend.ipfs.IpfsService    : Fetched 780 bytes from primary IPFS CID=QmdMbyBpoGFK1mURYDVGnjQ4AkNoJfnaBed6stWNVYy8rq
2026-07-31T21:04:43.138+06:00  INFO 577218 --- [pangochain-backend] [io-8080-exec-38] c.p.backend.document.DocumentService     : ACL check: Layer1=PASS Layer2=PASS doc=7eb7b50a-21ec-4f40-a48a-98cccaa8f738 user=bench@pangochain.test
2026-07-31T21:04:43.138+06:00  INFO 577218 --- [pangochain-backend] [io-8080-exec-20] c.pangochain.backend.ipfs.IpfsService    : Fetched 780 bytes from primary IPFS CID=QmdMbyBpoGFK1mURYDVGnjQ4AkNoJfnaBed6stWNVYy8rq
2026-07-31T21:04:43.144+06:00  INFO 577218 --- [pangochain-backend] [io-8080-exec-46] c.p.backend.document.DocumentService     : ACL check: Layer1=PASS Layer2=PASS doc=7eb7b50a-21ec-4f40-a48a-98cccaa8f738 user=bench@pangochain.test
2026-07-31T21:04:43.144+06:00  INFO 577218 --- [pangochain-backend] [io-8080-exec-16] c.p.backend.document.DocumentService     : ACL check: Layer1=PASS Layer2=PASS doc=7eb7b50a-21ec-4f40-a48a-98cccaa8f738 user=bench@pangochain.test
2026-07-31T21:04:43.145+06:00  INFO 577218 --- [pangochain-backend] [io-8080-exec-41] c.pangochain.backend.ipfs.IpfsService    : Fetched 780 bytes from primary IPFS CID=QmdMbyBpoGFK1mURYDVGnjQ4AkNoJfnaBed6stWNVYy8rq
2026-07-31T21:04:43.145+06:00  INFO 577218 --- [pangochain-backend] [io-8080-exec-47] c.pangochain.backend.ipfs.IpfsService    : Fetched 780 bytes from primary IPFS CID=QmdMbyBpoGFK1mURYDVGnjQ4AkNoJfnaBed6stWNVYy8rq
2026-07-31T21:04:43.145+06:00  INFO 577218 --- [pangochain-backend] [nio-8080-exec-2] c.p.backend.document.DocumentService     : ACL check: Layer1=PASS Layer2=PASS doc=7eb7b50a-21ec-4f40-a48a-98cccaa8f738 user=bench@pangochain.test
2026-07-31T21:04:43.145+06:00  INFO 577218 --- [pangochain-backend] [io-8080-exec-17] c.p.backend.document.DocumentService     : ACL check: Layer1=PASS Layer2=PASS doc=7eb7b50a-21ec-4f40-a48a-98cccaa8f738 user=bench@pangochain.test
2026-07-31T21:04:43.145+06:00  INFO 577218 --- [pangochain-backend] [io-8080-exec-40] c.pangochain.backend.ipfs.IpfsService    : Fetched 780 bytes from primary IPFS CID=QmdMbyBpoGFK1mURYDVGnjQ4AkNoJfnaBed6stWNVYy8rq
2026-07-31T21:04:43.145+06:00  INFO 577218 --- [pangochain-backend] [io-8080-exec-21] c.p.backend.document.DocumentService     : ACL check: Layer1=PASS Layer2=PASS doc=7eb7b50a-21ec-4f40-a48a-98cccaa8f738 user=bench@pangochain.test
2026-07-31T21:04:43.145+06:00  INFO 577218 --- [pangochain-backend] [nio-8080-exec-7] c.p.backend.document.DocumentService     : ACL check: Layer1=PASS Layer2=PASS doc=7eb7b50a-21ec-4f40-a48a-98cccaa8f738 user=bench@pangochain.test
2026-07-31T21:04:43.146+06:00  INFO 577218 --- [pangochain-backend] [io-8080-exec-31] c.pangochain.backend.ipfs.IpfsService    : Fetched 780 bytes from primary IPFS CID=QmdMbyBpoGFK1mURYDVGnjQ4AkNoJfnaBed6stWNVYy8rq
2026-07-31T21:04:43.146+06:00  INFO 577218 --- [pangochain-backend] [io-8080-exec-35] c.p.backend.document.DocumentService     : ACL check: Layer1=PASS Layer2=PASS doc=7eb7b50a-21ec-4f40-a48a-98cccaa8f738 user=bench@pangochain.test
2026-07-31T21:04:43.147+06:00  INFO 577218 --- [pangochain-backend] [nio-8080-exec-8] c.p.backend.document.DocumentService     : ACL check: Layer1=PASS Layer2=PASS doc=7eb7b50a-21ec-4f40-a48a-98cccaa8f738 user=bench@pangochain.test
2026-07-31T21:04:43.147+06:00  INFO 577218 --- [pangochain-backend] [nio-8080-exec-4] c.pangochain.backend.ipfs.IpfsService    : Fetched 780 bytes from primary IPFS CID=QmdMbyBpoGFK1mURYDVGnjQ4AkNoJfnaBed6stWNVYy8rq
2026-07-31T21:04:43.147+06:00  INFO 577218 --- [pangochain-backend] [io-8080-exec-30] c.p.backend.document.DocumentService     : ACL check: Layer1=PASS Layer2=PASS doc=7eb7b50a-21ec-4f40-a48a-98cccaa8f738 user=bench@pangochain.test
2026-07-31T21:04:43.147+06:00  INFO 577218 --- [pangochain-backend] [io-8080-exec-45] c.p.backend.document.DocumentService     : ACL check: Layer1=PASS Layer2=PASS doc=7eb7b50a-21ec-4f40-a48a-98cccaa8f738 user=bench@pangochain.test
2026-07-31T21:04:43.148+06:00  INFO 577218 --- [pangochain-backend] [io-8080-exec-24] c.p.backend.document.DocumentService     : ACL check: Layer1=PASS Layer2=PASS doc=7eb7b50a-21ec-4f40-a48a-98cccaa8f738 user=bench@pangochain.test
2026-07-31T21:04:43.148+06:00  INFO 577218 --- [pangochain-backend] [io-8080-exec-48] c.p.backend.document.DocumentService     : ACL check: Layer1=PASS Layer2=PASS doc=7eb7b50a-21ec-4f40-a48a-98cccaa8f738 user=bench@pangochain.test
2026-07-31T21:04:43.148+06:00  INFO 577218 --- [pangochain-backend] [nio-8080-exec-9] c.pangochain.backend.ipfs.IpfsService    : Fetched 780 bytes from primary IPFS CID=QmdMbyBpoGFK1mURYDVGnjQ4AkNoJfnaBed6stWNVYy8rq
2026-07-31T21:04:43.148+06:00  INFO 577218 --- [pangochain-backend] [io-8080-exec-18] c.pangochain.backend.ipfs.IpfsService    : Fetched 780 bytes from primary IPFS CID=QmdMbyBpoGFK1mURYDVGnjQ4AkNoJfnaBed6stWNVYy8rq
2026-07-31T21:04:43.149+06:00  INFO 577218 --- [pangochain-backend] [nio-8080-exec-5] c.p.backend.document.DocumentService     : ACL check: Layer1=PASS Layer2=PASS doc=7eb7b50a-21ec-4f40-a48a-98cccaa8f738 user=bench@pangochain.test
2026-07-31T21:04:43.149+06:00  INFO 577218 --- [pangochain-backend] [io-8080-exec-17] c.pangochain.backend.ipfs.IpfsService    : Fetched 780 bytes from primary IPFS CID=QmdMbyBpoGFK1mURYDVGnjQ4AkNoJfnaBed6stWNVYy8rq
2026-07-31T21:04:43.150+06:00  INFO 577218 --- [pangochain-backend] [io-8080-exec-32] c.p.backend.document.DocumentService     : ACL check: Layer1=PASS Layer2=PASS doc=7eb7b50a-21ec-4f40-a48a-98cccaa8f738 user=bench@pangochain.test
2026-07-31T21:04:43.150+06:00  INFO 577218 --- [pangochain-backend] [nio-8080-exec-7] c.pangochain.backend.ipfs.IpfsService    : Fetched 780 bytes from primary IPFS CID=QmdMbyBpoGFK1mURYDVGnjQ4AkNoJfnaBed6stWNVYy8rq
2026-07-31T21:04:43.150+06:00  INFO 577218 --- [pangochain-backend] [io-8080-exec-23] c.p.backend.document.DocumentService     : ACL check: Layer1=PASS Layer2=PASS doc=7eb7b50a-21ec-4f40-a48a-98cccaa8f738 user=bench@pangochain.test
2026-07-31T21:04:43.150+06:00  INFO 577218 --- [pangochain-backend] [io-8080-exec-34] c.pangochain.backend.ipfs.IpfsService    : Fetched 780 bytes from primary IPFS CID=QmdMbyBpoGFK1mURYDVGnjQ4AkNoJfnaBed6stWNVYy8rq
2026-07-31T21:04:43.151+06:00  INFO 577218 --- [pangochain-backend] [nio-8080-exec-2] c.pangochain.backend.ipfs.IpfsService    : Fetched 780 bytes from primary IPFS CID=QmdMbyBpoGFK1mURYDVGnjQ4AkNoJfnaBed6stWNVYy8rq
2026-07-31T21:04:43.151+06:00  INFO 577218 --- [pangochain-backend] [nio-8080-exec-3] c.pangochain.backend.ipfs.IpfsService    : Fetched 780 bytes from primary IPFS CID=QmdMbyBpoGFK1mURYDVGnjQ4AkNoJfnaBed6stWNVYy8rq
2026-07-31T21:04:43.153+06:00  INFO 577218 --- [pangochain-backend] [io-8080-exec-21] c.pangochain.backend.ipfs.IpfsService    : Fetched 780 bytes from primary IPFS CID=QmdMbyBpoGFK1mURYDVGnjQ4AkNoJfnaBed6stWNVYy8rq
2026-07-31T21:04:43.153+06:00  INFO 577218 --- [pangochain-backend] [io-8080-exec-35] c.pangochain.backend.ipfs.IpfsService    : Fetched 780 bytes from primary IPFS CID=QmdMbyBpoGFK1mURYDVGnjQ4AkNoJfnaBed6stWNVYy8rq
2026-07-31T21:04:43.153+06:00  INFO 577218 --- [pangochain-backend] [nio-8080-exec-8] c.pangochain.backend.ipfs.IpfsService    : Fetched 780 bytes from primary IPFS CID=QmdMbyBpoGFK1mURYDVGnjQ4AkNoJfnaBed6stWNVYy8rq
2026-07-31T21:04:43.154+06:00  INFO 577218 --- [pangochain-backend] [nio-8080-exec-5] c.pangochain.backend.ipfs.IpfsService    : Fetched 780 bytes from primary IPFS CID=QmdMbyBpoGFK1mURYDVGnjQ4AkNoJfnaBed6stWNVYy8rq
2026-07-31T21:04:43.156+06:00  INFO 577218 --- [pangochain-backend] [io-8080-exec-38] c.pangochain.backend.ipfs.IpfsService    : Fetched 780 bytes from primary IPFS CID=QmdMbyBpoGFK1mURYDVGnjQ4AkNoJfnaBed6stWNVYy8rq
2026-07-31T21:04:43.157+06:00  INFO 577218 --- [pangochain-backend] [io-8080-exec-32] c.pangochain.backend.ipfs.IpfsService    : Fetched 780 bytes from primary IPFS CID=QmdMbyBpoGFK1mURYDVGnjQ4AkNoJfnaBed6stWNVYy8rq
2026-07-31T21:04:43.159+06:00  INFO 577218 --- [pangochain-backend] [io-8080-exec-16] c.pangochain.backend.ipfs.IpfsService    : Fetched 780 bytes from primary IPFS CID=QmdMbyBpoGFK1mURYDVGnjQ4AkNoJfnaBed6stWNVYy8rq
2026-07-31T21:04:43.159+06:00  INFO 577218 --- [pangochain-backend] [io-8080-exec-14] c.p.backend.document.DocumentService     : ACL check: Layer1=PASS Layer2=PASS doc=7eb7b50a-21ec-4f40-a48a-98cccaa8f738 user=bench@pangochain.test
2026-07-31T21:04:43.160+06:00  INFO 577218 --- [pangochain-backend] [io-8080-exec-23] c.pangochain.backend.ipfs.IpfsService    : Fetched 780 bytes from primary IPFS CID=QmdMbyBpoGFK1mURYDVGnjQ4AkNoJfnaBed6stWNVYy8rq
2026-07-31T21:04:43.161+06:00  INFO 577218 --- [pangochain-backend] [io-8080-exec-45] c.pangochain.backend.ipfs.IpfsService    : Fetched 780 bytes from primary IPFS CID=QmdMbyBpoGFK1mURYDVGnjQ4AkNoJfnaBed6stWNVYy8rq
2026-07-31T21:04:43.162+06:00  INFO 577218 --- [pangochain-backend] [io-8080-exec-48] c.pangochain.backend.ipfs.IpfsService    : Fetched 780 bytes from primary IPFS CID=QmdMbyBpoGFK1mURYDVGnjQ4AkNoJfnaBed6stWNVYy8rq
2026-07-31T21:04:43.162+06:00  INFO 577218 --- [pangochain-backend] [io-8080-exec-30] c.pangochain.backend.ipfs.IpfsService    : Fetched 780 bytes from primary IPFS CID=QmdMbyBpoGFK1mURYDVGnjQ4AkNoJfnaBed6stWNVYy8rq
2026-07-31T21:04:43.162+06:00  INFO 577218 --- [pangochain-backend] [io-8080-exec-22] c.p.backend.document.DocumentService     : ACL check: Layer1=PASS Layer2=PASS doc=7eb7b50a-21ec-4f40-a48a-98cccaa8f738 user=bench@pangochain.test
2026-07-31T21:04:43.162+06:00  INFO 577218 --- [pangochain-backend] [io-8080-exec-15] c.p.backend.document.DocumentService     : ACL check: Layer1=PASS Layer2=PASS doc=7eb7b50a-21ec-4f40-a48a-98cccaa8f738 user=bench@pangochain.test
2026-07-31T21:04:43.163+06:00  INFO 577218 --- [pangochain-backend] [io-8080-exec-50] c.p.backend.document.DocumentService     : ACL check: Layer1=PASS Layer2=PASS doc=7eb7b50a-21ec-4f40-a48a-98cccaa8f738 user=bench@pangochain.test
2026-07-31T21:04:43.163+06:00  INFO 577218 --- [pangochain-backend] [io-8080-exec-51] c.p.backend.document.DocumentService     : ACL check: Layer1=PASS Layer2=PASS doc=7eb7b50a-21ec-4f40-a48a-98cccaa8f738 user=bench@pangochain.test
2026-07-31T21:04:43.163+06:00  INFO 577218 --- [pangochain-backend] [io-8080-exec-44] c.p.backend.document.DocumentService     : ACL check: Layer1=PASS Layer2=PASS doc=7eb7b50a-21ec-4f40-a48a-98cccaa8f738 user=bench@pangochain.test
2026-07-31T21:04:43.164+06:00  INFO 577218 --- [pangochain-backend] [io-8080-exec-33] c.p.backend.document.DocumentService     : ACL check: Layer1=PASS Layer2=PASS doc=7eb7b50a-21ec-4f40-a48a-98cccaa8f738 user=bench@pangochain.test
2026-07-31T21:04:43.164+06:00  INFO 577218 --- [pangochain-backend] [io-8080-exec-39] c.p.backend.document.DocumentService     : ACL check: Layer1=PASS Layer2=PASS doc=7eb7b50a-21ec-4f40-a48a-98cccaa8f738 user=bench@pangochain.test
2026-07-31T21:04:43.164+06:00  INFO 577218 --- [pangochain-backend] [nio-8080-exec-6] c.p.backend.document.DocumentService     : ACL check: Layer1=PASS Layer2=PASS doc=7eb7b50a-21ec-4f40-a48a-98cccaa8f738 user=bench@pangochain.test
2026-07-31T21:04:43.166+06:00  INFO 577218 --- [pangochain-backend] [io-8080-exec-13] c.p.backend.document.DocumentService     : ACL check: Layer1=PASS Layer2=PASS doc=7eb7b50a-21ec-4f40-a48a-98cccaa8f738 user=bench@pangochain.test
2026-07-31T21:04:43.166+06:00  INFO 577218 --- [pangochain-backend] [io-8080-exec-44] c.pangochain.backend.ipfs.IpfsService    : Fetched 780 bytes from primary IPFS CID=QmdMbyBpoGFK1mURYDVGnjQ4AkNoJfnaBed6stWNVYy8rq
2026-07-31T21:04:43.169+06:00  INFO 577218 --- [pangochain-backend] [io-8080-exec-24] c.pangochain.backend.ipfs.IpfsService    : Fetched 780 bytes from primary IPFS CID=QmdMbyBpoGFK1mURYDVGnjQ4AkNoJfnaBed6stWNVYy8rq
2026-07-31T21:04:43.169+06:00  INFO 577218 --- [pangochain-backend] [io-8080-exec-22] c.pangochain.backend.ipfs.IpfsService    : Fetched 780 bytes from primary IPFS CID=QmdMbyBpoGFK1mURYDVGnjQ4AkNoJfnaBed6stWNVYy8rq
2026-07-31T21:04:43.169+06:00  INFO 577218 --- [pangochain-backend] [io-8080-exec-46] c.pangochain.backend.ipfs.IpfsService    : Fetched 780 bytes from primary IPFS CID=QmdMbyBpoGFK1mURYDVGnjQ4AkNoJfnaBed6stWNVYy8rq
2026-07-31T21:04:43.171+06:00  INFO 577218 --- [pangochain-backend] [io-8080-exec-29] c.p.backend.document.DocumentService     : ACL check: Layer1=PASS Layer2=PASS doc=7eb7b50a-21ec-4f40-a48a-98cccaa8f738 user=bench@pangochain.test
2026-07-31T21:04:43.172+06:00  INFO 577218 --- [pangochain-backend] [io-8080-exec-15] c.pangochain.backend.ipfs.IpfsService    : Fetched 780 bytes from primary IPFS CID=QmdMbyBpoGFK1mURYDVGnjQ4AkNoJfnaBed6stWNVYy8rq
2026-07-31T21:04:43.175+06:00  INFO 577218 --- [pangochain-backend] [io-8080-exec-50] c.pangochain.backend.ipfs.IpfsService    : Fetched 780 bytes from primary IPFS CID=QmdMbyBpoGFK1mURYDVGnjQ4AkNoJfnaBed6stWNVYy8rq
2026-07-31T21:04:43.179+06:00  INFO 577218 --- [pangochain-backend] [io-8080-exec-51] c.pangochain.backend.ipfs.IpfsService    : Fetched 780 bytes from primary IPFS CID=QmdMbyBpoGFK1mURYDVGnjQ4AkNoJfnaBed6stWNVYy8rq
2026-07-31T21:04:43.180+06:00  INFO 577218 --- [pangochain-backend] [io-8080-exec-14] c.pangochain.backend.ipfs.IpfsService    : Fetched 780 bytes from primary IPFS CID=QmdMbyBpoGFK1mURYDVGnjQ4AkNoJfnaBed6stWNVYy8rq
2026-07-31T21:04:43.180+06:00  INFO 577218 --- [pangochain-backend] [io-8080-exec-33] c.pangochain.backend.ipfs.IpfsService    : Fetched 780 bytes from primary IPFS CID=QmdMbyBpoGFK1mURYDVGnjQ4AkNoJfnaBed6stWNVYy8rq
2026-07-31T21:04:43.181+06:00  INFO 577218 --- [pangochain-backend] [io-8080-exec-36] c.p.backend.document.DocumentService     : ACL check: Layer1=PASS Layer2=PASS doc=7eb7b50a-21ec-4f40-a48a-98cccaa8f738 user=bench@pangochain.test
2026-07-31T21:04:43.181+06:00  INFO 577218 --- [pangochain-backend] [io-8080-exec-19] c.p.backend.document.DocumentService     : ACL check: Layer1=PASS Layer2=PASS doc=7eb7b50a-21ec-4f40-a48a-98cccaa8f738 user=bench@pangochain.test
2026-07-31T21:04:43.181+06:00  INFO 577218 --- [pangochain-backend] [io-8080-exec-21] c.p.backend.document.DocumentService     : ACL check: Layer1=PASS Layer2=PASS doc=7eb7b50a-21ec-4f40-a48a-98cccaa8f738 user=bench@pangochain.test
2026-07-31T21:04:43.182+06:00  INFO 577218 --- [pangochain-backend] [io-8080-exec-35] c.p.backend.document.DocumentService     : ACL check: Layer1=PASS Layer2=PASS doc=7eb7b50a-21ec-4f40-a48a-98cccaa8f738 user=bench@pangochain.test
2026-07-31T21:04:43.182+06:00  INFO 577218 --- [pangochain-backend] [io-8080-exec-49] c.p.backend.document.DocumentService     : ACL check: Layer1=PASS Layer2=PASS doc=7eb7b50a-21ec-4f40-a48a-98cccaa8f738 user=bench@pangochain.test
2026-07-31T21:04:43.183+06:00  INFO 577218 --- [pangochain-backend] [io-8080-exec-19] c.pangochain.backend.ipfs.IpfsService    : Fetched 780 bytes from primary IPFS CID=QmdMbyBpoGFK1mURYDVGnjQ4AkNoJfnaBed6stWNVYy8rq
2026-07-31T21:04:43.185+06:00  INFO 577218 --- [pangochain-backend] [io-8080-exec-29] c.pangochain.backend.ipfs.IpfsService    : Fetched 780 bytes from primary IPFS CID=QmdMbyBpoGFK1mURYDVGnjQ4AkNoJfnaBed6stWNVYy8rq
2026-07-31T21:04:43.186+06:00  INFO 577218 --- [pangochain-backend] [io-8080-exec-35] c.pangochain.backend.ipfs.IpfsService    : Fetched 780 bytes from primary IPFS CID=QmdMbyBpoGFK1mURYDVGnjQ4AkNoJfnaBed6stWNVYy8rq
2026-07-31T21:04:43.186+06:00  INFO 577218 --- [pangochain-backend] [io-8080-exec-39] c.pangochain.backend.ipfs.IpfsService    : Fetched 780 bytes from primary IPFS CID=QmdMbyBpoGFK1mURYDVGnjQ4AkNoJfnaBed6stWNVYy8rq
2026-07-31T21:04:43.187+06:00  INFO 577218 --- [pangochain-backend] [nio-8080-exec-6] c.pangochain.backend.ipfs.IpfsService    : Fetched 780 bytes from primary IPFS CID=QmdMbyBpoGFK1mURYDVGnjQ4AkNoJfnaBed6stWNVYy8rq
2026-07-31T21:04:43.188+06:00  INFO 577218 --- [pangochain-backend] [io-8080-exec-13] c.pangochain.backend.ipfs.IpfsService    : Fetched 780 bytes from primary IPFS CID=QmdMbyBpoGFK1mURYDVGnjQ4AkNoJfnaBed6stWNVYy8rq
2026-07-31T21:04:43.188+06:00  INFO 577218 --- [pangochain-backend] [nio-8080-exec-8] c.p.backend.document.DocumentService     : ACL check: Layer1=PASS Layer2=PASS doc=7eb7b50a-21ec-4f40-a48a-98cccaa8f738 user=bench@pangochain.test
2026-07-31T21:04:43.189+06:00  INFO 577218 --- [pangochain-backend] [io-8080-exec-25] c.p.backend.document.DocumentService     : ACL check: Layer1=PASS Layer2=PASS doc=7eb7b50a-21ec-4f40-a48a-98cccaa8f738 user=bench@pangochain.test
2026-07-31T21:04:43.189+06:00  INFO 577218 --- [pangochain-backend] [io-8080-exec-12] c.p.backend.document.DocumentService     : ACL check: Layer1=PASS Layer2=PASS doc=7eb7b50a-21ec-4f40-a48a-98cccaa8f738 user=bench@pangochain.test
2026-07-31T21:04:43.189+06:00  INFO 577218 --- [pangochain-backend] [nio-8080-exec-4] c.p.backend.document.DocumentService     : ACL check: Layer1=PASS Layer2=PASS doc=7eb7b50a-21ec-4f40-a48a-98cccaa8f738 user=bench@pangochain.test
2026-07-31T21:04:43.189+06:00  INFO 577218 --- [pangochain-backend] [nio-8080-exec-1] c.p.backend.document.DocumentService     : ACL check: Layer1=PASS Layer2=PASS doc=7eb7b50a-21ec-4f40-a48a-98cccaa8f738 user=bench@pangochain.test
2026-07-31T21:04:43.190+06:00  INFO 577218 --- [pangochain-backend] [io-8080-exec-21] c.pangochain.backend.ipfs.IpfsService    : Fetched 780 bytes from primary IPFS CID=QmdMbyBpoGFK1mURYDVGnjQ4AkNoJfnaBed6stWNVYy8rq
2026-07-31T21:04:43.191+06:00  INFO 577218 --- [pangochain-backend] [io-8080-exec-36] c.pangochain.backend.ipfs.IpfsService    : Fetched 780 bytes from primary IPFS CID=QmdMbyBpoGFK1mURYDVGnjQ4AkNoJfnaBed6stWNVYy8rq
2026-07-31T21:04:43.192+06:00  INFO 577218 --- [pangochain-backend] [io-8080-exec-10] c.p.backend.document.DocumentService     : ACL check: Layer1=PASS Layer2=PASS doc=7eb7b50a-21ec-4f40-a48a-98cccaa8f738 user=bench@pangochain.test
2026-07-31T21:04:43.193+06:00  INFO 577218 --- [pangochain-backend] [io-8080-exec-23] c.p.backend.document.DocumentService     : ACL check: Layer1=PASS Layer2=PASS doc=7eb7b50a-21ec-4f40-a48a-98cccaa8f738 user=bench@pangochain.test
2026-07-31T21:04:43.200+06:00  INFO 577218 --- [pangochain-backend] [io-8080-exec-11] c.p.backend.document.DocumentService     : ACL check: Layer1=PASS Layer2=PASS doc=7eb7b50a-21ec-4f40-a48a-98cccaa8f738 user=bench@pangochain.test
2026-07-31T21:04:43.200+06:00  INFO 577218 --- [pangochain-backend] [io-8080-exec-37] c.p.backend.document.DocumentService     : ACL check: Layer1=PASS Layer2=PASS doc=7eb7b50a-21ec-4f40-a48a-98cccaa8f738 user=bench@pangochain.test
2026-07-31T21:04:43.200+06:00  INFO 577218 --- [pangochain-backend] [io-8080-exec-17] c.p.backend.document.DocumentService     : ACL check: Layer1=PASS Layer2=PASS doc=7eb7b50a-21ec-4f40-a48a-98cccaa8f738 user=bench@pangochain.test
2026-07-31T21:04:43.200+06:00  INFO 577218 --- [pangochain-backend] [io-8080-exec-26] c.p.backend.document.DocumentService     : ACL check: Layer1=PASS Layer2=PASS doc=7eb7b50a-21ec-4f40-a48a-98cccaa8f738 user=bench@pangochain.test
2026-07-31T21:04:43.201+06:00  INFO 577218 --- [pangochain-backend] [io-8080-exec-40] c.p.backend.document.DocumentService     : ACL check: Layer1=PASS Layer2=PASS doc=7eb7b50a-21ec-4f40-a48a-98cccaa8f738 user=bench@pangochain.test
2026-07-31T21:04:43.201+06:00  INFO 577218 --- [pangochain-backend] [io-8080-exec-28] c.p.backend.document.DocumentService     : ACL check: Layer1=PASS Layer2=PASS doc=7eb7b50a-21ec-4f40-a48a-98cccaa8f738 user=bench@pangochain.test
2026-07-31T21:04:43.201+06:00  INFO 577218 --- [pangochain-backend] [io-8080-exec-43] c.p.backend.document.DocumentService     : ACL check: Layer1=PASS Layer2=PASS doc=7eb7b50a-21ec-4f40-a48a-98cccaa8f738 user=bench@pangochain.test
2026-07-31T21:04:43.202+06:00  INFO 577218 --- [pangochain-backend] [io-8080-exec-49] c.pangochain.backend.ipfs.IpfsService    : Fetched 780 bytes from primary IPFS CID=QmdMbyBpoGFK1mURYDVGnjQ4AkNoJfnaBed6stWNVYy8rq
2026-07-31T21:04:43.202+06:00  INFO 577218 --- [pangochain-backend] [nio-8080-exec-5] c.p.backend.document.DocumentService     : ACL check: Layer1=PASS Layer2=PASS doc=7eb7b50a-21ec-4f40-a48a-98cccaa8f738 user=bench@pangochain.test
2026-07-31T21:04:43.202+06:00  INFO 577218 --- [pangochain-backend] [io-8080-exec-20] c.p.backend.document.DocumentService     : ACL check: Layer1=PASS Layer2=PASS doc=7eb7b50a-21ec-4f40-a48a-98cccaa8f738 user=bench@pangochain.test
2026-07-31T21:04:43.205+06:00  INFO 577218 --- [pangochain-backend] [io-8080-exec-11] c.pangochain.backend.ipfs.IpfsService    : Fetched 780 bytes from primary IPFS CID=QmdMbyBpoGFK1mURYDVGnjQ4AkNoJfnaBed6stWNVYy8rq
2026-07-31T21:04:43.205+06:00  INFO 577218 --- [pangochain-backend] [nio-8080-exec-5] c.pangochain.backend.ipfs.IpfsService    : Fetched 780 bytes from primary IPFS CID=QmdMbyBpoGFK1mURYDVGnjQ4AkNoJfnaBed6stWNVYy8rq
2026-07-31T21:04:43.202+06:00  INFO 577218 --- [pangochain-backend] [io-8080-exec-31] c.p.backend.document.DocumentService     : ACL check: Layer1=PASS Layer2=PASS doc=7eb7b50a-21ec-4f40-a48a-98cccaa8f738 user=bench@pangochain.test
2026-07-31T21:04:43.202+06:00  INFO 577218 --- [pangochain-backend] [io-8080-exec-18] c.p.backend.document.DocumentService     : ACL check: Layer1=PASS Layer2=PASS doc=7eb7b50a-21ec-4f40-a48a-98cccaa8f738 user=bench@pangochain.test
2026-07-31T21:04:43.206+06:00  INFO 577218 --- [pangochain-backend] [io-8080-exec-25] c.pangochain.backend.ipfs.IpfsService    : Fetched 780 bytes from primary IPFS CID=QmdMbyBpoGFK1mURYDVGnjQ4AkNoJfnaBed6stWNVYy8rq
2026-07-31T21:04:43.206+06:00  INFO 577218 --- [pangochain-backend] [io-8080-exec-10] c.pangochain.backend.ipfs.IpfsService    : Fetched 780 bytes from primary IPFS CID=QmdMbyBpoGFK1mURYDVGnjQ4AkNoJfnaBed6stWNVYy8rq
2026-07-31T21:04:43.207+06:00  INFO 577218 --- [pangochain-backend] [nio-8080-exec-4] c.pangochain.backend.ipfs.IpfsService    : Fetched 780 bytes from primary IPFS CID=QmdMbyBpoGFK1mURYDVGnjQ4AkNoJfnaBed6stWNVYy8rq
2026-07-31T21:04:43.208+06:00  INFO 577218 --- [pangochain-backend] [io-8080-exec-27] c.p.backend.document.DocumentService     : ACL check: Layer1=PASS Layer2=PASS doc=7eb7b50a-21ec-4f40-a48a-98cccaa8f738 user=bench@pangochain.test
2026-07-31T21:04:43.208+06:00  INFO 577218 --- [pangochain-backend] [io-8080-exec-15] c.p.backend.document.DocumentService     : ACL check: Layer1=PASS Layer2=PASS doc=7eb7b50a-21ec-4f40-a48a-98cccaa8f738 user=bench@pangochain.test
2026-07-31T21:04:43.208+06:00  INFO 577218 --- [pangochain-backend] [nio-8080-exec-8] c.pangochain.backend.ipfs.IpfsService    : Fetched 780 bytes from primary IPFS CID=QmdMbyBpoGFK1mURYDVGnjQ4AkNoJfnaBed6stWNVYy8rq
2026-07-31T21:04:43.208+06:00  INFO 577218 --- [pangochain-backend] [io-8080-exec-47] c.p.backend.document.DocumentService     : ACL check: Layer1=PASS Layer2=PASS doc=7eb7b50a-21ec-4f40-a48a-98cccaa8f738 user=bench@pangochain.test
2026-07-31T21:04:43.209+06:00  INFO 577218 --- [pangochain-backend] [io-8080-exec-32] c.p.backend.document.DocumentService     : ACL check: Layer1=PASS Layer2=PASS doc=7eb7b50a-21ec-4f40-a48a-98cccaa8f738 user=bench@pangochain.test
2026-07-31T21:04:43.209+06:00  INFO 577218 --- [pangochain-backend] [io-8080-exec-40] c.pangochain.backend.ipfs.IpfsService    : Fetched 780 bytes from primary IPFS CID=QmdMbyBpoGFK1mURYDVGnjQ4AkNoJfnaBed6stWNVYy8rq
2026-07-31T21:04:43.209+06:00  INFO 577218 --- [pangochain-backend] [io-8080-exec-17] c.pangochain.backend.ipfs.IpfsService    : Fetched 780 bytes from primary IPFS CID=QmdMbyBpoGFK1mURYDVGnjQ4AkNoJfnaBed6stWNVYy8rq
2026-07-31T21:04:43.212+06:00  INFO 577218 --- [pangochain-backend] [io-8080-exec-12] c.pangochain.backend.ipfs.IpfsService    : Fetched 780 bytes from primary IPFS CID=QmdMbyBpoGFK1mURYDVGnjQ4AkNoJfnaBed6stWNVYy8rq
2026-07-31T21:04:43.214+06:00  INFO 577218 --- [pangochain-backend] [io-8080-exec-32] c.pangochain.backend.ipfs.IpfsService    : Fetched 780 bytes from primary IPFS CID=QmdMbyBpoGFK1mURYDVGnjQ4AkNoJfnaBed6stWNVYy8rq
2026-07-31T21:04:43.214+06:00  INFO 577218 --- [pangochain-backend] [io-8080-exec-44] c.p.backend.document.DocumentService     : ACL check: Layer1=PASS Layer2=PASS doc=7eb7b50a-21ec-4f40-a48a-98cccaa8f738 user=bench@pangochain.test
2026-07-31T21:04:43.214+06:00  INFO 577218 --- [pangochain-backend] [io-8080-exec-26] c.pangochain.backend.ipfs.IpfsService    : Fetched 780 bytes from primary IPFS CID=QmdMbyBpoGFK1mURYDVGnjQ4AkNoJfnaBed6stWNVYy8rq
2026-07-31T21:04:43.214+06:00  INFO 577218 --- [pangochain-backend] [io-8080-exec-42] c.p.backend.document.DocumentService     : ACL check: Layer1=PASS Layer2=PASS doc=7eb7b50a-21ec-4f40-a48a-98cccaa8f738 user=bench@pangochain.test
2026-07-31T21:04:43.215+06:00  INFO 577218 --- [pangochain-backend] [io-8080-exec-16] c.p.backend.document.DocumentService     : ACL check: Layer1=PASS Layer2=PASS doc=7eb7b50a-21ec-4f40-a48a-98cccaa8f738 user=bench@pangochain.test
2026-07-31T21:04:43.215+06:00  INFO 577218 --- [pangochain-backend] [io-8080-exec-43] c.pangochain.backend.ipfs.IpfsService    : Fetched 780 bytes from primary IPFS CID=QmdMbyBpoGFK1mURYDVGnjQ4AkNoJfnaBed6stWNVYy8rq
2026-07-31T21:04:43.216+06:00  INFO 577218 --- [pangochain-backend] [io-8080-exec-23] c.pangochain.backend.ipfs.IpfsService    : Fetched 780 bytes from primary IPFS CID=QmdMbyBpoGFK1mURYDVGnjQ4AkNoJfnaBed6stWNVYy8rq
2026-07-31T21:04:43.216+06:00  INFO 577218 --- [pangochain-backend] [io-8080-exec-28] c.pangochain.backend.ipfs.IpfsService    : Fetched 780 bytes from primary IPFS CID=QmdMbyBpoGFK1mURYDVGnjQ4AkNoJfnaBed6stWNVYy8rq
2026-07-31T21:04:43.217+06:00  INFO 577218 --- [pangochain-backend] [io-8080-exec-16] c.pangochain.backend.ipfs.IpfsService    : Fetched 780 bytes from primary IPFS CID=QmdMbyBpoGFK1mURYDVGnjQ4AkNoJfnaBed6stWNVYy8rq
2026-07-31T21:04:43.217+06:00  INFO 577218 --- [pangochain-backend] [io-8080-exec-18] c.pangochain.backend.ipfs.IpfsService    : Fetched 780 bytes from primary IPFS CID=QmdMbyBpoGFK1mURYDVGnjQ4AkNoJfnaBed6stWNVYy8rq
2026-07-31T21:04:43.218+06:00  INFO 577218 --- [pangochain-backend] [io-8080-exec-27] c.pangochain.backend.ipfs.IpfsService    : Fetched 780 bytes from primary IPFS CID=QmdMbyBpoGFK1mURYDVGnjQ4AkNoJfnaBed6stWNVYy8rq
2026-07-31T21:04:43.218+06:00  INFO 577218 --- [pangochain-backend] [nio-8080-exec-1] c.pangochain.backend.ipfs.IpfsService    : Fetched 780 bytes from primary IPFS CID=QmdMbyBpoGFK1mURYDVGnjQ4AkNoJfnaBed6stWNVYy8rq
2026-07-31T21:04:43.219+06:00  INFO 577218 --- [pangochain-backend] [io-8080-exec-37] c.pangochain.backend.ipfs.IpfsService    : Fetched 780 bytes from primary IPFS CID=QmdMbyBpoGFK1mURYDVGnjQ4AkNoJfnaBed6stWNVYy8rq
2026-07-31T21:04:43.219+06:00  INFO 577218 --- [pangochain-backend] [io-8080-exec-47] c.pangochain.backend.ipfs.IpfsService    : Fetched 780 bytes from primary IPFS CID=QmdMbyBpoGFK1mURYDVGnjQ4AkNoJfnaBed6stWNVYy8rq
2026-07-31T21:04:43.220+06:00  INFO 577218 --- [pangochain-backend] [io-8080-exec-15] c.pangochain.backend.ipfs.IpfsService    : Fetched 780 bytes from primary IPFS CID=QmdMbyBpoGFK1mURYDVGnjQ4AkNoJfnaBed6stWNVYy8rq
2026-07-31T21:04:43.221+06:00  INFO 577218 --- [pangochain-backend] [io-8080-exec-44] c.pangochain.backend.ipfs.IpfsService    : Fetched 780 bytes from primary IPFS CID=QmdMbyBpoGFK1mURYDVGnjQ4AkNoJfnaBed6stWNVYy8rq
2026-07-31T21:04:43.222+06:00  INFO 577218 --- [pangochain-backend] [io-8080-exec-31] c.pangochain.backend.ipfs.IpfsService    : Fetched 780 bytes from primary IPFS CID=QmdMbyBpoGFK1mURYDVGnjQ4AkNoJfnaBed6stWNVYy8rq
2026-07-31T21:04:43.220+06:00  INFO 577218 --- [pangochain-backend] [io-8080-exec-42] c.pangochain.backend.ipfs.IpfsService    : Fetched 780 bytes from primary IPFS CID=QmdMbyBpoGFK1mURYDVGnjQ4AkNoJfnaBed6stWNVYy8rq
2026-07-31T21:04:43.224+06:00  INFO 577218 --- [pangochain-backend] [nio-8080-exec-7] c.p.backend.document.DocumentService     : ACL check: Layer1=PASS Layer2=PASS doc=7eb7b50a-21ec-4f40-a48a-98cccaa8f738 user=bench@pangochain.test
2026-07-31T21:04:43.224+06:00  INFO 577218 --- [pangochain-backend] [io-8080-exec-38] c.p.backend.document.DocumentService     : ACL check: Layer1=PASS Layer2=PASS doc=7eb7b50a-21ec-4f40-a48a-98cccaa8f738 user=bench@pangochain.test
2026-07-31T21:04:43.224+06:00  INFO 577218 --- [pangochain-backend] [io-8080-exec-50] c.p.backend.document.DocumentService     : ACL check: Layer1=PASS Layer2=PASS doc=7eb7b50a-21ec-4f40-a48a-98cccaa8f738 user=bench@pangochain.test
2026-07-31T21:04:43.224+06:00  INFO 577218 --- [pangochain-backend] [io-8080-exec-41] c.p.backend.document.DocumentService     : ACL check: Layer1=PASS Layer2=PASS doc=7eb7b50a-21ec-4f40-a48a-98cccaa8f738 user=bench@pangochain.test
2026-07-31T21:04:43.224+06:00  INFO 577218 --- [pangochain-backend] [nio-8080-exec-9] c.p.backend.document.DocumentService     : ACL check: Layer1=PASS Layer2=PASS doc=7eb7b50a-21ec-4f40-a48a-98cccaa8f738 user=bench@pangochain.test
2026-07-31T21:04:43.224+06:00  INFO 577218 --- [pangochain-backend] [io-8080-exec-20] c.pangochain.backend.ipfs.IpfsService    : Fetched 780 bytes from primary IPFS CID=QmdMbyBpoGFK1mURYDVGnjQ4AkNoJfnaBed6stWNVYy8rq
2026-07-31T21:04:43.237+06:00  INFO 577218 --- [pangochain-backend] [io-8080-exec-21] c.p.backend.document.DocumentService     : ACL check: Layer1=PASS Layer2=PASS doc=7eb7b50a-21ec-4f40-a48a-98cccaa8f738 user=bench@pangochain.test
2026-07-31T21:04:43.238+06:00  INFO 577218 --- [pangochain-backend] [nio-8080-exec-3] c.p.backend.document.DocumentService     : ACL check: Layer1=PASS Layer2=PASS doc=7eb7b50a-21ec-4f40-a48a-98cccaa8f738 user=bench@pangochain.test
2026-07-31T21:04:43.238+06:00  INFO 577218 --- [pangochain-backend] [io-8080-exec-46] c.p.backend.document.DocumentService     : ACL check: Layer1=PASS Layer2=PASS doc=7eb7b50a-21ec-4f40-a48a-98cccaa8f738 user=bench@pangochain.test
2026-07-31T21:04:43.238+06:00  INFO 577218 --- [pangochain-backend] [nio-8080-exec-7] c.pangochain.backend.ipfs.IpfsService    : Fetched 780 bytes from primary IPFS CID=QmdMbyBpoGFK1mURYDVGnjQ4AkNoJfnaBed6stWNVYy8rq
2026-07-31T21:04:43.240+06:00  INFO 577218 --- [pangochain-backend] [io-8080-exec-36] c.p.backend.document.DocumentService     : ACL check: Layer1=PASS Layer2=PASS doc=7eb7b50a-21ec-4f40-a48a-98cccaa8f738 user=bench@pangochain.test
2026-07-31T21:04:43.241+06:00  INFO 577218 --- [pangochain-backend] [io-8080-exec-41] c.pangochain.backend.ipfs.IpfsService    : Fetched 780 bytes from primary IPFS CID=QmdMbyBpoGFK1mURYDVGnjQ4AkNoJfnaBed6stWNVYy8rq
2026-07-31T21:04:43.244+06:00  INFO 577218 --- [pangochain-backend] [io-8080-exec-36] c.pangochain.backend.ipfs.IpfsService    : Fetched 780 bytes from primary IPFS CID=QmdMbyBpoGFK1mURYDVGnjQ4AkNoJfnaBed6stWNVYy8rq
2026-07-31T21:04:43.249+06:00  INFO 577218 --- [pangochain-backend] [io-8080-exec-17] c.p.backend.document.DocumentService     : ACL check: Layer1=PASS Layer2=PASS doc=7eb7b50a-21ec-4f40-a48a-98cccaa8f738 user=bench@pangochain.test
2026-07-31T21:04:43.249+06:00  INFO 577218 --- [pangochain-backend] [io-8080-exec-32] c.p.backend.document.DocumentService     : ACL check: Layer1=PASS Layer2=PASS doc=7eb7b50a-21ec-4f40-a48a-98cccaa8f738 user=bench@pangochain.test
2026-07-31T21:04:43.249+06:00  INFO 577218 --- [pangochain-backend] [nio-8080-exec-5] c.p.backend.document.DocumentService     : ACL check: Layer1=PASS Layer2=PASS doc=7eb7b50a-21ec-4f40-a48a-98cccaa8f738 user=bench@pangochain.test
2026-07-31T21:04:43.249+06:00  INFO 577218 --- [pangochain-backend] [io-8080-exec-22] c.p.backend.document.DocumentService     : ACL check: Layer1=PASS Layer2=PASS doc=7eb7b50a-21ec-4f40-a48a-98cccaa8f738 user=bench@pangochain.test
2026-07-31T21:04:43.251+06:00  INFO 577218 --- [pangochain-backend] [nio-8080-exec-5] c.pangochain.backend.ipfs.IpfsService    : Fetched 780 bytes from primary IPFS CID=QmdMbyBpoGFK1mURYDVGnjQ4AkNoJfnaBed6stWNVYy8rq
2026-07-31T21:04:43.251+06:00  INFO 577218 --- [pangochain-backend] [io-8080-exec-32] c.pangochain.backend.ipfs.IpfsService    : Fetched 780 bytes from primary IPFS CID=QmdMbyBpoGFK1mURYDVGnjQ4AkNoJfnaBed6stWNVYy8rq
2026-07-31T21:04:43.251+06:00  INFO 577218 --- [pangochain-backend] [io-8080-exec-17] c.pangochain.backend.ipfs.IpfsService    : Fetched 780 bytes from primary IPFS CID=QmdMbyBpoGFK1mURYDVGnjQ4AkNoJfnaBed6stWNVYy8rq
2026-07-31T21:04:43.251+06:00  INFO 577218 --- [pangochain-backend] [io-8080-exec-22] c.pangochain.backend.ipfs.IpfsService    : Fetched 780 bytes from primary IPFS CID=QmdMbyBpoGFK1mURYDVGnjQ4AkNoJfnaBed6stWNVYy8rq
2026-07-31T21:04:43.238+06:00  INFO 577218 --- [pangochain-backend] [nio-8080-exec-4] c.p.backend.document.DocumentService     : ACL check: Layer1=PASS Layer2=PASS doc=7eb7b50a-21ec-4f40-a48a-98cccaa8f738 user=bench@pangochain.test
2026-07-31T21:04:43.252+06:00  INFO 577218 --- [pangochain-backend] [io-8080-exec-38] c.pangochain.backend.ipfs.IpfsService    : Fetched 780 bytes from primary IPFS CID=QmdMbyBpoGFK1mURYDVGnjQ4AkNoJfnaBed6stWNVYy8rq
2026-07-31T21:04:43.253+06:00  INFO 577218 --- [pangochain-backend] [io-8080-exec-11] c.p.backend.document.DocumentService     : ACL check: Layer1=PASS Layer2=PASS doc=7eb7b50a-21ec-4f40-a48a-98cccaa8f738 user=bench@pangochain.test
2026-07-31T21:04:43.256+06:00  INFO 577218 --- [pangochain-backend] [io-8080-exec-46] c.pangochain.backend.ipfs.IpfsService    : Fetched 780 bytes from primary IPFS CID=QmdMbyBpoGFK1mURYDVGnjQ4AkNoJfnaBed6stWNVYy8rq
2026-07-31T21:04:43.257+06:00  INFO 577218 --- [pangochain-backend] [io-8080-exec-10] c.p.backend.document.DocumentService     : ACL check: Layer1=PASS Layer2=PASS doc=7eb7b50a-21ec-4f40-a48a-98cccaa8f738 user=bench@pangochain.test
2026-07-31T21:04:43.258+06:00  INFO 577218 --- [pangochain-backend] [io-8080-exec-50] c.pangochain.backend.ipfs.IpfsService    : Fetched 780 bytes from primary IPFS CID=QmdMbyBpoGFK1mURYDVGnjQ4AkNoJfnaBed6stWNVYy8rq
2026-07-31T21:04:43.262+06:00  INFO 577218 --- [pangochain-backend] [io-8080-exec-21] c.pangochain.backend.ipfs.IpfsService    : Fetched 780 bytes from primary IPFS CID=QmdMbyBpoGFK1mURYDVGnjQ4AkNoJfnaBed6stWNVYy8rq
2026-07-31T21:04:43.267+06:00  INFO 577218 --- [pangochain-backend] [io-8080-exec-11] c.pangochain.backend.ipfs.IpfsService    : Fetched 780 bytes from primary IPFS CID=QmdMbyBpoGFK1mURYDVGnjQ4AkNoJfnaBed6stWNVYy8rq
2026-07-31T21:04:43.268+06:00  INFO 577218 --- [pangochain-backend] [nio-8080-exec-4] c.pangochain.backend.ipfs.IpfsService    : Fetched 780 bytes from primary IPFS CID=QmdMbyBpoGFK1mURYDVGnjQ4AkNoJfnaBed6stWNVYy8rq
2026-07-31T21:04:43.268+06:00  INFO 577218 --- [pangochain-backend] [nio-8080-exec-9] c.pangochain.backend.ipfs.IpfsService    : Fetched 780 bytes from primary IPFS CID=QmdMbyBpoGFK1mURYDVGnjQ4AkNoJfnaBed6stWNVYy8rq
2026-07-31T21:04:43.273+06:00  INFO 577218 --- [pangochain-backend] [io-8080-exec-10] c.pangochain.backend.ipfs.IpfsService    : Fetched 780 bytes from primary IPFS CID=QmdMbyBpoGFK1mURYDVGnjQ4AkNoJfnaBed6stWNVYy8rq
2026-07-31T21:04:43.276+06:00  INFO 577218 --- [pangochain-backend] [io-8080-exec-34] c.p.backend.document.DocumentService     : ACL check: Layer1=PASS Layer2=PASS doc=7eb7b50a-21ec-4f40-a48a-98cccaa8f738 user=bench@pangochain.test
2026-07-31T21:04:43.277+06:00  INFO 577218 --- [pangochain-backend] [io-8080-exec-30] c.p.backend.document.DocumentService     : ACL check: Layer1=PASS Layer2=PASS doc=7eb7b50a-21ec-4f40-a48a-98cccaa8f738 user=bench@pangochain.test
2026-07-31T21:04:43.278+06:00  INFO 577218 --- [pangochain-backend] [io-8080-exec-39] c.p.backend.document.DocumentService     : ACL check: Layer1=PASS Layer2=PASS doc=7eb7b50a-21ec-4f40-a48a-98cccaa8f738 user=bench@pangochain.test
2026-07-31T21:04:43.279+06:00  INFO 577218 --- [pangochain-backend] [io-8080-exec-49] c.p.backend.document.DocumentService     : ACL check: Layer1=PASS Layer2=PASS doc=7eb7b50a-21ec-4f40-a48a-98cccaa8f738 user=bench@pangochain.test
2026-07-31T21:04:43.279+06:00  INFO 577218 --- [pangochain-backend] [io-8080-exec-41] c.p.backend.document.DocumentService     : ACL check: Layer1=PASS Layer2=PASS doc=7eb7b50a-21ec-4f40-a48a-98cccaa8f738 user=bench@pangochain.test
2026-07-31T21:04:43.282+06:00  INFO 577218 --- [pangochain-backend] [io-8080-exec-48] c.p.backend.document.DocumentService     : ACL check: Layer1=PASS Layer2=PASS doc=7eb7b50a-21ec-4f40-a48a-98cccaa8f738 user=bench@pangochain.test
2026-07-31T21:04:43.282+06:00  INFO 577218 --- [pangochain-backend] [nio-8080-exec-3] c.pangochain.backend.ipfs.IpfsService    : Fetched 780 bytes from primary IPFS CID=QmdMbyBpoGFK1mURYDVGnjQ4AkNoJfnaBed6stWNVYy8rq
2026-07-31T21:04:43.283+06:00  INFO 577218 --- [pangochain-backend] [io-8080-exec-43] c.p.backend.document.DocumentService     : ACL check: Layer1=PASS Layer2=PASS doc=7eb7b50a-21ec-4f40-a48a-98cccaa8f738 user=bench@pangochain.test
2026-07-31T21:04:43.284+06:00  INFO 577218 --- [pangochain-backend] [io-8080-exec-25] c.p.backend.document.DocumentService     : ACL check: Layer1=PASS Layer2=PASS doc=7eb7b50a-21ec-4f40-a48a-98cccaa8f738 user=bench@pangochain.test
2026-07-31T21:04:43.285+06:00  INFO 577218 --- [pangochain-backend] [io-8080-exec-28] c.p.backend.document.DocumentService     : ACL check: Layer1=PASS Layer2=PASS doc=7eb7b50a-21ec-4f40-a48a-98cccaa8f738 user=bench@pangochain.test
2026-07-31T21:04:43.286+06:00  INFO 577218 --- [pangochain-backend] [nio-8080-exec-8] c.p.backend.document.DocumentService     : ACL check: Layer1=PASS Layer2=PASS doc=7eb7b50a-21ec-4f40-a48a-98cccaa8f738 user=bench@pangochain.test
2026-07-31T21:04:43.287+06:00  INFO 577218 --- [pangochain-backend] [io-8080-exec-31] c.p.backend.document.DocumentService     : ACL check: Layer1=PASS Layer2=PASS doc=7eb7b50a-21ec-4f40-a48a-98cccaa8f738 user=bench@pangochain.test
2026-07-31T21:04:43.287+06:00  INFO 577218 --- [pangochain-backend] [io-8080-exec-45] c.p.backend.document.DocumentService     : ACL check: Layer1=PASS Layer2=PASS doc=7eb7b50a-21ec-4f40-a48a-98cccaa8f738 user=bench@pangochain.test
2026-07-31T21:04:43.289+06:00  INFO 577218 --- [pangochain-backend] [io-8080-exec-14] c.p.backend.document.DocumentService     : ACL check: Layer1=PASS Layer2=PASS doc=7eb7b50a-21ec-4f40-a48a-98cccaa8f738 user=bench@pangochain.test
2026-07-31T21:04:43.289+06:00  INFO 577218 --- [pangochain-backend] [io-8080-exec-39] c.pangochain.backend.ipfs.IpfsService    : Fetched 780 bytes from primary IPFS CID=QmdMbyBpoGFK1mURYDVGnjQ4AkNoJfnaBed6stWNVYy8rq
2026-07-31T21:04:43.289+06:00  INFO 577218 --- [pangochain-backend] [io-8080-exec-34] c.pangochain.backend.ipfs.IpfsService    : Fetched 780 bytes from primary IPFS CID=QmdMbyBpoGFK1mURYDVGnjQ4AkNoJfnaBed6stWNVYy8rq
2026-07-31T21:04:43.290+06:00  INFO 577218 --- [pangochain-backend] [io-8080-exec-17] c.p.backend.document.DocumentService     : ACL check: Layer1=PASS Layer2=PASS doc=7eb7b50a-21ec-4f40-a48a-98cccaa8f738 user=bench@pangochain.test
2026-07-31T21:04:43.291+06:00  INFO 577218 --- [pangochain-backend] [io-8080-exec-37] c.p.backend.document.DocumentService     : ACL check: Layer1=PASS Layer2=PASS doc=7eb7b50a-21ec-4f40-a48a-98cccaa8f738 user=bench@pangochain.test
2026-07-31T21:04:43.291+06:00  INFO 577218 --- [pangochain-backend] [io-8080-exec-49] c.pangochain.backend.ipfs.IpfsService    : Fetched 780 bytes from primary IPFS CID=QmdMbyBpoGFK1mURYDVGnjQ4AkNoJfnaBed6stWNVYy8rq
2026-07-31T21:04:43.292+06:00  INFO 577218 --- [pangochain-backend] [io-8080-exec-30] c.pangochain.backend.ipfs.IpfsService    : Fetched 780 bytes from primary IPFS CID=QmdMbyBpoGFK1mURYDVGnjQ4AkNoJfnaBed6stWNVYy8rq
2026-07-31T21:04:43.292+06:00  INFO 577218 --- [pangochain-backend] [io-8080-exec-48] c.pangochain.backend.ipfs.IpfsService    : Fetched 780 bytes from primary IPFS CID=QmdMbyBpoGFK1mURYDVGnjQ4AkNoJfnaBed6stWNVYy8rq
2026-07-31T21:04:43.292+06:00  INFO 577218 --- [pangochain-backend] [nio-8080-exec-1] c.p.backend.document.DocumentService     : ACL check: Layer1=PASS Layer2=PASS doc=7eb7b50a-21ec-4f40-a48a-98cccaa8f738 user=bench@pangochain.test
2026-07-31T21:04:43.293+06:00  INFO 577218 --- [pangochain-backend] [io-8080-exec-18] c.p.backend.document.DocumentService     : ACL check: Layer1=PASS Layer2=PASS doc=7eb7b50a-21ec-4f40-a48a-98cccaa8f738 user=bench@pangochain.test
2026-07-31T21:04:43.293+06:00  INFO 577218 --- [pangochain-backend] [nio-8080-exec-6] c.p.backend.document.DocumentService     : ACL check: Layer1=PASS Layer2=PASS doc=7eb7b50a-21ec-4f40-a48a-98cccaa8f738 user=bench@pangochain.test
2026-07-31T21:04:43.293+06:00  INFO 577218 --- [pangochain-backend] [io-8080-exec-33] c.p.backend.document.DocumentService     : ACL check: Layer1=PASS Layer2=PASS doc=7eb7b50a-21ec-4f40-a48a-98cccaa8f738 user=bench@pangochain.test
2026-07-31T21:04:43.294+06:00  INFO 577218 --- [pangochain-backend] [io-8080-exec-28] c.pangochain.backend.ipfs.IpfsService    : Fetched 780 bytes from primary IPFS CID=QmdMbyBpoGFK1mURYDVGnjQ4AkNoJfnaBed6stWNVYy8rq
2026-07-31T21:04:43.294+06:00  INFO 577218 --- [pangochain-backend] [io-8080-exec-41] c.pangochain.backend.ipfs.IpfsService    : Fetched 780 bytes from primary IPFS CID=QmdMbyBpoGFK1mURYDVGnjQ4AkNoJfnaBed6stWNVYy8rq
2026-07-31T21:04:43.296+06:00  INFO 577218 --- [pangochain-backend] [io-8080-exec-29] c.p.backend.document.DocumentService     : ACL check: Layer1=PASS Layer2=PASS doc=7eb7b50a-21ec-4f40-a48a-98cccaa8f738 user=bench@pangochain.test
2026-07-31T21:04:43.295+06:00  INFO 577218 --- [pangochain-backend] [io-8080-exec-43] c.pangochain.backend.ipfs.IpfsService    : Fetched 780 bytes from primary IPFS CID=QmdMbyBpoGFK1mURYDVGnjQ4AkNoJfnaBed6stWNVYy8rq
2026-07-31T21:04:43.300+06:00  INFO 577218 --- [pangochain-backend] [nio-8080-exec-1] c.pangochain.backend.ipfs.IpfsService    : Fetched 780 bytes from primary IPFS CID=QmdMbyBpoGFK1mURYDVGnjQ4AkNoJfnaBed6stWNVYy8rq
2026-07-31T21:04:43.300+06:00  INFO 577218 --- [pangochain-backend] [io-8080-exec-29] c.pangochain.backend.ipfs.IpfsService    : Fetched 780 bytes from primary IPFS CID=QmdMbyBpoGFK1mURYDVGnjQ4AkNoJfnaBed6stWNVYy8rq
2026-07-31T21:04:43.301+06:00  INFO 577218 --- [pangochain-backend] [nio-8080-exec-6] c.pangochain.backend.ipfs.IpfsService    : Fetched 780 bytes from primary IPFS CID=QmdMbyBpoGFK1mURYDVGnjQ4AkNoJfnaBed6stWNVYy8rq
2026-07-31T21:04:43.301+06:00  INFO 577218 --- [pangochain-backend] [io-8080-exec-45] c.pangochain.backend.ipfs.IpfsService    : Fetched 780 bytes from primary IPFS CID=QmdMbyBpoGFK1mURYDVGnjQ4AkNoJfnaBed6stWNVYy8rq
2026-07-31T21:04:43.302+06:00  INFO 577218 --- [pangochain-backend] [nio-8080-exec-8] c.pangochain.backend.ipfs.IpfsService    : Fetched 780 bytes from primary IPFS CID=QmdMbyBpoGFK1mURYDVGnjQ4AkNoJfnaBed6stWNVYy8rq
2026-07-31T21:04:43.302+06:00  INFO 577218 --- [pangochain-backend] [io-8080-exec-18] c.pangochain.backend.ipfs.IpfsService    : Fetched 780 bytes from primary IPFS CID=QmdMbyBpoGFK1mURYDVGnjQ4AkNoJfnaBed6stWNVYy8rq
2026-07-31T21:04:43.303+06:00  INFO 577218 --- [pangochain-backend] [io-8080-exec-17] c.pangochain.backend.ipfs.IpfsService    : Fetched 780 bytes from primary IPFS CID=QmdMbyBpoGFK1mURYDVGnjQ4AkNoJfnaBed6stWNVYy8rq
2026-07-31T21:04:43.303+06:00  INFO 577218 --- [pangochain-backend] [io-8080-exec-31] c.pangochain.backend.ipfs.IpfsService    : Fetched 780 bytes from primary IPFS CID=QmdMbyBpoGFK1mURYDVGnjQ4AkNoJfnaBed6stWNVYy8rq
2026-07-31T21:04:43.303+06:00  INFO 577218 --- [pangochain-backend] [io-8080-exec-14] c.pangochain.backend.ipfs.IpfsService    : Fetched 780 bytes from primary IPFS CID=QmdMbyBpoGFK1mURYDVGnjQ4AkNoJfnaBed6stWNVYy8rq
2026-07-31T21:04:43.304+06:00  INFO 577218 --- [pangochain-backend] [io-8080-exec-35] c.p.backend.document.DocumentService     : ACL check: Layer1=PASS Layer2=PASS doc=7eb7b50a-21ec-4f40-a48a-98cccaa8f738 user=bench@pangochain.test
2026-07-31T21:04:43.304+06:00  INFO 577218 --- [pangochain-backend] [io-8080-exec-27] c.p.backend.document.DocumentService     : ACL check: Layer1=PASS Layer2=PASS doc=7eb7b50a-21ec-4f40-a48a-98cccaa8f738 user=bench@pangochain.test
2026-07-31T21:04:43.304+06:00  INFO 577218 --- [pangochain-backend] [io-8080-exec-12] c.p.backend.document.DocumentService     : ACL check: Layer1=PASS Layer2=PASS doc=7eb7b50a-21ec-4f40-a48a-98cccaa8f738 user=bench@pangochain.test
2026-07-31T21:04:43.304+06:00  INFO 577218 --- [pangochain-backend] [io-8080-exec-47] c.p.backend.document.DocumentService     : ACL check: Layer1=PASS Layer2=PASS doc=7eb7b50a-21ec-4f40-a48a-98cccaa8f738 user=bench@pangochain.test
2026-07-31T21:04:43.304+06:00  INFO 577218 --- [pangochain-backend] [io-8080-exec-37] c.pangochain.backend.ipfs.IpfsService    : Fetched 780 bytes from primary IPFS CID=QmdMbyBpoGFK1mURYDVGnjQ4AkNoJfnaBed6stWNVYy8rq
2026-07-31T21:04:43.305+06:00  INFO 577218 --- [pangochain-backend] [io-8080-exec-33] c.pangochain.backend.ipfs.IpfsService    : Fetched 780 bytes from primary IPFS CID=QmdMbyBpoGFK1mURYDVGnjQ4AkNoJfnaBed6stWNVYy8rq
2026-07-31T21:04:43.305+06:00  INFO 577218 --- [pangochain-backend] [io-8080-exec-23] c.p.backend.document.DocumentService     : ACL check: Layer1=PASS Layer2=PASS doc=7eb7b50a-21ec-4f40-a48a-98cccaa8f738 user=bench@pangochain.test
2026-07-31T21:04:43.306+06:00  INFO 577218 --- [pangochain-backend] [io-8080-exec-25] c.pangochain.backend.ipfs.IpfsService    : Fetched 780 bytes from primary IPFS CID=QmdMbyBpoGFK1mURYDVGnjQ4AkNoJfnaBed6stWNVYy8rq
2026-07-31T21:04:43.307+06:00  INFO 577218 --- [pangochain-backend] [io-8080-exec-35] c.pangochain.backend.ipfs.IpfsService    : Fetched 780 bytes from primary IPFS CID=QmdMbyBpoGFK1mURYDVGnjQ4AkNoJfnaBed6stWNVYy8rq
2026-07-31T21:04:43.309+06:00  INFO 577218 --- [pangochain-backend] [io-8080-exec-27] c.pangochain.backend.ipfs.IpfsService    : Fetched 780 bytes from primary IPFS CID=QmdMbyBpoGFK1mURYDVGnjQ4AkNoJfnaBed6stWNVYy8rq
2026-07-31T21:04:43.309+06:00  INFO 577218 --- [pangochain-backend] [io-8080-exec-12] c.pangochain.backend.ipfs.IpfsService    : Fetched 780 bytes from primary IPFS CID=QmdMbyBpoGFK1mURYDVGnjQ4AkNoJfnaBed6stWNVYy8rq
2026-07-31T21:04:43.310+06:00  INFO 577218 --- [pangochain-backend] [io-8080-exec-36] c.p.backend.document.DocumentService     : ACL check: Layer1=PASS Layer2=PASS doc=7eb7b50a-21ec-4f40-a48a-98cccaa8f738 user=bench@pangochain.test
2026-07-31T21:04:43.310+06:00  INFO 577218 --- [pangochain-backend] [io-8080-exec-38] c.p.backend.document.DocumentService     : ACL check: Layer1=PASS Layer2=PASS doc=7eb7b50a-21ec-4f40-a48a-98cccaa8f738 user=bench@pangochain.test
2026-07-31T21:04:43.310+06:00  INFO 577218 --- [pangochain-backend] [io-8080-exec-51] c.p.backend.document.DocumentService     : ACL check: Layer1=PASS Layer2=PASS doc=7eb7b50a-21ec-4f40-a48a-98cccaa8f738 user=bench@pangochain.test
2026-07-31T21:04:43.310+06:00  INFO 577218 --- [pangochain-backend] [io-8080-exec-22] c.p.backend.document.DocumentService     : ACL check: Layer1=PASS Layer2=PASS doc=7eb7b50a-21ec-4f40-a48a-98cccaa8f738 user=bench@pangochain.test
2026-07-31T21:04:43.310+06:00  INFO 577218 --- [pangochain-backend] [io-8080-exec-19] c.p.backend.document.DocumentService     : ACL check: Layer1=PASS Layer2=PASS doc=7eb7b50a-21ec-4f40-a48a-98cccaa8f738 user=bench@pangochain.test
2026-07-31T21:04:43.310+06:00  INFO 577218 --- [pangochain-backend] [io-8080-exec-42] c.p.backend.document.DocumentService     : ACL check: Layer1=PASS Layer2=PASS doc=7eb7b50a-21ec-4f40-a48a-98cccaa8f738 user=bench@pangochain.test
2026-07-31T21:04:43.311+06:00  INFO 577218 --- [pangochain-backend] [io-8080-exec-47] c.pangochain.backend.ipfs.IpfsService    : Fetched 780 bytes from primary IPFS CID=QmdMbyBpoGFK1mURYDVGnjQ4AkNoJfnaBed6stWNVYy8rq
2026-07-31T21:04:43.311+06:00  INFO 577218 --- [pangochain-backend] [io-8080-exec-26] c.p.backend.document.DocumentService     : ACL check: Layer1=PASS Layer2=PASS doc=7eb7b50a-21ec-4f40-a48a-98cccaa8f738 user=bench@pangochain.test
2026-07-31T21:04:43.312+06:00  INFO 577218 --- [pangochain-backend] [io-8080-exec-23] c.pangochain.backend.ipfs.IpfsService    : Fetched 780 bytes from primary IPFS CID=QmdMbyBpoGFK1mURYDVGnjQ4AkNoJfnaBed6stWNVYy8rq
2026-07-31T21:04:43.313+06:00  INFO 577218 --- [pangochain-backend] [io-8080-exec-36] c.pangochain.backend.ipfs.IpfsService    : Fetched 780 bytes from primary IPFS CID=QmdMbyBpoGFK1mURYDVGnjQ4AkNoJfnaBed6stWNVYy8rq
2026-07-31T21:04:43.316+06:00  INFO 577218 --- [pangochain-backend] [io-8080-exec-16] c.p.backend.document.DocumentService     : ACL check: Layer1=PASS Layer2=PASS doc=7eb7b50a-21ec-4f40-a48a-98cccaa8f738 user=bench@pangochain.test
2026-07-31T21:04:43.317+06:00  INFO 577218 --- [pangochain-backend] [io-8080-exec-22] c.pangochain.backend.ipfs.IpfsService    : Fetched 780 bytes from primary IPFS CID=QmdMbyBpoGFK1mURYDVGnjQ4AkNoJfnaBed6stWNVYy8rq
2026-07-31T21:04:43.318+06:00  INFO 577218 --- [pangochain-backend] [io-8080-exec-44] c.p.backend.document.DocumentService     : ACL check: Layer1=PASS Layer2=PASS doc=7eb7b50a-21ec-4f40-a48a-98cccaa8f738 user=bench@pangochain.test
2026-07-31T21:04:43.319+06:00  INFO 577218 --- [pangochain-backend] [io-8080-exec-21] c.p.backend.document.DocumentService     : ACL check: Layer1=PASS Layer2=PASS doc=7eb7b50a-21ec-4f40-a48a-98cccaa8f738 user=bench@pangochain.test
2026-07-31T21:04:43.319+06:00  INFO 577218 --- [pangochain-backend] [io-8080-exec-24] c.p.backend.document.DocumentService     : ACL check: Layer1=PASS Layer2=PASS doc=7eb7b50a-21ec-4f40-a48a-98cccaa8f738 user=bench@pangochain.test
2026-07-31T21:04:43.319+06:00  INFO 577218 --- [pangochain-backend] [nio-8080-exec-2] c.p.backend.document.DocumentService     : ACL check: Layer1=PASS Layer2=PASS doc=7eb7b50a-21ec-4f40-a48a-98cccaa8f738 user=bench@pangochain.test
2026-07-31T21:04:43.319+06:00  INFO 577218 --- [pangochain-backend] [io-8080-exec-50] c.p.backend.document.DocumentService     : ACL check: Layer1=PASS Layer2=PASS doc=7eb7b50a-21ec-4f40-a48a-98cccaa8f738 user=bench@pangochain.test
2026-07-31T21:04:43.320+06:00  INFO 577218 --- [pangochain-backend] [io-8080-exec-11] c.p.backend.document.DocumentService     : ACL check: Layer1=PASS Layer2=PASS doc=7eb7b50a-21ec-4f40-a48a-98cccaa8f738 user=bench@pangochain.test
2026-07-31T21:04:43.320+06:00  INFO 577218 --- [pangochain-backend] [nio-8080-exec-5] c.p.backend.document.DocumentService     : ACL check: Layer1=PASS Layer2=PASS doc=7eb7b50a-21ec-4f40-a48a-98cccaa8f738 user=bench@pangochain.test
2026-07-31T21:04:43.319+06:00  INFO 577218 --- [pangochain-backend] [nio-8080-exec-7] c.p.backend.document.DocumentService     : ACL check: Layer1=PASS Layer2=PASS doc=7eb7b50a-21ec-4f40-a48a-98cccaa8f738 user=bench@pangochain.test
2026-07-31T21:04:43.320+06:00  INFO 577218 --- [pangochain-backend] [io-8080-exec-15] c.p.backend.document.DocumentService     : ACL check: Layer1=PASS Layer2=PASS doc=7eb7b50a-21ec-4f40-a48a-98cccaa8f738 user=bench@pangochain.test
2026-07-31T21:04:43.320+06:00  INFO 577218 --- [pangochain-backend] [io-8080-exec-51] c.pangochain.backend.ipfs.IpfsService    : Fetched 780 bytes from primary IPFS CID=QmdMbyBpoGFK1mURYDVGnjQ4AkNoJfnaBed6stWNVYy8rq
2026-07-31T21:04:43.321+06:00  INFO 577218 --- [pangochain-backend] [io-8080-exec-16] c.pangochain.backend.ipfs.IpfsService    : Fetched 780 bytes from primary IPFS CID=QmdMbyBpoGFK1mURYDVGnjQ4AkNoJfnaBed6stWNVYy8rq
2026-07-31T21:04:43.323+06:00  INFO 577218 --- [pangochain-backend] [io-8080-exec-38] c.pangochain.backend.ipfs.IpfsService    : Fetched 780 bytes from primary IPFS CID=QmdMbyBpoGFK1mURYDVGnjQ4AkNoJfnaBed6stWNVYy8rq
2026-07-31T21:04:43.323+06:00  INFO 577218 --- [pangochain-backend] [nio-8080-exec-5] c.pangochain.backend.ipfs.IpfsService    : Fetched 780 bytes from primary IPFS CID=QmdMbyBpoGFK1mURYDVGnjQ4AkNoJfnaBed6stWNVYy8rq
2026-07-31T21:04:43.325+06:00  INFO 577218 --- [pangochain-backend] [io-8080-exec-40] c.p.backend.document.DocumentService     : ACL check: Layer1=PASS Layer2=PASS doc=7eb7b50a-21ec-4f40-a48a-98cccaa8f738 user=bench@pangochain.test
2026-07-31T21:04:43.326+06:00  INFO 577218 --- [pangochain-backend] [io-8080-exec-19] c.pangochain.backend.ipfs.IpfsService    : Fetched 780 bytes from primary IPFS CID=QmdMbyBpoGFK1mURYDVGnjQ4AkNoJfnaBed6stWNVYy8rq
2026-07-31T21:04:43.326+06:00  INFO 577218 --- [pangochain-backend] [io-8080-exec-42] c.pangochain.backend.ipfs.IpfsService    : Fetched 780 bytes from primary IPFS CID=QmdMbyBpoGFK1mURYDVGnjQ4AkNoJfnaBed6stWNVYy8rq
2026-07-31T21:04:43.329+06:00  INFO 577218 --- [pangochain-backend] [io-8080-exec-15] c.pangochain.backend.ipfs.IpfsService    : Fetched 780 bytes from primary IPFS CID=QmdMbyBpoGFK1mURYDVGnjQ4AkNoJfnaBed6stWNVYy8rq
2026-07-31T21:04:43.332+06:00  INFO 577218 --- [pangochain-backend] [io-8080-exec-44] c.pangochain.backend.ipfs.IpfsService    : Fetched 780 bytes from primary IPFS CID=QmdMbyBpoGFK1mURYDVGnjQ4AkNoJfnaBed6stWNVYy8rq
2026-07-31T21:04:43.333+06:00  INFO 577218 --- [pangochain-backend] [nio-8080-exec-2] c.pangochain.backend.ipfs.IpfsService    : Fetched 780 bytes from primary IPFS CID=QmdMbyBpoGFK1mURYDVGnjQ4AkNoJfnaBed6stWNVYy8rq
2026-07-31T21:04:43.334+06:00  INFO 577218 --- [pangochain-backend] [io-8080-exec-24] c.pangochain.backend.ipfs.IpfsService    : Fetched 780 bytes from primary IPFS CID=QmdMbyBpoGFK1mURYDVGnjQ4AkNoJfnaBed6stWNVYy8rq
2026-07-31T21:04:43.334+06:00  INFO 577218 --- [pangochain-backend] [io-8080-exec-21] c.pangochain.backend.ipfs.IpfsService    : Fetched 780 bytes from primary IPFS CID=QmdMbyBpoGFK1mURYDVGnjQ4AkNoJfnaBed6stWNVYy8rq
2026-07-31T21:04:43.334+06:00  INFO 577218 --- [pangochain-backend] [nio-8080-exec-7] c.pangochain.backend.ipfs.IpfsService    : Fetched 780 bytes from primary IPFS CID=QmdMbyBpoGFK1mURYDVGnjQ4AkNoJfnaBed6stWNVYy8rq
2026-07-31T21:04:43.335+06:00  INFO 577218 --- [pangochain-backend] [io-8080-exec-50] c.pangochain.backend.ipfs.IpfsService    : Fetched 780 bytes from primary IPFS CID=QmdMbyBpoGFK1mURYDVGnjQ4AkNoJfnaBed6stWNVYy8rq
2026-07-31T21:04:43.335+06:00  INFO 577218 --- [pangochain-backend] [io-8080-exec-11] c.pangochain.backend.ipfs.IpfsService    : Fetched 780 bytes from primary IPFS CID=QmdMbyBpoGFK1mURYDVGnjQ4AkNoJfnaBed6stWNVYy8rq
2026-07-31T21:04:43.335+06:00  INFO 577218 --- [pangochain-backend] [io-8080-exec-34] c.p.backend.document.DocumentService     : ACL check: Layer1=PASS Layer2=PASS doc=7eb7b50a-21ec-4f40-a48a-98cccaa8f738 user=bench@pangochain.test
2026-07-31T21:04:43.336+06:00  INFO 577218 --- [pangochain-backend] [io-8080-exec-48] c.p.backend.document.DocumentService     : ACL check: Layer1=PASS Layer2=PASS doc=7eb7b50a-21ec-4f40-a48a-98cccaa8f738 user=bench@pangochain.test
2026-07-31T21:04:43.336+06:00  INFO 577218 --- [pangochain-backend] [io-8080-exec-32] c.p.backend.document.DocumentService     : ACL check: Layer1=PASS Layer2=PASS doc=7eb7b50a-21ec-4f40-a48a-98cccaa8f738 user=bench@pangochain.test
2026-07-31T21:04:43.336+06:00  INFO 577218 --- [pangochain-backend] [io-8080-exec-30] c.p.backend.document.DocumentService     : ACL check: Layer1=PASS Layer2=PASS doc=7eb7b50a-21ec-4f40-a48a-98cccaa8f738 user=bench@pangochain.test
2026-07-31T21:04:43.338+06:00  INFO 577218 --- [pangochain-backend] [io-8080-exec-10] c.p.backend.document.DocumentService     : ACL check: Layer1=PASS Layer2=PASS doc=7eb7b50a-21ec-4f40-a48a-98cccaa8f738 user=bench@pangochain.test
2026-07-31T21:04:43.339+06:00  INFO 577218 --- [pangochain-backend] [io-8080-exec-32] c.pangochain.backend.ipfs.IpfsService    : Fetched 780 bytes from primary IPFS CID=QmdMbyBpoGFK1mURYDVGnjQ4AkNoJfnaBed6stWNVYy8rq
2026-07-31T21:04:43.339+06:00  INFO 577218 --- [pangochain-backend] [io-8080-exec-48] c.pangochain.backend.ipfs.IpfsService    : Fetched 780 bytes from primary IPFS CID=QmdMbyBpoGFK1mURYDVGnjQ4AkNoJfnaBed6stWNVYy8rq
2026-07-31T21:04:43.339+06:00  INFO 577218 --- [pangochain-backend] [io-8080-exec-34] c.pangochain.backend.ipfs.IpfsService    : Fetched 780 bytes from primary IPFS CID=QmdMbyBpoGFK1mURYDVGnjQ4AkNoJfnaBed6stWNVYy8rq
2026-07-31T21:04:43.340+06:00  INFO 577218 --- [pangochain-backend] [io-8080-exec-40] c.pangochain.backend.ipfs.IpfsService    : Fetched 780 bytes from primary IPFS CID=QmdMbyBpoGFK1mURYDVGnjQ4AkNoJfnaBed6stWNVYy8rq
2026-07-31T21:04:43.340+06:00  INFO 577218 --- [pangochain-backend] [io-8080-exec-30] c.pangochain.backend.ipfs.IpfsService    : Fetched 780 bytes from primary IPFS CID=QmdMbyBpoGFK1mURYDVGnjQ4AkNoJfnaBed6stWNVYy8rq
2026-07-31T21:04:43.341+06:00  INFO 577218 --- [pangochain-backend] [io-8080-exec-26] c.pangochain.backend.ipfs.IpfsService    : Fetched 780 bytes from primary IPFS CID=QmdMbyBpoGFK1mURYDVGnjQ4AkNoJfnaBed6stWNVYy8rq
2026-07-31T21:04:43.341+06:00  INFO 577218 --- [pangochain-backend] [io-8080-exec-10] c.pangochain.backend.ipfs.IpfsService    : Fetched 780 bytes from primary IPFS CID=QmdMbyBpoGFK1mURYDVGnjQ4AkNoJfnaBed6stWNVYy8rq
2026-07-31T21:04:43.345+06:00  INFO 577218 --- [pangochain-backend] [io-8080-exec-27] c.p.backend.document.DocumentService     : ACL check: Layer1=PASS Layer2=PASS doc=7eb7b50a-21ec-4f40-a48a-98cccaa8f738 user=bench@pangochain.test
2026-07-31T21:04:43.345+06:00  INFO 577218 --- [pangochain-backend] [io-8080-exec-46] c.p.backend.document.DocumentService     : ACL check: Layer1=PASS Layer2=PASS doc=7eb7b50a-21ec-4f40-a48a-98cccaa8f738 user=bench@pangochain.test
2026-07-31T21:04:43.349+06:00  INFO 577218 --- [pangochain-backend] [io-8080-exec-14] c.p.backend.document.DocumentService     : ACL check: Layer1=PASS Layer2=PASS doc=7eb7b50a-21ec-4f40-a48a-98cccaa8f738 user=bench@pangochain.test
2026-07-31T21:04:43.349+06:00  INFO 577218 --- [pangochain-backend] [io-8080-exec-36] c.p.backend.document.DocumentService     : ACL check: Layer1=PASS Layer2=PASS doc=7eb7b50a-21ec-4f40-a48a-98cccaa8f738 user=bench@pangochain.test
2026-07-31T21:04:43.349+06:00  INFO 577218 --- [pangochain-backend] [io-8080-exec-13] c.p.backend.document.DocumentService     : ACL check: Layer1=PASS Layer2=PASS doc=7eb7b50a-21ec-4f40-a48a-98cccaa8f738 user=bench@pangochain.test
2026-07-31T21:04:43.349+06:00  INFO 577218 --- [pangochain-backend] [io-8080-exec-28] c.p.backend.document.DocumentService     : ACL check: Layer1=PASS Layer2=PASS doc=7eb7b50a-21ec-4f40-a48a-98cccaa8f738 user=bench@pangochain.test
2026-07-31T21:04:43.349+06:00  INFO 577218 --- [pangochain-backend] [io-8080-exec-47] c.p.backend.document.DocumentService     : ACL check: Layer1=PASS Layer2=PASS doc=7eb7b50a-21ec-4f40-a48a-98cccaa8f738 user=bench@pangochain.test
2026-07-31T21:04:43.349+06:00  INFO 577218 --- [pangochain-backend] [nio-8080-exec-8] c.p.backend.document.DocumentService     : ACL check: Layer1=PASS Layer2=PASS doc=7eb7b50a-21ec-4f40-a48a-98cccaa8f738 user=bench@pangochain.test
2026-07-31T21:04:43.350+06:00  INFO 577218 --- [pangochain-backend] [io-8080-exec-17] c.p.backend.document.DocumentService     : ACL check: Layer1=PASS Layer2=PASS doc=7eb7b50a-21ec-4f40-a48a-98cccaa8f738 user=bench@pangochain.test
2026-07-31T21:04:43.350+06:00  INFO 577218 --- [pangochain-backend] [io-8080-exec-44] c.p.backend.document.DocumentService     : ACL check: Layer1=PASS Layer2=PASS doc=7eb7b50a-21ec-4f40-a48a-98cccaa8f738 user=bench@pangochain.test
2026-07-31T21:04:43.350+06:00  INFO 577218 --- [pangochain-backend] [nio-8080-exec-4] c.p.backend.document.DocumentService     : ACL check: Layer1=PASS Layer2=PASS doc=7eb7b50a-21ec-4f40-a48a-98cccaa8f738 user=bench@pangochain.test
2026-07-31T21:04:43.351+06:00  INFO 577218 --- [pangochain-backend] [nio-8080-exec-9] c.p.backend.document.DocumentService     : ACL check: Layer1=PASS Layer2=PASS doc=7eb7b50a-21ec-4f40-a48a-98cccaa8f738 user=bench@pangochain.test
2026-07-31T21:04:43.351+06:00  INFO 577218 --- [pangochain-backend] [io-8080-exec-46] c.pangochain.backend.ipfs.IpfsService    : Fetched 780 bytes from primary IPFS CID=QmdMbyBpoGFK1mURYDVGnjQ4AkNoJfnaBed6stWNVYy8rq
2026-07-31T21:04:43.352+06:00  INFO 577218 --- [pangochain-backend] [io-8080-exec-31] c.p.backend.document.DocumentService     : ACL check: Layer1=PASS Layer2=PASS doc=7eb7b50a-21ec-4f40-a48a-98cccaa8f738 user=bench@pangochain.test
2026-07-31T21:04:43.351+06:00  INFO 577218 --- [pangochain-backend] [io-8080-exec-27] c.pangochain.backend.ipfs.IpfsService    : Fetched 780 bytes from primary IPFS CID=QmdMbyBpoGFK1mURYDVGnjQ4AkNoJfnaBed6stWNVYy8rq
2026-07-31T21:04:43.352+06:00  INFO 577218 --- [pangochain-backend] [io-8080-exec-43] c.p.backend.document.DocumentService     : ACL check: Layer1=PASS Layer2=PASS doc=7eb7b50a-21ec-4f40-a48a-98cccaa8f738 user=bench@pangochain.test
2026-07-31T21:04:43.352+06:00  INFO 577218 --- [pangochain-backend] [nio-8080-exec-5] c.p.backend.document.DocumentService     : ACL check: Layer1=PASS Layer2=PASS doc=7eb7b50a-21ec-4f40-a48a-98cccaa8f738 user=bench@pangochain.test
2026-07-31T21:04:43.352+06:00  INFO 577218 --- [pangochain-backend] [io-8080-exec-51] c.p.backend.document.DocumentService     : ACL check: Layer1=PASS Layer2=PASS doc=7eb7b50a-21ec-4f40-a48a-98cccaa8f738 user=bench@pangochain.test
2026-07-31T21:04:43.352+06:00  INFO 577218 --- [pangochain-backend] [io-8080-exec-18] c.p.backend.document.DocumentService     : ACL check: Layer1=PASS Layer2=PASS doc=7eb7b50a-21ec-4f40-a48a-98cccaa8f738 user=bench@pangochain.test
2026-07-31T21:04:43.353+06:00  INFO 577218 --- [pangochain-backend] [io-8080-exec-22] c.p.backend.document.DocumentService     : ACL check: Layer1=PASS Layer2=PASS doc=7eb7b50a-21ec-4f40-a48a-98cccaa8f738 user=bench@pangochain.test
2026-07-31T21:04:43.352+06:00  INFO 577218 --- [pangochain-backend] [io-8080-exec-39] c.p.backend.document.DocumentService     : ACL check: Layer1=PASS Layer2=PASS doc=7eb7b50a-21ec-4f40-a48a-98cccaa8f738 user=bench@pangochain.test
2026-07-31T21:04:43.352+06:00  INFO 577218 --- [pangochain-backend] [io-8080-exec-19] c.p.backend.document.DocumentService     : ACL check: Layer1=PASS Layer2=PASS doc=7eb7b50a-21ec-4f40-a48a-98cccaa8f738 user=bench@pangochain.test
2026-07-31T21:04:43.352+06:00  INFO 577218 --- [pangochain-backend] [nio-8080-exec-1] c.p.backend.document.DocumentService     : ACL check: Layer1=PASS Layer2=PASS doc=7eb7b50a-21ec-4f40-a48a-98cccaa8f738 user=bench@pangochain.test
2026-07-31T21:04:43.352+06:00  INFO 577218 --- [pangochain-backend] [io-8080-exec-29] c.p.backend.document.DocumentService     : ACL check: Layer1=PASS Layer2=PASS doc=7eb7b50a-21ec-4f40-a48a-98cccaa8f738 user=bench@pangochain.test
2026-07-31T21:04:43.352+06:00  INFO 577218 --- [pangochain-backend] [io-8080-exec-12] c.p.backend.document.DocumentService     : ACL check: Layer1=PASS Layer2=PASS doc=7eb7b50a-21ec-4f40-a48a-98cccaa8f738 user=bench@pangochain.test
2026-07-31T21:04:43.352+06:00  INFO 577218 --- [pangochain-backend] [io-8080-exec-49] c.p.backend.document.DocumentService     : ACL check: Layer1=PASS Layer2=PASS doc=7eb7b50a-21ec-4f40-a48a-98cccaa8f738 user=bench@pangochain.test
2026-07-31T21:04:43.354+06:00  INFO 577218 --- [pangochain-backend] [io-8080-exec-42] c.p.backend.document.DocumentService     : ACL check: Layer1=PASS Layer2=PASS doc=7eb7b50a-21ec-4f40-a48a-98cccaa8f738 user=bench@pangochain.test
2026-07-31T21:04:43.353+06:00  INFO 577218 --- [pangochain-backend] [io-8080-exec-41] c.p.backend.document.DocumentService     : ACL check: Layer1=PASS Layer2=PASS doc=7eb7b50a-21ec-4f40-a48a-98cccaa8f738 user=bench@pangochain.test
2026-07-31T21:04:43.353+06:00  INFO 577218 --- [pangochain-backend] [nio-8080-exec-3] c.p.backend.document.DocumentService     : ACL check: Layer1=PASS Layer2=PASS doc=7eb7b50a-21ec-4f40-a48a-98cccaa8f738 user=bench@pangochain.test
2026-07-31T21:04:43.353+06:00  INFO 577218 --- [pangochain-backend] [io-8080-exec-23] c.p.backend.document.DocumentService     : ACL check: Layer1=PASS Layer2=PASS doc=7eb7b50a-21ec-4f40-a48a-98cccaa8f738 user=bench@pangochain.test
2026-07-31T21:04:43.354+06:00  INFO 577218 --- [pangochain-backend] [io-8080-exec-24] c.p.backend.document.DocumentService     : ACL check: Layer1=PASS Layer2=PASS doc=7eb7b50a-21ec-4f40-a48a-98cccaa8f738 user=bench@pangochain.test
2026-07-31T21:04:43.357+06:00  INFO 577218 --- [pangochain-backend] [nio-8080-exec-6] c.p.backend.document.DocumentService     : ACL check: Layer1=PASS Layer2=PASS doc=7eb7b50a-21ec-4f40-a48a-98cccaa8f738 user=bench@pangochain.test
2026-07-31T21:04:43.362+06:00  INFO 577218 --- [pangochain-backend] [nio-8080-exec-9] c.pangochain.backend.ipfs.IpfsService    : Fetched 780 bytes from primary IPFS CID=QmdMbyBpoGFK1mURYDVGnjQ4AkNoJfnaBed6stWNVYy8rq
2026-07-31T21:04:43.362+06:00  INFO 577218 --- [pangochain-backend] [io-8080-exec-44] c.pangochain.backend.ipfs.IpfsService    : Fetched 780 bytes from primary IPFS CID=QmdMbyBpoGFK1mURYDVGnjQ4AkNoJfnaBed6stWNVYy8rq
2026-07-31T21:04:43.362+06:00  INFO 577218 --- [pangochain-backend] [io-8080-exec-51] c.pangochain.backend.ipfs.IpfsService    : Fetched 780 bytes from primary IPFS CID=QmdMbyBpoGFK1mURYDVGnjQ4AkNoJfnaBed6stWNVYy8rq
2026-07-31T21:04:43.362+06:00  INFO 577218 --- [pangochain-backend] [io-8080-exec-17] c.pangochain.backend.ipfs.IpfsService    : Fetched 780 bytes from primary IPFS CID=QmdMbyBpoGFK1mURYDVGnjQ4AkNoJfnaBed6stWNVYy8rq
2026-07-31T21:04:43.363+06:00  INFO 577218 --- [pangochain-backend] [nio-8080-exec-1] c.pangochain.backend.ipfs.IpfsService    : Fetched 780 bytes from primary IPFS CID=QmdMbyBpoGFK1mURYDVGnjQ4AkNoJfnaBed6stWNVYy8rq
2026-07-31T21:04:43.363+06:00  INFO 577218 --- [pangochain-backend] [io-8080-exec-19] c.pangochain.backend.ipfs.IpfsService    : Fetched 780 bytes from primary IPFS CID=QmdMbyBpoGFK1mURYDVGnjQ4AkNoJfnaBed6stWNVYy8rq
2026-07-31T21:04:43.364+06:00  INFO 577218 --- [pangochain-backend] [io-8080-exec-23] c.pangochain.backend.ipfs.IpfsService    : Fetched 780 bytes from primary IPFS CID=QmdMbyBpoGFK1mURYDVGnjQ4AkNoJfnaBed6stWNVYy8rq
2026-07-31T21:04:43.364+06:00  INFO 577218 --- [pangochain-backend] [io-8080-exec-22] c.pangochain.backend.ipfs.IpfsService    : Fetched 780 bytes from primary IPFS CID=QmdMbyBpoGFK1mURYDVGnjQ4AkNoJfnaBed6stWNVYy8rq
2026-07-31T21:04:43.365+06:00  INFO 577218 --- [pangochain-backend] [io-8080-exec-13] c.pangochain.backend.ipfs.IpfsService    : Fetched 780 bytes from primary IPFS CID=QmdMbyBpoGFK1mURYDVGnjQ4AkNoJfnaBed6stWNVYy8rq
2026-07-31T21:04:43.365+06:00  INFO 577218 --- [pangochain-backend] [io-8080-exec-15] c.p.backend.document.DocumentService     : ACL check: Layer1=PASS Layer2=PASS doc=7eb7b50a-21ec-4f40-a48a-98cccaa8f738 user=bench@pangochain.test
2026-07-31T21:04:43.365+06:00  INFO 577218 --- [pangochain-backend] [io-8080-exec-49] c.pangochain.backend.ipfs.IpfsService    : Fetched 780 bytes from primary IPFS CID=QmdMbyBpoGFK1mURYDVGnjQ4AkNoJfnaBed6stWNVYy8rq
2026-07-31T21:04:43.365+06:00  INFO 577218 --- [pangochain-backend] [nio-8080-exec-5] c.pangochain.backend.ipfs.IpfsService    : Fetched 780 bytes from primary IPFS CID=QmdMbyBpoGFK1mURYDVGnjQ4AkNoJfnaBed6stWNVYy8rq
2026-07-31T21:04:43.365+06:00  INFO 577218 --- [pangochain-backend] [io-8080-exec-24] c.pangochain.backend.ipfs.IpfsService    : Fetched 780 bytes from primary IPFS CID=QmdMbyBpoGFK1mURYDVGnjQ4AkNoJfnaBed6stWNVYy8rq
2026-07-31T21:04:43.365+06:00  INFO 577218 --- [pangochain-backend] [io-8080-exec-33] c.p.backend.document.DocumentService     : ACL check: Layer1=PASS Layer2=PASS doc=7eb7b50a-21ec-4f40-a48a-98cccaa8f738 user=bench@pangochain.test
2026-07-31T21:04:43.366+06:00  INFO 577218 --- [pangochain-backend] [io-8080-exec-28] c.pangochain.backend.ipfs.IpfsService    : Fetched 780 bytes from primary IPFS CID=QmdMbyBpoGFK1mURYDVGnjQ4AkNoJfnaBed6stWNVYy8rq
2026-07-31T21:04:43.366+06:00  INFO 577218 --- [pangochain-backend] [io-8080-exec-20] c.p.backend.document.DocumentService     : ACL check: Layer1=PASS Layer2=PASS doc=7eb7b50a-21ec-4f40-a48a-98cccaa8f738 user=bench@pangochain.test
2026-07-31T21:04:43.366+06:00  INFO 577218 --- [pangochain-backend] [io-8080-exec-16] c.p.backend.document.DocumentService     : ACL check: Layer1=PASS Layer2=PASS doc=7eb7b50a-21ec-4f40-a48a-98cccaa8f738 user=bench@pangochain.test
2026-07-31T21:04:43.366+06:00  INFO 577218 --- [pangochain-backend] [io-8080-exec-14] c.pangochain.backend.ipfs.IpfsService    : Fetched 780 bytes from primary IPFS CID=QmdMbyBpoGFK1mURYDVGnjQ4AkNoJfnaBed6stWNVYy8rq
2026-07-31T21:04:43.366+06:00  INFO 577218 --- [pangochain-backend] [io-8080-exec-41] c.pangochain.backend.ipfs.IpfsService    : Fetched 780 bytes from primary IPFS CID=QmdMbyBpoGFK1mURYDVGnjQ4AkNoJfnaBed6stWNVYy8rq
2026-07-31T21:04:43.367+06:00  INFO 577218 --- [pangochain-backend] [nio-8080-exec-4] c.pangochain.backend.ipfs.IpfsService    : Fetched 780 bytes from primary IPFS CID=QmdMbyBpoGFK1mURYDVGnjQ4AkNoJfnaBed6stWNVYy8rq
2026-07-31T21:04:43.367+06:00  INFO 577218 --- [pangochain-backend] [io-8080-exec-31] c.pangochain.backend.ipfs.IpfsService    : Fetched 780 bytes from primary IPFS CID=QmdMbyBpoGFK1mURYDVGnjQ4AkNoJfnaBed6stWNVYy8rq
2026-07-31T21:04:43.367+06:00  INFO 577218 --- [pangochain-backend] [io-8080-exec-18] c.pangochain.backend.ipfs.IpfsService    : Fetched 780 bytes from primary IPFS CID=QmdMbyBpoGFK1mURYDVGnjQ4AkNoJfnaBed6stWNVYy8rq
2026-07-31T21:04:43.368+06:00  INFO 577218 --- [pangochain-backend] [io-8080-exec-29] c.pangochain.backend.ipfs.IpfsService    : Fetched 780 bytes from primary IPFS CID=QmdMbyBpoGFK1mURYDVGnjQ4AkNoJfnaBed6stWNVYy8rq
2026-07-31T21:04:43.369+06:00  INFO 577218 --- [pangochain-backend] [io-8080-exec-12] c.pangochain.backend.ipfs.IpfsService    : Fetched 780 bytes from primary IPFS CID=QmdMbyBpoGFK1mURYDVGnjQ4AkNoJfnaBed6stWNVYy8rq
2026-07-31T21:04:43.366+06:00  INFO 577218 --- [pangochain-backend] [io-8080-exec-11] c.p.backend.document.DocumentService     : ACL check: Layer1=PASS Layer2=PASS doc=7eb7b50a-21ec-4f40-a48a-98cccaa8f738 user=bench@pangochain.test
2026-07-31T21:04:43.369+06:00  INFO 577218 --- [pangochain-backend] [nio-8080-exec-7] c.p.backend.document.DocumentService     : ACL check: Layer1=PASS Layer2=PASS doc=7eb7b50a-21ec-4f40-a48a-98cccaa8f738 user=bench@pangochain.test
2026-07-31T21:04:43.370+06:00  INFO 577218 --- [pangochain-backend] [io-8080-exec-50] c.p.backend.document.DocumentService     : ACL check: Layer1=PASS Layer2=PASS doc=7eb7b50a-21ec-4f40-a48a-98cccaa8f738 user=bench@pangochain.test
2026-07-31T21:04:43.370+06:00  INFO 577218 --- [pangochain-backend] [io-8080-exec-21] c.p.backend.document.DocumentService     : ACL check: Layer1=PASS Layer2=PASS doc=7eb7b50a-21ec-4f40-a48a-98cccaa8f738 user=bench@pangochain.test
2026-07-31T21:04:43.370+06:00  INFO 577218 --- [pangochain-backend] [nio-8080-exec-8] c.pangochain.backend.ipfs.IpfsService    : Fetched 780 bytes from primary IPFS CID=QmdMbyBpoGFK1mURYDVGnjQ4AkNoJfnaBed6stWNVYy8rq
2026-07-31T21:04:43.370+06:00  INFO 577218 --- [pangochain-backend] [io-8080-exec-32] c.p.backend.document.DocumentService     : ACL check: Layer1=PASS Layer2=PASS doc=7eb7b50a-21ec-4f40-a48a-98cccaa8f738 user=bench@pangochain.test
2026-07-31T21:04:43.370+06:00  INFO 577218 --- [pangochain-backend] [io-8080-exec-42] c.pangochain.backend.ipfs.IpfsService    : Fetched 780 bytes from primary IPFS CID=QmdMbyBpoGFK1mURYDVGnjQ4AkNoJfnaBed6stWNVYy8rq
2026-07-31T21:04:43.370+06:00  INFO 577218 --- [pangochain-backend] [io-8080-exec-47] c.pangochain.backend.ipfs.IpfsService    : Fetched 780 bytes from primary IPFS CID=QmdMbyBpoGFK1mURYDVGnjQ4AkNoJfnaBed6stWNVYy8rq
2026-07-31T21:04:43.371+06:00  INFO 577218 --- [pangochain-backend] [io-8080-exec-48] c.p.backend.document.DocumentService     : ACL check: Layer1=PASS Layer2=PASS doc=7eb7b50a-21ec-4f40-a48a-98cccaa8f738 user=bench@pangochain.test
2026-07-31T21:04:43.371+06:00  INFO 577218 --- [pangochain-backend] [io-8080-exec-43] c.pangochain.backend.ipfs.IpfsService    : Fetched 780 bytes from primary IPFS CID=QmdMbyBpoGFK1mURYDVGnjQ4AkNoJfnaBed6stWNVYy8rq
2026-07-31T21:04:43.372+06:00  INFO 577218 --- [pangochain-backend] [io-8080-exec-34] c.p.backend.document.DocumentService     : ACL check: Layer1=PASS Layer2=PASS doc=7eb7b50a-21ec-4f40-a48a-98cccaa8f738 user=bench@pangochain.test
2026-07-31T21:04:43.372+06:00  INFO 577218 --- [pangochain-backend] [nio-8080-exec-3] c.pangochain.backend.ipfs.IpfsService    : Fetched 780 bytes from primary IPFS CID=QmdMbyBpoGFK1mURYDVGnjQ4AkNoJfnaBed6stWNVYy8rq
2026-07-31T21:04:43.374+06:00  INFO 577218 --- [pangochain-backend] [io-8080-exec-45] c.p.backend.document.DocumentService     : ACL check: Layer1=PASS Layer2=PASS doc=7eb7b50a-21ec-4f40-a48a-98cccaa8f738 user=bench@pangochain.test
2026-07-31T21:04:43.374+06:00  INFO 577218 --- [pangochain-backend] [io-8080-exec-30] c.p.backend.document.DocumentService     : ACL check: Layer1=PASS Layer2=PASS doc=7eb7b50a-21ec-4f40-a48a-98cccaa8f738 user=bench@pangochain.test
2026-07-31T21:04:43.375+06:00  INFO 577218 --- [pangochain-backend] [io-8080-exec-35] c.p.backend.document.DocumentService     : ACL check: Layer1=PASS Layer2=PASS doc=7eb7b50a-21ec-4f40-a48a-98cccaa8f738 user=bench@pangochain.test
2026-07-31T21:04:43.375+06:00  INFO 577218 --- [pangochain-backend] [io-8080-exec-37] c.p.backend.document.DocumentService     : ACL check: Layer1=PASS Layer2=PASS doc=7eb7b50a-21ec-4f40-a48a-98cccaa8f738 user=bench@pangochain.test
2026-07-31T21:04:43.375+06:00  INFO 577218 --- [pangochain-backend] [io-8080-exec-10] c.p.backend.document.DocumentService     : ACL check: Layer1=PASS Layer2=PASS doc=7eb7b50a-21ec-4f40-a48a-98cccaa8f738 user=bench@pangochain.test
2026-07-31T21:04:43.375+06:00  INFO 577218 --- [pangochain-backend] [io-8080-exec-40] c.p.backend.document.DocumentService     : ACL check: Layer1=PASS Layer2=PASS doc=7eb7b50a-21ec-4f40-a48a-98cccaa8f738 user=bench@pangochain.test
2026-07-31T21:04:43.375+06:00  INFO 577218 --- [pangochain-backend] [io-8080-exec-26] c.p.backend.document.DocumentService     : ACL check: Layer1=PASS Layer2=PASS doc=7eb7b50a-21ec-4f40-a48a-98cccaa8f738 user=bench@pangochain.test
2026-07-31T21:04:43.377+06:00  INFO 577218 --- [pangochain-backend] [io-8080-exec-33] c.pangochain.backend.ipfs.IpfsService    : Fetched 780 bytes from primary IPFS CID=QmdMbyBpoGFK1mURYDVGnjQ4AkNoJfnaBed6stWNVYy8rq
2026-07-31T21:04:43.381+06:00  INFO 577218 --- [pangochain-backend] [io-8080-exec-46] c.p.backend.document.DocumentService     : ACL check: Layer1=PASS Layer2=PASS doc=7eb7b50a-21ec-4f40-a48a-98cccaa8f738 user=bench@pangochain.test
2026-07-31T21:04:43.382+06:00  INFO 577218 --- [pangochain-backend] [nio-8080-exec-6] c.pangochain.backend.ipfs.IpfsService    : Fetched 780 bytes from primary IPFS CID=QmdMbyBpoGFK1mURYDVGnjQ4AkNoJfnaBed6stWNVYy8rq
2026-07-31T21:04:43.384+06:00  INFO 577218 --- [pangochain-backend] [nio-8080-exec-9] c.p.backend.document.DocumentService     : ACL check: Layer1=PASS Layer2=PASS doc=7eb7b50a-21ec-4f40-a48a-98cccaa8f738 user=bench@pangochain.test
2026-07-31T21:04:43.384+06:00  INFO 577218 --- [pangochain-backend] [nio-8080-exec-1] c.p.backend.document.DocumentService     : ACL check: Layer1=PASS Layer2=PASS doc=7eb7b50a-21ec-4f40-a48a-98cccaa8f738 user=bench@pangochain.test
2026-07-31T21:04:43.384+06:00  INFO 577218 --- [pangochain-backend] [io-8080-exec-51] c.p.backend.document.DocumentService     : ACL check: Layer1=PASS Layer2=PASS doc=7eb7b50a-21ec-4f40-a48a-98cccaa8f738 user=bench@pangochain.test
2026-07-31T21:04:43.385+06:00  INFO 577218 --- [pangochain-backend] [io-8080-exec-11] c.pangochain.backend.ipfs.IpfsService    : Fetched 780 bytes from primary IPFS CID=QmdMbyBpoGFK1mURYDVGnjQ4AkNoJfnaBed6stWNVYy8rq
2026-07-31T21:04:43.385+06:00  INFO 577218 --- [pangochain-backend] [io-8080-exec-32] c.pangochain.backend.ipfs.IpfsService    : Fetched 780 bytes from primary IPFS CID=QmdMbyBpoGFK1mURYDVGnjQ4AkNoJfnaBed6stWNVYy8rq
2026-07-31T21:04:43.386+06:00  INFO 577218 --- [pangochain-backend] [io-8080-exec-15] c.pangochain.backend.ipfs.IpfsService    : Fetched 780 bytes from primary IPFS CID=QmdMbyBpoGFK1mURYDVGnjQ4AkNoJfnaBed6stWNVYy8rq
2026-07-31T21:04:43.386+06:00  INFO 577218 --- [pangochain-backend] [io-8080-exec-10] c.pangochain.backend.ipfs.IpfsService    : Fetched 780 bytes from primary IPFS CID=QmdMbyBpoGFK1mURYDVGnjQ4AkNoJfnaBed6stWNVYy8rq
2026-07-31T21:04:43.386+06:00  INFO 577218 --- [pangochain-backend] [io-8080-exec-45] c.pangochain.backend.ipfs.IpfsService    : Fetched 780 bytes from primary IPFS CID=QmdMbyBpoGFK1mURYDVGnjQ4AkNoJfnaBed6stWNVYy8rq
2026-07-31T21:04:43.387+06:00  INFO 577218 --- [pangochain-backend] [nio-8080-exec-7] c.pangochain.backend.ipfs.IpfsService    : Fetched 780 bytes from primary IPFS CID=QmdMbyBpoGFK1mURYDVGnjQ4AkNoJfnaBed6stWNVYy8rq
2026-07-31T21:04:43.387+06:00  INFO 577218 --- [pangochain-backend] [io-8080-exec-38] c.p.backend.document.DocumentService     : ACL check: Layer1=PASS Layer2=PASS doc=7eb7b50a-21ec-4f40-a48a-98cccaa8f738 user=bench@pangochain.test
2026-07-31T21:04:43.387+06:00  INFO 577218 --- [pangochain-backend] [io-8080-exec-35] c.pangochain.backend.ipfs.IpfsService    : Fetched 780 bytes from primary IPFS CID=QmdMbyBpoGFK1mURYDVGnjQ4AkNoJfnaBed6stWNVYy8rq
2026-07-31T21:04:43.388+06:00  INFO 577218 --- [pangochain-backend] [io-8080-exec-46] c.pangochain.backend.ipfs.IpfsService    : Fetched 780 bytes from primary IPFS CID=QmdMbyBpoGFK1mURYDVGnjQ4AkNoJfnaBed6stWNVYy8rq
2026-07-31T21:04:43.388+06:00  INFO 577218 --- [pangochain-backend] [io-8080-exec-39] c.pangochain.backend.ipfs.IpfsService    : Fetched 780 bytes from primary IPFS CID=QmdMbyBpoGFK1mURYDVGnjQ4AkNoJfnaBed6stWNVYy8rq
2026-07-31T21:04:43.389+06:00  INFO 577218 --- [pangochain-backend] [io-8080-exec-38] c.pangochain.backend.ipfs.IpfsService    : Fetched 780 bytes from primary IPFS CID=QmdMbyBpoGFK1mURYDVGnjQ4AkNoJfnaBed6stWNVYy8rq
2026-07-31T21:04:43.389+06:00  INFO 577218 --- [pangochain-backend] [io-8080-exec-37] c.pangochain.backend.ipfs.IpfsService    : Fetched 780 bytes from primary IPFS CID=QmdMbyBpoGFK1mURYDVGnjQ4AkNoJfnaBed6stWNVYy8rq
2026-07-31T21:04:43.389+06:00  INFO 577218 --- [pangochain-backend] [nio-8080-exec-1] c.pangochain.backend.ipfs.IpfsService    : Fetched 780 bytes from primary IPFS CID=QmdMbyBpoGFK1mURYDVGnjQ4AkNoJfnaBed6stWNVYy8rq
2026-07-31T21:04:43.390+06:00  INFO 577218 --- [pangochain-backend] [io-8080-exec-51] c.pangochain.backend.ipfs.IpfsService    : Fetched 780 bytes from primary IPFS CID=QmdMbyBpoGFK1mURYDVGnjQ4AkNoJfnaBed6stWNVYy8rq
2026-07-31T21:04:43.390+06:00  INFO 577218 --- [pangochain-backend] [io-8080-exec-50] c.pangochain.backend.ipfs.IpfsService    : Fetched 780 bytes from primary IPFS CID=QmdMbyBpoGFK1mURYDVGnjQ4AkNoJfnaBed6stWNVYy8rq
2026-07-31T21:04:43.387+06:00  INFO 577218 --- [pangochain-backend] [io-8080-exec-40] c.pangochain.backend.ipfs.IpfsService    : Fetched 780 bytes from primary IPFS CID=QmdMbyBpoGFK1mURYDVGnjQ4AkNoJfnaBed6stWNVYy8rq
2026-07-31T21:04:43.387+06:00  INFO 577218 --- [pangochain-backend] [io-8080-exec-48] c.pangochain.backend.ipfs.IpfsService    : Fetched 780 bytes from primary IPFS CID=QmdMbyBpoGFK1mURYDVGnjQ4AkNoJfnaBed6stWNVYy8rq
2026-07-31T21:04:43.387+06:00  INFO 577218 --- [pangochain-backend] [io-8080-exec-34] c.pangochain.backend.ipfs.IpfsService    : Fetched 780 bytes from primary IPFS CID=QmdMbyBpoGFK1mURYDVGnjQ4AkNoJfnaBed6stWNVYy8rq
2026-07-31T21:04:43.390+06:00  INFO 577218 --- [pangochain-backend] [io-8080-exec-36] c.pangochain.backend.ipfs.IpfsService    : Fetched 780 bytes from primary IPFS CID=QmdMbyBpoGFK1mURYDVGnjQ4AkNoJfnaBed6stWNVYy8rq
2026-07-31T21:04:43.391+06:00  INFO 577218 --- [pangochain-backend] [io-8080-exec-20] c.pangochain.backend.ipfs.IpfsService    : Fetched 780 bytes from primary IPFS CID=QmdMbyBpoGFK1mURYDVGnjQ4AkNoJfnaBed6stWNVYy8rq
2026-07-31T21:04:43.392+06:00  INFO 577218 --- [pangochain-backend] [io-8080-exec-30] c.pangochain.backend.ipfs.IpfsService    : Fetched 780 bytes from primary IPFS CID=QmdMbyBpoGFK1mURYDVGnjQ4AkNoJfnaBed6stWNVYy8rq
2026-07-31T21:04:43.393+06:00  INFO 577218 --- [pangochain-backend] [nio-8080-exec-9] c.pangochain.backend.ipfs.IpfsService    : Fetched 780 bytes from primary IPFS CID=QmdMbyBpoGFK1mURYDVGnjQ4AkNoJfnaBed6stWNVYy8rq
2026-07-31T21:04:43.394+06:00  INFO 577218 --- [pangochain-backend] [io-8080-exec-25] c.p.backend.document.DocumentService     : ACL check: Layer1=PASS Layer2=PASS doc=7eb7b50a-21ec-4f40-a48a-98cccaa8f738 user=bench@pangochain.test
2026-07-31T21:04:43.394+06:00  INFO 577218 --- [pangochain-backend] [io-8080-exec-21] c.pangochain.backend.ipfs.IpfsService    : Fetched 780 bytes from primary IPFS CID=QmdMbyBpoGFK1mURYDVGnjQ4AkNoJfnaBed6stWNVYy8rq
2026-07-31T21:04:43.395+06:00  INFO 577218 --- [pangochain-backend] [nio-8080-exec-3] c.p.backend.document.DocumentService     : ACL check: Layer1=PASS Layer2=PASS doc=7eb7b50a-21ec-4f40-a48a-98cccaa8f738 user=bench@pangochain.test
2026-07-31T21:04:43.395+06:00  INFO 577218 --- [pangochain-backend] [io-8080-exec-26] c.pangochain.backend.ipfs.IpfsService    : Fetched 780 bytes from primary IPFS CID=QmdMbyBpoGFK1mURYDVGnjQ4AkNoJfnaBed6stWNVYy8rq
2026-07-31T21:04:43.395+06:00  INFO 577218 --- [pangochain-backend] [io-8080-exec-16] c.pangochain.backend.ipfs.IpfsService    : Fetched 780 bytes from primary IPFS CID=QmdMbyBpoGFK1mURYDVGnjQ4AkNoJfnaBed6stWNVYy8rq
2026-07-31T21:04:43.395+06:00  INFO 577218 --- [pangochain-backend] [nio-8080-exec-4] c.p.backend.document.DocumentService     : ACL check: Layer1=PASS Layer2=PASS doc=7eb7b50a-21ec-4f40-a48a-98cccaa8f738 user=bench@pangochain.test
2026-07-31T21:04:43.395+06:00  INFO 577218 --- [pangochain-backend] [io-8080-exec-17] c.p.backend.document.DocumentService     : ACL check: Layer1=PASS Layer2=PASS doc=7eb7b50a-21ec-4f40-a48a-98cccaa8f738 user=bench@pangochain.test
2026-07-31T21:04:43.396+06:00  INFO 577218 --- [pangochain-backend] [io-8080-exec-44] c.p.backend.document.DocumentService     : ACL check: Layer1=PASS Layer2=PASS doc=7eb7b50a-21ec-4f40-a48a-98cccaa8f738 user=bench@pangochain.test
2026-07-31T21:04:43.397+06:00  INFO 577218 --- [pangochain-backend] [io-8080-exec-27] c.p.backend.document.DocumentService     : ACL check: Layer1=PASS Layer2=PASS doc=7eb7b50a-21ec-4f40-a48a-98cccaa8f738 user=bench@pangochain.test
2026-07-31T21:04:43.397+06:00  INFO 577218 --- [pangochain-backend] [io-8080-exec-29] c.p.backend.document.DocumentService     : ACL check: Layer1=PASS Layer2=PASS doc=7eb7b50a-21ec-4f40-a48a-98cccaa8f738 user=bench@pangochain.test
2026-07-31T21:04:43.398+06:00  INFO 577218 --- [pangochain-backend] [nio-8080-exec-4] c.pangochain.backend.ipfs.IpfsService    : Fetched 780 bytes from primary IPFS CID=QmdMbyBpoGFK1mURYDVGnjQ4AkNoJfnaBed6stWNVYy8rq
2026-07-31T21:04:43.398+06:00  INFO 577218 --- [pangochain-backend] [io-8080-exec-44] c.pangochain.backend.ipfs.IpfsService    : Fetched 780 bytes from primary IPFS CID=QmdMbyBpoGFK1mURYDVGnjQ4AkNoJfnaBed6stWNVYy8rq
2026-07-31T21:04:43.398+06:00  INFO 577218 --- [pangochain-backend] [io-8080-exec-25] c.pangochain.backend.ipfs.IpfsService    : Fetched 780 bytes from primary IPFS CID=QmdMbyBpoGFK1mURYDVGnjQ4AkNoJfnaBed6stWNVYy8rq
2026-07-31T21:04:43.398+06:00  INFO 577218 --- [pangochain-backend] [io-8080-exec-17] c.pangochain.backend.ipfs.IpfsService    : Fetched 780 bytes from primary IPFS CID=QmdMbyBpoGFK1mURYDVGnjQ4AkNoJfnaBed6stWNVYy8rq
2026-07-31T21:04:43.399+06:00  INFO 577218 --- [pangochain-backend] [io-8080-exec-27] c.pangochain.backend.ipfs.IpfsService    : Fetched 780 bytes from primary IPFS CID=QmdMbyBpoGFK1mURYDVGnjQ4AkNoJfnaBed6stWNVYy8rq
2026-07-31T21:04:43.400+06:00  INFO 577218 --- [pangochain-backend] [io-8080-exec-29] c.pangochain.backend.ipfs.IpfsService    : Fetched 780 bytes from primary IPFS CID=QmdMbyBpoGFK1mURYDVGnjQ4AkNoJfnaBed6stWNVYy8rq
2026-07-31T21:04:43.400+06:00  INFO 577218 --- [pangochain-backend] [nio-8080-exec-3] c.pangochain.backend.ipfs.IpfsService    : Fetched 780 bytes from primary IPFS CID=QmdMbyBpoGFK1mURYDVGnjQ4AkNoJfnaBed6stWNVYy8rq
2026-07-31T21:04:43.402+06:00  INFO 577218 --- [pangochain-backend] [io-8080-exec-19] c.p.backend.document.DocumentService     : ACL check: Layer1=PASS Layer2=PASS doc=7eb7b50a-21ec-4f40-a48a-98cccaa8f738 user=bench@pangochain.test
2026-07-31T21:04:43.405+06:00  INFO 577218 --- [pangochain-backend] [io-8080-exec-19] c.pangochain.backend.ipfs.IpfsService    : Fetched 780 bytes from primary IPFS CID=QmdMbyBpoGFK1mURYDVGnjQ4AkNoJfnaBed6stWNVYy8rq
2026-07-31T21:04:43.405+06:00  INFO 577218 --- [pangochain-backend] [io-8080-exec-18] c.p.backend.document.DocumentService     : ACL check: Layer1=PASS Layer2=PASS doc=7eb7b50a-21ec-4f40-a48a-98cccaa8f738 user=bench@pangochain.test
2026-07-31T21:04:43.406+06:00  INFO 577218 --- [pangochain-backend] [nio-8080-exec-2] c.p.backend.document.DocumentService     : ACL check: Layer1=PASS Layer2=PASS doc=7eb7b50a-21ec-4f40-a48a-98cccaa8f738 user=bench@pangochain.test
2026-07-31T21:04:43.410+06:00  INFO 577218 --- [pangochain-backend] [io-8080-exec-33] c.p.backend.document.DocumentService     : ACL check: Layer1=PASS Layer2=PASS doc=7eb7b50a-21ec-4f40-a48a-98cccaa8f738 user=bench@pangochain.test
2026-07-31T21:04:43.410+06:00  INFO 577218 --- [pangochain-backend] [nio-8080-exec-6] c.p.backend.document.DocumentService     : ACL check: Layer1=PASS Layer2=PASS doc=7eb7b50a-21ec-4f40-a48a-98cccaa8f738 user=bench@pangochain.test
2026-07-31T21:04:43.410+06:00  INFO 577218 --- [pangochain-backend] [io-8080-exec-10] c.p.backend.document.DocumentService     : ACL check: Layer1=PASS Layer2=PASS doc=7eb7b50a-21ec-4f40-a48a-98cccaa8f738 user=bench@pangochain.test
2026-07-31T21:04:43.410+06:00  INFO 577218 --- [pangochain-backend] [io-8080-exec-24] c.p.backend.document.DocumentService     : ACL check: Layer1=PASS Layer2=PASS doc=7eb7b50a-21ec-4f40-a48a-98cccaa8f738 user=bench@pangochain.test
2026-07-31T21:04:43.411+06:00  INFO 577218 --- [pangochain-backend] [io-8080-exec-41] c.p.backend.document.DocumentService     : ACL check: Layer1=PASS Layer2=PASS doc=7eb7b50a-21ec-4f40-a48a-98cccaa8f738 user=bench@pangochain.test
2026-07-31T21:04:43.411+06:00  INFO 577218 --- [pangochain-backend] [io-8080-exec-18] c.pangochain.backend.ipfs.IpfsService    : Fetched 780 bytes from primary IPFS CID=QmdMbyBpoGFK1mURYDVGnjQ4AkNoJfnaBed6stWNVYy8rq
2026-07-31T21:04:43.412+06:00  INFO 577218 --- [pangochain-backend] [nio-8080-exec-8] c.p.backend.document.DocumentService     : ACL check: Layer1=PASS Layer2=PASS doc=7eb7b50a-21ec-4f40-a48a-98cccaa8f738 user=bench@pangochain.test
2026-07-31T21:04:43.413+06:00  INFO 577218 --- [pangochain-backend] [io-8080-exec-43] c.p.backend.document.DocumentService     : ACL check: Layer1=PASS Layer2=PASS doc=7eb7b50a-21ec-4f40-a48a-98cccaa8f738 user=bench@pangochain.test
2026-07-31T21:04:43.413+06:00  INFO 577218 --- [pangochain-backend] [nio-8080-exec-2] c.pangochain.backend.ipfs.IpfsService    : Fetched 780 bytes from primary IPFS CID=QmdMbyBpoGFK1mURYDVGnjQ4AkNoJfnaBed6stWNVYy8rq
2026-07-31T21:04:43.413+06:00  INFO 577218 --- [pangochain-backend] [io-8080-exec-33] c.pangochain.backend.ipfs.IpfsService    : Fetched 780 bytes from primary IPFS CID=QmdMbyBpoGFK1mURYDVGnjQ4AkNoJfnaBed6stWNVYy8rq
2026-07-31T21:04:43.413+06:00  INFO 577218 --- [pangochain-backend] [nio-8080-exec-6] c.pangochain.backend.ipfs.IpfsService    : Fetched 780 bytes from primary IPFS CID=QmdMbyBpoGFK1mURYDVGnjQ4AkNoJfnaBed6stWNVYy8rq
2026-07-31T21:04:43.413+06:00  INFO 577218 --- [pangochain-backend] [io-8080-exec-41] c.pangochain.backend.ipfs.IpfsService    : Fetched 780 bytes from primary IPFS CID=QmdMbyBpoGFK1mURYDVGnjQ4AkNoJfnaBed6stWNVYy8rq
2026-07-31T21:04:43.413+06:00  INFO 577218 --- [pangochain-backend] [io-8080-exec-10] c.pangochain.backend.ipfs.IpfsService    : Fetched 780 bytes from primary IPFS CID=QmdMbyBpoGFK1mURYDVGnjQ4AkNoJfnaBed6stWNVYy8rq
2026-07-31T21:04:43.413+06:00  INFO 577218 --- [pangochain-backend] [io-8080-exec-24] c.pangochain.backend.ipfs.IpfsService    : Fetched 780 bytes from primary IPFS CID=QmdMbyBpoGFK1mURYDVGnjQ4AkNoJfnaBed6stWNVYy8rq
2026-07-31T21:04:43.418+06:00  INFO 577218 --- [pangochain-backend] [io-8080-exec-22] c.p.backend.document.DocumentService     : ACL check: Layer1=PASS Layer2=PASS doc=7eb7b50a-21ec-4f40-a48a-98cccaa8f738 user=bench@pangochain.test
2026-07-31T21:04:43.418+06:00  INFO 577218 --- [pangochain-backend] [io-8080-exec-43] c.pangochain.backend.ipfs.IpfsService    : Fetched 780 bytes from primary IPFS CID=QmdMbyBpoGFK1mURYDVGnjQ4AkNoJfnaBed6stWNVYy8rq
2026-07-31T21:04:43.421+06:00  INFO 577218 --- [pangochain-backend] [nio-8080-exec-7] c.p.backend.document.DocumentService     : ACL check: Layer1=PASS Layer2=PASS doc=7eb7b50a-21ec-4f40-a48a-98cccaa8f738 user=bench@pangochain.test
2026-07-31T21:04:43.422+06:00  INFO 577218 --- [pangochain-backend] [io-8080-exec-15] c.p.backend.document.DocumentService     : ACL check: Layer1=PASS Layer2=PASS doc=7eb7b50a-21ec-4f40-a48a-98cccaa8f738 user=bench@pangochain.test
2026-07-31T21:04:43.423+06:00  INFO 577218 --- [pangochain-backend] [io-8080-exec-28] c.p.backend.document.DocumentService     : ACL check: Layer1=PASS Layer2=PASS doc=7eb7b50a-21ec-4f40-a48a-98cccaa8f738 user=bench@pangochain.test
2026-07-31T21:04:43.424+06:00  INFO 577218 --- [pangochain-backend] [io-8080-exec-22] c.pangochain.backend.ipfs.IpfsService    : Fetched 780 bytes from primary IPFS CID=QmdMbyBpoGFK1mURYDVGnjQ4AkNoJfnaBed6stWNVYy8rq
2026-07-31T21:04:43.425+06:00  INFO 577218 --- [pangochain-backend] [nio-8080-exec-5] c.p.backend.document.DocumentService     : ACL check: Layer1=PASS Layer2=PASS doc=7eb7b50a-21ec-4f40-a48a-98cccaa8f738 user=bench@pangochain.test
2026-07-31T21:04:43.426+06:00  INFO 577218 --- [pangochain-backend] [nio-8080-exec-8] c.pangochain.backend.ipfs.IpfsService    : Fetched 780 bytes from primary IPFS CID=QmdMbyBpoGFK1mURYDVGnjQ4AkNoJfnaBed6stWNVYy8rq
2026-07-31T21:04:43.427+06:00  INFO 577218 --- [pangochain-backend] [io-8080-exec-49] c.p.backend.document.DocumentService     : ACL check: Layer1=PASS Layer2=PASS doc=7eb7b50a-21ec-4f40-a48a-98cccaa8f738 user=bench@pangochain.test
2026-07-31T21:04:43.427+06:00  INFO 577218 --- [pangochain-backend] [io-8080-exec-42] c.p.backend.document.DocumentService     : ACL check: Layer1=PASS Layer2=PASS doc=7eb7b50a-21ec-4f40-a48a-98cccaa8f738 user=bench@pangochain.test
2026-07-31T21:04:43.427+06:00  INFO 577218 --- [pangochain-backend] [io-8080-exec-11] c.p.backend.document.DocumentService     : ACL check: Layer1=PASS Layer2=PASS doc=7eb7b50a-21ec-4f40-a48a-98cccaa8f738 user=bench@pangochain.test
2026-07-31T21:04:43.428+06:00  INFO 577218 --- [pangochain-backend] [io-8080-exec-23] c.p.backend.document.DocumentService     : ACL check: Layer1=PASS Layer2=PASS doc=7eb7b50a-21ec-4f40-a48a-98cccaa8f738 user=bench@pangochain.test
2026-07-31T21:04:43.428+06:00  INFO 577218 --- [pangochain-backend] [io-8080-exec-32] c.p.backend.document.DocumentService     : ACL check: Layer1=PASS Layer2=PASS doc=7eb7b50a-21ec-4f40-a48a-98cccaa8f738 user=bench@pangochain.test
2026-07-31T21:04:43.428+06:00  INFO 577218 --- [pangochain-backend] [io-8080-exec-12] c.p.backend.document.DocumentService     : ACL check: Layer1=PASS Layer2=PASS doc=7eb7b50a-21ec-4f40-a48a-98cccaa8f738 user=bench@pangochain.test
2026-07-31T21:04:43.428+06:00  INFO 577218 --- [pangochain-backend] [io-8080-exec-14] c.p.backend.document.DocumentService     : ACL check: Layer1=PASS Layer2=PASS doc=7eb7b50a-21ec-4f40-a48a-98cccaa8f738 user=bench@pangochain.test
2026-07-31T21:04:43.428+06:00  INFO 577218 --- [pangochain-backend] [io-8080-exec-31] c.p.backend.document.DocumentService     : ACL check: Layer1=PASS Layer2=PASS doc=7eb7b50a-21ec-4f40-a48a-98cccaa8f738 user=bench@pangochain.test
2026-07-31T21:04:43.429+06:00  INFO 577218 --- [pangochain-backend] [io-8080-exec-45] c.p.backend.document.DocumentService     : ACL check: Layer1=PASS Layer2=PASS doc=7eb7b50a-21ec-4f40-a48a-98cccaa8f738 user=bench@pangochain.test
2026-07-31T21:04:43.429+06:00  INFO 577218 --- [pangochain-backend] [io-8080-exec-34] c.p.backend.document.DocumentService     : ACL check: Layer1=PASS Layer2=PASS doc=7eb7b50a-21ec-4f40-a48a-98cccaa8f738 user=bench@pangochain.test
2026-07-31T21:04:43.429+06:00  INFO 577218 --- [pangochain-backend] [io-8080-exec-13] c.p.backend.document.DocumentService     : ACL check: Layer1=PASS Layer2=PASS doc=7eb7b50a-21ec-4f40-a48a-98cccaa8f738 user=bench@pangochain.test
2026-07-31T21:04:43.430+06:00  INFO 577218 --- [pangochain-backend] [nio-8080-exec-7] c.pangochain.backend.ipfs.IpfsService    : Fetched 780 bytes from primary IPFS CID=QmdMbyBpoGFK1mURYDVGnjQ4AkNoJfnaBed6stWNVYy8rq
2026-07-31T21:04:43.430+06:00  INFO 577218 --- [pangochain-backend] [io-8080-exec-36] c.p.backend.document.DocumentService     : ACL check: Layer1=PASS Layer2=PASS doc=7eb7b50a-21ec-4f40-a48a-98cccaa8f738 user=bench@pangochain.test
2026-07-31T21:04:43.430+06:00  INFO 577218 --- [pangochain-backend] [nio-8080-exec-5] c.pangochain.backend.ipfs.IpfsService    : Fetched 780 bytes from primary IPFS CID=QmdMbyBpoGFK1mURYDVGnjQ4AkNoJfnaBed6stWNVYy8rq
2026-07-31T21:04:43.431+06:00  INFO 577218 --- [pangochain-backend] [io-8080-exec-23] c.pangochain.backend.ipfs.IpfsService    : Fetched 780 bytes from primary IPFS CID=QmdMbyBpoGFK1mURYDVGnjQ4AkNoJfnaBed6stWNVYy8rq
2026-07-31T21:04:43.431+06:00  INFO 577218 --- [pangochain-backend] [io-8080-exec-32] c.pangochain.backend.ipfs.IpfsService    : Fetched 780 bytes from primary IPFS CID=QmdMbyBpoGFK1mURYDVGnjQ4AkNoJfnaBed6stWNVYy8rq
2026-07-31T21:04:43.432+06:00  INFO 577218 --- [pangochain-backend] [io-8080-exec-12] c.pangochain.backend.ipfs.IpfsService    : Fetched 780 bytes from primary IPFS CID=QmdMbyBpoGFK1mURYDVGnjQ4AkNoJfnaBed6stWNVYy8rq
2026-07-31T21:04:43.435+06:00  INFO 577218 --- [pangochain-backend] [io-8080-exec-26] c.p.backend.document.DocumentService     : ACL check: Layer1=PASS Layer2=PASS doc=7eb7b50a-21ec-4f40-a48a-98cccaa8f738 user=bench@pangochain.test
2026-07-31T21:04:43.436+06:00  INFO 577218 --- [pangochain-backend] [io-8080-exec-51] c.p.backend.document.DocumentService     : ACL check: Layer1=PASS Layer2=PASS doc=7eb7b50a-21ec-4f40-a48a-98cccaa8f738 user=bench@pangochain.test
2026-07-31T21:04:43.436+06:00  INFO 577218 --- [pangochain-backend] [io-8080-exec-31] c.pangochain.backend.ipfs.IpfsService    : Fetched 780 bytes from primary IPFS CID=QmdMbyBpoGFK1mURYDVGnjQ4AkNoJfnaBed6stWNVYy8rq
2026-07-31T21:04:43.437+06:00  INFO 577218 --- [pangochain-backend] [nio-8080-exec-1] c.p.backend.document.DocumentService     : ACL check: Layer1=PASS Layer2=PASS doc=7eb7b50a-21ec-4f40-a48a-98cccaa8f738 user=bench@pangochain.test
2026-07-31T21:04:43.438+06:00  INFO 577218 --- [pangochain-backend] [nio-8080-exec-6] c.p.backend.document.DocumentService     : ACL check: Layer1=PASS Layer2=PASS doc=7eb7b50a-21ec-4f40-a48a-98cccaa8f738 user=bench@pangochain.test
2026-07-31T21:04:43.439+06:00  INFO 577218 --- [pangochain-backend] [io-8080-exec-39] c.p.backend.document.DocumentService     : ACL check: Layer1=PASS Layer2=PASS doc=7eb7b50a-21ec-4f40-a48a-98cccaa8f738 user=bench@pangochain.test
2026-07-31T21:04:43.439+06:00  INFO 577218 --- [pangochain-backend] [io-8080-exec-49] c.pangochain.backend.ipfs.IpfsService    : Fetched 780 bytes from primary IPFS CID=QmdMbyBpoGFK1mURYDVGnjQ4AkNoJfnaBed6stWNVYy8rq
2026-07-31T21:04:43.439+06:00  INFO 577218 --- [pangochain-backend] [io-8080-exec-19] c.p.backend.document.DocumentService     : ACL check: Layer1=PASS Layer2=PASS doc=7eb7b50a-21ec-4f40-a48a-98cccaa8f738 user=bench@pangochain.test
2026-07-31T21:04:43.439+06:00  INFO 577218 --- [pangochain-backend] [io-8080-exec-45] c.pangochain.backend.ipfs.IpfsService    : Fetched 780 bytes from primary IPFS CID=QmdMbyBpoGFK1mURYDVGnjQ4AkNoJfnaBed6stWNVYy8rq
2026-07-31T21:04:43.439+06:00  INFO 577218 --- [pangochain-backend] [io-8080-exec-46] c.p.backend.document.DocumentService     : ACL check: Layer1=PASS Layer2=PASS doc=7eb7b50a-21ec-4f40-a48a-98cccaa8f738 user=bench@pangochain.test
2026-07-31T21:04:43.440+06:00  INFO 577218 --- [pangochain-backend] [io-8080-exec-47] c.p.backend.document.DocumentService     : ACL check: Layer1=PASS Layer2=PASS doc=7eb7b50a-21ec-4f40-a48a-98cccaa8f738 user=bench@pangochain.test
2026-07-31T21:04:43.440+06:00  INFO 577218 --- [pangochain-backend] [io-8080-exec-50] c.p.backend.document.DocumentService     : ACL check: Layer1=PASS Layer2=PASS doc=7eb7b50a-21ec-4f40-a48a-98cccaa8f738 user=bench@pangochain.test
2026-07-31T21:04:43.440+06:00  INFO 577218 --- [pangochain-backend] [io-8080-exec-48] c.p.backend.document.DocumentService     : ACL check: Layer1=PASS Layer2=PASS doc=7eb7b50a-21ec-4f40-a48a-98cccaa8f738 user=bench@pangochain.test
2026-07-31T21:04:43.441+06:00  INFO 577218 --- [pangochain-backend] [io-8080-exec-37] c.p.backend.document.DocumentService     : ACL check: Layer1=PASS Layer2=PASS doc=7eb7b50a-21ec-4f40-a48a-98cccaa8f738 user=bench@pangochain.test
2026-07-31T21:04:43.441+06:00  INFO 577218 --- [pangochain-backend] [io-8080-exec-11] c.pangochain.backend.ipfs.IpfsService    : Fetched 780 bytes from primary IPFS CID=QmdMbyBpoGFK1mURYDVGnjQ4AkNoJfnaBed6stWNVYy8rq
2026-07-31T21:04:43.441+06:00  INFO 577218 --- [pangochain-backend] [io-8080-exec-20] c.p.backend.document.DocumentService     : ACL check: Layer1=PASS Layer2=PASS doc=7eb7b50a-21ec-4f40-a48a-98cccaa8f738 user=bench@pangochain.test
2026-07-31T21:04:43.441+06:00  INFO 577218 --- [pangochain-backend] [io-8080-exec-21] c.p.backend.document.DocumentService     : ACL check: Layer1=PASS Layer2=PASS doc=7eb7b50a-21ec-4f40-a48a-98cccaa8f738 user=bench@pangochain.test
2026-07-31T21:04:43.441+06:00  INFO 577218 --- [pangochain-backend] [io-8080-exec-38] c.p.backend.document.DocumentService     : ACL check: Layer1=PASS Layer2=PASS doc=7eb7b50a-21ec-4f40-a48a-98cccaa8f738 user=bench@pangochain.test
2026-07-31T21:04:43.442+06:00  INFO 577218 --- [pangochain-backend] [io-8080-exec-36] c.pangochain.backend.ipfs.IpfsService    : Fetched 780 bytes from primary IPFS CID=QmdMbyBpoGFK1mURYDVGnjQ4AkNoJfnaBed6stWNVYy8rq
2026-07-31T21:04:43.442+06:00  INFO 577218 --- [pangochain-backend] [io-8080-exec-51] c.pangochain.backend.ipfs.IpfsService    : Fetched 780 bytes from primary IPFS CID=QmdMbyBpoGFK1mURYDVGnjQ4AkNoJfnaBed6stWNVYy8rq
2026-07-31T21:04:43.442+06:00  INFO 577218 --- [pangochain-backend] [nio-8080-exec-1] c.pangochain.backend.ipfs.IpfsService    : Fetched 780 bytes from primary IPFS CID=QmdMbyBpoGFK1mURYDVGnjQ4AkNoJfnaBed6stWNVYy8rq
2026-07-31T21:04:43.442+06:00  INFO 577218 --- [pangochain-backend] [io-8080-exec-15] c.pangochain.backend.ipfs.IpfsService    : Fetched 780 bytes from primary IPFS CID=QmdMbyBpoGFK1mURYDVGnjQ4AkNoJfnaBed6stWNVYy8rq
2026-07-31T21:04:43.442+06:00  INFO 577218 --- [pangochain-backend] [io-8080-exec-34] c.pangochain.backend.ipfs.IpfsService    : Fetched 780 bytes from primary IPFS CID=QmdMbyBpoGFK1mURYDVGnjQ4AkNoJfnaBed6stWNVYy8rq
2026-07-31T21:04:43.443+06:00  INFO 577218 --- [pangochain-backend] [nio-8080-exec-2] c.p.backend.document.DocumentService     : ACL check: Layer1=PASS Layer2=PASS doc=7eb7b50a-21ec-4f40-a48a-98cccaa8f738 user=bench@pangochain.test
2026-07-31T21:04:43.443+06:00  INFO 577218 --- [pangochain-backend] [io-8080-exec-42] c.pangochain.backend.ipfs.IpfsService    : Fetched 780 bytes from primary IPFS CID=QmdMbyBpoGFK1mURYDVGnjQ4AkNoJfnaBed6stWNVYy8rq
2026-07-31T21:04:43.444+06:00  INFO 577218 --- [pangochain-backend] [io-8080-exec-13] c.pangochain.backend.ipfs.IpfsService    : Fetched 780 bytes from primary IPFS CID=QmdMbyBpoGFK1mURYDVGnjQ4AkNoJfnaBed6stWNVYy8rq
2026-07-31T21:04:43.444+06:00  INFO 577218 --- [pangochain-backend] [io-8080-exec-50] c.pangochain.backend.ipfs.IpfsService    : Fetched 780 bytes from primary IPFS CID=QmdMbyBpoGFK1mURYDVGnjQ4AkNoJfnaBed6stWNVYy8rq
2026-07-31T21:04:43.445+06:00  INFO 577218 --- [pangochain-backend] [io-8080-exec-46] c.pangochain.backend.ipfs.IpfsService    : Fetched 780 bytes from primary IPFS CID=QmdMbyBpoGFK1mURYDVGnjQ4AkNoJfnaBed6stWNVYy8rq
2026-07-31T21:04:43.445+06:00  INFO 577218 --- [pangochain-backend] [io-8080-exec-26] c.pangochain.backend.ipfs.IpfsService    : Fetched 780 bytes from primary IPFS CID=QmdMbyBpoGFK1mURYDVGnjQ4AkNoJfnaBed6stWNVYy8rq
2026-07-31T21:04:43.445+06:00  INFO 577218 --- [pangochain-backend] [io-8080-exec-19] c.pangochain.backend.ipfs.IpfsService    : Fetched 780 bytes from primary IPFS CID=QmdMbyBpoGFK1mURYDVGnjQ4AkNoJfnaBed6stWNVYy8rq
2026-07-31T21:04:43.447+06:00  INFO 577218 --- [pangochain-backend] [io-8080-exec-14] c.pangochain.backend.ipfs.IpfsService    : Fetched 780 bytes from primary IPFS CID=QmdMbyBpoGFK1mURYDVGnjQ4AkNoJfnaBed6stWNVYy8rq
2026-07-31T21:04:43.448+06:00  INFO 577218 --- [pangochain-backend] [io-8080-exec-28] c.pangochain.backend.ipfs.IpfsService    : Fetched 780 bytes from primary IPFS CID=QmdMbyBpoGFK1mURYDVGnjQ4AkNoJfnaBed6stWNVYy8rq
2026-07-31T21:04:43.445+06:00  INFO 577218 --- [pangochain-backend] [nio-8080-exec-6] c.pangochain.backend.ipfs.IpfsService    : Fetched 780 bytes from primary IPFS CID=QmdMbyBpoGFK1mURYDVGnjQ4AkNoJfnaBed6stWNVYy8rq
2026-07-31T21:04:43.451+06:00  INFO 577218 --- [pangochain-backend] [io-8080-exec-37] c.pangochain.backend.ipfs.IpfsService    : Fetched 780 bytes from primary IPFS CID=QmdMbyBpoGFK1mURYDVGnjQ4AkNoJfnaBed6stWNVYy8rq
2026-07-31T21:04:43.452+06:00  INFO 577218 --- [pangochain-backend] [nio-8080-exec-2] c.pangochain.backend.ipfs.IpfsService    : Fetched 780 bytes from primary IPFS CID=QmdMbyBpoGFK1mURYDVGnjQ4AkNoJfnaBed6stWNVYy8rq
2026-07-31T21:04:43.452+06:00  INFO 577218 --- [pangochain-backend] [io-8080-exec-20] c.pangochain.backend.ipfs.IpfsService    : Fetched 780 bytes from primary IPFS CID=QmdMbyBpoGFK1mURYDVGnjQ4AkNoJfnaBed6stWNVYy8rq
2026-07-31T21:04:43.453+06:00  INFO 577218 --- [pangochain-backend] [io-8080-exec-39] c.pangochain.backend.ipfs.IpfsService    : Fetched 780 bytes from primary IPFS CID=QmdMbyBpoGFK1mURYDVGnjQ4AkNoJfnaBed6stWNVYy8rq
2026-07-31T21:04:43.454+06:00  INFO 577218 --- [pangochain-backend] [io-8080-exec-38] c.pangochain.backend.ipfs.IpfsService    : Fetched 780 bytes from primary IPFS CID=QmdMbyBpoGFK1mURYDVGnjQ4AkNoJfnaBed6stWNVYy8rq
2026-07-31T21:04:43.455+06:00  INFO 577218 --- [pangochain-backend] [io-8080-exec-21] c.pangochain.backend.ipfs.IpfsService    : Fetched 780 bytes from primary IPFS CID=QmdMbyBpoGFK1mURYDVGnjQ4AkNoJfnaBed6stWNVYy8rq
2026-07-31T21:04:43.455+06:00  INFO 577218 --- [pangochain-backend] [io-8080-exec-18] c.p.backend.document.DocumentService     : ACL check: Layer1=PASS Layer2=PASS doc=7eb7b50a-21ec-4f40-a48a-98cccaa8f738 user=bench@pangochain.test
2026-07-31T21:04:43.455+06:00  INFO 577218 --- [pangochain-backend] [io-8080-exec-48] c.pangochain.backend.ipfs.IpfsService    : Fetched 780 bytes from primary IPFS CID=QmdMbyBpoGFK1mURYDVGnjQ4AkNoJfnaBed6stWNVYy8rq
2026-07-31T21:04:43.456+06:00  INFO 577218 --- [pangochain-backend] [io-8080-exec-47] c.pangochain.backend.ipfs.IpfsService    : Fetched 780 bytes from primary IPFS CID=QmdMbyBpoGFK1mURYDVGnjQ4AkNoJfnaBed6stWNVYy8rq
2026-07-31T21:04:43.456+06:00  INFO 577218 --- [pangochain-backend] [io-8080-exec-25] c.p.backend.document.DocumentService     : ACL check: Layer1=PASS Layer2=PASS doc=7eb7b50a-21ec-4f40-a48a-98cccaa8f738 user=bench@pangochain.test
2026-07-31T21:04:43.457+06:00  INFO 577218 --- [pangochain-backend] [io-8080-exec-33] c.p.backend.document.DocumentService     : ACL check: Layer1=PASS Layer2=PASS doc=7eb7b50a-21ec-4f40-a48a-98cccaa8f738 user=bench@pangochain.test
2026-07-31T21:04:43.458+06:00  INFO 577218 --- [pangochain-backend] [io-8080-exec-27] c.p.backend.document.DocumentService     : ACL check: Layer1=PASS Layer2=PASS doc=7eb7b50a-21ec-4f40-a48a-98cccaa8f738 user=bench@pangochain.test
2026-07-31T21:04:43.458+06:00  INFO 577218 --- [pangochain-backend] [io-8080-exec-24] c.p.backend.document.DocumentService     : ACL check: Layer1=PASS Layer2=PASS doc=7eb7b50a-21ec-4f40-a48a-98cccaa8f738 user=bench@pangochain.test
2026-07-31T21:04:43.465+06:00  INFO 577218 --- [pangochain-backend] [io-8080-exec-18] c.pangochain.backend.ipfs.IpfsService    : Fetched 780 bytes from primary IPFS CID=QmdMbyBpoGFK1mURYDVGnjQ4AkNoJfnaBed6stWNVYy8rq
2026-07-31T21:04:43.466+06:00  INFO 577218 --- [pangochain-backend] [io-8080-exec-25] c.pangochain.backend.ipfs.IpfsService    : Fetched 780 bytes from primary IPFS CID=QmdMbyBpoGFK1mURYDVGnjQ4AkNoJfnaBed6stWNVYy8rq
2026-07-31T21:04:43.467+06:00  INFO 577218 --- [pangochain-backend] [io-8080-exec-33] c.pangochain.backend.ipfs.IpfsService    : Fetched 780 bytes from primary IPFS CID=QmdMbyBpoGFK1mURYDVGnjQ4AkNoJfnaBed6stWNVYy8rq
2026-07-31T21:04:43.467+06:00  INFO 577218 --- [pangochain-backend] [io-8080-exec-27] c.pangochain.backend.ipfs.IpfsService    : Fetched 780 bytes from primary IPFS CID=QmdMbyBpoGFK1mURYDVGnjQ4AkNoJfnaBed6stWNVYy8rq
2026-07-31T21:04:43.468+06:00  INFO 577218 --- [pangochain-backend] [io-8080-exec-40] c.p.backend.document.DocumentService     : ACL check: Layer1=PASS Layer2=PASS doc=7eb7b50a-21ec-4f40-a48a-98cccaa8f738 user=bench@pangochain.test
2026-07-31T21:04:43.468+06:00  INFO 577218 --- [pangochain-backend] [io-8080-exec-24] c.pangochain.backend.ipfs.IpfsService    : Fetched 780 bytes from primary IPFS CID=QmdMbyBpoGFK1mURYDVGnjQ4AkNoJfnaBed6stWNVYy8rq
2026-07-31T21:04:43.468+06:00  INFO 577218 --- [pangochain-backend] [io-8080-exec-16] c.p.backend.document.DocumentService     : ACL check: Layer1=PASS Layer2=PASS doc=7eb7b50a-21ec-4f40-a48a-98cccaa8f738 user=bench@pangochain.test
2026-07-31T21:04:43.468+06:00  INFO 577218 --- [pangochain-backend] [io-8080-exec-10] c.p.backend.document.DocumentService     : ACL check: Layer1=PASS Layer2=PASS doc=7eb7b50a-21ec-4f40-a48a-98cccaa8f738 user=bench@pangochain.test
2026-07-31T21:04:43.468+06:00  INFO 577218 --- [pangochain-backend] [nio-8080-exec-8] c.p.backend.document.DocumentService     : ACL check: Layer1=PASS Layer2=PASS doc=7eb7b50a-21ec-4f40-a48a-98cccaa8f738 user=bench@pangochain.test
2026-07-31T21:04:43.468+06:00  INFO 577218 --- [pangochain-backend] [io-8080-exec-30] c.p.backend.document.DocumentService     : ACL check: Layer1=PASS Layer2=PASS doc=7eb7b50a-21ec-4f40-a48a-98cccaa8f738 user=bench@pangochain.test
2026-07-31T21:04:43.468+06:00  INFO 577218 --- [pangochain-backend] [io-8080-exec-41] c.p.backend.document.DocumentService     : ACL check: Layer1=PASS Layer2=PASS doc=7eb7b50a-21ec-4f40-a48a-98cccaa8f738 user=bench@pangochain.test
2026-07-31T21:04:43.468+06:00  INFO 577218 --- [pangochain-backend] [nio-8080-exec-4] c.p.backend.document.DocumentService     : ACL check: Layer1=PASS Layer2=PASS doc=7eb7b50a-21ec-4f40-a48a-98cccaa8f738 user=bench@pangochain.test
2026-07-31T21:04:43.469+06:00  INFO 577218 --- [pangochain-backend] [io-8080-exec-23] c.p.backend.document.DocumentService     : ACL check: Layer1=PASS Layer2=PASS doc=7eb7b50a-21ec-4f40-a48a-98cccaa8f738 user=bench@pangochain.test
2026-07-31T21:04:43.469+06:00  INFO 577218 --- [pangochain-backend] [io-8080-exec-43] c.p.backend.document.DocumentService     : ACL check: Layer1=PASS Layer2=PASS doc=7eb7b50a-21ec-4f40-a48a-98cccaa8f738 user=bench@pangochain.test
2026-07-31T21:04:43.470+06:00  INFO 577218 --- [pangochain-backend] [io-8080-exec-40] c.pangochain.backend.ipfs.IpfsService    : Fetched 780 bytes from primary IPFS CID=QmdMbyBpoGFK1mURYDVGnjQ4AkNoJfnaBed6stWNVYy8rq
2026-07-31T21:04:43.470+06:00  INFO 577218 --- [pangochain-backend] [io-8080-exec-16] c.pangochain.backend.ipfs.IpfsService    : Fetched 780 bytes from primary IPFS CID=QmdMbyBpoGFK1mURYDVGnjQ4AkNoJfnaBed6stWNVYy8rq
2026-07-31T21:04:43.470+06:00  INFO 577218 --- [pangochain-backend] [io-8080-exec-41] c.pangochain.backend.ipfs.IpfsService    : Fetched 780 bytes from primary IPFS CID=QmdMbyBpoGFK1mURYDVGnjQ4AkNoJfnaBed6stWNVYy8rq
2026-07-31T21:04:43.470+06:00  INFO 577218 --- [pangochain-backend] [io-8080-exec-10] c.pangochain.backend.ipfs.IpfsService    : Fetched 780 bytes from primary IPFS CID=QmdMbyBpoGFK1mURYDVGnjQ4AkNoJfnaBed6stWNVYy8rq
2026-07-31T21:04:43.470+06:00  INFO 577218 --- [pangochain-backend] [io-8080-exec-35] c.p.backend.document.DocumentService     : ACL check: Layer1=PASS Layer2=PASS doc=7eb7b50a-21ec-4f40-a48a-98cccaa8f738 user=bench@pangochain.test
2026-07-31T21:04:43.470+06:00  INFO 577218 --- [pangochain-backend] [io-8080-exec-22] c.p.backend.document.DocumentService     : ACL check: Layer1=PASS Layer2=PASS doc=7eb7b50a-21ec-4f40-a48a-98cccaa8f738 user=bench@pangochain.test
2026-07-31T21:04:43.470+06:00  INFO 577218 --- [pangochain-backend] [io-8080-exec-32] c.p.backend.document.DocumentService     : ACL check: Layer1=PASS Layer2=PASS doc=7eb7b50a-21ec-4f40-a48a-98cccaa8f738 user=bench@pangochain.test
2026-07-31T21:04:43.470+06:00  INFO 577218 --- [pangochain-backend] [io-8080-exec-29] c.p.backend.document.DocumentService     : ACL check: Layer1=PASS Layer2=PASS doc=7eb7b50a-21ec-4f40-a48a-98cccaa8f738 user=bench@pangochain.test
2026-07-31T21:04:43.470+06:00  INFO 577218 --- [pangochain-backend] [nio-8080-exec-5] c.p.backend.document.DocumentService     : ACL check: Layer1=PASS Layer2=PASS doc=7eb7b50a-21ec-4f40-a48a-98cccaa8f738 user=bench@pangochain.test
2026-07-31T21:04:43.470+06:00  INFO 577218 --- [pangochain-backend] [nio-8080-exec-3] c.p.backend.document.DocumentService     : ACL check: Layer1=PASS Layer2=PASS doc=7eb7b50a-21ec-4f40-a48a-98cccaa8f738 user=bench@pangochain.test
2026-07-31T21:04:43.471+06:00  INFO 577218 --- [pangochain-backend] [nio-8080-exec-7] c.p.backend.document.DocumentService     : ACL check: Layer1=PASS Layer2=PASS doc=7eb7b50a-21ec-4f40-a48a-98cccaa8f738 user=bench@pangochain.test
2026-07-31T21:04:43.471+06:00  INFO 577218 --- [pangochain-backend] [io-8080-exec-17] c.p.backend.document.DocumentService     : ACL check: Layer1=PASS Layer2=PASS doc=7eb7b50a-21ec-4f40-a48a-98cccaa8f738 user=bench@pangochain.test
2026-07-31T21:04:43.471+06:00  INFO 577218 --- [pangochain-backend] [io-8080-exec-44] c.p.backend.document.DocumentService     : ACL check: Layer1=PASS Layer2=PASS doc=7eb7b50a-21ec-4f40-a48a-98cccaa8f738 user=bench@pangochain.test
2026-07-31T21:04:43.472+06:00  INFO 577218 --- [pangochain-backend] [io-8080-exec-30] c.pangochain.backend.ipfs.IpfsService    : Fetched 780 bytes from primary IPFS CID=QmdMbyBpoGFK1mURYDVGnjQ4AkNoJfnaBed6stWNVYy8rq
2026-07-31T21:04:43.472+06:00  INFO 577218 --- [pangochain-backend] [nio-8080-exec-4] c.pangochain.backend.ipfs.IpfsService    : Fetched 780 bytes from primary IPFS CID=QmdMbyBpoGFK1mURYDVGnjQ4AkNoJfnaBed6stWNVYy8rq
2026-07-31T21:04:43.473+06:00  INFO 577218 --- [pangochain-backend] [io-8080-exec-23] c.pangochain.backend.ipfs.IpfsService    : Fetched 780 bytes from primary IPFS CID=QmdMbyBpoGFK1mURYDVGnjQ4AkNoJfnaBed6stWNVYy8rq
2026-07-31T21:04:43.474+06:00  INFO 577218 --- [pangochain-backend] [nio-8080-exec-7] c.pangochain.backend.ipfs.IpfsService    : Fetched 780 bytes from primary IPFS CID=QmdMbyBpoGFK1mURYDVGnjQ4AkNoJfnaBed6stWNVYy8rq
2026-07-31T21:04:43.474+06:00  INFO 577218 --- [pangochain-backend] [nio-8080-exec-8] c.pangochain.backend.ipfs.IpfsService    : Fetched 780 bytes from primary IPFS CID=QmdMbyBpoGFK1mURYDVGnjQ4AkNoJfnaBed6stWNVYy8rq
2026-07-31T21:04:43.474+06:00  INFO 577218 --- [pangochain-backend] [io-8080-exec-35] c.pangochain.backend.ipfs.IpfsService    : Fetched 780 bytes from primary IPFS CID=QmdMbyBpoGFK1mURYDVGnjQ4AkNoJfnaBed6stWNVYy8rq
2026-07-31T21:04:43.474+06:00  INFO 577218 --- [pangochain-backend] [io-8080-exec-32] c.pangochain.backend.ipfs.IpfsService    : Fetched 780 bytes from primary IPFS CID=QmdMbyBpoGFK1mURYDVGnjQ4AkNoJfnaBed6stWNVYy8rq
2026-07-31T21:04:43.475+06:00  INFO 577218 --- [pangochain-backend] [io-8080-exec-22] c.pangochain.backend.ipfs.IpfsService    : Fetched 780 bytes from primary IPFS CID=QmdMbyBpoGFK1mURYDVGnjQ4AkNoJfnaBed6stWNVYy8rq
2026-07-31T21:04:43.475+06:00  INFO 577218 --- [pangochain-backend] [io-8080-exec-43] c.pangochain.backend.ipfs.IpfsService    : Fetched 780 bytes from primary IPFS CID=QmdMbyBpoGFK1mURYDVGnjQ4AkNoJfnaBed6stWNVYy8rq
2026-07-31T21:04:43.475+06:00  INFO 577218 --- [pangochain-backend] [nio-8080-exec-3] c.pangochain.backend.ipfs.IpfsService    : Fetched 780 bytes from primary IPFS CID=QmdMbyBpoGFK1mURYDVGnjQ4AkNoJfnaBed6stWNVYy8rq
2026-07-31T21:04:43.476+06:00  INFO 577218 --- [pangochain-backend] [nio-8080-exec-5] c.pangochain.backend.ipfs.IpfsService    : Fetched 780 bytes from primary IPFS CID=QmdMbyBpoGFK1mURYDVGnjQ4AkNoJfnaBed6stWNVYy8rq
2026-07-31T21:04:43.476+06:00  INFO 577218 --- [pangochain-backend] [io-8080-exec-44] c.pangochain.backend.ipfs.IpfsService    : Fetched 780 bytes from primary IPFS CID=QmdMbyBpoGFK1mURYDVGnjQ4AkNoJfnaBed6stWNVYy8rq
2026-07-31T21:04:43.476+06:00  INFO 577218 --- [pangochain-backend] [io-8080-exec-17] c.pangochain.backend.ipfs.IpfsService    : Fetched 780 bytes from primary IPFS CID=QmdMbyBpoGFK1mURYDVGnjQ4AkNoJfnaBed6stWNVYy8rq
2026-07-31T21:04:43.476+06:00  INFO 577218 --- [pangochain-backend] [io-8080-exec-29] c.pangochain.backend.ipfs.IpfsService    : Fetched 780 bytes from primary IPFS CID=QmdMbyBpoGFK1mURYDVGnjQ4AkNoJfnaBed6stWNVYy8rq
2026-07-31T21:04:43.476+06:00  INFO 577218 --- [pangochain-backend] [io-8080-exec-14] c.p.backend.document.DocumentService     : ACL check: Layer1=PASS Layer2=PASS doc=7eb7b50a-21ec-4f40-a48a-98cccaa8f738 user=bench@pangochain.test
2026-07-31T21:04:43.476+06:00  INFO 577218 --- [pangochain-backend] [io-8080-exec-45] c.p.backend.document.DocumentService     : ACL check: Layer1=PASS Layer2=PASS doc=7eb7b50a-21ec-4f40-a48a-98cccaa8f738 user=bench@pangochain.test
2026-07-31T21:04:43.477+06:00  INFO 577218 --- [pangochain-backend] [io-8080-exec-20] c.p.backend.document.DocumentService     : ACL check: Layer1=PASS Layer2=PASS doc=7eb7b50a-21ec-4f40-a48a-98cccaa8f738 user=bench@pangochain.test
2026-07-31T21:04:43.477+06:00  INFO 577218 --- [pangochain-backend] [nio-8080-exec-9] c.p.backend.document.DocumentService     : ACL check: Layer1=PASS Layer2=PASS doc=7eb7b50a-21ec-4f40-a48a-98cccaa8f738 user=bench@pangochain.test
2026-07-31T21:04:43.477+06:00  INFO 577218 --- [pangochain-backend] [io-8080-exec-12] c.p.backend.document.DocumentService     : ACL check: Layer1=PASS Layer2=PASS doc=7eb7b50a-21ec-4f40-a48a-98cccaa8f738 user=bench@pangochain.test
2026-07-31T21:04:43.477+06:00  INFO 577218 --- [pangochain-backend] [nio-8080-exec-6] c.p.backend.document.DocumentService     : ACL check: Layer1=PASS Layer2=PASS doc=7eb7b50a-21ec-4f40-a48a-98cccaa8f738 user=bench@pangochain.test
2026-07-31T21:04:43.477+06:00  INFO 577218 --- [pangochain-backend] [io-8080-exec-37] c.p.backend.document.DocumentService     : ACL check: Layer1=PASS Layer2=PASS doc=7eb7b50a-21ec-4f40-a48a-98cccaa8f738 user=bench@pangochain.test
2026-07-31T21:04:43.477+06:00  INFO 577218 --- [pangochain-backend] [nio-8080-exec-2] c.p.backend.document.DocumentService     : ACL check: Layer1=PASS Layer2=PASS doc=7eb7b50a-21ec-4f40-a48a-98cccaa8f738 user=bench@pangochain.test
2026-07-31T21:04:43.477+06:00  INFO 577218 --- [pangochain-backend] [io-8080-exec-31] c.p.backend.document.DocumentService     : ACL check: Layer1=PASS Layer2=PASS doc=7eb7b50a-21ec-4f40-a48a-98cccaa8f738 user=bench@pangochain.test
2026-07-31T21:04:43.478+06:00  INFO 577218 --- [pangochain-backend] [io-8080-exec-28] c.p.backend.document.DocumentService     : ACL check: Layer1=PASS Layer2=PASS doc=7eb7b50a-21ec-4f40-a48a-98cccaa8f738 user=bench@pangochain.test
2026-07-31T21:04:43.478+06:00  INFO 577218 --- [pangochain-backend] [io-8080-exec-45] c.pangochain.backend.ipfs.IpfsService    : Fetched 780 bytes from primary IPFS CID=QmdMbyBpoGFK1mURYDVGnjQ4AkNoJfnaBed6stWNVYy8rq
2026-07-31T21:04:43.479+06:00  INFO 577218 --- [pangochain-backend] [io-8080-exec-49] c.p.backend.document.DocumentService     : ACL check: Layer1=PASS Layer2=PASS doc=7eb7b50a-21ec-4f40-a48a-98cccaa8f738 user=bench@pangochain.test
2026-07-31T21:04:43.479+06:00  INFO 577218 --- [pangochain-backend] [nio-8080-exec-9] c.pangochain.backend.ipfs.IpfsService    : Fetched 780 bytes from primary IPFS CID=QmdMbyBpoGFK1mURYDVGnjQ4AkNoJfnaBed6stWNVYy8rq
2026-07-31T21:04:43.479+06:00  INFO 577218 --- [pangochain-backend] [io-8080-exec-14] c.pangochain.backend.ipfs.IpfsService    : Fetched 780 bytes from primary IPFS CID=QmdMbyBpoGFK1mURYDVGnjQ4AkNoJfnaBed6stWNVYy8rq
2026-07-31T21:04:43.479+06:00  INFO 577218 --- [pangochain-backend] [io-8080-exec-31] c.pangochain.backend.ipfs.IpfsService    : Fetched 780 bytes from primary IPFS CID=QmdMbyBpoGFK1mURYDVGnjQ4AkNoJfnaBed6stWNVYy8rq
2026-07-31T21:04:43.479+06:00  INFO 577218 --- [pangochain-backend] [io-8080-exec-12] c.pangochain.backend.ipfs.IpfsService    : Fetched 780 bytes from primary IPFS CID=QmdMbyBpoGFK1mURYDVGnjQ4AkNoJfnaBed6stWNVYy8rq
2026-07-31T21:04:43.480+06:00  INFO 577218 --- [pangochain-backend] [io-8080-exec-28] c.pangochain.backend.ipfs.IpfsService    : Fetched 780 bytes from primary IPFS CID=QmdMbyBpoGFK1mURYDVGnjQ4AkNoJfnaBed6stWNVYy8rq
2026-07-31T21:04:43.480+06:00  INFO 577218 --- [pangochain-backend] [io-8080-exec-20] c.pangochain.backend.ipfs.IpfsService    : Fetched 780 bytes from primary IPFS CID=QmdMbyBpoGFK1mURYDVGnjQ4AkNoJfnaBed6stWNVYy8rq
2026-07-31T21:04:43.480+06:00  INFO 577218 --- [pangochain-backend] [nio-8080-exec-6] c.pangochain.backend.ipfs.IpfsService    : Fetched 780 bytes from primary IPFS CID=QmdMbyBpoGFK1mURYDVGnjQ4AkNoJfnaBed6stWNVYy8rq
2026-07-31T21:04:43.481+06:00  INFO 577218 --- [pangochain-backend] [nio-8080-exec-2] c.pangochain.backend.ipfs.IpfsService    : Fetched 780 bytes from primary IPFS CID=QmdMbyBpoGFK1mURYDVGnjQ4AkNoJfnaBed6stWNVYy8rq
2026-07-31T21:04:43.481+06:00  INFO 577218 --- [pangochain-backend] [io-8080-exec-37] c.pangochain.backend.ipfs.IpfsService    : Fetched 780 bytes from primary IPFS CID=QmdMbyBpoGFK1mURYDVGnjQ4AkNoJfnaBed6stWNVYy8rq
2026-07-31T21:04:43.481+06:00  INFO 577218 --- [pangochain-backend] [io-8080-exec-49] c.pangochain.backend.ipfs.IpfsService    : Fetched 780 bytes from primary IPFS CID=QmdMbyBpoGFK1mURYDVGnjQ4AkNoJfnaBed6stWNVYy8rq
2026-07-31T21:04:43.482+06:00  INFO 577218 --- [pangochain-backend] [io-8080-exec-11] c.p.backend.document.DocumentService     : ACL check: Layer1=PASS Layer2=PASS doc=7eb7b50a-21ec-4f40-a48a-98cccaa8f738 user=bench@pangochain.test
2026-07-31T21:04:43.483+06:00  INFO 577218 --- [pangochain-backend] [io-8080-exec-11] c.pangochain.backend.ipfs.IpfsService    : Fetched 780 bytes from primary IPFS CID=QmdMbyBpoGFK1mURYDVGnjQ4AkNoJfnaBed6stWNVYy8rq
2026-07-31T21:04:43.697+06:00  INFO 577218 --- [pangochain-backend] [ionShutdownHook] o.s.m.s.b.SimpleBrokerMessageHandler     : Stopping...
2026-07-31T21:04:43.698+06:00  INFO 577218 --- [pangochain-backend] [ionShutdownHook] o.s.m.s.b.SimpleBrokerMessageHandler     : BrokerAvailabilityEvent[available=false, SimpleBrokerMessageHandler [org.springframework.messaging.simp.broker.DefaultSubscriptionRegistry@719554bd]]
2026-07-31T21:04:43.698+06:00  INFO 577218 --- [pangochain-backend] [ionShutdownHook] o.s.m.s.b.SimpleBrokerMessageHandler     : Stopped.
2026-07-31T21:04:43.953+06:00  INFO 577218 --- [pangochain-backend] [   async-task-5] c.p.b.blockchain.FabricGatewayService    : Fabric tx committed: fn=LogAuditEvent txId=5d4309de0a65b1c70fef238b6f0c5f69edd18d05b135407be2230e3507fbc1c7
2026-07-31T21:04:43.953+06:00  INFO 577218 --- [pangochain-backend] [   async-task-8] c.p.b.blockchain.FabricGatewayService    : Fabric tx committed: fn=LogAuditEvent txId=77ba4038b3a51e3595b98dfaadefa8bd5c08f13a91bbe89535335dcbd83e4926
2026-07-31T21:04:43.953+06:00  INFO 577218 --- [pangochain-backend] [   async-task-2] c.p.b.blockchain.FabricGatewayService    : Fabric tx committed: fn=LogAuditEvent txId=25551e11fd69ee47a486833c0f4ca6469651ef9039cb1f50e81d5bb0540fb0b1
2026-07-31T21:04:43.953+06:00  INFO 577218 --- [pangochain-backend] [   async-task-4] c.p.b.blockchain.FabricGatewayService    : Fabric tx committed: fn=LogAuditEvent txId=759ae91a5b2abbddaf458f73f8b7d9207af4695a2153e5e730c0c0adcd869ea2
2026-07-31T21:04:43.953+06:00  INFO 577218 --- [pangochain-backend] [   async-task-1] c.p.b.blockchain.FabricGatewayService    : Fabric tx committed: fn=LogAuditEvent txId=b78438c487d9e38a4c2fff7dcf65a6630b52b1a153e64b92c0aed70bc1fc033d
2026-07-31T21:04:43.953+06:00  INFO 577218 --- [pangochain-backend] [   async-task-3] c.p.b.blockchain.FabricGatewayService    : Fabric tx committed: fn=LogAuditEvent txId=992369f65e8372214fe5c4f28431dc862e4297d668e5cdd90a6c7b39e666e46f
2026-07-31T21:04:43.953+06:00  INFO 577218 --- [pangochain-backend] [   async-task-6] c.p.b.blockchain.FabricGatewayService    : Fabric tx committed: fn=LogAuditEvent txId=0f835d2b7a1f33703e3926989d071494bae035b4a38668d5e7f07e5d4a53aaa9
2026-07-31T21:04:43.953+06:00  INFO 577218 --- [pangochain-backend] [   async-task-7] c.p.b.blockchain.FabricGatewayService    : Fabric tx committed: fn=LogAuditEvent txId=2c2f3ed6a36c14d341d630d72a2bde4a5d64ef2f24199efeba4c2e0286643a82
2026-07-31T21:04:45.733+06:00  INFO 577218 --- [pangochain-backend] [ionShutdownHook] j.LocalContainerEntityManagerFactoryBean : Closing JPA EntityManagerFactory for persistence unit 'default'
2026-07-31T21:04:45.734+06:00  INFO 577218 --- [pangochain-backend] [ionShutdownHook] com.zaxxer.hikari.HikariDataSource       : HikariPool-1 - Shutdown initiated...
2026-07-31T21:04:45.740+06:00  INFO 577218 --- [pangochain-backend] [ionShutdownHook] com.zaxxer.hikari.HikariDataSource       : HikariPool-1 - Shutdown completed.
