mode,conc,sample,status,latency_ms
onpath,10,0,200,99.97
onpath,10,1,200,101.35
onpath,10,2,200,102.38
onpath,10,3,200,103.15
onpath,10,4,200,104.44
onpath,10,5,200,105.57
onpath,10,6,200,105.20
onpath,10,7,200,106.45
onpath,10,8,200,106.48
onpath,10,9,200,107.81
onpath,10,10,200,27.69
onpath,10,11,200,32.66
onpath,10,12,200,32.52
onpath,10,13,200,29.80
onpath,10,14,200,29.66
onpath,10,15,200,29.19
onpath,10,16,200,32.38
onpath,10,17,200,36.94
onpath,10,18,200,32.22
onpath,10,19,200,34.34
onpath,10,20,200,36.23
onpath,10,21,200,36.44
onpath,10,22,200,38.12
onpath,10,23,200,49.44
onpath,10,24,200,44.54
onpath,10,25,200,42.13
onpath,10,26,200,51.02
onpath,10,27,200,47.32
onpath,10,28,200,58.18
onpath,10,29,200,58.04
onpath,10,30,200,37.35
onpath,10,31,200,53.25
onpath,10,32,200,43.54
onpath,10,33,200,45.75
onpath,10,34,200,49.58
onpath,10,35,200,79.94
onpath,10,36,200,80.41
onpath,10,37,200,65.70
onpath,10,38,200,61.17
onpath,10,39,200,72.01
onpath,10,40,200,58.26
onpath,10,41,200,59.74
onpath,10,42,200,61.15
onpath,10,43,200,67.58
onpath,10,44,200,67.70
onpath,10,45,200,40.18
onpath,10,46,200,41.04
onpath,10,47,200,27.81
onpath,10,48,200,42.46
onpath,10,49,200,34.83
onpath,10,50,200,30.13
onpath,10,51,200,29.73
onpath,10,52,200,29.74
onpath,10,53,200,28.46
onpath,10,54,200,28.04
onpath,10,55,200,29.72
onpath,10,56,200,33.78
onpath,10,57,200,32.74
onpath,10,58,200,32.85
onpath,10,59,200,36.03
onpath,10,60,200,27.62
onpath,10,61,200,23.15
onpath,10,62,200,25.59
onpath,10,63,200,24.93
onpath,10,64,200,24.46
onpath,10,65,200,23.05
onpath,10,66,200,23.94
onpath,10,67,200,28.88
onpath,10,68,200,26.53
onpath,10,69,200,24.29
onpath,10,70,200,25.87
onpath,10,71,200,24.91
onpath,10,72,200,26.56
onpath,10,73,200,22.25
onpath,10,74,200,26.54
onpath,10,75,200,25.94
onpath,10,76,200,26.09
onpath,10,77,200,30.09
onpath,10,78,200,25.31
onpath,10,79,200,27.66
onpath,10,80,200,28.83
onpath,10,81,200,24.05
onpath,10,82,200,21.13
onpath,10,83,200,23.35
onpath,10,84,200,24.98
onpath,10,85,200,26.06
onpath,10,86,200,22.34
onpath,10,87,200,26.53
onpath,10,88,200,26.22
onpath,10,89,200,27.49
onpath,10,90,200,27.55
onpath,10,91,200,24.86
onpath,10,92,200,27.39
onpath,10,93,200,28.67
onpath,10,94,200,28.70
onpath,10,95,200,28.31
onpath,10,96,200,28.34
onpath,10,97,200,28.57
onpath,10,98,200,24.44
onpath,10,99,200,31.50
onpath,10,100,200,26.42
onpath,10,101,200,23.28
onpath,10,102,200,26.02
onpath,10,103,200,28.23
onpath,10,104,200,27.64
onpath,10,105,200,28.47
onpath,10,106,200,30.51
onpath,10,107,200,25.36
onpath,10,108,200,29.75
onpath,10,109,200,26.12
onpath,10,110,200,23.53
onpath,10,111,200,31.69
onpath,10,112,200,23.89
onpath,10,113,200,24.72
onpath,10,114,200,26.26
onpath,10,115,200,27.47
onpath,10,116,200,23.28
onpath,10,117,200,27.38
onpath,10,118,200,26.02
onpath,10,119,200,22.70
onpath,10,120,200,30.65
onpath,10,121,200,21.54
onpath,10,122,200,18.58
onpath,10,123,200,20.93
onpath,10,124,200,21.79
onpath,10,125,200,21.30
onpath,10,126,200,22.94
onpath,10,127,200,23.74
onpath,10,128,200,26.44
onpath,10,129,200,19.91
onpath,10,130,200,23.74
onpath,10,131,200,19.76
onpath,10,132,200,22.49
onpath,10,133,200,29.09
onpath,10,134,200,24.99
onpath,10,135,200,25.01
onpath,10,136,200,25.66
onpath,10,137,200,33.20
onpath,10,138,200,22.05
onpath,10,139,200,30.49
onpath,10,140,200,29.69
onpath,10,141,200,28.58
onpath,10,142,200,33.30
onpath,10,143,200,28.89
onpath,10,144,200,28.96
onpath,10,145,200,28.92
onpath,10,146,200,27.81
onpath,10,147,200,35.04
onpath,10,148,200,36.18
onpath,10,149,200,26.43
onpath,10,150,200,31.36
onpath,10,151,200,31.04
onpath,10,152,200,31.87
onpath,10,153,200,37.18
onpath,10,154,200,34.65
onpath,10,155,200,36.16
onpath,10,156,200,39.03
onpath,10,157,200,61.02
onpath,10,158,200,45.94
onpath,10,159,200,58.14
onpath,10,160,200,44.80
onpath,10,161,200,47.19
onpath,10,162,200,54.79
onpath,10,163,200,64.03
onpath,10,164,200,56.07
onpath,10,165,200,62.96
onpath,10,166,200,21.79
onpath,10,167,200,56.53
onpath,10,168,200,28.10
onpath,10,169,200,24.78
onpath,10,170,200,29.40
onpath,10,171,200,28.95
onpath,10,172,200,26.38
onpath,10,173,200,28.98
onpath,10,174,200,43.63
onpath,10,175,200,38.22
onpath,10,176,200,34.69
onpath,10,177,200,29.19
onpath,10,178,200,40.48
onpath,10,179,200,35.92
onpath,10,180,200,39.53
onpath,10,181,200,25.21
onpath,10,182,200,25.54
onpath,10,183,200,27.24
onpath,10,184,200,27.19
onpath,10,185,200,24.23
onpath,10,186,200,26.75
onpath,10,187,200,23.25
onpath,10,188,200,23.29
onpath,10,189,200,20.11
onpath,10,190,200,18.97
onpath,10,191,200,23.43
onpath,10,192,200,21.20
onpath,10,193,200,19.65
onpath,10,194,200,19.68
onpath,10,195,200,20.80
onpath,10,196,200,23.61
onpath,10,197,200,22.86
onpath,10,198,200,23.00
onpath,10,199,200,24.89
onpath,10,200,200,18.85
onpath,10,201,200,19.93
onpath,10,202,200,18.55
onpath,10,203,200,19.27
onpath,10,204,200,19.92
onpath,10,205,200,20.02
onpath,10,206,200,21.01
onpath,10,207,200,22.79
onpath,10,208,200,23.98
onpath,10,209,200,18.99
onpath,10,210,200,20.11
onpath,10,211,200,22.53
onpath,10,212,200,20.24
onpath,10,213,200,18.72
onpath,10,214,200,21.90
onpath,10,215,200,20.64
onpath,10,216,200,18.49
onpath,10,217,200,19.40
onpath,10,218,200,19.40
onpath,10,219,200,19.81
onpath,10,220,200,21.34
onpath,10,221,200,20.33
onpath,10,222,200,22.30
onpath,10,223,200,20.62
onpath,10,224,200,21.91
onpath,10,225,200,24.36
onpath,10,226,200,21.45
onpath,10,227,200,22.82
onpath,10,228,200,22.73
onpath,10,229,200,18.34
onpath,10,230,200,19.78
onpath,10,231,200,18.77
onpath,10,232,200,19.42
onpath,10,233,200,19.28
onpath,10,234,200,22.50
onpath,10,235,200,19.43
onpath,10,236,200,23.56
onpath,10,237,200,19.52
onpath,10,238,200,22.26
onpath,10,239,200,22.48
onpath,10,240,200,19.76
onpath,10,241,200,20.44
onpath,10,242,200,20.04
onpath,10,243,200,24.21
onpath,10,244,200,23.56
onpath,10,245,200,25.31
onpath,10,246,200,20.74
onpath,10,247,200,14.85
onpath,10,248,200,19.84
onpath,10,249,200,14.92
onpath,10,250,200,23.41
onpath,10,251,200,15.83
onpath,10,252,200,15.65
onpath,10,253,200,17.82
onpath,10,254,200,16.73
onpath,10,255,200,24.65
onpath,10,256,200,26.00
onpath,10,257,200,18.45
onpath,10,258,200,19.40
onpath,10,259,200,18.90
onpath,10,260,200,17.80
onpath,10,261,200,17.52
onpath,10,262,200,18.92
onpath,10,263,200,19.57
onpath,10,264,200,17.88
onpath,10,265,200,19.65
onpath,10,266,200,19.89
onpath,10,267,200,14.64
onpath,10,268,200,15.55
onpath,10,269,200,14.70
onpath,10,270,200,16.11
onpath,10,271,200,15.24
onpath,10,272,200,16.25
onpath,10,273,200,16.48
onpath,10,274,200,17.64
onpath,10,275,200,18.66
onpath,10,276,200,15.18
onpath,10,277,200,13.79
onpath,10,278,200,18.91
onpath,10,279,200,14.82
onpath,10,280,200,15.20
onpath,10,281,200,15.74
onpath,10,282,200,15.68
onpath,10,283,200,15.12
onpath,10,284,200,14.62
onpath,10,285,200,14.77
onpath,10,286,200,13.61
onpath,10,287,200,13.97
onpath,10,288,200,15.21
onpath,10,289,200,23.42
onpath,10,290,200,23.36
onpath,10,291,200,24.94
onpath,10,292,200,25.54
onpath,10,293,200,32.07
onpath,10,294,200,35.29
onpath,10,295,200,49.49
onpath,10,296,200,35.44
onpath,10,297,200,35.87
onpath,10,298,200,35.72
onpath,10,299,200,20.04
onpath,10,300,200,28.49
onpath,10,301,200,27.16
onpath,10,302,200,29.88
onpath,10,303,200,29.12
onpath,10,304,200,15.78
onpath,10,305,200,16.54
onpath,10,306,200,15.77
onpath,10,307,200,16.48
onpath,10,308,200,16.49
onpath,10,309,200,13.84
onpath,10,310,200,15.23
onpath,10,311,200,13.94
onpath,10,312,200,15.29
onpath,10,313,200,15.23
onpath,10,314,200,16.21
onpath,10,315,200,16.86
onpath,10,316,200,17.45
onpath,10,317,200,15.46
onpath,10,318,200,16.00
onpath,10,319,200,17.00
onpath,10,320,200,16.89
onpath,10,321,200,17.76
onpath,10,322,200,16.34
onpath,10,323,200,17.06
onpath,10,324,200,17.33
onpath,10,325,200,16.36
onpath,10,326,200,17.76
onpath,10,327,200,17.57
onpath,10,328,200,18.68
onpath,10,329,200,19.23
onpath,10,330,200,20.28
onpath,10,331,200,20.04
onpath,10,332,200,19.42
onpath,10,333,200,17.83
onpath,10,334,200,28.40
onpath,10,335,200,27.78
onpath,10,336,200,30.12
onpath,10,337,200,30.43
onpath,10,338,200,33.05
onpath,10,339,200,32.75
onpath,10,340,200,32.34
onpath,10,341,200,31.98
onpath,10,342,200,34.77
onpath,10,343,200,34.56
onpath,10,344,200,30.69
onpath,10,345,200,33.75
onpath,10,346,200,37.41
onpath,10,347,200,35.23
onpath,10,348,200,34.27
onpath,10,349,200,37.28
onpath,10,350,200,34.39
onpath,10,351,200,31.64
onpath,10,352,200,37.05
onpath,10,353,200,38.58
onpath,10,354,200,25.63
onpath,10,355,200,21.91
onpath,10,356,200,21.82
onpath,10,357,200,26.60
onpath,10,358,200,23.54
onpath,10,359,200,24.17
onpath,10,360,200,21.17
onpath,10,361,200,26.28
onpath,10,362,200,28.71
onpath,10,363,200,26.83
onpath,10,364,200,24.95
onpath,10,365,200,24.29
onpath,10,366,200,25.13
onpath,10,367,200,26.46
onpath,10,368,200,22.04
onpath,10,369,200,27.47
onpath,10,370,200,18.87
onpath,10,371,200,25.98
onpath,10,372,200,20.72
onpath,10,373,200,27.06
onpath,10,374,200,16.81
onpath,10,375,200,17.76
onpath,10,376,200,18.17
onpath,10,377,200,17.45
onpath,10,378,200,19.41
onpath,10,379,200,17.59
onpath,10,380,200,19.16
onpath,10,381,200,18.95
onpath,10,382,200,18.19
onpath,10,383,200,18.15
onpath,10,384,200,17.16
onpath,10,385,200,16.65
onpath,10,386,200,17.39
onpath,10,387,200,18.72
onpath,10,388,200,19.18
onpath,10,389,200,18.09
onpath,10,390,200,20.06
onpath,10,391,200,19.86
onpath,10,392,200,20.04
onpath,10,393,200,21.72
onpath,10,394,200,16.80
onpath,10,395,200,16.63
onpath,10,396,200,17.06
onpath,10,397,200,18.78
onpath,10,398,200,17.92
onpath,10,399,200,16.24
onpath,10,400,200,18.80
onpath,10,401,200,21.51
onpath,10,402,200,24.41
onpath,10,403,200,24.25
onpath,10,404,200,17.00
onpath,10,405,200,16.79
onpath,10,406,200,17.91
onpath,10,407,200,17.65
onpath,10,408,200,17.59
onpath,10,409,200,18.41
onpath,10,410,200,18.38
onpath,10,411,200,15.23
onpath,10,412,200,19.85
onpath,10,413,200,18.95
onpath,10,414,200,15.29
onpath,10,415,200,15.94
onpath,10,416,200,16.24
onpath,10,417,200,17.19
onpath,10,418,200,17.24
onpath,10,419,200,16.37
onpath,10,420,200,13.28
onpath,10,421,200,10.73
onpath,10,422,200,11.67
onpath,10,423,200,11.09
onpath,10,424,200,11.54
onpath,10,425,200,13.60
onpath,10,426,200,12.93
onpath,10,427,200,15.67
onpath,10,428,200,14.12
onpath,10,429,200,12.62
onpath,10,430,200,12.58
onpath,10,431,200,14.25
onpath,10,432,200,12.92
onpath,10,433,200,15.25
onpath,10,434,200,13.43
onpath,10,435,200,15.03
onpath,10,436,200,15.07
onpath,10,437,200,14.50
onpath,10,438,200,13.56
onpath,10,439,200,15.42
onpath,10,440,200,14.32
onpath,10,441,200,14.20
onpath,10,442,200,16.95
onpath,10,443,200,15.21
onpath,10,444,200,13.46
onpath,10,445,200,14.74
onpath,10,446,200,13.53
onpath,10,447,200,13.41
onpath,10,448,200,13.30
onpath,10,449,200,14.17
onpath,10,450,200,13.70
onpath,10,451,200,15.10
onpath,10,452,200,13.49
onpath,10,453,200,14.35
onpath,10,454,200,14.94
onpath,10,455,200,14.96
onpath,10,456,200,14.88
onpath,10,457,200,16.42
onpath,10,458,200,16.09
onpath,10,459,200,16.08
onpath,10,460,200,15.91
onpath,10,461,200,16.69
onpath,10,462,200,15.64
onpath,10,463,200,16.00
onpath,10,464,200,14.28
onpath,10,465,200,15.40
onpath,10,466,200,15.98
onpath,10,467,200,15.91
onpath,10,468,200,15.76
onpath,10,469,200,16.33
onpath,10,470,200,16.12
onpath,10,471,200,16.28
onpath,10,472,200,17.95
onpath,10,473,200,17.02
onpath,10,474,200,14.41
onpath,10,475,200,15.66
onpath,10,476,200,16.55
onpath,10,477,200,15.90
onpath,10,478,200,15.00
onpath,10,479,200,15.52
onpath,10,480,200,16.09
onpath,10,481,200,15.23
onpath,10,482,200,15.75
onpath,10,483,200,15.49
onpath,10,484,200,13.68
onpath,10,485,200,12.54
onpath,10,486,200,15.40
onpath,10,487,200,14.24
onpath,10,488,200,15.01
onpath,10,489,200,15.56
onpath,10,490,200,14.81
onpath,10,491,200,14.71
onpath,10,492,200,15.29
onpath,10,493,200,15.06
onpath,10,494,200,18.73
onpath,10,495,200,16.50
onpath,10,496,200,18.12
onpath,10,497,200,19.19
onpath,10,498,200,17.70
onpath,10,499,200,19.16
onpath,10,500,200,19.09
onpath,10,501,200,18.63
onpath,10,502,200,18.11
onpath,10,503,200,20.06
onpath,10,504,200,15.44
onpath,10,505,200,16.22
onpath,10,506,200,15.33
onpath,10,507,200,16.44
onpath,10,508,200,15.85
onpath,10,509,200,17.50
onpath,10,510,200,16.37
onpath,10,511,200,17.57
onpath,10,512,200,17.01
onpath,10,513,200,16.55
onpath,10,514,200,15.64
onpath,10,515,200,14.90
onpath,10,516,200,16.75
onpath,10,517,200,16.04
onpath,10,518,200,15.98
onpath,10,519,200,16.60
onpath,10,520,200,17.30
onpath,10,521,200,16.35
onpath,10,522,200,18.27
onpath,10,523,200,17.63
onpath,10,524,200,13.69
onpath,10,525,200,15.23
onpath,10,526,200,16.26
onpath,10,527,200,15.16
onpath,10,528,200,15.99
onpath,10,529,200,15.28
onpath,10,530,200,16.98
onpath,10,531,200,16.62
onpath,10,532,200,16.69
onpath,10,533,200,16.08
onpath,10,534,200,12.21
onpath,10,535,200,12.79
onpath,10,536,200,13.20
onpath,10,537,200,14.17
onpath,10,538,200,14.06
onpath,10,539,200,12.58
onpath,10,540,200,14.03
onpath,10,541,200,13.08
onpath,10,542,200,15.22
onpath,10,543,200,15.87
onpath,10,544,200,10.80
onpath,10,545,200,11.50
onpath,10,546,200,11.57
onpath,10,547,200,12.52
onpath,10,548,200,11.99
onpath,10,549,200,12.80
onpath,10,550,200,13.62
onpath,10,551,200,14.16
onpath,10,552,200,13.73
onpath,10,553,200,14.28
onpath,10,554,200,11.43
onpath,10,555,200,13.69
onpath,10,556,200,13.38
onpath,10,557,200,12.97
onpath,10,558,200,13.42
onpath,10,559,200,13.04
onpath,10,560,200,12.39
onpath,10,561,200,13.09
onpath,10,562,200,12.43
onpath,10,563,200,12.81
onpath,10,564,200,11.45
onpath,10,565,200,12.83
onpath,10,566,200,12.81
onpath,10,567,200,12.87
onpath,10,568,200,12.70
onpath,10,569,200,13.06
onpath,10,570,200,12.54
onpath,10,571,200,12.54
onpath,10,572,200,12.03
onpath,10,573,200,13.18
onpath,10,574,200,10.66
onpath,10,575,200,11.50
onpath,10,576,200,11.58
onpath,10,577,200,13.18
onpath,10,578,200,12.95
onpath,10,579,200,12.15
onpath,10,580,200,12.28
onpath,10,581,200,13.05
onpath,10,582,200,14.36
onpath,10,583,200,13.47
onpath,10,584,200,10.76
onpath,10,585,200,11.10
onpath,10,586,200,13.97
onpath,10,587,200,12.72
onpath,10,588,200,12.30
onpath,10,589,200,15.05
onpath,10,590,200,13.50
onpath,10,591,200,14.00
onpath,10,592,200,13.30
onpath,10,593,200,14.78
onpath,10,594,200,11.51
onpath,10,595,200,11.32
onpath,10,596,200,11.04
onpath,10,597,200,11.91
onpath,10,598,200,12.28
onpath,10,599,200,13.25
onpath,10,600,200,12.08
onpath,10,601,200,12.50
onpath,10,602,200,12.10
onpath,10,603,200,14.42
onpath,10,604,200,15.59
onpath,10,605,200,16.52
onpath,10,606,200,16.55
onpath,10,607,200,17.98
onpath,10,608,200,16.91
onpath,10,609,200,18.10
onpath,10,610,200,18.03
onpath,10,611,200,17.43
onpath,10,612,200,15.10
onpath,10,613,200,18.14
onpath,10,614,200,13.61
onpath,10,615,200,15.14
onpath,10,616,200,14.89
onpath,10,617,200,14.02
onpath,10,618,200,14.75
onpath,10,619,200,14.62
onpath,10,620,200,16.75
onpath,10,621,200,14.44
onpath,10,622,200,16.48
onpath,10,623,200,18.66
onpath,10,624,200,23.10
onpath,10,625,200,24.67
onpath,10,626,200,23.45
onpath,10,627,200,23.51
onpath,10,628,200,24.04
onpath,10,629,200,23.34
onpath,10,630,200,24.94
onpath,10,631,200,24.20
onpath,10,632,200,25.77
onpath,10,633,200,27.06
onpath,10,634,200,22.11
onpath,10,635,200,24.49
onpath,10,636,200,26.03
onpath,10,637,200,25.51
onpath,10,638,200,24.72
onpath,10,639,200,25.62
onpath,10,640,200,26.76
onpath,10,641,200,25.83
onpath,10,642,200,26.95
onpath,10,643,200,26.96
onpath,10,644,200,28.04
onpath,10,645,200,32.26
onpath,10,646,200,30.22
onpath,10,647,200,30.84
onpath,10,648,200,31.55
onpath,10,649,200,30.50
onpath,10,650,200,32.21
onpath,10,651,200,37.63
onpath,10,652,200,33.91
onpath,10,653,200,39.58
onpath,10,654,200,21.28
onpath,10,655,200,22.39
onpath,10,656,200,21.71
onpath,10,657,200,22.79
onpath,10,658,200,24.76
onpath,10,659,200,23.91
onpath,10,660,200,22.15
onpath,10,661,200,16.20
onpath,10,662,200,16.51
onpath,10,663,200,23.63
onpath,10,664,200,15.07
onpath,10,665,200,17.01
onpath,10,666,200,17.16
onpath,10,667,200,19.21
onpath,10,668,200,16.69
onpath,10,669,200,21.71
onpath,10,670,200,20.01
onpath,10,671,200,21.15
onpath,10,672,200,20.62
onpath,10,673,200,14.83
onpath,10,674,200,13.68
onpath,10,675,200,15.02
onpath,10,676,200,19.97
onpath,10,677,200,16.24
onpath,10,678,200,14.36
onpath,10,679,200,16.37
onpath,10,680,200,13.10
onpath,10,681,200,12.99
onpath,10,682,200,11.12
onpath,10,683,200,17.21
onpath,10,684,200,12.55
onpath,10,685,200,12.57
onpath,10,686,200,13.92
onpath,10,687,200,14.94
onpath,10,688,200,13.67
onpath,10,689,200,14.11
onpath,10,690,200,15.25
onpath,10,691,200,13.89
onpath,10,692,200,12.73
onpath,10,693,200,12.60
onpath,10,694,200,10.27
onpath,10,695,200,11.84
onpath,10,696,200,12.74
onpath,10,697,200,13.92
onpath,10,698,200,12.66
onpath,10,699,200,14.02
onpath,10,700,200,13.03
onpath,10,701,200,14.20
onpath,10,702,200,16.20
onpath,10,703,200,15.62
onpath,10,704,200,12.23
onpath,10,705,200,11.24
onpath,10,706,200,13.61
onpath,10,707,200,13.31
onpath,10,708,200,12.42
onpath,10,709,200,13.47
onpath,10,710,200,14.06
onpath,10,711,200,12.70
onpath,10,712,200,14.16
onpath,10,713,200,15.36
onpath,10,714,200,12.59
onpath,10,715,200,14.11
onpath,10,716,200,12.82
onpath,10,717,200,12.83
onpath,10,718,200,10.41
onpath,10,719,200,15.52
onpath,10,720,200,16.11
onpath,10,721,200,13.57
onpath,10,722,200,14.69
onpath,10,723,200,12.04
onpath,10,724,200,14.39
onpath,10,725,200,14.11
onpath,10,726,200,13.94
onpath,10,727,200,15.09
onpath,10,728,200,13.56
onpath,10,729,200,14.49
onpath,10,730,200,14.47
onpath,10,731,200,14.47
onpath,10,732,200,15.69
onpath,10,733,200,14.56
onpath,10,734,200,10.73
onpath,10,735,200,11.31
onpath,10,736,200,11.90
onpath,10,737,200,12.78
onpath,10,738,200,12.62
onpath,10,739,200,13.36
onpath,10,740,200,12.24
onpath,10,741,200,12.82
onpath,10,742,200,14.09
onpath,10,743,200,14.74
onpath,10,744,200,11.51
onpath,10,745,200,12.64
onpath,10,746,200,12.87
onpath,10,747,200,13.00
onpath,10,748,200,13.09
onpath,10,749,200,12.91
onpath,10,750,200,14.42
onpath,10,751,200,13.62
onpath,10,752,200,14.88
onpath,10,753,200,14.36
onpath,10,754,200,10.14
onpath,10,755,200,11.29
onpath,10,756,200,12.02
onpath,10,757,200,12.68
onpath,10,758,200,13.60
onpath,10,759,200,12.54
onpath,10,760,200,12.27
onpath,10,761,200,12.21
onpath,10,762,200,11.87
onpath,10,763,200,12.44
onpath,10,764,200,14.12
onpath,10,765,200,15.13
onpath,10,766,200,16.55
onpath,10,767,200,14.18
onpath,10,768,200,14.77
onpath,10,769,200,14.41
onpath,10,770,200,15.85
onpath,10,771,200,15.86
onpath,10,772,200,14.99
onpath,10,773,200,17.88
onpath,10,774,200,65.05
onpath,10,775,200,66.81
onpath,10,776,200,69.26
onpath,10,777,200,67.93
onpath,10,778,200,70.30
onpath,10,779,200,68.94
onpath,10,780,200,70.28
onpath,10,781,200,69.92
onpath,10,782,200,74.90
onpath,10,783,200,77.63
onpath,10,784,200,21.47
onpath,10,785,200,26.49
onpath,10,786,200,17.08
onpath,10,787,200,29.56
onpath,10,788,200,24.91
onpath,10,789,200,27.08
onpath,10,790,200,27.94
onpath,10,791,200,20.77
onpath,10,792,200,27.55
onpath,10,793,200,28.43
onpath,10,794,200,17.00
onpath,10,795,200,15.69
onpath,10,796,200,15.43
onpath,10,797,200,18.17
onpath,10,798,200,16.39
onpath,10,799,200,19.71
onpath,10,800,200,14.99
onpath,10,801,200,15.79
onpath,10,802,200,17.81
onpath,10,803,200,15.27
onpath,10,804,200,12.92
onpath,10,805,200,13.64
onpath,10,806,200,11.71
onpath,10,807,200,11.38
onpath,10,808,200,15.12
onpath,10,809,200,13.57
onpath,10,810,200,11.54
onpath,10,811,200,14.93
onpath,10,812,200,12.13
onpath,10,813,200,15.56
onpath,10,814,200,12.13
onpath,10,815,200,13.04
onpath,10,816,200,12.65
onpath,10,817,200,13.50
onpath,10,818,200,14.07
onpath,10,819,200,13.51
onpath,10,820,200,14.86
onpath,10,821,200,14.37
onpath,10,822,200,14.40
onpath,10,823,200,12.34
onpath,10,824,200,11.09
onpath,10,825,200,12.71
onpath,10,826,200,11.62
onpath,10,827,200,12.67
onpath,10,828,200,11.95
onpath,10,829,200,13.52
onpath,10,830,200,12.17
onpath,10,831,200,13.15
onpath,10,832,200,12.36
onpath,10,833,200,12.29
onpath,10,834,200,10.06
onpath,10,835,200,10.18
onpath,10,836,200,10.71
onpath,10,837,200,11.40
onpath,10,838,200,11.90
onpath,10,839,200,13.35
onpath,10,840,200,13.09
onpath,10,841,200,11.42
onpath,10,842,200,13.20
onpath,10,843,200,11.74
onpath,10,844,200,11.61
onpath,10,845,200,10.43
onpath,10,846,200,11.02
onpath,10,847,200,12.22
onpath,10,848,200,12.27
onpath,10,849,200,13.70
onpath,10,850,200,11.50
onpath,10,851,200,12.74
onpath,10,852,200,13.64
onpath,10,853,200,12.92
onpath,10,854,200,11.12
onpath,10,855,200,11.72
onpath,10,856,200,13.45
onpath,10,857,200,14.09
onpath,10,858,200,12.46
onpath,10,859,200,11.95
onpath,10,860,200,13.21
onpath,10,861,200,13.85
onpath,10,862,200,13.19
onpath,10,863,200,13.83
onpath,10,864,200,10.84
onpath,10,865,200,11.53
onpath,10,866,200,11.33
onpath,10,867,200,12.23
onpath,10,868,200,11.42
onpath,10,869,200,11.68
onpath,10,870,200,13.03
onpath,10,871,200,12.49
onpath,10,872,200,12.19
onpath,10,873,200,13.56
onpath,10,874,200,10.72
onpath,10,875,200,10.66
onpath,10,876,200,12.35
onpath,10,877,200,11.79
onpath,10,878,200,11.54
onpath,10,879,200,12.65
onpath,10,880,200,9.80
onpath,10,881,200,12.23
onpath,10,882,200,11.95
onpath,10,883,200,12.94
onpath,10,884,200,10.76
onpath,10,885,200,11.33
onpath,10,886,200,11.65
onpath,10,887,200,12.21
onpath,10,888,200,12.52
onpath,10,889,200,11.34
onpath,10,890,200,11.62
onpath,10,891,200,12.46
onpath,10,892,200,13.28
onpath,10,893,200,12.21
onpath,10,894,200,11.26
onpath,10,895,200,12.54
onpath,10,896,200,11.47
onpath,10,897,200,11.78
onpath,10,898,200,12.56
onpath,10,899,200,12.63
onpath,10,900,200,13.07
onpath,10,901,200,12.86
onpath,10,902,200,13.57
onpath,10,903,200,12.95
onpath,10,904,200,10.78
onpath,10,905,200,11.79
onpath,10,906,200,10.78
onpath,10,907,200,10.47
onpath,10,908,200,11.80
onpath,10,909,200,12.40
onpath,10,910,200,11.28
onpath,10,911,200,11.60
onpath,10,912,200,12.14
onpath,10,913,200,12.57
onpath,10,914,200,10.71
onpath,10,915,200,9.99
onpath,10,916,200,10.13
onpath,10,917,200,11.15
onpath,10,918,200,10.85
onpath,10,919,200,11.71
onpath,10,920,200,10.24
onpath,10,921,200,11.62
onpath,10,922,200,10.81
onpath,10,923,200,11.21
onpath,10,924,200,11.36
onpath,10,925,200,11.75
onpath,10,926,200,13.01
onpath,10,927,200,12.85
onpath,10,928,200,12.52
onpath,10,929,200,11.88
onpath,10,930,200,12.65
onpath,10,931,200,12.55
onpath,10,932,200,12.96
onpath,10,933,200,13.53
onpath,10,934,200,17.31
onpath,10,935,200,17.11
onpath,10,936,200,17.65
onpath,10,937,200,18.72
onpath,10,938,200,17.52
onpath,10,939,200,16.54
onpath,10,940,200,16.95
onpath,10,941,200,17.35
onpath,10,942,200,17.98
onpath,10,943,200,17.90
onpath,10,944,200,13.36
onpath,10,945,200,12.62
onpath,10,946,200,13.56
onpath,10,947,200,13.99
onpath,10,948,200,13.44
onpath,10,949,200,13.77
onpath,10,950,200,15.40
onpath,10,951,200,15.21
onpath,10,952,200,14.61
onpath,10,953,200,14.16
onpath,10,954,200,12.12
onpath,10,955,200,11.68
onpath,10,956,200,13.70
onpath,10,957,200,14.64
onpath,10,958,200,14.23
onpath,10,959,200,14.26
onpath,10,960,200,14.92
onpath,10,961,200,14.51
onpath,10,962,200,15.76
onpath,10,963,200,16.75
onpath,10,964,200,13.46
onpath,10,965,200,11.07
onpath,10,966,200,11.20
onpath,10,967,200,12.01
onpath,10,968,200,11.22
onpath,10,969,200,13.03
onpath,10,970,200,11.97
onpath,10,971,200,14.42
onpath,10,972,200,11.71
onpath,10,973,200,14.78
onpath,10,974,200,10.21
onpath,10,975,200,10.95
onpath,10,976,200,11.43
onpath,10,977,200,12.38
onpath,10,978,200,16.01
onpath,10,979,200,17.05
onpath,10,980,200,16.77
onpath,10,981,200,16.74
onpath,10,982,200,17.30
onpath,10,983,200,14.32
onpath,10,984,200,13.39
onpath,10,985,200,12.51
onpath,10,986,200,13.45
onpath,10,987,200,12.16
onpath,10,988,200,18.20
onpath,10,989,200,13.05
onpath,10,990,200,16.04
onpath,10,991,200,15.16
onpath,10,992,200,17.26
onpath,10,993,200,16.33
onpath,10,994,200,15.16
onpath,10,995,200,14.48
onpath,10,996,200,13.95
onpath,10,997,200,12.53
onpath,10,998,200,11.49
onpath,10,999,200,13.75
onpath,50,0,200,21.62
onpath,50,1,200,22.47
onpath,50,2,200,23.19
onpath,50,3,200,23.81
onpath,50,4,200,28.49
onpath,50,5,200,30.97
onpath,50,6,200,32.87
onpath,50,7,200,34.36
onpath,50,8,200,38.00
onpath,50,9,200,38.55
onpath,50,10,200,39.85
onpath,50,11,200,40.36
onpath,50,12,200,45.53
onpath,50,13,200,45.75
onpath,50,14,200,52.78
onpath,50,15,200,54.42
onpath,50,16,200,58.23
onpath,50,17,200,58.69
onpath,50,18,200,59.27
onpath,50,19,200,59.42
onpath,50,20,200,59.74
onpath,50,21,200,59.66
onpath,50,22,200,62.29
onpath,50,23,200,62.37
onpath,50,24,200,64.42
onpath,50,25,200,65.79
onpath,50,26,200,66.02
onpath,50,27,200,67.13
onpath,50,28,200,67.67
onpath,50,29,200,68.44
onpath,50,30,200,74.09
onpath,50,31,200,74.72
onpath,50,32,200,79.30
onpath,50,33,200,80.82
onpath,50,34,200,82.23
onpath,50,35,200,82.64
onpath,50,36,200,84.38
onpath,50,37,200,85.01
onpath,50,38,200,85.86
onpath,50,39,200,86.28
onpath,50,40,200,86.39
onpath,50,41,200,86.97
onpath,50,42,200,87.19
onpath,50,43,200,87.68
onpath,50,44,200,86.81
onpath,50,45,200,87.16
onpath,50,46,200,88.73
onpath,50,47,200,51.00
onpath,50,48,200,88.50
onpath,50,49,200,87.95
onpath,50,50,200,58.62
onpath,50,51,200,61.55
onpath,50,52,200,89.47
onpath,50,53,200,67.30
onpath,50,54,200,68.29
onpath,50,55,200,44.86
onpath,50,56,200,42.68
onpath,50,57,200,73.20
onpath,50,58,200,38.08
onpath,50,59,200,38.68
onpath,50,60,200,60.74
onpath,50,61,200,34.85
onpath,50,62,200,41.62
onpath,50,63,200,82.25
onpath,50,64,200,49.90
onpath,50,65,200,46.48
onpath,50,66,200,71.40
onpath,50,67,200,47.90
onpath,50,68,200,67.70
onpath,50,69,200,69.18
onpath,50,70,200,64.31
onpath,50,71,200,55.93
onpath,50,72,200,90.27
onpath,50,73,200,60.81
onpath,50,74,200,67.71
onpath,50,75,200,57.95
onpath,50,76,200,59.90
onpath,50,77,200,61.21
onpath,50,78,200,59.24
onpath,50,79,200,60.09
onpath,50,80,200,53.87
onpath,50,81,200,52.95
onpath,50,82,200,52.68
onpath,50,83,200,35.88
onpath,50,84,200,45.62
onpath,50,85,200,61.77
onpath,50,86,200,74.52
onpath,50,87,200,72.70
onpath,50,88,200,73.14
onpath,50,89,200,79.74
onpath,50,90,200,70.77
onpath,50,91,200,51.98
onpath,50,92,200,73.38
onpath,50,93,200,71.51
onpath,50,94,200,71.97
onpath,50,95,200,75.03
onpath,50,96,200,74.92
onpath,50,97,200,73.36
onpath,50,98,200,68.13
onpath,50,99,200,63.49
onpath,50,100,200,78.93
onpath,50,101,200,76.12
onpath,50,102,200,75.77
onpath,50,103,200,74.74
onpath,50,104,200,94.92
onpath,50,105,200,83.57
onpath,50,106,200,84.59
onpath,50,107,200,62.13
onpath,50,108,200,56.83
onpath,50,109,200,105.05
onpath,50,110,200,105.09
onpath,50,111,200,89.04
onpath,50,112,200,62.65
onpath,50,113,200,106.08
onpath,50,114,200,96.86
onpath,50,115,200,69.84
onpath,50,116,200,89.20
onpath,50,117,200,87.21
onpath,50,118,200,74.94
onpath,50,119,200,98.17
onpath,50,120,200,70.40
onpath,50,121,200,95.53
onpath,50,122,200,75.30
onpath,50,123,200,80.11
onpath,50,124,200,83.87
onpath,50,125,200,44.16
onpath,50,126,200,118.83
onpath,50,127,200,83.24
onpath,50,128,200,85.77
onpath,50,129,200,130.89
onpath,50,130,200,120.64
onpath,50,131,200,92.62
onpath,50,132,200,97.77
onpath,50,133,200,139.81
onpath,50,134,200,95.44
onpath,50,135,200,65.07
onpath,50,136,200,63.58
onpath,50,137,200,69.59
onpath,50,138,200,71.54
onpath,50,139,200,74.72
onpath,50,140,200,74.81
onpath,50,141,200,72.68
onpath,50,142,200,72.20
onpath,50,143,200,76.07
onpath,50,144,200,76.94
onpath,50,145,200,76.12
onpath,50,146,200,76.52
onpath,50,147,200,151.42
onpath,50,148,200,77.12
onpath,50,149,200,48.53
onpath,50,150,200,65.56
onpath,50,151,200,88.37
onpath,50,152,200,56.81
onpath,50,153,200,57.52
onpath,50,154,200,57.06
onpath,50,155,200,58.22
onpath,50,156,200,53.46
onpath,50,157,200,75.81
onpath,50,158,200,95.19
onpath,50,159,200,57.34
onpath,50,160,200,73.21
onpath,50,161,200,56.19
onpath,50,162,200,53.24
onpath,50,163,200,71.96
onpath,50,164,200,65.85
onpath,50,165,200,72.89
onpath,50,166,200,67.52
onpath,50,167,200,68.10
onpath,50,168,200,51.97
onpath,50,169,200,96.09
onpath,50,170,200,28.99
onpath,50,171,200,73.68
onpath,50,172,200,75.16
onpath,50,173,200,89.54
onpath,50,174,200,87.66
onpath,50,175,200,77.96
onpath,50,176,200,56.48
onpath,50,177,200,120.29
onpath,50,178,200,46.68
onpath,50,179,200,55.67
onpath,50,180,200,58.69
onpath,50,181,200,131.76
onpath,50,182,200,91.13
onpath,50,183,200,62.47
onpath,50,184,200,43.46
onpath,50,185,200,72.80
onpath,50,186,200,58.52
onpath,50,187,200,56.92
onpath,50,188,200,94.21
onpath,50,189,200,75.94
onpath,50,190,200,101.94
onpath,50,191,200,58.31
onpath,50,192,200,77.16
onpath,50,193,200,59.14
onpath,50,194,200,60.83
onpath,50,195,200,44.95
onpath,50,196,200,59.52
onpath,50,197,200,60.21
onpath,50,198,200,76.55
onpath,50,199,200,62.92
onpath,50,200,200,77.58
onpath,50,201,200,45.56
onpath,50,202,200,66.17
onpath,50,203,200,42.61
onpath,50,204,200,46.68
onpath,50,205,200,45.01
onpath,50,206,200,40.99
onpath,50,207,200,34.96
onpath,50,208,200,37.98
onpath,50,209,200,54.43
onpath,50,210,200,79.93
onpath,50,211,200,40.79
onpath,50,212,200,42.59
onpath,50,213,200,49.16
onpath,50,214,200,38.76
onpath,50,215,200,44.87
onpath,50,216,200,53.96
onpath,50,217,200,44.38
onpath,50,218,200,40.93
onpath,50,219,200,41.21
onpath,50,220,200,40.74
onpath,50,221,200,39.01
onpath,50,222,200,37.29
onpath,50,223,200,36.81
onpath,50,224,200,49.29
onpath,50,225,200,48.21
onpath,50,226,200,43.18
onpath,50,227,200,34.52
onpath,50,228,200,37.33
onpath,50,229,200,35.20
onpath,50,230,200,34.30
onpath,50,231,200,38.93
onpath,50,232,200,38.64
onpath,50,233,200,53.49
onpath,50,234,200,38.69
onpath,50,235,200,35.45
onpath,50,236,200,37.14
onpath,50,237,200,39.45
onpath,50,238,200,39.50
onpath,50,239,200,40.32
onpath,50,240,200,41.17
onpath,50,241,200,38.48
onpath,50,242,200,42.82
onpath,50,243,200,41.33
onpath,50,244,200,43.94
onpath,50,245,200,42.80
onpath,50,246,200,47.89
onpath,50,247,200,40.00
onpath,50,248,200,55.75
onpath,50,249,200,53.43
onpath,50,250,200,53.26
onpath,50,251,200,58.69
onpath,50,252,200,44.04
onpath,50,253,200,60.91
onpath,50,254,200,61.40
onpath,50,255,200,61.48
onpath,50,256,200,48.68
onpath,50,257,200,44.24
onpath,50,258,200,64.35
onpath,50,259,200,64.46
onpath,50,260,200,50.73
onpath,50,261,200,34.22
onpath,50,262,200,60.43
onpath,50,263,200,62.14
onpath,50,264,200,48.15
onpath,50,265,200,61.93
onpath,50,266,200,40.08
onpath,50,267,200,53.44
onpath,50,268,200,59.62
onpath,50,269,200,68.08
onpath,50,270,200,50.65
onpath,50,271,200,74.96
onpath,50,272,200,45.05
onpath,50,273,200,57.36
onpath,50,274,200,44.14
onpath,50,275,200,46.49
onpath,50,276,200,42.23
onpath,50,277,200,50.75
onpath,50,278,200,65.37
onpath,50,279,200,42.76
onpath,50,280,200,44.08
onpath,50,281,200,45.22
onpath,50,282,200,69.45
onpath,50,283,200,56.89
onpath,50,284,200,59.07
onpath,50,285,200,26.70
onpath,50,286,200,49.56
onpath,50,287,200,47.21
onpath,50,288,200,35.46
onpath,50,289,200,56.10
onpath,50,290,200,58.24
onpath,50,291,200,45.72
onpath,50,292,200,55.74
onpath,50,293,200,66.51
onpath,50,294,200,59.76
onpath,50,295,200,66.31
onpath,50,296,200,59.92
onpath,50,297,200,35.82
onpath,50,298,200,47.53
onpath,50,299,200,62.40
onpath,50,300,200,66.37
onpath,50,301,200,49.03
onpath,50,302,200,43.86
onpath,50,303,200,51.33
onpath,50,304,200,40.11
onpath,50,305,200,37.83
onpath,50,306,200,43.62
onpath,50,307,200,43.72
onpath,50,308,200,51.22
onpath,50,309,200,42.45
onpath,50,310,200,42.01
onpath,50,311,200,55.27
onpath,50,312,200,46.37
onpath,50,313,200,56.46
onpath,50,314,200,49.28
onpath,50,315,200,49.17
onpath,50,316,200,46.83
onpath,50,317,200,49.20
onpath,50,318,200,43.60
onpath,50,319,200,57.58
onpath,50,320,200,50.76
onpath,50,321,200,53.90
onpath,50,322,200,57.55
onpath,50,323,200,44.34
onpath,50,324,200,50.41
onpath,50,325,200,44.39
onpath,50,326,200,52.78
onpath,50,327,200,64.20
onpath,50,328,200,43.64
onpath,50,329,200,55.01
onpath,50,330,200,55.43
onpath,50,331,200,47.48
onpath,50,332,200,62.78
onpath,50,333,200,63.02
onpath,50,334,200,46.24
onpath,50,335,200,49.87
onpath,50,336,200,48.39
onpath,50,337,200,64.51
onpath,50,338,200,58.85
onpath,50,339,200,49.67
onpath,50,340,200,48.12
onpath,50,341,200,51.67
onpath,50,342,200,74.46
onpath,50,343,200,83.45
onpath,50,344,200,83.47
onpath,50,345,200,59.39
onpath,50,346,200,85.91
onpath,50,347,200,65.01
onpath,50,348,200,62.06
onpath,50,349,200,74.71
onpath,50,350,200,58.58
onpath,50,351,200,62.50
onpath,50,352,200,48.16
onpath,50,353,200,61.83
onpath,50,354,200,67.84
onpath,50,355,200,59.35
onpath,50,356,200,69.53
onpath,50,357,200,55.93
onpath,50,358,200,72.08
onpath,50,359,200,62.85
onpath,50,360,200,61.48
onpath,50,361,200,42.38
onpath,50,362,200,48.33
onpath,50,363,200,71.84
onpath,50,364,200,48.98
onpath,50,365,200,55.47
onpath,50,366,200,50.50
onpath,50,367,200,51.01
onpath,50,368,200,49.40
onpath,50,369,200,62.56
onpath,50,370,200,54.92
onpath,50,371,200,53.52
onpath,50,372,200,70.86
onpath,50,373,200,61.99
onpath,50,374,200,74.83
onpath,50,375,200,59.72
onpath,50,376,200,39.78
onpath,50,377,200,41.79
onpath,50,378,200,58.84
onpath,50,379,200,66.87
onpath,50,380,200,40.81
onpath,50,381,200,53.70
onpath,50,382,200,28.93
onpath,50,383,200,73.50
onpath,50,384,200,53.80
onpath,50,385,200,40.10
onpath,50,386,200,59.55
onpath,50,387,200,53.00
onpath,50,388,200,98.87
onpath,50,389,200,80.61
onpath,50,390,200,53.51
onpath,50,391,200,61.21
onpath,50,392,200,49.44
onpath,50,393,200,58.57
onpath,50,394,200,41.07
onpath,50,395,200,42.99
onpath,50,396,200,44.37
onpath,50,397,200,73.87
onpath,50,398,200,75.43
onpath,50,399,200,64.13
onpath,50,400,200,69.28
onpath,50,401,200,56.09
onpath,50,402,200,57.85
onpath,50,403,200,37.12
onpath,50,404,200,53.94
onpath,50,405,200,64.71
onpath,50,406,200,59.71
onpath,50,407,200,62.88
onpath,50,408,200,84.87
onpath,50,409,200,68.10
onpath,50,410,200,49.92
onpath,50,411,200,69.53
onpath,50,412,200,70.93
onpath,50,413,200,58.90
onpath,50,414,200,63.00
onpath,50,415,200,71.96
onpath,50,416,200,87.10
onpath,50,417,200,43.32
onpath,50,418,200,74.88
onpath,50,419,200,34.22
onpath,50,420,200,61.00
onpath,50,421,200,54.57
onpath,50,422,200,54.86
onpath,50,423,200,79.60
onpath,50,424,200,65.64
onpath,50,425,200,67.40
onpath,50,426,200,109.79
onpath,50,427,200,70.42
onpath,50,428,200,52.52
onpath,50,429,200,97.07
onpath,50,430,200,72.70
onpath,50,431,200,83.39
onpath,50,432,200,103.51
onpath,50,433,200,84.90
onpath,50,434,200,69.64
onpath,50,435,200,99.45
onpath,50,436,200,54.64
onpath,50,437,200,102.54
onpath,50,438,200,91.94
onpath,50,439,200,92.38
onpath,50,440,200,76.32
onpath,50,441,200,77.57
onpath,50,442,200,109.65
onpath,50,443,200,73.03
onpath,50,444,200,93.76
onpath,50,445,200,55.89
onpath,50,446,200,126.55
onpath,50,447,200,55.93
onpath,50,448,200,65.91
onpath,50,449,200,124.31
onpath,50,450,200,109.15
onpath,50,451,200,74.38
onpath,50,452,200,68.85
onpath,50,453,200,54.41
onpath,50,454,200,71.58
onpath,50,455,200,58.54
onpath,50,456,200,51.12
onpath,50,457,200,96.04
onpath,50,458,200,68.40
onpath,50,459,200,32.41
onpath,50,460,200,43.24
onpath,50,461,200,37.11
onpath,50,462,200,57.47
onpath,50,463,200,65.86
onpath,50,464,200,80.52
onpath,50,465,200,58.39
onpath,50,466,200,45.99
onpath,50,467,200,68.23
onpath,50,468,200,100.65
onpath,50,469,200,53.71
onpath,50,470,200,92.77
onpath,50,471,200,73.10
onpath,50,472,200,75.84
onpath,50,473,200,74.12
onpath,50,474,200,106.79
onpath,50,475,200,34.06
onpath,50,476,200,46.41
onpath,50,477,200,46.99
onpath,50,478,200,52.68
onpath,50,479,200,39.52
onpath,50,480,200,38.50
onpath,50,481,200,54.15
onpath,50,482,200,85.10
onpath,50,483,200,90.33
onpath,50,484,200,56.05
onpath,50,485,200,60.33
onpath,50,486,200,117.03
onpath,50,487,200,118.55
onpath,50,488,200,120.90
onpath,50,489,200,96.79
onpath,50,490,200,71.83
onpath,50,491,200,90.93
onpath,50,492,200,72.77
onpath,50,493,200,76.52
onpath,50,494,200,80.71
onpath,50,495,200,57.71
onpath,50,496,200,66.58
onpath,50,497,200,117.50
onpath,50,498,200,72.07
onpath,50,499,200,121.80
onpath,50,500,200,122.96
onpath,50,501,200,70.91
onpath,50,502,200,64.01
onpath,50,503,200,54.13
onpath,50,504,200,78.26
onpath,50,505,200,74.02
onpath,50,506,200,59.91
onpath,50,507,200,69.30
onpath,50,508,200,139.92
onpath,50,509,200,57.74
onpath,50,510,200,56.22
onpath,50,511,200,72.08
onpath,50,512,200,73.70
onpath,50,513,200,61.55
onpath,50,514,200,50.59
onpath,50,515,200,56.49
onpath,50,516,200,60.90
onpath,50,517,200,60.23
onpath,50,518,200,62.32
onpath,50,519,200,86.40
onpath,50,520,200,88.81
onpath,50,521,200,63.91
onpath,50,522,200,64.61
onpath,50,523,200,84.08
onpath,50,524,200,87.89
onpath,50,525,200,86.97
onpath,50,526,200,65.01
onpath,50,527,200,78.06
onpath,50,528,200,103.97
onpath,50,529,200,75.98
onpath,50,530,200,71.05
onpath,50,531,200,97.72
onpath,50,532,200,58.98
onpath,50,533,200,88.27
onpath,50,534,200,76.34
onpath,50,535,200,41.26
onpath,50,536,200,73.85
onpath,50,537,200,83.96
onpath,50,538,200,75.74
onpath,50,539,200,53.40
onpath,50,540,200,85.90
onpath,50,541,200,43.82
onpath,50,542,200,83.07
onpath,50,543,200,32.13
onpath,50,544,200,79.79
onpath,50,545,200,61.25
onpath,50,546,200,41.65
onpath,50,547,200,62.13
onpath,50,548,200,68.27
onpath,50,549,200,89.56
onpath,50,550,200,51.59
onpath,50,551,200,46.02
onpath,50,552,200,47.91
onpath,50,553,200,72.63
onpath,50,554,200,45.09
onpath,50,555,200,56.02
onpath,50,556,200,132.46
onpath,50,557,200,53.93
onpath,50,558,200,79.82
onpath,50,559,200,62.67
onpath,50,560,200,35.01
onpath,50,561,200,41.86
onpath,50,562,200,37.58
onpath,50,563,200,33.10
onpath,50,564,200,53.54
onpath,50,565,200,35.94
onpath,50,566,200,61.47
onpath,50,567,200,60.16
onpath,50,568,200,75.73
onpath,50,569,200,44.87
onpath,50,570,200,87.11
onpath,50,571,200,65.39
onpath,50,572,200,36.54
onpath,50,573,200,63.42
onpath,50,574,200,56.87
onpath,50,575,200,47.27
onpath,50,576,200,80.61
onpath,50,577,200,63.89
onpath,50,578,200,79.69
onpath,50,579,200,136.64
onpath,50,580,200,53.36
onpath,50,581,200,78.57
onpath,50,582,200,43.81
onpath,50,583,200,94.40
onpath,50,584,200,58.57
onpath,50,585,200,52.33
onpath,50,586,200,49.16
onpath,50,587,200,63.05
onpath,50,588,200,45.83
onpath,50,589,200,80.71
onpath,50,590,200,64.07
onpath,50,591,200,63.58
onpath,50,592,200,84.07
onpath,50,593,200,59.46
onpath,50,594,200,73.86
onpath,50,595,200,35.03
onpath,50,596,200,61.05
onpath,50,597,200,96.91
onpath,50,598,200,52.64
onpath,50,599,200,52.10
onpath,50,600,200,66.14
onpath,50,601,200,69.03
onpath,50,602,200,57.37
onpath,50,603,200,63.52
onpath,50,604,200,52.68
onpath,50,605,200,49.20
onpath,50,606,200,54.12
onpath,50,607,200,33.33
onpath,50,608,200,46.67
onpath,50,609,200,34.35
onpath,50,610,200,26.45
onpath,50,611,200,36.84
onpath,50,612,200,51.40
onpath,50,613,200,38.84
onpath,50,614,200,37.14
onpath,50,615,200,37.57
onpath,50,616,200,28.30
onpath,50,617,200,36.75
onpath,50,618,200,39.48
onpath,50,619,200,36.89
onpath,50,620,200,38.01
onpath,50,621,200,37.99
onpath,50,622,200,42.66
onpath,50,623,200,38.71
onpath,50,624,200,44.79
onpath,50,625,200,46.15
onpath,50,626,200,26.66
onpath,50,627,200,27.34
onpath,50,628,200,28.43
onpath,50,629,200,41.37
onpath,50,630,200,37.18
onpath,50,631,200,35.29
onpath,50,632,200,29.58
onpath,50,633,200,25.77
onpath,50,634,200,42.86
onpath,50,635,200,39.66
onpath,50,636,200,37.35
onpath,50,637,200,41.58
onpath,50,638,200,40.59
onpath,50,639,200,41.83
onpath,50,640,200,45.86
onpath,50,641,200,39.59
onpath,50,642,200,38.54
onpath,50,643,200,48.62
onpath,50,644,200,45.38
onpath,50,645,200,46.17
onpath,50,646,200,39.76
onpath,50,647,200,51.81
onpath,50,648,200,47.48
onpath,50,649,200,42.61
onpath,50,650,200,48.04
onpath,50,651,200,55.94
onpath,50,652,200,45.83
onpath,50,653,200,54.78
onpath,50,654,200,45.59
onpath,50,655,200,57.93
onpath,50,656,200,47.45
onpath,50,657,200,56.01
onpath,50,658,200,52.85
onpath,50,659,200,53.24
onpath,50,660,200,51.09
onpath,50,661,200,46.13
onpath,50,662,200,52.46
onpath,50,663,200,54.41
onpath,50,664,200,60.69
onpath,50,665,200,52.50
onpath,50,666,200,54.86
onpath,50,667,200,56.19
onpath,50,668,200,59.49
onpath,50,669,200,51.78
onpath,50,670,200,52.07
onpath,50,671,200,44.56
onpath,50,672,200,61.70
onpath,50,673,200,63.81
onpath,50,674,200,27.66
onpath,50,675,200,72.94
onpath,50,676,200,49.68
onpath,50,677,200,61.48
onpath,50,678,200,37.07
onpath,50,679,200,43.35
onpath,50,680,200,59.43
onpath,50,681,200,60.39
onpath,50,682,200,75.98
onpath,50,683,200,34.88
onpath,50,684,200,69.02
onpath,50,685,200,85.67
onpath,50,686,200,82.38
onpath,50,687,200,84.97
onpath,50,688,200,36.42
onpath,50,689,200,38.90
onpath,50,690,200,35.20
onpath,50,691,200,51.13
onpath,50,692,200,36.10
onpath,50,693,200,55.33
onpath,50,694,200,45.08
onpath,50,695,200,49.14
onpath,50,696,200,41.28
onpath,50,697,200,81.32
onpath,50,698,200,48.68
onpath,50,699,200,52.36
onpath,50,700,200,47.25
onpath,50,701,200,47.67
onpath,50,702,200,64.71
onpath,50,703,200,50.08
onpath,50,704,200,49.34
onpath,50,705,200,52.06
onpath,50,706,200,56.17
onpath,50,707,200,61.54
onpath,50,708,200,38.50
onpath,50,709,200,45.96
onpath,50,710,200,40.40
onpath,50,711,200,54.00
onpath,50,712,200,51.75
onpath,50,713,200,55.19
onpath,50,714,200,64.89
onpath,50,715,200,58.18
onpath,50,716,200,61.72
onpath,50,717,200,39.99
onpath,50,718,200,58.18
onpath,50,719,200,58.30
onpath,50,720,200,60.71
onpath,50,721,200,62.28
onpath,50,722,200,46.63
onpath,50,723,200,55.70
onpath,50,724,200,57.73
onpath,50,725,200,41.05
onpath,50,726,200,37.37
onpath,50,727,200,43.25
onpath,50,728,200,68.29
onpath,50,729,200,38.01
onpath,50,730,200,44.40
onpath,50,731,200,44.41
onpath,50,732,200,34.16
onpath,50,733,200,42.40
onpath,50,734,200,49.37
onpath,50,735,200,55.87
onpath,50,736,200,41.37
onpath,50,737,200,57.31
onpath,50,738,200,69.36
onpath,50,739,200,56.43
onpath,50,740,200,38.97
onpath,50,741,200,61.37
onpath,50,742,200,56.39
onpath,50,743,200,48.20
onpath,50,744,200,61.89
onpath,50,745,200,40.20
onpath,50,746,200,51.56
onpath,50,747,200,42.24
onpath,50,748,200,49.99
onpath,50,749,200,68.37
onpath,50,750,200,38.46
onpath,50,751,200,58.50
onpath,50,752,200,47.92
onpath,50,753,200,54.20
onpath,50,754,200,50.06
onpath,50,755,200,53.99
onpath,50,756,200,43.58
onpath,50,757,200,76.16
onpath,50,758,200,72.86
onpath,50,759,200,102.34
onpath,50,760,200,62.95
onpath,50,761,200,69.30
onpath,50,762,200,67.70
onpath,50,763,200,70.21
onpath,50,764,200,68.49
onpath,50,765,200,55.82
onpath,50,766,200,45.80
onpath,50,767,200,71.66
onpath,50,768,200,72.95
onpath,50,769,200,68.36
onpath,50,770,200,72.06
onpath,50,771,200,44.21
onpath,50,772,200,64.53
onpath,50,773,200,71.36
onpath,50,774,200,76.80
onpath,50,775,200,52.31
onpath,50,776,200,69.58
onpath,50,777,200,81.44
onpath,50,778,200,67.36
onpath,50,779,200,68.93
onpath,50,780,200,67.95
onpath,50,781,200,60.97
onpath,50,782,200,84.45
onpath,50,783,200,61.61
onpath,50,784,200,83.63
onpath,50,785,200,69.17
onpath,50,786,200,56.90
onpath,50,787,200,82.83
onpath,50,788,200,63.06
onpath,50,789,200,69.46
onpath,50,790,200,87.59
onpath,50,791,200,81.01
onpath,50,792,200,87.33
onpath,50,793,200,66.44
onpath,50,794,200,61.05
onpath,50,795,200,67.52
onpath,50,796,200,63.22
onpath,50,797,200,89.04
onpath,50,798,200,102.40
onpath,50,799,200,79.51
onpath,50,800,200,95.98
onpath,50,801,200,56.68
onpath,50,802,200,58.92
onpath,50,803,200,45.03
onpath,50,804,200,53.83
onpath,50,805,200,53.35
onpath,50,806,200,106.84
onpath,50,807,200,99.54
onpath,50,808,200,105.85
onpath,50,809,200,84.15
onpath,50,810,200,79.69
onpath,50,811,200,118.42
onpath,50,812,200,78.87
onpath,50,813,200,80.13
onpath,50,814,200,135.94
onpath,50,815,200,86.78
onpath,50,816,200,144.00
onpath,50,817,200,107.66
onpath,50,818,200,113.21
onpath,50,819,200,117.17
onpath,50,820,200,87.96
onpath,50,821,200,66.24
onpath,50,822,200,99.65
onpath,50,823,200,88.06
onpath,50,824,200,61.56
onpath,50,825,200,89.65
onpath,50,826,200,111.59
onpath,50,827,200,118.27
onpath,50,828,200,81.62
onpath,50,829,200,55.16
onpath,50,830,200,90.67
onpath,50,831,200,91.12
onpath,50,832,200,88.50
onpath,50,833,200,91.93
onpath,50,834,200,113.63
onpath,50,835,200,91.75
onpath,50,836,200,83.10
onpath,50,837,200,112.47
onpath,50,838,200,67.46
onpath,50,839,200,105.70
onpath,50,840,200,73.24
onpath,50,841,200,45.31
onpath,50,842,200,105.10
onpath,50,843,200,99.89
onpath,50,844,200,59.42
onpath,50,845,200,80.65
onpath,50,846,200,115.47
onpath,50,847,200,116.04
onpath,50,848,200,116.45
onpath,50,849,200,111.70
onpath,50,850,200,117.72
onpath,50,851,200,82.84
onpath,50,852,200,73.16
onpath,50,853,200,116.23
onpath,50,854,200,61.29
onpath,50,855,200,71.58
onpath,50,856,200,87.83
onpath,50,857,200,33.49
onpath,50,858,200,34.37
onpath,50,859,200,144.63
onpath,50,860,200,35.50
onpath,50,861,200,136.55
onpath,50,862,200,36.49
onpath,50,863,200,78.30
onpath,50,864,200,49.41
onpath,50,865,200,92.34
onpath,50,866,200,41.53
onpath,50,867,200,31.84
onpath,50,868,200,58.15
onpath,50,869,200,57.10
onpath,50,870,200,50.83
onpath,50,871,200,58.64
onpath,50,872,200,146.97
onpath,50,873,200,60.68
onpath,50,874,200,54.02
onpath,50,875,200,63.36
onpath,50,876,200,66.61
onpath,50,877,200,64.06
onpath,50,878,200,64.60
onpath,50,879,200,99.44
onpath,50,880,200,40.13
onpath,50,881,200,67.69
onpath,50,882,200,69.25
onpath,50,883,200,68.35
onpath,50,884,200,69.43
onpath,50,885,200,69.89
onpath,50,886,200,58.26
onpath,50,887,200,65.18
onpath,50,888,200,71.28
onpath,50,889,200,35.43
onpath,50,890,200,72.96
onpath,50,891,200,75.89
onpath,50,892,200,52.37
onpath,50,893,200,52.19
onpath,50,894,200,63.96
onpath,50,895,200,43.58
onpath,50,896,200,46.50
onpath,50,897,200,60.66
onpath,50,898,200,55.47
onpath,50,899,200,46.27
onpath,50,900,200,97.80
onpath,50,901,200,72.58
onpath,50,902,200,62.81
onpath,50,903,200,40.93
onpath,50,904,200,71.87
onpath,50,905,200,42.52
onpath,50,906,200,69.17
onpath,50,907,200,69.62
onpath,50,908,200,70.99
onpath,50,909,200,97.61
onpath,50,910,200,185.41
onpath,50,911,200,70.32
onpath,50,912,200,46.86
onpath,50,913,200,70.84
onpath,50,914,200,66.05
onpath,50,915,200,96.42
onpath,50,916,200,41.39
onpath,50,917,200,63.36
onpath,50,918,200,40.88
onpath,50,919,200,42.07
onpath,50,920,200,40.16
onpath,50,921,200,40.51
onpath,50,922,200,34.62
onpath,50,923,200,41.11
onpath,50,924,200,46.91
onpath,50,925,200,35.82
onpath,50,926,200,30.65
onpath,50,927,200,41.60
onpath,50,928,200,41.35
onpath,50,929,200,37.99
onpath,50,930,200,40.52
onpath,50,931,200,47.54
onpath,50,932,200,53.59
onpath,50,933,200,39.54
onpath,50,934,200,44.04
onpath,50,935,200,44.09
onpath,50,936,200,51.33
onpath,50,937,200,55.26
onpath,50,938,200,56.01
onpath,50,939,200,71.13
onpath,50,940,200,71.24
onpath,50,941,200,67.10
onpath,50,942,200,69.25
onpath,50,943,200,40.21
onpath,50,944,200,43.56
onpath,50,945,200,44.29
onpath,50,946,200,73.79
onpath,50,947,200,45.65
onpath,50,948,200,65.34
onpath,50,949,200,46.76
onpath,50,950,200,47.87
onpath,50,951,200,47.15
onpath,50,952,200,45.70
onpath,50,953,200,57.85
onpath,50,954,200,65.52
onpath,50,955,200,79.48
onpath,50,956,200,46.87
onpath,50,957,200,48.12
onpath,50,958,200,46.45
onpath,50,959,200,46.26
onpath,50,960,200,49.29
onpath,50,961,200,50.21
onpath,50,962,200,51.65
onpath,50,963,200,50.66
onpath,50,964,200,59.14
onpath,50,965,200,61.73
onpath,50,966,200,54.33
onpath,50,967,200,62.21
onpath,50,968,200,50.88
onpath,50,969,200,63.46
onpath,50,970,200,64.75
onpath,50,971,200,63.92
onpath,50,972,200,63.37
onpath,50,973,200,58.22
onpath,50,974,200,66.70
onpath,50,975,200,58.22
onpath,50,976,200,42.70
onpath,50,977,200,43.54
onpath,50,978,200,47.37
onpath,50,979,200,75.75
onpath,50,980,200,44.60
onpath,50,981,200,44.26
onpath,50,982,200,61.57
onpath,50,983,200,43.62
onpath,50,984,200,55.27
onpath,50,985,200,61.67
onpath,50,986,200,62.34
onpath,50,987,200,52.30
onpath,50,988,200,28.47
onpath,50,989,200,39.65
onpath,50,990,200,74.70
onpath,50,991,200,36.47
onpath,50,992,200,30.10
onpath,50,993,200,36.81
onpath,50,994,200,32.22
onpath,50,995,200,37.92
onpath,50,996,200,33.21
onpath,50,997,200,39.00
onpath,50,998,200,32.81
onpath,50,999,200,31.98
auditlog,10,0,200,63.54
auditlog,10,1,200,65.06
auditlog,10,2,200,66.83
auditlog,10,3,200,67.00
auditlog,10,4,200,68.08
auditlog,10,5,200,68.52
auditlog,10,6,200,68.86
auditlog,10,7,200,68.89
auditlog,10,8,200,69.93
auditlog,10,9,200,69.62
auditlog,10,10,200,27.81
auditlog,10,11,200,25.97
auditlog,10,12,200,30.05
auditlog,10,13,200,26.61
auditlog,10,14,200,35.74
auditlog,10,15,200,32.42
auditlog,10,16,200,33.81
auditlog,10,17,200,35.66
auditlog,10,18,200,32.47
auditlog,10,19,200,53.55
auditlog,10,20,200,27.85
auditlog,10,21,200,37.74
auditlog,10,22,200,32.77
auditlog,10,23,200,40.15
auditlog,10,24,200,31.47
auditlog,10,25,200,40.05
auditlog,10,26,200,40.63
auditlog,10,27,200,41.87
auditlog,10,28,200,39.87
auditlog,10,29,200,31.81
auditlog,10,30,200,27.16
auditlog,10,31,200,26.44
auditlog,10,32,200,26.24
auditlog,10,33,200,33.83
auditlog,10,34,200,29.50
auditlog,10,35,200,25.33
auditlog,10,36,200,28.62
auditlog,10,37,200,39.61
auditlog,10,38,200,44.06
auditlog,10,39,200,31.63
auditlog,10,40,200,25.64
auditlog,10,41,200,27.92
auditlog,10,42,200,25.95
auditlog,10,43,200,20.26
auditlog,10,44,200,23.52
auditlog,10,45,200,34.52
auditlog,10,46,200,30.27
auditlog,10,47,200,26.14
auditlog,10,48,200,42.26
auditlog,10,49,200,19.19
auditlog,10,50,200,23.50
auditlog,10,51,200,33.47
auditlog,10,52,200,41.78
auditlog,10,53,200,38.67
auditlog,10,54,200,44.24
auditlog,10,55,200,36.01
auditlog,10,56,200,36.14
auditlog,10,57,200,48.64
auditlog,10,58,200,39.99
auditlog,10,59,200,48.60
auditlog,10,60,200,32.20
auditlog,10,61,200,61.77
auditlog,10,62,200,35.89
auditlog,10,63,200,45.13
auditlog,10,64,200,99.13
auditlog,10,65,200,106.31
auditlog,10,66,200,120.47
auditlog,10,67,200,131.19
auditlog,10,68,200,118.59
auditlog,10,69,200,142.47
auditlog,10,70,200,116.21
auditlog,10,71,200,149.46
auditlog,10,72,200,129.08
auditlog,10,73,200,60.12
auditlog,10,74,200,76.79
auditlog,10,75,200,33.91
auditlog,10,76,200,143.13
auditlog,10,77,200,26.23
auditlog,10,78,200,36.87
auditlog,10,79,200,39.35
auditlog,10,80,200,30.22
auditlog,10,81,200,27.28
auditlog,10,82,200,36.14
auditlog,10,83,200,23.62
auditlog,10,84,200,29.96
auditlog,10,85,200,23.95
auditlog,10,86,200,25.49
auditlog,10,87,200,25.53
auditlog,10,88,200,24.80
auditlog,10,89,200,24.30
auditlog,10,90,200,25.14
auditlog,10,91,200,22.11
auditlog,10,92,200,18.74
auditlog,10,93,200,26.45
auditlog,10,94,200,19.00
auditlog,10,95,200,17.42
auditlog,10,96,200,28.85
auditlog,10,97,200,27.74
auditlog,10,98,200,19.57
auditlog,10,99,200,17.70
auditlog,10,100,200,20.61
auditlog,10,101,200,21.37
auditlog,10,102,200,22.11
auditlog,10,103,200,25.23
auditlog,10,104,200,26.36
auditlog,10,105,200,28.85
auditlog,10,106,200,23.40
auditlog,10,107,200,16.99
auditlog,10,108,200,18.48
auditlog,10,109,200,26.19
auditlog,10,110,200,22.99
auditlog,10,111,200,28.02
auditlog,10,112,200,28.04
auditlog,10,113,200,19.91
auditlog,10,114,200,25.46
auditlog,10,115,200,23.54
auditlog,10,116,200,24.81
auditlog,10,117,200,22.10
auditlog,10,118,200,24.59
auditlog,10,119,200,20.38
auditlog,10,120,200,16.75
auditlog,10,121,200,25.41
auditlog,10,122,200,19.60
auditlog,10,123,200,24.02
auditlog,10,124,200,16.46
auditlog,10,125,200,20.63
auditlog,10,126,200,16.39
auditlog,10,127,200,17.73
auditlog,10,128,200,18.80
auditlog,10,129,200,24.83
auditlog,10,130,200,19.05
auditlog,10,131,200,27.42
auditlog,10,132,200,21.49
auditlog,10,133,200,28.46
auditlog,10,134,200,24.18
auditlog,10,135,200,17.21
auditlog,10,136,200,17.88
auditlog,10,137,200,17.44
auditlog,10,138,200,17.17
auditlog,10,139,200,19.33
auditlog,10,140,200,17.20
auditlog,10,141,200,21.18
auditlog,10,142,200,20.53
auditlog,10,143,200,18.42
auditlog,10,144,200,25.42
auditlog,10,145,200,21.73
auditlog,10,146,200,27.18
auditlog,10,147,200,32.34
auditlog,10,148,200,33.28
auditlog,10,149,200,40.57
auditlog,10,150,200,43.74
auditlog,10,151,200,46.26
auditlog,10,152,200,63.80
auditlog,10,153,200,122.20
auditlog,10,154,200,103.10
auditlog,10,155,200,118.79
auditlog,10,156,200,104.73
auditlog,10,157,200,142.87
auditlog,10,158,200,114.97
auditlog,10,159,200,101.69
auditlog,10,160,200,80.02
auditlog,10,161,200,141.77
auditlog,10,162,200,122.56
auditlog,10,163,200,29.07
auditlog,10,164,200,24.08
auditlog,10,165,200,21.92
auditlog,10,166,200,22.60
auditlog,10,167,200,15.78
auditlog,10,168,200,15.86
auditlog,10,169,200,21.76
auditlog,10,170,200,19.61
auditlog,10,171,200,25.29
auditlog,10,172,200,25.26
auditlog,10,173,200,16.11
auditlog,10,174,200,19.25
auditlog,10,175,200,18.16
auditlog,10,176,200,19.63
auditlog,10,177,200,18.42
auditlog,10,178,200,18.07
auditlog,10,179,200,20.33
auditlog,10,180,200,26.56
auditlog,10,181,200,19.18
auditlog,10,182,200,19.95
auditlog,10,183,200,19.11
auditlog,10,184,200,29.72
auditlog,10,185,200,20.97
auditlog,10,186,200,20.65
auditlog,10,187,200,24.67
auditlog,10,188,200,34.94
auditlog,10,189,200,17.18
auditlog,10,190,200,20.16
auditlog,10,191,200,29.44
auditlog,10,192,200,13.74
auditlog,10,193,200,14.94
auditlog,10,194,200,15.77
auditlog,10,195,200,23.18
auditlog,10,196,200,23.34
auditlog,10,197,200,24.07
auditlog,10,198,200,26.23
auditlog,10,199,200,26.55
auditlog,10,200,200,26.56
auditlog,10,201,200,26.42
auditlog,10,202,200,21.99
auditlog,10,203,200,21.73
auditlog,10,204,200,15.72
auditlog,10,205,200,15.26
auditlog,10,206,200,13.97
auditlog,10,207,200,12.68
auditlog,10,208,200,30.62
auditlog,10,209,200,20.17
auditlog,10,210,200,17.91
auditlog,10,211,200,17.27
auditlog,10,212,200,19.85
auditlog,10,213,200,21.65
auditlog,10,214,200,25.64
auditlog,10,215,200,25.66
auditlog,10,216,200,14.49
auditlog,10,217,200,17.20
auditlog,10,218,200,17.97
auditlog,10,219,200,39.97
auditlog,10,220,200,42.09
auditlog,10,221,200,33.53
auditlog,10,222,200,24.26
auditlog,10,223,200,17.66
auditlog,10,224,200,31.44
auditlog,10,225,200,14.87
auditlog,10,226,200,21.46
auditlog,10,227,200,25.44
auditlog,10,228,200,26.29
auditlog,10,229,200,25.44
auditlog,10,230,200,37.04
auditlog,10,231,200,27.66
auditlog,10,232,200,66.26
auditlog,10,233,200,101.53
auditlog,10,234,200,134.71
auditlog,10,235,200,119.98
auditlog,10,236,200,83.50
auditlog,10,237,200,42.02
auditlog,10,238,200,145.14
auditlog,10,239,200,130.80
auditlog,10,240,200,133.29
auditlog,10,241,200,143.49
auditlog,10,242,200,129.91
auditlog,10,243,200,140.44
auditlog,10,244,200,24.35
auditlog,10,245,200,19.13
auditlog,10,246,200,21.05
auditlog,10,247,200,25.95
auditlog,10,248,200,21.87
auditlog,10,249,200,25.56
auditlog,10,250,200,25.02
auditlog,10,251,200,17.65
auditlog,10,252,200,26.99
auditlog,10,253,200,17.17
auditlog,10,254,200,29.46
auditlog,10,255,200,14.43
auditlog,10,256,200,14.45
auditlog,10,257,200,20.68
auditlog,10,258,200,15.02
auditlog,10,259,200,18.09
auditlog,10,260,200,14.74
auditlog,10,261,200,10.66
auditlog,10,262,200,12.29
auditlog,10,263,200,13.41
auditlog,10,264,200,12.78
auditlog,10,265,200,13.47
auditlog,10,266,200,15.07
auditlog,10,267,200,13.15
auditlog,10,268,200,14.23
auditlog,10,269,200,13.64
auditlog,10,270,200,14.38
auditlog,10,271,200,12.05
auditlog,10,272,200,15.75
auditlog,10,273,200,20.48
auditlog,10,274,200,12.68
auditlog,10,275,200,19.54
auditlog,10,276,200,12.29
auditlog,10,277,200,10.89
auditlog,10,278,200,11.24
auditlog,10,279,200,11.89
auditlog,10,280,200,14.78
auditlog,10,281,200,16.04
auditlog,10,282,200,11.31
auditlog,10,283,200,13.15
auditlog,10,284,200,14.10
auditlog,10,285,200,13.61
auditlog,10,286,200,15.71
auditlog,10,287,200,12.50
auditlog,10,288,200,10.73
auditlog,10,289,200,17.03
auditlog,10,290,200,12.88
auditlog,10,291,200,11.80
auditlog,10,292,200,10.30
auditlog,10,293,200,13.78
auditlog,10,294,200,15.00
auditlog,10,295,200,17.09
auditlog,10,296,200,22.72
auditlog,10,297,200,22.22
auditlog,10,298,200,18.11
auditlog,10,299,200,12.03
auditlog,10,300,200,16.12
auditlog,10,301,200,12.06
auditlog,10,302,200,14.31
auditlog,10,303,200,12.50
auditlog,10,304,200,12.72
auditlog,10,305,200,14.84
auditlog,10,306,200,14.00
auditlog,10,307,200,15.92
auditlog,10,308,200,16.16
auditlog,10,309,200,10.13
auditlog,10,310,200,12.43
auditlog,10,311,200,16.85
auditlog,10,312,200,12.95
auditlog,10,313,200,12.64
auditlog,10,314,200,14.19
auditlog,10,315,200,20.05
auditlog,10,316,200,16.37
auditlog,10,317,200,12.09
auditlog,10,318,200,17.82
auditlog,10,319,200,9.95
auditlog,10,320,200,17.30
auditlog,10,321,200,18.06
auditlog,10,322,200,14.67
auditlog,10,323,200,11.08
auditlog,10,324,200,20.67
auditlog,10,325,200,18.04
auditlog,10,326,200,14.14
auditlog,10,327,200,13.11
auditlog,10,328,200,19.38
auditlog,10,329,200,12.71
auditlog,10,330,200,13.67
auditlog,10,331,200,14.78
auditlog,10,332,200,11.94
auditlog,10,333,200,17.59
auditlog,10,334,200,15.45
auditlog,10,335,200,15.96
auditlog,10,336,200,16.37
auditlog,10,337,200,21.52
auditlog,10,338,200,18.04
auditlog,10,339,200,17.69
auditlog,10,340,200,20.24
auditlog,10,341,200,25.25
auditlog,10,342,200,10.62
auditlog,10,343,200,12.47
auditlog,10,344,200,11.94
auditlog,10,345,200,12.48
auditlog,10,346,200,19.09
auditlog,10,347,200,12.14
auditlog,10,348,200,14.69
auditlog,10,349,200,16.18
auditlog,10,350,200,14.69
auditlog,10,351,200,16.12
auditlog,10,352,200,18.40
auditlog,10,353,200,27.43
auditlog,10,354,200,19.15
auditlog,10,355,200,16.26
auditlog,10,356,200,22.76
auditlog,10,357,200,25.20
auditlog,10,358,200,30.31
auditlog,10,359,200,35.69
auditlog,10,360,200,58.31
auditlog,10,361,200,51.70
auditlog,10,362,200,57.95
auditlog,10,363,200,83.36
auditlog,10,364,200,88.36
auditlog,10,365,200,97.69
auditlog,10,366,200,112.12
auditlog,10,367,200,88.47
auditlog,10,368,200,126.35
auditlog,10,369,200,101.37
auditlog,10,370,200,81.27
auditlog,10,371,200,21.81
auditlog,10,372,200,60.33
auditlog,10,373,200,82.09
auditlog,10,374,200,86.12
auditlog,10,375,200,28.08
auditlog,10,376,200,17.24
auditlog,10,377,200,53.83
auditlog,10,378,200,42.80
auditlog,10,379,200,17.13
auditlog,10,380,200,16.29
auditlog,10,381,200,14.24
auditlog,10,382,200,17.65
auditlog,10,383,200,15.23
auditlog,10,384,200,13.03
auditlog,10,385,200,19.68
auditlog,10,386,200,15.58
auditlog,10,387,200,13.59
auditlog,10,388,200,13.51
auditlog,10,389,200,21.28
auditlog,10,390,200,16.69
auditlog,10,391,200,13.58
auditlog,10,392,200,11.86
auditlog,10,393,200,13.25
auditlog,10,394,200,11.44
auditlog,10,395,200,14.62
auditlog,10,396,200,12.53
auditlog,10,397,200,12.01
auditlog,10,398,200,12.53
auditlog,10,399,200,12.13
auditlog,10,400,200,12.72
auditlog,10,401,200,8.45
auditlog,10,402,200,9.22
auditlog,10,403,200,10.03
auditlog,10,404,200,8.17
auditlog,10,405,200,9.07
auditlog,10,406,200,14.25
auditlog,10,407,200,9.27
auditlog,10,408,200,9.19
auditlog,10,409,200,9.55
auditlog,10,410,200,10.99
auditlog,10,411,200,8.90
auditlog,10,412,200,9.80
auditlog,10,413,200,9.75
auditlog,10,414,200,9.96
auditlog,10,415,200,9.41
auditlog,10,416,200,12.82
auditlog,10,417,200,13.56
auditlog,10,418,200,13.15
auditlog,10,419,200,13.38
auditlog,10,420,200,11.37
auditlog,10,421,200,10.51
auditlog,10,422,200,10.14
auditlog,10,423,200,10.90
auditlog,10,424,200,10.17
auditlog,10,425,200,11.70
auditlog,10,426,200,11.32
auditlog,10,427,200,9.69
auditlog,10,428,200,11.70
auditlog,10,429,200,13.14
auditlog,10,430,200,11.59
auditlog,10,431,200,8.42
auditlog,10,432,200,9.80
auditlog,10,433,200,9.48
auditlog,10,434,200,8.64
auditlog,10,435,200,10.74
auditlog,10,436,200,9.09
auditlog,10,437,200,7.91
auditlog,10,438,200,8.99
auditlog,10,439,200,8.94
auditlog,10,440,200,10.72
auditlog,10,441,200,8.38
auditlog,10,442,200,9.23
auditlog,10,443,200,10.77
auditlog,10,444,200,12.06
auditlog,10,445,200,7.32
auditlog,10,446,200,13.06
auditlog,10,447,200,10.26
auditlog,10,448,200,9.13
auditlog,10,449,200,9.77
auditlog,10,450,200,10.23
auditlog,10,451,200,16.70
auditlog,10,452,200,16.94
auditlog,10,453,200,13.71
auditlog,10,454,200,14.38
auditlog,10,455,200,12.37
auditlog,10,456,200,11.49
auditlog,10,457,200,14.45
auditlog,10,458,200,12.84
auditlog,10,459,200,8.87
auditlog,10,460,200,10.58
auditlog,10,461,200,8.42
auditlog,10,462,200,7.77
auditlog,10,463,200,8.07
auditlog,10,464,200,10.46
auditlog,10,465,200,10.03
auditlog,10,466,200,9.84
auditlog,10,467,200,7.41
auditlog,10,468,200,7.65
auditlog,10,469,200,14.03
auditlog,10,470,200,11.00
auditlog,10,471,200,11.69
auditlog,10,472,200,10.70
auditlog,10,473,200,16.41
auditlog,10,474,200,9.12
auditlog,10,475,200,8.85
auditlog,10,476,200,12.47
auditlog,10,477,200,8.69
auditlog,10,478,200,10.42
auditlog,10,479,200,11.88
auditlog,10,480,200,11.65
auditlog,10,481,200,10.57
auditlog,10,482,200,21.13
auditlog,10,483,200,13.95
auditlog,10,484,200,16.49
auditlog,10,485,200,16.27
auditlog,10,486,200,14.02
auditlog,10,487,200,10.83
auditlog,10,488,200,20.44
auditlog,10,489,200,20.04
auditlog,10,490,200,14.99
auditlog,10,491,200,10.47
auditlog,10,492,200,16.66
auditlog,10,493,200,18.73
auditlog,10,494,200,14.23
auditlog,10,495,200,17.92
auditlog,10,496,200,17.82
auditlog,10,497,200,16.09
auditlog,10,498,200,14.97
auditlog,10,499,200,24.67
auditlog,10,500,200,24.41
auditlog,10,501,200,16.50
auditlog,10,502,200,23.43
auditlog,10,503,200,18.67
auditlog,10,504,200,25.58
auditlog,10,505,200,18.34
auditlog,10,506,200,31.88
auditlog,10,507,200,28.82
auditlog,10,508,200,58.14
auditlog,10,509,200,81.72
auditlog,10,510,200,76.39
auditlog,10,511,200,94.66
auditlog,10,512,200,83.24
auditlog,10,513,200,107.42
auditlog,10,514,200,105.94
auditlog,10,515,200,114.40
auditlog,10,516,200,131.82
auditlog,10,517,200,133.26
auditlog,10,518,200,28.87
auditlog,10,519,200,94.46
auditlog,10,520,200,32.68
auditlog,10,521,200,21.51
auditlog,10,522,200,42.47
auditlog,10,523,200,69.84
auditlog,10,524,200,42.36
auditlog,10,525,200,39.62
auditlog,10,526,200,11.89
auditlog,10,527,200,8.66
auditlog,10,528,200,8.01
auditlog,10,529,200,8.93
auditlog,10,530,200,8.80
auditlog,10,531,200,9.51
auditlog,10,532,200,11.39
auditlog,10,533,200,10.03
auditlog,10,534,200,13.20
auditlog,10,535,200,12.43
auditlog,10,536,200,9.45
auditlog,10,537,200,9.10
auditlog,10,538,200,8.24
auditlog,10,539,200,8.35
auditlog,10,540,200,11.56
auditlog,10,541,200,8.69
auditlog,10,542,200,8.62
auditlog,10,543,200,10.16
auditlog,10,544,200,12.46
auditlog,10,545,200,12.28
auditlog,10,546,200,9.02
auditlog,10,547,200,10.40
auditlog,10,548,200,10.58
auditlog,10,549,200,13.14
auditlog,10,550,200,14.42
auditlog,10,551,200,12.11
auditlog,10,552,200,13.97
auditlog,10,553,200,7.92
auditlog,10,554,200,8.46
auditlog,10,555,200,8.96
auditlog,10,556,200,33.20
auditlog,10,557,200,34.03
auditlog,10,558,200,32.54
auditlog,10,559,200,29.19
auditlog,10,560,200,33.79
auditlog,10,561,200,32.42
auditlog,10,562,200,32.33
auditlog,10,563,200,32.50
auditlog,10,564,200,35.83
auditlog,10,565,200,37.02
auditlog,10,566,200,9.55
auditlog,10,567,200,14.51
auditlog,10,568,200,11.54
auditlog,10,569,200,11.24
auditlog,10,570,200,13.76
auditlog,10,571,200,12.42
auditlog,10,572,200,11.68
auditlog,10,573,200,14.16
auditlog,10,574,200,14.26
auditlog,10,575,200,16.36
auditlog,10,576,200,10.12
auditlog,10,577,200,14.26
auditlog,10,578,200,9.59
auditlog,10,579,200,11.51
auditlog,10,580,200,12.31
auditlog,10,581,200,10.00
auditlog,10,582,200,13.19
auditlog,10,583,200,20.17
auditlog,10,584,200,11.11
auditlog,10,585,200,20.94
auditlog,10,586,200,18.05
auditlog,10,587,200,13.39
auditlog,10,588,200,14.04
auditlog,10,589,200,13.52
auditlog,10,590,200,18.51
auditlog,10,591,200,18.49
auditlog,10,592,200,18.88
auditlog,10,593,200,22.44
auditlog,10,594,200,29.60
auditlog,10,595,200,28.14
auditlog,10,596,200,18.91
auditlog,10,597,200,16.95
auditlog,10,598,200,10.75
auditlog,10,599,200,12.74
auditlog,10,600,200,10.86
auditlog,10,601,200,9.95
auditlog,10,602,200,22.02
auditlog,10,603,200,10.23
auditlog,10,604,200,15.31
auditlog,10,605,200,13.33
auditlog,10,606,200,22.05
auditlog,10,607,200,24.39
auditlog,10,608,200,20.78
auditlog,10,609,200,25.60
auditlog,10,610,200,23.89
auditlog,10,611,200,42.26
auditlog,10,612,200,73.76
auditlog,10,613,200,128.90
auditlog,10,614,200,128.97
auditlog,10,615,200,127.39
auditlog,10,616,200,120.58
auditlog,10,617,200,94.27
auditlog,10,618,200,116.73
auditlog,10,619,200,119.32
auditlog,10,620,200,126.34
auditlog,10,621,200,125.57
auditlog,10,622,200,76.37
auditlog,10,623,200,14.69
auditlog,10,624,200,13.22
auditlog,10,625,200,19.31
auditlog,10,626,200,17.23
auditlog,10,627,200,18.87
auditlog,10,628,200,16.00
auditlog,10,629,200,19.28
auditlog,10,630,200,16.41
auditlog,10,631,200,19.60
auditlog,10,632,200,11.86
auditlog,10,633,200,14.85
auditlog,10,634,200,16.32
auditlog,10,635,200,17.56
auditlog,10,636,200,24.23
auditlog,10,637,200,32.65
auditlog,10,638,200,22.52
auditlog,10,639,200,27.64
auditlog,10,640,200,27.74
auditlog,10,641,200,13.49
auditlog,10,642,200,19.33
auditlog,10,643,200,16.48
auditlog,10,644,200,23.67
auditlog,10,645,200,23.03
auditlog,10,646,200,22.21
auditlog,10,647,200,30.37
auditlog,10,648,200,36.18
auditlog,10,649,200,30.83
auditlog,10,650,200,18.37
auditlog,10,651,200,14.87
auditlog,10,652,200,22.69
auditlog,10,653,200,18.88
auditlog,10,654,200,13.56
auditlog,10,655,200,11.14
auditlog,10,656,200,11.92
auditlog,10,657,200,10.07
auditlog,10,658,200,10.08
auditlog,10,659,200,15.90
auditlog,10,660,200,20.60
auditlog,10,661,200,16.79
auditlog,10,662,200,13.43
auditlog,10,663,200,24.96
auditlog,10,664,200,20.70
auditlog,10,665,200,16.35
auditlog,10,666,200,14.10
auditlog,10,667,200,14.73
auditlog,10,668,200,20.22
auditlog,10,669,200,16.93
auditlog,10,670,200,16.59
auditlog,10,671,200,17.37
auditlog,10,672,200,19.73
auditlog,10,673,200,13.02
auditlog,10,674,200,10.04
auditlog,10,675,200,23.64
auditlog,10,676,200,11.56
auditlog,10,677,200,14.87
auditlog,10,678,200,17.36
auditlog,10,679,200,18.24
auditlog,10,680,200,11.67
auditlog,10,681,200,11.76
auditlog,10,682,200,13.70
auditlog,10,683,200,6.96
auditlog,10,684,200,7.51
auditlog,10,685,200,8.21
auditlog,10,686,200,8.16
auditlog,10,687,200,9.12
auditlog,10,688,200,9.95
auditlog,10,689,200,12.94
auditlog,10,690,200,11.13
auditlog,10,691,200,15.21
auditlog,10,692,200,14.89
auditlog,10,693,200,7.89
auditlog,10,694,200,10.68
auditlog,10,695,200,12.30
auditlog,10,696,200,13.60
auditlog,10,697,200,9.44
auditlog,10,698,200,8.20
auditlog,10,699,200,9.37
auditlog,10,700,200,10.79
auditlog,10,701,200,9.31
auditlog,10,702,200,11.37
auditlog,10,703,200,10.95
auditlog,10,704,200,7.74
auditlog,10,705,200,7.41
auditlog,10,706,200,10.02
auditlog,10,707,200,9.14
auditlog,10,708,200,8.96
auditlog,10,709,200,13.01
auditlog,10,710,200,11.82
auditlog,10,711,200,11.31
auditlog,10,712,200,11.72
auditlog,10,713,200,9.78
auditlog,10,714,200,14.02
auditlog,10,715,200,5.82
auditlog,10,716,200,6.74
auditlog,10,717,200,8.56
auditlog,10,718,200,6.98
auditlog,10,719,200,8.92
auditlog,10,720,200,9.84
auditlog,10,721,200,20.57
auditlog,10,722,200,9.80
auditlog,10,723,200,8.91
auditlog,10,724,200,9.25
auditlog,10,725,200,13.52
auditlog,10,726,200,9.28
auditlog,10,727,200,10.73
auditlog,10,728,200,12.92
auditlog,10,729,200,10.35
auditlog,10,730,200,10.88
auditlog,10,731,200,11.24
auditlog,10,732,200,8.72
auditlog,10,733,200,11.10
auditlog,10,734,200,9.66
auditlog,10,735,200,9.10
auditlog,10,736,200,12.18
auditlog,10,737,200,12.25
auditlog,10,738,200,10.70
auditlog,10,739,200,8.63
auditlog,10,740,200,9.92
auditlog,10,741,200,11.36
auditlog,10,742,200,9.42
auditlog,10,743,200,9.47
auditlog,10,744,200,10.38
auditlog,10,745,200,10.69
auditlog,10,746,200,8.86
auditlog,10,747,200,8.04
auditlog,10,748,200,10.08
auditlog,10,749,200,8.49
auditlog,10,750,200,9.58
auditlog,10,751,200,8.54
auditlog,10,752,200,9.57
auditlog,10,753,200,10.56
auditlog,10,754,200,14.75
auditlog,10,755,200,13.12
auditlog,10,756,200,15.90
auditlog,10,757,200,16.04
auditlog,10,758,200,18.21
auditlog,10,759,200,18.80
auditlog,10,760,200,20.56
auditlog,10,761,200,26.69
auditlog,10,762,200,27.79
auditlog,10,763,200,40.69
auditlog,10,764,200,55.84
auditlog,10,765,200,64.77
auditlog,10,766,200,61.15
auditlog,10,767,200,71.25
auditlog,10,768,200,69.02
auditlog,10,769,200,65.38
auditlog,10,770,200,71.15
auditlog,10,771,200,57.21
auditlog,10,772,200,62.80
auditlog,10,773,200,70.38
auditlog,10,774,200,55.40
auditlog,10,775,200,50.09
auditlog,10,776,200,72.44
auditlog,10,777,200,49.29
auditlog,10,778,200,56.78
auditlog,10,779,200,61.84
auditlog,10,780,200,50.54
auditlog,10,781,200,54.34
auditlog,10,782,200,58.58
auditlog,10,783,200,29.09
auditlog,10,784,200,12.10
auditlog,10,785,200,10.67
auditlog,10,786,200,12.53
auditlog,10,787,200,11.08
auditlog,10,788,200,10.00
auditlog,10,789,200,10.65
auditlog,10,790,200,11.51
auditlog,10,791,200,9.50
auditlog,10,792,200,10.74
auditlog,10,793,200,10.43
auditlog,10,794,200,8.81
auditlog,10,795,200,11.31
auditlog,10,796,200,10.13
auditlog,10,797,200,9.34
auditlog,10,798,200,11.22
auditlog,10,799,200,10.19
auditlog,10,800,200,13.52
auditlog,10,801,200,9.26
auditlog,10,802,200,10.98
auditlog,10,803,200,11.36
auditlog,10,804,200,13.41
auditlog,10,805,200,12.40
auditlog,10,806,200,12.55
auditlog,10,807,200,12.70
auditlog,10,808,200,14.27
auditlog,10,809,200,14.36
auditlog,10,810,200,14.47
auditlog,10,811,200,11.17
auditlog,10,812,200,20.20
auditlog,10,813,200,13.50
auditlog,10,814,200,13.38
auditlog,10,815,200,14.79
auditlog,10,816,200,15.45
auditlog,10,817,200,16.91
auditlog,10,818,200,15.45
auditlog,10,819,200,13.90
auditlog,10,820,200,7.89
auditlog,10,821,200,16.94
auditlog,10,822,200,19.48
auditlog,10,823,200,10.27
auditlog,10,824,200,10.15
auditlog,10,825,200,12.28
auditlog,10,826,200,9.75
auditlog,10,827,200,9.56
auditlog,10,828,200,12.11
auditlog,10,829,200,12.50
auditlog,10,830,200,11.41
auditlog,10,831,200,13.31
auditlog,10,832,200,9.34
auditlog,10,833,200,11.96
auditlog,10,834,200,8.10
auditlog,10,835,200,11.23
auditlog,10,836,200,13.20
auditlog,10,837,200,13.80
auditlog,10,838,200,14.18
auditlog,10,839,200,14.17
auditlog,10,840,200,13.10
auditlog,10,841,200,10.57
auditlog,10,842,200,13.66
auditlog,10,843,200,12.07
auditlog,10,844,200,12.71
auditlog,10,845,200,7.92
auditlog,10,846,200,13.01
auditlog,10,847,200,12.13
auditlog,10,848,200,10.95
auditlog,10,849,200,12.12
auditlog,10,850,200,7.13
auditlog,10,851,200,14.98
auditlog,10,852,200,11.14
auditlog,10,853,200,12.37
auditlog,10,854,200,13.54
auditlog,10,855,200,12.85
auditlog,10,856,200,10.45
auditlog,10,857,200,10.69
auditlog,10,858,200,8.13
auditlog,10,859,200,9.70
auditlog,10,860,200,12.48
auditlog,10,861,200,9.61
auditlog,10,862,200,9.20
auditlog,10,863,200,8.29
auditlog,10,864,200,8.92
auditlog,10,865,200,7.76
auditlog,10,866,200,7.06
auditlog,10,867,200,8.23
auditlog,10,868,200,14.09
auditlog,10,869,200,8.51
auditlog,10,870,200,10.17
auditlog,10,871,200,13.26
auditlog,10,872,200,15.91
auditlog,10,873,200,21.64
auditlog,10,874,200,21.39
auditlog,10,875,200,20.36
auditlog,10,876,200,16.55
auditlog,10,877,200,19.05
auditlog,10,878,200,19.64
auditlog,10,879,200,32.71
auditlog,10,880,200,38.78
auditlog,10,881,200,37.78
auditlog,10,882,200,40.41
auditlog,10,883,200,52.60
auditlog,10,884,200,49.17
auditlog,10,885,200,51.21
auditlog,10,886,200,52.49
auditlog,10,887,200,69.25
auditlog,10,888,200,57.35
auditlog,10,889,200,72.20
auditlog,10,890,200,50.19
auditlog,10,891,200,51.88
auditlog,10,892,200,56.00
auditlog,10,893,200,78.06
auditlog,10,894,200,62.93
auditlog,10,895,200,64.89
auditlog,10,896,200,42.56
auditlog,10,897,200,62.21
auditlog,10,898,200,43.02
auditlog,10,899,200,43.18
auditlog,10,900,200,31.26
auditlog,10,901,200,39.31
auditlog,10,902,200,10.73
auditlog,10,903,200,17.14
auditlog,10,904,200,9.06
auditlog,10,905,200,13.85
auditlog,10,906,200,8.35
auditlog,10,907,200,8.34
auditlog,10,908,200,11.11
auditlog,10,909,200,10.01
auditlog,10,910,200,10.59
auditlog,10,911,200,8.42
auditlog,10,912,200,8.26
auditlog,10,913,200,8.22
auditlog,10,914,200,9.45
auditlog,10,915,200,9.84
auditlog,10,916,200,7.22
auditlog,10,917,200,8.11
auditlog,10,918,200,8.85
auditlog,10,919,200,9.40
auditlog,10,920,200,8.51
auditlog,10,921,200,9.08
auditlog,10,922,200,7.71
auditlog,10,923,200,7.30
auditlog,10,924,200,7.92
auditlog,10,925,200,7.11
auditlog,10,926,200,7.27
auditlog,10,927,200,6.79
auditlog,10,928,200,6.79
auditlog,10,929,200,7.22
auditlog,10,930,200,7.21
auditlog,10,931,200,8.13
auditlog,10,932,200,8.58
auditlog,10,933,200,9.32
auditlog,10,934,200,9.84
auditlog,10,935,200,7.01
auditlog,10,936,200,8.61
auditlog,10,937,200,7.06
auditlog,10,938,200,7.62
auditlog,10,939,200,7.12
auditlog,10,940,200,8.96
auditlog,10,941,200,9.11
auditlog,10,942,200,8.83
auditlog,10,943,200,8.89
auditlog,10,944,200,8.55
auditlog,10,945,200,8.50
auditlog,10,946,200,9.55
auditlog,10,947,200,9.13
auditlog,10,948,200,9.13
auditlog,10,949,200,8.76
auditlog,10,950,200,7.35
auditlog,10,951,200,9.28
auditlog,10,952,200,7.53
auditlog,10,953,200,6.40
auditlog,10,954,200,7.78
auditlog,10,955,200,8.37
auditlog,10,956,200,7.74
auditlog,10,957,200,10.16
auditlog,10,958,200,9.52
auditlog,10,959,200,11.26
auditlog,10,960,200,12.55
auditlog,10,961,200,7.90
auditlog,10,962,200,8.18
auditlog,10,963,200,13.21
auditlog,10,964,200,9.64
auditlog,10,965,200,9.67
auditlog,10,966,200,8.96
auditlog,10,967,200,10.08
auditlog,10,968,200,9.64
auditlog,10,969,200,7.43
auditlog,10,970,200,8.61
auditlog,10,971,200,9.67
auditlog,10,972,200,7.41
auditlog,10,973,200,7.68
auditlog,10,974,200,8.85
auditlog,10,975,200,9.61
auditlog,10,976,200,10.32
auditlog,10,977,200,11.98
auditlog,10,978,200,9.60
auditlog,10,979,200,8.28
auditlog,10,980,200,8.69
auditlog,10,981,200,6.81
auditlog,10,982,200,6.77
auditlog,10,983,200,9.87
auditlog,10,984,200,9.95
auditlog,10,985,200,7.38
auditlog,10,986,200,9.24
auditlog,10,987,200,7.61
auditlog,10,988,200,8.16
auditlog,10,989,200,6.53
auditlog,10,990,200,8.12
auditlog,10,991,200,7.57
auditlog,10,992,200,5.98
auditlog,10,993,200,8.55
auditlog,10,994,200,9.19
auditlog,10,995,200,7.73
auditlog,10,996,200,6.96
auditlog,10,997,200,6.25
auditlog,10,998,200,8.79
auditlog,10,999,200,7.10
auditlog,50,0,200,15.06
auditlog,50,1,200,15.61
auditlog,50,2,200,16.37
auditlog,50,3,200,17.27
auditlog,50,4,200,17.58
auditlog,50,5,200,18.04
auditlog,50,6,200,19.67
auditlog,50,7,200,19.92
auditlog,50,8,200,20.65
auditlog,50,9,200,25.84
auditlog,50,10,200,28.32
auditlog,50,11,200,28.27
auditlog,50,12,200,28.79
auditlog,50,13,200,31.46
auditlog,50,14,200,33.10
auditlog,50,15,200,36.71
auditlog,50,16,200,36.15
auditlog,50,17,200,38.99
auditlog,50,18,200,40.73
auditlog,50,19,200,42.20
auditlog,50,20,200,43.27
auditlog,50,21,200,45.22
auditlog,50,22,200,45.67
auditlog,50,23,200,45.61
auditlog,50,24,200,44.96
auditlog,50,25,200,44.36
auditlog,50,26,200,46.21
auditlog,50,27,200,49.03
auditlog,50,28,200,50.57
auditlog,50,29,200,51.76
auditlog,50,30,200,35.61
auditlog,50,31,200,52.82
auditlog,50,32,200,52.61
auditlog,50,33,200,52.56
auditlog,50,34,200,52.92
auditlog,50,35,200,52.94
auditlog,50,36,200,53.72
auditlog,50,37,200,54.57
auditlog,50,38,200,40.32
auditlog,50,39,200,56.05
auditlog,50,40,200,55.15
auditlog,50,41,200,55.74
auditlog,50,42,200,18.97
auditlog,50,43,200,39.97
auditlog,50,44,200,58.63
auditlog,50,45,200,41.39
auditlog,50,46,200,60.79
auditlog,50,47,200,45.42
auditlog,50,48,200,42.15
auditlog,50,49,200,36.52
auditlog,50,50,200,31.11
auditlog,50,51,200,46.12
auditlog,50,52,200,62.98
auditlog,50,53,200,26.42
auditlog,50,54,200,63.08
auditlog,50,55,200,64.31
auditlog,50,56,200,32.77
auditlog,50,57,200,66.27
auditlog,50,58,200,66.21
auditlog,50,59,200,66.65
auditlog,50,60,200,48.09
auditlog,50,61,200,59.75
auditlog,50,62,200,71.27
auditlog,50,63,200,102.08
auditlog,50,64,200,63.40
auditlog,50,65,200,106.29
auditlog,50,66,200,144.75
auditlog,50,67,200,149.48
auditlog,50,68,200,154.03
auditlog,50,69,200,164.93
auditlog,50,70,200,195.97
auditlog,50,71,200,173.20
auditlog,50,72,200,163.97
auditlog,50,73,200,168.74
auditlog,50,74,200,165.81
auditlog,50,75,200,150.18
auditlog,50,76,200,157.11
auditlog,50,77,200,157.09
auditlog,50,78,200,184.59
auditlog,50,79,200,172.60
auditlog,50,80,200,161.03
auditlog,50,81,200,213.21
auditlog,50,82,200,153.01
auditlog,50,83,200,158.81
auditlog,50,84,200,154.66
auditlog,50,85,200,156.15
auditlog,50,86,200,155.71
auditlog,50,87,200,172.30
auditlog,50,88,200,166.45
auditlog,50,89,200,165.05
auditlog,50,90,200,160.94
auditlog,50,91,200,160.21
auditlog,50,92,200,174.27
auditlog,50,93,200,172.85
auditlog,50,94,200,175.16
auditlog,50,95,200,177.85
auditlog,50,96,200,181.94
auditlog,50,97,200,170.21
auditlog,50,98,200,181.64
auditlog,50,99,200,87.28
auditlog,50,100,200,128.98
auditlog,50,101,200,171.28
auditlog,50,102,200,172.80
auditlog,50,103,200,188.26
auditlog,50,104,200,197.07
auditlog,50,105,200,188.22
auditlog,50,106,200,143.38
auditlog,50,107,200,180.83
auditlog,50,108,200,43.97
auditlog,50,109,200,183.02
auditlog,50,110,200,183.87
auditlog,50,111,200,155.81
auditlog,50,112,200,200.19
auditlog,50,113,200,182.29
auditlog,50,114,200,35.89
auditlog,50,115,200,178.18
auditlog,50,116,200,180.52
auditlog,50,117,200,37.67
auditlog,50,118,200,35.44
auditlog,50,119,200,36.43
auditlog,50,120,200,31.70
auditlog,50,121,200,40.09
auditlog,50,122,200,40.71
auditlog,50,123,200,148.69
auditlog,50,124,200,38.38
auditlog,50,125,200,42.08
auditlog,50,126,200,47.39
auditlog,50,127,200,38.84
auditlog,50,128,200,41.22
auditlog,50,129,200,41.71
auditlog,50,130,200,41.39
auditlog,50,131,200,24.58
auditlog,50,132,200,45.23
auditlog,50,133,200,36.10
auditlog,50,134,200,35.12
auditlog,50,135,200,32.75
auditlog,50,136,200,53.07
auditlog,50,137,200,48.73
auditlog,50,138,200,51.96
auditlog,50,139,200,33.09
auditlog,50,140,200,39.70
auditlog,50,141,200,30.43
auditlog,50,142,200,45.87
auditlog,50,143,200,45.51
auditlog,50,144,200,32.72
auditlog,50,145,200,40.45
auditlog,50,146,200,31.29
auditlog,50,147,200,53.83
auditlog,50,148,200,28.66
auditlog,50,149,200,32.28
auditlog,50,150,200,24.40
auditlog,50,151,200,24.44
auditlog,50,152,200,30.12
auditlog,50,153,200,28.34
auditlog,50,154,200,45.22
auditlog,50,155,200,30.23
auditlog,50,156,200,40.63
auditlog,50,157,200,31.57
auditlog,50,158,200,30.29
auditlog,50,159,200,23.42
auditlog,50,160,200,22.83
auditlog,50,161,200,22.07
auditlog,50,162,200,29.85
auditlog,50,163,200,35.32
auditlog,50,164,200,37.58
auditlog,50,165,200,31.22
auditlog,50,166,200,40.05
auditlog,50,167,200,34.50
auditlog,50,168,200,27.09
auditlog,50,169,200,37.72
auditlog,50,170,200,44.89
auditlog,50,171,200,46.78
auditlog,50,172,200,28.43
auditlog,50,173,200,29.17
auditlog,50,174,200,28.19
auditlog,50,175,200,27.74
auditlog,50,176,200,44.76
auditlog,50,177,200,29.05
auditlog,50,178,200,38.54
auditlog,50,179,200,52.13
auditlog,50,180,200,58.08
auditlog,50,181,200,46.31
auditlog,50,182,200,34.20
auditlog,50,183,200,42.39
auditlog,50,184,200,52.52
auditlog,50,185,200,64.43
auditlog,50,186,200,43.00
auditlog,50,187,200,47.57
auditlog,50,188,200,62.95
auditlog,50,189,200,46.50
auditlog,50,190,200,48.87
auditlog,50,191,200,54.48
auditlog,50,192,200,50.61
auditlog,50,193,200,51.99
auditlog,50,194,200,39.08
auditlog,50,195,200,40.41
auditlog,50,196,200,68.52
auditlog,50,197,200,40.42
auditlog,50,198,200,41.43
auditlog,50,199,200,54.23
auditlog,50,200,200,38.60
auditlog,50,201,200,55.81
auditlog,50,202,200,55.86
auditlog,50,203,200,60.48
auditlog,50,204,200,59.73
auditlog,50,205,200,41.17
auditlog,50,206,200,54.65
auditlog,50,207,200,74.90
auditlog,50,208,200,17.10
auditlog,50,209,200,16.29
auditlog,50,210,200,79.78
auditlog,50,211,200,45.47
auditlog,50,212,200,82.49
auditlog,50,213,200,64.14
auditlog,50,214,200,48.88
auditlog,50,215,200,63.30
auditlog,50,216,200,65.75
auditlog,50,217,200,50.62
auditlog,50,218,200,47.30
auditlog,50,219,200,51.90
auditlog,50,220,200,66.06
auditlog,50,221,200,52.60
auditlog,50,222,200,54.05
auditlog,50,223,200,67.61
auditlog,50,224,200,53.72
auditlog,50,225,200,48.29
auditlog,50,226,200,56.74
auditlog,50,227,200,46.05
auditlog,50,228,200,40.98
auditlog,50,229,200,29.39
auditlog,50,230,200,31.59
auditlog,50,231,200,35.24
auditlog,50,232,200,59.65
auditlog,50,233,200,46.67
auditlog,50,234,200,43.68
auditlog,50,235,200,49.81
auditlog,50,236,200,53.94
auditlog,50,237,200,77.48
auditlog,50,238,200,78.79
auditlog,50,239,200,81.08
auditlog,50,240,200,128.33
auditlog,50,241,200,151.05
auditlog,50,242,200,98.09
auditlog,50,243,200,161.88
auditlog,50,244,200,114.14
auditlog,50,245,200,157.49
auditlog,50,246,200,132.84
auditlog,50,247,200,125.54
auditlog,50,248,200,140.23
auditlog,50,249,200,149.87
auditlog,50,250,200,141.18
auditlog,50,251,200,179.23
auditlog,50,252,200,143.19
auditlog,50,253,200,153.30
auditlog,50,254,200,132.72
auditlog,50,255,200,138.75
auditlog,50,256,200,143.28
auditlog,50,257,200,139.58
auditlog,50,258,200,155.34
auditlog,50,259,200,145.73
auditlog,50,260,200,123.98
auditlog,50,261,200,143.93
auditlog,50,262,200,131.12
auditlog,50,263,200,127.08
auditlog,50,264,200,146.25
auditlog,50,265,200,100.86
auditlog,50,266,200,59.08
auditlog,50,267,200,132.09
auditlog,50,268,200,62.52
auditlog,50,269,200,138.44
auditlog,50,270,200,167.34
auditlog,50,271,200,33.19
auditlog,50,272,200,156.89
auditlog,50,273,200,148.13
auditlog,50,274,200,154.49
auditlog,50,275,200,160.97
auditlog,50,276,200,129.96
auditlog,50,277,200,112.33
auditlog,50,278,200,156.96
auditlog,50,279,200,34.11
auditlog,50,280,200,169.61
auditlog,50,281,200,27.77
auditlog,50,282,200,69.38
auditlog,50,283,200,38.54
auditlog,50,284,200,141.34
auditlog,50,285,200,48.93
auditlog,50,286,200,160.60
auditlog,50,287,200,47.76
auditlog,50,288,200,165.52
auditlog,50,289,200,163.32
auditlog,50,290,200,34.14
auditlog,50,291,200,35.92
auditlog,50,292,200,136.40
auditlog,50,293,200,75.42
auditlog,50,294,200,169.40
auditlog,50,295,200,89.98
auditlog,50,296,200,39.81
auditlog,50,297,200,169.19
auditlog,50,298,200,68.58
auditlog,50,299,200,43.72
auditlog,50,300,200,176.05
auditlog,50,301,200,45.68
auditlog,50,302,200,100.22
auditlog,50,303,200,169.07
auditlog,50,304,200,177.98
auditlog,50,305,200,35.73
auditlog,50,306,200,35.34
auditlog,50,307,200,177.27
auditlog,50,308,200,23.63
auditlog,50,309,200,44.00
auditlog,50,310,200,179.00
auditlog,50,311,200,31.41
auditlog,50,312,200,48.90
auditlog,50,313,200,40.35
auditlog,50,314,200,41.17
auditlog,50,315,200,55.55
auditlog,50,316,200,49.14
auditlog,50,317,200,34.37
auditlog,50,318,200,44.79
auditlog,50,319,200,45.64
auditlog,50,320,200,43.22
auditlog,50,321,200,54.74
auditlog,50,322,200,46.82
auditlog,50,323,200,38.02
auditlog,50,324,200,23.87
auditlog,50,325,200,21.33
auditlog,50,326,200,20.19
auditlog,50,327,200,27.33
auditlog,50,328,200,24.03
auditlog,50,329,200,23.54
auditlog,50,330,200,22.94
auditlog,50,331,200,25.98
auditlog,50,332,200,22.04
auditlog,50,333,200,19.03
auditlog,50,334,200,20.12
auditlog,50,335,200,17.73
auditlog,50,336,200,17.27
auditlog,50,337,200,16.91
auditlog,50,338,200,19.60
auditlog,50,339,200,15.08
auditlog,50,340,200,16.27
auditlog,50,341,200,19.55
auditlog,50,342,200,15.07
auditlog,50,343,200,15.83
auditlog,50,344,200,18.31
auditlog,50,345,200,14.36
auditlog,50,346,200,19.74
auditlog,50,347,200,17.17
auditlog,50,348,200,13.25
auditlog,50,349,200,14.31
auditlog,50,350,200,16.48
auditlog,50,351,200,16.24
auditlog,50,352,200,18.57
auditlog,50,353,200,18.73
auditlog,50,354,200,22.41
auditlog,50,355,200,23.67
auditlog,50,356,200,29.93
auditlog,50,357,200,26.67
auditlog,50,358,200,29.40
auditlog,50,359,200,27.72
auditlog,50,360,200,29.15
auditlog,50,361,200,35.76
auditlog,50,362,200,30.76
auditlog,50,363,200,46.56
auditlog,50,364,200,40.30
auditlog,50,365,200,44.20
auditlog,50,366,200,33.23
auditlog,50,367,200,45.25
auditlog,50,368,200,43.97
auditlog,50,369,200,15.59
auditlog,50,370,200,38.44
auditlog,50,371,200,45.49
auditlog,50,372,200,48.41
auditlog,50,373,200,48.96
auditlog,50,374,200,47.88
auditlog,50,375,200,42.46
auditlog,50,376,200,45.48
auditlog,50,377,200,40.89
auditlog,50,378,200,45.93
auditlog,50,379,200,45.84
auditlog,50,380,200,45.92
auditlog,50,381,200,45.29
auditlog,50,382,200,42.05
auditlog,50,383,200,48.04
auditlog,50,384,200,51.88
auditlog,50,385,200,48.29
auditlog,50,386,200,37.18
auditlog,50,387,200,49.87
auditlog,50,388,200,47.12
auditlog,50,389,200,51.03
auditlog,50,390,200,49.07
auditlog,50,391,200,47.46
auditlog,50,392,200,51.78
auditlog,50,393,200,38.13
auditlog,50,394,200,47.63
auditlog,50,395,200,45.13
auditlog,50,396,200,52.03
auditlog,50,397,200,50.13
auditlog,50,398,200,23.01
auditlog,50,399,200,46.24
auditlog,50,400,200,43.29
auditlog,50,401,200,52.65
auditlog,50,402,200,29.48
auditlog,50,403,200,35.45
auditlog,50,404,200,51.65
auditlog,50,405,200,47.63
auditlog,50,406,200,51.46
auditlog,50,407,200,26.52
auditlog,50,408,200,15.88
auditlog,50,409,200,52.60
auditlog,50,410,200,60.89
auditlog,50,411,200,87.85
auditlog,50,412,200,96.83
auditlog,50,413,200,131.12
auditlog,50,414,200,109.46
auditlog,50,415,200,115.06
auditlog,50,416,200,149.18
auditlog,50,417,200,153.66
auditlog,50,418,200,159.89
auditlog,50,419,200,155.31
auditlog,50,420,200,157.17
auditlog,50,421,200,158.62
auditlog,50,422,200,158.43
auditlog,50,423,200,156.70
auditlog,50,424,200,166.80
auditlog,50,425,200,163.54
auditlog,50,426,200,166.40
auditlog,50,427,200,162.48
auditlog,50,428,200,161.41
auditlog,50,429,200,166.06
auditlog,50,430,200,162.05
auditlog,50,431,200,167.59
auditlog,50,432,200,165.21
auditlog,50,433,200,170.75
auditlog,50,434,200,170.58
auditlog,50,435,200,165.60
auditlog,50,436,200,174.85
auditlog,50,437,200,176.78
auditlog,50,438,200,171.78
auditlog,50,439,200,173.17
auditlog,50,440,200,171.68
auditlog,50,441,200,182.20
auditlog,50,442,200,176.19
auditlog,50,443,200,169.09
auditlog,50,444,200,167.88
auditlog,50,445,200,176.74
auditlog,50,446,200,179.93
auditlog,50,447,200,179.90
auditlog,50,448,200,84.25
auditlog,50,449,200,186.37
auditlog,50,450,200,179.05
auditlog,50,451,200,176.69
auditlog,50,452,200,177.74
auditlog,50,453,200,35.80
auditlog,50,454,200,171.80
auditlog,50,455,200,101.86
auditlog,50,456,200,177.70
auditlog,50,457,200,180.85
auditlog,50,458,200,132.22
auditlog,50,459,200,181.98
auditlog,50,460,200,179.38
auditlog,50,461,200,85.33
auditlog,50,462,200,30.77
auditlog,50,463,200,31.67
auditlog,50,464,200,28.81
auditlog,50,465,200,123.35
auditlog,50,466,200,182.68
auditlog,50,467,200,24.37
auditlog,50,468,200,22.75
auditlog,50,469,200,187.26
auditlog,50,470,200,35.00
auditlog,50,471,200,188.76
auditlog,50,472,200,96.01
auditlog,50,473,200,31.44
auditlog,50,474,200,32.66
auditlog,50,475,200,32.70
auditlog,50,476,200,26.38
auditlog,50,477,200,42.36
auditlog,50,478,200,45.15
auditlog,50,479,200,50.03
auditlog,50,480,200,44.49
auditlog,50,481,200,35.12
auditlog,50,482,200,39.21
auditlog,50,483,200,70.65
auditlog,50,484,200,67.33
auditlog,50,485,200,60.00
auditlog,50,486,200,48.51
auditlog,50,487,200,48.71
auditlog,50,488,200,50.91
auditlog,50,489,200,60.95
auditlog,50,490,200,65.19
auditlog,50,491,200,51.02
auditlog,50,492,200,60.97
auditlog,50,493,200,65.68
auditlog,50,494,200,50.70
auditlog,50,495,200,60.99
auditlog,50,496,200,46.52
auditlog,50,497,200,52.32
auditlog,50,498,200,62.85
auditlog,50,499,200,51.45
auditlog,50,500,200,52.93
auditlog,50,501,200,70.49
auditlog,50,502,200,44.38
auditlog,50,503,200,27.99
auditlog,50,504,200,48.76
auditlog,50,505,200,48.53
auditlog,50,506,200,54.53
auditlog,50,507,200,64.01
auditlog,50,508,200,55.24
auditlog,50,509,200,64.12
auditlog,50,510,200,50.21
auditlog,50,511,200,54.21
auditlog,50,512,200,65.83
auditlog,50,513,200,50.21
auditlog,50,514,200,44.77
auditlog,50,515,200,69.79
auditlog,50,516,200,55.00
auditlog,50,517,200,47.64
auditlog,50,518,200,72.82
auditlog,50,519,200,39.79
auditlog,50,520,200,61.70
auditlog,50,521,200,62.34
auditlog,50,522,200,85.98
auditlog,50,523,200,74.53
auditlog,50,524,200,69.51
auditlog,50,525,200,75.08
auditlog,50,526,200,44.79
auditlog,50,527,200,24.22
auditlog,50,528,200,80.77
auditlog,50,529,200,39.12
auditlog,50,530,200,44.87
auditlog,50,531,200,45.91
auditlog,50,532,200,40.43
auditlog,50,533,200,90.82
auditlog,50,534,200,87.65
auditlog,50,535,200,58.39
auditlog,50,536,200,71.64
auditlog,50,537,200,56.43
auditlog,50,538,200,110.53
auditlog,50,539,200,56.63
auditlog,50,540,200,58.54
auditlog,50,541,200,76.68
auditlog,50,542,200,40.44
auditlog,50,543,200,65.83
auditlog,50,544,200,64.92
auditlog,50,545,200,67.60
auditlog,50,546,200,67.80
auditlog,50,547,200,75.47
auditlog,50,548,200,71.58
auditlog,50,549,200,80.85
auditlog,50,550,200,110.00
auditlog,50,551,200,171.32
auditlog,50,552,200,113.58
auditlog,50,553,200,149.42
auditlog,50,554,200,169.81
auditlog,50,555,200,183.40
auditlog,50,556,200,190.71
auditlog,50,557,200,180.66
auditlog,50,558,200,211.97
auditlog,50,559,200,192.97
auditlog,50,560,200,209.67
auditlog,50,561,200,208.17
auditlog,50,562,200,216.24
auditlog,50,563,200,191.82
auditlog,50,564,200,182.49
auditlog,50,565,200,173.21
auditlog,50,566,200,171.74
auditlog,50,567,200,194.52
auditlog,50,568,200,172.74
auditlog,50,569,200,213.68
auditlog,50,570,200,218.47
auditlog,50,571,200,217.93
auditlog,50,572,200,175.16
auditlog,50,573,200,218.80
auditlog,50,574,200,220.08
auditlog,50,575,200,196.57
auditlog,50,576,200,196.21
auditlog,50,577,200,177.03
auditlog,50,578,200,198.15
auditlog,50,579,200,164.76
auditlog,50,580,200,193.94
auditlog,50,581,200,167.46
auditlog,50,582,200,184.78
auditlog,50,583,200,188.34
auditlog,50,584,200,175.61
auditlog,50,585,200,192.44
auditlog,50,586,200,176.95
auditlog,50,587,200,192.47
auditlog,50,588,200,176.65
auditlog,50,589,200,238.07
auditlog,50,590,200,179.68
auditlog,50,591,200,171.21
auditlog,50,592,200,172.57
auditlog,50,593,200,174.53
auditlog,50,594,200,158.05
auditlog,50,595,200,173.89
auditlog,50,596,200,174.64
auditlog,50,597,200,16.11
auditlog,50,598,200,173.67
auditlog,50,599,200,183.24
auditlog,50,600,200,130.32
auditlog,50,601,200,118.87
auditlog,50,602,200,185.75
auditlog,50,603,200,32.34
auditlog,50,604,200,58.13
auditlog,50,605,200,40.01
auditlog,50,606,200,50.51
auditlog,50,607,200,85.64
auditlog,50,608,200,26.77
auditlog,50,609,200,25.12
auditlog,50,610,200,107.71
auditlog,50,611,200,30.44
auditlog,50,612,200,34.36
auditlog,50,613,200,29.89
auditlog,50,614,200,72.92
auditlog,50,615,200,36.15
auditlog,50,616,200,32.49
auditlog,50,617,200,28.41
auditlog,50,618,200,28.34
auditlog,50,619,200,31.09
auditlog,50,620,200,34.25
auditlog,50,621,200,31.19
auditlog,50,622,200,33.58
auditlog,50,623,200,34.44
auditlog,50,624,200,27.64
auditlog,50,625,200,40.64
auditlog,50,626,200,36.85
auditlog,50,627,200,35.04
auditlog,50,628,200,35.91
auditlog,50,629,200,19.72
auditlog,50,630,200,30.93
auditlog,50,631,200,19.48
auditlog,50,632,200,35.50
auditlog,50,633,200,25.93
auditlog,50,634,200,20.82
auditlog,50,635,200,21.71
auditlog,50,636,200,31.50
auditlog,50,637,200,24.58
auditlog,50,638,200,19.33
auditlog,50,639,200,20.03
auditlog,50,640,200,20.75
auditlog,50,641,200,21.00
auditlog,50,642,200,22.88
auditlog,50,643,200,25.26
auditlog,50,644,200,21.99
auditlog,50,645,200,32.57
auditlog,50,646,200,30.41
auditlog,50,647,200,27.54
auditlog,50,648,200,32.66
auditlog,50,649,200,36.15
auditlog,50,650,200,40.08
auditlog,50,651,200,28.76
auditlog,50,652,200,34.84
auditlog,50,653,200,34.96
auditlog,50,654,200,31.22
auditlog,50,655,200,37.42
auditlog,50,656,200,42.51
auditlog,50,657,200,43.89
auditlog,50,658,200,36.11
auditlog,50,659,200,36.59
auditlog,50,660,200,28.57
auditlog,50,661,200,35.47
auditlog,50,662,200,42.70
auditlog,50,663,200,43.06
auditlog,50,664,200,27.17
auditlog,50,665,200,37.93
auditlog,50,666,200,46.99
auditlog,50,667,200,40.19
auditlog,50,668,200,46.36
auditlog,50,669,200,53.06
auditlog,50,670,200,47.16
auditlog,50,671,200,29.70
auditlog,50,672,200,48.06
auditlog,50,673,200,44.52
auditlog,50,674,200,33.17
auditlog,50,675,200,52.56
auditlog,50,676,200,22.14
auditlog,50,677,200,53.52
auditlog,50,678,200,30.89
auditlog,50,679,200,50.35
auditlog,50,680,200,40.20
auditlog,50,681,200,47.79
auditlog,50,682,200,54.87
auditlog,50,683,200,49.23
auditlog,50,684,200,34.71
auditlog,50,685,200,48.36
auditlog,50,686,200,48.31
auditlog,50,687,200,25.67
auditlog,50,688,200,35.85
auditlog,50,689,200,52.68
auditlog,50,690,200,56.11
auditlog,50,691,200,38.77
auditlog,50,692,200,31.46
auditlog,50,693,200,37.32
auditlog,50,694,200,57.32
auditlog,50,695,200,91.33
auditlog,50,696,200,67.47
auditlog,50,697,200,90.97
auditlog,50,698,200,95.66
auditlog,50,699,200,100.77
auditlog,50,700,200,121.49
auditlog,50,701,200,125.16
auditlog,50,702,200,140.49
auditlog,50,703,200,150.88
auditlog,50,704,200,141.12
auditlog,50,705,200,142.51
auditlog,50,706,200,139.15
auditlog,50,707,200,142.77
auditlog,50,708,200,143.78
auditlog,50,709,200,153.34
auditlog,50,710,200,141.06
auditlog,50,711,200,160.58
auditlog,50,712,200,153.55
auditlog,50,713,200,144.31
auditlog,50,714,200,160.41
auditlog,50,715,200,137.89
auditlog,50,716,200,161.48
auditlog,50,717,200,186.44
auditlog,50,718,200,137.48
auditlog,50,719,200,146.57
auditlog,50,720,200,145.23
auditlog,50,721,200,182.66
auditlog,50,722,200,141.54
auditlog,50,723,200,153.32
auditlog,50,724,200,148.84
auditlog,50,725,200,139.18
auditlog,50,726,200,145.55
auditlog,50,727,200,145.27
auditlog,50,728,200,144.04
auditlog,50,729,200,153.33
auditlog,50,730,200,145.41
auditlog,50,731,200,131.60
auditlog,50,732,200,196.86
auditlog,50,733,200,149.83
auditlog,50,734,200,147.45
auditlog,50,735,200,103.62
auditlog,50,736,200,149.01
auditlog,50,737,200,151.13
auditlog,50,738,200,148.41
auditlog,50,739,200,150.17
auditlog,50,740,200,160.21
auditlog,50,741,200,149.88
auditlog,50,742,200,150.71
auditlog,50,743,200,83.47
auditlog,50,744,200,166.37
auditlog,50,745,200,160.22
auditlog,50,746,200,147.90
auditlog,50,747,200,105.35
auditlog,50,748,200,20.09
auditlog,50,749,200,32.62
auditlog,50,750,200,51.32
auditlog,50,751,200,33.17
auditlog,50,752,200,28.75
auditlog,50,753,200,45.89
auditlog,50,754,200,37.01
auditlog,50,755,200,48.30
auditlog,50,756,200,42.91
auditlog,50,757,200,44.76
auditlog,50,758,200,52.11
auditlog,50,759,200,39.11
auditlog,50,760,200,43.98
auditlog,50,761,200,100.26
auditlog,50,762,200,51.68
auditlog,50,763,200,51.21
auditlog,50,764,200,42.75
auditlog,50,765,200,60.18
auditlog,50,766,200,58.72
auditlog,50,767,200,47.16
auditlog,50,768,200,51.43
auditlog,50,769,200,100.20
auditlog,50,770,200,57.91
auditlog,50,771,200,62.80
auditlog,50,772,200,33.41
auditlog,50,773,200,59.34
auditlog,50,774,200,54.46
auditlog,50,775,200,63.09
auditlog,50,776,200,57.20
auditlog,50,777,200,50.19
auditlog,50,778,200,59.22
auditlog,50,779,200,61.19
auditlog,50,780,200,21.29
auditlog,50,781,200,43.47
auditlog,50,782,200,64.73
auditlog,50,783,200,78.40
auditlog,50,784,200,32.85
auditlog,50,785,200,51.65
auditlog,50,786,200,62.47
auditlog,50,787,200,81.31
auditlog,50,788,200,64.53
auditlog,50,789,200,68.75
auditlog,50,790,200,32.86
auditlog,50,791,200,66.84
auditlog,50,792,200,64.60
auditlog,50,793,200,53.83
auditlog,50,794,200,58.06
auditlog,50,795,200,69.19
auditlog,50,796,200,69.04
auditlog,50,797,200,73.39
auditlog,50,798,200,76.01
auditlog,50,799,200,73.36
auditlog,50,800,200,42.20
auditlog,50,801,200,55.80
auditlog,50,802,200,83.97
auditlog,50,803,200,66.30
auditlog,50,804,200,39.49
auditlog,50,805,200,37.06
auditlog,50,806,200,66.89
auditlog,50,807,200,76.60
auditlog,50,808,200,51.48
auditlog,50,809,200,27.02
auditlog,50,810,200,61.12
auditlog,50,811,200,61.66
auditlog,50,812,200,32.78
auditlog,50,813,200,42.22
auditlog,50,814,200,48.68
auditlog,50,815,200,65.54
auditlog,50,816,200,56.63
auditlog,50,817,200,47.59
auditlog,50,818,200,74.28
auditlog,50,819,200,99.78
auditlog,50,820,200,124.63
auditlog,50,821,200,100.35
auditlog,50,822,200,156.21
auditlog,50,823,200,135.66
auditlog,50,824,200,108.37
auditlog,50,825,200,132.52
auditlog,50,826,200,134.32
auditlog,50,827,200,117.69
auditlog,50,828,200,116.94
auditlog,50,829,200,122.53
auditlog,50,830,200,160.61
auditlog,50,831,200,160.10
auditlog,50,832,200,156.98
auditlog,50,833,200,157.74
auditlog,50,834,200,168.39
auditlog,50,835,200,175.45
auditlog,50,836,200,164.04
auditlog,50,837,200,153.79
auditlog,50,838,200,185.80
auditlog,50,839,200,115.75
auditlog,50,840,200,156.81
auditlog,50,841,200,156.07
auditlog,50,842,200,168.61
auditlog,50,843,200,166.60
auditlog,50,844,200,151.40
auditlog,50,845,200,158.42
auditlog,50,846,200,159.97
auditlog,50,847,200,187.90
auditlog,50,848,200,153.51
auditlog,50,849,200,128.65
auditlog,50,850,200,135.08
auditlog,50,851,200,142.92
auditlog,50,852,200,165.20
auditlog,50,853,200,174.11
auditlog,50,854,200,172.84
auditlog,50,855,200,194.00
auditlog,50,856,200,17.65
auditlog,50,857,200,105.56
auditlog,50,858,200,176.95
auditlog,50,859,200,174.04
auditlog,50,860,200,148.81
auditlog,50,861,200,148.58
auditlog,50,862,200,70.81
auditlog,50,863,200,167.90
auditlog,50,864,200,153.47
auditlog,50,865,200,26.60
auditlog,50,866,200,172.88
auditlog,50,867,200,170.60
auditlog,50,868,200,72.75
auditlog,50,869,200,177.66
auditlog,50,870,200,55.29
auditlog,50,871,200,131.06
auditlog,50,872,200,73.25
auditlog,50,873,200,29.67
auditlog,50,874,200,159.46
auditlog,50,875,200,79.15
auditlog,50,876,200,121.63
auditlog,50,877,200,161.54
auditlog,50,878,200,158.01
auditlog,50,879,200,107.33
auditlog,50,880,200,17.65
auditlog,50,881,200,78.21
auditlog,50,882,200,33.34
auditlog,50,883,200,88.78
auditlog,50,884,200,90.86
auditlog,50,885,200,43.55
auditlog,50,886,200,28.76
auditlog,50,887,200,44.02
auditlog,50,888,200,37.42
auditlog,50,889,200,39.75
auditlog,50,890,200,38.96
auditlog,50,891,200,37.33
auditlog,50,892,200,31.62
auditlog,50,893,200,34.95
auditlog,50,894,200,46.32
auditlog,50,895,200,44.99
auditlog,50,896,200,40.25
auditlog,50,897,200,50.88
auditlog,50,898,200,49.97
auditlog,50,899,200,55.60
auditlog,50,900,200,54.07
auditlog,50,901,200,29.61
auditlog,50,902,200,54.05
auditlog,50,903,200,74.07
auditlog,50,904,200,34.42
auditlog,50,905,200,50.17
auditlog,50,906,200,61.19
auditlog,50,907,200,30.40
auditlog,50,908,200,53.37
auditlog,50,909,200,73.22
auditlog,50,910,200,46.97
auditlog,50,911,200,52.20
auditlog,50,912,200,42.23
auditlog,50,913,200,48.83
auditlog,50,914,200,51.89
auditlog,50,915,200,52.44
auditlog,50,916,200,49.82
auditlog,50,917,200,36.73
auditlog,50,918,200,36.38
auditlog,50,919,200,65.28
auditlog,50,920,200,65.75
auditlog,50,921,200,72.05
auditlog,50,922,200,63.34
auditlog,50,923,200,67.97
auditlog,50,924,200,71.18
auditlog,50,925,200,52.30
auditlog,50,926,200,108.20
auditlog,50,927,200,80.45
auditlog,50,928,200,123.18
auditlog,50,929,200,127.63
auditlog,50,930,200,158.41
auditlog,50,931,200,159.13
auditlog,50,932,200,180.92
auditlog,50,933,200,183.78
auditlog,50,934,200,180.64
auditlog,50,935,200,148.94
auditlog,50,936,200,183.37
auditlog,50,937,200,240.78
auditlog,50,938,200,189.43
auditlog,50,939,200,207.96
auditlog,50,940,200,191.88
auditlog,50,941,200,210.36
auditlog,50,942,200,197.29
auditlog,50,943,200,185.45
auditlog,50,944,200,209.88
auditlog,50,945,200,197.20
auditlog,50,946,200,247.58
auditlog,50,947,200,231.87
auditlog,50,948,200,250.97
auditlog,50,949,200,226.28
auditlog,50,950,200,226.76
auditlog,50,951,200,251.84
auditlog,50,952,200,228.38
auditlog,50,953,200,196.47
auditlog,50,954,200,216.05
auditlog,50,955,200,215.21
auditlog,50,956,200,197.14
auditlog,50,957,200,217.52
auditlog,50,958,200,198.77
auditlog,50,959,200,182.83
auditlog,50,960,200,202.73
auditlog,50,961,200,230.30
auditlog,50,962,200,185.08
auditlog,50,963,200,182.29
auditlog,50,964,200,176.37
auditlog,50,965,200,204.48
auditlog,50,966,200,199.89
auditlog,50,967,200,167.03
auditlog,50,968,200,232.58
auditlog,50,969,200,132.51
auditlog,50,970,200,205.92
auditlog,50,971,200,235.66
auditlog,50,972,200,198.15
auditlog,50,973,200,96.06
auditlog,50,974,200,205.86
auditlog,50,975,200,209.92
auditlog,50,976,200,209.18
auditlog,50,977,200,202.82
auditlog,50,978,200,188.65
auditlog,50,979,200,176.42
auditlog,50,980,200,24.85
auditlog,50,981,200,105.33
auditlog,50,982,200,84.81
auditlog,50,983,200,127.23
auditlog,50,984,200,94.57
auditlog,50,985,200,39.96
auditlog,50,986,200,28.61
auditlog,50,987,200,35.06
auditlog,50,988,200,57.14
auditlog,50,989,200,80.83
auditlog,50,990,200,35.93
auditlog,50,991,200,37.38
auditlog,50,992,200,31.11
auditlog,50,993,200,31.97
auditlog,50,994,200,37.02
auditlog,50,995,200,84.90
auditlog,50,996,200,32.05
auditlog,50,997,200,38.83
auditlog,50,998,200,40.05
auditlog,50,999,200,35.05
auditlog-durable,10,0,200,92.56
auditlog-durable,10,1,200,103.17
auditlog-durable,10,2,200,185.32
auditlog-durable,10,3,200,194.30
auditlog-durable,10,4,200,199.88
auditlog-durable,10,5,200,203.33
auditlog-durable,10,6,200,216.90
auditlog-durable,10,7,200,285.43
auditlog-durable,10,8,200,299.06
auditlog-durable,10,9,200,330.27
auditlog-durable,10,10,200,275.98
auditlog-durable,10,11,200,389.23
auditlog-durable,10,12,200,301.96
auditlog-durable,10,13,200,328.49
auditlog-durable,10,14,200,327.99
auditlog-durable,10,15,200,325.89
auditlog-durable,10,16,200,236.27
auditlog-durable,10,17,200,369.44
auditlog-durable,10,18,200,246.47
auditlog-durable,10,19,200,342.84
auditlog-durable,10,20,200,307.13
auditlog-durable,10,21,200,110.55
auditlog-durable,10,22,200,140.79
auditlog-durable,10,23,200,94.59
auditlog-durable,10,24,200,88.69
auditlog-durable,10,25,200,115.65
auditlog-durable,10,26,200,105.11
auditlog-durable,10,27,200,165.86
auditlog-durable,10,28,200,29.58
auditlog-durable,10,29,200,34.51
auditlog-durable,10,30,200,26.78
auditlog-durable,10,31,200,30.68
auditlog-durable,10,32,200,30.84
auditlog-durable,10,33,200,23.30
auditlog-durable,10,34,200,26.59
auditlog-durable,10,35,200,30.29
auditlog-durable,10,36,200,25.38
auditlog-durable,10,37,200,29.43
auditlog-durable,10,38,200,26.55
auditlog-durable,10,39,200,29.27
auditlog-durable,10,40,200,32.25
auditlog-durable,10,41,200,145.01
auditlog-durable,10,42,200,187.34
auditlog-durable,10,43,200,211.11
auditlog-durable,10,44,200,226.21
auditlog-durable,10,45,200,245.21
auditlog-durable,10,46,200,257.83
auditlog-durable,10,47,200,280.72
auditlog-durable,10,48,200,289.23
auditlog-durable,10,49,200,274.60
auditlog-durable,10,50,200,379.80
auditlog-durable,10,51,200,292.54
auditlog-durable,10,52,200,258.86
auditlog-durable,10,53,200,363.44
auditlog-durable,10,54,200,322.02
auditlog-durable,10,55,200,345.51
auditlog-durable,10,56,200,366.62
auditlog-durable,10,57,200,301.29
auditlog-durable,10,58,200,340.25
auditlog-durable,10,59,200,232.10
auditlog-durable,10,60,200,335.72
auditlog-durable,10,61,200,210.34
auditlog-durable,10,62,200,78.37
auditlog-durable,10,63,200,76.15
auditlog-durable,10,64,200,113.35
auditlog-durable,10,65,200,112.96
auditlog-durable,10,66,200,92.33
auditlog-durable,10,67,200,100.63
auditlog-durable,10,68,200,64.88
auditlog-durable,10,69,200,31.56
auditlog-durable,10,70,200,49.25
auditlog-durable,10,71,200,50.83
auditlog-durable,10,72,200,18.36
auditlog-durable,10,73,200,52.21
auditlog-durable,10,74,200,36.42
auditlog-durable,10,75,200,50.75
auditlog-durable,10,76,200,33.89
auditlog-durable,10,77,200,40.35
auditlog-durable,10,78,200,59.12
auditlog-durable,10,79,200,23.20
auditlog-durable,10,80,200,43.70
auditlog-durable,10,81,200,33.83
auditlog-durable,10,82,200,51.49
auditlog-durable,10,83,200,62.97
auditlog-durable,10,84,200,22.87
auditlog-durable,10,85,200,60.23
auditlog-durable,10,86,200,25.80
auditlog-durable,10,87,200,24.69
auditlog-durable,10,88,200,20.02
auditlog-durable,10,89,200,44.63
auditlog-durable,10,90,200,35.87
auditlog-durable,10,91,200,36.22
auditlog-durable,10,92,200,66.08
auditlog-durable,10,93,200,71.09
auditlog-durable,10,94,200,133.48
auditlog-durable,10,95,200,145.38
auditlog-durable,10,96,200,183.64
auditlog-durable,10,97,200,219.83
auditlog-durable,10,98,200,229.40
auditlog-durable,10,99,200,234.25
auditlog-durable,10,100,200,233.66
auditlog-durable,10,101,200,192.81
auditlog-durable,10,102,200,136.78
auditlog-durable,10,103,200,236.05
auditlog-durable,10,104,200,372.32
auditlog-durable,10,105,200,163.79
auditlog-durable,10,106,200,324.94
auditlog-durable,10,107,200,226.66
auditlog-durable,10,108,200,244.06
auditlog-durable,10,109,200,261.72
auditlog-durable,10,110,200,290.63
auditlog-durable,10,111,200,319.22
auditlog-durable,10,112,200,297.88
auditlog-durable,10,113,200,250.80
auditlog-durable,10,114,200,344.22
auditlog-durable,10,115,200,160.01
auditlog-durable,10,116,200,362.08
auditlog-durable,10,117,200,198.58
auditlog-durable,10,118,200,129.79
auditlog-durable,10,119,200,267.91
auditlog-durable,10,120,200,295.36
auditlog-durable,10,121,200,307.19
auditlog-durable,10,122,200,236.27
auditlog-durable,10,123,200,255.12
auditlog-durable,10,124,200,237.94
auditlog-durable,10,125,200,232.32
auditlog-durable,10,126,200,100.28
auditlog-durable,10,127,200,107.10
auditlog-durable,10,128,200,125.86
auditlog-durable,10,129,200,113.10
auditlog-durable,10,130,200,116.15
auditlog-durable,10,131,200,121.53
auditlog-durable,10,132,200,96.92
auditlog-durable,10,133,200,50.50
auditlog-durable,10,134,200,19.82
auditlog-durable,10,135,200,26.28
auditlog-durable,10,136,200,21.76
auditlog-durable,10,137,200,17.26
auditlog-durable,10,138,200,19.58
auditlog-durable,10,139,200,22.69
auditlog-durable,10,140,200,18.94
auditlog-durable,10,141,200,22.20
auditlog-durable,10,142,200,21.88
auditlog-durable,10,143,200,16.67
auditlog-durable,10,144,200,21.34
auditlog-durable,10,145,200,15.46
auditlog-durable,10,146,200,17.89
auditlog-durable,10,147,200,16.81
auditlog-durable,10,148,200,17.63
auditlog-durable,10,149,200,21.15
auditlog-durable,10,150,200,14.90
auditlog-durable,10,151,200,22.56
auditlog-durable,10,152,200,19.06
auditlog-durable,10,153,200,17.39
auditlog-durable,10,154,200,23.38
auditlog-durable,10,155,200,16.18
auditlog-durable,10,156,200,18.83
auditlog-durable,10,157,200,19.06
auditlog-durable,10,158,200,18.12
auditlog-durable,10,159,200,20.35
auditlog-durable,10,160,200,19.00
auditlog-durable,10,161,200,21.93
auditlog-durable,10,162,200,20.77
auditlog-durable,10,163,200,21.49
auditlog-durable,10,164,200,14.53
auditlog-durable,10,165,200,26.33
auditlog-durable,10,166,200,16.41
auditlog-durable,10,167,200,16.05
auditlog-durable,10,168,200,16.77
auditlog-durable,10,169,200,18.84
auditlog-durable,10,170,200,21.83
auditlog-durable,10,171,200,24.46
auditlog-durable,10,172,200,18.41
auditlog-durable,10,173,200,27.23
auditlog-durable,10,174,200,27.84
auditlog-durable,10,175,200,26.74
auditlog-durable,10,176,200,28.39
auditlog-durable,10,177,200,28.61
auditlog-durable,10,178,200,18.41
auditlog-durable,10,179,200,29.00
auditlog-durable,10,180,200,34.31
auditlog-durable,10,181,200,41.64
auditlog-durable,10,182,200,44.70
auditlog-durable,10,183,200,51.81
auditlog-durable,10,184,200,69.88
auditlog-durable,10,185,200,79.39
auditlog-durable,10,186,200,82.70
auditlog-durable,10,187,200,92.81
auditlog-durable,10,188,200,97.26
auditlog-durable,10,189,200,99.36
auditlog-durable,10,190,200,141.56
auditlog-durable,10,191,200,75.46
auditlog-durable,10,192,200,144.97
auditlog-durable,10,193,200,175.04
auditlog-durable,10,194,200,127.24
auditlog-durable,10,195,200,171.85
auditlog-durable,10,196,200,156.09
auditlog-durable,10,197,200,150.58
auditlog-durable,10,198,200,173.87
auditlog-durable,10,199,200,109.72
auditlog-durable,10,200,200,141.85
auditlog-durable,10,201,200,123.75
auditlog-durable,10,202,200,112.07
auditlog-durable,10,203,200,175.52
auditlog-durable,10,204,200,182.38
auditlog-durable,10,205,200,182.57
auditlog-durable,10,206,200,193.29
auditlog-durable,10,207,200,162.90
auditlog-durable,10,208,200,174.87
auditlog-durable,10,209,200,144.79
auditlog-durable,10,210,200,138.45
auditlog-durable,10,211,200,184.83
auditlog-durable,10,212,200,243.50
auditlog-durable,10,213,200,135.32
auditlog-durable,10,214,200,139.54
auditlog-durable,10,215,200,219.11
auditlog-durable,10,216,200,201.91
auditlog-durable,10,217,200,189.36
auditlog-durable,10,218,200,131.66
auditlog-durable,10,219,200,160.10
auditlog-durable,10,220,200,94.57
auditlog-durable,10,221,200,132.30
auditlog-durable,10,222,200,183.28
auditlog-durable,10,223,200,91.47
auditlog-durable,10,224,200,87.71
auditlog-durable,10,225,200,262.32
auditlog-durable,10,226,200,64.92
auditlog-durable,10,227,200,74.77
auditlog-durable,10,228,200,56.22
auditlog-durable,10,229,200,64.23
auditlog-durable,10,230,200,23.02
auditlog-durable,10,231,200,21.72
auditlog-durable,10,232,200,23.49
auditlog-durable,10,233,200,23.60
auditlog-durable,10,234,200,18.18
auditlog-durable,10,235,200,23.51
auditlog-durable,10,236,200,20.74
auditlog-durable,10,237,200,28.23
auditlog-durable,10,238,200,29.42
auditlog-durable,10,239,200,21.24
auditlog-durable,10,240,200,19.63
auditlog-durable,10,241,200,17.03
auditlog-durable,10,242,200,20.69
auditlog-durable,10,243,200,18.96
auditlog-durable,10,244,200,26.23
auditlog-durable,10,245,200,19.88
auditlog-durable,10,246,200,16.18
auditlog-durable,10,247,200,16.78
auditlog-durable,10,248,200,22.98
auditlog-durable,10,249,200,26.77
auditlog-durable,10,250,200,12.76
auditlog-durable,10,251,200,15.58
auditlog-durable,10,252,200,15.00
auditlog-durable,10,253,200,17.45
auditlog-durable,10,254,200,26.13
auditlog-durable,10,255,200,22.64
auditlog-durable,10,256,200,16.11
auditlog-durable,10,257,200,22.82
auditlog-durable,10,258,200,20.75
auditlog-durable,10,259,200,34.44
auditlog-durable,10,260,200,21.76
auditlog-durable,10,261,200,17.46
auditlog-durable,10,262,200,24.05
auditlog-durable,10,263,200,32.43
auditlog-durable,10,264,200,26.79
auditlog-durable,10,265,200,50.61
auditlog-durable,10,266,200,53.92
auditlog-durable,10,267,200,69.53
auditlog-durable,10,268,200,75.16
auditlog-durable,10,269,200,83.54
auditlog-durable,10,270,200,122.39
auditlog-durable,10,271,200,142.65
auditlog-durable,10,272,200,115.53
auditlog-durable,10,273,200,156.06
auditlog-durable,10,274,200,124.92
auditlog-durable,10,275,200,180.28
auditlog-durable,10,276,200,177.88
auditlog-durable,10,277,200,136.15
auditlog-durable,10,278,200,128.82
auditlog-durable,10,279,200,97.24
auditlog-durable,10,280,200,182.95
auditlog-durable,10,281,200,185.82
auditlog-durable,10,282,200,239.35
auditlog-durable,10,283,200,226.40
auditlog-durable,10,284,200,234.73
auditlog-durable,10,285,200,264.40
auditlog-durable,10,286,200,216.02
auditlog-durable,10,287,200,294.27
auditlog-durable,10,288,200,241.45
auditlog-durable,10,289,200,257.60
auditlog-durable,10,290,200,326.44
auditlog-durable,10,291,200,206.80
auditlog-durable,10,292,200,135.95
auditlog-durable,10,293,200,133.94
auditlog-durable,10,294,200,146.47
auditlog-durable,10,295,200,153.99
auditlog-durable,10,296,200,113.30
auditlog-durable,10,297,200,51.77
auditlog-durable,10,298,200,90.07
auditlog-durable,10,299,200,186.37
auditlog-durable,10,300,200,90.11
auditlog-durable,10,301,200,47.05
auditlog-durable,10,302,200,50.46
auditlog-durable,10,303,200,106.70
auditlog-durable,10,304,200,56.09
auditlog-durable,10,305,200,57.30
auditlog-durable,10,306,200,61.64
auditlog-durable,10,307,200,25.36
auditlog-durable,10,308,200,61.89
auditlog-durable,10,309,200,21.88
auditlog-durable,10,310,200,29.69
auditlog-durable,10,311,200,19.27
auditlog-durable,10,312,200,18.93
auditlog-durable,10,313,200,65.11
auditlog-durable,10,314,200,36.35
auditlog-durable,10,315,200,25.76
auditlog-durable,10,316,200,16.15
auditlog-durable,10,317,200,13.46
auditlog-durable,10,318,200,22.09
auditlog-durable,10,319,200,27.47
auditlog-durable,10,320,200,43.49
auditlog-durable,10,321,200,48.22
auditlog-durable,10,322,200,52.25
auditlog-durable,10,323,200,54.85
auditlog-durable,10,324,200,61.72
auditlog-durable,10,325,200,77.28
auditlog-durable,10,326,200,86.19
auditlog-durable,10,327,200,94.71
auditlog-durable,10,328,200,108.47
auditlog-durable,10,329,200,110.25
auditlog-durable,10,330,200,135.59
auditlog-durable,10,331,200,158.38
auditlog-durable,10,332,200,152.33
auditlog-durable,10,333,200,164.47
auditlog-durable,10,334,200,148.43
auditlog-durable,10,335,200,127.84
auditlog-durable,10,336,200,108.37
auditlog-durable,10,337,200,138.86
auditlog-durable,10,338,200,112.46
auditlog-durable,10,339,200,140.92
auditlog-durable,10,340,200,106.69
auditlog-durable,10,341,200,96.52
auditlog-durable,10,342,200,79.66
auditlog-durable,10,343,200,94.92
auditlog-durable,10,344,200,92.35
auditlog-durable,10,345,200,105.16
auditlog-durable,10,346,200,82.40
auditlog-durable,10,347,200,109.28
auditlog-durable,10,348,200,107.73
auditlog-durable,10,349,200,87.71
auditlog-durable,10,350,200,157.37
auditlog-durable,10,351,200,86.85
auditlog-durable,10,352,200,86.50
auditlog-durable,10,353,200,99.30
auditlog-durable,10,354,200,130.05
auditlog-durable,10,355,200,154.04
auditlog-durable,10,356,200,130.61
auditlog-durable,10,357,200,138.84
auditlog-durable,10,358,200,90.20
auditlog-durable,10,359,200,110.41
auditlog-durable,10,360,200,102.59
auditlog-durable,10,361,200,109.80
auditlog-durable,10,362,200,87.66
auditlog-durable,10,363,200,149.81
auditlog-durable,10,364,200,102.86
auditlog-durable,10,365,200,109.57
auditlog-durable,10,366,200,92.35
auditlog-durable,10,367,200,88.98
auditlog-durable,10,368,200,92.46
auditlog-durable,10,369,200,118.75
auditlog-durable,10,370,200,129.73
auditlog-durable,10,371,200,103.79
auditlog-durable,10,372,200,91.12
auditlog-durable,10,373,200,81.96
auditlog-durable,10,374,200,32.71
auditlog-durable,10,375,200,67.29
auditlog-durable,10,376,200,22.62
auditlog-durable,10,377,200,32.00
auditlog-durable,10,378,200,17.02
auditlog-durable,10,379,200,48.48
auditlog-durable,10,380,200,15.51
auditlog-durable,10,381,200,14.85
auditlog-durable,10,382,200,16.04
auditlog-durable,10,383,200,12.96
auditlog-durable,10,384,200,14.03
auditlog-durable,10,385,200,15.26
auditlog-durable,10,386,200,11.03
auditlog-durable,10,387,200,13.11
auditlog-durable,10,388,200,11.89
auditlog-durable,10,389,200,11.94
auditlog-durable,10,390,200,11.25
auditlog-durable,10,391,200,11.54
auditlog-durable,10,392,200,9.28
auditlog-durable,10,393,200,11.64
auditlog-durable,10,394,200,9.13
auditlog-durable,10,395,200,10.85
auditlog-durable,10,396,200,10.16
auditlog-durable,10,397,200,10.61
auditlog-durable,10,398,200,9.91
auditlog-durable,10,399,200,10.86
auditlog-durable,10,400,200,11.89
auditlog-durable,10,401,200,10.17
auditlog-durable,10,402,200,9.87
auditlog-durable,10,403,200,10.98
auditlog-durable,10,404,200,8.97
auditlog-durable,10,405,200,11.31
auditlog-durable,10,406,200,10.97
auditlog-durable,10,407,200,10.59
auditlog-durable,10,408,200,9.63
auditlog-durable,10,409,200,11.82
auditlog-durable,10,410,200,11.27
auditlog-durable,10,411,200,9.25
auditlog-durable,10,412,200,12.09
auditlog-durable,10,413,200,12.32
auditlog-durable,10,414,200,11.86
auditlog-durable,10,415,200,13.06
auditlog-durable,10,416,200,13.32
auditlog-durable,10,417,200,11.63
auditlog-durable,10,418,200,13.46
auditlog-durable,10,419,200,10.75
auditlog-durable,10,420,200,14.64
auditlog-durable,10,421,200,10.94
auditlog-durable,10,422,200,10.22
auditlog-durable,10,423,200,11.99
auditlog-durable,10,424,200,11.16
auditlog-durable,10,425,200,11.33
auditlog-durable,10,426,200,12.93
auditlog-durable,10,427,200,10.48
auditlog-durable,10,428,200,12.14
auditlog-durable,10,429,200,9.77
auditlog-durable,10,430,200,9.39
auditlog-durable,10,431,200,9.93
auditlog-durable,10,432,200,9.89
auditlog-durable,10,433,200,9.88
auditlog-durable,10,434,200,10.28
auditlog-durable,10,435,200,10.06
auditlog-durable,10,436,200,10.05
auditlog-durable,10,437,200,9.77
auditlog-durable,10,438,200,9.05
auditlog-durable,10,439,200,9.16
auditlog-durable,10,440,200,10.80
auditlog-durable,10,441,200,10.19
auditlog-durable,10,442,200,8.93
auditlog-durable,10,443,200,10.24
auditlog-durable,10,444,200,10.49
auditlog-durable,10,445,200,7.26
auditlog-durable,10,446,200,9.31
auditlog-durable,10,447,200,11.06
auditlog-durable,10,448,200,8.54
auditlog-durable,10,449,200,11.91
auditlog-durable,10,450,200,14.27
auditlog-durable,10,451,200,12.66
auditlog-durable,10,452,200,9.86
auditlog-durable,10,453,200,14.24
auditlog-durable,10,454,200,11.53
auditlog-durable,10,455,200,12.09
auditlog-durable,10,456,200,14.54
auditlog-durable,10,457,200,18.50
auditlog-durable,10,458,200,11.15
auditlog-durable,10,459,200,10.35
auditlog-durable,10,460,200,14.46
auditlog-durable,10,461,200,10.76
auditlog-durable,10,462,200,9.39
auditlog-durable,10,463,200,8.99
auditlog-durable,10,464,200,12.99
auditlog-durable,10,465,200,11.32
auditlog-durable,10,466,200,9.07
auditlog-durable,10,467,200,9.55
auditlog-durable,10,468,200,10.62
auditlog-durable,10,469,200,12.11
auditlog-durable,10,470,200,14.92
auditlog-durable,10,471,200,11.45
auditlog-durable,10,472,200,9.12
auditlog-durable,10,473,200,8.93
auditlog-durable,10,474,200,13.64
auditlog-durable,10,475,200,15.21
auditlog-durable,10,476,200,11.82
auditlog-durable,10,477,200,14.92
auditlog-durable,10,478,200,13.81
auditlog-durable,10,479,200,13.14
auditlog-durable,10,480,200,10.38
auditlog-durable,10,481,200,21.99
auditlog-durable,10,482,200,14.36
auditlog-durable,10,483,200,18.29
auditlog-durable,10,484,200,19.72
auditlog-durable,10,485,200,16.16
auditlog-durable,10,486,200,45.72
auditlog-durable,10,487,200,51.74
auditlog-durable,10,488,200,45.93
auditlog-durable,10,489,200,55.01
auditlog-durable,10,490,200,52.93
auditlog-durable,10,491,200,62.41
auditlog-durable,10,492,200,64.31
auditlog-durable,10,493,200,78.18
auditlog-durable,10,494,200,83.61
auditlog-durable,10,495,200,89.36
auditlog-durable,10,496,200,119.73
auditlog-durable,10,497,200,136.00
auditlog-durable,10,498,200,134.11
auditlog-durable,10,499,200,158.67
auditlog-durable,10,500,200,154.63
auditlog-durable,10,501,200,154.30
auditlog-durable,10,502,200,129.45
auditlog-durable,10,503,200,139.16
auditlog-durable,10,504,200,159.41
auditlog-durable,10,505,200,173.63
auditlog-durable,10,506,200,93.07
auditlog-durable,10,507,200,105.90
auditlog-durable,10,508,200,97.80
auditlog-durable,10,509,200,109.80
auditlog-durable,10,510,200,88.13
auditlog-durable,10,511,200,82.36
auditlog-durable,10,512,200,114.58
auditlog-durable,10,513,200,106.07
auditlog-durable,10,514,200,98.58
auditlog-durable,10,515,200,109.01
auditlog-durable,10,516,200,87.50
auditlog-durable,10,517,200,98.72
auditlog-durable,10,518,200,78.42
auditlog-durable,10,519,200,100.22
auditlog-durable,10,520,200,146.86
auditlog-durable,10,521,200,87.28
auditlog-durable,10,522,200,97.34
auditlog-durable,10,523,200,69.13
auditlog-durable,10,524,200,86.04
auditlog-durable,10,525,200,83.12
auditlog-durable,10,526,200,122.05
auditlog-durable,10,527,200,77.28
auditlog-durable,10,528,200,72.53
auditlog-durable,10,529,200,59.80
auditlog-durable,10,530,200,72.91
auditlog-durable,10,531,200,61.49
auditlog-durable,10,532,200,64.70
auditlog-durable,10,533,200,73.62
auditlog-durable,10,534,200,71.98
auditlog-durable,10,535,200,83.75
auditlog-durable,10,536,200,75.11
auditlog-durable,10,537,200,69.20
auditlog-durable,10,538,200,66.89
auditlog-durable,10,539,200,63.55
auditlog-durable,10,540,200,62.06
auditlog-durable,10,541,200,80.63
auditlog-durable,10,542,200,68.75
auditlog-durable,10,543,200,91.07
auditlog-durable,10,544,200,97.30
auditlog-durable,10,545,200,86.50
auditlog-durable,10,546,200,83.88
auditlog-durable,10,547,200,74.08
auditlog-durable,10,548,200,78.43
auditlog-durable,10,549,200,66.99
auditlog-durable,10,550,200,73.61
auditlog-durable,10,551,200,82.90
auditlog-durable,10,552,200,84.21
auditlog-durable,10,553,200,78.59
auditlog-durable,10,554,200,73.42
auditlog-durable,10,555,200,74.78
auditlog-durable,10,556,200,86.35
auditlog-durable,10,557,200,80.53
auditlog-durable,10,558,200,71.15
auditlog-durable,10,559,200,77.30
auditlog-durable,10,560,200,77.33
auditlog-durable,10,561,200,72.21
auditlog-durable,10,562,200,80.81
auditlog-durable,10,563,200,64.15
auditlog-durable,10,564,200,79.06
auditlog-durable,10,565,200,95.00
auditlog-durable,10,566,200,83.13
auditlog-durable,10,567,200,95.98
auditlog-durable,10,568,200,94.97
auditlog-durable,10,569,200,75.66
auditlog-durable,10,570,200,91.23
auditlog-durable,10,571,200,80.66
auditlog-durable,10,572,200,93.80
auditlog-durable,10,573,200,71.18
auditlog-durable,10,574,200,78.41
auditlog-durable,10,575,200,85.14
auditlog-durable,10,576,200,73.80
auditlog-durable,10,577,200,70.42
auditlog-durable,10,578,200,54.19
auditlog-durable,10,579,200,37.84
auditlog-durable,10,580,200,32.79
auditlog-durable,10,581,200,48.64
auditlog-durable,10,582,200,10.12
auditlog-durable,10,583,200,15.29
auditlog-durable,10,584,200,13.03
auditlog-durable,10,585,200,20.32
auditlog-durable,10,586,200,11.47
auditlog-durable,10,587,200,14.23
auditlog-durable,10,588,200,10.27
auditlog-durable,10,589,200,11.26
auditlog-durable,10,590,200,12.71
auditlog-durable,10,591,200,12.97
auditlog-durable,10,592,200,10.11
auditlog-durable,10,593,200,11.90
auditlog-durable,10,594,200,13.38
auditlog-durable,10,595,200,12.93
auditlog-durable,10,596,200,9.52
auditlog-durable,10,597,200,15.15
auditlog-durable,10,598,200,12.33
auditlog-durable,10,599,200,11.51
auditlog-durable,10,600,200,12.02
auditlog-durable,10,601,200,11.73
auditlog-durable,10,602,200,8.74
auditlog-durable,10,603,200,15.62
auditlog-durable,10,604,200,14.63
auditlog-durable,10,605,200,12.71
auditlog-durable,10,606,200,14.43
auditlog-durable,10,607,200,15.23
auditlog-durable,10,608,200,14.92
auditlog-durable,10,609,200,14.75
auditlog-durable,10,610,200,12.89
auditlog-durable,10,611,200,12.66
auditlog-durable,10,612,200,11.78
auditlog-durable,10,613,200,12.38
auditlog-durable,10,614,200,21.25
auditlog-durable,10,615,200,11.40
auditlog-durable,10,616,200,11.24
auditlog-durable,10,617,200,11.33
auditlog-durable,10,618,200,10.83
auditlog-durable,10,619,200,11.32
auditlog-durable,10,620,200,17.30
auditlog-durable,10,621,200,12.76
auditlog-durable,10,622,200,20.24
auditlog-durable,10,623,200,14.01
auditlog-durable,10,624,200,8.84
auditlog-durable,10,625,200,9.15
auditlog-durable,10,626,200,11.36
auditlog-durable,10,627,200,12.55
auditlog-durable,10,628,200,17.91
auditlog-durable,10,629,200,16.98
auditlog-durable,10,630,200,21.32
auditlog-durable,10,631,200,24.70
auditlog-durable,10,632,200,26.39
auditlog-durable,10,633,200,27.38
auditlog-durable,10,634,200,18.25
auditlog-durable,10,635,200,18.50
auditlog-durable,10,636,200,19.64
auditlog-durable,10,637,200,18.54
auditlog-durable,10,638,200,11.37
auditlog-durable,10,639,200,11.58
auditlog-durable,10,640,200,14.90
auditlog-durable,10,641,200,12.52
auditlog-durable,10,642,200,14.56
auditlog-durable,10,643,200,19.74
auditlog-durable,10,644,200,16.09
auditlog-durable,10,645,200,19.93
auditlog-durable,10,646,200,15.71
auditlog-durable,10,647,200,19.50
auditlog-durable,10,648,200,22.79
auditlog-durable,10,649,200,23.90
auditlog-durable,10,650,200,22.72
auditlog-durable,10,651,200,21.79
auditlog-durable,10,652,200,15.51
auditlog-durable,10,653,200,15.21
auditlog-durable,10,654,200,16.39
auditlog-durable,10,655,200,26.17
auditlog-durable,10,656,200,39.36
auditlog-durable,10,657,200,54.36
auditlog-durable,10,658,200,75.55
auditlog-durable,10,659,200,70.00
auditlog-durable,10,660,200,80.60
auditlog-durable,10,661,200,85.89
auditlog-durable,10,662,200,79.83
auditlog-durable,10,663,200,117.91
auditlog-durable,10,664,200,112.46
auditlog-durable,10,665,200,93.23
auditlog-durable,10,666,200,129.49
auditlog-durable,10,667,200,100.55
auditlog-durable,10,668,200,102.18
auditlog-durable,10,669,200,98.01
auditlog-durable,10,670,200,111.70
auditlog-durable,10,671,200,68.08
auditlog-durable,10,672,200,100.37
auditlog-durable,10,673,200,116.18
auditlog-durable,10,674,200,73.68
auditlog-durable,10,675,200,108.17
auditlog-durable,10,676,200,119.59
auditlog-durable,10,677,200,117.78
auditlog-durable,10,678,200,97.90
auditlog-durable,10,679,200,100.58
auditlog-durable,10,680,200,100.01
auditlog-durable,10,681,200,111.75
auditlog-durable,10,682,200,143.58
auditlog-durable,10,683,200,196.49
auditlog-durable,10,684,200,212.72
auditlog-durable,10,685,200,188.50
auditlog-durable,10,686,200,195.18
auditlog-durable,10,687,200,203.07
auditlog-durable,10,688,200,215.22
auditlog-durable,10,689,200,202.91
auditlog-durable,10,690,200,157.48
auditlog-durable,10,691,200,217.13
auditlog-durable,10,692,200,234.31
auditlog-durable,10,693,200,134.84
auditlog-durable,10,694,200,79.74
auditlog-durable,10,695,200,208.97
auditlog-durable,10,696,200,182.92
auditlog-durable,10,697,200,136.15
auditlog-durable,10,698,200,210.18
auditlog-durable,10,699,200,147.07
auditlog-durable,10,700,200,161.38
auditlog-durable,10,701,200,182.18
auditlog-durable,10,702,200,148.84
auditlog-durable,10,703,200,112.30
auditlog-durable,10,704,200,89.31
auditlog-durable,10,705,200,94.27
auditlog-durable,10,706,200,64.04
auditlog-durable,10,707,200,34.78
auditlog-durable,10,708,200,38.68
auditlog-durable,10,709,200,25.35
auditlog-durable,10,710,200,37.25
auditlog-durable,10,711,200,12.62
auditlog-durable,10,712,200,8.60
auditlog-durable,10,713,200,10.46
auditlog-durable,10,714,200,7.91
auditlog-durable,10,715,200,9.55
auditlog-durable,10,716,200,10.35
auditlog-durable,10,717,200,11.80
auditlog-durable,10,718,200,11.27
auditlog-durable,10,719,200,11.27
auditlog-durable,10,720,200,11.70
auditlog-durable,10,721,200,13.95
auditlog-durable,10,722,200,13.20
auditlog-durable,10,723,200,15.90
auditlog-durable,10,724,200,15.77
auditlog-durable,10,725,200,15.31
auditlog-durable,10,726,200,11.76
auditlog-durable,10,727,200,12.72
auditlog-durable,10,728,200,13.68
auditlog-durable,10,729,200,11.89
auditlog-durable,10,730,200,11.75
auditlog-durable,10,731,200,15.27
auditlog-durable,10,732,200,14.87
auditlog-durable,10,733,200,16.61
auditlog-durable,10,734,200,15.96
auditlog-durable,10,735,200,19.38
auditlog-durable,10,736,200,21.52
auditlog-durable,10,737,200,22.75
auditlog-durable,10,738,200,26.99
auditlog-durable,10,739,200,12.11
auditlog-durable,10,740,200,18.81
auditlog-durable,10,741,200,25.64
auditlog-durable,10,742,200,17.54
auditlog-durable,10,743,200,20.61
auditlog-durable,10,744,200,24.31
auditlog-durable,10,745,200,26.39
auditlog-durable,10,746,200,37.44
auditlog-durable,10,747,200,49.68
auditlog-durable,10,748,200,56.91
auditlog-durable,10,749,200,56.19
auditlog-durable,10,750,200,56.52
auditlog-durable,10,751,200,52.12
auditlog-durable,10,752,200,54.50
auditlog-durable,10,753,200,61.90
auditlog-durable,10,754,200,59.07
auditlog-durable,10,755,200,84.61
auditlog-durable,10,756,200,67.57
auditlog-durable,10,757,200,87.32
auditlog-durable,10,758,200,78.22
auditlog-durable,10,759,200,106.57
auditlog-durable,10,760,200,121.84
auditlog-durable,10,761,200,114.38
auditlog-durable,10,762,200,106.10
auditlog-durable,10,763,200,128.06
auditlog-durable,10,764,200,127.15
auditlog-durable,10,765,200,80.68
auditlog-durable,10,766,200,67.03
auditlog-durable,10,767,200,88.19
auditlog-durable,10,768,200,79.79
auditlog-durable,10,769,200,75.69
auditlog-durable,10,770,200,104.51
auditlog-durable,10,771,200,102.84
auditlog-durable,10,772,200,96.29
auditlog-durable,10,773,200,82.71
auditlog-durable,10,774,200,97.09
auditlog-durable,10,775,200,103.49
auditlog-durable,10,776,200,100.08
auditlog-durable,10,777,200,76.27
auditlog-durable,10,778,200,85.55
auditlog-durable,10,779,200,62.21
auditlog-durable,10,780,200,62.52
auditlog-durable,10,781,200,73.27
auditlog-durable,10,782,200,68.29
auditlog-durable,10,783,200,79.83
auditlog-durable,10,784,200,75.40
auditlog-durable,10,785,200,90.34
auditlog-durable,10,786,200,65.85
auditlog-durable,10,787,200,72.83
auditlog-durable,10,788,200,80.40
auditlog-durable,10,789,200,56.05
auditlog-durable,10,790,200,59.30
auditlog-durable,10,791,200,35.17
auditlog-durable,10,792,200,34.11
auditlog-durable,10,793,200,42.91
auditlog-durable,10,794,200,26.55
auditlog-durable,10,795,200,41.29
auditlog-durable,10,796,200,39.78
auditlog-durable,10,797,200,31.71
auditlog-durable,10,798,200,30.22
auditlog-durable,10,799,200,9.73
auditlog-durable,10,800,200,10.99
auditlog-durable,10,801,200,8.22
auditlog-durable,10,802,200,9.54
auditlog-durable,10,803,200,7.88
auditlog-durable,10,804,200,10.74
auditlog-durable,10,805,200,7.05
auditlog-durable,10,806,200,9.03
auditlog-durable,10,807,200,10.29
auditlog-durable,10,808,200,8.45
auditlog-durable,10,809,200,9.10
auditlog-durable,10,810,200,8.17
auditlog-durable,10,811,200,7.98
auditlog-durable,10,812,200,6.80
auditlog-durable,10,813,200,7.72
auditlog-durable,10,814,200,8.51
auditlog-durable,10,815,200,7.08
auditlog-durable,10,816,200,8.67
auditlog-durable,10,817,200,8.63
auditlog-durable,10,818,200,8.26
auditlog-durable,10,819,200,8.32
auditlog-durable,10,820,200,9.79
auditlog-durable,10,821,200,7.58
auditlog-durable,10,822,200,7.78
auditlog-durable,10,823,200,7.96
auditlog-durable,10,824,200,8.99
auditlog-durable,10,825,200,8.74
auditlog-durable,10,826,200,9.56
auditlog-durable,10,827,200,8.14
auditlog-durable,10,828,200,9.37
auditlog-durable,10,829,200,11.03
auditlog-durable,10,830,200,9.08
auditlog-durable,10,831,200,7.62
auditlog-durable,10,832,200,7.49
auditlog-durable,10,833,200,8.12
auditlog-durable,10,834,200,9.65
auditlog-durable,10,835,200,9.41
auditlog-durable,10,836,200,9.87
auditlog-durable,10,837,200,11.79
auditlog-durable,10,838,200,13.09
auditlog-durable,10,839,200,12.78
auditlog-durable,10,840,200,10.81
auditlog-durable,10,841,200,9.51
auditlog-durable,10,842,200,9.02
auditlog-durable,10,843,200,8.29
auditlog-durable,10,844,200,7.37
auditlog-durable,10,845,200,9.39
auditlog-durable,10,846,200,8.83
auditlog-durable,10,847,200,8.91
auditlog-durable,10,848,200,9.36
auditlog-durable,10,849,200,14.13
auditlog-durable,10,850,200,9.56
auditlog-durable,10,851,200,12.58
auditlog-durable,10,852,200,11.81
auditlog-durable,10,853,200,13.44
auditlog-durable,10,854,200,14.46
auditlog-durable,10,855,200,10.70
auditlog-durable,10,856,200,10.15
auditlog-durable,10,857,200,9.63
auditlog-durable,10,858,200,8.84
auditlog-durable,10,859,200,9.83
auditlog-durable,10,860,200,8.27
auditlog-durable,10,861,200,11.32
auditlog-durable,10,862,200,11.23
auditlog-durable,10,863,200,7.12
auditlog-durable,10,864,200,7.29
auditlog-durable,10,865,200,7.88
auditlog-durable,10,866,200,9.37
auditlog-durable,10,867,200,11.18
auditlog-durable,10,868,200,9.79
auditlog-durable,10,869,200,8.98
auditlog-durable,10,870,200,7.53
auditlog-durable,10,871,200,10.88
auditlog-durable,10,872,200,9.85
auditlog-durable,10,873,200,9.25
auditlog-durable,10,874,200,9.70
auditlog-durable,10,875,200,11.80
auditlog-durable,10,876,200,10.90
auditlog-durable,10,877,200,13.22
auditlog-durable,10,878,200,12.18
auditlog-durable,10,879,200,10.00
auditlog-durable,10,880,200,11.90
auditlog-durable,10,881,200,10.45
auditlog-durable,10,882,200,9.47
auditlog-durable,10,883,200,10.82
auditlog-durable,10,884,200,13.15
auditlog-durable,10,885,200,9.22
auditlog-durable,10,886,200,8.73
auditlog-durable,10,887,200,11.87
auditlog-durable,10,888,200,11.24
auditlog-durable,10,889,200,9.17
auditlog-durable,10,890,200,8.41
auditlog-durable,10,891,200,7.76
auditlog-durable,10,892,200,14.05
auditlog-durable,10,893,200,7.71
auditlog-durable,10,894,200,12.16
auditlog-durable,10,895,200,11.43
auditlog-durable,10,896,200,10.61
auditlog-durable,10,897,200,16.68
auditlog-durable,10,898,200,13.67
auditlog-durable,10,899,200,9.94
auditlog-durable,10,900,200,14.91
auditlog-durable,10,901,200,11.10
auditlog-durable,10,902,200,12.27
auditlog-durable,10,903,200,12.78
auditlog-durable,10,904,200,9.26
auditlog-durable,10,905,200,8.08
auditlog-durable,10,906,200,7.57
auditlog-durable,10,907,200,6.85
auditlog-durable,10,908,200,8.30
auditlog-durable,10,909,200,7.27
auditlog-durable,10,910,200,7.80
auditlog-durable,10,911,200,8.34
auditlog-durable,10,912,200,8.32
auditlog-durable,10,913,200,8.55
auditlog-durable,10,914,200,10.06
auditlog-durable,10,915,200,14.91
auditlog-durable,10,916,200,12.39
auditlog-durable,10,917,200,14.21
auditlog-durable,10,918,200,10.62
auditlog-durable,10,919,200,16.82
auditlog-durable,10,920,200,12.43
auditlog-durable,10,921,200,13.83
auditlog-durable,10,922,200,11.48
auditlog-durable,10,923,200,10.22
auditlog-durable,10,924,200,10.29
auditlog-durable,10,925,200,7.72
auditlog-durable,10,926,200,8.92
auditlog-durable,10,927,200,8.05
auditlog-durable,10,928,200,9.00
auditlog-durable,10,929,200,8.12
auditlog-durable,10,930,200,9.32
auditlog-durable,10,931,200,12.98
auditlog-durable,10,932,200,13.99
auditlog-durable,10,933,200,13.05
auditlog-durable,10,934,200,9.43
auditlog-durable,10,935,200,11.67
auditlog-durable,10,936,200,10.36
auditlog-durable,10,937,200,11.94
auditlog-durable,10,938,200,10.08
auditlog-durable,10,939,200,14.16
auditlog-durable,10,940,200,8.34
auditlog-durable,10,941,200,11.08
auditlog-durable,10,942,200,7.41
auditlog-durable,10,943,200,7.07
auditlog-durable,10,944,200,7.72
auditlog-durable,10,945,200,7.75
auditlog-durable,10,946,200,7.04
auditlog-durable,10,947,200,8.13
auditlog-durable,10,948,200,9.86
auditlog-durable,10,949,200,12.10
auditlog-durable,10,950,200,9.31
auditlog-durable,10,951,200,9.89
auditlog-durable,10,952,200,8.68
auditlog-durable,10,953,200,8.49
auditlog-durable,10,954,200,9.87
auditlog-durable,10,955,200,9.50
auditlog-durable,10,956,200,12.71
auditlog-durable,10,957,200,9.50
auditlog-durable,10,958,200,15.24
auditlog-durable,10,959,200,8.88
auditlog-durable,10,960,200,9.49
auditlog-durable,10,961,200,10.98
auditlog-durable,10,962,200,16.22
auditlog-durable,10,963,200,14.55
auditlog-durable,10,964,200,18.21
auditlog-durable,10,965,200,18.47
auditlog-durable,10,966,200,29.63
auditlog-durable,10,967,200,35.07
auditlog-durable,10,968,200,41.55
auditlog-durable,10,969,200,45.18
auditlog-durable,10,970,200,63.12
auditlog-durable,10,971,200,55.51
auditlog-durable,10,972,200,58.67
auditlog-durable,10,973,200,63.84
auditlog-durable,10,974,200,56.07
auditlog-durable,10,975,200,64.66
auditlog-durable,10,976,200,57.20
auditlog-durable,10,977,200,57.52
auditlog-durable,10,978,200,69.99
auditlog-durable,10,979,200,58.08
auditlog-durable,10,980,200,82.38
auditlog-durable,10,981,200,78.85
auditlog-durable,10,982,200,89.39
auditlog-durable,10,983,200,100.50
auditlog-durable,10,984,200,93.99
auditlog-durable,10,985,200,77.67
auditlog-durable,10,986,200,124.11
auditlog-durable,10,987,200,87.30
auditlog-durable,10,988,200,89.97
auditlog-durable,10,989,200,70.87
auditlog-durable,10,990,200,67.74
auditlog-durable,10,991,200,64.62
auditlog-durable,10,992,200,66.89
auditlog-durable,10,993,200,87.67
auditlog-durable,10,994,200,87.63
auditlog-durable,10,995,200,76.49
auditlog-durable,10,996,200,71.00
auditlog-durable,10,997,200,74.44
auditlog-durable,10,998,200,53.96
auditlog-durable,10,999,200,72.55
auditlog-durable,50,0,200,85.10
auditlog-durable,50,1,200,89.00
auditlog-durable,50,2,200,89.38
auditlog-durable,50,3,200,90.24
auditlog-durable,50,4,200,90.62
auditlog-durable,50,5,200,90.60
auditlog-durable,50,6,200,91.44
auditlog-durable,50,7,200,91.97
auditlog-durable,50,8,200,92.73
auditlog-durable,50,9,200,98.21
auditlog-durable,50,10,200,97.55
auditlog-durable,50,11,200,100.51
auditlog-durable,50,12,200,101.50
auditlog-durable,50,13,200,101.87
auditlog-durable,50,14,200,103.61
auditlog-durable,50,15,200,101.51
auditlog-durable,50,16,200,104.21
auditlog-durable,50,17,200,101.61
auditlog-durable,50,18,200,96.65
auditlog-durable,50,19,200,101.37
auditlog-durable,50,20,200,105.47
auditlog-durable,50,21,200,106.02
auditlog-durable,50,22,200,106.35
auditlog-durable,50,23,200,80.91
auditlog-durable,50,24,200,106.08
auditlog-durable,50,25,200,103.34
auditlog-durable,50,26,200,104.26
auditlog-durable,50,27,200,93.30
auditlog-durable,50,28,200,113.44
auditlog-durable,50,29,200,100.57
auditlog-durable,50,30,200,102.70
auditlog-durable,50,31,200,113.17
auditlog-durable,50,32,200,115.12
auditlog-durable,50,33,200,118.14
auditlog-durable,50,34,200,110.23
auditlog-durable,50,35,200,40.51
auditlog-durable,50,36,200,99.39
auditlog-durable,50,37,200,100.17
auditlog-durable,50,38,200,107.57
auditlog-durable,50,39,200,102.13
auditlog-durable,50,40,200,119.37
auditlog-durable,50,41,200,103.19
auditlog-durable,50,42,200,117.83
auditlog-durable,50,43,200,108.74
auditlog-durable,50,44,200,40.15
auditlog-durable,50,45,200,30.77
auditlog-durable,50,46,200,23.02
auditlog-durable,50,47,200,29.83
auditlog-durable,50,48,200,37.61
auditlog-durable,50,49,200,44.71
auditlog-durable,50,50,200,122.72
auditlog-durable,50,51,200,49.79
auditlog-durable,50,52,200,34.47
auditlog-durable,50,53,200,50.11
auditlog-durable,50,54,200,36.34
auditlog-durable,50,55,200,128.91
auditlog-durable,50,56,200,52.59
auditlog-durable,50,57,200,39.40
auditlog-durable,50,58,200,44.66
auditlog-durable,50,59,200,56.10
auditlog-durable,50,60,200,126.69
auditlog-durable,50,61,200,132.19
auditlog-durable,50,62,200,57.09
auditlog-durable,50,63,200,46.87
auditlog-durable,50,64,200,133.10
auditlog-durable,50,65,200,127.80
auditlog-durable,50,66,200,46.19
auditlog-durable,50,67,200,55.92
auditlog-durable,50,68,200,36.27
auditlog-durable,50,69,200,34.83
auditlog-durable,50,70,200,46.70
auditlog-durable,50,71,200,51.01
auditlog-durable,50,72,200,52.72
auditlog-durable,50,73,200,66.27
auditlog-durable,50,74,200,48.50
auditlog-durable,50,75,200,56.16
auditlog-durable,50,76,200,40.29
auditlog-durable,50,77,200,34.48
auditlog-durable,50,78,200,40.56
auditlog-durable,50,79,200,34.90
auditlog-durable,50,80,200,48.64
auditlog-durable,50,81,200,35.51
auditlog-durable,50,82,200,24.46
auditlog-durable,50,83,200,42.08
auditlog-durable,50,84,200,19.93
auditlog-durable,50,85,200,25.06
auditlog-durable,50,86,200,44.75
auditlog-durable,50,87,200,32.31
auditlog-durable,50,88,200,45.18
auditlog-durable,50,89,200,33.55
auditlog-durable,50,90,200,31.95
auditlog-durable,50,91,200,33.82
auditlog-durable,50,92,200,27.64
auditlog-durable,50,93,200,45.30
auditlog-durable,50,94,200,24.93
auditlog-durable,50,95,200,30.00
auditlog-durable,50,96,200,38.60
auditlog-durable,50,97,200,44.22
auditlog-durable,50,98,200,41.33
auditlog-durable,50,99,200,59.15
auditlog-durable,50,100,200,44.58
auditlog-durable,50,101,200,75.89
auditlog-durable,50,102,200,97.41
auditlog-durable,50,103,200,108.60
auditlog-durable,50,104,200,250.35
auditlog-durable,50,105,200,186.73
auditlog-durable,50,106,200,178.98
auditlog-durable,50,107,200,189.00
auditlog-durable,50,108,200,199.78
auditlog-durable,50,109,200,184.45
auditlog-durable,50,110,200,185.10
auditlog-durable,50,111,200,180.75
auditlog-durable,50,112,200,197.79
auditlog-durable,50,113,200,222.91
auditlog-durable,50,114,200,197.82
auditlog-durable,50,115,200,223.75
auditlog-durable,50,116,200,225.09
auditlog-durable,50,117,200,211.80
auditlog-durable,50,118,200,258.11
auditlog-durable,50,119,200,245.96
auditlog-durable,50,120,200,256.21
auditlog-durable,50,121,200,262.81
auditlog-durable,50,122,200,277.52
auditlog-durable,50,123,200,236.78
auditlog-durable,50,124,200,244.33
auditlog-durable,50,125,200,251.70
auditlog-durable,50,126,200,194.69
auditlog-durable,50,127,200,305.53
auditlog-durable,50,128,200,298.91
auditlog-durable,50,129,200,316.70
auditlog-durable,50,130,200,343.13
auditlog-durable,50,131,200,338.13
auditlog-durable,50,132,200,359.98
auditlog-durable,50,133,200,349.34
auditlog-durable,50,134,200,359.23
auditlog-durable,50,135,200,383.83
auditlog-durable,50,136,200,372.24
auditlog-durable,50,137,200,387.62
auditlog-durable,50,138,200,400.44
auditlog-durable,50,139,200,395.98
auditlog-durable,50,140,200,408.77
auditlog-durable,50,141,200,319.46
auditlog-durable,50,142,200,428.80
auditlog-durable,50,143,200,446.32
auditlog-durable,50,144,200,441.44
auditlog-durable,50,145,200,183.82
auditlog-durable,50,146,200,149.80
auditlog-durable,50,147,200,143.11
auditlog-durable,50,148,200,131.47
auditlog-durable,50,149,200,124.81
auditlog-durable,50,150,200,115.56
auditlog-durable,50,151,200,462.58
auditlog-durable,50,152,200,298.18
auditlog-durable,50,153,200,457.51
auditlog-durable,50,154,200,461.93
auditlog-durable,50,155,200,460.86
auditlog-durable,50,156,200,416.21
auditlog-durable,50,157,200,385.07
auditlog-durable,50,158,200,463.84
auditlog-durable,50,159,200,464.05
auditlog-durable,50,160,200,346.07
auditlog-durable,50,161,200,467.77
auditlog-durable,50,162,200,328.09
auditlog-durable,50,163,200,472.76
auditlog-durable,50,164,200,351.24
auditlog-durable,50,165,200,371.10
auditlog-durable,50,166,200,344.75
auditlog-durable,50,167,200,364.27
auditlog-durable,50,168,200,246.31
auditlog-durable,50,169,200,288.82
auditlog-durable,50,170,200,273.33
auditlog-durable,50,171,200,228.72
auditlog-durable,50,172,200,242.70
auditlog-durable,50,173,200,269.41
auditlog-durable,50,174,200,320.81
auditlog-durable,50,175,200,289.28
auditlog-durable,50,176,200,302.64
auditlog-durable,50,177,200,381.83
auditlog-durable,50,178,200,294.26
auditlog-durable,50,179,200,374.81
auditlog-durable,50,180,200,356.14
auditlog-durable,50,181,200,402.91
auditlog-durable,50,182,200,167.01
auditlog-durable,50,183,200,204.00
auditlog-durable,50,184,200,204.37
auditlog-durable,50,185,200,232.46
auditlog-durable,50,186,200,308.06
auditlog-durable,50,187,200,194.36
auditlog-durable,50,188,200,229.03
auditlog-durable,50,189,200,251.28
auditlog-durable,50,190,200,200.22
auditlog-durable,50,191,200,294.89
auditlog-durable,50,192,200,222.33
auditlog-durable,50,193,200,233.28
auditlog-durable,50,194,200,252.77
auditlog-durable,50,195,200,235.92
auditlog-durable,50,196,200,280.29
auditlog-durable,50,197,200,246.60
auditlog-durable,50,198,200,232.89
auditlog-durable,50,199,200,244.89
auditlog-durable,50,200,200,240.48
auditlog-durable,50,201,200,239.79
auditlog-durable,50,202,200,243.44
auditlog-durable,50,203,200,223.07
auditlog-durable,50,204,200,236.34
auditlog-durable,50,205,200,219.71
auditlog-durable,50,206,200,242.93
auditlog-durable,50,207,200,190.20
auditlog-durable,50,208,200,227.77
auditlog-durable,50,209,200,225.88
auditlog-durable,50,210,200,249.40
auditlog-durable,50,211,200,233.41
auditlog-durable,50,212,200,244.15
auditlog-durable,50,213,200,30.45
auditlog-durable,50,214,200,233.34
auditlog-durable,50,215,200,174.02
auditlog-durable,50,216,200,137.44
auditlog-durable,50,217,200,237.77
auditlog-durable,50,218,200,250.34
auditlog-durable,50,219,200,251.91
auditlog-durable,50,220,200,13.50
auditlog-durable,50,221,200,235.51
auditlog-durable,50,222,200,48.55
auditlog-durable,50,223,200,25.39
auditlog-durable,50,224,200,33.21
auditlog-durable,50,225,200,76.32
auditlog-durable,50,226,200,209.50
auditlog-durable,50,227,200,140.00
auditlog-durable,50,228,200,236.14
auditlog-durable,50,229,200,171.22
auditlog-durable,50,230,200,118.75
auditlog-durable,50,231,200,270.35
auditlog-durable,50,232,200,140.71
auditlog-durable,50,233,200,259.44
auditlog-durable,50,234,200,51.76
auditlog-durable,50,235,200,47.18
auditlog-durable,50,236,200,275.63
auditlog-durable,50,237,200,264.78
auditlog-durable,50,238,200,53.08
auditlog-durable,50,239,200,255.06
auditlog-durable,50,240,200,43.99
auditlog-durable,50,241,200,179.21
auditlog-durable,50,242,200,265.81
auditlog-durable,50,243,200,57.85
auditlog-durable,50,244,200,324.71
auditlog-durable,50,245,200,222.50
auditlog-durable,50,246,200,279.78
auditlog-durable,50,247,200,277.68
auditlog-durable,50,248,200,131.34
auditlog-durable,50,249,200,48.77
auditlog-durable,50,250,200,42.24
auditlog-durable,50,251,200,60.34
auditlog-durable,50,252,200,74.42
auditlog-durable,50,253,200,63.31
auditlog-durable,50,254,200,84.39
auditlog-durable,50,255,200,67.16
auditlog-durable,50,256,200,81.52
auditlog-durable,50,257,200,60.77
auditlog-durable,50,258,200,127.19
auditlog-durable,50,259,200,82.74
auditlog-durable,50,260,200,95.03
auditlog-durable,50,261,200,278.98
auditlog-durable,50,262,200,102.45
auditlog-durable,50,263,200,91.48
auditlog-durable,50,264,200,110.10
auditlog-durable,50,265,200,112.22
auditlog-durable,50,266,200,102.59
auditlog-durable,50,267,200,100.48
auditlog-durable,50,268,200,76.89
auditlog-durable,50,269,200,103.04
auditlog-durable,50,270,200,102.46
auditlog-durable,50,271,200,79.03
auditlog-durable,50,272,200,85.32
auditlog-durable,50,273,200,126.37
auditlog-durable,50,274,200,141.37
auditlog-durable,50,275,200,145.01
auditlog-durable,50,276,200,157.20
auditlog-durable,50,277,200,170.01
auditlog-durable,50,278,200,152.94
auditlog-durable,50,279,200,172.56
auditlog-durable,50,280,200,159.73
auditlog-durable,50,281,200,194.25
auditlog-durable,50,282,200,191.63
auditlog-durable,50,283,200,219.04
auditlog-durable,50,284,200,220.89
auditlog-durable,50,285,200,214.55
auditlog-durable,50,286,200,216.61
auditlog-durable,50,287,200,201.66
auditlog-durable,50,288,200,204.57
auditlog-durable,50,289,200,212.07
auditlog-durable,50,290,200,235.88
auditlog-durable,50,291,200,275.45
auditlog-durable,50,292,200,276.14
auditlog-durable,50,293,200,267.17
auditlog-durable,50,294,200,216.77
auditlog-durable,50,295,200,255.10
auditlog-durable,50,296,200,254.51
auditlog-durable,50,297,200,319.62
auditlog-durable,50,298,200,315.23
auditlog-durable,50,299,200,209.28
auditlog-durable,50,300,200,229.05
auditlog-durable,50,301,200,284.40
auditlog-durable,50,302,200,264.60
auditlog-durable,50,303,200,278.40
auditlog-durable,50,304,200,316.95
auditlog-durable,50,305,200,282.32
auditlog-durable,50,306,200,326.44
auditlog-durable,50,307,200,316.18
auditlog-durable,50,308,200,323.26
auditlog-durable,50,309,200,369.88
auditlog-durable,50,310,200,412.77
auditlog-durable,50,311,200,384.67
auditlog-durable,50,312,200,364.69
auditlog-durable,50,313,200,421.92
auditlog-durable,50,314,200,414.81
auditlog-durable,50,315,200,469.86
auditlog-durable,50,316,200,428.60
auditlog-durable,50,317,200,443.53
auditlog-durable,50,318,200,398.02
auditlog-durable,50,319,200,459.11
auditlog-durable,50,320,200,373.43
auditlog-durable,50,321,200,345.15
auditlog-durable,50,322,200,479.12
auditlog-durable,50,323,200,427.31
auditlog-durable,50,324,200,481.49
auditlog-durable,50,325,200,331.58
auditlog-durable,50,326,200,254.89
auditlog-durable,50,327,200,525.83
auditlog-durable,50,328,200,352.65
auditlog-durable,50,329,200,465.56
auditlog-durable,50,330,200,361.86
auditlog-durable,50,331,200,206.10
auditlog-durable,50,332,200,306.15
auditlog-durable,50,333,200,289.39
auditlog-durable,50,334,200,284.06
auditlog-durable,50,335,200,172.13
auditlog-durable,50,336,200,444.17
auditlog-durable,50,337,200,288.32
auditlog-durable,50,338,200,328.17
auditlog-durable,50,339,200,500.42
auditlog-durable,50,340,200,468.76
auditlog-durable,50,341,200,76.76
auditlog-durable,50,342,200,404.26
auditlog-durable,50,343,200,88.66
auditlog-durable,50,344,200,286.91
auditlog-durable,50,345,200,188.70
auditlog-durable,50,346,200,385.94
auditlog-durable,50,347,200,383.86
auditlog-durable,50,348,200,134.70
auditlog-durable,50,349,200,56.67
auditlog-durable,50,350,200,305.23
auditlog-durable,50,351,200,323.44
auditlog-durable,50,352,200,300.59
auditlog-durable,50,353,200,49.28
auditlog-durable,50,354,200,454.14
auditlog-durable,50,355,200,48.15
auditlog-durable,50,356,200,61.60
auditlog-durable,50,357,200,246.59
auditlog-durable,50,358,200,193.06
auditlog-durable,50,359,200,239.89
auditlog-durable,50,360,200,290.96
auditlog-durable,50,361,200,419.30
auditlog-durable,50,362,200,45.93
auditlog-durable,50,363,200,65.15
auditlog-durable,50,364,200,126.54
auditlog-durable,50,365,200,466.34
auditlog-durable,50,366,200,163.74
auditlog-durable,50,367,200,464.41
auditlog-durable,50,368,200,130.95
auditlog-durable,50,369,200,551.62
auditlog-durable,50,370,200,244.91
auditlog-durable,50,371,200,96.36
auditlog-durable,50,372,200,207.82
auditlog-durable,50,373,200,107.71
auditlog-durable,50,374,200,121.01
auditlog-durable,50,375,200,405.17
auditlog-durable,50,376,200,120.35
auditlog-durable,50,377,200,124.12
auditlog-durable,50,378,200,357.20
auditlog-durable,50,379,200,134.70
auditlog-durable,50,380,200,138.94
auditlog-durable,50,381,200,173.37
auditlog-durable,50,382,200,225.63
auditlog-durable,50,383,200,481.57
auditlog-durable,50,384,200,216.87
auditlog-durable,50,385,200,367.98
auditlog-durable,50,386,200,209.31
auditlog-durable,50,387,200,170.26
auditlog-durable,50,388,200,210.95
auditlog-durable,50,389,200,215.27
auditlog-durable,50,390,200,214.79
auditlog-durable,50,391,200,238.52
auditlog-durable,50,392,200,261.59
auditlog-durable,50,393,200,272.20
auditlog-durable,50,394,200,311.76
auditlog-durable,50,395,200,260.52
auditlog-durable,50,396,200,302.73
auditlog-durable,50,397,200,270.17
auditlog-durable,50,398,200,321.51
auditlog-durable,50,399,200,308.15
auditlog-durable,50,400,200,368.04
auditlog-durable,50,401,200,375.23
auditlog-durable,50,402,200,413.52
auditlog-durable,50,403,200,426.68
auditlog-durable,50,404,200,458.47
auditlog-durable,50,405,200,493.19
auditlog-durable,50,406,200,546.33
auditlog-durable,50,407,200,418.90
auditlog-durable,50,408,200,439.25
auditlog-durable,50,409,200,454.62
auditlog-durable,50,410,200,457.42
auditlog-durable,50,411,200,482.40
auditlog-durable,50,412,200,580.34
auditlog-durable,50,413,200,753.52
auditlog-durable,50,414,200,746.72
auditlog-durable,50,415,200,640.63
auditlog-durable,50,416,200,481.18
auditlog-durable,50,417,200,694.57
auditlog-durable,50,418,200,681.27
auditlog-durable,50,419,200,661.61
auditlog-durable,50,420,200,685.23
auditlog-durable,50,421,200,716.12
auditlog-durable,50,422,200,600.80
auditlog-durable,50,423,200,804.51
auditlog-durable,50,424,200,815.10
auditlog-durable,50,425,200,774.50
auditlog-durable,50,426,200,429.02
auditlog-durable,50,427,200,640.82
auditlog-durable,50,428,200,632.11
auditlog-durable,50,429,200,733.27
auditlog-durable,50,430,200,542.07
auditlog-durable,50,431,200,698.97
auditlog-durable,50,432,200,633.82
auditlog-durable,50,433,200,521.47
auditlog-durable,50,434,200,824.90
auditlog-durable,50,435,200,543.24
auditlog-durable,50,436,200,698.66
auditlog-durable,50,437,200,550.97
auditlog-durable,50,438,200,619.31
auditlog-durable,50,439,200,534.10
auditlog-durable,50,440,200,555.25
auditlog-durable,50,441,200,632.47
auditlog-durable,50,442,200,638.41
auditlog-durable,50,443,200,749.45
auditlog-durable,50,444,200,447.44
auditlog-durable,50,445,200,647.53
auditlog-durable,50,446,200,597.34
auditlog-durable,50,447,200,563.15
auditlog-durable,50,448,200,712.71
auditlog-durable,50,449,200,624.77
auditlog-durable,50,450,200,297.67
auditlog-durable,50,451,200,277.47
auditlog-durable,50,452,200,445.78
auditlog-durable,50,453,200,355.38
auditlog-durable,50,454,200,303.50
auditlog-durable,50,455,200,437.81
auditlog-durable,50,456,200,300.67
auditlog-durable,50,457,200,310.73
auditlog-durable,50,458,200,755.00
auditlog-durable,50,459,200,364.11
auditlog-durable,50,460,200,753.55
auditlog-durable,50,461,200,288.82
auditlog-durable,50,462,200,125.40
auditlog-durable,50,463,200,136.01
auditlog-durable,50,464,200,144.12
auditlog-durable,50,465,200,131.61
auditlog-durable,50,466,200,97.64
auditlog-durable,50,467,200,146.46
auditlog-durable,50,468,200,121.47
auditlog-durable,50,469,200,157.75
auditlog-durable,50,470,200,110.77
auditlog-durable,50,471,200,339.72
auditlog-durable,50,472,200,132.37
auditlog-durable,50,473,200,144.93
auditlog-durable,50,474,200,109.13
auditlog-durable,50,475,200,105.27
auditlog-durable,50,476,200,113.82
auditlog-durable,50,477,200,105.98
auditlog-durable,50,478,200,88.34
auditlog-durable,50,479,200,90.81
auditlog-durable,50,480,200,99.36
auditlog-durable,50,481,200,123.73
auditlog-durable,50,482,200,77.80
auditlog-durable,50,483,200,108.67
auditlog-durable,50,484,200,111.77
auditlog-durable,50,485,200,95.30
auditlog-durable,50,486,200,95.80
auditlog-durable,50,487,200,92.55
auditlog-durable,50,488,200,122.44
auditlog-durable,50,489,200,98.54
auditlog-durable,50,490,200,31.45
auditlog-durable,50,491,200,114.77
auditlog-durable,50,492,200,94.66
auditlog-durable,50,493,200,113.54
auditlog-durable,50,494,200,125.77
auditlog-durable,50,495,200,102.56
auditlog-durable,50,496,200,106.35
auditlog-durable,50,497,200,31.35
auditlog-durable,50,498,200,116.02
auditlog-durable,50,499,200,96.79
auditlog-durable,50,500,200,35.62
auditlog-durable,50,501,200,65.76
auditlog-durable,50,502,200,34.98
auditlog-durable,50,503,200,38.65
auditlog-durable,50,504,200,41.34
auditlog-durable,50,505,200,39.70
auditlog-durable,50,506,200,101.05
auditlog-durable,50,507,200,50.05
auditlog-durable,50,508,200,149.44
auditlog-durable,50,509,200,43.82
auditlog-durable,50,510,200,109.62
auditlog-durable,50,511,200,98.52
auditlog-durable,50,512,200,100.40
auditlog-durable,50,513,200,138.77
auditlog-durable,50,514,200,35.96
auditlog-durable,50,515,200,140.98
auditlog-durable,50,516,200,40.81
auditlog-durable,50,517,200,52.03
auditlog-durable,50,518,200,62.39
auditlog-durable,50,519,200,45.23
auditlog-durable,50,520,200,115.33
auditlog-durable,50,521,200,40.97
auditlog-durable,50,522,200,108.26
auditlog-durable,50,523,200,38.02
auditlog-durable,50,524,200,107.55
auditlog-durable,50,525,200,118.06
auditlog-durable,50,526,200,140.09
auditlog-durable,50,527,200,38.32
auditlog-durable,50,528,200,40.65
auditlog-durable,50,529,200,31.68
auditlog-durable,50,530,200,40.88
auditlog-durable,50,531,200,36.62
auditlog-durable,50,532,200,36.30
auditlog-durable,50,533,200,32.70
auditlog-durable,50,534,200,42.79
auditlog-durable,50,535,200,46.51
auditlog-durable,50,536,200,25.10
auditlog-durable,50,537,200,17.54
auditlog-durable,50,538,200,113.16
auditlog-durable,50,539,200,27.14
auditlog-durable,50,540,200,125.06
auditlog-durable,50,541,200,29.90
auditlog-durable,50,542,200,33.63
auditlog-durable,50,543,200,22.38
auditlog-durable,50,544,200,23.83
auditlog-durable,50,545,200,54.39
auditlog-durable,50,546,200,36.75
auditlog-durable,50,547,200,38.89
auditlog-durable,50,548,200,25.14
auditlog-durable,50,549,200,36.64
auditlog-durable,50,550,200,29.29
auditlog-durable,50,551,200,49.21
auditlog-durable,50,552,200,50.76
auditlog-durable,50,553,200,56.03
auditlog-durable,50,554,200,78.92
auditlog-durable,50,555,200,86.30
auditlog-durable,50,556,200,119.57
auditlog-durable,50,557,200,142.10
auditlog-durable,50,558,200,167.13
auditlog-durable,50,559,200,167.61
auditlog-durable,50,560,200,193.73
auditlog-durable,50,561,200,186.93
auditlog-durable,50,562,200,216.05
auditlog-durable,50,563,200,196.43
auditlog-durable,50,564,200,197.78
auditlog-durable,50,565,200,203.58
auditlog-durable,50,566,200,197.97
auditlog-durable,50,567,200,206.11
auditlog-durable,50,568,200,207.54
auditlog-durable,50,569,200,200.72
auditlog-durable,50,570,200,216.89
auditlog-durable,50,571,200,215.21
auditlog-durable,50,572,200,223.07
auditlog-durable,50,573,200,218.29
auditlog-durable,50,574,200,215.35
auditlog-durable,50,575,200,240.88
auditlog-durable,50,576,200,257.16
auditlog-durable,50,577,200,264.90
auditlog-durable,50,578,200,262.01
auditlog-durable,50,579,200,290.88
auditlog-durable,50,580,200,289.83
auditlog-durable,50,581,200,282.29
auditlog-durable,50,582,200,295.55
auditlog-durable,50,583,200,309.01
auditlog-durable,50,584,200,292.64
auditlog-durable,50,585,200,339.79
auditlog-durable,50,586,200,338.42
auditlog-durable,50,587,200,333.50
auditlog-durable,50,588,200,338.05
auditlog-durable,50,589,200,349.22
auditlog-durable,50,590,200,188.92
auditlog-durable,50,591,200,204.16
auditlog-durable,50,592,200,204.57
auditlog-durable,50,593,200,210.56
auditlog-durable,50,594,200,198.86
auditlog-durable,50,595,200,187.63
auditlog-durable,50,596,200,162.69
auditlog-durable,50,597,200,398.40
auditlog-durable,50,598,200,425.11
auditlog-durable,50,599,200,409.84
auditlog-durable,50,600,200,423.00
auditlog-durable,50,601,200,423.59
auditlog-durable,50,602,200,415.82
auditlog-durable,50,603,200,427.45
auditlog-durable,50,604,200,410.33
auditlog-durable,50,605,200,412.20
auditlog-durable,50,606,200,384.37
auditlog-durable,50,607,200,434.79
auditlog-durable,50,608,200,425.16
auditlog-durable,50,609,200,415.83
auditlog-durable,50,610,200,297.45
auditlog-durable,50,611,200,383.24
auditlog-durable,50,612,200,262.58
auditlog-durable,50,613,200,365.84
auditlog-durable,50,614,200,273.08
auditlog-durable,50,615,200,334.65
auditlog-durable,50,616,200,280.98
auditlog-durable,50,617,200,316.36
auditlog-durable,50,618,200,232.96
auditlog-durable,50,619,200,249.56
auditlog-durable,50,620,200,238.61
auditlog-durable,50,621,200,230.75
auditlog-durable,50,622,200,228.22
auditlog-durable,50,623,200,207.55
auditlog-durable,50,624,200,174.86
auditlog-durable,50,625,200,251.20
auditlog-durable,50,626,200,254.43
auditlog-durable,50,627,200,201.19
auditlog-durable,50,628,200,153.95
auditlog-durable,50,629,200,123.40
auditlog-durable,50,630,200,176.64
auditlog-durable,50,631,200,135.04
auditlog-durable,50,632,200,163.94
auditlog-durable,50,633,200,161.99
auditlog-durable,50,634,200,162.88
auditlog-durable,50,635,200,311.74
auditlog-durable,50,636,200,150.85
auditlog-durable,50,637,200,181.11
auditlog-durable,50,638,200,216.91
auditlog-durable,50,639,200,242.00
auditlog-durable,50,640,200,216.47
auditlog-durable,50,641,200,348.24
auditlog-durable,50,642,200,216.07
auditlog-durable,50,643,200,218.97
auditlog-durable,50,644,200,249.58
auditlog-durable,50,645,200,220.36
auditlog-durable,50,646,200,235.83
auditlog-durable,50,647,200,249.84
auditlog-durable,50,648,200,261.80
auditlog-durable,50,649,200,229.29
auditlog-durable,50,650,200,253.72
auditlog-durable,50,651,200,224.00
auditlog-durable,50,652,200,257.16
auditlog-durable,50,653,200,266.39
auditlog-durable,50,654,200,216.36
auditlog-durable,50,655,200,280.76
auditlog-durable,50,656,200,296.63
auditlog-durable,50,657,200,321.26
auditlog-durable,50,658,200,341.33
auditlog-durable,50,659,200,341.71
auditlog-durable,50,660,200,391.30
auditlog-durable,50,661,200,413.53
auditlog-durable,50,662,200,424.31
auditlog-durable,50,663,200,427.81
auditlog-durable,50,664,200,392.69
auditlog-durable,50,665,200,342.29
auditlog-durable,50,666,200,433.22
auditlog-durable,50,667,200,419.91
auditlog-durable,50,668,200,449.83
auditlog-durable,50,669,200,436.12
auditlog-durable,50,670,200,424.53
auditlog-durable,50,671,200,437.67
auditlog-durable,50,672,200,430.71
auditlog-durable,50,673,200,438.48
auditlog-durable,50,674,200,443.90
auditlog-durable,50,675,200,234.81
auditlog-durable,50,676,200,437.47
auditlog-durable,50,677,200,237.54
auditlog-durable,50,678,200,214.67
auditlog-durable,50,679,200,239.76
auditlog-durable,50,680,200,239.14
auditlog-durable,50,681,200,255.23
auditlog-durable,50,682,200,440.67
auditlog-durable,50,683,200,351.69
auditlog-durable,50,684,200,196.21
auditlog-durable,50,685,200,197.33
auditlog-durable,50,686,200,230.48
auditlog-durable,50,687,200,275.82
auditlog-durable,50,688,200,362.95
auditlog-durable,50,689,200,437.34
auditlog-durable,50,690,200,443.78
auditlog-durable,50,691,200,433.59
auditlog-durable,50,692,200,403.78
auditlog-durable,50,693,200,313.64
auditlog-durable,50,694,200,361.60
auditlog-durable,50,695,200,116.94
auditlog-durable,50,696,200,210.08
auditlog-durable,50,697,200,200.14
auditlog-durable,50,698,200,442.47
auditlog-durable,50,699,200,458.32
auditlog-durable,50,700,200,212.15
auditlog-durable,50,701,200,221.03
auditlog-durable,50,702,200,214.86
auditlog-durable,50,703,200,444.93
auditlog-durable,50,704,200,159.33
auditlog-durable,50,705,200,455.56
auditlog-durable,50,706,200,185.21
auditlog-durable,50,707,200,29.35
auditlog-durable,50,708,200,141.65
auditlog-durable,50,709,200,28.68
auditlog-durable,50,710,200,210.74
auditlog-durable,50,711,200,50.29
auditlog-durable,50,712,200,104.57
auditlog-durable,50,713,200,31.97
auditlog-durable,50,714,200,30.34
auditlog-durable,50,715,200,32.39
auditlog-durable,50,716,200,30.40
auditlog-durable,50,717,200,25.23
auditlog-durable,50,718,200,36.18
auditlog-durable,50,719,200,31.90
auditlog-durable,50,720,200,22.38
auditlog-durable,50,721,200,30.38
auditlog-durable,50,722,200,45.45
auditlog-durable,50,723,200,35.07
auditlog-durable,50,724,200,34.60
auditlog-durable,50,725,200,42.39
auditlog-durable,50,726,200,40.27
auditlog-durable,50,727,200,37.79
auditlog-durable,50,728,200,37.48
auditlog-durable,50,729,200,38.10
auditlog-durable,50,730,200,39.74
auditlog-durable,50,731,200,35.87
auditlog-durable,50,732,200,44.49
auditlog-durable,50,733,200,38.01
auditlog-durable,50,734,200,47.85
auditlog-durable,50,735,200,37.45
auditlog-durable,50,736,200,46.83
auditlog-durable,50,737,200,52.32
auditlog-durable,50,738,200,48.26
auditlog-durable,50,739,200,48.27
auditlog-durable,50,740,200,58.19
auditlog-durable,50,741,200,67.74
auditlog-durable,50,742,200,67.72
auditlog-durable,50,743,200,62.74
auditlog-durable,50,744,200,61.52
auditlog-durable,50,745,200,25.55
auditlog-durable,50,746,200,70.17
auditlog-durable,50,747,200,73.23
auditlog-durable,50,748,200,78.18
auditlog-durable,50,749,200,77.13
auditlog-durable,50,750,200,41.75
auditlog-durable,50,751,200,48.31
auditlog-durable,50,752,200,73.43
auditlog-durable,50,753,200,45.12
auditlog-durable,50,754,200,59.20
auditlog-durable,50,755,200,48.01
auditlog-durable,50,756,200,71.65
auditlog-durable,50,757,200,60.49
auditlog-durable,50,758,200,72.13
auditlog-durable,50,759,200,68.04
auditlog-durable,50,760,200,47.64
auditlog-durable,50,761,200,51.40
auditlog-durable,50,762,200,71.61
auditlog-durable,50,763,200,77.88
auditlog-durable,50,764,200,76.18
auditlog-durable,50,765,200,54.12
auditlog-durable,50,766,200,86.29
auditlog-durable,50,767,200,56.33
auditlog-durable,50,768,200,83.54
auditlog-durable,50,769,200,141.21
auditlog-durable,50,770,200,184.78
auditlog-durable,50,771,200,174.97
auditlog-durable,50,772,200,172.87
auditlog-durable,50,773,200,215.11
auditlog-durable,50,774,200,212.68
auditlog-durable,50,775,200,226.76
auditlog-durable,50,776,200,234.32
auditlog-durable,50,777,200,254.57
auditlog-durable,50,778,200,246.74
auditlog-durable,50,779,200,187.97
auditlog-durable,50,780,200,189.85
auditlog-durable,50,781,200,189.21
auditlog-durable,50,782,200,190.99
auditlog-durable,50,783,200,190.96
auditlog-durable,50,784,200,192.78
auditlog-durable,50,785,200,196.30
auditlog-durable,50,786,200,203.49
auditlog-durable,50,787,200,208.14
auditlog-durable,50,788,200,257.17
auditlog-durable,50,789,200,246.58
auditlog-durable,50,790,200,263.09
auditlog-durable,50,791,200,272.50
auditlog-durable,50,792,200,280.77
auditlog-durable,50,793,200,299.23
auditlog-durable,50,794,200,311.42
auditlog-durable,50,795,200,298.73
auditlog-durable,50,796,200,352.54
auditlog-durable,50,797,200,358.36
auditlog-durable,50,798,200,361.96
auditlog-durable,50,799,200,314.28
auditlog-durable,50,800,200,319.46
auditlog-durable,50,801,200,314.86
auditlog-durable,50,802,200,352.12
auditlog-durable,50,803,200,332.20
auditlog-durable,50,804,200,376.49
auditlog-durable,50,805,200,286.05
auditlog-durable,50,806,200,337.48
auditlog-durable,50,807,200,337.18
auditlog-durable,50,808,200,329.74
auditlog-durable,50,809,200,337.72
auditlog-durable,50,810,200,347.76
auditlog-durable,50,811,200,348.34
auditlog-durable,50,812,200,360.01
auditlog-durable,50,813,200,372.18
auditlog-durable,50,814,200,360.30
auditlog-durable,50,815,200,359.40
auditlog-durable,50,816,200,189.35
auditlog-durable,50,817,200,362.78
auditlog-durable,50,818,200,289.95
auditlog-durable,50,819,200,182.89
auditlog-durable,50,820,200,182.47
auditlog-durable,50,821,200,217.80
auditlog-durable,50,822,200,268.10
auditlog-durable,50,823,200,193.00
auditlog-durable,50,824,200,305.73
auditlog-durable,50,825,200,286.70
auditlog-durable,50,826,200,429.11
auditlog-durable,50,827,200,278.71
auditlog-durable,50,828,200,274.11
auditlog-durable,50,829,200,340.83
auditlog-durable,50,830,200,463.74
auditlog-durable,50,831,200,276.79
auditlog-durable,50,832,200,297.03
auditlog-durable,50,833,200,254.90
auditlog-durable,50,834,200,253.98
auditlog-durable,50,835,200,295.85
auditlog-durable,50,836,200,311.77
auditlog-durable,50,837,200,296.15
auditlog-durable,50,838,200,276.88
auditlog-durable,50,839,200,256.08
auditlog-durable,50,840,200,290.65
auditlog-durable,50,841,200,253.49
auditlog-durable,50,842,200,248.68
auditlog-durable,50,843,200,208.75
auditlog-durable,50,844,200,175.47
auditlog-durable,50,845,200,315.41
auditlog-durable,50,846,200,234.21
auditlog-durable,50,847,200,226.03
auditlog-durable,50,848,200,233.58
auditlog-durable,50,849,200,215.10
auditlog-durable,50,850,200,287.21
auditlog-durable,50,851,200,311.02
auditlog-durable,50,852,200,260.00
auditlog-durable,50,853,200,305.96
auditlog-durable,50,854,200,267.18
auditlog-durable,50,855,200,276.09
auditlog-durable,50,856,200,283.24
auditlog-durable,50,857,200,352.34
auditlog-durable,50,858,200,200.44
auditlog-durable,50,859,200,194.26
auditlog-durable,50,860,200,277.28
auditlog-durable,50,861,200,299.41
auditlog-durable,50,862,200,198.36
auditlog-durable,50,863,200,306.39
auditlog-durable,50,864,200,347.27
auditlog-durable,50,865,200,255.87
auditlog-durable,50,866,200,309.18
auditlog-durable,50,867,200,330.85
auditlog-durable,50,868,200,341.68
auditlog-durable,50,869,200,331.40
auditlog-durable,50,870,200,358.62
auditlog-durable,50,871,200,217.83
auditlog-durable,50,872,200,286.43
auditlog-durable,50,873,200,247.45
auditlog-durable,50,874,200,402.37
auditlog-durable,50,875,200,434.58
auditlog-durable,50,876,200,270.38
auditlog-durable,50,877,200,413.51
auditlog-durable,50,878,200,387.53
auditlog-durable,50,879,200,386.74
auditlog-durable,50,880,200,395.35
auditlog-durable,50,881,200,513.55
auditlog-durable,50,882,200,405.10
auditlog-durable,50,883,200,385.20
auditlog-durable,50,884,200,312.49
auditlog-durable,50,885,200,395.11
auditlog-durable,50,886,200,207.76
auditlog-durable,50,887,200,329.72
auditlog-durable,50,888,200,341.10
auditlog-durable,50,889,200,256.74
auditlog-durable,50,890,200,259.50
auditlog-durable,50,891,200,389.23
auditlog-durable,50,892,200,320.29
auditlog-durable,50,893,200,548.72
auditlog-durable,50,894,200,353.45
auditlog-durable,50,895,200,230.63
auditlog-durable,50,896,200,359.84
auditlog-durable,50,897,200,411.84
auditlog-durable,50,898,200,200.44
auditlog-durable,50,899,200,224.03
auditlog-durable,50,900,200,267.19
auditlog-durable,50,901,200,564.64
auditlog-durable,50,902,200,226.94
auditlog-durable,50,903,200,404.99
auditlog-durable,50,904,200,400.03
auditlog-durable,50,905,200,186.02
auditlog-durable,50,906,200,343.08
auditlog-durable,50,907,200,206.64
auditlog-durable,50,908,200,232.42
auditlog-durable,50,909,200,174.25
auditlog-durable,50,910,200,30.23
auditlog-durable,50,911,200,230.36
auditlog-durable,50,912,200,466.47
auditlog-durable,50,913,200,277.13
auditlog-durable,50,914,200,280.93
auditlog-durable,50,915,200,549.63
auditlog-durable,50,916,200,370.25
auditlog-durable,50,917,200,280.63
auditlog-durable,50,918,200,144.48
auditlog-durable,50,919,200,169.71
auditlog-durable,50,920,200,279.01
auditlog-durable,50,921,200,31.85
auditlog-durable,50,922,200,258.37
auditlog-durable,50,923,200,33.23
auditlog-durable,50,924,200,195.65
auditlog-durable,50,925,200,31.39
auditlog-durable,50,926,200,251.28
auditlog-durable,50,927,200,446.79
auditlog-durable,50,928,200,215.03
auditlog-durable,50,929,200,423.60
auditlog-durable,50,930,200,263.45
auditlog-durable,50,931,200,46.29
auditlog-durable,50,932,200,27.88
auditlog-durable,50,933,200,37.86
auditlog-durable,50,934,200,37.64
auditlog-durable,50,935,200,35.69
auditlog-durable,50,936,200,36.03
auditlog-durable,50,937,200,28.18
auditlog-durable,50,938,200,29.09
auditlog-durable,50,939,200,29.99
auditlog-durable,50,940,200,29.68
auditlog-durable,50,941,200,23.09
auditlog-durable,50,942,200,39.54
auditlog-durable,50,943,200,37.13
auditlog-durable,50,944,200,239.82
auditlog-durable,50,945,200,31.39
auditlog-durable,50,946,200,29.58
auditlog-durable,50,947,200,30.34
auditlog-durable,50,948,200,22.81
auditlog-durable,50,949,200,30.04
auditlog-durable,50,950,200,31.03
auditlog-durable,50,951,200,29.87
auditlog-durable,50,952,200,22.95
auditlog-durable,50,953,200,23.56
auditlog-durable,50,954,200,23.87
auditlog-durable,50,955,200,23.43
auditlog-durable,50,956,200,22.87
auditlog-durable,50,957,200,14.04
auditlog-durable,50,958,200,15.44
auditlog-durable,50,959,200,19.32
auditlog-durable,50,960,200,17.51
auditlog-durable,50,961,200,19.90
auditlog-durable,50,962,200,13.52
auditlog-durable,50,963,200,22.77
auditlog-durable,50,964,200,23.79
auditlog-durable,50,965,200,24.80
auditlog-durable,50,966,200,18.41
auditlog-durable,50,967,200,24.52
auditlog-durable,50,968,200,27.14
auditlog-durable,50,969,200,17.95
auditlog-durable,50,970,200,19.69
auditlog-durable,50,971,200,20.21
auditlog-durable,50,972,200,29.26
auditlog-durable,50,973,200,28.82
auditlog-durable,50,974,200,21.10
auditlog-durable,50,975,200,30.64
auditlog-durable,50,976,200,18.92
auditlog-durable,50,977,200,18.92
auditlog-durable,50,978,200,19.59
auditlog-durable,50,979,200,20.21
auditlog-durable,50,980,200,19.01
auditlog-durable,50,981,200,22.38
auditlog-durable,50,982,200,23.08
auditlog-durable,50,983,200,32.67
auditlog-durable,50,984,200,22.34
auditlog-durable,50,985,200,23.78
auditlog-durable,50,986,200,23.42
auditlog-durable,50,987,200,34.53
auditlog-durable,50,988,200,25.96
auditlog-durable,50,989,200,25.78
auditlog-durable,50,990,200,25.52
auditlog-durable,50,991,200,31.88
auditlog-durable,50,992,200,26.64
auditlog-durable,50,993,200,31.68
auditlog-durable,50,994,200,26.39
auditlog-durable,50,995,200,39.42
auditlog-durable,50,996,200,28.20
auditlog-durable,50,997,200,28.14
auditlog-durable,50,998,200,30.67
auditlog-durable,50,999,200,30.28
