label,function,sample,latency_ms
o2p1-single,RegisterDocument,0,2158.78
o2p1-single,RegisterDocument,1,2160.04
o2p1-single,RegisterDocument,2,2161.31
o2p1-single,RegisterDocument,3,2161.94
o2p1-single,RegisterDocument,4,2164.24
o2p1-single,RegisterDocument,5,2164.41
o2p1-single,RegisterDocument,6,2164.80
o2p1-single,RegisterDocument,7,2166.34
o2p1-single,RegisterDocument,8,2166.90
o2p1-single,RegisterDocument,9,2170.02
o2p1-single,RegisterDocument,10,2171.70
o2p1-single,RegisterDocument,11,2172.60
o2p1-single,RegisterDocument,12,2174.14
o2p1-single,RegisterDocument,13,2175.05
o2p1-single,RegisterDocument,14,2175.19
o2p1-single,RegisterDocument,15,2175.45
o2p1-single,RegisterDocument,16,2175.62
o2p1-single,RegisterDocument,17,2177.71
o2p1-single,RegisterDocument,18,2179.20
o2p1-single,RegisterDocument,19,2179.97
o2p1-single,RegisterDocument,20,2180.33
o2p1-single,RegisterDocument,21,2180.33
o2p1-single,RegisterDocument,22,2180.68
o2p1-single,RegisterDocument,23,2180.76
o2p1-single,RegisterDocument,24,2182.72
o2p1-single,RegisterDocument,25,2183.07
o2p1-single,RegisterDocument,26,2183.59
o2p1-single,RegisterDocument,27,2185.01
o2p1-single,RegisterDocument,28,2185.38
o2p1-single,RegisterDocument,29,2185.98
o2p1-single,RegisterDocument,30,2186.18
o2p1-single,RegisterDocument,31,2186.82
o2p1-single,RegisterDocument,32,2186.85
o2p1-single,RegisterDocument,33,2187.55
o2p1-single,RegisterDocument,34,2187.79
o2p1-single,RegisterDocument,35,2187.85
o2p1-single,RegisterDocument,36,2187.91
o2p1-single,RegisterDocument,37,2189.57
o2p1-single,RegisterDocument,38,2189.64
o2p1-single,RegisterDocument,39,2189.72
o2p1-single,RegisterDocument,40,2190.00
o2p1-single,RegisterDocument,41,2191.23
o2p1-single,RegisterDocument,42,2191.68
o2p1-single,RegisterDocument,43,2192.26
o2p1-single,RegisterDocument,44,2193.35
o2p1-single,RegisterDocument,45,2193.47
o2p1-single,RegisterDocument,46,2194.59
o2p1-single,RegisterDocument,47,2194.77
o2p1-single,RegisterDocument,48,2195.89
o2p1-single,RegisterDocument,49,2197.01
o2p1-single,RegisterDocument,50,2197.37
o2p1-single,RegisterDocument,51,2198.70
o2p1-single,RegisterDocument,52,2198.86
o2p1-single,RegisterDocument,53,2199.16
o2p1-single,RegisterDocument,54,2199.91
o2p1-single,RegisterDocument,55,2200.05
o2p1-single,RegisterDocument,56,2200.11
o2p1-single,RegisterDocument,57,2200.59
o2p1-single,RegisterDocument,58,2201.99
o2p1-single,RegisterDocument,59,2203.13
o2p1-single,RegisterDocument,60,2203.26
o2p1-single,RegisterDocument,61,2203.39
o2p1-single,RegisterDocument,62,2203.97
o2p1-single,RegisterDocument,63,2204.27
o2p1-single,RegisterDocument,64,2204.55
o2p1-single,RegisterDocument,65,2205.01
o2p1-single,RegisterDocument,66,2205.08
o2p1-single,RegisterDocument,67,2205.09
o2p1-single,RegisterDocument,68,2205.56
o2p1-single,RegisterDocument,69,2205.57
o2p1-single,RegisterDocument,70,2206.18
o2p1-single,RegisterDocument,71,2206.36
o2p1-single,RegisterDocument,72,2206.39
o2p1-single,RegisterDocument,73,2206.43
o2p1-single,RegisterDocument,74,2206.87
o2p1-single,RegisterDocument,75,2207.03
o2p1-single,RegisterDocument,76,2207.26
o2p1-single,RegisterDocument,77,2207.40
o2p1-single,RegisterDocument,78,2207.43
o2p1-single,RegisterDocument,79,2208.30
o2p1-single,RegisterDocument,80,2208.30
o2p1-single,RegisterDocument,81,2208.39
o2p1-single,RegisterDocument,82,2208.59
o2p1-single,RegisterDocument,83,2208.99
o2p1-single,RegisterDocument,84,2209.22
o2p1-single,RegisterDocument,85,2209.47
o2p1-single,RegisterDocument,86,2210.02
o2p1-single,RegisterDocument,87,2210.03
o2p1-single,RegisterDocument,88,2210.24
o2p1-single,RegisterDocument,89,2210.40
o2p1-single,RegisterDocument,90,2210.80
o2p1-single,RegisterDocument,91,2210.84
o2p1-single,RegisterDocument,92,2210.94
o2p1-single,RegisterDocument,93,2211.49
o2p1-single,RegisterDocument,94,2211.51
o2p1-single,RegisterDocument,95,2211.77
o2p1-single,RegisterDocument,96,2212.32
o2p1-single,RegisterDocument,97,2212.36
o2p1-single,RegisterDocument,98,2212.60
o2p1-single,RegisterDocument,99,2212.62
o2p1-single,RegisterDocument,100,2212.67
o2p1-single,RegisterDocument,101,2212.73
o2p1-single,RegisterDocument,102,2212.91
o2p1-single,RegisterDocument,103,2212.97
o2p1-single,RegisterDocument,104,2213.12
o2p1-single,RegisterDocument,105,2213.63
o2p1-single,RegisterDocument,106,2213.82
o2p1-single,RegisterDocument,107,2214.48
o2p1-single,RegisterDocument,108,2214.51
o2p1-single,RegisterDocument,109,2214.75
o2p1-single,RegisterDocument,110,2215.45
o2p1-single,RegisterDocument,111,2216.09
o2p1-single,RegisterDocument,112,2216.16
o2p1-single,RegisterDocument,113,2216.22
o2p1-single,RegisterDocument,114,2216.32
o2p1-single,RegisterDocument,115,2216.33
o2p1-single,RegisterDocument,116,2216.56
o2p1-single,RegisterDocument,117,2217.19
o2p1-single,RegisterDocument,118,2217.26
o2p1-single,RegisterDocument,119,2217.43
o2p1-single,RegisterDocument,120,2217.62
o2p1-single,RegisterDocument,121,2217.94
o2p1-single,RegisterDocument,122,2218.04
o2p1-single,RegisterDocument,123,2218.10
o2p1-single,RegisterDocument,124,2218.19
o2p1-single,RegisterDocument,125,2218.28
o2p1-single,RegisterDocument,126,2218.28
o2p1-single,RegisterDocument,127,2218.46
o2p1-single,RegisterDocument,128,2219.11
o2p1-single,RegisterDocument,129,2219.16
o2p1-single,RegisterDocument,130,2219.16
o2p1-single,RegisterDocument,131,2219.46
o2p1-single,RegisterDocument,132,2219.64
o2p1-single,RegisterDocument,133,2219.71
o2p1-single,RegisterDocument,134,2219.75
o2p1-single,RegisterDocument,135,2219.84
o2p1-single,RegisterDocument,136,2219.89
o2p1-single,RegisterDocument,137,2220.27
o2p1-single,RegisterDocument,138,2220.43
o2p1-single,RegisterDocument,139,2220.80
o2p1-single,RegisterDocument,140,2220.80
o2p1-single,RegisterDocument,141,2221.02
o2p1-single,RegisterDocument,142,2221.07
o2p1-single,RegisterDocument,143,2221.15
o2p1-single,RegisterDocument,144,2221.77
o2p1-single,RegisterDocument,145,2221.96
o2p1-single,RegisterDocument,146,2222.01
o2p1-single,RegisterDocument,147,2222.27
o2p1-single,RegisterDocument,148,2222.37
o2p1-single,RegisterDocument,149,2222.95
o2p1-single,RegisterDocument,150,2222.97
o2p1-single,RegisterDocument,151,2223.26
o2p1-single,RegisterDocument,152,2223.32
o2p1-single,RegisterDocument,153,2223.49
o2p1-single,RegisterDocument,154,2223.96
o2p1-single,RegisterDocument,155,2224.15
o2p1-single,RegisterDocument,156,2224.40
o2p1-single,RegisterDocument,157,2224.62
o2p1-single,RegisterDocument,158,2224.75
o2p1-single,RegisterDocument,159,2225.71
o2p1-single,RegisterDocument,160,2225.76
o2p1-single,RegisterDocument,161,2225.83
o2p1-single,RegisterDocument,162,2225.87
o2p1-single,RegisterDocument,163,2225.98
o2p1-single,RegisterDocument,164,2226.15
o2p1-single,RegisterDocument,165,2226.22
o2p1-single,RegisterDocument,166,2226.78
o2p1-single,RegisterDocument,167,2227.00
o2p1-single,RegisterDocument,168,2227.13
o2p1-single,RegisterDocument,169,2227.24
o2p1-single,RegisterDocument,170,2227.29
o2p1-single,RegisterDocument,171,2227.38
o2p1-single,RegisterDocument,172,2227.40
o2p1-single,RegisterDocument,173,2227.48
o2p1-single,RegisterDocument,174,2227.87
o2p1-single,RegisterDocument,175,2228.19
o2p1-single,RegisterDocument,176,2228.59
o2p1-single,RegisterDocument,177,2228.89
o2p1-single,RegisterDocument,178,2229.07
o2p1-single,RegisterDocument,179,2229.22
o2p1-single,RegisterDocument,180,2229.36
o2p1-single,RegisterDocument,181,2229.68
o2p1-single,RegisterDocument,182,2229.79
o2p1-single,RegisterDocument,183,2230.08
o2p1-single,RegisterDocument,184,2230.21
o2p1-single,RegisterDocument,185,2230.23
o2p1-single,RegisterDocument,186,2230.46
o2p1-single,RegisterDocument,187,2230.58
o2p1-single,RegisterDocument,188,2230.62
o2p1-single,RegisterDocument,189,2230.76
o2p1-single,RegisterDocument,190,2231.05
o2p1-single,RegisterDocument,191,2231.05
o2p1-single,RegisterDocument,192,2231.08
o2p1-single,RegisterDocument,193,2231.30
o2p1-single,RegisterDocument,194,2231.31
o2p1-single,RegisterDocument,195,2231.33
o2p1-single,RegisterDocument,196,2231.56
o2p1-single,RegisterDocument,197,2231.63
o2p1-single,RegisterDocument,198,2231.70
o2p1-single,RegisterDocument,199,2231.96
o2p1-single,RegisterDocument,200,2232.22
o2p1-single,RegisterDocument,201,2232.53
o2p1-single,RegisterDocument,202,2232.70
o2p1-single,RegisterDocument,203,2232.72
o2p1-single,RegisterDocument,204,2232.80
o2p1-single,RegisterDocument,205,2232.84
o2p1-single,RegisterDocument,206,2232.92
o2p1-single,RegisterDocument,207,2233.06
o2p1-single,RegisterDocument,208,2233.22
o2p1-single,RegisterDocument,209,2233.27
o2p1-single,RegisterDocument,210,2233.48
o2p1-single,RegisterDocument,211,2233.53
o2p1-single,RegisterDocument,212,2233.54
o2p1-single,RegisterDocument,213,2233.55
o2p1-single,RegisterDocument,214,2233.57
o2p1-single,RegisterDocument,215,2234.02
o2p1-single,RegisterDocument,216,2234.05
o2p1-single,RegisterDocument,217,2234.15
o2p1-single,RegisterDocument,218,2234.78
o2p1-single,RegisterDocument,219,2234.78
o2p1-single,RegisterDocument,220,2234.90
o2p1-single,RegisterDocument,221,2234.97
o2p1-single,RegisterDocument,222,2235.07
o2p1-single,RegisterDocument,223,2235.29
o2p1-single,RegisterDocument,224,2235.64
o2p1-single,RegisterDocument,225,2235.70
o2p1-single,RegisterDocument,226,2235.79
o2p1-single,RegisterDocument,227,2235.90
o2p1-single,RegisterDocument,228,2236.11
o2p1-single,RegisterDocument,229,2236.15
o2p1-single,RegisterDocument,230,2236.19
o2p1-single,RegisterDocument,231,2236.28
o2p1-single,RegisterDocument,232,2236.48
o2p1-single,RegisterDocument,233,2236.63
o2p1-single,RegisterDocument,234,2236.64
o2p1-single,RegisterDocument,235,2236.67
o2p1-single,RegisterDocument,236,2236.69
o2p1-single,RegisterDocument,237,2236.82
o2p1-single,RegisterDocument,238,2236.84
o2p1-single,RegisterDocument,239,2236.84
o2p1-single,RegisterDocument,240,2236.94
o2p1-single,RegisterDocument,241,2236.95
o2p1-single,RegisterDocument,242,2237.11
o2p1-single,RegisterDocument,243,2237.11
o2p1-single,RegisterDocument,244,2237.16
o2p1-single,RegisterDocument,245,2237.23
o2p1-single,RegisterDocument,246,2237.26
o2p1-single,RegisterDocument,247,2237.36
o2p1-single,RegisterDocument,248,2237.37
o2p1-single,RegisterDocument,249,2237.42
o2p1-single,RegisterDocument,250,2237.48
o2p1-single,RegisterDocument,251,2237.98
o2p1-single,RegisterDocument,252,2238.01
o2p1-single,RegisterDocument,253,2238.06
o2p1-single,RegisterDocument,254,2238.23
o2p1-single,RegisterDocument,255,2238.35
o2p1-single,RegisterDocument,256,2238.51
o2p1-single,RegisterDocument,257,2238.54
o2p1-single,RegisterDocument,258,2238.73
o2p1-single,RegisterDocument,259,2238.85
o2p1-single,RegisterDocument,260,2239.08
o2p1-single,RegisterDocument,261,2239.56
o2p1-single,RegisterDocument,262,2239.63
o2p1-single,RegisterDocument,263,2239.64
o2p1-single,RegisterDocument,264,2240.13
o2p1-single,RegisterDocument,265,2240.38
o2p1-single,RegisterDocument,266,2240.55
o2p1-single,RegisterDocument,267,2240.73
o2p1-single,RegisterDocument,268,2240.77
o2p1-single,RegisterDocument,269,2240.83
o2p1-single,RegisterDocument,270,2240.93
o2p1-single,RegisterDocument,271,2240.97
o2p1-single,RegisterDocument,272,2241.25
o2p1-single,RegisterDocument,273,2241.32
o2p1-single,RegisterDocument,274,2241.71
o2p1-single,RegisterDocument,275,2241.73
o2p1-single,RegisterDocument,276,2241.76
o2p1-single,RegisterDocument,277,2241.91
o2p1-single,RegisterDocument,278,2242.00
o2p1-single,RegisterDocument,279,2242.02
o2p1-single,RegisterDocument,280,2242.08
o2p1-single,RegisterDocument,281,2242.11
o2p1-single,RegisterDocument,282,2242.50
o2p1-single,RegisterDocument,283,2242.62
o2p1-single,RegisterDocument,284,2242.74
o2p1-single,RegisterDocument,285,2242.87
o2p1-single,RegisterDocument,286,2243.48
o2p1-single,RegisterDocument,287,2243.55
o2p1-single,RegisterDocument,288,2243.88
o2p1-single,RegisterDocument,289,2243.91
o2p1-single,RegisterDocument,290,2243.97
o2p1-single,RegisterDocument,291,2244.01
o2p1-single,RegisterDocument,292,2244.14
o2p1-single,RegisterDocument,293,2244.20
o2p1-single,RegisterDocument,294,2244.23
o2p1-single,RegisterDocument,295,2244.40
o2p1-single,RegisterDocument,296,2244.53
o2p1-single,RegisterDocument,297,2244.69
o2p1-single,RegisterDocument,298,2244.89
o2p1-single,RegisterDocument,299,2244.89
o2p1-single,RegisterDocument,300,2245.04
o2p1-single,RegisterDocument,301,2245.05
o2p1-single,RegisterDocument,302,2245.06
o2p1-single,RegisterDocument,303,2245.14
o2p1-single,RegisterDocument,304,2245.17
o2p1-single,RegisterDocument,305,2245.24
o2p1-single,RegisterDocument,306,2245.31
o2p1-single,RegisterDocument,307,2245.37
o2p1-single,RegisterDocument,308,2245.59
o2p1-single,RegisterDocument,309,2245.72
o2p1-single,RegisterDocument,310,2245.93
o2p1-single,RegisterDocument,311,2246.16
o2p1-single,RegisterDocument,312,2246.17
o2p1-single,RegisterDocument,313,2246.23
o2p1-single,RegisterDocument,314,2246.25
o2p1-single,RegisterDocument,315,2246.45
o2p1-single,RegisterDocument,316,2246.73
o2p1-single,RegisterDocument,317,2246.91
o2p1-single,RegisterDocument,318,2247.47
o2p1-single,RegisterDocument,319,2247.49
o2p1-single,RegisterDocument,320,2247.59
o2p1-single,RegisterDocument,321,2247.99
o2p1-single,RegisterDocument,322,2248.02
o2p1-single,RegisterDocument,323,2248.09
o2p1-single,RegisterDocument,324,2248.28
o2p1-single,RegisterDocument,325,2248.32
o2p1-single,RegisterDocument,326,2248.41
o2p1-single,RegisterDocument,327,2248.59
o2p1-single,RegisterDocument,328,2249.02
o2p1-single,RegisterDocument,329,2249.13
o2p1-single,RegisterDocument,330,2249.14
o2p1-single,RegisterDocument,331,2249.22
o2p1-single,RegisterDocument,332,2249.48
o2p1-single,RegisterDocument,333,2249.50
o2p1-single,RegisterDocument,334,2249.52
o2p1-single,RegisterDocument,335,2249.53
o2p1-single,RegisterDocument,336,2249.56
o2p1-single,RegisterDocument,337,2249.63
o2p1-single,RegisterDocument,338,2249.98
o2p1-single,RegisterDocument,339,2250.11
o2p1-single,RegisterDocument,340,2250.12
o2p1-single,RegisterDocument,341,2250.23
o2p1-single,RegisterDocument,342,2250.36
o2p1-single,RegisterDocument,343,2250.40
o2p1-single,RegisterDocument,344,2250.45
o2p1-single,RegisterDocument,345,2250.56
o2p1-single,RegisterDocument,346,2250.64
o2p1-single,RegisterDocument,347,2250.79
o2p1-single,RegisterDocument,348,2250.86
o2p1-single,RegisterDocument,349,2251.03
o2p1-single,RegisterDocument,350,2251.39
o2p1-single,RegisterDocument,351,2251.41
o2p1-single,RegisterDocument,352,2251.43
o2p1-single,RegisterDocument,353,2251.52
o2p1-single,RegisterDocument,354,2251.63
o2p1-single,RegisterDocument,355,2251.71
o2p1-single,RegisterDocument,356,2251.76
o2p1-single,RegisterDocument,357,2251.77
o2p1-single,RegisterDocument,358,2251.88
o2p1-single,RegisterDocument,359,2251.90
o2p1-single,RegisterDocument,360,2252.10
o2p1-single,RegisterDocument,361,2252.38
o2p1-single,RegisterDocument,362,2252.50
o2p1-single,RegisterDocument,363,2252.79
o2p1-single,RegisterDocument,364,2252.90
o2p1-single,RegisterDocument,365,2252.92
o2p1-single,RegisterDocument,366,2252.93
o2p1-single,RegisterDocument,367,2253.01
o2p1-single,RegisterDocument,368,2253.07
o2p1-single,RegisterDocument,369,2253.16
o2p1-single,RegisterDocument,370,2253.19
o2p1-single,RegisterDocument,371,2253.24
o2p1-single,RegisterDocument,372,2253.52
o2p1-single,RegisterDocument,373,2253.74
o2p1-single,RegisterDocument,374,2253.79
o2p1-single,RegisterDocument,375,2253.89
o2p1-single,RegisterDocument,376,2253.91
o2p1-single,RegisterDocument,377,2253.97
o2p1-single,RegisterDocument,378,2254.40
o2p1-single,RegisterDocument,379,2254.53
o2p1-single,RegisterDocument,380,2254.61
o2p1-single,RegisterDocument,381,2254.73
o2p1-single,RegisterDocument,382,2254.76
o2p1-single,RegisterDocument,383,2254.82
o2p1-single,RegisterDocument,384,2254.82
o2p1-single,RegisterDocument,385,2255.32
o2p1-single,RegisterDocument,386,2255.43
o2p1-single,RegisterDocument,387,2255.48
o2p1-single,RegisterDocument,388,2255.64
o2p1-single,RegisterDocument,389,2255.73
o2p1-single,RegisterDocument,390,2255.76
o2p1-single,RegisterDocument,391,2255.96
o2p1-single,RegisterDocument,392,2255.97
o2p1-single,RegisterDocument,393,2256.16
o2p1-single,RegisterDocument,394,2256.47
o2p1-single,RegisterDocument,395,2256.49
o2p1-single,RegisterDocument,396,2256.53
o2p1-single,RegisterDocument,397,2256.54
o2p1-single,RegisterDocument,398,2256.82
o2p1-single,RegisterDocument,399,2256.87
o2p1-single,RegisterDocument,400,2257.13
o2p1-single,RegisterDocument,401,2257.17
o2p1-single,RegisterDocument,402,2257.25
o2p1-single,RegisterDocument,403,2257.31
o2p1-single,RegisterDocument,404,2257.47
o2p1-single,RegisterDocument,405,2257.55
o2p1-single,RegisterDocument,406,2257.62
o2p1-single,RegisterDocument,407,2257.63
o2p1-single,RegisterDocument,408,2257.67
o2p1-single,RegisterDocument,409,2257.75
o2p1-single,RegisterDocument,410,2257.76
o2p1-single,RegisterDocument,411,2257.78
o2p1-single,RegisterDocument,412,2257.88
o2p1-single,RegisterDocument,413,2257.93
o2p1-single,RegisterDocument,414,2258.05
o2p1-single,RegisterDocument,415,2258.05
o2p1-single,RegisterDocument,416,2258.08
o2p1-single,RegisterDocument,417,2258.12
o2p1-single,RegisterDocument,418,2258.44
o2p1-single,RegisterDocument,419,2258.60
o2p1-single,RegisterDocument,420,2258.65
o2p1-single,RegisterDocument,421,2258.66
o2p1-single,RegisterDocument,422,2258.73
o2p1-single,RegisterDocument,423,2258.76
o2p1-single,RegisterDocument,424,2258.82
o2p1-single,RegisterDocument,425,2258.84
o2p1-single,RegisterDocument,426,2258.92
o2p1-single,RegisterDocument,427,2259.06
o2p1-single,RegisterDocument,428,2259.08
o2p1-single,RegisterDocument,429,2259.12
o2p1-single,RegisterDocument,430,2259.17
o2p1-single,RegisterDocument,431,2259.27
o2p1-single,RegisterDocument,432,2259.31
o2p1-single,RegisterDocument,433,2259.58
o2p1-single,RegisterDocument,434,2259.58
o2p1-single,RegisterDocument,435,2259.69
o2p1-single,RegisterDocument,436,2259.78
o2p1-single,RegisterDocument,437,2259.84
o2p1-single,RegisterDocument,438,2260.08
o2p1-single,RegisterDocument,439,2260.10
o2p1-single,RegisterDocument,440,2260.11
o2p1-single,RegisterDocument,441,2260.18
o2p1-single,RegisterDocument,442,2260.50
o2p1-single,RegisterDocument,443,2260.59
o2p1-single,RegisterDocument,444,2260.60
o2p1-single,RegisterDocument,445,2260.72
o2p1-single,RegisterDocument,446,2260.78
o2p1-single,RegisterDocument,447,2261.00
o2p1-single,RegisterDocument,448,2261.08
o2p1-single,RegisterDocument,449,2261.15
o2p1-single,RegisterDocument,450,2261.23
o2p1-single,RegisterDocument,451,2261.28
o2p1-single,RegisterDocument,452,2261.35
o2p1-single,RegisterDocument,453,2261.50
o2p1-single,RegisterDocument,454,2261.51
o2p1-single,RegisterDocument,455,2261.51
o2p1-single,RegisterDocument,456,2261.54
o2p1-single,RegisterDocument,457,2261.57
o2p1-single,RegisterDocument,458,2261.59
o2p1-single,RegisterDocument,459,2261.61
o2p1-single,RegisterDocument,460,2261.61
o2p1-single,RegisterDocument,461,2261.68
o2p1-single,RegisterDocument,462,2261.82
o2p1-single,RegisterDocument,463,2261.85
o2p1-single,RegisterDocument,464,2262.00
o2p1-single,RegisterDocument,465,2262.10
o2p1-single,RegisterDocument,466,2262.11
o2p1-single,RegisterDocument,467,2262.17
o2p1-single,RegisterDocument,468,2262.32
o2p1-single,RegisterDocument,469,2262.36
o2p1-single,RegisterDocument,470,2262.49
o2p1-single,RegisterDocument,471,2262.61
o2p1-single,RegisterDocument,472,2262.63
o2p1-single,RegisterDocument,473,2262.68
o2p1-single,RegisterDocument,474,2262.76
o2p1-single,RegisterDocument,475,2262.93
o2p1-single,RegisterDocument,476,2262.96
o2p1-single,RegisterDocument,477,2263.07
o2p1-single,RegisterDocument,478,2263.12
o2p1-single,RegisterDocument,479,2263.19
o2p1-single,RegisterDocument,480,2263.23
o2p1-single,RegisterDocument,481,2263.51
o2p1-single,RegisterDocument,482,2263.81
o2p1-single,RegisterDocument,483,2263.90
o2p1-single,RegisterDocument,484,2263.92
o2p1-single,RegisterDocument,485,2263.93
o2p1-single,RegisterDocument,486,2264.05
o2p1-single,RegisterDocument,487,2264.06
o2p1-single,RegisterDocument,488,2264.09
o2p1-single,RegisterDocument,489,2264.22
o2p1-single,RegisterDocument,490,2264.26
o2p1-single,RegisterDocument,491,2264.38
o2p1-single,RegisterDocument,492,2264.43
o2p1-single,RegisterDocument,493,2264.49
o2p1-single,RegisterDocument,494,2264.65
o2p1-single,RegisterDocument,495,2264.81
o2p1-single,RegisterDocument,496,2264.97
o2p1-single,RegisterDocument,497,2265.13
o2p1-single,RegisterDocument,498,2265.15
o2p1-single,RegisterDocument,499,2265.16
o2p1-single,RegisterDocument,500,2265.27
o2p1-single,RegisterDocument,501,2265.28
o2p1-single,RegisterDocument,502,2265.38
o2p1-single,RegisterDocument,503,2265.40
o2p1-single,RegisterDocument,504,2265.43
o2p1-single,RegisterDocument,505,2265.44
o2p1-single,RegisterDocument,506,2265.48
o2p1-single,RegisterDocument,507,2265.51
o2p1-single,RegisterDocument,508,2265.63
o2p1-single,RegisterDocument,509,2265.80
o2p1-single,RegisterDocument,510,2265.86
o2p1-single,RegisterDocument,511,2265.88
o2p1-single,RegisterDocument,512,2265.92
o2p1-single,RegisterDocument,513,2266.00
o2p1-single,RegisterDocument,514,2266.04
o2p1-single,RegisterDocument,515,2266.08
o2p1-single,RegisterDocument,516,2266.15
o2p1-single,RegisterDocument,517,2266.25
o2p1-single,RegisterDocument,518,2266.30
o2p1-single,RegisterDocument,519,2266.34
o2p1-single,RegisterDocument,520,2266.35
o2p1-single,RegisterDocument,521,2266.40
o2p1-single,RegisterDocument,522,2266.66
o2p1-single,RegisterDocument,523,2266.80
o2p1-single,RegisterDocument,524,2266.88
o2p1-single,RegisterDocument,525,2266.90
o2p1-single,RegisterDocument,526,2267.05
o2p1-single,RegisterDocument,527,2267.14
o2p1-single,RegisterDocument,528,2267.15
o2p1-single,RegisterDocument,529,2267.23
o2p1-single,RegisterDocument,530,2267.24
o2p1-single,RegisterDocument,531,2267.26
o2p1-single,RegisterDocument,532,2267.28
o2p1-single,RegisterDocument,533,2267.38
o2p1-single,RegisterDocument,534,2267.38
o2p1-single,RegisterDocument,535,2267.38
o2p1-single,RegisterDocument,536,2267.54
o2p1-single,RegisterDocument,537,2267.63
o2p1-single,RegisterDocument,538,2267.70
o2p1-single,RegisterDocument,539,2267.74
o2p1-single,RegisterDocument,540,2267.88
o2p1-single,RegisterDocument,541,2267.95
o2p1-single,RegisterDocument,542,2267.96
o2p1-single,RegisterDocument,543,2267.97
o2p1-single,RegisterDocument,544,2268.04
o2p1-single,RegisterDocument,545,2268.12
o2p1-single,RegisterDocument,546,2268.18
o2p1-single,RegisterDocument,547,2268.24
o2p1-single,RegisterDocument,548,2268.39
o2p1-single,RegisterDocument,549,2268.44
o2p1-single,RegisterDocument,550,2268.44
o2p1-single,RegisterDocument,551,2268.49
o2p1-single,RegisterDocument,552,2268.52
o2p1-single,RegisterDocument,553,2268.67
o2p1-single,RegisterDocument,554,2268.69
o2p1-single,RegisterDocument,555,2268.72
o2p1-single,RegisterDocument,556,2268.82
o2p1-single,RegisterDocument,557,2268.84
o2p1-single,RegisterDocument,558,2268.84
o2p1-single,RegisterDocument,559,2268.87
o2p1-single,RegisterDocument,560,2268.88
o2p1-single,RegisterDocument,561,2268.89
o2p1-single,RegisterDocument,562,2268.94
o2p1-single,RegisterDocument,563,2268.94
o2p1-single,RegisterDocument,564,2268.95
o2p1-single,RegisterDocument,565,2269.10
o2p1-single,RegisterDocument,566,2269.13
o2p1-single,RegisterDocument,567,2269.24
o2p1-single,RegisterDocument,568,2269.27
o2p1-single,RegisterDocument,569,2269.36
o2p1-single,RegisterDocument,570,2269.36
o2p1-single,RegisterDocument,571,2269.50
o2p1-single,RegisterDocument,572,2269.57
o2p1-single,RegisterDocument,573,2269.68
o2p1-single,RegisterDocument,574,2269.70
o2p1-single,RegisterDocument,575,2269.70
o2p1-single,RegisterDocument,576,2269.77
o2p1-single,RegisterDocument,577,2269.82
o2p1-single,RegisterDocument,578,2269.84
o2p1-single,RegisterDocument,579,2269.88
o2p1-single,RegisterDocument,580,2269.99
o2p1-single,RegisterDocument,581,2270.02
o2p1-single,RegisterDocument,582,2270.07
o2p1-single,RegisterDocument,583,2270.09
o2p1-single,RegisterDocument,584,2270.12
o2p1-single,RegisterDocument,585,2270.23
o2p1-single,RegisterDocument,586,2270.58
o2p1-single,RegisterDocument,587,2270.59
o2p1-single,RegisterDocument,588,2270.62
o2p1-single,RegisterDocument,589,2270.63
o2p1-single,RegisterDocument,590,2270.64
o2p1-single,RegisterDocument,591,2270.73
o2p1-single,RegisterDocument,592,2270.86
o2p1-single,RegisterDocument,593,2270.89
o2p1-single,RegisterDocument,594,2270.96
o2p1-single,RegisterDocument,595,2271.03
o2p1-single,RegisterDocument,596,2271.12
o2p1-single,RegisterDocument,597,2271.19
o2p1-single,RegisterDocument,598,2271.23
o2p1-single,RegisterDocument,599,2271.29
o2p1-single,RegisterDocument,600,2271.34
o2p1-single,RegisterDocument,601,2271.36
o2p1-single,RegisterDocument,602,2271.55
o2p1-single,RegisterDocument,603,2271.64
o2p1-single,RegisterDocument,604,2271.68
o2p1-single,RegisterDocument,605,2271.75
o2p1-single,RegisterDocument,606,2271.78
o2p1-single,RegisterDocument,607,2271.84
o2p1-single,RegisterDocument,608,2271.89
o2p1-single,RegisterDocument,609,2271.90
o2p1-single,RegisterDocument,610,2271.91
o2p1-single,RegisterDocument,611,2272.03
o2p1-single,RegisterDocument,612,2272.08
o2p1-single,RegisterDocument,613,2272.10
o2p1-single,RegisterDocument,614,2272.12
o2p1-single,RegisterDocument,615,2272.13
o2p1-single,RegisterDocument,616,2272.16
o2p1-single,RegisterDocument,617,2272.38
o2p1-single,RegisterDocument,618,2272.39
o2p1-single,RegisterDocument,619,2272.63
o2p1-single,RegisterDocument,620,2272.64
o2p1-single,RegisterDocument,621,2272.70
o2p1-single,RegisterDocument,622,2272.72
o2p1-single,RegisterDocument,623,2272.78
o2p1-single,RegisterDocument,624,2272.89
o2p1-single,RegisterDocument,625,2272.97
o2p1-single,RegisterDocument,626,2272.98
o2p1-single,RegisterDocument,627,2273.00
o2p1-single,RegisterDocument,628,2273.02
o2p1-single,RegisterDocument,629,2273.04
o2p1-single,RegisterDocument,630,2273.06
o2p1-single,RegisterDocument,631,2273.20
o2p1-single,RegisterDocument,632,2273.23
o2p1-single,RegisterDocument,633,2273.35
o2p1-single,RegisterDocument,634,2273.37
o2p1-single,RegisterDocument,635,2273.48
o2p1-single,RegisterDocument,636,2273.49
o2p1-single,RegisterDocument,637,2273.50
o2p1-single,RegisterDocument,638,2273.52
o2p1-single,RegisterDocument,639,2273.60
o2p1-single,RegisterDocument,640,2273.73
o2p1-single,RegisterDocument,641,2273.74
o2p1-single,RegisterDocument,642,2273.76
o2p1-single,RegisterDocument,643,2273.78
o2p1-single,RegisterDocument,644,2273.83
o2p1-single,RegisterDocument,645,2273.89
o2p1-single,RegisterDocument,646,2273.92
o2p1-single,RegisterDocument,647,2273.95
o2p1-single,RegisterDocument,648,2274.09
o2p1-single,RegisterDocument,649,2274.46
o2p1-single,RegisterDocument,650,2274.58
o2p1-single,RegisterDocument,651,2274.74
o2p1-single,RegisterDocument,652,2274.74
o2p1-single,RegisterDocument,653,2274.76
o2p1-single,RegisterDocument,654,2274.83
o2p1-single,RegisterDocument,655,2274.89
o2p1-single,RegisterDocument,656,2274.91
o2p1-single,RegisterDocument,657,2274.91
o2p1-single,RegisterDocument,658,2274.98
o2p1-single,RegisterDocument,659,2275.00
o2p1-single,RegisterDocument,660,2275.04
o2p1-single,RegisterDocument,661,2275.18
o2p1-single,RegisterDocument,662,2275.23
o2p1-single,RegisterDocument,663,2275.26
o2p1-single,RegisterDocument,664,2275.27
o2p1-single,RegisterDocument,665,2275.30
o2p1-single,RegisterDocument,666,2275.31
o2p1-single,RegisterDocument,667,2275.37
o2p1-single,RegisterDocument,668,2275.44
o2p1-single,RegisterDocument,669,2275.57
o2p1-single,RegisterDocument,670,2275.61
o2p1-single,RegisterDocument,671,2275.72
o2p1-single,RegisterDocument,672,2275.76
o2p1-single,RegisterDocument,673,2275.76
o2p1-single,RegisterDocument,674,2275.77
o2p1-single,RegisterDocument,675,2275.97
o2p1-single,RegisterDocument,676,2276.11
o2p1-single,RegisterDocument,677,2276.12
o2p1-single,RegisterDocument,678,2276.12
o2p1-single,RegisterDocument,679,2276.20
o2p1-single,RegisterDocument,680,2276.27
o2p1-single,RegisterDocument,681,2276.29
o2p1-single,RegisterDocument,682,2276.37
o2p1-single,RegisterDocument,683,2276.40
o2p1-single,RegisterDocument,684,2276.41
o2p1-single,RegisterDocument,685,2276.44
o2p1-single,RegisterDocument,686,2276.45
o2p1-single,RegisterDocument,687,2276.49
o2p1-single,RegisterDocument,688,2276.53
o2p1-single,RegisterDocument,689,2276.54
o2p1-single,RegisterDocument,690,2276.59
o2p1-single,RegisterDocument,691,2276.63
o2p1-single,RegisterDocument,692,2276.70
o2p1-single,RegisterDocument,693,2276.75
o2p1-single,RegisterDocument,694,2276.76
o2p1-single,RegisterDocument,695,2276.79
o2p1-single,RegisterDocument,696,2276.81
o2p1-single,RegisterDocument,697,2276.88
o2p1-single,RegisterDocument,698,2276.88
o2p1-single,RegisterDocument,699,2276.92
o2p1-single,RegisterDocument,700,2276.94
o2p1-single,RegisterDocument,701,2277.16
o2p1-single,RegisterDocument,702,2277.16
o2p1-single,RegisterDocument,703,2277.26
o2p1-single,RegisterDocument,704,2277.27
o2p1-single,RegisterDocument,705,2277.38
o2p1-single,RegisterDocument,706,2277.41
o2p1-single,RegisterDocument,707,2277.49
o2p1-single,RegisterDocument,708,2277.52
o2p1-single,RegisterDocument,709,2277.53
o2p1-single,RegisterDocument,710,2277.68
o2p1-single,RegisterDocument,711,2277.82
o2p1-single,RegisterDocument,712,2277.86
o2p1-single,RegisterDocument,713,2277.90
o2p1-single,RegisterDocument,714,2277.98
o2p1-single,RegisterDocument,715,2278.00
o2p1-single,RegisterDocument,716,2278.06
o2p1-single,RegisterDocument,717,2278.08
o2p1-single,RegisterDocument,718,2278.14
o2p1-single,RegisterDocument,719,2278.24
o2p1-single,RegisterDocument,720,2278.28
o2p1-single,RegisterDocument,721,2278.51
o2p1-single,RegisterDocument,722,2278.55
o2p1-single,RegisterDocument,723,2278.76
o2p1-single,RegisterDocument,724,2278.78
o2p1-single,RegisterDocument,725,2278.81
o2p1-single,RegisterDocument,726,2278.88
o2p1-single,RegisterDocument,727,2278.91
o2p1-single,RegisterDocument,728,2279.00
o2p1-single,RegisterDocument,729,2279.01
o2p1-single,RegisterDocument,730,2279.02
o2p1-single,RegisterDocument,731,2279.35
o2p1-single,RegisterDocument,732,2279.41
o2p1-single,RegisterDocument,733,2279.41
o2p1-single,RegisterDocument,734,2279.42
o2p1-single,RegisterDocument,735,2279.43
o2p1-single,RegisterDocument,736,2279.57
o2p1-single,RegisterDocument,737,2279.72
o2p1-single,RegisterDocument,738,2279.75
o2p1-single,RegisterDocument,739,2279.89
o2p1-single,RegisterDocument,740,2279.91
o2p1-single,RegisterDocument,741,2279.94
o2p1-single,RegisterDocument,742,2279.95
o2p1-single,RegisterDocument,743,2280.10
o2p1-single,RegisterDocument,744,2280.12
o2p1-single,RegisterDocument,745,2280.23
o2p1-single,RegisterDocument,746,2280.24
o2p1-single,RegisterDocument,747,2280.36
o2p1-single,RegisterDocument,748,2280.37
o2p1-single,RegisterDocument,749,2280.40
o2p1-single,RegisterDocument,750,2280.49
o2p1-single,RegisterDocument,751,2280.67
o2p1-single,RegisterDocument,752,2280.73
o2p1-single,RegisterDocument,753,2280.77
o2p1-single,RegisterDocument,754,2280.79
o2p1-single,RegisterDocument,755,2280.80
o2p1-single,RegisterDocument,756,2280.94
o2p1-single,RegisterDocument,757,2280.95
o2p1-single,RegisterDocument,758,2280.96
o2p1-single,RegisterDocument,759,2281.08
o2p1-single,RegisterDocument,760,2281.09
o2p1-single,RegisterDocument,761,2281.20
o2p1-single,RegisterDocument,762,2281.32
o2p1-single,RegisterDocument,763,2281.50
o2p1-single,RegisterDocument,764,2281.57
o2p1-single,RegisterDocument,765,2281.67
o2p1-single,RegisterDocument,766,2281.83
o2p1-single,RegisterDocument,767,2281.84
o2p1-single,RegisterDocument,768,2281.89
o2p1-single,RegisterDocument,769,2281.94
o2p1-single,RegisterDocument,770,2281.95
o2p1-single,RegisterDocument,771,2282.17
o2p1-single,RegisterDocument,772,2282.26
o2p1-single,RegisterDocument,773,2282.31
o2p1-single,RegisterDocument,774,2282.48
o2p1-single,RegisterDocument,775,2282.52
o2p1-single,RegisterDocument,776,2282.56
o2p1-single,RegisterDocument,777,2282.65
o2p1-single,RegisterDocument,778,2282.67
o2p1-single,RegisterDocument,779,2282.71
o2p1-single,RegisterDocument,780,2282.72
o2p1-single,RegisterDocument,781,2282.80
o2p1-single,RegisterDocument,782,2283.00
o2p1-single,RegisterDocument,783,2283.04
o2p1-single,RegisterDocument,784,2283.10
o2p1-single,RegisterDocument,785,2283.13
o2p1-single,RegisterDocument,786,2283.15
o2p1-single,RegisterDocument,787,2283.23
o2p1-single,RegisterDocument,788,2283.27
o2p1-single,RegisterDocument,789,2283.38
o2p1-single,RegisterDocument,790,2283.43
o2p1-single,RegisterDocument,791,2283.46
o2p1-single,RegisterDocument,792,2283.48
o2p1-single,RegisterDocument,793,2283.53
o2p1-single,RegisterDocument,794,2283.57
o2p1-single,RegisterDocument,795,2283.62
o2p1-single,RegisterDocument,796,2283.62
o2p1-single,RegisterDocument,797,2283.65
o2p1-single,RegisterDocument,798,2283.67
o2p1-single,RegisterDocument,799,2283.68
o2p1-single,RegisterDocument,800,2283.70
o2p1-single,RegisterDocument,801,2283.76
o2p1-single,RegisterDocument,802,2283.81
o2p1-single,RegisterDocument,803,2283.81
o2p1-single,RegisterDocument,804,2283.91
o2p1-single,RegisterDocument,805,2283.97
o2p1-single,RegisterDocument,806,2284.06
o2p1-single,RegisterDocument,807,2284.27
o2p1-single,RegisterDocument,808,2284.30
o2p1-single,RegisterDocument,809,2284.44
o2p1-single,RegisterDocument,810,2284.54
o2p1-single,RegisterDocument,811,2284.72
o2p1-single,RegisterDocument,812,2284.75
o2p1-single,RegisterDocument,813,2284.82
o2p1-single,RegisterDocument,814,2284.84
o2p1-single,RegisterDocument,815,2284.92
o2p1-single,RegisterDocument,816,2284.92
o2p1-single,RegisterDocument,817,2284.95
o2p1-single,RegisterDocument,818,2285.09
o2p1-single,RegisterDocument,819,2285.12
o2p1-single,RegisterDocument,820,2285.13
o2p1-single,RegisterDocument,821,2285.15
o2p1-single,RegisterDocument,822,2285.25
o2p1-single,RegisterDocument,823,2285.25
o2p1-single,RegisterDocument,824,2285.26
o2p1-single,RegisterDocument,825,2285.34
o2p1-single,RegisterDocument,826,2285.35
o2p1-single,RegisterDocument,827,2285.37
o2p1-single,RegisterDocument,828,2285.46
o2p1-single,RegisterDocument,829,2285.49
o2p1-single,RegisterDocument,830,2285.50
o2p1-single,RegisterDocument,831,2285.57
o2p1-single,RegisterDocument,832,2285.63
o2p1-single,RegisterDocument,833,2285.64
o2p1-single,RegisterDocument,834,2285.65
o2p1-single,RegisterDocument,835,2285.70
o2p1-single,RegisterDocument,836,2285.76
o2p1-single,RegisterDocument,837,2286.01
o2p1-single,RegisterDocument,838,2286.11
o2p1-single,RegisterDocument,839,2286.15
o2p1-single,RegisterDocument,840,2286.29
o2p1-single,RegisterDocument,841,2286.33
o2p1-single,RegisterDocument,842,2286.34
o2p1-single,RegisterDocument,843,2286.40
o2p1-single,RegisterDocument,844,2286.42
o2p1-single,RegisterDocument,845,2286.44
o2p1-single,RegisterDocument,846,2286.58
o2p1-single,RegisterDocument,847,2286.62
o2p1-single,RegisterDocument,848,2286.64
o2p1-single,RegisterDocument,849,2286.65
o2p1-single,RegisterDocument,850,2286.65
o2p1-single,RegisterDocument,851,2286.67
o2p1-single,RegisterDocument,852,2286.68
o2p1-single,RegisterDocument,853,2286.73
o2p1-single,RegisterDocument,854,2286.78
o2p1-single,RegisterDocument,855,2286.80
o2p1-single,RegisterDocument,856,2286.84
o2p1-single,RegisterDocument,857,2286.97
o2p1-single,RegisterDocument,858,2287.07
o2p1-single,RegisterDocument,859,2287.11
o2p1-single,RegisterDocument,860,2287.45
o2p1-single,RegisterDocument,861,2287.52
o2p1-single,RegisterDocument,862,2287.62
o2p1-single,RegisterDocument,863,2287.69
o2p1-single,RegisterDocument,864,2287.72
o2p1-single,RegisterDocument,865,2287.75
o2p1-single,RegisterDocument,866,2287.80
o2p1-single,RegisterDocument,867,2287.82
o2p1-single,RegisterDocument,868,2287.93
o2p1-single,RegisterDocument,869,2288.11
o2p1-single,RegisterDocument,870,2288.13
o2p1-single,RegisterDocument,871,2288.21
o2p1-single,RegisterDocument,872,2288.24
o2p1-single,RegisterDocument,873,2288.29
o2p1-single,RegisterDocument,874,2288.45
o2p1-single,RegisterDocument,875,2288.51
o2p1-single,RegisterDocument,876,2288.51
o2p1-single,RegisterDocument,877,2288.60
o2p1-single,RegisterDocument,878,2288.74
o2p1-single,RegisterDocument,879,2288.74
o2p1-single,RegisterDocument,880,2288.78
o2p1-single,RegisterDocument,881,2288.78
o2p1-single,RegisterDocument,882,2288.90
o2p1-single,RegisterDocument,883,2288.90
o2p1-single,RegisterDocument,884,2288.97
o2p1-single,RegisterDocument,885,2289.06
o2p1-single,RegisterDocument,886,2289.26
o2p1-single,RegisterDocument,887,2289.36
o2p1-single,RegisterDocument,888,2289.39
o2p1-single,RegisterDocument,889,2289.40
o2p1-single,RegisterDocument,890,2289.55
o2p1-single,RegisterDocument,891,2289.67
o2p1-single,RegisterDocument,892,2289.75
o2p1-single,RegisterDocument,893,2289.78
o2p1-single,RegisterDocument,894,2289.89
o2p1-single,RegisterDocument,895,2290.03
o2p1-single,RegisterDocument,896,2290.07
o2p1-single,RegisterDocument,897,2290.13
o2p1-single,RegisterDocument,898,2290.21
o2p1-single,RegisterDocument,899,2290.26
o2p1-single,RegisterDocument,900,2290.27
o2p1-single,RegisterDocument,901,2290.33
o2p1-single,RegisterDocument,902,2290.34
o2p1-single,RegisterDocument,903,2290.35
o2p1-single,RegisterDocument,904,2290.47
o2p1-single,RegisterDocument,905,2290.56
o2p1-single,RegisterDocument,906,2290.61
o2p1-single,RegisterDocument,907,2290.61
o2p1-single,RegisterDocument,908,2290.69
o2p1-single,RegisterDocument,909,2290.93
o2p1-single,RegisterDocument,910,2290.97
o2p1-single,RegisterDocument,911,2291.00
o2p1-single,RegisterDocument,912,2291.13
o2p1-single,RegisterDocument,913,2291.13
o2p1-single,RegisterDocument,914,2291.17
o2p1-single,RegisterDocument,915,2291.28
o2p1-single,RegisterDocument,916,2291.31
o2p1-single,RegisterDocument,917,2291.33
o2p1-single,RegisterDocument,918,2291.33
o2p1-single,RegisterDocument,919,2291.34
o2p1-single,RegisterDocument,920,2291.45
o2p1-single,RegisterDocument,921,2291.62
o2p1-single,RegisterDocument,922,2291.69
o2p1-single,RegisterDocument,923,2291.73
o2p1-single,RegisterDocument,924,2291.78
o2p1-single,RegisterDocument,925,2291.79
o2p1-single,RegisterDocument,926,2291.81
o2p1-single,RegisterDocument,927,2291.83
o2p1-single,RegisterDocument,928,2291.92
o2p1-single,RegisterDocument,929,2291.92
o2p1-single,RegisterDocument,930,2291.93
o2p1-single,RegisterDocument,931,2292.02
o2p1-single,RegisterDocument,932,2292.11
o2p1-single,RegisterDocument,933,2292.11
o2p1-single,RegisterDocument,934,2292.12
o2p1-single,RegisterDocument,935,2292.16
o2p1-single,RegisterDocument,936,2292.22
o2p1-single,RegisterDocument,937,2292.26
o2p1-single,RegisterDocument,938,2292.26
o2p1-single,RegisterDocument,939,2292.30
o2p1-single,RegisterDocument,940,2292.37
o2p1-single,RegisterDocument,941,2292.64
o2p1-single,RegisterDocument,942,2292.67
o2p1-single,RegisterDocument,943,2292.68
o2p1-single,RegisterDocument,944,2292.70
o2p1-single,RegisterDocument,945,2292.76
o2p1-single,RegisterDocument,946,2293.09
o2p1-single,RegisterDocument,947,2293.54
o2p1-single,RegisterDocument,948,2293.63
o2p1-single,RegisterDocument,949,2293.70
o2p1-single,RegisterDocument,950,2293.78
o2p1-single,RegisterDocument,951,2293.88
o2p1-single,RegisterDocument,952,2293.93
o2p1-single,RegisterDocument,953,2294.01
o2p1-single,RegisterDocument,954,2294.04
o2p1-single,RegisterDocument,955,2294.10
o2p1-single,RegisterDocument,956,2294.13
o2p1-single,RegisterDocument,957,2294.15
o2p1-single,RegisterDocument,958,2294.22
o2p1-single,RegisterDocument,959,2294.32
o2p1-single,RegisterDocument,960,2294.37
o2p1-single,RegisterDocument,961,2294.41
o2p1-single,RegisterDocument,962,2294.48
o2p1-single,RegisterDocument,963,2294.49
o2p1-single,RegisterDocument,964,2294.52
o2p1-single,RegisterDocument,965,2294.54
o2p1-single,RegisterDocument,966,2294.58
o2p1-single,RegisterDocument,967,2294.63
o2p1-single,RegisterDocument,968,2294.64
o2p1-single,RegisterDocument,969,2294.80
o2p1-single,RegisterDocument,970,2294.93
o2p1-single,RegisterDocument,971,2294.95
o2p1-single,RegisterDocument,972,2295.26
o2p1-single,RegisterDocument,973,2295.26
o2p1-single,RegisterDocument,974,2295.31
o2p1-single,RegisterDocument,975,2295.36
o2p1-single,RegisterDocument,976,2295.42
o2p1-single,RegisterDocument,977,2295.51
o2p1-single,RegisterDocument,978,2295.52
o2p1-single,RegisterDocument,979,2295.59
o2p1-single,RegisterDocument,980,2295.70
o2p1-single,RegisterDocument,981,2295.89
o2p1-single,RegisterDocument,982,2295.93
o2p1-single,RegisterDocument,983,2295.98
o2p1-single,RegisterDocument,984,2296.03
o2p1-single,RegisterDocument,985,2296.05
o2p1-single,RegisterDocument,986,2296.14
o2p1-single,RegisterDocument,987,2296.15
o2p1-single,RegisterDocument,988,2296.24
o2p1-single,RegisterDocument,989,2296.27
o2p1-single,RegisterDocument,990,2296.32
o2p1-single,RegisterDocument,991,2296.37
o2p1-single,RegisterDocument,992,2296.44
o2p1-single,RegisterDocument,993,2296.47
o2p1-single,RegisterDocument,994,2296.68
o2p1-single,RegisterDocument,995,2296.73
o2p1-single,RegisterDocument,996,2296.77
o2p1-single,RegisterDocument,997,2296.77
o2p1-single,RegisterDocument,998,2296.78
o2p1-single,RegisterDocument,999,2296.79
o2p1-single,RegisterDocument,1000,2296.82
o2p1-single,RegisterDocument,1001,2296.83
o2p1-single,RegisterDocument,1002,2296.85
o2p1-single,RegisterDocument,1003,2296.86
o2p1-single,RegisterDocument,1004,2296.87
o2p1-single,RegisterDocument,1005,2297.25
o2p1-single,RegisterDocument,1006,2297.35
o2p1-single,RegisterDocument,1007,2297.37
o2p1-single,RegisterDocument,1008,2297.40
o2p1-single,RegisterDocument,1009,2297.44
o2p1-single,RegisterDocument,1010,2297.51
o2p1-single,RegisterDocument,1011,2297.52
o2p1-single,RegisterDocument,1012,2297.54
o2p1-single,RegisterDocument,1013,2297.61
o2p1-single,RegisterDocument,1014,2297.67
o2p1-single,RegisterDocument,1015,2297.68
o2p1-single,RegisterDocument,1016,2297.73
o2p1-single,RegisterDocument,1017,2297.94
o2p1-single,RegisterDocument,1018,2298.03
o2p1-single,RegisterDocument,1019,2298.33
o2p1-single,RegisterDocument,1020,2298.49
o2p1-single,RegisterDocument,1021,2298.57
o2p1-single,RegisterDocument,1022,2298.62
o2p1-single,RegisterDocument,1023,2298.75
o2p1-single,RegisterDocument,1024,2298.75
o2p1-single,RegisterDocument,1025,2298.77
o2p1-single,RegisterDocument,1026,2298.83
o2p1-single,RegisterDocument,1027,2298.83
o2p1-single,RegisterDocument,1028,2298.84
o2p1-single,RegisterDocument,1029,2298.85
o2p1-single,RegisterDocument,1030,2298.89
o2p1-single,RegisterDocument,1031,2298.91
o2p1-single,RegisterDocument,1032,2299.04
o2p1-single,RegisterDocument,1033,2299.08
o2p1-single,RegisterDocument,1034,2299.23
o2p1-single,RegisterDocument,1035,2299.36
o2p1-single,RegisterDocument,1036,2299.39
o2p1-single,RegisterDocument,1037,2299.40
o2p1-single,RegisterDocument,1038,2299.46
o2p1-single,RegisterDocument,1039,2299.55
o2p1-single,RegisterDocument,1040,2299.60
o2p1-single,RegisterDocument,1041,2299.61
o2p1-single,RegisterDocument,1042,2299.67
o2p1-single,RegisterDocument,1043,2299.74
o2p1-single,RegisterDocument,1044,2299.91
o2p1-single,RegisterDocument,1045,2300.02
o2p1-single,RegisterDocument,1046,2300.09
o2p1-single,RegisterDocument,1047,2300.14
o2p1-single,RegisterDocument,1048,2300.16
o2p1-single,RegisterDocument,1049,2300.26
o2p1-single,RegisterDocument,1050,2300.30
o2p1-single,RegisterDocument,1051,2300.53
o2p1-single,RegisterDocument,1052,2300.57
o2p1-single,RegisterDocument,1053,2300.64
o2p1-single,RegisterDocument,1054,2300.73
o2p1-single,RegisterDocument,1055,2300.78
o2p1-single,RegisterDocument,1056,2300.82
o2p1-single,RegisterDocument,1057,2300.86
o2p1-single,RegisterDocument,1058,2300.87
o2p1-single,RegisterDocument,1059,2300.91
o2p1-single,RegisterDocument,1060,2300.91
o2p1-single,RegisterDocument,1061,2300.92
o2p1-single,RegisterDocument,1062,2301.08
o2p1-single,RegisterDocument,1063,2301.10
o2p1-single,RegisterDocument,1064,2301.21
o2p1-single,RegisterDocument,1065,2301.26
o2p1-single,RegisterDocument,1066,2301.37
o2p1-single,RegisterDocument,1067,2301.38
o2p1-single,RegisterDocument,1068,2301.45
o2p1-single,RegisterDocument,1069,2301.54
o2p1-single,RegisterDocument,1070,2301.57
o2p1-single,RegisterDocument,1071,2301.61
o2p1-single,RegisterDocument,1072,2301.61
o2p1-single,RegisterDocument,1073,2301.62
o2p1-single,RegisterDocument,1074,2301.71
o2p1-single,RegisterDocument,1075,2301.75
o2p1-single,RegisterDocument,1076,2301.76
o2p1-single,RegisterDocument,1077,2301.79
o2p1-single,RegisterDocument,1078,2301.81
o2p1-single,RegisterDocument,1079,2301.84
o2p1-single,RegisterDocument,1080,2301.84
o2p1-single,RegisterDocument,1081,2301.91
o2p1-single,RegisterDocument,1082,2301.96
o2p1-single,RegisterDocument,1083,2302.09
o2p1-single,RegisterDocument,1084,2302.15
o2p1-single,RegisterDocument,1085,2302.17
o2p1-single,RegisterDocument,1086,2302.20
o2p1-single,RegisterDocument,1087,2302.23
o2p1-single,RegisterDocument,1088,2302.26
o2p1-single,RegisterDocument,1089,2302.27
o2p1-single,RegisterDocument,1090,2302.35
o2p1-single,RegisterDocument,1091,2302.47
o2p1-single,RegisterDocument,1092,2302.48
o2p1-single,RegisterDocument,1093,2302.49
o2p1-single,RegisterDocument,1094,2302.51
o2p1-single,RegisterDocument,1095,2302.61
o2p1-single,RegisterDocument,1096,2302.67
o2p1-single,RegisterDocument,1097,2302.71
o2p1-single,RegisterDocument,1098,2302.73
o2p1-single,RegisterDocument,1099,2302.73
o2p1-single,RegisterDocument,1100,2302.76
o2p1-single,RegisterDocument,1101,2302.81
o2p1-single,RegisterDocument,1102,2302.90
o2p1-single,RegisterDocument,1103,2302.97
o2p1-single,RegisterDocument,1104,2302.97
o2p1-single,RegisterDocument,1105,2303.23
o2p1-single,RegisterDocument,1106,2303.34
o2p1-single,RegisterDocument,1107,2303.56
o2p1-single,RegisterDocument,1108,2303.64
o2p1-single,RegisterDocument,1109,2303.66
o2p1-single,RegisterDocument,1110,2303.70
o2p1-single,RegisterDocument,1111,2303.71
o2p1-single,RegisterDocument,1112,2303.77
o2p1-single,RegisterDocument,1113,2303.82
o2p1-single,RegisterDocument,1114,2303.90
o2p1-single,RegisterDocument,1115,2303.94
o2p1-single,RegisterDocument,1116,2303.96
o2p1-single,RegisterDocument,1117,2303.99
o2p1-single,RegisterDocument,1118,2304.01
o2p1-single,RegisterDocument,1119,2304.04
o2p1-single,RegisterDocument,1120,2304.04
o2p1-single,RegisterDocument,1121,2304.06
o2p1-single,RegisterDocument,1122,2304.07
o2p1-single,RegisterDocument,1123,2304.12
o2p1-single,RegisterDocument,1124,2304.17
o2p1-single,RegisterDocument,1125,2304.22
o2p1-single,RegisterDocument,1126,2304.32
o2p1-single,RegisterDocument,1127,2304.33
o2p1-single,RegisterDocument,1128,2304.42
o2p1-single,RegisterDocument,1129,2304.55
o2p1-single,RegisterDocument,1130,2304.56
o2p1-single,RegisterDocument,1131,2304.61
o2p1-single,RegisterDocument,1132,2304.82
o2p1-single,RegisterDocument,1133,2304.84
o2p1-single,RegisterDocument,1134,2304.90
o2p1-single,RegisterDocument,1135,2305.00
o2p1-single,RegisterDocument,1136,2305.06
o2p1-single,RegisterDocument,1137,2305.16
o2p1-single,RegisterDocument,1138,2305.19
o2p1-single,RegisterDocument,1139,2305.20
o2p1-single,RegisterDocument,1140,2305.20
o2p1-single,RegisterDocument,1141,2305.22
o2p1-single,RegisterDocument,1142,2305.33
o2p1-single,RegisterDocument,1143,2305.35
o2p1-single,RegisterDocument,1144,2305.41
o2p1-single,RegisterDocument,1145,2305.46
o2p1-single,RegisterDocument,1146,2305.48
o2p1-single,RegisterDocument,1147,2305.50
o2p1-single,RegisterDocument,1148,2305.53
o2p1-single,RegisterDocument,1149,2305.62
o2p1-single,RegisterDocument,1150,2305.70
o2p1-single,RegisterDocument,1151,2305.79
o2p1-single,RegisterDocument,1152,2305.80
o2p1-single,RegisterDocument,1153,2305.85
o2p1-single,RegisterDocument,1154,2305.87
o2p1-single,RegisterDocument,1155,2305.88
o2p1-single,RegisterDocument,1156,2305.94
o2p1-single,RegisterDocument,1157,2306.01
o2p1-single,RegisterDocument,1158,2306.05
o2p1-single,RegisterDocument,1159,2306.05
o2p1-single,RegisterDocument,1160,2306.11
o2p1-single,RegisterDocument,1161,2306.15
o2p1-single,RegisterDocument,1162,2306.24
o2p1-single,RegisterDocument,1163,2306.34
o2p1-single,RegisterDocument,1164,2306.48
o2p1-single,RegisterDocument,1165,2306.50
o2p1-single,RegisterDocument,1166,2306.50
o2p1-single,RegisterDocument,1167,2306.65
o2p1-single,RegisterDocument,1168,2306.74
o2p1-single,RegisterDocument,1169,2306.74
o2p1-single,RegisterDocument,1170,2306.76
o2p1-single,RegisterDocument,1171,2306.91
o2p1-single,RegisterDocument,1172,2306.95
o2p1-single,RegisterDocument,1173,2307.01
o2p1-single,RegisterDocument,1174,2307.06
o2p1-single,RegisterDocument,1175,2307.18
o2p1-single,RegisterDocument,1176,2307.29
o2p1-single,RegisterDocument,1177,2307.61
o2p1-single,RegisterDocument,1178,2307.62
o2p1-single,RegisterDocument,1179,2307.63
o2p1-single,RegisterDocument,1180,2307.64
o2p1-single,RegisterDocument,1181,2307.80
o2p1-single,RegisterDocument,1182,2307.84
o2p1-single,RegisterDocument,1183,2307.90
o2p1-single,RegisterDocument,1184,2308.03
o2p1-single,RegisterDocument,1185,2308.03
o2p1-single,RegisterDocument,1186,2308.15
o2p1-single,RegisterDocument,1187,2308.22
o2p1-single,RegisterDocument,1188,2308.32
o2p1-single,RegisterDocument,1189,2308.35
o2p1-single,RegisterDocument,1190,2308.36
o2p1-single,RegisterDocument,1191,2308.36
o2p1-single,RegisterDocument,1192,2308.49
o2p1-single,RegisterDocument,1193,2308.53
o2p1-single,RegisterDocument,1194,2308.57
o2p1-single,RegisterDocument,1195,2308.71
o2p1-single,RegisterDocument,1196,2308.75
o2p1-single,RegisterDocument,1197,2308.77
o2p1-single,RegisterDocument,1198,2308.79
o2p1-single,RegisterDocument,1199,2308.84
o2p1-single,RegisterDocument,1200,2308.86
o2p1-single,RegisterDocument,1201,2308.86
o2p1-single,RegisterDocument,1202,2308.88
o2p1-single,RegisterDocument,1203,2308.94
o2p1-single,RegisterDocument,1204,2309.01
o2p1-single,RegisterDocument,1205,2309.08
o2p1-single,RegisterDocument,1206,2309.23
o2p1-single,RegisterDocument,1207,2309.23
o2p1-single,RegisterDocument,1208,2309.25
o2p1-single,RegisterDocument,1209,2309.27
o2p1-single,RegisterDocument,1210,2309.33
o2p1-single,RegisterDocument,1211,2309.36
o2p1-single,RegisterDocument,1212,2309.64
o2p1-single,RegisterDocument,1213,2309.70
o2p1-single,RegisterDocument,1214,2309.73
o2p1-single,RegisterDocument,1215,2309.75
o2p1-single,RegisterDocument,1216,2309.97
o2p1-single,RegisterDocument,1217,2309.98
o2p1-single,RegisterDocument,1218,2310.04
o2p1-single,RegisterDocument,1219,2310.21
o2p1-single,RegisterDocument,1220,2310.42
o2p1-single,RegisterDocument,1221,2310.46
o2p1-single,RegisterDocument,1222,2310.54
o2p1-single,RegisterDocument,1223,2310.54
o2p1-single,RegisterDocument,1224,2310.57
o2p1-single,RegisterDocument,1225,2310.68
o2p1-single,RegisterDocument,1226,2310.69
o2p1-single,RegisterDocument,1227,2310.81
o2p1-single,RegisterDocument,1228,2310.95
o2p1-single,RegisterDocument,1229,2311.02
o2p1-single,RegisterDocument,1230,2311.09
o2p1-single,RegisterDocument,1231,2311.19
o2p1-single,RegisterDocument,1232,2311.26
o2p1-single,RegisterDocument,1233,2311.32
o2p1-single,RegisterDocument,1234,2311.37
o2p1-single,RegisterDocument,1235,2311.37
o2p1-single,RegisterDocument,1236,2311.48
o2p1-single,RegisterDocument,1237,2311.52
o2p1-single,RegisterDocument,1238,2311.52
o2p1-single,RegisterDocument,1239,2311.53
o2p1-single,RegisterDocument,1240,2311.55
o2p1-single,RegisterDocument,1241,2311.80
o2p1-single,RegisterDocument,1242,2311.81
o2p1-single,RegisterDocument,1243,2312.12
o2p1-single,RegisterDocument,1244,2312.18
o2p1-single,RegisterDocument,1245,2312.19
o2p1-single,RegisterDocument,1246,2312.25
o2p1-single,RegisterDocument,1247,2312.26
o2p1-single,RegisterDocument,1248,2312.35
o2p1-single,RegisterDocument,1249,2312.38
o2p1-single,RegisterDocument,1250,2312.40
o2p1-single,RegisterDocument,1251,2312.47
o2p1-single,RegisterDocument,1252,2312.56
o2p1-single,RegisterDocument,1253,2312.57
o2p1-single,RegisterDocument,1254,2312.85
o2p1-single,RegisterDocument,1255,2312.99
o2p1-single,RegisterDocument,1256,2313.11
o2p1-single,RegisterDocument,1257,2313.11
o2p1-single,RegisterDocument,1258,2313.15
o2p1-single,RegisterDocument,1259,2313.42
o2p1-single,RegisterDocument,1260,2313.47
o2p1-single,RegisterDocument,1261,2313.50
o2p1-single,RegisterDocument,1262,2313.57
o2p1-single,RegisterDocument,1263,2313.77
o2p1-single,RegisterDocument,1264,2313.96
o2p1-single,RegisterDocument,1265,2313.98
o2p1-single,RegisterDocument,1266,2313.99
o2p1-single,RegisterDocument,1267,2314.11
o2p1-single,RegisterDocument,1268,2314.12
o2p1-single,RegisterDocument,1269,2314.21
o2p1-single,RegisterDocument,1270,2314.21
o2p1-single,RegisterDocument,1271,2314.34
o2p1-single,RegisterDocument,1272,2314.50
o2p1-single,RegisterDocument,1273,2314.54
o2p1-single,RegisterDocument,1274,2314.55
o2p1-single,RegisterDocument,1275,2314.61
o2p1-single,RegisterDocument,1276,2314.62
o2p1-single,RegisterDocument,1277,2314.64
o2p1-single,RegisterDocument,1278,2314.73
o2p1-single,RegisterDocument,1279,2314.92
o2p1-single,RegisterDocument,1280,2315.09
o2p1-single,RegisterDocument,1281,2315.09
o2p1-single,RegisterDocument,1282,2315.17
o2p1-single,RegisterDocument,1283,2315.22
o2p1-single,RegisterDocument,1284,2315.58
o2p1-single,RegisterDocument,1285,2315.58
o2p1-single,RegisterDocument,1286,2315.62
o2p1-single,RegisterDocument,1287,2315.64
o2p1-single,RegisterDocument,1288,2315.69
o2p1-single,RegisterDocument,1289,2315.79
o2p1-single,RegisterDocument,1290,2315.80
o2p1-single,RegisterDocument,1291,2315.88
o2p1-single,RegisterDocument,1292,2315.88
o2p1-single,RegisterDocument,1293,2316.21
o2p1-single,RegisterDocument,1294,2316.43
o2p1-single,RegisterDocument,1295,2316.49
o2p1-single,RegisterDocument,1296,2316.56
o2p1-single,RegisterDocument,1297,2316.64
o2p1-single,RegisterDocument,1298,2316.70
o2p1-single,RegisterDocument,1299,2316.89
o2p1-single,RegisterDocument,1300,2316.97
o2p1-single,RegisterDocument,1301,2317.39
o2p1-single,RegisterDocument,1302,2317.48
o2p1-single,RegisterDocument,1303,2317.51
o2p1-single,RegisterDocument,1304,2317.55
o2p1-single,RegisterDocument,1305,2317.58
o2p1-single,RegisterDocument,1306,2317.60
o2p1-single,RegisterDocument,1307,2317.62
o2p1-single,RegisterDocument,1308,2317.64
o2p1-single,RegisterDocument,1309,2317.77
o2p1-single,RegisterDocument,1310,2317.78
o2p1-single,RegisterDocument,1311,2317.83
o2p1-single,RegisterDocument,1312,2318.02
o2p1-single,RegisterDocument,1313,2318.11
o2p1-single,RegisterDocument,1314,2318.25
o2p1-single,RegisterDocument,1315,2318.26
o2p1-single,RegisterDocument,1316,2318.30
o2p1-single,RegisterDocument,1317,2318.31
o2p1-single,RegisterDocument,1318,2318.32
o2p1-single,RegisterDocument,1319,2318.44
o2p1-single,RegisterDocument,1320,2318.51
o2p1-single,RegisterDocument,1321,2318.59
o2p1-single,RegisterDocument,1322,2318.65
o2p1-single,RegisterDocument,1323,2318.75
o2p1-single,RegisterDocument,1324,2318.80
o2p1-single,RegisterDocument,1325,2319.02
o2p1-single,RegisterDocument,1326,2319.07
o2p1-single,RegisterDocument,1327,2319.22
o2p1-single,RegisterDocument,1328,2319.35
o2p1-single,RegisterDocument,1329,2319.37
o2p1-single,RegisterDocument,1330,2319.42
o2p1-single,RegisterDocument,1331,2319.53
o2p1-single,RegisterDocument,1332,2319.70
o2p1-single,RegisterDocument,1333,2319.88
o2p1-single,RegisterDocument,1334,2319.95
o2p1-single,RegisterDocument,1335,2319.97
o2p1-single,RegisterDocument,1336,2320.02
o2p1-single,RegisterDocument,1337,2320.34
o2p1-single,RegisterDocument,1338,2320.43
o2p1-single,RegisterDocument,1339,2320.60
o2p1-single,RegisterDocument,1340,2320.70
o2p1-single,RegisterDocument,1341,2320.79
o2p1-single,RegisterDocument,1342,2321.05
o2p1-single,RegisterDocument,1343,2321.33
o2p1-single,RegisterDocument,1344,2321.39
o2p1-single,RegisterDocument,1345,2321.41
o2p1-single,RegisterDocument,1346,2321.53
o2p1-single,RegisterDocument,1347,2321.60
o2p1-single,RegisterDocument,1348,2321.60
o2p1-single,RegisterDocument,1349,2321.64
o2p1-single,RegisterDocument,1350,2321.69
o2p1-single,RegisterDocument,1351,2321.75
o2p1-single,RegisterDocument,1352,2321.88
o2p1-single,RegisterDocument,1353,2322.13
o2p1-single,RegisterDocument,1354,2322.49
o2p1-single,RegisterDocument,1355,2322.55
o2p1-single,RegisterDocument,1356,2322.62
o2p1-single,RegisterDocument,1357,2322.64
o2p1-single,RegisterDocument,1358,2322.64
o2p1-single,RegisterDocument,1359,2322.69
o2p1-single,RegisterDocument,1360,2322.75
o2p1-single,RegisterDocument,1361,2322.91
o2p1-single,RegisterDocument,1362,2322.95
o2p1-single,RegisterDocument,1363,2323.03
o2p1-single,RegisterDocument,1364,2323.20
o2p1-single,RegisterDocument,1365,2323.28
o2p1-single,RegisterDocument,1366,2323.33
o2p1-single,RegisterDocument,1367,2323.47
o2p1-single,RegisterDocument,1368,2323.50
o2p1-single,RegisterDocument,1369,2323.65
o2p1-single,RegisterDocument,1370,2323.80
o2p1-single,RegisterDocument,1371,2323.83
o2p1-single,RegisterDocument,1372,2323.88
o2p1-single,RegisterDocument,1373,2323.93
o2p1-single,RegisterDocument,1374,2323.95
o2p1-single,RegisterDocument,1375,2323.96
o2p1-single,RegisterDocument,1376,2323.97
o2p1-single,RegisterDocument,1377,2324.01
o2p1-single,RegisterDocument,1378,2324.02
o2p1-single,RegisterDocument,1379,2324.04
o2p1-single,RegisterDocument,1380,2324.10
o2p1-single,RegisterDocument,1381,2324.13
o2p1-single,RegisterDocument,1382,2324.19
o2p1-single,RegisterDocument,1383,2324.23
o2p1-single,RegisterDocument,1384,2324.24
o2p1-single,RegisterDocument,1385,2324.44
o2p1-single,RegisterDocument,1386,2324.49
o2p1-single,RegisterDocument,1387,2324.53
o2p1-single,RegisterDocument,1388,2324.58
o2p1-single,RegisterDocument,1389,2324.62
o2p1-single,RegisterDocument,1390,2324.68
o2p1-single,RegisterDocument,1391,2324.70
o2p1-single,RegisterDocument,1392,2325.20
o2p1-single,RegisterDocument,1393,2325.24
o2p1-single,RegisterDocument,1394,2325.38
o2p1-single,RegisterDocument,1395,2325.42
o2p1-single,RegisterDocument,1396,2325.54
o2p1-single,RegisterDocument,1397,2325.67
o2p1-single,RegisterDocument,1398,2325.84
o2p1-single,RegisterDocument,1399,2325.86
o2p1-single,RegisterDocument,1400,2325.86
o2p1-single,RegisterDocument,1401,2325.90
o2p1-single,RegisterDocument,1402,2325.90
o2p1-single,RegisterDocument,1403,2325.95
o2p1-single,RegisterDocument,1404,2326.14
o2p1-single,RegisterDocument,1405,2326.22
o2p1-single,RegisterDocument,1406,2326.30
o2p1-single,RegisterDocument,1407,2326.43
o2p1-single,RegisterDocument,1408,2326.45
o2p1-single,RegisterDocument,1409,2326.47
o2p1-single,RegisterDocument,1410,2326.61
o2p1-single,RegisterDocument,1411,2326.63
o2p1-single,RegisterDocument,1412,2326.68
o2p1-single,RegisterDocument,1413,2326.70
o2p1-single,RegisterDocument,1414,2326.74
o2p1-single,RegisterDocument,1415,2326.78
o2p1-single,RegisterDocument,1416,2326.97
o2p1-single,RegisterDocument,1417,2327.02
o2p1-single,RegisterDocument,1418,2327.19
o2p1-single,RegisterDocument,1419,2327.25
o2p1-single,RegisterDocument,1420,2327.34
o2p1-single,RegisterDocument,1421,2327.38
o2p1-single,RegisterDocument,1422,2327.68
o2p1-single,RegisterDocument,1423,2327.79
o2p1-single,RegisterDocument,1424,2327.79
o2p1-single,RegisterDocument,1425,2327.83
o2p1-single,RegisterDocument,1426,2327.85
o2p1-single,RegisterDocument,1427,2328.03
o2p1-single,RegisterDocument,1428,2328.12
o2p1-single,RegisterDocument,1429,2328.14
o2p1-single,RegisterDocument,1430,2328.29
o2p1-single,RegisterDocument,1431,2328.46
o2p1-single,RegisterDocument,1432,2328.53
o2p1-single,RegisterDocument,1433,2328.75
o2p1-single,RegisterDocument,1434,2328.81
o2p1-single,RegisterDocument,1435,2328.85
o2p1-single,RegisterDocument,1436,2328.86
o2p1-single,RegisterDocument,1437,2328.93
o2p1-single,RegisterDocument,1438,2329.11
o2p1-single,RegisterDocument,1439,2329.15
o2p1-single,RegisterDocument,1440,2329.42
o2p1-single,RegisterDocument,1441,2330.19
o2p1-single,RegisterDocument,1442,2330.20
o2p1-single,RegisterDocument,1443,2330.22
o2p1-single,RegisterDocument,1444,2330.39
o2p1-single,RegisterDocument,1445,2330.49
o2p1-single,RegisterDocument,1446,2330.50
o2p1-single,RegisterDocument,1447,2330.64
o2p1-single,RegisterDocument,1448,2330.66
o2p1-single,RegisterDocument,1449,2330.68
o2p1-single,RegisterDocument,1450,2330.78
o2p1-single,RegisterDocument,1451,2330.90
o2p1-single,RegisterDocument,1452,2330.91
o2p1-single,RegisterDocument,1453,2330.95
o2p1-single,RegisterDocument,1454,2331.02
o2p1-single,RegisterDocument,1455,2331.03
o2p1-single,RegisterDocument,1456,2331.07
o2p1-single,RegisterDocument,1457,2331.12
o2p1-single,RegisterDocument,1458,2331.16
o2p1-single,RegisterDocument,1459,2331.23
o2p1-single,RegisterDocument,1460,2331.27
o2p1-single,RegisterDocument,1461,2331.33
o2p1-single,RegisterDocument,1462,2331.47
o2p1-single,RegisterDocument,1463,2331.52
o2p1-single,RegisterDocument,1464,2331.73
o2p1-single,RegisterDocument,1465,2331.75
o2p1-single,RegisterDocument,1466,2331.88
o2p1-single,RegisterDocument,1467,2331.90
o2p1-single,RegisterDocument,1468,2331.97
o2p1-single,RegisterDocument,1469,2332.40
o2p1-single,RegisterDocument,1470,2332.46
o2p1-single,RegisterDocument,1471,2332.46
o2p1-single,RegisterDocument,1472,2332.47
o2p1-single,RegisterDocument,1473,2332.48
o2p1-single,RegisterDocument,1474,2332.49
o2p1-single,RegisterDocument,1475,2332.54
o2p1-single,RegisterDocument,1476,2332.55
o2p1-single,RegisterDocument,1477,2332.64
o2p1-single,RegisterDocument,1478,2332.67
o2p1-single,RegisterDocument,1479,2332.69
o2p1-single,RegisterDocument,1480,2332.74
o2p1-single,RegisterDocument,1481,2332.83
o2p1-single,RegisterDocument,1482,2332.86
o2p1-single,RegisterDocument,1483,2332.87
o2p1-single,RegisterDocument,1484,2332.87
o2p1-single,RegisterDocument,1485,2332.93
o2p1-single,RegisterDocument,1486,2333.07
o2p1-single,RegisterDocument,1487,2333.12
o2p1-single,RegisterDocument,1488,2333.16
o2p1-single,RegisterDocument,1489,2333.26
o2p1-single,RegisterDocument,1490,2333.31
o2p1-single,RegisterDocument,1491,2333.34
o2p1-single,RegisterDocument,1492,2333.45
o2p1-single,RegisterDocument,1493,2333.50
o2p1-single,RegisterDocument,1494,2333.59
o2p1-single,RegisterDocument,1495,2333.62
o2p1-single,RegisterDocument,1496,2333.68
o2p1-single,RegisterDocument,1497,2333.80
o2p1-single,RegisterDocument,1498,2333.82
o2p1-single,RegisterDocument,1499,2333.83
o2p1-single,RegisterDocument,1500,2333.89
o2p1-single,RegisterDocument,1501,2333.89
o2p1-single,RegisterDocument,1502,2333.91
o2p1-single,RegisterDocument,1503,2333.93
o2p1-single,RegisterDocument,1504,2333.93
o2p1-single,RegisterDocument,1505,2334.52
o2p1-single,RegisterDocument,1506,2334.75
o2p1-single,RegisterDocument,1507,2334.87
o2p1-single,RegisterDocument,1508,2335.00
o2p1-single,RegisterDocument,1509,2335.05
o2p1-single,RegisterDocument,1510,2335.05
o2p1-single,RegisterDocument,1511,2335.11
o2p1-single,RegisterDocument,1512,2335.20
o2p1-single,RegisterDocument,1513,2335.23
o2p1-single,RegisterDocument,1514,2335.26
o2p1-single,RegisterDocument,1515,2335.27
o2p1-single,RegisterDocument,1516,2335.27
o2p1-single,RegisterDocument,1517,2335.34
o2p1-single,RegisterDocument,1518,2335.38
o2p1-single,RegisterDocument,1519,2335.41
o2p1-single,RegisterDocument,1520,2335.53
o2p1-single,RegisterDocument,1521,2335.92
o2p1-single,RegisterDocument,1522,2336.01
o2p1-single,RegisterDocument,1523,2336.23
o2p1-single,RegisterDocument,1524,2336.51
o2p1-single,RegisterDocument,1525,2336.64
o2p1-single,RegisterDocument,1526,2336.78
o2p1-single,RegisterDocument,1527,2336.79
o2p1-single,RegisterDocument,1528,2336.79
o2p1-single,RegisterDocument,1529,2337.09
o2p1-single,RegisterDocument,1530,2337.09
o2p1-single,RegisterDocument,1531,2337.45
o2p1-single,RegisterDocument,1532,2337.49
o2p1-single,RegisterDocument,1533,2337.59
o2p1-single,RegisterDocument,1534,2337.59
o2p1-single,RegisterDocument,1535,2337.63
o2p1-single,RegisterDocument,1536,2337.66
o2p1-single,RegisterDocument,1537,2337.78
o2p1-single,RegisterDocument,1538,2337.84
o2p1-single,RegisterDocument,1539,2337.89
o2p1-single,RegisterDocument,1540,2337.90
o2p1-single,RegisterDocument,1541,2338.08
o2p1-single,RegisterDocument,1542,2338.10
o2p1-single,RegisterDocument,1543,2338.29
o2p1-single,RegisterDocument,1544,2338.70
o2p1-single,RegisterDocument,1545,2338.76
o2p1-single,RegisterDocument,1546,2338.76
o2p1-single,RegisterDocument,1547,2338.77
o2p1-single,RegisterDocument,1548,2338.83
o2p1-single,RegisterDocument,1549,2338.96
o2p1-single,RegisterDocument,1550,2339.10
o2p1-single,RegisterDocument,1551,2339.11
o2p1-single,RegisterDocument,1552,2339.18
o2p1-single,RegisterDocument,1553,2339.24
o2p1-single,RegisterDocument,1554,2339.31
o2p1-single,RegisterDocument,1555,2339.36
o2p1-single,RegisterDocument,1556,2339.37
o2p1-single,RegisterDocument,1557,2339.41
o2p1-single,RegisterDocument,1558,2339.47
o2p1-single,RegisterDocument,1559,2339.47
o2p1-single,RegisterDocument,1560,2339.49
o2p1-single,RegisterDocument,1561,2339.51
o2p1-single,RegisterDocument,1562,2339.53
o2p1-single,RegisterDocument,1563,2339.55
o2p1-single,RegisterDocument,1564,2339.55
o2p1-single,RegisterDocument,1565,2339.56
o2p1-single,RegisterDocument,1566,2339.76
o2p1-single,RegisterDocument,1567,2339.88
o2p1-single,RegisterDocument,1568,2339.97
o2p1-single,RegisterDocument,1569,2340.08
o2p1-single,RegisterDocument,1570,2340.11
o2p1-single,RegisterDocument,1571,2340.27
o2p1-single,RegisterDocument,1572,2340.42
o2p1-single,RegisterDocument,1573,2340.47
o2p1-single,RegisterDocument,1574,2340.53
o2p1-single,RegisterDocument,1575,2340.56
o2p1-single,RegisterDocument,1576,2340.57
o2p1-single,RegisterDocument,1577,2340.59
o2p1-single,RegisterDocument,1578,2340.59
o2p1-single,RegisterDocument,1579,2340.61
o2p1-single,RegisterDocument,1580,2340.87
o2p1-single,RegisterDocument,1581,2341.00
o2p1-single,RegisterDocument,1582,2341.07
o2p1-single,RegisterDocument,1583,2341.12
o2p1-single,RegisterDocument,1584,2341.22
o2p1-single,RegisterDocument,1585,2341.22
o2p1-single,RegisterDocument,1586,2341.81
o2p1-single,RegisterDocument,1587,2341.84
o2p1-single,RegisterDocument,1588,2341.93
o2p1-single,RegisterDocument,1589,2342.00
o2p1-single,RegisterDocument,1590,2342.17
o2p1-single,RegisterDocument,1591,2342.19
o2p1-single,RegisterDocument,1592,2342.24
o2p1-single,RegisterDocument,1593,2342.39
o2p1-single,RegisterDocument,1594,2342.50
o2p1-single,RegisterDocument,1595,2342.56
o2p1-single,RegisterDocument,1596,2342.78
o2p1-single,RegisterDocument,1597,2342.98
o2p1-single,RegisterDocument,1598,2343.32
o2p1-single,RegisterDocument,1599,2343.41
o2p1-single,RegisterDocument,1600,2343.46
o2p1-single,RegisterDocument,1601,2343.57
o2p1-single,RegisterDocument,1602,2343.84
o2p1-single,RegisterDocument,1603,2343.89
o2p1-single,RegisterDocument,1604,2343.90
o2p1-single,RegisterDocument,1605,2343.93
o2p1-single,RegisterDocument,1606,2344.06
o2p1-single,RegisterDocument,1607,2344.15
o2p1-single,RegisterDocument,1608,2344.24
o2p1-single,RegisterDocument,1609,2344.62
o2p1-single,RegisterDocument,1610,2344.83
o2p1-single,RegisterDocument,1611,2344.87
o2p1-single,RegisterDocument,1612,2344.92
o2p1-single,RegisterDocument,1613,2344.99
o2p1-single,RegisterDocument,1614,2345.10
o2p1-single,RegisterDocument,1615,2345.11
o2p1-single,RegisterDocument,1616,2345.14
o2p1-single,RegisterDocument,1617,2345.37
o2p1-single,RegisterDocument,1618,2345.46
o2p1-single,RegisterDocument,1619,2345.47
o2p1-single,RegisterDocument,1620,2345.51
o2p1-single,RegisterDocument,1621,2345.78
o2p1-single,RegisterDocument,1622,2345.78
o2p1-single,RegisterDocument,1623,2345.83
o2p1-single,RegisterDocument,1624,2346.15
o2p1-single,RegisterDocument,1625,2346.35
o2p1-single,RegisterDocument,1626,2346.37
o2p1-single,RegisterDocument,1627,2346.47
o2p1-single,RegisterDocument,1628,2346.54
o2p1-single,RegisterDocument,1629,2346.67
o2p1-single,RegisterDocument,1630,2346.73
o2p1-single,RegisterDocument,1631,2346.82
o2p1-single,RegisterDocument,1632,2347.22
o2p1-single,RegisterDocument,1633,2347.37
o2p1-single,RegisterDocument,1634,2347.38
o2p1-single,RegisterDocument,1635,2347.67
o2p1-single,RegisterDocument,1636,2347.72
o2p1-single,RegisterDocument,1637,2347.75
o2p1-single,RegisterDocument,1638,2347.90
o2p1-single,RegisterDocument,1639,2348.01
o2p1-single,RegisterDocument,1640,2348.02
o2p1-single,RegisterDocument,1641,2348.08
o2p1-single,RegisterDocument,1642,2348.10
o2p1-single,RegisterDocument,1643,2348.30
o2p1-single,RegisterDocument,1644,2348.47
o2p1-single,RegisterDocument,1645,2348.81
o2p1-single,RegisterDocument,1646,2348.87
o2p1-single,RegisterDocument,1647,2348.98
o2p1-single,RegisterDocument,1648,2349.04
o2p1-single,RegisterDocument,1649,2349.36
o2p1-single,RegisterDocument,1650,2349.54
o2p1-single,RegisterDocument,1651,2349.77
o2p1-single,RegisterDocument,1652,2349.80
o2p1-single,RegisterDocument,1653,2349.80
o2p1-single,RegisterDocument,1654,2349.81
o2p1-single,RegisterDocument,1655,2349.91
o2p1-single,RegisterDocument,1656,2349.92
o2p1-single,RegisterDocument,1657,2350.03
o2p1-single,RegisterDocument,1658,2350.04
o2p1-single,RegisterDocument,1659,2350.33
o2p1-single,RegisterDocument,1660,2350.49
o2p1-single,RegisterDocument,1661,2350.51
o2p1-single,RegisterDocument,1662,2350.70
o2p1-single,RegisterDocument,1663,2350.93
o2p1-single,RegisterDocument,1664,2351.03
o2p1-single,RegisterDocument,1665,2351.11
o2p1-single,RegisterDocument,1666,2351.71
o2p1-single,RegisterDocument,1667,2351.76
o2p1-single,RegisterDocument,1668,2351.80
o2p1-single,RegisterDocument,1669,2352.09
o2p1-single,RegisterDocument,1670,2352.10
o2p1-single,RegisterDocument,1671,2352.10
o2p1-single,RegisterDocument,1672,2352.32
o2p1-single,RegisterDocument,1673,2352.43
o2p1-single,RegisterDocument,1674,2352.59
o2p1-single,RegisterDocument,1675,2352.73
o2p1-single,RegisterDocument,1676,2353.08
o2p1-single,RegisterDocument,1677,2353.15
o2p1-single,RegisterDocument,1678,2353.16
o2p1-single,RegisterDocument,1679,2353.46
o2p1-single,RegisterDocument,1680,2353.54
o2p1-single,RegisterDocument,1681,2353.57
o2p1-single,RegisterDocument,1682,2353.58
o2p1-single,RegisterDocument,1683,2353.68
o2p1-single,RegisterDocument,1684,2353.99
o2p1-single,RegisterDocument,1685,2354.62
o2p1-single,RegisterDocument,1686,2354.69
o2p1-single,RegisterDocument,1687,2354.77
o2p1-single,RegisterDocument,1688,2354.83
o2p1-single,RegisterDocument,1689,2354.86
o2p1-single,RegisterDocument,1690,2354.89
o2p1-single,RegisterDocument,1691,2354.94
o2p1-single,RegisterDocument,1692,2354.94
o2p1-single,RegisterDocument,1693,2355.01
o2p1-single,RegisterDocument,1694,2355.48
o2p1-single,RegisterDocument,1695,2355.57
o2p1-single,RegisterDocument,1696,2355.60
o2p1-single,RegisterDocument,1697,2355.71
o2p1-single,RegisterDocument,1698,2355.75
o2p1-single,RegisterDocument,1699,2355.90
o2p1-single,RegisterDocument,1700,2356.07
o2p1-single,RegisterDocument,1701,2356.13
o2p1-single,RegisterDocument,1702,2356.28
o2p1-single,RegisterDocument,1703,2356.56
o2p1-single,RegisterDocument,1704,2356.70
o2p1-single,RegisterDocument,1705,2356.72
o2p1-single,RegisterDocument,1706,2357.04
o2p1-single,RegisterDocument,1707,2357.06
o2p1-single,RegisterDocument,1708,2357.06
o2p1-single,RegisterDocument,1709,2357.12
o2p1-single,RegisterDocument,1710,2357.27
o2p1-single,RegisterDocument,1711,2357.61
o2p1-single,RegisterDocument,1712,2357.63
o2p1-single,RegisterDocument,1713,2357.73
o2p1-single,RegisterDocument,1714,2357.83
o2p1-single,RegisterDocument,1715,2357.91
o2p1-single,RegisterDocument,1716,2357.98
o2p1-single,RegisterDocument,1717,2357.99
o2p1-single,RegisterDocument,1718,2358.06
o2p1-single,RegisterDocument,1719,2358.33
o2p1-single,RegisterDocument,1720,2358.34
o2p1-single,RegisterDocument,1721,2358.48
o2p1-single,RegisterDocument,1722,2358.65
o2p1-single,RegisterDocument,1723,2358.81
o2p1-single,RegisterDocument,1724,2358.96
o2p1-single,RegisterDocument,1725,2358.99
o2p1-single,RegisterDocument,1726,2359.37
o2p1-single,RegisterDocument,1727,2359.55
o2p1-single,RegisterDocument,1728,2359.86
o2p1-single,RegisterDocument,1729,2359.95
o2p1-single,RegisterDocument,1730,2359.96
o2p1-single,RegisterDocument,1731,2360.24
o2p1-single,RegisterDocument,1732,2360.41
o2p1-single,RegisterDocument,1733,2360.44
o2p1-single,RegisterDocument,1734,2360.47
o2p1-single,RegisterDocument,1735,2360.60
o2p1-single,RegisterDocument,1736,2360.91
o2p1-single,RegisterDocument,1737,2360.99
o2p1-single,RegisterDocument,1738,2361.15
o2p1-single,RegisterDocument,1739,2361.28
o2p1-single,RegisterDocument,1740,2361.61
o2p1-single,RegisterDocument,1741,2361.87
o2p1-single,RegisterDocument,1742,2361.92
o2p1-single,RegisterDocument,1743,2362.12
o2p1-single,RegisterDocument,1744,2362.37
o2p1-single,RegisterDocument,1745,2362.54
o2p1-single,RegisterDocument,1746,2362.65
o2p1-single,RegisterDocument,1747,2362.72
o2p1-single,RegisterDocument,1748,2362.74
o2p1-single,RegisterDocument,1749,2362.99
o2p1-single,RegisterDocument,1750,2363.10
o2p1-single,RegisterDocument,1751,2363.11
o2p1-single,RegisterDocument,1752,2363.17
o2p1-single,RegisterDocument,1753,2363.17
o2p1-single,RegisterDocument,1754,2363.18
o2p1-single,RegisterDocument,1755,2363.27
o2p1-single,RegisterDocument,1756,2363.36
o2p1-single,RegisterDocument,1757,2363.51
o2p1-single,RegisterDocument,1758,2363.53
o2p1-single,RegisterDocument,1759,2363.79
o2p1-single,RegisterDocument,1760,2363.83
o2p1-single,RegisterDocument,1761,2364.16
o2p1-single,RegisterDocument,1762,2364.31
o2p1-single,RegisterDocument,1763,2364.45
o2p1-single,RegisterDocument,1764,2364.73
o2p1-single,RegisterDocument,1765,2364.82
o2p1-single,RegisterDocument,1766,2365.15
o2p1-single,RegisterDocument,1767,2365.15
o2p1-single,RegisterDocument,1768,2365.34
o2p1-single,RegisterDocument,1769,2365.36
o2p1-single,RegisterDocument,1770,2365.50
o2p1-single,RegisterDocument,1771,2365.58
o2p1-single,RegisterDocument,1772,2365.70
o2p1-single,RegisterDocument,1773,2365.96
o2p1-single,RegisterDocument,1774,2366.19
o2p1-single,RegisterDocument,1775,2366.42
o2p1-single,RegisterDocument,1776,2366.58
o2p1-single,RegisterDocument,1777,2366.72
o2p1-single,RegisterDocument,1778,2366.81
o2p1-single,RegisterDocument,1779,2366.92
o2p1-single,RegisterDocument,1780,2366.99
o2p1-single,RegisterDocument,1781,2367.02
o2p1-single,RegisterDocument,1782,2367.08
o2p1-single,RegisterDocument,1783,2367.39
o2p1-single,RegisterDocument,1784,2367.51
o2p1-single,RegisterDocument,1785,2367.52
o2p1-single,RegisterDocument,1786,2367.94
o2p1-single,RegisterDocument,1787,2367.99
o2p1-single,RegisterDocument,1788,2368.42
o2p1-single,RegisterDocument,1789,2368.44
o2p1-single,RegisterDocument,1790,2368.49
o2p1-single,RegisterDocument,1791,2368.58
o2p1-single,RegisterDocument,1792,2369.04
o2p1-single,RegisterDocument,1793,2370.39
o2p1-single,RegisterDocument,1794,2370.95
o2p1-single,RegisterDocument,1795,2371.02
o2p1-single,RegisterDocument,1796,2371.06
o2p1-single,RegisterDocument,1797,2371.19
o2p1-single,RegisterDocument,1798,2371.37
o2p1-single,RegisterDocument,1799,2371.48
o2p1-single,RegisterDocument,1800,2371.58
o2p1-single,RegisterDocument,1801,2371.59
o2p1-single,RegisterDocument,1802,2371.63
o2p1-single,RegisterDocument,1803,2371.96
o2p1-single,RegisterDocument,1804,2372.05
o2p1-single,RegisterDocument,1805,2372.29
o2p1-single,RegisterDocument,1806,2372.95
o2p1-single,RegisterDocument,1807,2373.29
o2p1-single,RegisterDocument,1808,2373.70
o2p1-single,RegisterDocument,1809,2373.85
o2p1-single,RegisterDocument,1810,2373.98
o2p1-single,RegisterDocument,1811,2374.26
o2p1-single,RegisterDocument,1812,2374.47
o2p1-single,RegisterDocument,1813,2374.66
o2p1-single,RegisterDocument,1814,2375.03
o2p1-single,RegisterDocument,1815,2375.12
o2p1-single,RegisterDocument,1816,2375.17
o2p1-single,RegisterDocument,1817,2375.30
o2p1-single,RegisterDocument,1818,2375.42
o2p1-single,RegisterDocument,1819,2375.54
o2p1-single,RegisterDocument,1820,2375.64
o2p1-single,RegisterDocument,1821,2375.83
o2p1-single,RegisterDocument,1822,2375.85
o2p1-single,RegisterDocument,1823,2376.31
o2p1-single,RegisterDocument,1824,2376.37
o2p1-single,RegisterDocument,1825,2376.43
o2p1-single,RegisterDocument,1826,2377.64
o2p1-single,RegisterDocument,1827,2377.87
o2p1-single,RegisterDocument,1828,2378.23
o2p1-single,RegisterDocument,1829,2378.60
o2p1-single,RegisterDocument,1830,2378.84
o2p1-single,RegisterDocument,1831,2379.35
o2p1-single,RegisterDocument,1832,2379.39
o2p1-single,RegisterDocument,1833,2379.79
o2p1-single,RegisterDocument,1834,2379.91
o2p1-single,RegisterDocument,1835,2379.92
o2p1-single,RegisterDocument,1836,2380.43
o2p1-single,RegisterDocument,1837,2380.55
o2p1-single,RegisterDocument,1838,2380.64
o2p1-single,RegisterDocument,1839,2380.77
o2p1-single,RegisterDocument,1840,2380.81
o2p1-single,RegisterDocument,1841,2381.03
o2p1-single,RegisterDocument,1842,2382.03
o2p1-single,RegisterDocument,1843,2382.49
o2p1-single,RegisterDocument,1844,2382.53
o2p1-single,RegisterDocument,1845,2382.65
o2p1-single,RegisterDocument,1846,2382.85
o2p1-single,RegisterDocument,1847,2383.77
o2p1-single,RegisterDocument,1848,2383.95
o2p1-single,RegisterDocument,1849,2384.20
o2p1-single,RegisterDocument,1850,2384.54
o2p1-single,RegisterDocument,1851,2384.54
o2p1-single,RegisterDocument,1852,2384.89
o2p1-single,RegisterDocument,1853,2385.34
o2p1-single,RegisterDocument,1854,2385.42
o2p1-single,RegisterDocument,1855,2385.82
o2p1-single,RegisterDocument,1856,2386.08
o2p1-single,RegisterDocument,1857,2386.34
o2p1-single,RegisterDocument,1858,2386.79
o2p1-single,RegisterDocument,1859,2386.85
o2p1-single,RegisterDocument,1860,2387.11
o2p1-single,RegisterDocument,1861,2387.26
o2p1-single,RegisterDocument,1862,2387.64
o2p1-single,RegisterDocument,1863,2388.11
o2p1-single,RegisterDocument,1864,2388.19
o2p1-single,RegisterDocument,1865,2389.68
o2p1-single,RegisterDocument,1866,2389.75
o2p1-single,RegisterDocument,1867,2389.86
o2p1-single,RegisterDocument,1868,2389.98
o2p1-single,RegisterDocument,1869,2390.24
o2p1-single,RegisterDocument,1870,2390.65
o2p1-single,RegisterDocument,1871,2391.28
o2p1-single,RegisterDocument,1872,2391.84
o2p1-single,RegisterDocument,1873,2392.24
o2p1-single,RegisterDocument,1874,2392.35
o2p1-single,RegisterDocument,1875,2392.47
o2p1-single,RegisterDocument,1876,2392.85
o2p1-single,RegisterDocument,1877,2392.97
o2p1-single,RegisterDocument,1878,2393.13
o2p1-single,RegisterDocument,1879,2393.20
o2p1-single,RegisterDocument,1880,2393.28
o2p1-single,RegisterDocument,1881,2393.37
o2p1-single,RegisterDocument,1882,2393.52
o2p1-single,RegisterDocument,1883,2394.56
o2p1-single,RegisterDocument,1884,2395.17
o2p1-single,RegisterDocument,1885,2395.54
o2p1-single,RegisterDocument,1886,2395.88
o2p1-single,RegisterDocument,1887,2396.49
o2p1-single,RegisterDocument,1888,2396.51
o2p1-single,RegisterDocument,1889,2397.74
o2p1-single,RegisterDocument,1890,2397.94
o2p1-single,RegisterDocument,1891,2398.37
o2p1-single,RegisterDocument,1892,2398.39
o2p1-single,RegisterDocument,1893,2398.61
o2p1-single,RegisterDocument,1894,2399.37
o2p1-single,RegisterDocument,1895,2399.50
o2p1-single,RegisterDocument,1896,2399.64
o2p1-single,RegisterDocument,1897,2399.81
o2p1-single,RegisterDocument,1898,2400.08
o2p1-single,RegisterDocument,1899,2400.31
o2p1-single,RegisterDocument,1900,2400.42
o2p1-single,RegisterDocument,1901,2401.16
o2p1-single,RegisterDocument,1902,2401.19
o2p1-single,RegisterDocument,1903,2402.21
o2p1-single,RegisterDocument,1904,2402.53
o2p1-single,RegisterDocument,1905,2402.74
o2p1-single,RegisterDocument,1906,2403.17
o2p1-single,RegisterDocument,1907,2403.29
o2p1-single,RegisterDocument,1908,2403.97
o2p1-single,RegisterDocument,1909,2404.12
o2p1-single,RegisterDocument,1910,2404.20
o2p1-single,RegisterDocument,1911,2404.94
o2p1-single,RegisterDocument,1912,2405.54
o2p1-single,RegisterDocument,1913,2405.57
o2p1-single,RegisterDocument,1914,2405.73
o2p1-single,RegisterDocument,1915,2405.96
o2p1-single,RegisterDocument,1916,2406.68
o2p1-single,RegisterDocument,1917,2407.17
o2p1-single,RegisterDocument,1918,2407.59
o2p1-single,RegisterDocument,1919,2407.64
o2p1-single,RegisterDocument,1920,2407.90
o2p1-single,RegisterDocument,1921,2408.91
o2p1-single,RegisterDocument,1922,2409.15
o2p1-single,RegisterDocument,1923,2409.53
o2p1-single,RegisterDocument,1924,2411.30
o2p1-single,RegisterDocument,1925,2411.49
o2p1-single,RegisterDocument,1926,2411.53
o2p1-single,RegisterDocument,1927,2411.68
o2p1-single,RegisterDocument,1928,2413.43
o2p1-single,RegisterDocument,1929,2413.75
o2p1-single,RegisterDocument,1930,2413.96
o2p1-single,RegisterDocument,1931,2414.77
o2p1-single,RegisterDocument,1932,2415.07
o2p1-single,RegisterDocument,1933,2415.85
o2p1-single,RegisterDocument,1934,2416.05
o2p1-single,RegisterDocument,1935,2416.32
o2p1-single,RegisterDocument,1936,2416.62
o2p1-single,RegisterDocument,1937,2417.25
o2p1-single,RegisterDocument,1938,2419.66
o2p1-single,RegisterDocument,1939,2420.32
o2p1-single,RegisterDocument,1940,2420.83
o2p1-single,RegisterDocument,1941,2420.95
o2p1-single,RegisterDocument,1942,2421.65
o2p1-single,RegisterDocument,1943,2423.11
o2p1-single,RegisterDocument,1944,2424.00
o2p1-single,RegisterDocument,1945,2424.54
o2p1-single,RegisterDocument,1946,2425.49
o2p1-single,RegisterDocument,1947,2425.59
o2p1-single,RegisterDocument,1948,2425.70
o2p1-single,RegisterDocument,1949,2426.23
o2p1-single,RegisterDocument,1950,2427.06
o2p1-single,RegisterDocument,1951,2427.18
o2p1-single,RegisterDocument,1952,2427.33
o2p1-single,RegisterDocument,1953,2429.71
o2p1-single,RegisterDocument,1954,2434.02
o2p1-single,RegisterDocument,1955,2435.31
o2p1-single,RegisterDocument,1956,2435.39
o2p1-single,RegisterDocument,1957,2435.75
o2p1-single,RegisterDocument,1958,2435.81
o2p1-single,RegisterDocument,1959,2435.98
o2p1-single,RegisterDocument,1960,2436.41
o2p1-single,RegisterDocument,1961,2436.52
o2p1-single,RegisterDocument,1962,2437.10
o2p1-single,RegisterDocument,1963,2439.36
o2p1-single,RegisterDocument,1964,2439.63
o2p1-single,RegisterDocument,1965,2440.47
o2p1-single,RegisterDocument,1966,2442.79
o2p1-single,RegisterDocument,1967,2448.16
o2p1-single,RegisterDocument,1968,2449.87
o2p1-single,RegisterDocument,1969,2451.35
o2p1-single,RegisterDocument,1970,2451.83
o2p1-single,RegisterDocument,1971,2452.03
o2p1-single,RegisterDocument,1972,2452.27
o2p1-single,RegisterDocument,1973,2455.19
o2p1-single,RegisterDocument,1974,2459.35
o2p1-single,RegisterDocument,1975,2459.94
o2p1-single,RegisterDocument,1976,2460.42
o2p1-single,RegisterDocument,1977,2462.12
o2p1-single,RegisterDocument,1978,2465.21
o2p1-single,RegisterDocument,1979,2467.10
o2p1-single,RegisterDocument,1980,2467.48
o2p1-single,RegisterDocument,1981,2467.70
o2p1-single,RegisterDocument,1982,2470.86
o2p1-single,RegisterDocument,1983,2471.83
o2p1-single,RegisterDocument,1984,2474.78
o2p1-single,RegisterDocument,1985,2476.94
o2p1-single,RegisterDocument,1986,2482.18
o2p1-single,RegisterDocument,1987,2485.11
o2p1-single,RegisterDocument,1988,2490.02
o2p1-single,RegisterDocument,1989,2491.53
o2p1-single,RegisterDocument,1990,2493.39
o2p1-single,RegisterDocument,1991,2493.67
o2p1-single,RegisterDocument,1992,2497.49
o2p1-single,RegisterDocument,1993,2497.76
o2p1-single,RegisterDocument,1994,2511.24
o2p1-single,RegisterDocument,1995,2514.14
o2p1-single,RegisterDocument,1996,2519.70
o2p1-single,RegisterDocument,1997,2520.18
o2p1-single,RegisterDocument,1998,2541.13
o2p1-single,RegisterDocument,1999,2613.28
o2p1-single,CheckAccess,0,7.09
o2p1-single,CheckAccess,1,5.64
o2p1-single,CheckAccess,2,4.58
o2p1-single,CheckAccess,3,7.01
o2p1-single,CheckAccess,4,5.34
o2p1-single,CheckAccess,5,5.97
o2p1-single,CheckAccess,6,3.15
o2p1-single,CheckAccess,7,3.76
o2p1-single,CheckAccess,8,4.90
o2p1-single,CheckAccess,9,6.67
o2p1-single,CheckAccess,10,4.71
o2p1-single,CheckAccess,11,5.15
o2p1-single,CheckAccess,12,7.44
o2p1-single,CheckAccess,13,5.63
o2p1-single,CheckAccess,14,6.71
o2p1-single,CheckAccess,15,6.24
o2p1-single,CheckAccess,16,4.23
o2p1-single,CheckAccess,17,6.62
o2p1-single,CheckAccess,18,4.62
o2p1-single,CheckAccess,19,5.22
o2p1-single,CheckAccess,20,5.56
o2p1-single,CheckAccess,21,4.09
o2p1-single,CheckAccess,22,6.07
o2p1-single,CheckAccess,23,5.14
o2p1-single,CheckAccess,24,5.82
o2p1-single,CheckAccess,25,3.96
o2p1-single,CheckAccess,26,4.72
o2p1-single,CheckAccess,27,4.35
o2p1-single,CheckAccess,28,4.43
o2p1-single,CheckAccess,29,4.21
o2p1-single,CheckAccess,30,6.98
o2p1-single,CheckAccess,31,4.66
o2p1-single,CheckAccess,32,3.97
o2p1-single,CheckAccess,33,3.75
o2p1-single,CheckAccess,34,3.81
o2p1-single,CheckAccess,35,4.53
o2p1-single,CheckAccess,36,6.98
o2p1-single,CheckAccess,37,4.84
o2p1-single,CheckAccess,38,5.08
o2p1-single,CheckAccess,39,5.19
o2p1-single,CheckAccess,40,3.45
o2p1-single,CheckAccess,41,3.43
o2p1-single,CheckAccess,42,3.57
o2p1-single,CheckAccess,43,6.64
o2p1-single,CheckAccess,44,5.42
o2p1-single,CheckAccess,45,6.36
o2p1-single,CheckAccess,46,5.95
o2p1-single,CheckAccess,47,4.79
o2p1-single,CheckAccess,48,6.37
o2p1-single,CheckAccess,49,5.86
o2p1-single,CheckAccess,50,3.13
o2p1-single,CheckAccess,51,3.84
o2p1-single,CheckAccess,52,6.68
o2p1-single,CheckAccess,53,5.34
o2p1-single,CheckAccess,54,6.44
o2p1-single,CheckAccess,55,6.21
o2p1-single,CheckAccess,56,4.02
o2p1-single,CheckAccess,57,4.92
o2p1-single,CheckAccess,58,5.36
o2p1-single,CheckAccess,59,6.62
o2p1-single,CheckAccess,60,6.47
o2p1-single,CheckAccess,61,4.41
o2p1-single,CheckAccess,62,4.66
o2p1-single,CheckAccess,63,5.68
o2p1-single,CheckAccess,64,3.70
o2p1-single,CheckAccess,65,3.74
o2p1-single,CheckAccess,66,3.32
o2p1-single,CheckAccess,67,4.94
o2p1-single,CheckAccess,68,4.51
o2p1-single,CheckAccess,69,3.65
o2p1-single,CheckAccess,70,6.32
o2p1-single,CheckAccess,71,6.36
o2p1-single,CheckAccess,72,5.61
o2p1-single,CheckAccess,73,6.55
o2p1-single,CheckAccess,74,6.42
o2p1-single,CheckAccess,75,4.22
o2p1-single,CheckAccess,76,5.91
o2p1-single,CheckAccess,77,3.91
o2p1-single,CheckAccess,78,5.95
o2p1-single,CheckAccess,79,4.64
o2p1-single,CheckAccess,80,4.54
o2p1-single,CheckAccess,81,6.45
o2p1-single,CheckAccess,82,5.16
o2p1-single,CheckAccess,83,4.19
o2p1-single,CheckAccess,84,5.65
o2p1-single,CheckAccess,85,5.62
o2p1-single,CheckAccess,86,6.61
o2p1-single,CheckAccess,87,4.33
o2p1-single,CheckAccess,88,5.80
o2p1-single,CheckAccess,89,4.77
o2p1-single,CheckAccess,90,3.97
o2p1-single,CheckAccess,91,4.36
o2p1-single,CheckAccess,92,5.21
o2p1-single,CheckAccess,93,5.99
o2p1-single,CheckAccess,94,5.52
o2p1-single,CheckAccess,95,5.44
o2p1-single,CheckAccess,96,4.59
o2p1-single,CheckAccess,97,3.39
o2p1-single,CheckAccess,98,3.15
o2p1-single,CheckAccess,99,3.11
o2p1-majority,RegisterDocument,0,2193.64
o2p1-majority,RegisterDocument,1,2198.25
o2p1-majority,RegisterDocument,2,2198.61
o2p1-majority,RegisterDocument,3,2209.15
o2p1-majority,RegisterDocument,4,2210.84
o2p1-majority,RegisterDocument,5,2211.39
o2p1-majority,RegisterDocument,6,2213.13
o2p1-majority,RegisterDocument,7,2213.58
o2p1-majority,RegisterDocument,8,2214.60
o2p1-majority,RegisterDocument,9,2215.20
o2p1-majority,RegisterDocument,10,2215.62
o2p1-majority,RegisterDocument,11,2217.88
o2p1-majority,RegisterDocument,12,2218.06
o2p1-majority,RegisterDocument,13,2218.12
o2p1-majority,RegisterDocument,14,2218.52
o2p1-majority,RegisterDocument,15,2218.59
o2p1-majority,RegisterDocument,16,2218.64
o2p1-majority,RegisterDocument,17,2219.17
o2p1-majority,RegisterDocument,18,2219.68
o2p1-majority,RegisterDocument,19,2220.57
o2p1-majority,RegisterDocument,20,2220.66
o2p1-majority,RegisterDocument,21,2220.70
o2p1-majority,RegisterDocument,22,2221.05
o2p1-majority,RegisterDocument,23,2221.57
o2p1-majority,RegisterDocument,24,2221.81
o2p1-majority,RegisterDocument,25,2221.88
o2p1-majority,RegisterDocument,26,2222.05
o2p1-majority,RegisterDocument,27,2222.22
o2p1-majority,RegisterDocument,28,2222.34
o2p1-majority,RegisterDocument,29,2223.59
o2p1-majority,RegisterDocument,30,2224.09
o2p1-majority,RegisterDocument,31,2224.15
o2p1-majority,RegisterDocument,32,2224.35
o2p1-majority,RegisterDocument,33,2224.40
o2p1-majority,RegisterDocument,34,2224.55
o2p1-majority,RegisterDocument,35,2224.89
o2p1-majority,RegisterDocument,36,2224.97
o2p1-majority,RegisterDocument,37,2225.09
o2p1-majority,RegisterDocument,38,2225.49
o2p1-majority,RegisterDocument,39,2225.50
o2p1-majority,RegisterDocument,40,2225.66
o2p1-majority,RegisterDocument,41,2225.69
o2p1-majority,RegisterDocument,42,2225.77
o2p1-majority,RegisterDocument,43,2225.81
o2p1-majority,RegisterDocument,44,2226.00
o2p1-majority,RegisterDocument,45,2226.03
o2p1-majority,RegisterDocument,46,2226.06
o2p1-majority,RegisterDocument,47,2226.40
o2p1-majority,RegisterDocument,48,2226.51
o2p1-majority,RegisterDocument,49,2227.49
o2p1-majority,RegisterDocument,50,2228.03
o2p1-majority,RegisterDocument,51,2228.29
o2p1-majority,RegisterDocument,52,2228.62
o2p1-majority,RegisterDocument,53,2229.41
o2p1-majority,RegisterDocument,54,2229.66
o2p1-majority,RegisterDocument,55,2229.79
o2p1-majority,RegisterDocument,56,2229.86
o2p1-majority,RegisterDocument,57,2229.87
o2p1-majority,RegisterDocument,58,2230.19
o2p1-majority,RegisterDocument,59,2230.75
o2p1-majority,RegisterDocument,60,2230.82
o2p1-majority,RegisterDocument,61,2231.14
o2p1-majority,RegisterDocument,62,2231.75
o2p1-majority,RegisterDocument,63,2232.13
o2p1-majority,RegisterDocument,64,2232.18
o2p1-majority,RegisterDocument,65,2232.35
o2p1-majority,RegisterDocument,66,2232.40
o2p1-majority,RegisterDocument,67,2232.44
o2p1-majority,RegisterDocument,68,2232.54
o2p1-majority,RegisterDocument,69,2232.58
o2p1-majority,RegisterDocument,70,2232.62
o2p1-majority,RegisterDocument,71,2232.71
o2p1-majority,RegisterDocument,72,2232.85
o2p1-majority,RegisterDocument,73,2232.97
o2p1-majority,RegisterDocument,74,2233.05
o2p1-majority,RegisterDocument,75,2233.09
o2p1-majority,RegisterDocument,76,2233.45
o2p1-majority,RegisterDocument,77,2234.52
o2p1-majority,RegisterDocument,78,2234.53
o2p1-majority,RegisterDocument,79,2234.93
o2p1-majority,RegisterDocument,80,2235.11
o2p1-majority,RegisterDocument,81,2235.27
o2p1-majority,RegisterDocument,82,2235.40
o2p1-majority,RegisterDocument,83,2235.53
o2p1-majority,RegisterDocument,84,2235.92
o2p1-majority,RegisterDocument,85,2236.07
o2p1-majority,RegisterDocument,86,2236.56
o2p1-majority,RegisterDocument,87,2236.61
o2p1-majority,RegisterDocument,88,2236.64
o2p1-majority,RegisterDocument,89,2236.80
o2p1-majority,RegisterDocument,90,2237.08
o2p1-majority,RegisterDocument,91,2237.18
o2p1-majority,RegisterDocument,92,2237.53
o2p1-majority,RegisterDocument,93,2237.57
o2p1-majority,RegisterDocument,94,2237.62
o2p1-majority,RegisterDocument,95,2237.67
o2p1-majority,RegisterDocument,96,2237.76
o2p1-majority,RegisterDocument,97,2238.12
o2p1-majority,RegisterDocument,98,2238.21
o2p1-majority,RegisterDocument,99,2238.29
o2p1-majority,RegisterDocument,100,2238.30
o2p1-majority,RegisterDocument,101,2238.33
o2p1-majority,RegisterDocument,102,2238.50
o2p1-majority,RegisterDocument,103,2238.72
o2p1-majority,RegisterDocument,104,2238.94
o2p1-majority,RegisterDocument,105,2239.36
o2p1-majority,RegisterDocument,106,2239.36
o2p1-majority,RegisterDocument,107,2239.68
o2p1-majority,RegisterDocument,108,2239.90
o2p1-majority,RegisterDocument,109,2240.07
o2p1-majority,RegisterDocument,110,2240.70
o2p1-majority,RegisterDocument,111,2241.00
o2p1-majority,RegisterDocument,112,2241.32
o2p1-majority,RegisterDocument,113,2241.45
o2p1-majority,RegisterDocument,114,2241.57
o2p1-majority,RegisterDocument,115,2241.62
o2p1-majority,RegisterDocument,116,2241.85
o2p1-majority,RegisterDocument,117,2241.98
o2p1-majority,RegisterDocument,118,2242.01
o2p1-majority,RegisterDocument,119,2242.12
o2p1-majority,RegisterDocument,120,2242.34
o2p1-majority,RegisterDocument,121,2242.81
o2p1-majority,RegisterDocument,122,2242.98
o2p1-majority,RegisterDocument,123,2243.01
o2p1-majority,RegisterDocument,124,2243.25
o2p1-majority,RegisterDocument,125,2243.48
o2p1-majority,RegisterDocument,126,2243.74
o2p1-majority,RegisterDocument,127,2243.84
o2p1-majority,RegisterDocument,128,2243.87
o2p1-majority,RegisterDocument,129,2244.12
o2p1-majority,RegisterDocument,130,2244.20
o2p1-majority,RegisterDocument,131,2244.52
o2p1-majority,RegisterDocument,132,2244.70
o2p1-majority,RegisterDocument,133,2244.72
o2p1-majority,RegisterDocument,134,2244.73
o2p1-majority,RegisterDocument,135,2244.74
o2p1-majority,RegisterDocument,136,2244.83
o2p1-majority,RegisterDocument,137,2244.96
o2p1-majority,RegisterDocument,138,2245.48
o2p1-majority,RegisterDocument,139,2245.63
o2p1-majority,RegisterDocument,140,2245.66
o2p1-majority,RegisterDocument,141,2245.95
o2p1-majority,RegisterDocument,142,2246.16
o2p1-majority,RegisterDocument,143,2246.49
o2p1-majority,RegisterDocument,144,2246.70
o2p1-majority,RegisterDocument,145,2246.86
o2p1-majority,RegisterDocument,146,2246.99
o2p1-majority,RegisterDocument,147,2247.27
o2p1-majority,RegisterDocument,148,2247.71
o2p1-majority,RegisterDocument,149,2248.08
o2p1-majority,RegisterDocument,150,2248.12
o2p1-majority,RegisterDocument,151,2248.34
o2p1-majority,RegisterDocument,152,2248.98
o2p1-majority,RegisterDocument,153,2249.11
o2p1-majority,RegisterDocument,154,2249.69
o2p1-majority,RegisterDocument,155,2250.13
o2p1-majority,RegisterDocument,156,2250.98
o2p1-majority,RegisterDocument,157,2251.04
o2p1-majority,RegisterDocument,158,2251.25
o2p1-majority,RegisterDocument,159,2251.50
o2p1-majority,RegisterDocument,160,2251.54
o2p1-majority,RegisterDocument,161,2252.03
o2p1-majority,RegisterDocument,162,2252.05
o2p1-majority,RegisterDocument,163,2252.15
o2p1-majority,RegisterDocument,164,2252.24
o2p1-majority,RegisterDocument,165,2252.26
o2p1-majority,RegisterDocument,166,2252.29
o2p1-majority,RegisterDocument,167,2252.51
o2p1-majority,RegisterDocument,168,2252.60
o2p1-majority,RegisterDocument,169,2252.72
o2p1-majority,RegisterDocument,170,2252.79
o2p1-majority,RegisterDocument,171,2252.86
o2p1-majority,RegisterDocument,172,2253.00
o2p1-majority,RegisterDocument,173,2253.13
o2p1-majority,RegisterDocument,174,2253.60
o2p1-majority,RegisterDocument,175,2254.26
o2p1-majority,RegisterDocument,176,2254.28
o2p1-majority,RegisterDocument,177,2254.41
o2p1-majority,RegisterDocument,178,2254.70
o2p1-majority,RegisterDocument,179,2254.71
o2p1-majority,RegisterDocument,180,2255.09
o2p1-majority,RegisterDocument,181,2255.43
o2p1-majority,RegisterDocument,182,2255.51
o2p1-majority,RegisterDocument,183,2255.54
o2p1-majority,RegisterDocument,184,2255.73
o2p1-majority,RegisterDocument,185,2255.89
o2p1-majority,RegisterDocument,186,2256.38
o2p1-majority,RegisterDocument,187,2256.44
o2p1-majority,RegisterDocument,188,2256.44
o2p1-majority,RegisterDocument,189,2256.61
o2p1-majority,RegisterDocument,190,2256.73
o2p1-majority,RegisterDocument,191,2256.84
o2p1-majority,RegisterDocument,192,2256.91
o2p1-majority,RegisterDocument,193,2256.95
o2p1-majority,RegisterDocument,194,2257.04
o2p1-majority,RegisterDocument,195,2257.20
o2p1-majority,RegisterDocument,196,2257.35
o2p1-majority,RegisterDocument,197,2257.36
o2p1-majority,RegisterDocument,198,2257.52
o2p1-majority,RegisterDocument,199,2257.68
o2p1-majority,RegisterDocument,200,2257.86
o2p1-majority,RegisterDocument,201,2258.12
o2p1-majority,RegisterDocument,202,2258.28
o2p1-majority,RegisterDocument,203,2258.30
o2p1-majority,RegisterDocument,204,2258.58
o2p1-majority,RegisterDocument,205,2258.61
o2p1-majority,RegisterDocument,206,2258.68
o2p1-majority,RegisterDocument,207,2258.78
o2p1-majority,RegisterDocument,208,2259.04
o2p1-majority,RegisterDocument,209,2259.15
o2p1-majority,RegisterDocument,210,2259.24
o2p1-majority,RegisterDocument,211,2259.28
o2p1-majority,RegisterDocument,212,2259.31
o2p1-majority,RegisterDocument,213,2259.36
o2p1-majority,RegisterDocument,214,2259.43
o2p1-majority,RegisterDocument,215,2259.68
o2p1-majority,RegisterDocument,216,2260.04
o2p1-majority,RegisterDocument,217,2260.16
o2p1-majority,RegisterDocument,218,2260.19
o2p1-majority,RegisterDocument,219,2260.59
o2p1-majority,RegisterDocument,220,2260.91
o2p1-majority,RegisterDocument,221,2260.93
o2p1-majority,RegisterDocument,222,2261.14
o2p1-majority,RegisterDocument,223,2261.25
o2p1-majority,RegisterDocument,224,2261.39
o2p1-majority,RegisterDocument,225,2261.43
o2p1-majority,RegisterDocument,226,2261.49
o2p1-majority,RegisterDocument,227,2261.74
o2p1-majority,RegisterDocument,228,2261.76
o2p1-majority,RegisterDocument,229,2261.85
o2p1-majority,RegisterDocument,230,2261.99
o2p1-majority,RegisterDocument,231,2262.19
o2p1-majority,RegisterDocument,232,2262.36
o2p1-majority,RegisterDocument,233,2262.42
o2p1-majority,RegisterDocument,234,2262.55
o2p1-majority,RegisterDocument,235,2262.61
o2p1-majority,RegisterDocument,236,2262.62
o2p1-majority,RegisterDocument,237,2262.66
o2p1-majority,RegisterDocument,238,2262.95
o2p1-majority,RegisterDocument,239,2262.97
o2p1-majority,RegisterDocument,240,2263.05
o2p1-majority,RegisterDocument,241,2263.12
o2p1-majority,RegisterDocument,242,2263.21
o2p1-majority,RegisterDocument,243,2263.28
o2p1-majority,RegisterDocument,244,2263.35
o2p1-majority,RegisterDocument,245,2263.59
o2p1-majority,RegisterDocument,246,2263.73
o2p1-majority,RegisterDocument,247,2263.73
o2p1-majority,RegisterDocument,248,2263.88
o2p1-majority,RegisterDocument,249,2264.00
o2p1-majority,RegisterDocument,250,2264.14
o2p1-majority,RegisterDocument,251,2264.19
o2p1-majority,RegisterDocument,252,2264.53
o2p1-majority,RegisterDocument,253,2264.65
o2p1-majority,RegisterDocument,254,2265.28
o2p1-majority,RegisterDocument,255,2265.45
o2p1-majority,RegisterDocument,256,2265.80
o2p1-majority,RegisterDocument,257,2265.85
o2p1-majority,RegisterDocument,258,2266.12
o2p1-majority,RegisterDocument,259,2266.13
o2p1-majority,RegisterDocument,260,2266.56
o2p1-majority,RegisterDocument,261,2266.59
o2p1-majority,RegisterDocument,262,2266.63
o2p1-majority,RegisterDocument,263,2267.05
o2p1-majority,RegisterDocument,264,2267.18
o2p1-majority,RegisterDocument,265,2267.21
o2p1-majority,RegisterDocument,266,2267.39
o2p1-majority,RegisterDocument,267,2267.48
o2p1-majority,RegisterDocument,268,2267.62
o2p1-majority,RegisterDocument,269,2267.71
o2p1-majority,RegisterDocument,270,2267.83
o2p1-majority,RegisterDocument,271,2267.87
o2p1-majority,RegisterDocument,272,2267.94
o2p1-majority,RegisterDocument,273,2268.12
o2p1-majority,RegisterDocument,274,2268.38
o2p1-majority,RegisterDocument,275,2268.38
o2p1-majority,RegisterDocument,276,2268.41
o2p1-majority,RegisterDocument,277,2268.58
o2p1-majority,RegisterDocument,278,2268.68
o2p1-majority,RegisterDocument,279,2268.70
o2p1-majority,RegisterDocument,280,2268.76
o2p1-majority,RegisterDocument,281,2268.85
o2p1-majority,RegisterDocument,282,2268.97
o2p1-majority,RegisterDocument,283,2269.08
o2p1-majority,RegisterDocument,284,2269.40
o2p1-majority,RegisterDocument,285,2269.46
o2p1-majority,RegisterDocument,286,2269.81
o2p1-majority,RegisterDocument,287,2269.82
o2p1-majority,RegisterDocument,288,2269.94
o2p1-majority,RegisterDocument,289,2270.18
o2p1-majority,RegisterDocument,290,2270.18
o2p1-majority,RegisterDocument,291,2270.31
o2p1-majority,RegisterDocument,292,2270.31
o2p1-majority,RegisterDocument,293,2270.36
o2p1-majority,RegisterDocument,294,2270.41
o2p1-majority,RegisterDocument,295,2270.80
o2p1-majority,RegisterDocument,296,2270.85
o2p1-majority,RegisterDocument,297,2271.16
o2p1-majority,RegisterDocument,298,2271.18
o2p1-majority,RegisterDocument,299,2271.21
o2p1-majority,RegisterDocument,300,2271.58
o2p1-majority,RegisterDocument,301,2271.92
o2p1-majority,RegisterDocument,302,2271.96
o2p1-majority,RegisterDocument,303,2272.03
o2p1-majority,RegisterDocument,304,2272.04
o2p1-majority,RegisterDocument,305,2272.07
o2p1-majority,RegisterDocument,306,2272.09
o2p1-majority,RegisterDocument,307,2272.13
o2p1-majority,RegisterDocument,308,2272.23
o2p1-majority,RegisterDocument,309,2272.26
o2p1-majority,RegisterDocument,310,2272.47
o2p1-majority,RegisterDocument,311,2272.57
o2p1-majority,RegisterDocument,312,2272.66
o2p1-majority,RegisterDocument,313,2272.73
o2p1-majority,RegisterDocument,314,2272.77
o2p1-majority,RegisterDocument,315,2272.81
o2p1-majority,RegisterDocument,316,2273.23
o2p1-majority,RegisterDocument,317,2273.55
o2p1-majority,RegisterDocument,318,2273.60
o2p1-majority,RegisterDocument,319,2273.64
o2p1-majority,RegisterDocument,320,2273.74
o2p1-majority,RegisterDocument,321,2273.88
o2p1-majority,RegisterDocument,322,2273.89
o2p1-majority,RegisterDocument,323,2273.96
o2p1-majority,RegisterDocument,324,2273.99
o2p1-majority,RegisterDocument,325,2273.99
o2p1-majority,RegisterDocument,326,2274.05
o2p1-majority,RegisterDocument,327,2274.29
o2p1-majority,RegisterDocument,328,2274.31
o2p1-majority,RegisterDocument,329,2274.62
o2p1-majority,RegisterDocument,330,2274.67
o2p1-majority,RegisterDocument,331,2274.69
o2p1-majority,RegisterDocument,332,2274.78
o2p1-majority,RegisterDocument,333,2274.84
o2p1-majority,RegisterDocument,334,2274.96
o2p1-majority,RegisterDocument,335,2274.96
o2p1-majority,RegisterDocument,336,2274.98
o2p1-majority,RegisterDocument,337,2275.04
o2p1-majority,RegisterDocument,338,2275.22
o2p1-majority,RegisterDocument,339,2275.26
o2p1-majority,RegisterDocument,340,2275.44
o2p1-majority,RegisterDocument,341,2275.44
o2p1-majority,RegisterDocument,342,2275.58
o2p1-majority,RegisterDocument,343,2275.59
o2p1-majority,RegisterDocument,344,2275.64
o2p1-majority,RegisterDocument,345,2275.87
o2p1-majority,RegisterDocument,346,2275.93
o2p1-majority,RegisterDocument,347,2275.93
o2p1-majority,RegisterDocument,348,2275.94
o2p1-majority,RegisterDocument,349,2275.95
o2p1-majority,RegisterDocument,350,2276.01
o2p1-majority,RegisterDocument,351,2276.04
o2p1-majority,RegisterDocument,352,2276.12
o2p1-majority,RegisterDocument,353,2276.13
o2p1-majority,RegisterDocument,354,2276.24
o2p1-majority,RegisterDocument,355,2276.34
o2p1-majority,RegisterDocument,356,2276.37
o2p1-majority,RegisterDocument,357,2276.54
o2p1-majority,RegisterDocument,358,2276.59
o2p1-majority,RegisterDocument,359,2276.62
o2p1-majority,RegisterDocument,360,2276.73
o2p1-majority,RegisterDocument,361,2276.77
o2p1-majority,RegisterDocument,362,2276.78
o2p1-majority,RegisterDocument,363,2276.92
o2p1-majority,RegisterDocument,364,2277.21
o2p1-majority,RegisterDocument,365,2277.45
o2p1-majority,RegisterDocument,366,2277.47
o2p1-majority,RegisterDocument,367,2277.65
o2p1-majority,RegisterDocument,368,2277.69
o2p1-majority,RegisterDocument,369,2277.76
o2p1-majority,RegisterDocument,370,2277.89
o2p1-majority,RegisterDocument,371,2277.97
o2p1-majority,RegisterDocument,372,2278.05
o2p1-majority,RegisterDocument,373,2278.06
o2p1-majority,RegisterDocument,374,2278.11
o2p1-majority,RegisterDocument,375,2278.15
o2p1-majority,RegisterDocument,376,2278.27
o2p1-majority,RegisterDocument,377,2278.38
o2p1-majority,RegisterDocument,378,2278.38
o2p1-majority,RegisterDocument,379,2278.40
o2p1-majority,RegisterDocument,380,2278.48
o2p1-majority,RegisterDocument,381,2278.63
o2p1-majority,RegisterDocument,382,2278.91
o2p1-majority,RegisterDocument,383,2278.93
o2p1-majority,RegisterDocument,384,2279.18
o2p1-majority,RegisterDocument,385,2279.35
o2p1-majority,RegisterDocument,386,2279.37
o2p1-majority,RegisterDocument,387,2279.39
o2p1-majority,RegisterDocument,388,2279.39
o2p1-majority,RegisterDocument,389,2279.50
o2p1-majority,RegisterDocument,390,2279.80
o2p1-majority,RegisterDocument,391,2279.92
o2p1-majority,RegisterDocument,392,2280.04
o2p1-majority,RegisterDocument,393,2280.05
o2p1-majority,RegisterDocument,394,2280.23
o2p1-majority,RegisterDocument,395,2280.25
o2p1-majority,RegisterDocument,396,2280.27
o2p1-majority,RegisterDocument,397,2280.31
o2p1-majority,RegisterDocument,398,2280.45
o2p1-majority,RegisterDocument,399,2280.50
o2p1-majority,RegisterDocument,400,2280.51
o2p1-majority,RegisterDocument,401,2280.57
o2p1-majority,RegisterDocument,402,2280.62
o2p1-majority,RegisterDocument,403,2280.70
o2p1-majority,RegisterDocument,404,2280.80
o2p1-majority,RegisterDocument,405,2280.93
o2p1-majority,RegisterDocument,406,2280.97
o2p1-majority,RegisterDocument,407,2281.06
o2p1-majority,RegisterDocument,408,2281.07
o2p1-majority,RegisterDocument,409,2281.08
o2p1-majority,RegisterDocument,410,2281.26
o2p1-majority,RegisterDocument,411,2281.34
o2p1-majority,RegisterDocument,412,2281.36
o2p1-majority,RegisterDocument,413,2281.36
o2p1-majority,RegisterDocument,414,2281.46
o2p1-majority,RegisterDocument,415,2281.48
o2p1-majority,RegisterDocument,416,2281.50
o2p1-majority,RegisterDocument,417,2281.55
o2p1-majority,RegisterDocument,418,2281.80
o2p1-majority,RegisterDocument,419,2281.85
o2p1-majority,RegisterDocument,420,2281.96
o2p1-majority,RegisterDocument,421,2282.02
o2p1-majority,RegisterDocument,422,2282.28
o2p1-majority,RegisterDocument,423,2282.38
o2p1-majority,RegisterDocument,424,2282.66
o2p1-majority,RegisterDocument,425,2282.68
o2p1-majority,RegisterDocument,426,2282.85
o2p1-majority,RegisterDocument,427,2282.93
o2p1-majority,RegisterDocument,428,2282.95
o2p1-majority,RegisterDocument,429,2283.06
o2p1-majority,RegisterDocument,430,2283.08
o2p1-majority,RegisterDocument,431,2283.14
o2p1-majority,RegisterDocument,432,2283.19
o2p1-majority,RegisterDocument,433,2283.21
o2p1-majority,RegisterDocument,434,2283.22
o2p1-majority,RegisterDocument,435,2283.25
o2p1-majority,RegisterDocument,436,2283.35
o2p1-majority,RegisterDocument,437,2283.39
o2p1-majority,RegisterDocument,438,2283.45
o2p1-majority,RegisterDocument,439,2283.80
o2p1-majority,RegisterDocument,440,2283.94
o2p1-majority,RegisterDocument,441,2284.00
o2p1-majority,RegisterDocument,442,2284.09
o2p1-majority,RegisterDocument,443,2284.11
o2p1-majority,RegisterDocument,444,2284.22
o2p1-majority,RegisterDocument,445,2284.29
o2p1-majority,RegisterDocument,446,2284.41
o2p1-majority,RegisterDocument,447,2284.43
o2p1-majority,RegisterDocument,448,2284.43
o2p1-majority,RegisterDocument,449,2284.45
o2p1-majority,RegisterDocument,450,2284.47
o2p1-majority,RegisterDocument,451,2284.63
o2p1-majority,RegisterDocument,452,2284.70
o2p1-majority,RegisterDocument,453,2284.76
o2p1-majority,RegisterDocument,454,2284.83
o2p1-majority,RegisterDocument,455,2284.89
o2p1-majority,RegisterDocument,456,2285.01
o2p1-majority,RegisterDocument,457,2285.15
o2p1-majority,RegisterDocument,458,2285.27
o2p1-majority,RegisterDocument,459,2285.48
o2p1-majority,RegisterDocument,460,2285.62
o2p1-majority,RegisterDocument,461,2285.63
o2p1-majority,RegisterDocument,462,2285.64
o2p1-majority,RegisterDocument,463,2285.81
o2p1-majority,RegisterDocument,464,2286.00
o2p1-majority,RegisterDocument,465,2286.01
o2p1-majority,RegisterDocument,466,2286.07
o2p1-majority,RegisterDocument,467,2286.12
o2p1-majority,RegisterDocument,468,2286.18
o2p1-majority,RegisterDocument,469,2286.25
o2p1-majority,RegisterDocument,470,2286.28
o2p1-majority,RegisterDocument,471,2286.29
o2p1-majority,RegisterDocument,472,2286.33
o2p1-majority,RegisterDocument,473,2286.40
o2p1-majority,RegisterDocument,474,2286.42
o2p1-majority,RegisterDocument,475,2286.44
o2p1-majority,RegisterDocument,476,2286.48
o2p1-majority,RegisterDocument,477,2286.57
o2p1-majority,RegisterDocument,478,2286.83
o2p1-majority,RegisterDocument,479,2286.93
o2p1-majority,RegisterDocument,480,2287.01
o2p1-majority,RegisterDocument,481,2287.07
o2p1-majority,RegisterDocument,482,2287.27
o2p1-majority,RegisterDocument,483,2287.39
o2p1-majority,RegisterDocument,484,2287.61
o2p1-majority,RegisterDocument,485,2287.62
o2p1-majority,RegisterDocument,486,2287.85
o2p1-majority,RegisterDocument,487,2288.15
o2p1-majority,RegisterDocument,488,2288.22
o2p1-majority,RegisterDocument,489,2288.26
o2p1-majority,RegisterDocument,490,2288.27
o2p1-majority,RegisterDocument,491,2288.35
o2p1-majority,RegisterDocument,492,2288.40
o2p1-majority,RegisterDocument,493,2288.41
o2p1-majority,RegisterDocument,494,2288.41
o2p1-majority,RegisterDocument,495,2288.47
o2p1-majority,RegisterDocument,496,2288.49
o2p1-majority,RegisterDocument,497,2288.50
o2p1-majority,RegisterDocument,498,2288.52
o2p1-majority,RegisterDocument,499,2288.52
o2p1-majority,RegisterDocument,500,2288.56
o2p1-majority,RegisterDocument,501,2288.59
o2p1-majority,RegisterDocument,502,2288.66
o2p1-majority,RegisterDocument,503,2288.70
o2p1-majority,RegisterDocument,504,2288.73
o2p1-majority,RegisterDocument,505,2288.77
o2p1-majority,RegisterDocument,506,2288.78
o2p1-majority,RegisterDocument,507,2288.84
o2p1-majority,RegisterDocument,508,2288.88
o2p1-majority,RegisterDocument,509,2288.98
o2p1-majority,RegisterDocument,510,2289.05
o2p1-majority,RegisterDocument,511,2289.25
o2p1-majority,RegisterDocument,512,2289.30
o2p1-majority,RegisterDocument,513,2289.38
o2p1-majority,RegisterDocument,514,2289.45
o2p1-majority,RegisterDocument,515,2289.47
o2p1-majority,RegisterDocument,516,2289.48
o2p1-majority,RegisterDocument,517,2289.77
o2p1-majority,RegisterDocument,518,2289.78
o2p1-majority,RegisterDocument,519,2289.86
o2p1-majority,RegisterDocument,520,2289.94
o2p1-majority,RegisterDocument,521,2289.98
o2p1-majority,RegisterDocument,522,2290.11
o2p1-majority,RegisterDocument,523,2290.12
o2p1-majority,RegisterDocument,524,2290.25
o2p1-majority,RegisterDocument,525,2290.33
o2p1-majority,RegisterDocument,526,2290.36
o2p1-majority,RegisterDocument,527,2290.37
o2p1-majority,RegisterDocument,528,2290.42
o2p1-majority,RegisterDocument,529,2290.43
o2p1-majority,RegisterDocument,530,2290.50
o2p1-majority,RegisterDocument,531,2290.50
o2p1-majority,RegisterDocument,532,2290.53
o2p1-majority,RegisterDocument,533,2290.59
o2p1-majority,RegisterDocument,534,2290.62
o2p1-majority,RegisterDocument,535,2290.68
o2p1-majority,RegisterDocument,536,2290.68
o2p1-majority,RegisterDocument,537,2290.71
o2p1-majority,RegisterDocument,538,2290.72
o2p1-majority,RegisterDocument,539,2290.98
o2p1-majority,RegisterDocument,540,2291.04
o2p1-majority,RegisterDocument,541,2291.22
o2p1-majority,RegisterDocument,542,2291.22
o2p1-majority,RegisterDocument,543,2291.34
o2p1-majority,RegisterDocument,544,2291.37
o2p1-majority,RegisterDocument,545,2291.37
o2p1-majority,RegisterDocument,546,2291.53
o2p1-majority,RegisterDocument,547,2291.77
o2p1-majority,RegisterDocument,548,2291.83
o2p1-majority,RegisterDocument,549,2291.96
o2p1-majority,RegisterDocument,550,2291.99
o2p1-majority,RegisterDocument,551,2292.28
o2p1-majority,RegisterDocument,552,2292.29
o2p1-majority,RegisterDocument,553,2292.45
o2p1-majority,RegisterDocument,554,2292.51
o2p1-majority,RegisterDocument,555,2292.64
o2p1-majority,RegisterDocument,556,2292.70
o2p1-majority,RegisterDocument,557,2292.77
o2p1-majority,RegisterDocument,558,2292.79
o2p1-majority,RegisterDocument,559,2292.82
o2p1-majority,RegisterDocument,560,2293.11
o2p1-majority,RegisterDocument,561,2293.16
o2p1-majority,RegisterDocument,562,2293.27
o2p1-majority,RegisterDocument,563,2293.33
o2p1-majority,RegisterDocument,564,2293.42
o2p1-majority,RegisterDocument,565,2293.44
o2p1-majority,RegisterDocument,566,2293.63
o2p1-majority,RegisterDocument,567,2293.67
o2p1-majority,RegisterDocument,568,2293.80
o2p1-majority,RegisterDocument,569,2293.87
o2p1-majority,RegisterDocument,570,2293.91
o2p1-majority,RegisterDocument,571,2293.99
o2p1-majority,RegisterDocument,572,2294.12
o2p1-majority,RegisterDocument,573,2294.13
o2p1-majority,RegisterDocument,574,2294.22
o2p1-majority,RegisterDocument,575,2294.38
o2p1-majority,RegisterDocument,576,2294.47
o2p1-majority,RegisterDocument,577,2294.55
o2p1-majority,RegisterDocument,578,2294.65
o2p1-majority,RegisterDocument,579,2294.67
o2p1-majority,RegisterDocument,580,2294.71
o2p1-majority,RegisterDocument,581,2294.86
o2p1-majority,RegisterDocument,582,2294.88
o2p1-majority,RegisterDocument,583,2294.93
o2p1-majority,RegisterDocument,584,2294.98
o2p1-majority,RegisterDocument,585,2294.99
o2p1-majority,RegisterDocument,586,2295.08
o2p1-majority,RegisterDocument,587,2295.40
o2p1-majority,RegisterDocument,588,2295.45
o2p1-majority,RegisterDocument,589,2295.50
o2p1-majority,RegisterDocument,590,2295.53
o2p1-majority,RegisterDocument,591,2295.55
o2p1-majority,RegisterDocument,592,2295.64
o2p1-majority,RegisterDocument,593,2295.70
o2p1-majority,RegisterDocument,594,2295.73
o2p1-majority,RegisterDocument,595,2295.86
o2p1-majority,RegisterDocument,596,2295.91
o2p1-majority,RegisterDocument,597,2296.11
o2p1-majority,RegisterDocument,598,2296.22
o2p1-majority,RegisterDocument,599,2296.31
o2p1-majority,RegisterDocument,600,2296.34
o2p1-majority,RegisterDocument,601,2296.34
o2p1-majority,RegisterDocument,602,2296.51
o2p1-majority,RegisterDocument,603,2296.67
o2p1-majority,RegisterDocument,604,2296.71
o2p1-majority,RegisterDocument,605,2296.84
o2p1-majority,RegisterDocument,606,2296.86
o2p1-majority,RegisterDocument,607,2296.90
o2p1-majority,RegisterDocument,608,2297.06
o2p1-majority,RegisterDocument,609,2297.07
o2p1-majority,RegisterDocument,610,2297.22
o2p1-majority,RegisterDocument,611,2297.24
o2p1-majority,RegisterDocument,612,2297.44
o2p1-majority,RegisterDocument,613,2297.48
o2p1-majority,RegisterDocument,614,2297.55
o2p1-majority,RegisterDocument,615,2297.68
o2p1-majority,RegisterDocument,616,2297.70
o2p1-majority,RegisterDocument,617,2297.70
o2p1-majority,RegisterDocument,618,2297.72
o2p1-majority,RegisterDocument,619,2297.73
o2p1-majority,RegisterDocument,620,2297.84
o2p1-majority,RegisterDocument,621,2297.85
o2p1-majority,RegisterDocument,622,2297.85
o2p1-majority,RegisterDocument,623,2297.92
o2p1-majority,RegisterDocument,624,2297.92
o2p1-majority,RegisterDocument,625,2298.01
o2p1-majority,RegisterDocument,626,2298.02
o2p1-majority,RegisterDocument,627,2298.39
o2p1-majority,RegisterDocument,628,2298.40
o2p1-majority,RegisterDocument,629,2298.56
o2p1-majority,RegisterDocument,630,2298.74
o2p1-majority,RegisterDocument,631,2298.76
o2p1-majority,RegisterDocument,632,2298.76
o2p1-majority,RegisterDocument,633,2298.78
o2p1-majority,RegisterDocument,634,2299.11
o2p1-majority,RegisterDocument,635,2299.13
o2p1-majority,RegisterDocument,636,2299.15
o2p1-majority,RegisterDocument,637,2299.22
o2p1-majority,RegisterDocument,638,2299.24
o2p1-majority,RegisterDocument,639,2299.35
o2p1-majority,RegisterDocument,640,2299.36
o2p1-majority,RegisterDocument,641,2299.43
o2p1-majority,RegisterDocument,642,2299.48
o2p1-majority,RegisterDocument,643,2299.51
o2p1-majority,RegisterDocument,644,2299.69
o2p1-majority,RegisterDocument,645,2299.71
o2p1-majority,RegisterDocument,646,2299.78
o2p1-majority,RegisterDocument,647,2299.82
o2p1-majority,RegisterDocument,648,2299.85
o2p1-majority,RegisterDocument,649,2299.86
o2p1-majority,RegisterDocument,650,2299.95
o2p1-majority,RegisterDocument,651,2299.95
o2p1-majority,RegisterDocument,652,2299.97
o2p1-majority,RegisterDocument,653,2299.97
o2p1-majority,RegisterDocument,654,2300.02
o2p1-majority,RegisterDocument,655,2300.06
o2p1-majority,RegisterDocument,656,2300.15
o2p1-majority,RegisterDocument,657,2300.21
o2p1-majority,RegisterDocument,658,2300.21
o2p1-majority,RegisterDocument,659,2300.23
o2p1-majority,RegisterDocument,660,2300.35
o2p1-majority,RegisterDocument,661,2300.40
o2p1-majority,RegisterDocument,662,2300.53
o2p1-majority,RegisterDocument,663,2300.56
o2p1-majority,RegisterDocument,664,2300.58
o2p1-majority,RegisterDocument,665,2300.70
o2p1-majority,RegisterDocument,666,2300.99
o2p1-majority,RegisterDocument,667,2301.00
o2p1-majority,RegisterDocument,668,2301.09
o2p1-majority,RegisterDocument,669,2301.18
o2p1-majority,RegisterDocument,670,2301.19
o2p1-majority,RegisterDocument,671,2301.22
o2p1-majority,RegisterDocument,672,2301.29
o2p1-majority,RegisterDocument,673,2301.34
o2p1-majority,RegisterDocument,674,2301.37
o2p1-majority,RegisterDocument,675,2301.44
o2p1-majority,RegisterDocument,676,2301.47
o2p1-majority,RegisterDocument,677,2301.59
o2p1-majority,RegisterDocument,678,2301.60
o2p1-majority,RegisterDocument,679,2301.60
o2p1-majority,RegisterDocument,680,2301.69
o2p1-majority,RegisterDocument,681,2301.71
o2p1-majority,RegisterDocument,682,2301.76
o2p1-majority,RegisterDocument,683,2301.78
o2p1-majority,RegisterDocument,684,2301.83
o2p1-majority,RegisterDocument,685,2301.86
o2p1-majority,RegisterDocument,686,2301.89
o2p1-majority,RegisterDocument,687,2302.01
o2p1-majority,RegisterDocument,688,2302.01
o2p1-majority,RegisterDocument,689,2302.03
o2p1-majority,RegisterDocument,690,2302.04
o2p1-majority,RegisterDocument,691,2302.05
o2p1-majority,RegisterDocument,692,2302.05
o2p1-majority,RegisterDocument,693,2302.11
o2p1-majority,RegisterDocument,694,2302.16
o2p1-majority,RegisterDocument,695,2302.23
o2p1-majority,RegisterDocument,696,2302.25
o2p1-majority,RegisterDocument,697,2302.28
o2p1-majority,RegisterDocument,698,2302.31
o2p1-majority,RegisterDocument,699,2302.31
o2p1-majority,RegisterDocument,700,2302.46
o2p1-majority,RegisterDocument,701,2302.47
o2p1-majority,RegisterDocument,702,2302.51
o2p1-majority,RegisterDocument,703,2302.52
o2p1-majority,RegisterDocument,704,2302.57
o2p1-majority,RegisterDocument,705,2302.65
o2p1-majority,RegisterDocument,706,2302.72
o2p1-majority,RegisterDocument,707,2302.72
o2p1-majority,RegisterDocument,708,2302.78
o2p1-majority,RegisterDocument,709,2302.90
o2p1-majority,RegisterDocument,710,2302.97
o2p1-majority,RegisterDocument,711,2303.02
o2p1-majority,RegisterDocument,712,2303.08
o2p1-majority,RegisterDocument,713,2303.15
o2p1-majority,RegisterDocument,714,2303.23
o2p1-majority,RegisterDocument,715,2303.50
o2p1-majority,RegisterDocument,716,2303.54
o2p1-majority,RegisterDocument,717,2303.54
o2p1-majority,RegisterDocument,718,2303.65
o2p1-majority,RegisterDocument,719,2303.68
o2p1-majority,RegisterDocument,720,2303.87
o2p1-majority,RegisterDocument,721,2303.91
o2p1-majority,RegisterDocument,722,2303.91
o2p1-majority,RegisterDocument,723,2303.94
o2p1-majority,RegisterDocument,724,2303.98
o2p1-majority,RegisterDocument,725,2304.03
o2p1-majority,RegisterDocument,726,2304.07
o2p1-majority,RegisterDocument,727,2304.38
o2p1-majority,RegisterDocument,728,2304.63
o2p1-majority,RegisterDocument,729,2304.64
o2p1-majority,RegisterDocument,730,2304.71
o2p1-majority,RegisterDocument,731,2304.74
o2p1-majority,RegisterDocument,732,2304.87
o2p1-majority,RegisterDocument,733,2304.89
o2p1-majority,RegisterDocument,734,2304.97
o2p1-majority,RegisterDocument,735,2305.03
o2p1-majority,RegisterDocument,736,2305.11
o2p1-majority,RegisterDocument,737,2305.15
o2p1-majority,RegisterDocument,738,2305.30
o2p1-majority,RegisterDocument,739,2305.31
o2p1-majority,RegisterDocument,740,2305.36
o2p1-majority,RegisterDocument,741,2305.41
o2p1-majority,RegisterDocument,742,2305.42
o2p1-majority,RegisterDocument,743,2305.53
o2p1-majority,RegisterDocument,744,2305.55
o2p1-majority,RegisterDocument,745,2305.58
o2p1-majority,RegisterDocument,746,2305.61
o2p1-majority,RegisterDocument,747,2305.68
o2p1-majority,RegisterDocument,748,2305.85
o2p1-majority,RegisterDocument,749,2305.90
o2p1-majority,RegisterDocument,750,2305.91
o2p1-majority,RegisterDocument,751,2305.99
o2p1-majority,RegisterDocument,752,2305.99
o2p1-majority,RegisterDocument,753,2306.09
o2p1-majority,RegisterDocument,754,2306.10
o2p1-majority,RegisterDocument,755,2306.16
o2p1-majority,RegisterDocument,756,2306.35
o2p1-majority,RegisterDocument,757,2306.44
o2p1-majority,RegisterDocument,758,2306.55
o2p1-majority,RegisterDocument,759,2306.58
o2p1-majority,RegisterDocument,760,2306.63
o2p1-majority,RegisterDocument,761,2306.68
o2p1-majority,RegisterDocument,762,2306.68
o2p1-majority,RegisterDocument,763,2306.70
o2p1-majority,RegisterDocument,764,2306.70
o2p1-majority,RegisterDocument,765,2306.75
o2p1-majority,RegisterDocument,766,2306.87
o2p1-majority,RegisterDocument,767,2306.87
o2p1-majority,RegisterDocument,768,2306.91
o2p1-majority,RegisterDocument,769,2306.93
o2p1-majority,RegisterDocument,770,2306.95
o2p1-majority,RegisterDocument,771,2307.03
o2p1-majority,RegisterDocument,772,2307.04
o2p1-majority,RegisterDocument,773,2307.06
o2p1-majority,RegisterDocument,774,2307.12
o2p1-majority,RegisterDocument,775,2307.18
o2p1-majority,RegisterDocument,776,2307.31
o2p1-majority,RegisterDocument,777,2307.42
o2p1-majority,RegisterDocument,778,2307.43
o2p1-majority,RegisterDocument,779,2307.67
o2p1-majority,RegisterDocument,780,2307.80
o2p1-majority,RegisterDocument,781,2307.82
o2p1-majority,RegisterDocument,782,2307.96
o2p1-majority,RegisterDocument,783,2307.97
o2p1-majority,RegisterDocument,784,2308.04
o2p1-majority,RegisterDocument,785,2308.05
o2p1-majority,RegisterDocument,786,2308.27
o2p1-majority,RegisterDocument,787,2308.33
o2p1-majority,RegisterDocument,788,2308.39
o2p1-majority,RegisterDocument,789,2308.54
o2p1-majority,RegisterDocument,790,2308.61
o2p1-majority,RegisterDocument,791,2308.64
o2p1-majority,RegisterDocument,792,2308.66
o2p1-majority,RegisterDocument,793,2308.74
o2p1-majority,RegisterDocument,794,2308.74
o2p1-majority,RegisterDocument,795,2308.80
o2p1-majority,RegisterDocument,796,2308.89
o2p1-majority,RegisterDocument,797,2309.03
o2p1-majority,RegisterDocument,798,2309.07
o2p1-majority,RegisterDocument,799,2309.10
o2p1-majority,RegisterDocument,800,2309.23
o2p1-majority,RegisterDocument,801,2309.24
o2p1-majority,RegisterDocument,802,2309.26
o2p1-majority,RegisterDocument,803,2309.28
o2p1-majority,RegisterDocument,804,2309.31
o2p1-majority,RegisterDocument,805,2309.32
o2p1-majority,RegisterDocument,806,2309.32
o2p1-majority,RegisterDocument,807,2309.35
o2p1-majority,RegisterDocument,808,2309.65
o2p1-majority,RegisterDocument,809,2309.68
o2p1-majority,RegisterDocument,810,2309.68
o2p1-majority,RegisterDocument,811,2309.76
o2p1-majority,RegisterDocument,812,2309.78
o2p1-majority,RegisterDocument,813,2309.83
o2p1-majority,RegisterDocument,814,2309.93
o2p1-majority,RegisterDocument,815,2310.03
o2p1-majority,RegisterDocument,816,2310.23
o2p1-majority,RegisterDocument,817,2310.25
o2p1-majority,RegisterDocument,818,2310.25
o2p1-majority,RegisterDocument,819,2310.40
o2p1-majority,RegisterDocument,820,2310.40
o2p1-majority,RegisterDocument,821,2310.41
o2p1-majority,RegisterDocument,822,2310.41
o2p1-majority,RegisterDocument,823,2310.42
o2p1-majority,RegisterDocument,824,2310.43
o2p1-majority,RegisterDocument,825,2310.43
o2p1-majority,RegisterDocument,826,2310.50
o2p1-majority,RegisterDocument,827,2310.51
o2p1-majority,RegisterDocument,828,2310.57
o2p1-majority,RegisterDocument,829,2310.63
o2p1-majority,RegisterDocument,830,2310.80
o2p1-majority,RegisterDocument,831,2311.02
o2p1-majority,RegisterDocument,832,2311.07
o2p1-majority,RegisterDocument,833,2311.21
o2p1-majority,RegisterDocument,834,2311.33
o2p1-majority,RegisterDocument,835,2311.51
o2p1-majority,RegisterDocument,836,2311.59
o2p1-majority,RegisterDocument,837,2311.72
o2p1-majority,RegisterDocument,838,2311.74
o2p1-majority,RegisterDocument,839,2311.81
o2p1-majority,RegisterDocument,840,2311.94
o2p1-majority,RegisterDocument,841,2311.99
o2p1-majority,RegisterDocument,842,2312.04
o2p1-majority,RegisterDocument,843,2312.15
o2p1-majority,RegisterDocument,844,2312.20
o2p1-majority,RegisterDocument,845,2312.23
o2p1-majority,RegisterDocument,846,2312.25
o2p1-majority,RegisterDocument,847,2312.30
o2p1-majority,RegisterDocument,848,2312.52
o2p1-majority,RegisterDocument,849,2312.57
o2p1-majority,RegisterDocument,850,2312.65
o2p1-majority,RegisterDocument,851,2312.71
o2p1-majority,RegisterDocument,852,2312.82
o2p1-majority,RegisterDocument,853,2312.87
o2p1-majority,RegisterDocument,854,2312.95
o2p1-majority,RegisterDocument,855,2312.97
o2p1-majority,RegisterDocument,856,2312.97
o2p1-majority,RegisterDocument,857,2313.19
o2p1-majority,RegisterDocument,858,2313.19
o2p1-majority,RegisterDocument,859,2313.22
o2p1-majority,RegisterDocument,860,2313.25
o2p1-majority,RegisterDocument,861,2313.26
o2p1-majority,RegisterDocument,862,2313.30
o2p1-majority,RegisterDocument,863,2313.37
o2p1-majority,RegisterDocument,864,2313.42
o2p1-majority,RegisterDocument,865,2313.56
o2p1-majority,RegisterDocument,866,2313.88
o2p1-majority,RegisterDocument,867,2314.05
o2p1-majority,RegisterDocument,868,2314.06
o2p1-majority,RegisterDocument,869,2314.15
o2p1-majority,RegisterDocument,870,2314.21
o2p1-majority,RegisterDocument,871,2314.22
o2p1-majority,RegisterDocument,872,2314.25
o2p1-majority,RegisterDocument,873,2314.29
o2p1-majority,RegisterDocument,874,2314.35
o2p1-majority,RegisterDocument,875,2314.37
o2p1-majority,RegisterDocument,876,2314.39
o2p1-majority,RegisterDocument,877,2314.51
o2p1-majority,RegisterDocument,878,2314.53
o2p1-majority,RegisterDocument,879,2314.62
o2p1-majority,RegisterDocument,880,2314.68
o2p1-majority,RegisterDocument,881,2314.86
o2p1-majority,RegisterDocument,882,2315.00
o2p1-majority,RegisterDocument,883,2315.03
o2p1-majority,RegisterDocument,884,2315.20
o2p1-majority,RegisterDocument,885,2315.22
o2p1-majority,RegisterDocument,886,2315.28
o2p1-majority,RegisterDocument,887,2315.29
o2p1-majority,RegisterDocument,888,2315.30
o2p1-majority,RegisterDocument,889,2315.33
o2p1-majority,RegisterDocument,890,2315.34
o2p1-majority,RegisterDocument,891,2315.38
o2p1-majority,RegisterDocument,892,2315.42
o2p1-majority,RegisterDocument,893,2315.42
o2p1-majority,RegisterDocument,894,2315.57
o2p1-majority,RegisterDocument,895,2315.60
o2p1-majority,RegisterDocument,896,2315.65
o2p1-majority,RegisterDocument,897,2315.70
o2p1-majority,RegisterDocument,898,2315.80
o2p1-majority,RegisterDocument,899,2315.81
o2p1-majority,RegisterDocument,900,2315.90
o2p1-majority,RegisterDocument,901,2315.96
o2p1-majority,RegisterDocument,902,2316.10
o2p1-majority,RegisterDocument,903,2316.11
o2p1-majority,RegisterDocument,904,2316.18
o2p1-majority,RegisterDocument,905,2316.25
o2p1-majority,RegisterDocument,906,2316.26
o2p1-majority,RegisterDocument,907,2316.35
o2p1-majority,RegisterDocument,908,2316.35
o2p1-majority,RegisterDocument,909,2316.36
o2p1-majority,RegisterDocument,910,2316.41
o2p1-majority,RegisterDocument,911,2316.44
o2p1-majority,RegisterDocument,912,2316.60
o2p1-majority,RegisterDocument,913,2316.73
o2p1-majority,RegisterDocument,914,2316.73
o2p1-majority,RegisterDocument,915,2316.79
o2p1-majority,RegisterDocument,916,2316.79
o2p1-majority,RegisterDocument,917,2316.84
o2p1-majority,RegisterDocument,918,2316.94
o2p1-majority,RegisterDocument,919,2316.95
o2p1-majority,RegisterDocument,920,2316.95
o2p1-majority,RegisterDocument,921,2317.06
o2p1-majority,RegisterDocument,922,2317.09
o2p1-majority,RegisterDocument,923,2317.10
o2p1-majority,RegisterDocument,924,2317.12
o2p1-majority,RegisterDocument,925,2317.14
o2p1-majority,RegisterDocument,926,2317.21
o2p1-majority,RegisterDocument,927,2317.26
o2p1-majority,RegisterDocument,928,2317.27
o2p1-majority,RegisterDocument,929,2317.36
o2p1-majority,RegisterDocument,930,2317.40
o2p1-majority,RegisterDocument,931,2317.54
o2p1-majority,RegisterDocument,932,2317.57
o2p1-majority,RegisterDocument,933,2317.76
o2p1-majority,RegisterDocument,934,2317.78
o2p1-majority,RegisterDocument,935,2317.79
o2p1-majority,RegisterDocument,936,2317.82
o2p1-majority,RegisterDocument,937,2317.97
o2p1-majority,RegisterDocument,938,2318.07
o2p1-majority,RegisterDocument,939,2318.20
o2p1-majority,RegisterDocument,940,2318.21
o2p1-majority,RegisterDocument,941,2318.24
o2p1-majority,RegisterDocument,942,2318.34
o2p1-majority,RegisterDocument,943,2318.44
o2p1-majority,RegisterDocument,944,2318.46
o2p1-majority,RegisterDocument,945,2318.47
o2p1-majority,RegisterDocument,946,2318.48
o2p1-majority,RegisterDocument,947,2318.49
o2p1-majority,RegisterDocument,948,2318.52
o2p1-majority,RegisterDocument,949,2318.53
o2p1-majority,RegisterDocument,950,2318.55
o2p1-majority,RegisterDocument,951,2318.70
o2p1-majority,RegisterDocument,952,2318.73
o2p1-majority,RegisterDocument,953,2319.10
o2p1-majority,RegisterDocument,954,2319.10
o2p1-majority,RegisterDocument,955,2319.11
o2p1-majority,RegisterDocument,956,2319.14
o2p1-majority,RegisterDocument,957,2319.17
o2p1-majority,RegisterDocument,958,2319.19
o2p1-majority,RegisterDocument,959,2319.21
o2p1-majority,RegisterDocument,960,2319.26
o2p1-majority,RegisterDocument,961,2319.30
o2p1-majority,RegisterDocument,962,2319.31
o2p1-majority,RegisterDocument,963,2319.40
o2p1-majority,RegisterDocument,964,2319.53
o2p1-majority,RegisterDocument,965,2319.58
o2p1-majority,RegisterDocument,966,2319.59
o2p1-majority,RegisterDocument,967,2319.63
o2p1-majority,RegisterDocument,968,2319.68
o2p1-majority,RegisterDocument,969,2319.73
o2p1-majority,RegisterDocument,970,2319.85
o2p1-majority,RegisterDocument,971,2319.99
o2p1-majority,RegisterDocument,972,2320.06
o2p1-majority,RegisterDocument,973,2320.08
o2p1-majority,RegisterDocument,974,2320.22
o2p1-majority,RegisterDocument,975,2320.24
o2p1-majority,RegisterDocument,976,2320.26
o2p1-majority,RegisterDocument,977,2320.31
o2p1-majority,RegisterDocument,978,2320.36
o2p1-majority,RegisterDocument,979,2320.46
o2p1-majority,RegisterDocument,980,2320.75
o2p1-majority,RegisterDocument,981,2320.88
o2p1-majority,RegisterDocument,982,2320.98
o2p1-majority,RegisterDocument,983,2321.21
o2p1-majority,RegisterDocument,984,2321.31
o2p1-majority,RegisterDocument,985,2321.42
o2p1-majority,RegisterDocument,986,2321.43
o2p1-majority,RegisterDocument,987,2321.61
o2p1-majority,RegisterDocument,988,2321.71
o2p1-majority,RegisterDocument,989,2321.76
o2p1-majority,RegisterDocument,990,2321.80
o2p1-majority,RegisterDocument,991,2321.82
o2p1-majority,RegisterDocument,992,2321.83
o2p1-majority,RegisterDocument,993,2321.89
o2p1-majority,RegisterDocument,994,2321.94
o2p1-majority,RegisterDocument,995,2322.16
o2p1-majority,RegisterDocument,996,2322.25
o2p1-majority,RegisterDocument,997,2322.29
o2p1-majority,RegisterDocument,998,2322.38
o2p1-majority,RegisterDocument,999,2322.42
o2p1-majority,RegisterDocument,1000,2322.47
o2p1-majority,RegisterDocument,1001,2322.50
o2p1-majority,RegisterDocument,1002,2322.74
o2p1-majority,RegisterDocument,1003,2323.02
o2p1-majority,RegisterDocument,1004,2323.12
o2p1-majority,RegisterDocument,1005,2323.15
o2p1-majority,RegisterDocument,1006,2323.23
o2p1-majority,RegisterDocument,1007,2323.45
o2p1-majority,RegisterDocument,1008,2323.47
o2p1-majority,RegisterDocument,1009,2323.57
o2p1-majority,RegisterDocument,1010,2323.62
o2p1-majority,RegisterDocument,1011,2323.90
o2p1-majority,RegisterDocument,1012,2323.97
o2p1-majority,RegisterDocument,1013,2323.99
o2p1-majority,RegisterDocument,1014,2323.99
o2p1-majority,RegisterDocument,1015,2324.00
o2p1-majority,RegisterDocument,1016,2324.10
o2p1-majority,RegisterDocument,1017,2324.14
o2p1-majority,RegisterDocument,1018,2324.16
o2p1-majority,RegisterDocument,1019,2324.23
o2p1-majority,RegisterDocument,1020,2324.24
o2p1-majority,RegisterDocument,1021,2324.40
o2p1-majority,RegisterDocument,1022,2324.43
o2p1-majority,RegisterDocument,1023,2324.50
o2p1-majority,RegisterDocument,1024,2324.52
o2p1-majority,RegisterDocument,1025,2324.59
o2p1-majority,RegisterDocument,1026,2324.63
o2p1-majority,RegisterDocument,1027,2324.80
o2p1-majority,RegisterDocument,1028,2324.88
o2p1-majority,RegisterDocument,1029,2324.92
o2p1-majority,RegisterDocument,1030,2324.93
o2p1-majority,RegisterDocument,1031,2324.93
o2p1-majority,RegisterDocument,1032,2325.06
o2p1-majority,RegisterDocument,1033,2325.13
o2p1-majority,RegisterDocument,1034,2325.15
o2p1-majority,RegisterDocument,1035,2325.25
o2p1-majority,RegisterDocument,1036,2325.35
o2p1-majority,RegisterDocument,1037,2325.43
o2p1-majority,RegisterDocument,1038,2325.56
o2p1-majority,RegisterDocument,1039,2325.64
o2p1-majority,RegisterDocument,1040,2325.95
o2p1-majority,RegisterDocument,1041,2326.03
o2p1-majority,RegisterDocument,1042,2326.08
o2p1-majority,RegisterDocument,1043,2326.10
o2p1-majority,RegisterDocument,1044,2326.17
o2p1-majority,RegisterDocument,1045,2326.25
o2p1-majority,RegisterDocument,1046,2326.27
o2p1-majority,RegisterDocument,1047,2326.37
o2p1-majority,RegisterDocument,1048,2326.45
o2p1-majority,RegisterDocument,1049,2326.46
o2p1-majority,RegisterDocument,1050,2326.48
o2p1-majority,RegisterDocument,1051,2326.57
o2p1-majority,RegisterDocument,1052,2326.61
o2p1-majority,RegisterDocument,1053,2326.67
o2p1-majority,RegisterDocument,1054,2326.70
o2p1-majority,RegisterDocument,1055,2326.72
o2p1-majority,RegisterDocument,1056,2326.81
o2p1-majority,RegisterDocument,1057,2326.81
o2p1-majority,RegisterDocument,1058,2326.95
o2p1-majority,RegisterDocument,1059,2326.97
o2p1-majority,RegisterDocument,1060,2327.03
o2p1-majority,RegisterDocument,1061,2327.11
o2p1-majority,RegisterDocument,1062,2327.14
o2p1-majority,RegisterDocument,1063,2327.15
o2p1-majority,RegisterDocument,1064,2327.15
o2p1-majority,RegisterDocument,1065,2327.18
o2p1-majority,RegisterDocument,1066,2327.20
o2p1-majority,RegisterDocument,1067,2327.28
o2p1-majority,RegisterDocument,1068,2327.33
o2p1-majority,RegisterDocument,1069,2327.48
o2p1-majority,RegisterDocument,1070,2327.49
o2p1-majority,RegisterDocument,1071,2327.57
o2p1-majority,RegisterDocument,1072,2327.58
o2p1-majority,RegisterDocument,1073,2327.63
o2p1-majority,RegisterDocument,1074,2327.64
o2p1-majority,RegisterDocument,1075,2327.73
o2p1-majority,RegisterDocument,1076,2327.82
o2p1-majority,RegisterDocument,1077,2328.00
o2p1-majority,RegisterDocument,1078,2328.02
o2p1-majority,RegisterDocument,1079,2328.22
o2p1-majority,RegisterDocument,1080,2328.33
o2p1-majority,RegisterDocument,1081,2328.34
o2p1-majority,RegisterDocument,1082,2328.38
o2p1-majority,RegisterDocument,1083,2328.38
o2p1-majority,RegisterDocument,1084,2328.39
o2p1-majority,RegisterDocument,1085,2328.54
o2p1-majority,RegisterDocument,1086,2328.55
o2p1-majority,RegisterDocument,1087,2328.65
o2p1-majority,RegisterDocument,1088,2328.75
o2p1-majority,RegisterDocument,1089,2328.75
o2p1-majority,RegisterDocument,1090,2328.76
o2p1-majority,RegisterDocument,1091,2328.93
o2p1-majority,RegisterDocument,1092,2329.05
o2p1-majority,RegisterDocument,1093,2329.08
o2p1-majority,RegisterDocument,1094,2329.17
o2p1-majority,RegisterDocument,1095,2329.22
o2p1-majority,RegisterDocument,1096,2329.24
o2p1-majority,RegisterDocument,1097,2329.26
o2p1-majority,RegisterDocument,1098,2329.29
o2p1-majority,RegisterDocument,1099,2329.38
o2p1-majority,RegisterDocument,1100,2329.40
o2p1-majority,RegisterDocument,1101,2329.62
o2p1-majority,RegisterDocument,1102,2329.66
o2p1-majority,RegisterDocument,1103,2329.70
o2p1-majority,RegisterDocument,1104,2329.74
o2p1-majority,RegisterDocument,1105,2329.74
o2p1-majority,RegisterDocument,1106,2329.81
o2p1-majority,RegisterDocument,1107,2329.85
o2p1-majority,RegisterDocument,1108,2329.94
o2p1-majority,RegisterDocument,1109,2329.97
o2p1-majority,RegisterDocument,1110,2330.11
o2p1-majority,RegisterDocument,1111,2330.16
o2p1-majority,RegisterDocument,1112,2330.23
o2p1-majority,RegisterDocument,1113,2330.26
o2p1-majority,RegisterDocument,1114,2330.39
o2p1-majority,RegisterDocument,1115,2330.40
o2p1-majority,RegisterDocument,1116,2330.52
o2p1-majority,RegisterDocument,1117,2330.54
o2p1-majority,RegisterDocument,1118,2330.68
o2p1-majority,RegisterDocument,1119,2330.71
o2p1-majority,RegisterDocument,1120,2330.77
o2p1-majority,RegisterDocument,1121,2330.83
o2p1-majority,RegisterDocument,1122,2330.84
o2p1-majority,RegisterDocument,1123,2330.99
o2p1-majority,RegisterDocument,1124,2331.08
o2p1-majority,RegisterDocument,1125,2331.15
o2p1-majority,RegisterDocument,1126,2331.18
o2p1-majority,RegisterDocument,1127,2331.18
o2p1-majority,RegisterDocument,1128,2331.30
o2p1-majority,RegisterDocument,1129,2331.57
o2p1-majority,RegisterDocument,1130,2331.61
o2p1-majority,RegisterDocument,1131,2331.61
o2p1-majority,RegisterDocument,1132,2331.66
o2p1-majority,RegisterDocument,1133,2331.72
o2p1-majority,RegisterDocument,1134,2331.93
o2p1-majority,RegisterDocument,1135,2331.94
o2p1-majority,RegisterDocument,1136,2332.02
o2p1-majority,RegisterDocument,1137,2332.04
o2p1-majority,RegisterDocument,1138,2332.05
o2p1-majority,RegisterDocument,1139,2332.11
o2p1-majority,RegisterDocument,1140,2332.11
o2p1-majority,RegisterDocument,1141,2332.22
o2p1-majority,RegisterDocument,1142,2332.22
o2p1-majority,RegisterDocument,1143,2332.26
o2p1-majority,RegisterDocument,1144,2332.34
o2p1-majority,RegisterDocument,1145,2332.35
o2p1-majority,RegisterDocument,1146,2332.41
o2p1-majority,RegisterDocument,1147,2332.43
o2p1-majority,RegisterDocument,1148,2332.67
o2p1-majority,RegisterDocument,1149,2332.76
o2p1-majority,RegisterDocument,1150,2332.77
o2p1-majority,RegisterDocument,1151,2332.88
o2p1-majority,RegisterDocument,1152,2332.90
o2p1-majority,RegisterDocument,1153,2333.04
o2p1-majority,RegisterDocument,1154,2333.06
o2p1-majority,RegisterDocument,1155,2333.35
o2p1-majority,RegisterDocument,1156,2333.50
o2p1-majority,RegisterDocument,1157,2333.59
o2p1-majority,RegisterDocument,1158,2333.62
o2p1-majority,RegisterDocument,1159,2333.80
o2p1-majority,RegisterDocument,1160,2333.95
o2p1-majority,RegisterDocument,1161,2333.99
o2p1-majority,RegisterDocument,1162,2334.00
o2p1-majority,RegisterDocument,1163,2334.11
o2p1-majority,RegisterDocument,1164,2334.12
o2p1-majority,RegisterDocument,1165,2334.18
o2p1-majority,RegisterDocument,1166,2334.19
o2p1-majority,RegisterDocument,1167,2334.24
o2p1-majority,RegisterDocument,1168,2334.32
o2p1-majority,RegisterDocument,1169,2334.32
o2p1-majority,RegisterDocument,1170,2334.36
o2p1-majority,RegisterDocument,1171,2334.40
o2p1-majority,RegisterDocument,1172,2334.43
o2p1-majority,RegisterDocument,1173,2334.46
o2p1-majority,RegisterDocument,1174,2334.47
o2p1-majority,RegisterDocument,1175,2334.55
o2p1-majority,RegisterDocument,1176,2334.58
o2p1-majority,RegisterDocument,1177,2334.63
o2p1-majority,RegisterDocument,1178,2334.64
o2p1-majority,RegisterDocument,1179,2334.66
o2p1-majority,RegisterDocument,1180,2335.06
o2p1-majority,RegisterDocument,1181,2335.23
o2p1-majority,RegisterDocument,1182,2335.35
o2p1-majority,RegisterDocument,1183,2335.48
o2p1-majority,RegisterDocument,1184,2335.59
o2p1-majority,RegisterDocument,1185,2335.68
o2p1-majority,RegisterDocument,1186,2335.70
o2p1-majority,RegisterDocument,1187,2335.73
o2p1-majority,RegisterDocument,1188,2335.73
o2p1-majority,RegisterDocument,1189,2335.86
o2p1-majority,RegisterDocument,1190,2336.00
o2p1-majority,RegisterDocument,1191,2336.14
o2p1-majority,RegisterDocument,1192,2336.16
o2p1-majority,RegisterDocument,1193,2336.22
o2p1-majority,RegisterDocument,1194,2336.23
o2p1-majority,RegisterDocument,1195,2336.24
o2p1-majority,RegisterDocument,1196,2336.36
o2p1-majority,RegisterDocument,1197,2336.39
o2p1-majority,RegisterDocument,1198,2336.45
o2p1-majority,RegisterDocument,1199,2336.56
o2p1-majority,RegisterDocument,1200,2336.63
o2p1-majority,RegisterDocument,1201,2336.64
o2p1-majority,RegisterDocument,1202,2336.67
o2p1-majority,RegisterDocument,1203,2336.70
o2p1-majority,RegisterDocument,1204,2336.70
o2p1-majority,RegisterDocument,1205,2336.82
o2p1-majority,RegisterDocument,1206,2336.86
o2p1-majority,RegisterDocument,1207,2336.89
o2p1-majority,RegisterDocument,1208,2336.92
o2p1-majority,RegisterDocument,1209,2337.02
o2p1-majority,RegisterDocument,1210,2337.04
o2p1-majority,RegisterDocument,1211,2337.13
o2p1-majority,RegisterDocument,1212,2337.22
o2p1-majority,RegisterDocument,1213,2337.26
o2p1-majority,RegisterDocument,1214,2337.27
o2p1-majority,RegisterDocument,1215,2337.29
o2p1-majority,RegisterDocument,1216,2337.31
o2p1-majority,RegisterDocument,1217,2337.37
o2p1-majority,RegisterDocument,1218,2337.65
o2p1-majority,RegisterDocument,1219,2337.72
o2p1-majority,RegisterDocument,1220,2337.81
o2p1-majority,RegisterDocument,1221,2337.83
o2p1-majority,RegisterDocument,1222,2337.86
o2p1-majority,RegisterDocument,1223,2338.03
o2p1-majority,RegisterDocument,1224,2338.22
o2p1-majority,RegisterDocument,1225,2338.22
o2p1-majority,RegisterDocument,1226,2338.29
o2p1-majority,RegisterDocument,1227,2338.30
o2p1-majority,RegisterDocument,1228,2338.36
o2p1-majority,RegisterDocument,1229,2338.47
o2p1-majority,RegisterDocument,1230,2338.50
o2p1-majority,RegisterDocument,1231,2338.59
o2p1-majority,RegisterDocument,1232,2338.69
o2p1-majority,RegisterDocument,1233,2338.72
o2p1-majority,RegisterDocument,1234,2338.90
o2p1-majority,RegisterDocument,1235,2338.96
o2p1-majority,RegisterDocument,1236,2339.06
o2p1-majority,RegisterDocument,1237,2339.09
o2p1-majority,RegisterDocument,1238,2339.15
o2p1-majority,RegisterDocument,1239,2339.20
o2p1-majority,RegisterDocument,1240,2339.21
o2p1-majority,RegisterDocument,1241,2339.21
o2p1-majority,RegisterDocument,1242,2339.22
o2p1-majority,RegisterDocument,1243,2339.24
o2p1-majority,RegisterDocument,1244,2339.26
o2p1-majority,RegisterDocument,1245,2339.27
o2p1-majority,RegisterDocument,1246,2339.36
o2p1-majority,RegisterDocument,1247,2339.45
o2p1-majority,RegisterDocument,1248,2339.50
o2p1-majority,RegisterDocument,1249,2339.57
o2p1-majority,RegisterDocument,1250,2339.59
o2p1-majority,RegisterDocument,1251,2339.61
o2p1-majority,RegisterDocument,1252,2339.61
o2p1-majority,RegisterDocument,1253,2339.74
o2p1-majority,RegisterDocument,1254,2339.76
o2p1-majority,RegisterDocument,1255,2339.77
o2p1-majority,RegisterDocument,1256,2339.77
o2p1-majority,RegisterDocument,1257,2339.83
o2p1-majority,RegisterDocument,1258,2339.97
o2p1-majority,RegisterDocument,1259,2339.98
o2p1-majority,RegisterDocument,1260,2340.03
o2p1-majority,RegisterDocument,1261,2340.11
o2p1-majority,RegisterDocument,1262,2340.12
o2p1-majority,RegisterDocument,1263,2340.18
o2p1-majority,RegisterDocument,1264,2340.31
o2p1-majority,RegisterDocument,1265,2340.34
o2p1-majority,RegisterDocument,1266,2340.37
o2p1-majority,RegisterDocument,1267,2340.39
o2p1-majority,RegisterDocument,1268,2340.49
o2p1-majority,RegisterDocument,1269,2340.57
o2p1-majority,RegisterDocument,1270,2340.74
o2p1-majority,RegisterDocument,1271,2340.77
o2p1-majority,RegisterDocument,1272,2340.78
o2p1-majority,RegisterDocument,1273,2340.79
o2p1-majority,RegisterDocument,1274,2340.82
o2p1-majority,RegisterDocument,1275,2340.82
o2p1-majority,RegisterDocument,1276,2340.87
o2p1-majority,RegisterDocument,1277,2340.92
o2p1-majority,RegisterDocument,1278,2341.11
o2p1-majority,RegisterDocument,1279,2341.12
o2p1-majority,RegisterDocument,1280,2341.13
o2p1-majority,RegisterDocument,1281,2341.23
o2p1-majority,RegisterDocument,1282,2341.25
o2p1-majority,RegisterDocument,1283,2341.27
o2p1-majority,RegisterDocument,1284,2341.30
o2p1-majority,RegisterDocument,1285,2341.32
o2p1-majority,RegisterDocument,1286,2341.40
o2p1-majority,RegisterDocument,1287,2341.56
o2p1-majority,RegisterDocument,1288,2341.62
o2p1-majority,RegisterDocument,1289,2341.68
o2p1-majority,RegisterDocument,1290,2341.84
o2p1-majority,RegisterDocument,1291,2341.84
o2p1-majority,RegisterDocument,1292,2341.84
o2p1-majority,RegisterDocument,1293,2341.86
o2p1-majority,RegisterDocument,1294,2341.90
o2p1-majority,RegisterDocument,1295,2342.01
o2p1-majority,RegisterDocument,1296,2342.13
o2p1-majority,RegisterDocument,1297,2342.17
o2p1-majority,RegisterDocument,1298,2342.19
o2p1-majority,RegisterDocument,1299,2342.24
o2p1-majority,RegisterDocument,1300,2342.33
o2p1-majority,RegisterDocument,1301,2342.42
o2p1-majority,RegisterDocument,1302,2342.46
o2p1-majority,RegisterDocument,1303,2342.53
o2p1-majority,RegisterDocument,1304,2342.55
o2p1-majority,RegisterDocument,1305,2342.55
o2p1-majority,RegisterDocument,1306,2342.60
o2p1-majority,RegisterDocument,1307,2342.66
o2p1-majority,RegisterDocument,1308,2342.69
o2p1-majority,RegisterDocument,1309,2342.72
o2p1-majority,RegisterDocument,1310,2342.76
o2p1-majority,RegisterDocument,1311,2342.87
o2p1-majority,RegisterDocument,1312,2342.90
o2p1-majority,RegisterDocument,1313,2343.01
o2p1-majority,RegisterDocument,1314,2343.08
o2p1-majority,RegisterDocument,1315,2343.23
o2p1-majority,RegisterDocument,1316,2343.27
o2p1-majority,RegisterDocument,1317,2343.27
o2p1-majority,RegisterDocument,1318,2343.33
o2p1-majority,RegisterDocument,1319,2343.37
o2p1-majority,RegisterDocument,1320,2343.38
o2p1-majority,RegisterDocument,1321,2343.43
o2p1-majority,RegisterDocument,1322,2343.49
o2p1-majority,RegisterDocument,1323,2343.53
o2p1-majority,RegisterDocument,1324,2343.65
o2p1-majority,RegisterDocument,1325,2343.66
o2p1-majority,RegisterDocument,1326,2343.69
o2p1-majority,RegisterDocument,1327,2344.09
o2p1-majority,RegisterDocument,1328,2344.09
o2p1-majority,RegisterDocument,1329,2344.11
o2p1-majority,RegisterDocument,1330,2344.13
o2p1-majority,RegisterDocument,1331,2344.31
o2p1-majority,RegisterDocument,1332,2344.34
o2p1-majority,RegisterDocument,1333,2344.34
o2p1-majority,RegisterDocument,1334,2344.41
o2p1-majority,RegisterDocument,1335,2344.48
o2p1-majority,RegisterDocument,1336,2344.55
o2p1-majority,RegisterDocument,1337,2344.59
o2p1-majority,RegisterDocument,1338,2344.60
o2p1-majority,RegisterDocument,1339,2344.65
o2p1-majority,RegisterDocument,1340,2344.73
o2p1-majority,RegisterDocument,1341,2344.73
o2p1-majority,RegisterDocument,1342,2344.77
o2p1-majority,RegisterDocument,1343,2344.89
o2p1-majority,RegisterDocument,1344,2344.91
o2p1-majority,RegisterDocument,1345,2344.98
o2p1-majority,RegisterDocument,1346,2345.08
o2p1-majority,RegisterDocument,1347,2345.08
o2p1-majority,RegisterDocument,1348,2345.09
o2p1-majority,RegisterDocument,1349,2345.14
o2p1-majority,RegisterDocument,1350,2345.31
o2p1-majority,RegisterDocument,1351,2345.57
o2p1-majority,RegisterDocument,1352,2345.58
o2p1-majority,RegisterDocument,1353,2345.66
o2p1-majority,RegisterDocument,1354,2345.69
o2p1-majority,RegisterDocument,1355,2345.81
o2p1-majority,RegisterDocument,1356,2345.86
o2p1-majority,RegisterDocument,1357,2345.86
o2p1-majority,RegisterDocument,1358,2345.86
o2p1-majority,RegisterDocument,1359,2345.88
o2p1-majority,RegisterDocument,1360,2345.91
o2p1-majority,RegisterDocument,1361,2345.91
o2p1-majority,RegisterDocument,1362,2345.95
o2p1-majority,RegisterDocument,1363,2346.07
o2p1-majority,RegisterDocument,1364,2346.14
o2p1-majority,RegisterDocument,1365,2346.23
o2p1-majority,RegisterDocument,1366,2346.24
o2p1-majority,RegisterDocument,1367,2346.26
o2p1-majority,RegisterDocument,1368,2346.33
o2p1-majority,RegisterDocument,1369,2346.36
o2p1-majority,RegisterDocument,1370,2346.43
o2p1-majority,RegisterDocument,1371,2346.43
o2p1-majority,RegisterDocument,1372,2346.45
o2p1-majority,RegisterDocument,1373,2346.57
o2p1-majority,RegisterDocument,1374,2346.58
o2p1-majority,RegisterDocument,1375,2346.60
o2p1-majority,RegisterDocument,1376,2346.63
o2p1-majority,RegisterDocument,1377,2346.79
o2p1-majority,RegisterDocument,1378,2346.84
o2p1-majority,RegisterDocument,1379,2346.91
o2p1-majority,RegisterDocument,1380,2346.97
o2p1-majority,RegisterDocument,1381,2347.12
o2p1-majority,RegisterDocument,1382,2347.41
o2p1-majority,RegisterDocument,1383,2347.42
o2p1-majority,RegisterDocument,1384,2347.51
o2p1-majority,RegisterDocument,1385,2347.66
o2p1-majority,RegisterDocument,1386,2347.94
o2p1-majority,RegisterDocument,1387,2347.99
o2p1-majority,RegisterDocument,1388,2348.02
o2p1-majority,RegisterDocument,1389,2348.07
o2p1-majority,RegisterDocument,1390,2348.11
o2p1-majority,RegisterDocument,1391,2348.40
o2p1-majority,RegisterDocument,1392,2348.46
o2p1-majority,RegisterDocument,1393,2348.64
o2p1-majority,RegisterDocument,1394,2348.69
o2p1-majority,RegisterDocument,1395,2348.70
o2p1-majority,RegisterDocument,1396,2348.75
o2p1-majority,RegisterDocument,1397,2348.75
o2p1-majority,RegisterDocument,1398,2348.76
o2p1-majority,RegisterDocument,1399,2348.90
o2p1-majority,RegisterDocument,1400,2349.09
o2p1-majority,RegisterDocument,1401,2349.13
o2p1-majority,RegisterDocument,1402,2349.13
o2p1-majority,RegisterDocument,1403,2349.28
o2p1-majority,RegisterDocument,1404,2349.35
o2p1-majority,RegisterDocument,1405,2349.36
o2p1-majority,RegisterDocument,1406,2349.37
o2p1-majority,RegisterDocument,1407,2349.42
o2p1-majority,RegisterDocument,1408,2349.48
o2p1-majority,RegisterDocument,1409,2349.52
o2p1-majority,RegisterDocument,1410,2349.54
o2p1-majority,RegisterDocument,1411,2349.55
o2p1-majority,RegisterDocument,1412,2349.62
o2p1-majority,RegisterDocument,1413,2349.64
o2p1-majority,RegisterDocument,1414,2349.65
o2p1-majority,RegisterDocument,1415,2349.86
o2p1-majority,RegisterDocument,1416,2349.96
o2p1-majority,RegisterDocument,1417,2350.08
o2p1-majority,RegisterDocument,1418,2350.23
o2p1-majority,RegisterDocument,1419,2350.26
o2p1-majority,RegisterDocument,1420,2350.32
o2p1-majority,RegisterDocument,1421,2350.39
o2p1-majority,RegisterDocument,1422,2350.39
o2p1-majority,RegisterDocument,1423,2350.51
o2p1-majority,RegisterDocument,1424,2350.55
o2p1-majority,RegisterDocument,1425,2350.62
o2p1-majority,RegisterDocument,1426,2350.67
o2p1-majority,RegisterDocument,1427,2350.75
o2p1-majority,RegisterDocument,1428,2350.78
o2p1-majority,RegisterDocument,1429,2350.80
o2p1-majority,RegisterDocument,1430,2350.84
o2p1-majority,RegisterDocument,1431,2351.20
o2p1-majority,RegisterDocument,1432,2351.27
o2p1-majority,RegisterDocument,1433,2351.40
o2p1-majority,RegisterDocument,1434,2351.76
o2p1-majority,RegisterDocument,1435,2351.82
o2p1-majority,RegisterDocument,1436,2351.88
o2p1-majority,RegisterDocument,1437,2352.00
o2p1-majority,RegisterDocument,1438,2352.29
o2p1-majority,RegisterDocument,1439,2352.30
o2p1-majority,RegisterDocument,1440,2352.42
o2p1-majority,RegisterDocument,1441,2352.43
o2p1-majority,RegisterDocument,1442,2352.43
o2p1-majority,RegisterDocument,1443,2352.58
o2p1-majority,RegisterDocument,1444,2352.58
o2p1-majority,RegisterDocument,1445,2352.64
o2p1-majority,RegisterDocument,1446,2352.65
o2p1-majority,RegisterDocument,1447,2352.87
o2p1-majority,RegisterDocument,1448,2352.88
o2p1-majority,RegisterDocument,1449,2353.03
o2p1-majority,RegisterDocument,1450,2353.26
o2p1-majority,RegisterDocument,1451,2353.27
o2p1-majority,RegisterDocument,1452,2353.30
o2p1-majority,RegisterDocument,1453,2353.37
o2p1-majority,RegisterDocument,1454,2353.46
o2p1-majority,RegisterDocument,1455,2353.46
o2p1-majority,RegisterDocument,1456,2353.48
o2p1-majority,RegisterDocument,1457,2353.48
o2p1-majority,RegisterDocument,1458,2353.53
o2p1-majority,RegisterDocument,1459,2353.62
o2p1-majority,RegisterDocument,1460,2353.69
o2p1-majority,RegisterDocument,1461,2353.84
o2p1-majority,RegisterDocument,1462,2353.89
o2p1-majority,RegisterDocument,1463,2353.93
o2p1-majority,RegisterDocument,1464,2353.97
o2p1-majority,RegisterDocument,1465,2354.13
o2p1-majority,RegisterDocument,1466,2354.38
o2p1-majority,RegisterDocument,1467,2354.44
o2p1-majority,RegisterDocument,1468,2354.51
o2p1-majority,RegisterDocument,1469,2354.57
o2p1-majority,RegisterDocument,1470,2354.57
o2p1-majority,RegisterDocument,1471,2354.60
o2p1-majority,RegisterDocument,1472,2354.65
o2p1-majority,RegisterDocument,1473,2354.72
o2p1-majority,RegisterDocument,1474,2354.74
o2p1-majority,RegisterDocument,1475,2354.76
o2p1-majority,RegisterDocument,1476,2354.92
o2p1-majority,RegisterDocument,1477,2354.97
o2p1-majority,RegisterDocument,1478,2355.04
o2p1-majority,RegisterDocument,1479,2355.06
o2p1-majority,RegisterDocument,1480,2355.11
o2p1-majority,RegisterDocument,1481,2355.20
o2p1-majority,RegisterDocument,1482,2355.31
o2p1-majority,RegisterDocument,1483,2355.32
o2p1-majority,RegisterDocument,1484,2355.44
o2p1-majority,RegisterDocument,1485,2355.45
o2p1-majority,RegisterDocument,1486,2355.55
o2p1-majority,RegisterDocument,1487,2355.62
o2p1-majority,RegisterDocument,1488,2355.73
o2p1-majority,RegisterDocument,1489,2355.87
o2p1-majority,RegisterDocument,1490,2355.91
o2p1-majority,RegisterDocument,1491,2355.98
o2p1-majority,RegisterDocument,1492,2356.11
o2p1-majority,RegisterDocument,1493,2356.18
o2p1-majority,RegisterDocument,1494,2356.23
o2p1-majority,RegisterDocument,1495,2356.25
o2p1-majority,RegisterDocument,1496,2356.29
o2p1-majority,RegisterDocument,1497,2356.34
o2p1-majority,RegisterDocument,1498,2356.38
o2p1-majority,RegisterDocument,1499,2356.51
o2p1-majority,RegisterDocument,1500,2356.58
o2p1-majority,RegisterDocument,1501,2356.62
o2p1-majority,RegisterDocument,1502,2356.67
o2p1-majority,RegisterDocument,1503,2356.86
o2p1-majority,RegisterDocument,1504,2356.87
o2p1-majority,RegisterDocument,1505,2356.93
o2p1-majority,RegisterDocument,1506,2357.13
o2p1-majority,RegisterDocument,1507,2357.17
o2p1-majority,RegisterDocument,1508,2357.20
o2p1-majority,RegisterDocument,1509,2357.32
o2p1-majority,RegisterDocument,1510,2357.46
o2p1-majority,RegisterDocument,1511,2357.87
o2p1-majority,RegisterDocument,1512,2357.88
o2p1-majority,RegisterDocument,1513,2357.90
o2p1-majority,RegisterDocument,1514,2357.98
o2p1-majority,RegisterDocument,1515,2358.08
o2p1-majority,RegisterDocument,1516,2358.30
o2p1-majority,RegisterDocument,1517,2358.32
o2p1-majority,RegisterDocument,1518,2358.33
o2p1-majority,RegisterDocument,1519,2358.46
o2p1-majority,RegisterDocument,1520,2358.66
o2p1-majority,RegisterDocument,1521,2358.68
o2p1-majority,RegisterDocument,1522,2358.90
o2p1-majority,RegisterDocument,1523,2358.92
o2p1-majority,RegisterDocument,1524,2358.94
o2p1-majority,RegisterDocument,1525,2359.10
o2p1-majority,RegisterDocument,1526,2359.49
o2p1-majority,RegisterDocument,1527,2359.68
o2p1-majority,RegisterDocument,1528,2359.73
o2p1-majority,RegisterDocument,1529,2359.79
o2p1-majority,RegisterDocument,1530,2359.82
o2p1-majority,RegisterDocument,1531,2359.90
o2p1-majority,RegisterDocument,1532,2359.97
o2p1-majority,RegisterDocument,1533,2360.17
o2p1-majority,RegisterDocument,1534,2360.24
o2p1-majority,RegisterDocument,1535,2360.25
o2p1-majority,RegisterDocument,1536,2360.25
o2p1-majority,RegisterDocument,1537,2360.26
o2p1-majority,RegisterDocument,1538,2360.44
o2p1-majority,RegisterDocument,1539,2360.45
o2p1-majority,RegisterDocument,1540,2360.59
o2p1-majority,RegisterDocument,1541,2360.76
o2p1-majority,RegisterDocument,1542,2360.99
o2p1-majority,RegisterDocument,1543,2361.01
o2p1-majority,RegisterDocument,1544,2361.22
o2p1-majority,RegisterDocument,1545,2361.24
o2p1-majority,RegisterDocument,1546,2361.30
o2p1-majority,RegisterDocument,1547,2361.46
o2p1-majority,RegisterDocument,1548,2362.05
o2p1-majority,RegisterDocument,1549,2362.10
o2p1-majority,RegisterDocument,1550,2362.14
o2p1-majority,RegisterDocument,1551,2362.16
o2p1-majority,RegisterDocument,1552,2362.17
o2p1-majority,RegisterDocument,1553,2362.29
o2p1-majority,RegisterDocument,1554,2362.40
o2p1-majority,RegisterDocument,1555,2362.51
o2p1-majority,RegisterDocument,1556,2362.51
o2p1-majority,RegisterDocument,1557,2362.64
o2p1-majority,RegisterDocument,1558,2362.72
o2p1-majority,RegisterDocument,1559,2362.99
o2p1-majority,RegisterDocument,1560,2363.11
o2p1-majority,RegisterDocument,1561,2363.42
o2p1-majority,RegisterDocument,1562,2363.46
o2p1-majority,RegisterDocument,1563,2363.47
o2p1-majority,RegisterDocument,1564,2363.61
o2p1-majority,RegisterDocument,1565,2363.62
o2p1-majority,RegisterDocument,1566,2363.65
o2p1-majority,RegisterDocument,1567,2363.82
o2p1-majority,RegisterDocument,1568,2363.91
o2p1-majority,RegisterDocument,1569,2363.93
o2p1-majority,RegisterDocument,1570,2364.20
o2p1-majority,RegisterDocument,1571,2364.28
o2p1-majority,RegisterDocument,1572,2364.36
o2p1-majority,RegisterDocument,1573,2364.42
o2p1-majority,RegisterDocument,1574,2364.65
o2p1-majority,RegisterDocument,1575,2364.65
o2p1-majority,RegisterDocument,1576,2364.70
o2p1-majority,RegisterDocument,1577,2364.74
o2p1-majority,RegisterDocument,1578,2364.79
o2p1-majority,RegisterDocument,1579,2365.07
o2p1-majority,RegisterDocument,1580,2365.08
o2p1-majority,RegisterDocument,1581,2365.15
o2p1-majority,RegisterDocument,1582,2365.23
o2p1-majority,RegisterDocument,1583,2365.28
o2p1-majority,RegisterDocument,1584,2365.33
o2p1-majority,RegisterDocument,1585,2365.69
o2p1-majority,RegisterDocument,1586,2365.71
o2p1-majority,RegisterDocument,1587,2365.90
o2p1-majority,RegisterDocument,1588,2365.97
o2p1-majority,RegisterDocument,1589,2366.01
o2p1-majority,RegisterDocument,1590,2366.24
o2p1-majority,RegisterDocument,1591,2366.33
o2p1-majority,RegisterDocument,1592,2366.36
o2p1-majority,RegisterDocument,1593,2366.36
o2p1-majority,RegisterDocument,1594,2366.37
o2p1-majority,RegisterDocument,1595,2366.47
o2p1-majority,RegisterDocument,1596,2366.64
o2p1-majority,RegisterDocument,1597,2366.69
o2p1-majority,RegisterDocument,1598,2367.03
o2p1-majority,RegisterDocument,1599,2367.06
o2p1-majority,RegisterDocument,1600,2367.24
o2p1-majority,RegisterDocument,1601,2367.26
o2p1-majority,RegisterDocument,1602,2367.79
o2p1-majority,RegisterDocument,1603,2367.86
o2p1-majority,RegisterDocument,1604,2368.06
o2p1-majority,RegisterDocument,1605,2368.12
o2p1-majority,RegisterDocument,1606,2368.16
o2p1-majority,RegisterDocument,1607,2368.20
o2p1-majority,RegisterDocument,1608,2368.21
o2p1-majority,RegisterDocument,1609,2368.23
o2p1-majority,RegisterDocument,1610,2368.27
o2p1-majority,RegisterDocument,1611,2368.28
o2p1-majority,RegisterDocument,1612,2368.32
o2p1-majority,RegisterDocument,1613,2368.37
o2p1-majority,RegisterDocument,1614,2368.45
o2p1-majority,RegisterDocument,1615,2368.57
o2p1-majority,RegisterDocument,1616,2368.83
o2p1-majority,RegisterDocument,1617,2368.95
o2p1-majority,RegisterDocument,1618,2369.05
o2p1-majority,RegisterDocument,1619,2369.13
o2p1-majority,RegisterDocument,1620,2369.15
o2p1-majority,RegisterDocument,1621,2369.36
o2p1-majority,RegisterDocument,1622,2369.42
o2p1-majority,RegisterDocument,1623,2369.48
o2p1-majority,RegisterDocument,1624,2369.59
o2p1-majority,RegisterDocument,1625,2369.61
o2p1-majority,RegisterDocument,1626,2369.80
o2p1-majority,RegisterDocument,1627,2370.07
o2p1-majority,RegisterDocument,1628,2370.14
o2p1-majority,RegisterDocument,1629,2370.19
o2p1-majority,RegisterDocument,1630,2370.30
o2p1-majority,RegisterDocument,1631,2370.33
o2p1-majority,RegisterDocument,1632,2370.36
o2p1-majority,RegisterDocument,1633,2370.36
o2p1-majority,RegisterDocument,1634,2370.48
o2p1-majority,RegisterDocument,1635,2370.54
o2p1-majority,RegisterDocument,1636,2370.62
o2p1-majority,RegisterDocument,1637,2370.71
o2p1-majority,RegisterDocument,1638,2370.75
o2p1-majority,RegisterDocument,1639,2370.86
o2p1-majority,RegisterDocument,1640,2370.98
o2p1-majority,RegisterDocument,1641,2370.98
o2p1-majority,RegisterDocument,1642,2371.15
o2p1-majority,RegisterDocument,1643,2371.19
o2p1-majority,RegisterDocument,1644,2371.22
o2p1-majority,RegisterDocument,1645,2371.26
o2p1-majority,RegisterDocument,1646,2371.27
o2p1-majority,RegisterDocument,1647,2371.38
o2p1-majority,RegisterDocument,1648,2371.51
o2p1-majority,RegisterDocument,1649,2371.55
o2p1-majority,RegisterDocument,1650,2371.58
o2p1-majority,RegisterDocument,1651,2371.63
o2p1-majority,RegisterDocument,1652,2371.79
o2p1-majority,RegisterDocument,1653,2371.81
o2p1-majority,RegisterDocument,1654,2372.15
o2p1-majority,RegisterDocument,1655,2372.41
o2p1-majority,RegisterDocument,1656,2372.52
o2p1-majority,RegisterDocument,1657,2372.55
o2p1-majority,RegisterDocument,1658,2372.65
o2p1-majority,RegisterDocument,1659,2372.88
o2p1-majority,RegisterDocument,1660,2372.91
o2p1-majority,RegisterDocument,1661,2373.00
o2p1-majority,RegisterDocument,1662,2373.12
o2p1-majority,RegisterDocument,1663,2373.16
o2p1-majority,RegisterDocument,1664,2373.18
o2p1-majority,RegisterDocument,1665,2373.32
o2p1-majority,RegisterDocument,1666,2373.44
o2p1-majority,RegisterDocument,1667,2373.45
o2p1-majority,RegisterDocument,1668,2373.74
o2p1-majority,RegisterDocument,1669,2373.89
o2p1-majority,RegisterDocument,1670,2373.92
o2p1-majority,RegisterDocument,1671,2374.09
o2p1-majority,RegisterDocument,1672,2374.27
o2p1-majority,RegisterDocument,1673,2374.48
o2p1-majority,RegisterDocument,1674,2374.79
o2p1-majority,RegisterDocument,1675,2375.14
o2p1-majority,RegisterDocument,1676,2375.15
o2p1-majority,RegisterDocument,1677,2375.18
o2p1-majority,RegisterDocument,1678,2375.44
o2p1-majority,RegisterDocument,1679,2375.52
o2p1-majority,RegisterDocument,1680,2375.57
o2p1-majority,RegisterDocument,1681,2375.57
o2p1-majority,RegisterDocument,1682,2375.59
o2p1-majority,RegisterDocument,1683,2375.64
o2p1-majority,RegisterDocument,1684,2375.83
o2p1-majority,RegisterDocument,1685,2375.97
o2p1-majority,RegisterDocument,1686,2376.00
o2p1-majority,RegisterDocument,1687,2376.15
o2p1-majority,RegisterDocument,1688,2376.40
o2p1-majority,RegisterDocument,1689,2376.60
o2p1-majority,RegisterDocument,1690,2376.63
o2p1-majority,RegisterDocument,1691,2376.64
o2p1-majority,RegisterDocument,1692,2376.74
o2p1-majority,RegisterDocument,1693,2376.79
o2p1-majority,RegisterDocument,1694,2376.88
o2p1-majority,RegisterDocument,1695,2376.89
o2p1-majority,RegisterDocument,1696,2376.92
o2p1-majority,RegisterDocument,1697,2376.96
o2p1-majority,RegisterDocument,1698,2377.03
o2p1-majority,RegisterDocument,1699,2377.08
o2p1-majority,RegisterDocument,1700,2377.08
o2p1-majority,RegisterDocument,1701,2377.12
o2p1-majority,RegisterDocument,1702,2377.27
o2p1-majority,RegisterDocument,1703,2377.29
o2p1-majority,RegisterDocument,1704,2377.31
o2p1-majority,RegisterDocument,1705,2377.35
o2p1-majority,RegisterDocument,1706,2377.51
o2p1-majority,RegisterDocument,1707,2377.75
o2p1-majority,RegisterDocument,1708,2377.92
o2p1-majority,RegisterDocument,1709,2378.01
o2p1-majority,RegisterDocument,1710,2378.18
o2p1-majority,RegisterDocument,1711,2378.43
o2p1-majority,RegisterDocument,1712,2378.53
o2p1-majority,RegisterDocument,1713,2378.56
o2p1-majority,RegisterDocument,1714,2378.59
o2p1-majority,RegisterDocument,1715,2378.73
o2p1-majority,RegisterDocument,1716,2378.75
o2p1-majority,RegisterDocument,1717,2378.76
o2p1-majority,RegisterDocument,1718,2378.86
o2p1-majority,RegisterDocument,1719,2378.86
o2p1-majority,RegisterDocument,1720,2378.92
o2p1-majority,RegisterDocument,1721,2379.06
o2p1-majority,RegisterDocument,1722,2379.12
o2p1-majority,RegisterDocument,1723,2379.19
o2p1-majority,RegisterDocument,1724,2379.26
o2p1-majority,RegisterDocument,1725,2379.37
o2p1-majority,RegisterDocument,1726,2379.83
o2p1-majority,RegisterDocument,1727,2379.86
o2p1-majority,RegisterDocument,1728,2379.88
o2p1-majority,RegisterDocument,1729,2380.54
o2p1-majority,RegisterDocument,1730,2380.60
o2p1-majority,RegisterDocument,1731,2381.03
o2p1-majority,RegisterDocument,1732,2381.37
o2p1-majority,RegisterDocument,1733,2381.40
o2p1-majority,RegisterDocument,1734,2381.60
o2p1-majority,RegisterDocument,1735,2381.79
o2p1-majority,RegisterDocument,1736,2382.00
o2p1-majority,RegisterDocument,1737,2382.12
o2p1-majority,RegisterDocument,1738,2382.13
o2p1-majority,RegisterDocument,1739,2382.30
o2p1-majority,RegisterDocument,1740,2382.38
o2p1-majority,RegisterDocument,1741,2382.58
o2p1-majority,RegisterDocument,1742,2382.63
o2p1-majority,RegisterDocument,1743,2382.74
o2p1-majority,RegisterDocument,1744,2382.90
o2p1-majority,RegisterDocument,1745,2382.93
o2p1-majority,RegisterDocument,1746,2382.93
o2p1-majority,RegisterDocument,1747,2383.08
o2p1-majority,RegisterDocument,1748,2383.50
o2p1-majority,RegisterDocument,1749,2383.56
o2p1-majority,RegisterDocument,1750,2383.59
o2p1-majority,RegisterDocument,1751,2383.69
o2p1-majority,RegisterDocument,1752,2383.72
o2p1-majority,RegisterDocument,1753,2383.87
o2p1-majority,RegisterDocument,1754,2384.02
o2p1-majority,RegisterDocument,1755,2384.21
o2p1-majority,RegisterDocument,1756,2384.55
o2p1-majority,RegisterDocument,1757,2384.61
o2p1-majority,RegisterDocument,1758,2384.79
o2p1-majority,RegisterDocument,1759,2384.87
o2p1-majority,RegisterDocument,1760,2385.26
o2p1-majority,RegisterDocument,1761,2385.57
o2p1-majority,RegisterDocument,1762,2385.70
o2p1-majority,RegisterDocument,1763,2385.74
o2p1-majority,RegisterDocument,1764,2385.80
o2p1-majority,RegisterDocument,1765,2386.14
o2p1-majority,RegisterDocument,1766,2386.51
o2p1-majority,RegisterDocument,1767,2387.13
o2p1-majority,RegisterDocument,1768,2387.33
o2p1-majority,RegisterDocument,1769,2387.48
o2p1-majority,RegisterDocument,1770,2387.56
o2p1-majority,RegisterDocument,1771,2387.62
o2p1-majority,RegisterDocument,1772,2387.63
o2p1-majority,RegisterDocument,1773,2387.87
o2p1-majority,RegisterDocument,1774,2387.94
o2p1-majority,RegisterDocument,1775,2387.98
o2p1-majority,RegisterDocument,1776,2388.05
o2p1-majority,RegisterDocument,1777,2388.13
o2p1-majority,RegisterDocument,1778,2388.15
o2p1-majority,RegisterDocument,1779,2388.40
o2p1-majority,RegisterDocument,1780,2388.46
o2p1-majority,RegisterDocument,1781,2388.53
o2p1-majority,RegisterDocument,1782,2388.88
o2p1-majority,RegisterDocument,1783,2389.31
o2p1-majority,RegisterDocument,1784,2389.43
o2p1-majority,RegisterDocument,1785,2389.53
o2p1-majority,RegisterDocument,1786,2389.57
o2p1-majority,RegisterDocument,1787,2390.00
o2p1-majority,RegisterDocument,1788,2390.06
o2p1-majority,RegisterDocument,1789,2390.38
o2p1-majority,RegisterDocument,1790,2390.44
o2p1-majority,RegisterDocument,1791,2390.67
o2p1-majority,RegisterDocument,1792,2390.73
o2p1-majority,RegisterDocument,1793,2390.88
o2p1-majority,RegisterDocument,1794,2391.01
o2p1-majority,RegisterDocument,1795,2391.02
o2p1-majority,RegisterDocument,1796,2391.14
o2p1-majority,RegisterDocument,1797,2391.42
o2p1-majority,RegisterDocument,1798,2391.53
o2p1-majority,RegisterDocument,1799,2391.74
o2p1-majority,RegisterDocument,1800,2391.83
o2p1-majority,RegisterDocument,1801,2392.14
o2p1-majority,RegisterDocument,1802,2392.34
o2p1-majority,RegisterDocument,1803,2392.68
o2p1-majority,RegisterDocument,1804,2393.09
o2p1-majority,RegisterDocument,1805,2393.33
o2p1-majority,RegisterDocument,1806,2393.51
o2p1-majority,RegisterDocument,1807,2393.91
o2p1-majority,RegisterDocument,1808,2394.05
o2p1-majority,RegisterDocument,1809,2394.30
o2p1-majority,RegisterDocument,1810,2394.64
o2p1-majority,RegisterDocument,1811,2394.74
o2p1-majority,RegisterDocument,1812,2394.81
o2p1-majority,RegisterDocument,1813,2395.22
o2p1-majority,RegisterDocument,1814,2395.23
o2p1-majority,RegisterDocument,1815,2395.23
o2p1-majority,RegisterDocument,1816,2395.35
o2p1-majority,RegisterDocument,1817,2395.43
o2p1-majority,RegisterDocument,1818,2395.59
o2p1-majority,RegisterDocument,1819,2396.55
o2p1-majority,RegisterDocument,1820,2396.60
o2p1-majority,RegisterDocument,1821,2397.41
o2p1-majority,RegisterDocument,1822,2397.50
o2p1-majority,RegisterDocument,1823,2397.57
o2p1-majority,RegisterDocument,1824,2397.63
o2p1-majority,RegisterDocument,1825,2398.25
o2p1-majority,RegisterDocument,1826,2398.37
o2p1-majority,RegisterDocument,1827,2398.40
o2p1-majority,RegisterDocument,1828,2398.88
o2p1-majority,RegisterDocument,1829,2399.07
o2p1-majority,RegisterDocument,1830,2399.35
o2p1-majority,RegisterDocument,1831,2399.47
o2p1-majority,RegisterDocument,1832,2399.62
o2p1-majority,RegisterDocument,1833,2399.72
o2p1-majority,RegisterDocument,1834,2400.03
o2p1-majority,RegisterDocument,1835,2400.06
o2p1-majority,RegisterDocument,1836,2400.31
o2p1-majority,RegisterDocument,1837,2400.40
o2p1-majority,RegisterDocument,1838,2400.67
o2p1-majority,RegisterDocument,1839,2400.67
o2p1-majority,RegisterDocument,1840,2400.74
o2p1-majority,RegisterDocument,1841,2401.02
o2p1-majority,RegisterDocument,1842,2401.16
o2p1-majority,RegisterDocument,1843,2401.22
o2p1-majority,RegisterDocument,1844,2401.47
o2p1-majority,RegisterDocument,1845,2401.61
o2p1-majority,RegisterDocument,1846,2401.64
o2p1-majority,RegisterDocument,1847,2401.71
o2p1-majority,RegisterDocument,1848,2401.90
o2p1-majority,RegisterDocument,1849,2402.58
o2p1-majority,RegisterDocument,1850,2402.86
o2p1-majority,RegisterDocument,1851,2402.98
o2p1-majority,RegisterDocument,1852,2403.00
o2p1-majority,RegisterDocument,1853,2403.18
o2p1-majority,RegisterDocument,1854,2403.33
o2p1-majority,RegisterDocument,1855,2403.34
o2p1-majority,RegisterDocument,1856,2404.07
o2p1-majority,RegisterDocument,1857,2404.39
o2p1-majority,RegisterDocument,1858,2404.42
o2p1-majority,RegisterDocument,1859,2404.63
o2p1-majority,RegisterDocument,1860,2405.16
o2p1-majority,RegisterDocument,1861,2405.43
o2p1-majority,RegisterDocument,1862,2405.80
o2p1-majority,RegisterDocument,1863,2405.94
o2p1-majority,RegisterDocument,1864,2406.89
o2p1-majority,RegisterDocument,1865,2407.11
o2p1-majority,RegisterDocument,1866,2407.21
o2p1-majority,RegisterDocument,1867,2407.71
o2p1-majority,RegisterDocument,1868,2407.71
o2p1-majority,RegisterDocument,1869,2407.73
o2p1-majority,RegisterDocument,1870,2408.45
o2p1-majority,RegisterDocument,1871,2408.57
o2p1-majority,RegisterDocument,1872,2409.82
o2p1-majority,RegisterDocument,1873,2409.89
o2p1-majority,RegisterDocument,1874,2410.08
o2p1-majority,RegisterDocument,1875,2410.40
o2p1-majority,RegisterDocument,1876,2410.53
o2p1-majority,RegisterDocument,1877,2410.80
o2p1-majority,RegisterDocument,1878,2410.80
o2p1-majority,RegisterDocument,1879,2411.18
o2p1-majority,RegisterDocument,1880,2411.24
o2p1-majority,RegisterDocument,1881,2411.25
o2p1-majority,RegisterDocument,1882,2411.81
o2p1-majority,RegisterDocument,1883,2412.37
o2p1-majority,RegisterDocument,1884,2412.65
o2p1-majority,RegisterDocument,1885,2412.99
o2p1-majority,RegisterDocument,1886,2413.03
o2p1-majority,RegisterDocument,1887,2413.25
o2p1-majority,RegisterDocument,1888,2413.77
o2p1-majority,RegisterDocument,1889,2413.89
o2p1-majority,RegisterDocument,1890,2414.34
o2p1-majority,RegisterDocument,1891,2415.04
o2p1-majority,RegisterDocument,1892,2415.44
o2p1-majority,RegisterDocument,1893,2415.97
o2p1-majority,RegisterDocument,1894,2416.23
o2p1-majority,RegisterDocument,1895,2416.89
o2p1-majority,RegisterDocument,1896,2416.97
o2p1-majority,RegisterDocument,1897,2417.27
o2p1-majority,RegisterDocument,1898,2418.60
o2p1-majority,RegisterDocument,1899,2418.81
o2p1-majority,RegisterDocument,1900,2419.55
o2p1-majority,RegisterDocument,1901,2419.88
o2p1-majority,RegisterDocument,1902,2419.92
o2p1-majority,RegisterDocument,1903,2420.46
o2p1-majority,RegisterDocument,1904,2420.64
o2p1-majority,RegisterDocument,1905,2420.70
o2p1-majority,RegisterDocument,1906,2421.03
o2p1-majority,RegisterDocument,1907,2421.08
o2p1-majority,RegisterDocument,1908,2422.01
o2p1-majority,RegisterDocument,1909,2422.26
o2p1-majority,RegisterDocument,1910,2422.44
o2p1-majority,RegisterDocument,1911,2422.60
o2p1-majority,RegisterDocument,1912,2423.25
o2p1-majority,RegisterDocument,1913,2423.88
o2p1-majority,RegisterDocument,1914,2424.24
o2p1-majority,RegisterDocument,1915,2424.83
o2p1-majority,RegisterDocument,1916,2424.96
o2p1-majority,RegisterDocument,1917,2425.37
o2p1-majority,RegisterDocument,1918,2425.67
o2p1-majority,RegisterDocument,1919,2425.71
o2p1-majority,RegisterDocument,1920,2426.86
o2p1-majority,RegisterDocument,1921,2427.12
o2p1-majority,RegisterDocument,1922,2427.55
o2p1-majority,RegisterDocument,1923,2427.80
o2p1-majority,RegisterDocument,1924,2428.02
o2p1-majority,RegisterDocument,1925,2429.65
o2p1-majority,RegisterDocument,1926,2430.21
o2p1-majority,RegisterDocument,1927,2430.29
o2p1-majority,RegisterDocument,1928,2430.41
o2p1-majority,RegisterDocument,1929,2430.71
o2p1-majority,RegisterDocument,1930,2431.82
o2p1-majority,RegisterDocument,1931,2432.59
o2p1-majority,RegisterDocument,1932,2433.44
o2p1-majority,RegisterDocument,1933,2434.27
o2p1-majority,RegisterDocument,1934,2434.66
o2p1-majority,RegisterDocument,1935,2434.69
o2p1-majority,RegisterDocument,1936,2434.72
o2p1-majority,RegisterDocument,1937,2434.99
o2p1-majority,RegisterDocument,1938,2435.24
o2p1-majority,RegisterDocument,1939,2435.82
o2p1-majority,RegisterDocument,1940,2436.17
o2p1-majority,RegisterDocument,1941,2436.70
o2p1-majority,RegisterDocument,1942,2437.22
o2p1-majority,RegisterDocument,1943,2437.26
o2p1-majority,RegisterDocument,1944,2437.37
o2p1-majority,RegisterDocument,1945,2438.69
o2p1-majority,RegisterDocument,1946,2439.69
o2p1-majority,RegisterDocument,1947,2439.91
o2p1-majority,RegisterDocument,1948,2440.13
o2p1-majority,RegisterDocument,1949,2440.81
o2p1-majority,RegisterDocument,1950,2440.92
o2p1-majority,RegisterDocument,1951,2443.39
o2p1-majority,RegisterDocument,1952,2443.42
o2p1-majority,RegisterDocument,1953,2443.54
o2p1-majority,RegisterDocument,1954,2444.03
o2p1-majority,RegisterDocument,1955,2446.02
o2p1-majority,RegisterDocument,1956,2446.17
o2p1-majority,RegisterDocument,1957,2447.36
o2p1-majority,RegisterDocument,1958,2447.50
o2p1-majority,RegisterDocument,1959,2448.46
o2p1-majority,RegisterDocument,1960,2449.07
o2p1-majority,RegisterDocument,1961,2449.29
o2p1-majority,RegisterDocument,1962,2449.63
o2p1-majority,RegisterDocument,1963,2449.64
o2p1-majority,RegisterDocument,1964,2450.01
o2p1-majority,RegisterDocument,1965,2450.20
o2p1-majority,RegisterDocument,1966,2450.75
o2p1-majority,RegisterDocument,1967,2453.07
o2p1-majority,RegisterDocument,1968,2455.97
o2p1-majority,RegisterDocument,1969,2457.42
o2p1-majority,RegisterDocument,1970,2459.07
o2p1-majority,RegisterDocument,1971,2459.26
o2p1-majority,RegisterDocument,1972,2459.63
o2p1-majority,RegisterDocument,1973,2460.38
o2p1-majority,RegisterDocument,1974,2460.62
o2p1-majority,RegisterDocument,1975,2461.90
o2p1-majority,RegisterDocument,1976,2462.87
o2p1-majority,RegisterDocument,1977,2462.98
o2p1-majority,RegisterDocument,1978,2466.76
o2p1-majority,RegisterDocument,1979,2468.40
o2p1-majority,RegisterDocument,1980,2468.49
o2p1-majority,RegisterDocument,1981,2470.33
o2p1-majority,RegisterDocument,1982,2473.51
o2p1-majority,RegisterDocument,1983,2474.14
o2p1-majority,RegisterDocument,1984,2477.76
o2p1-majority,RegisterDocument,1985,2477.95
o2p1-majority,RegisterDocument,1986,2486.27
o2p1-majority,RegisterDocument,1987,2486.75
o2p1-majority,RegisterDocument,1988,2490.31
o2p1-majority,RegisterDocument,1989,2490.81
o2p1-majority,RegisterDocument,1990,2492.68
o2p1-majority,RegisterDocument,1991,2497.10
o2p1-majority,RegisterDocument,1992,2500.63
o2p1-majority,RegisterDocument,1993,2501.27
o2p1-majority,RegisterDocument,1994,2502.31
o2p1-majority,RegisterDocument,1995,2502.47
o2p1-majority,RegisterDocument,1996,2504.17
o2p1-majority,RegisterDocument,1997,2507.37
o2p1-majority,RegisterDocument,1998,2517.88
o2p1-majority,RegisterDocument,1999,2607.56
o2p1-majority,CheckAccess,0,4.51
o2p1-majority,CheckAccess,1,4.70
o2p1-majority,CheckAccess,2,3.99
o2p1-majority,CheckAccess,3,5.69
o2p1-majority,CheckAccess,4,4.86
o2p1-majority,CheckAccess,5,3.06
o2p1-majority,CheckAccess,6,3.75
o2p1-majority,CheckAccess,7,4.41
o2p1-majority,CheckAccess,8,3.45
o2p1-majority,CheckAccess,9,4.12
o2p1-majority,CheckAccess,10,2.69
o2p1-majority,CheckAccess,11,3.53
o2p1-majority,CheckAccess,12,4.69
o2p1-majority,CheckAccess,13,4.11
o2p1-majority,CheckAccess,14,5.27
o2p1-majority,CheckAccess,15,3.15
o2p1-majority,CheckAccess,16,4.31
o2p1-majority,CheckAccess,17,3.41
o2p1-majority,CheckAccess,18,2.86
o2p1-majority,CheckAccess,19,3.45
o2p1-majority,CheckAccess,20,5.13
o2p1-majority,CheckAccess,21,2.76
o2p1-majority,CheckAccess,22,3.30
o2p1-majority,CheckAccess,23,5.97
o2p1-majority,CheckAccess,24,5.08
o2p1-majority,CheckAccess,25,4.55
o2p1-majority,CheckAccess,26,5.88
o2p1-majority,CheckAccess,27,5.11
o2p1-majority,CheckAccess,28,5.11
o2p1-majority,CheckAccess,29,6.09
o2p1-majority,CheckAccess,30,4.81
o2p1-majority,CheckAccess,31,5.35
o2p1-majority,CheckAccess,32,5.92
o2p1-majority,CheckAccess,33,5.83
o2p1-majority,CheckAccess,34,5.94
o2p1-majority,CheckAccess,35,5.89
o2p1-majority,CheckAccess,36,4.21
o2p1-majority,CheckAccess,37,4.07
o2p1-majority,CheckAccess,38,5.84
o2p1-majority,CheckAccess,39,6.11
o2p1-majority,CheckAccess,40,4.90
o2p1-majority,CheckAccess,41,4.53
o2p1-majority,CheckAccess,42,6.40
o2p1-majority,CheckAccess,43,4.46
o2p1-majority,CheckAccess,44,5.80
o2p1-majority,CheckAccess,45,5.69
o2p1-majority,CheckAccess,46,4.46
o2p1-majority,CheckAccess,47,6.17
o2p1-majority,CheckAccess,48,5.01
o2p1-majority,CheckAccess,49,3.40
o2p1-majority,CheckAccess,50,3.99
o2p1-majority,CheckAccess,51,6.02
o2p1-majority,CheckAccess,52,3.11
o2p1-majority,CheckAccess,53,3.63
o2p1-majority,CheckAccess,54,4.29
o2p1-majority,CheckAccess,55,6.01
o2p1-majority,CheckAccess,56,5.67
o2p1-majority,CheckAccess,57,3.83
o2p1-majority,CheckAccess,58,5.76
o2p1-majority,CheckAccess,59,5.74
o2p1-majority,CheckAccess,60,5.58
o2p1-majority,CheckAccess,61,7.29
o2p1-majority,CheckAccess,62,4.33
o2p1-majority,CheckAccess,63,4.59
o2p1-majority,CheckAccess,64,2.84
o2p1-majority,CheckAccess,65,3.94
o2p1-majority,CheckAccess,66,3.52
o2p1-majority,CheckAccess,67,6.01
o2p1-majority,CheckAccess,68,5.58
o2p1-majority,CheckAccess,69,3.70
o2p1-majority,CheckAccess,70,5.97
o2p1-majority,CheckAccess,71,6.03
o2p1-majority,CheckAccess,72,6.22
o2p1-majority,CheckAccess,73,4.12
o2p1-majority,CheckAccess,74,6.65
o2p1-majority,CheckAccess,75,5.58
o2p1-majority,CheckAccess,76,4.02
o2p1-majority,CheckAccess,77,5.38
o2p1-majority,CheckAccess,78,3.64
o2p1-majority,CheckAccess,79,5.55
o2p1-majority,CheckAccess,80,5.77
o2p1-majority,CheckAccess,81,3.57
o2p1-majority,CheckAccess,82,4.46
o2p1-majority,CheckAccess,83,3.65
o2p1-majority,CheckAccess,84,6.39
o2p1-majority,CheckAccess,85,5.59
o2p1-majority,CheckAccess,86,4.28
o2p1-majority,CheckAccess,87,5.13
o2p1-majority,CheckAccess,88,4.00
o2p1-majority,CheckAccess,89,5.40
o2p1-majority,CheckAccess,90,4.86
o2p1-majority,CheckAccess,91,6.08
o2p1-majority,CheckAccess,92,4.42
o2p1-majority,CheckAccess,93,3.53
o2p1-majority,CheckAccess,94,5.39
o2p1-majority,CheckAccess,95,3.44
o2p1-majority,CheckAccess,96,4.69
o2p1-majority,CheckAccess,97,4.51
o2p1-majority,CheckAccess,98,3.81
o2p1-majority,CheckAccess,99,3.04
o3p1-single,RegisterDocument,0,2191.01
o3p1-single,RegisterDocument,1,2197.48
o3p1-single,RegisterDocument,2,2199.00
o3p1-single,RegisterDocument,3,2207.59
o3p1-single,RegisterDocument,4,2207.75
o3p1-single,RegisterDocument,5,2207.84
o3p1-single,RegisterDocument,6,2207.86
o3p1-single,RegisterDocument,7,2208.99
o3p1-single,RegisterDocument,8,2209.55
o3p1-single,RegisterDocument,9,2210.04
o3p1-single,RegisterDocument,10,2211.73
o3p1-single,RegisterDocument,11,2211.79
o3p1-single,RegisterDocument,12,2211.88
o3p1-single,RegisterDocument,13,2212.84
o3p1-single,RegisterDocument,14,2213.69
o3p1-single,RegisterDocument,15,2214.52
o3p1-single,RegisterDocument,16,2214.99
o3p1-single,RegisterDocument,17,2216.16
o3p1-single,RegisterDocument,18,2216.26
o3p1-single,RegisterDocument,19,2216.48
o3p1-single,RegisterDocument,20,2216.66
o3p1-single,RegisterDocument,21,2217.32
o3p1-single,RegisterDocument,22,2217.43
o3p1-single,RegisterDocument,23,2217.62
o3p1-single,RegisterDocument,24,2219.41
o3p1-single,RegisterDocument,25,2219.51
o3p1-single,RegisterDocument,26,2219.77
o3p1-single,RegisterDocument,27,2220.58
o3p1-single,RegisterDocument,28,2220.60
o3p1-single,RegisterDocument,29,2220.91
o3p1-single,RegisterDocument,30,2221.85
o3p1-single,RegisterDocument,31,2222.44
o3p1-single,RegisterDocument,32,2222.86
o3p1-single,RegisterDocument,33,2223.34
o3p1-single,RegisterDocument,34,2223.36
o3p1-single,RegisterDocument,35,2223.54
o3p1-single,RegisterDocument,36,2225.02
o3p1-single,RegisterDocument,37,2225.07
o3p1-single,RegisterDocument,38,2225.25
o3p1-single,RegisterDocument,39,2225.52
o3p1-single,RegisterDocument,40,2226.06
o3p1-single,RegisterDocument,41,2226.54
o3p1-single,RegisterDocument,42,2226.63
o3p1-single,RegisterDocument,43,2227.56
o3p1-single,RegisterDocument,44,2228.14
o3p1-single,RegisterDocument,45,2228.27
o3p1-single,RegisterDocument,46,2228.57
o3p1-single,RegisterDocument,47,2228.80
o3p1-single,RegisterDocument,48,2229.47
o3p1-single,RegisterDocument,49,2229.64
o3p1-single,RegisterDocument,50,2229.94
o3p1-single,RegisterDocument,51,2230.75
o3p1-single,RegisterDocument,52,2231.15
o3p1-single,RegisterDocument,53,2231.18
o3p1-single,RegisterDocument,54,2231.70
o3p1-single,RegisterDocument,55,2232.00
o3p1-single,RegisterDocument,56,2232.03
o3p1-single,RegisterDocument,57,2232.51
o3p1-single,RegisterDocument,58,2233.13
o3p1-single,RegisterDocument,59,2233.27
o3p1-single,RegisterDocument,60,2233.34
o3p1-single,RegisterDocument,61,2233.77
o3p1-single,RegisterDocument,62,2233.90
o3p1-single,RegisterDocument,63,2234.08
o3p1-single,RegisterDocument,64,2234.38
o3p1-single,RegisterDocument,65,2234.54
o3p1-single,RegisterDocument,66,2235.25
o3p1-single,RegisterDocument,67,2235.50
o3p1-single,RegisterDocument,68,2235.79
o3p1-single,RegisterDocument,69,2235.87
o3p1-single,RegisterDocument,70,2235.94
o3p1-single,RegisterDocument,71,2236.06
o3p1-single,RegisterDocument,72,2236.24
o3p1-single,RegisterDocument,73,2236.52
o3p1-single,RegisterDocument,74,2236.60
o3p1-single,RegisterDocument,75,2236.72
o3p1-single,RegisterDocument,76,2237.48
o3p1-single,RegisterDocument,77,2237.57
o3p1-single,RegisterDocument,78,2237.88
o3p1-single,RegisterDocument,79,2237.95
o3p1-single,RegisterDocument,80,2238.75
o3p1-single,RegisterDocument,81,2239.02
o3p1-single,RegisterDocument,82,2239.09
o3p1-single,RegisterDocument,83,2239.27
o3p1-single,RegisterDocument,84,2239.50
o3p1-single,RegisterDocument,85,2239.79
o3p1-single,RegisterDocument,86,2239.83
o3p1-single,RegisterDocument,87,2239.88
o3p1-single,RegisterDocument,88,2240.02
o3p1-single,RegisterDocument,89,2240.03
o3p1-single,RegisterDocument,90,2240.57
o3p1-single,RegisterDocument,91,2240.73
o3p1-single,RegisterDocument,92,2240.85
o3p1-single,RegisterDocument,93,2240.89
o3p1-single,RegisterDocument,94,2240.92
o3p1-single,RegisterDocument,95,2241.27
o3p1-single,RegisterDocument,96,2241.60
o3p1-single,RegisterDocument,97,2241.74
o3p1-single,RegisterDocument,98,2242.38
o3p1-single,RegisterDocument,99,2242.74
o3p1-single,RegisterDocument,100,2242.82
o3p1-single,RegisterDocument,101,2242.96
o3p1-single,RegisterDocument,102,2243.01
o3p1-single,RegisterDocument,103,2243.02
o3p1-single,RegisterDocument,104,2243.41
o3p1-single,RegisterDocument,105,2243.66
o3p1-single,RegisterDocument,106,2243.77
o3p1-single,RegisterDocument,107,2243.93
o3p1-single,RegisterDocument,108,2244.12
o3p1-single,RegisterDocument,109,2244.52
o3p1-single,RegisterDocument,110,2244.82
o3p1-single,RegisterDocument,111,2245.27
o3p1-single,RegisterDocument,112,2245.35
o3p1-single,RegisterDocument,113,2245.49
o3p1-single,RegisterDocument,114,2245.55
o3p1-single,RegisterDocument,115,2245.72
o3p1-single,RegisterDocument,116,2245.89
o3p1-single,RegisterDocument,117,2246.01
o3p1-single,RegisterDocument,118,2246.13
o3p1-single,RegisterDocument,119,2246.18
o3p1-single,RegisterDocument,120,2246.44
o3p1-single,RegisterDocument,121,2246.59
o3p1-single,RegisterDocument,122,2246.68
o3p1-single,RegisterDocument,123,2247.00
o3p1-single,RegisterDocument,124,2247.03
o3p1-single,RegisterDocument,125,2247.14
o3p1-single,RegisterDocument,126,2247.14
o3p1-single,RegisterDocument,127,2247.31
o3p1-single,RegisterDocument,128,2247.40
o3p1-single,RegisterDocument,129,2247.52
o3p1-single,RegisterDocument,130,2247.65
o3p1-single,RegisterDocument,131,2247.66
o3p1-single,RegisterDocument,132,2248.03
o3p1-single,RegisterDocument,133,2248.32
o3p1-single,RegisterDocument,134,2248.66
o3p1-single,RegisterDocument,135,2248.72
o3p1-single,RegisterDocument,136,2248.74
o3p1-single,RegisterDocument,137,2248.91
o3p1-single,RegisterDocument,138,2248.97
o3p1-single,RegisterDocument,139,2248.99
o3p1-single,RegisterDocument,140,2249.05
o3p1-single,RegisterDocument,141,2249.06
o3p1-single,RegisterDocument,142,2249.34
o3p1-single,RegisterDocument,143,2250.46
o3p1-single,RegisterDocument,144,2250.76
o3p1-single,RegisterDocument,145,2250.90
o3p1-single,RegisterDocument,146,2251.07
o3p1-single,RegisterDocument,147,2251.20
o3p1-single,RegisterDocument,148,2251.37
o3p1-single,RegisterDocument,149,2251.46
o3p1-single,RegisterDocument,150,2251.58
o3p1-single,RegisterDocument,151,2251.59
o3p1-single,RegisterDocument,152,2251.60
o3p1-single,RegisterDocument,153,2251.62
o3p1-single,RegisterDocument,154,2251.92
o3p1-single,RegisterDocument,155,2251.92
o3p1-single,RegisterDocument,156,2252.02
o3p1-single,RegisterDocument,157,2252.05
o3p1-single,RegisterDocument,158,2252.07
o3p1-single,RegisterDocument,159,2252.08
o3p1-single,RegisterDocument,160,2252.13
o3p1-single,RegisterDocument,161,2252.32
o3p1-single,RegisterDocument,162,2252.51
o3p1-single,RegisterDocument,163,2252.53
o3p1-single,RegisterDocument,164,2252.77
o3p1-single,RegisterDocument,165,2253.01
o3p1-single,RegisterDocument,166,2253.13
o3p1-single,RegisterDocument,167,2253.17
o3p1-single,RegisterDocument,168,2253.32
o3p1-single,RegisterDocument,169,2253.58
o3p1-single,RegisterDocument,170,2253.94
o3p1-single,RegisterDocument,171,2253.96
o3p1-single,RegisterDocument,172,2254.35
o3p1-single,RegisterDocument,173,2254.79
o3p1-single,RegisterDocument,174,2254.87
o3p1-single,RegisterDocument,175,2255.14
o3p1-single,RegisterDocument,176,2255.33
o3p1-single,RegisterDocument,177,2255.41
o3p1-single,RegisterDocument,178,2255.46
o3p1-single,RegisterDocument,179,2255.53
o3p1-single,RegisterDocument,180,2255.58
o3p1-single,RegisterDocument,181,2255.67
o3p1-single,RegisterDocument,182,2255.77
o3p1-single,RegisterDocument,183,2255.90
o3p1-single,RegisterDocument,184,2255.93
o3p1-single,RegisterDocument,185,2255.95
o3p1-single,RegisterDocument,186,2256.38
o3p1-single,RegisterDocument,187,2256.66
o3p1-single,RegisterDocument,188,2256.74
o3p1-single,RegisterDocument,189,2256.91
o3p1-single,RegisterDocument,190,2256.95
o3p1-single,RegisterDocument,191,2256.98
o3p1-single,RegisterDocument,192,2257.03
o3p1-single,RegisterDocument,193,2257.28
o3p1-single,RegisterDocument,194,2257.30
o3p1-single,RegisterDocument,195,2257.39
o3p1-single,RegisterDocument,196,2257.46
o3p1-single,RegisterDocument,197,2257.60
o3p1-single,RegisterDocument,198,2257.67
o3p1-single,RegisterDocument,199,2257.75
o3p1-single,RegisterDocument,200,2257.83
o3p1-single,RegisterDocument,201,2258.02
o3p1-single,RegisterDocument,202,2258.03
o3p1-single,RegisterDocument,203,2258.11
o3p1-single,RegisterDocument,204,2258.27
o3p1-single,RegisterDocument,205,2258.47
o3p1-single,RegisterDocument,206,2258.49
o3p1-single,RegisterDocument,207,2258.77
o3p1-single,RegisterDocument,208,2258.81
o3p1-single,RegisterDocument,209,2258.84
o3p1-single,RegisterDocument,210,2259.24
o3p1-single,RegisterDocument,211,2259.42
o3p1-single,RegisterDocument,212,2259.44
o3p1-single,RegisterDocument,213,2260.08
o3p1-single,RegisterDocument,214,2260.12
o3p1-single,RegisterDocument,215,2260.80
o3p1-single,RegisterDocument,216,2260.98
o3p1-single,RegisterDocument,217,2261.38
o3p1-single,RegisterDocument,218,2261.55
o3p1-single,RegisterDocument,219,2261.73
o3p1-single,RegisterDocument,220,2261.73
o3p1-single,RegisterDocument,221,2261.83
o3p1-single,RegisterDocument,222,2262.02
o3p1-single,RegisterDocument,223,2262.18
o3p1-single,RegisterDocument,224,2262.48
o3p1-single,RegisterDocument,225,2262.55
o3p1-single,RegisterDocument,226,2262.58
o3p1-single,RegisterDocument,227,2262.59
o3p1-single,RegisterDocument,228,2262.60
o3p1-single,RegisterDocument,229,2262.67
o3p1-single,RegisterDocument,230,2262.76
o3p1-single,RegisterDocument,231,2262.78
o3p1-single,RegisterDocument,232,2262.94
o3p1-single,RegisterDocument,233,2263.24
o3p1-single,RegisterDocument,234,2263.46
o3p1-single,RegisterDocument,235,2263.66
o3p1-single,RegisterDocument,236,2263.77
o3p1-single,RegisterDocument,237,2263.87
o3p1-single,RegisterDocument,238,2263.87
o3p1-single,RegisterDocument,239,2263.93
o3p1-single,RegisterDocument,240,2264.00
o3p1-single,RegisterDocument,241,2264.00
o3p1-single,RegisterDocument,242,2264.24
o3p1-single,RegisterDocument,243,2264.28
o3p1-single,RegisterDocument,244,2264.38
o3p1-single,RegisterDocument,245,2264.39
o3p1-single,RegisterDocument,246,2264.52
o3p1-single,RegisterDocument,247,2264.77
o3p1-single,RegisterDocument,248,2264.78
o3p1-single,RegisterDocument,249,2264.87
o3p1-single,RegisterDocument,250,2264.88
o3p1-single,RegisterDocument,251,2264.95
o3p1-single,RegisterDocument,252,2265.00
o3p1-single,RegisterDocument,253,2265.08
o3p1-single,RegisterDocument,254,2265.14
o3p1-single,RegisterDocument,255,2265.18
o3p1-single,RegisterDocument,256,2265.40
o3p1-single,RegisterDocument,257,2265.46
o3p1-single,RegisterDocument,258,2265.58
o3p1-single,RegisterDocument,259,2265.85
o3p1-single,RegisterDocument,260,2265.97
o3p1-single,RegisterDocument,261,2266.00
o3p1-single,RegisterDocument,262,2266.05
o3p1-single,RegisterDocument,263,2266.06
o3p1-single,RegisterDocument,264,2266.07
o3p1-single,RegisterDocument,265,2266.66
o3p1-single,RegisterDocument,266,2266.74
o3p1-single,RegisterDocument,267,2266.84
o3p1-single,RegisterDocument,268,2266.88
o3p1-single,RegisterDocument,269,2266.88
o3p1-single,RegisterDocument,270,2266.98
o3p1-single,RegisterDocument,271,2267.05
o3p1-single,RegisterDocument,272,2267.13
o3p1-single,RegisterDocument,273,2267.57
o3p1-single,RegisterDocument,274,2267.79
o3p1-single,RegisterDocument,275,2267.89
o3p1-single,RegisterDocument,276,2268.19
o3p1-single,RegisterDocument,277,2268.25
o3p1-single,RegisterDocument,278,2268.29
o3p1-single,RegisterDocument,279,2268.41
o3p1-single,RegisterDocument,280,2268.59
o3p1-single,RegisterDocument,281,2268.64
o3p1-single,RegisterDocument,282,2268.73
o3p1-single,RegisterDocument,283,2268.91
o3p1-single,RegisterDocument,284,2268.96
o3p1-single,RegisterDocument,285,2268.99
o3p1-single,RegisterDocument,286,2269.53
o3p1-single,RegisterDocument,287,2269.65
o3p1-single,RegisterDocument,288,2270.14
o3p1-single,RegisterDocument,289,2270.19
o3p1-single,RegisterDocument,290,2270.24
o3p1-single,RegisterDocument,291,2270.33
o3p1-single,RegisterDocument,292,2270.42
o3p1-single,RegisterDocument,293,2270.54
o3p1-single,RegisterDocument,294,2270.85
o3p1-single,RegisterDocument,295,2270.91
o3p1-single,RegisterDocument,296,2271.11
o3p1-single,RegisterDocument,297,2271.35
o3p1-single,RegisterDocument,298,2271.45
o3p1-single,RegisterDocument,299,2271.75
o3p1-single,RegisterDocument,300,2271.87
o3p1-single,RegisterDocument,301,2271.88
o3p1-single,RegisterDocument,302,2272.01
o3p1-single,RegisterDocument,303,2272.07
o3p1-single,RegisterDocument,304,2272.17
o3p1-single,RegisterDocument,305,2272.19
o3p1-single,RegisterDocument,306,2272.19
o3p1-single,RegisterDocument,307,2272.21
o3p1-single,RegisterDocument,308,2272.21
o3p1-single,RegisterDocument,309,2272.25
o3p1-single,RegisterDocument,310,2272.60
o3p1-single,RegisterDocument,311,2272.66
o3p1-single,RegisterDocument,312,2272.81
o3p1-single,RegisterDocument,313,2272.97
o3p1-single,RegisterDocument,314,2273.04
o3p1-single,RegisterDocument,315,2273.05
o3p1-single,RegisterDocument,316,2273.20
o3p1-single,RegisterDocument,317,2273.26
o3p1-single,RegisterDocument,318,2273.35
o3p1-single,RegisterDocument,319,2273.55
o3p1-single,RegisterDocument,320,2273.88
o3p1-single,RegisterDocument,321,2273.92
o3p1-single,RegisterDocument,322,2273.94
o3p1-single,RegisterDocument,323,2274.03
o3p1-single,RegisterDocument,324,2274.03
o3p1-single,RegisterDocument,325,2274.05
o3p1-single,RegisterDocument,326,2274.21
o3p1-single,RegisterDocument,327,2274.24
o3p1-single,RegisterDocument,328,2274.37
o3p1-single,RegisterDocument,329,2274.57
o3p1-single,RegisterDocument,330,2274.66
o3p1-single,RegisterDocument,331,2274.79
o3p1-single,RegisterDocument,332,2274.80
o3p1-single,RegisterDocument,333,2274.81
o3p1-single,RegisterDocument,334,2275.10
o3p1-single,RegisterDocument,335,2275.11
o3p1-single,RegisterDocument,336,2275.55
o3p1-single,RegisterDocument,337,2275.59
o3p1-single,RegisterDocument,338,2275.68
o3p1-single,RegisterDocument,339,2275.70
o3p1-single,RegisterDocument,340,2275.72
o3p1-single,RegisterDocument,341,2275.86
o3p1-single,RegisterDocument,342,2276.22
o3p1-single,RegisterDocument,343,2276.31
o3p1-single,RegisterDocument,344,2276.42
o3p1-single,RegisterDocument,345,2276.60
o3p1-single,RegisterDocument,346,2276.80
o3p1-single,RegisterDocument,347,2276.91
o3p1-single,RegisterDocument,348,2277.07
o3p1-single,RegisterDocument,349,2277.10
o3p1-single,RegisterDocument,350,2277.13
o3p1-single,RegisterDocument,351,2277.26
o3p1-single,RegisterDocument,352,2277.26
o3p1-single,RegisterDocument,353,2277.34
o3p1-single,RegisterDocument,354,2277.35
o3p1-single,RegisterDocument,355,2277.61
o3p1-single,RegisterDocument,356,2277.74
o3p1-single,RegisterDocument,357,2277.87
o3p1-single,RegisterDocument,358,2277.92
o3p1-single,RegisterDocument,359,2277.97
o3p1-single,RegisterDocument,360,2277.99
o3p1-single,RegisterDocument,361,2278.13
o3p1-single,RegisterDocument,362,2278.15
o3p1-single,RegisterDocument,363,2278.26
o3p1-single,RegisterDocument,364,2278.49
o3p1-single,RegisterDocument,365,2278.49
o3p1-single,RegisterDocument,366,2278.65
o3p1-single,RegisterDocument,367,2278.69
o3p1-single,RegisterDocument,368,2278.77
o3p1-single,RegisterDocument,369,2278.80
o3p1-single,RegisterDocument,370,2278.87
o3p1-single,RegisterDocument,371,2279.01
o3p1-single,RegisterDocument,372,2279.03
o3p1-single,RegisterDocument,373,2279.05
o3p1-single,RegisterDocument,374,2279.08
o3p1-single,RegisterDocument,375,2279.13
o3p1-single,RegisterDocument,376,2279.15
o3p1-single,RegisterDocument,377,2279.15
o3p1-single,RegisterDocument,378,2279.37
o3p1-single,RegisterDocument,379,2279.45
o3p1-single,RegisterDocument,380,2279.50
o3p1-single,RegisterDocument,381,2279.56
o3p1-single,RegisterDocument,382,2279.66
o3p1-single,RegisterDocument,383,2279.77
o3p1-single,RegisterDocument,384,2279.88
o3p1-single,RegisterDocument,385,2280.02
o3p1-single,RegisterDocument,386,2280.04
o3p1-single,RegisterDocument,387,2280.18
o3p1-single,RegisterDocument,388,2280.20
o3p1-single,RegisterDocument,389,2280.27
o3p1-single,RegisterDocument,390,2280.41
o3p1-single,RegisterDocument,391,2280.49
o3p1-single,RegisterDocument,392,2280.54
o3p1-single,RegisterDocument,393,2280.76
o3p1-single,RegisterDocument,394,2280.83
o3p1-single,RegisterDocument,395,2280.92
o3p1-single,RegisterDocument,396,2280.99
o3p1-single,RegisterDocument,397,2281.12
o3p1-single,RegisterDocument,398,2281.33
o3p1-single,RegisterDocument,399,2281.48
o3p1-single,RegisterDocument,400,2281.52
o3p1-single,RegisterDocument,401,2281.67
o3p1-single,RegisterDocument,402,2281.81
o3p1-single,RegisterDocument,403,2281.98
o3p1-single,RegisterDocument,404,2282.20
o3p1-single,RegisterDocument,405,2282.20
o3p1-single,RegisterDocument,406,2282.26
o3p1-single,RegisterDocument,407,2282.33
o3p1-single,RegisterDocument,408,2282.35
o3p1-single,RegisterDocument,409,2282.43
o3p1-single,RegisterDocument,410,2282.68
o3p1-single,RegisterDocument,411,2282.74
o3p1-single,RegisterDocument,412,2282.76
o3p1-single,RegisterDocument,413,2282.77
o3p1-single,RegisterDocument,414,2282.97
o3p1-single,RegisterDocument,415,2283.03
o3p1-single,RegisterDocument,416,2283.10
o3p1-single,RegisterDocument,417,2283.16
o3p1-single,RegisterDocument,418,2283.31
o3p1-single,RegisterDocument,419,2283.47
o3p1-single,RegisterDocument,420,2283.50
o3p1-single,RegisterDocument,421,2283.63
o3p1-single,RegisterDocument,422,2283.67
o3p1-single,RegisterDocument,423,2283.77
o3p1-single,RegisterDocument,424,2283.94
o3p1-single,RegisterDocument,425,2284.13
o3p1-single,RegisterDocument,426,2284.22
o3p1-single,RegisterDocument,427,2284.23
o3p1-single,RegisterDocument,428,2284.42
o3p1-single,RegisterDocument,429,2284.52
o3p1-single,RegisterDocument,430,2284.55
o3p1-single,RegisterDocument,431,2284.90
o3p1-single,RegisterDocument,432,2284.95
o3p1-single,RegisterDocument,433,2285.03
o3p1-single,RegisterDocument,434,2285.06
o3p1-single,RegisterDocument,435,2285.20
o3p1-single,RegisterDocument,436,2285.21
o3p1-single,RegisterDocument,437,2285.31
o3p1-single,RegisterDocument,438,2285.35
o3p1-single,RegisterDocument,439,2285.38
o3p1-single,RegisterDocument,440,2285.58
o3p1-single,RegisterDocument,441,2285.63
o3p1-single,RegisterDocument,442,2285.71
o3p1-single,RegisterDocument,443,2285.92
o3p1-single,RegisterDocument,444,2286.09
o3p1-single,RegisterDocument,445,2286.24
o3p1-single,RegisterDocument,446,2286.44
o3p1-single,RegisterDocument,447,2286.44
o3p1-single,RegisterDocument,448,2286.50
o3p1-single,RegisterDocument,449,2286.50
o3p1-single,RegisterDocument,450,2286.51
o3p1-single,RegisterDocument,451,2286.59
o3p1-single,RegisterDocument,452,2286.78
o3p1-single,RegisterDocument,453,2286.92
o3p1-single,RegisterDocument,454,2286.97
o3p1-single,RegisterDocument,455,2287.09
o3p1-single,RegisterDocument,456,2287.19
o3p1-single,RegisterDocument,457,2287.21
o3p1-single,RegisterDocument,458,2287.23
o3p1-single,RegisterDocument,459,2287.42
o3p1-single,RegisterDocument,460,2287.46
o3p1-single,RegisterDocument,461,2287.49
o3p1-single,RegisterDocument,462,2287.51
o3p1-single,RegisterDocument,463,2287.57
o3p1-single,RegisterDocument,464,2287.68
o3p1-single,RegisterDocument,465,2287.69
o3p1-single,RegisterDocument,466,2287.78
o3p1-single,RegisterDocument,467,2287.82
o3p1-single,RegisterDocument,468,2287.82
o3p1-single,RegisterDocument,469,2287.83
o3p1-single,RegisterDocument,470,2287.86
o3p1-single,RegisterDocument,471,2287.89
o3p1-single,RegisterDocument,472,2287.92
o3p1-single,RegisterDocument,473,2287.96
o3p1-single,RegisterDocument,474,2287.99
o3p1-single,RegisterDocument,475,2288.04
o3p1-single,RegisterDocument,476,2288.11
o3p1-single,RegisterDocument,477,2288.14
o3p1-single,RegisterDocument,478,2288.15
o3p1-single,RegisterDocument,479,2288.24
o3p1-single,RegisterDocument,480,2288.39
o3p1-single,RegisterDocument,481,2288.41
o3p1-single,RegisterDocument,482,2288.45
o3p1-single,RegisterDocument,483,2288.46
o3p1-single,RegisterDocument,484,2288.46
o3p1-single,RegisterDocument,485,2288.64
o3p1-single,RegisterDocument,486,2288.69
o3p1-single,RegisterDocument,487,2288.69
o3p1-single,RegisterDocument,488,2288.73
o3p1-single,RegisterDocument,489,2288.73
o3p1-single,RegisterDocument,490,2288.81
o3p1-single,RegisterDocument,491,2288.84
o3p1-single,RegisterDocument,492,2288.94
o3p1-single,RegisterDocument,493,2288.98
o3p1-single,RegisterDocument,494,2289.23
o3p1-single,RegisterDocument,495,2289.37
o3p1-single,RegisterDocument,496,2289.38
o3p1-single,RegisterDocument,497,2289.43
o3p1-single,RegisterDocument,498,2289.49
o3p1-single,RegisterDocument,499,2289.49
o3p1-single,RegisterDocument,500,2289.49
o3p1-single,RegisterDocument,501,2289.54
o3p1-single,RegisterDocument,502,2289.54
o3p1-single,RegisterDocument,503,2289.70
o3p1-single,RegisterDocument,504,2289.73
o3p1-single,RegisterDocument,505,2289.76
o3p1-single,RegisterDocument,506,2289.77
o3p1-single,RegisterDocument,507,2289.78
o3p1-single,RegisterDocument,508,2289.80
o3p1-single,RegisterDocument,509,2289.80
o3p1-single,RegisterDocument,510,2289.84
o3p1-single,RegisterDocument,511,2289.91
o3p1-single,RegisterDocument,512,2290.12
o3p1-single,RegisterDocument,513,2290.21
o3p1-single,RegisterDocument,514,2290.25
o3p1-single,RegisterDocument,515,2290.35
o3p1-single,RegisterDocument,516,2290.61
o3p1-single,RegisterDocument,517,2290.75
o3p1-single,RegisterDocument,518,2290.98
o3p1-single,RegisterDocument,519,2291.07
o3p1-single,RegisterDocument,520,2291.11
o3p1-single,RegisterDocument,521,2291.20
o3p1-single,RegisterDocument,522,2291.28
o3p1-single,RegisterDocument,523,2291.55
o3p1-single,RegisterDocument,524,2291.61
o3p1-single,RegisterDocument,525,2291.63
o3p1-single,RegisterDocument,526,2291.96
o3p1-single,RegisterDocument,527,2292.05
o3p1-single,RegisterDocument,528,2292.45
o3p1-single,RegisterDocument,529,2292.56
o3p1-single,RegisterDocument,530,2292.61
o3p1-single,RegisterDocument,531,2292.63
o3p1-single,RegisterDocument,532,2292.77
o3p1-single,RegisterDocument,533,2292.83
o3p1-single,RegisterDocument,534,2292.84
o3p1-single,RegisterDocument,535,2292.88
o3p1-single,RegisterDocument,536,2292.96
o3p1-single,RegisterDocument,537,2292.97
o3p1-single,RegisterDocument,538,2292.98
o3p1-single,RegisterDocument,539,2293.18
o3p1-single,RegisterDocument,540,2293.25
o3p1-single,RegisterDocument,541,2293.31
o3p1-single,RegisterDocument,542,2293.35
o3p1-single,RegisterDocument,543,2293.38
o3p1-single,RegisterDocument,544,2293.41
o3p1-single,RegisterDocument,545,2293.43
o3p1-single,RegisterDocument,546,2293.46
o3p1-single,RegisterDocument,547,2293.53
o3p1-single,RegisterDocument,548,2293.53
o3p1-single,RegisterDocument,549,2293.69
o3p1-single,RegisterDocument,550,2293.91
o3p1-single,RegisterDocument,551,2293.93
o3p1-single,RegisterDocument,552,2294.17
o3p1-single,RegisterDocument,553,2294.18
o3p1-single,RegisterDocument,554,2294.23
o3p1-single,RegisterDocument,555,2294.23
o3p1-single,RegisterDocument,556,2294.24
o3p1-single,RegisterDocument,557,2294.28
o3p1-single,RegisterDocument,558,2294.33
o3p1-single,RegisterDocument,559,2294.45
o3p1-single,RegisterDocument,560,2294.46
o3p1-single,RegisterDocument,561,2294.59
o3p1-single,RegisterDocument,562,2294.65
o3p1-single,RegisterDocument,563,2294.70
o3p1-single,RegisterDocument,564,2294.72
o3p1-single,RegisterDocument,565,2294.93
o3p1-single,RegisterDocument,566,2295.15
o3p1-single,RegisterDocument,567,2295.19
o3p1-single,RegisterDocument,568,2295.29
o3p1-single,RegisterDocument,569,2295.29
o3p1-single,RegisterDocument,570,2295.33
o3p1-single,RegisterDocument,571,2295.38
o3p1-single,RegisterDocument,572,2295.59
o3p1-single,RegisterDocument,573,2295.77
o3p1-single,RegisterDocument,574,2295.77
o3p1-single,RegisterDocument,575,2295.93
o3p1-single,RegisterDocument,576,2295.98
o3p1-single,RegisterDocument,577,2295.98
o3p1-single,RegisterDocument,578,2296.03
o3p1-single,RegisterDocument,579,2296.07
o3p1-single,RegisterDocument,580,2296.16
o3p1-single,RegisterDocument,581,2296.18
o3p1-single,RegisterDocument,582,2296.23
o3p1-single,RegisterDocument,583,2296.25
o3p1-single,RegisterDocument,584,2296.34
o3p1-single,RegisterDocument,585,2296.36
o3p1-single,RegisterDocument,586,2296.38
o3p1-single,RegisterDocument,587,2296.48
o3p1-single,RegisterDocument,588,2296.56
o3p1-single,RegisterDocument,589,2296.56
o3p1-single,RegisterDocument,590,2296.60
o3p1-single,RegisterDocument,591,2296.71
o3p1-single,RegisterDocument,592,2296.94
o3p1-single,RegisterDocument,593,2296.95
o3p1-single,RegisterDocument,594,2296.96
o3p1-single,RegisterDocument,595,2296.98
o3p1-single,RegisterDocument,596,2297.06
o3p1-single,RegisterDocument,597,2297.07
o3p1-single,RegisterDocument,598,2297.27
o3p1-single,RegisterDocument,599,2297.39
o3p1-single,RegisterDocument,600,2297.42
o3p1-single,RegisterDocument,601,2297.54
o3p1-single,RegisterDocument,602,2297.55
o3p1-single,RegisterDocument,603,2297.59
o3p1-single,RegisterDocument,604,2297.67
o3p1-single,RegisterDocument,605,2297.74
o3p1-single,RegisterDocument,606,2297.90
o3p1-single,RegisterDocument,607,2298.12
o3p1-single,RegisterDocument,608,2298.37
o3p1-single,RegisterDocument,609,2298.45
o3p1-single,RegisterDocument,610,2298.57
o3p1-single,RegisterDocument,611,2298.57
o3p1-single,RegisterDocument,612,2298.71
o3p1-single,RegisterDocument,613,2298.74
o3p1-single,RegisterDocument,614,2298.76
o3p1-single,RegisterDocument,615,2298.84
o3p1-single,RegisterDocument,616,2298.84
o3p1-single,RegisterDocument,617,2298.85
o3p1-single,RegisterDocument,618,2298.86
o3p1-single,RegisterDocument,619,2298.89
o3p1-single,RegisterDocument,620,2298.94
o3p1-single,RegisterDocument,621,2298.95
o3p1-single,RegisterDocument,622,2299.15
o3p1-single,RegisterDocument,623,2299.23
o3p1-single,RegisterDocument,624,2299.23
o3p1-single,RegisterDocument,625,2299.65
o3p1-single,RegisterDocument,626,2299.69
o3p1-single,RegisterDocument,627,2299.80
o3p1-single,RegisterDocument,628,2299.83
o3p1-single,RegisterDocument,629,2299.92
o3p1-single,RegisterDocument,630,2299.98
o3p1-single,RegisterDocument,631,2300.43
o3p1-single,RegisterDocument,632,2300.44
o3p1-single,RegisterDocument,633,2300.47
o3p1-single,RegisterDocument,634,2300.49
o3p1-single,RegisterDocument,635,2300.58
o3p1-single,RegisterDocument,636,2300.73
o3p1-single,RegisterDocument,637,2300.73
o3p1-single,RegisterDocument,638,2300.75
o3p1-single,RegisterDocument,639,2300.86
o3p1-single,RegisterDocument,640,2300.86
o3p1-single,RegisterDocument,641,2300.89
o3p1-single,RegisterDocument,642,2300.93
o3p1-single,RegisterDocument,643,2301.08
o3p1-single,RegisterDocument,644,2301.19
o3p1-single,RegisterDocument,645,2301.37
o3p1-single,RegisterDocument,646,2301.52
o3p1-single,RegisterDocument,647,2301.56
o3p1-single,RegisterDocument,648,2301.62
o3p1-single,RegisterDocument,649,2301.72
o3p1-single,RegisterDocument,650,2301.79
o3p1-single,RegisterDocument,651,2301.97
o3p1-single,RegisterDocument,652,2302.10
o3p1-single,RegisterDocument,653,2302.14
o3p1-single,RegisterDocument,654,2302.15
o3p1-single,RegisterDocument,655,2302.26
o3p1-single,RegisterDocument,656,2302.40
o3p1-single,RegisterDocument,657,2302.40
o3p1-single,RegisterDocument,658,2302.43
o3p1-single,RegisterDocument,659,2302.53
o3p1-single,RegisterDocument,660,2302.58
o3p1-single,RegisterDocument,661,2302.72
o3p1-single,RegisterDocument,662,2302.73
o3p1-single,RegisterDocument,663,2302.86
o3p1-single,RegisterDocument,664,2302.97
o3p1-single,RegisterDocument,665,2302.97
o3p1-single,RegisterDocument,666,2303.05
o3p1-single,RegisterDocument,667,2303.14
o3p1-single,RegisterDocument,668,2303.14
o3p1-single,RegisterDocument,669,2303.33
o3p1-single,RegisterDocument,670,2303.45
o3p1-single,RegisterDocument,671,2303.50
o3p1-single,RegisterDocument,672,2303.55
o3p1-single,RegisterDocument,673,2303.55
o3p1-single,RegisterDocument,674,2303.63
o3p1-single,RegisterDocument,675,2303.68
o3p1-single,RegisterDocument,676,2303.73
o3p1-single,RegisterDocument,677,2303.77
o3p1-single,RegisterDocument,678,2303.78
o3p1-single,RegisterDocument,679,2303.84
o3p1-single,RegisterDocument,680,2303.86
o3p1-single,RegisterDocument,681,2303.88
o3p1-single,RegisterDocument,682,2303.93
o3p1-single,RegisterDocument,683,2303.96
o3p1-single,RegisterDocument,684,2304.11
o3p1-single,RegisterDocument,685,2304.11
o3p1-single,RegisterDocument,686,2304.14
o3p1-single,RegisterDocument,687,2304.18
o3p1-single,RegisterDocument,688,2304.19
o3p1-single,RegisterDocument,689,2304.27
o3p1-single,RegisterDocument,690,2304.33
o3p1-single,RegisterDocument,691,2304.43
o3p1-single,RegisterDocument,692,2304.43
o3p1-single,RegisterDocument,693,2304.52
o3p1-single,RegisterDocument,694,2304.52
o3p1-single,RegisterDocument,695,2304.60
o3p1-single,RegisterDocument,696,2304.62
o3p1-single,RegisterDocument,697,2304.63
o3p1-single,RegisterDocument,698,2304.64
o3p1-single,RegisterDocument,699,2304.72
o3p1-single,RegisterDocument,700,2304.73
o3p1-single,RegisterDocument,701,2304.77
o3p1-single,RegisterDocument,702,2304.90
o3p1-single,RegisterDocument,703,2304.99
o3p1-single,RegisterDocument,704,2304.99
o3p1-single,RegisterDocument,705,2305.17
o3p1-single,RegisterDocument,706,2305.40
o3p1-single,RegisterDocument,707,2305.52
o3p1-single,RegisterDocument,708,2305.59
o3p1-single,RegisterDocument,709,2305.61
o3p1-single,RegisterDocument,710,2305.61
o3p1-single,RegisterDocument,711,2305.62
o3p1-single,RegisterDocument,712,2305.68
o3p1-single,RegisterDocument,713,2305.70
o3p1-single,RegisterDocument,714,2305.71
o3p1-single,RegisterDocument,715,2305.90
o3p1-single,RegisterDocument,716,2305.91
o3p1-single,RegisterDocument,717,2306.12
o3p1-single,RegisterDocument,718,2306.22
o3p1-single,RegisterDocument,719,2306.24
o3p1-single,RegisterDocument,720,2306.28
o3p1-single,RegisterDocument,721,2306.30
o3p1-single,RegisterDocument,722,2306.32
o3p1-single,RegisterDocument,723,2306.41
o3p1-single,RegisterDocument,724,2306.42
o3p1-single,RegisterDocument,725,2306.53
o3p1-single,RegisterDocument,726,2306.57
o3p1-single,RegisterDocument,727,2306.62
o3p1-single,RegisterDocument,728,2306.68
o3p1-single,RegisterDocument,729,2306.71
o3p1-single,RegisterDocument,730,2306.75
o3p1-single,RegisterDocument,731,2306.79
o3p1-single,RegisterDocument,732,2306.82
o3p1-single,RegisterDocument,733,2306.85
o3p1-single,RegisterDocument,734,2307.01
o3p1-single,RegisterDocument,735,2307.17
o3p1-single,RegisterDocument,736,2307.18
o3p1-single,RegisterDocument,737,2307.18
o3p1-single,RegisterDocument,738,2307.40
o3p1-single,RegisterDocument,739,2307.42
o3p1-single,RegisterDocument,740,2307.43
o3p1-single,RegisterDocument,741,2307.48
o3p1-single,RegisterDocument,742,2307.77
o3p1-single,RegisterDocument,743,2307.83
o3p1-single,RegisterDocument,744,2307.86
o3p1-single,RegisterDocument,745,2307.88
o3p1-single,RegisterDocument,746,2307.98
o3p1-single,RegisterDocument,747,2307.98
o3p1-single,RegisterDocument,748,2308.08
o3p1-single,RegisterDocument,749,2308.09
o3p1-single,RegisterDocument,750,2308.09
o3p1-single,RegisterDocument,751,2308.09
o3p1-single,RegisterDocument,752,2308.12
o3p1-single,RegisterDocument,753,2308.19
o3p1-single,RegisterDocument,754,2308.24
o3p1-single,RegisterDocument,755,2308.34
o3p1-single,RegisterDocument,756,2308.36
o3p1-single,RegisterDocument,757,2308.52
o3p1-single,RegisterDocument,758,2308.60
o3p1-single,RegisterDocument,759,2308.63
o3p1-single,RegisterDocument,760,2308.65
o3p1-single,RegisterDocument,761,2308.71
o3p1-single,RegisterDocument,762,2308.74
o3p1-single,RegisterDocument,763,2308.78
o3p1-single,RegisterDocument,764,2308.85
o3p1-single,RegisterDocument,765,2308.92
o3p1-single,RegisterDocument,766,2308.99
o3p1-single,RegisterDocument,767,2308.99
o3p1-single,RegisterDocument,768,2309.00
o3p1-single,RegisterDocument,769,2309.06
o3p1-single,RegisterDocument,770,2309.07
o3p1-single,RegisterDocument,771,2309.09
o3p1-single,RegisterDocument,772,2309.14
o3p1-single,RegisterDocument,773,2309.23
o3p1-single,RegisterDocument,774,2309.37
o3p1-single,RegisterDocument,775,2309.54
o3p1-single,RegisterDocument,776,2309.58
o3p1-single,RegisterDocument,777,2309.61
o3p1-single,RegisterDocument,778,2309.62
o3p1-single,RegisterDocument,779,2309.63
o3p1-single,RegisterDocument,780,2309.66
o3p1-single,RegisterDocument,781,2309.66
o3p1-single,RegisterDocument,782,2309.72
o3p1-single,RegisterDocument,783,2309.83
o3p1-single,RegisterDocument,784,2309.84
o3p1-single,RegisterDocument,785,2309.91
o3p1-single,RegisterDocument,786,2309.93
o3p1-single,RegisterDocument,787,2309.95
o3p1-single,RegisterDocument,788,2310.27
o3p1-single,RegisterDocument,789,2310.33
o3p1-single,RegisterDocument,790,2310.34
o3p1-single,RegisterDocument,791,2310.36
o3p1-single,RegisterDocument,792,2310.45
o3p1-single,RegisterDocument,793,2310.49
o3p1-single,RegisterDocument,794,2310.52
o3p1-single,RegisterDocument,795,2310.64
o3p1-single,RegisterDocument,796,2310.67
o3p1-single,RegisterDocument,797,2310.85
o3p1-single,RegisterDocument,798,2310.88
o3p1-single,RegisterDocument,799,2311.07
o3p1-single,RegisterDocument,800,2311.15
o3p1-single,RegisterDocument,801,2311.28
o3p1-single,RegisterDocument,802,2311.38
o3p1-single,RegisterDocument,803,2311.38
o3p1-single,RegisterDocument,804,2311.43
o3p1-single,RegisterDocument,805,2311.45
o3p1-single,RegisterDocument,806,2311.48
o3p1-single,RegisterDocument,807,2311.53
o3p1-single,RegisterDocument,808,2311.59
o3p1-single,RegisterDocument,809,2311.67
o3p1-single,RegisterDocument,810,2311.81
o3p1-single,RegisterDocument,811,2311.86
o3p1-single,RegisterDocument,812,2311.86
o3p1-single,RegisterDocument,813,2311.89
o3p1-single,RegisterDocument,814,2311.90
o3p1-single,RegisterDocument,815,2311.98
o3p1-single,RegisterDocument,816,2312.04
o3p1-single,RegisterDocument,817,2312.10
o3p1-single,RegisterDocument,818,2312.19
o3p1-single,RegisterDocument,819,2312.35
o3p1-single,RegisterDocument,820,2312.38
o3p1-single,RegisterDocument,821,2312.39
o3p1-single,RegisterDocument,822,2312.51
o3p1-single,RegisterDocument,823,2312.62
o3p1-single,RegisterDocument,824,2312.72
o3p1-single,RegisterDocument,825,2312.78
o3p1-single,RegisterDocument,826,2312.87
o3p1-single,RegisterDocument,827,2312.90
o3p1-single,RegisterDocument,828,2312.94
o3p1-single,RegisterDocument,829,2312.99
o3p1-single,RegisterDocument,830,2312.99
o3p1-single,RegisterDocument,831,2313.02
o3p1-single,RegisterDocument,832,2313.13
o3p1-single,RegisterDocument,833,2313.21
o3p1-single,RegisterDocument,834,2313.32
o3p1-single,RegisterDocument,835,2313.38
o3p1-single,RegisterDocument,836,2313.49
o3p1-single,RegisterDocument,837,2313.52
o3p1-single,RegisterDocument,838,2313.61
o3p1-single,RegisterDocument,839,2313.62
o3p1-single,RegisterDocument,840,2313.67
o3p1-single,RegisterDocument,841,2313.68
o3p1-single,RegisterDocument,842,2313.68
o3p1-single,RegisterDocument,843,2313.72
o3p1-single,RegisterDocument,844,2313.80
o3p1-single,RegisterDocument,845,2313.80
o3p1-single,RegisterDocument,846,2313.81
o3p1-single,RegisterDocument,847,2313.94
o3p1-single,RegisterDocument,848,2314.01
o3p1-single,RegisterDocument,849,2314.15
o3p1-single,RegisterDocument,850,2314.35
o3p1-single,RegisterDocument,851,2314.35
o3p1-single,RegisterDocument,852,2314.66
o3p1-single,RegisterDocument,853,2314.71
o3p1-single,RegisterDocument,854,2314.92
o3p1-single,RegisterDocument,855,2314.99
o3p1-single,RegisterDocument,856,2315.04
o3p1-single,RegisterDocument,857,2315.44
o3p1-single,RegisterDocument,858,2315.47
o3p1-single,RegisterDocument,859,2315.48
o3p1-single,RegisterDocument,860,2315.51
o3p1-single,RegisterDocument,861,2315.52
o3p1-single,RegisterDocument,862,2315.56
o3p1-single,RegisterDocument,863,2315.57
o3p1-single,RegisterDocument,864,2315.69
o3p1-single,RegisterDocument,865,2315.85
o3p1-single,RegisterDocument,866,2315.88
o3p1-single,RegisterDocument,867,2315.94
o3p1-single,RegisterDocument,868,2316.00
o3p1-single,RegisterDocument,869,2316.04
o3p1-single,RegisterDocument,870,2316.09
o3p1-single,RegisterDocument,871,2316.09
o3p1-single,RegisterDocument,872,2316.11
o3p1-single,RegisterDocument,873,2316.15
o3p1-single,RegisterDocument,874,2316.16
o3p1-single,RegisterDocument,875,2316.27
o3p1-single,RegisterDocument,876,2316.28
o3p1-single,RegisterDocument,877,2316.30
o3p1-single,RegisterDocument,878,2316.35
o3p1-single,RegisterDocument,879,2316.39
o3p1-single,RegisterDocument,880,2316.46
o3p1-single,RegisterDocument,881,2316.55
o3p1-single,RegisterDocument,882,2316.59
o3p1-single,RegisterDocument,883,2316.61
o3p1-single,RegisterDocument,884,2316.65
o3p1-single,RegisterDocument,885,2316.68
o3p1-single,RegisterDocument,886,2316.71
o3p1-single,RegisterDocument,887,2316.76
o3p1-single,RegisterDocument,888,2316.84
o3p1-single,RegisterDocument,889,2316.84
o3p1-single,RegisterDocument,890,2316.98
o3p1-single,RegisterDocument,891,2317.01
o3p1-single,RegisterDocument,892,2317.04
o3p1-single,RegisterDocument,893,2317.15
o3p1-single,RegisterDocument,894,2317.19
o3p1-single,RegisterDocument,895,2317.20
o3p1-single,RegisterDocument,896,2317.21
o3p1-single,RegisterDocument,897,2317.34
o3p1-single,RegisterDocument,898,2317.38
o3p1-single,RegisterDocument,899,2317.62
o3p1-single,RegisterDocument,900,2318.08
o3p1-single,RegisterDocument,901,2318.10
o3p1-single,RegisterDocument,902,2318.13
o3p1-single,RegisterDocument,903,2318.29
o3p1-single,RegisterDocument,904,2318.38
o3p1-single,RegisterDocument,905,2318.39
o3p1-single,RegisterDocument,906,2318.43
o3p1-single,RegisterDocument,907,2318.44
o3p1-single,RegisterDocument,908,2318.56
o3p1-single,RegisterDocument,909,2318.61
o3p1-single,RegisterDocument,910,2318.61
o3p1-single,RegisterDocument,911,2318.68
o3p1-single,RegisterDocument,912,2318.73
o3p1-single,RegisterDocument,913,2318.74
o3p1-single,RegisterDocument,914,2318.83
o3p1-single,RegisterDocument,915,2318.84
o3p1-single,RegisterDocument,916,2319.07
o3p1-single,RegisterDocument,917,2319.09
o3p1-single,RegisterDocument,918,2319.28
o3p1-single,RegisterDocument,919,2319.29
o3p1-single,RegisterDocument,920,2319.29
o3p1-single,RegisterDocument,921,2319.46
o3p1-single,RegisterDocument,922,2319.49
o3p1-single,RegisterDocument,923,2319.58
o3p1-single,RegisterDocument,924,2319.61
o3p1-single,RegisterDocument,925,2319.74
o3p1-single,RegisterDocument,926,2320.06
o3p1-single,RegisterDocument,927,2320.19
o3p1-single,RegisterDocument,928,2320.20
o3p1-single,RegisterDocument,929,2320.22
o3p1-single,RegisterDocument,930,2320.32
o3p1-single,RegisterDocument,931,2320.46
o3p1-single,RegisterDocument,932,2320.58
o3p1-single,RegisterDocument,933,2320.76
o3p1-single,RegisterDocument,934,2320.77
o3p1-single,RegisterDocument,935,2320.79
o3p1-single,RegisterDocument,936,2320.92
o3p1-single,RegisterDocument,937,2320.94
o3p1-single,RegisterDocument,938,2320.95
o3p1-single,RegisterDocument,939,2320.97
o3p1-single,RegisterDocument,940,2320.99
o3p1-single,RegisterDocument,941,2321.13
o3p1-single,RegisterDocument,942,2321.15
o3p1-single,RegisterDocument,943,2321.34
o3p1-single,RegisterDocument,944,2321.34
o3p1-single,RegisterDocument,945,2321.35
o3p1-single,RegisterDocument,946,2321.35
o3p1-single,RegisterDocument,947,2321.37
o3p1-single,RegisterDocument,948,2321.40
o3p1-single,RegisterDocument,949,2321.52
o3p1-single,RegisterDocument,950,2321.81
o3p1-single,RegisterDocument,951,2321.83
o3p1-single,RegisterDocument,952,2321.98
o3p1-single,RegisterDocument,953,2322.06
o3p1-single,RegisterDocument,954,2322.12
o3p1-single,RegisterDocument,955,2322.26
o3p1-single,RegisterDocument,956,2322.28
o3p1-single,RegisterDocument,957,2322.33
o3p1-single,RegisterDocument,958,2322.34
o3p1-single,RegisterDocument,959,2322.34
o3p1-single,RegisterDocument,960,2322.38
o3p1-single,RegisterDocument,961,2322.40
o3p1-single,RegisterDocument,962,2322.43
o3p1-single,RegisterDocument,963,2322.44
o3p1-single,RegisterDocument,964,2322.44
o3p1-single,RegisterDocument,965,2322.47
o3p1-single,RegisterDocument,966,2322.73
o3p1-single,RegisterDocument,967,2322.73
o3p1-single,RegisterDocument,968,2322.75
o3p1-single,RegisterDocument,969,2322.75
o3p1-single,RegisterDocument,970,2322.90
o3p1-single,RegisterDocument,971,2322.97
o3p1-single,RegisterDocument,972,2323.12
o3p1-single,RegisterDocument,973,2323.17
o3p1-single,RegisterDocument,974,2323.29
o3p1-single,RegisterDocument,975,2323.39
o3p1-single,RegisterDocument,976,2323.41
o3p1-single,RegisterDocument,977,2323.66
o3p1-single,RegisterDocument,978,2323.67
o3p1-single,RegisterDocument,979,2323.69
o3p1-single,RegisterDocument,980,2323.74
o3p1-single,RegisterDocument,981,2323.88
o3p1-single,RegisterDocument,982,2323.97
o3p1-single,RegisterDocument,983,2323.98
o3p1-single,RegisterDocument,984,2324.00
o3p1-single,RegisterDocument,985,2324.01
o3p1-single,RegisterDocument,986,2324.12
o3p1-single,RegisterDocument,987,2324.22
o3p1-single,RegisterDocument,988,2324.22
o3p1-single,RegisterDocument,989,2324.25
o3p1-single,RegisterDocument,990,2324.27
o3p1-single,RegisterDocument,991,2324.29
o3p1-single,RegisterDocument,992,2324.35
o3p1-single,RegisterDocument,993,2324.41
o3p1-single,RegisterDocument,994,2324.41
o3p1-single,RegisterDocument,995,2324.44
o3p1-single,RegisterDocument,996,2324.46
o3p1-single,RegisterDocument,997,2324.51
o3p1-single,RegisterDocument,998,2324.53
o3p1-single,RegisterDocument,999,2324.54
o3p1-single,RegisterDocument,1000,2324.59
o3p1-single,RegisterDocument,1001,2324.62
o3p1-single,RegisterDocument,1002,2324.64
o3p1-single,RegisterDocument,1003,2324.65
o3p1-single,RegisterDocument,1004,2324.67
o3p1-single,RegisterDocument,1005,2324.73
o3p1-single,RegisterDocument,1006,2324.74
o3p1-single,RegisterDocument,1007,2324.77
o3p1-single,RegisterDocument,1008,2325.03
o3p1-single,RegisterDocument,1009,2325.14
o3p1-single,RegisterDocument,1010,2325.15
o3p1-single,RegisterDocument,1011,2325.18
o3p1-single,RegisterDocument,1012,2325.25
o3p1-single,RegisterDocument,1013,2325.25
o3p1-single,RegisterDocument,1014,2325.34
o3p1-single,RegisterDocument,1015,2325.41
o3p1-single,RegisterDocument,1016,2325.44
o3p1-single,RegisterDocument,1017,2325.46
o3p1-single,RegisterDocument,1018,2325.73
o3p1-single,RegisterDocument,1019,2325.83
o3p1-single,RegisterDocument,1020,2325.88
o3p1-single,RegisterDocument,1021,2325.98
o3p1-single,RegisterDocument,1022,2326.35
o3p1-single,RegisterDocument,1023,2326.68
o3p1-single,RegisterDocument,1024,2326.71
o3p1-single,RegisterDocument,1025,2326.82
o3p1-single,RegisterDocument,1026,2326.84
o3p1-single,RegisterDocument,1027,2326.85
o3p1-single,RegisterDocument,1028,2326.94
o3p1-single,RegisterDocument,1029,2326.97
o3p1-single,RegisterDocument,1030,2326.98
o3p1-single,RegisterDocument,1031,2327.15
o3p1-single,RegisterDocument,1032,2327.16
o3p1-single,RegisterDocument,1033,2327.25
o3p1-single,RegisterDocument,1034,2327.27
o3p1-single,RegisterDocument,1035,2327.29
o3p1-single,RegisterDocument,1036,2327.48
o3p1-single,RegisterDocument,1037,2327.59
o3p1-single,RegisterDocument,1038,2327.60
o3p1-single,RegisterDocument,1039,2327.77
o3p1-single,RegisterDocument,1040,2327.83
o3p1-single,RegisterDocument,1041,2327.85
o3p1-single,RegisterDocument,1042,2327.87
o3p1-single,RegisterDocument,1043,2327.90
o3p1-single,RegisterDocument,1044,2327.92
o3p1-single,RegisterDocument,1045,2327.94
o3p1-single,RegisterDocument,1046,2328.08
o3p1-single,RegisterDocument,1047,2328.22
o3p1-single,RegisterDocument,1048,2328.30
o3p1-single,RegisterDocument,1049,2328.33
o3p1-single,RegisterDocument,1050,2328.49
o3p1-single,RegisterDocument,1051,2328.58
o3p1-single,RegisterDocument,1052,2328.65
o3p1-single,RegisterDocument,1053,2328.68
o3p1-single,RegisterDocument,1054,2328.70
o3p1-single,RegisterDocument,1055,2328.72
o3p1-single,RegisterDocument,1056,2329.01
o3p1-single,RegisterDocument,1057,2329.14
o3p1-single,RegisterDocument,1058,2329.15
o3p1-single,RegisterDocument,1059,2329.19
o3p1-single,RegisterDocument,1060,2329.48
o3p1-single,RegisterDocument,1061,2329.56
o3p1-single,RegisterDocument,1062,2329.62
o3p1-single,RegisterDocument,1063,2329.77
o3p1-single,RegisterDocument,1064,2329.81
o3p1-single,RegisterDocument,1065,2329.81
o3p1-single,RegisterDocument,1066,2329.96
o3p1-single,RegisterDocument,1067,2330.03
o3p1-single,RegisterDocument,1068,2330.19
o3p1-single,RegisterDocument,1069,2330.28
o3p1-single,RegisterDocument,1070,2330.35
o3p1-single,RegisterDocument,1071,2330.48
o3p1-single,RegisterDocument,1072,2330.51
o3p1-single,RegisterDocument,1073,2330.51
o3p1-single,RegisterDocument,1074,2330.79
o3p1-single,RegisterDocument,1075,2330.80
o3p1-single,RegisterDocument,1076,2330.81
o3p1-single,RegisterDocument,1077,2330.87
o3p1-single,RegisterDocument,1078,2330.87
o3p1-single,RegisterDocument,1079,2331.14
o3p1-single,RegisterDocument,1080,2331.16
o3p1-single,RegisterDocument,1081,2331.18
o3p1-single,RegisterDocument,1082,2331.18
o3p1-single,RegisterDocument,1083,2331.29
o3p1-single,RegisterDocument,1084,2331.32
o3p1-single,RegisterDocument,1085,2331.33
o3p1-single,RegisterDocument,1086,2331.34
o3p1-single,RegisterDocument,1087,2331.64
o3p1-single,RegisterDocument,1088,2331.65
o3p1-single,RegisterDocument,1089,2331.68
o3p1-single,RegisterDocument,1090,2331.73
o3p1-single,RegisterDocument,1091,2331.75
o3p1-single,RegisterDocument,1092,2331.77
o3p1-single,RegisterDocument,1093,2331.85
o3p1-single,RegisterDocument,1094,2332.04
o3p1-single,RegisterDocument,1095,2332.22
o3p1-single,RegisterDocument,1096,2332.22
o3p1-single,RegisterDocument,1097,2332.26
o3p1-single,RegisterDocument,1098,2332.37
o3p1-single,RegisterDocument,1099,2332.52
o3p1-single,RegisterDocument,1100,2332.52
o3p1-single,RegisterDocument,1101,2332.58
o3p1-single,RegisterDocument,1102,2332.64
o3p1-single,RegisterDocument,1103,2332.76
o3p1-single,RegisterDocument,1104,2332.80
o3p1-single,RegisterDocument,1105,2333.20
o3p1-single,RegisterDocument,1106,2333.24
o3p1-single,RegisterDocument,1107,2333.31
o3p1-single,RegisterDocument,1108,2333.36
o3p1-single,RegisterDocument,1109,2333.41
o3p1-single,RegisterDocument,1110,2333.53
o3p1-single,RegisterDocument,1111,2333.56
o3p1-single,RegisterDocument,1112,2333.61
o3p1-single,RegisterDocument,1113,2333.63
o3p1-single,RegisterDocument,1114,2333.71
o3p1-single,RegisterDocument,1115,2333.80
o3p1-single,RegisterDocument,1116,2333.81
o3p1-single,RegisterDocument,1117,2333.94
o3p1-single,RegisterDocument,1118,2334.03
o3p1-single,RegisterDocument,1119,2334.11
o3p1-single,RegisterDocument,1120,2334.14
o3p1-single,RegisterDocument,1121,2334.21
o3p1-single,RegisterDocument,1122,2334.27
o3p1-single,RegisterDocument,1123,2334.28
o3p1-single,RegisterDocument,1124,2334.41
o3p1-single,RegisterDocument,1125,2334.41
o3p1-single,RegisterDocument,1126,2334.48
o3p1-single,RegisterDocument,1127,2334.50
o3p1-single,RegisterDocument,1128,2334.52
o3p1-single,RegisterDocument,1129,2334.59
o3p1-single,RegisterDocument,1130,2334.67
o3p1-single,RegisterDocument,1131,2334.69
o3p1-single,RegisterDocument,1132,2334.89
o3p1-single,RegisterDocument,1133,2334.92
o3p1-single,RegisterDocument,1134,2334.95
o3p1-single,RegisterDocument,1135,2335.25
o3p1-single,RegisterDocument,1136,2335.54
o3p1-single,RegisterDocument,1137,2335.54
o3p1-single,RegisterDocument,1138,2335.54
o3p1-single,RegisterDocument,1139,2335.73
o3p1-single,RegisterDocument,1140,2336.02
o3p1-single,RegisterDocument,1141,2336.07
o3p1-single,RegisterDocument,1142,2336.12
o3p1-single,RegisterDocument,1143,2336.21
o3p1-single,RegisterDocument,1144,2336.21
o3p1-single,RegisterDocument,1145,2336.36
o3p1-single,RegisterDocument,1146,2336.37
o3p1-single,RegisterDocument,1147,2336.43
o3p1-single,RegisterDocument,1148,2336.44
o3p1-single,RegisterDocument,1149,2336.45
o3p1-single,RegisterDocument,1150,2336.49
o3p1-single,RegisterDocument,1151,2336.50
o3p1-single,RegisterDocument,1152,2336.55
o3p1-single,RegisterDocument,1153,2336.57
o3p1-single,RegisterDocument,1154,2336.68
o3p1-single,RegisterDocument,1155,2336.73
o3p1-single,RegisterDocument,1156,2336.78
o3p1-single,RegisterDocument,1157,2336.88
o3p1-single,RegisterDocument,1158,2336.97
o3p1-single,RegisterDocument,1159,2336.98
o3p1-single,RegisterDocument,1160,2337.01
o3p1-single,RegisterDocument,1161,2337.03
o3p1-single,RegisterDocument,1162,2337.13
o3p1-single,RegisterDocument,1163,2337.22
o3p1-single,RegisterDocument,1164,2337.24
o3p1-single,RegisterDocument,1165,2337.28
o3p1-single,RegisterDocument,1166,2337.37
o3p1-single,RegisterDocument,1167,2337.55
o3p1-single,RegisterDocument,1168,2337.55
o3p1-single,RegisterDocument,1169,2337.74
o3p1-single,RegisterDocument,1170,2337.77
o3p1-single,RegisterDocument,1171,2337.82
o3p1-single,RegisterDocument,1172,2338.18
o3p1-single,RegisterDocument,1173,2338.22
o3p1-single,RegisterDocument,1174,2338.22
o3p1-single,RegisterDocument,1175,2338.27
o3p1-single,RegisterDocument,1176,2338.44
o3p1-single,RegisterDocument,1177,2338.48
o3p1-single,RegisterDocument,1178,2338.50
o3p1-single,RegisterDocument,1179,2338.65
o3p1-single,RegisterDocument,1180,2338.67
o3p1-single,RegisterDocument,1181,2338.68
o3p1-single,RegisterDocument,1182,2338.91
o3p1-single,RegisterDocument,1183,2338.93
o3p1-single,RegisterDocument,1184,2339.08
o3p1-single,RegisterDocument,1185,2339.14
o3p1-single,RegisterDocument,1186,2339.33
o3p1-single,RegisterDocument,1187,2339.39
o3p1-single,RegisterDocument,1188,2339.41
o3p1-single,RegisterDocument,1189,2339.57
o3p1-single,RegisterDocument,1190,2339.57
o3p1-single,RegisterDocument,1191,2339.68
o3p1-single,RegisterDocument,1192,2339.74
o3p1-single,RegisterDocument,1193,2339.92
o3p1-single,RegisterDocument,1194,2339.93
o3p1-single,RegisterDocument,1195,2339.98
o3p1-single,RegisterDocument,1196,2340.16
o3p1-single,RegisterDocument,1197,2340.24
o3p1-single,RegisterDocument,1198,2340.27
o3p1-single,RegisterDocument,1199,2340.29
o3p1-single,RegisterDocument,1200,2340.32
o3p1-single,RegisterDocument,1201,2340.40
o3p1-single,RegisterDocument,1202,2340.40
o3p1-single,RegisterDocument,1203,2340.48
o3p1-single,RegisterDocument,1204,2340.53
o3p1-single,RegisterDocument,1205,2340.54
o3p1-single,RegisterDocument,1206,2340.56
o3p1-single,RegisterDocument,1207,2340.58
o3p1-single,RegisterDocument,1208,2340.65
o3p1-single,RegisterDocument,1209,2340.67
o3p1-single,RegisterDocument,1210,2340.74
o3p1-single,RegisterDocument,1211,2340.75
o3p1-single,RegisterDocument,1212,2340.86
o3p1-single,RegisterDocument,1213,2340.87
o3p1-single,RegisterDocument,1214,2340.88
o3p1-single,RegisterDocument,1215,2340.91
o3p1-single,RegisterDocument,1216,2340.93
o3p1-single,RegisterDocument,1217,2341.04
o3p1-single,RegisterDocument,1218,2341.09
o3p1-single,RegisterDocument,1219,2341.27
o3p1-single,RegisterDocument,1220,2341.34
o3p1-single,RegisterDocument,1221,2341.46
o3p1-single,RegisterDocument,1222,2341.51
o3p1-single,RegisterDocument,1223,2341.59
o3p1-single,RegisterDocument,1224,2341.60
o3p1-single,RegisterDocument,1225,2341.67
o3p1-single,RegisterDocument,1226,2341.74
o3p1-single,RegisterDocument,1227,2341.81
o3p1-single,RegisterDocument,1228,2341.82
o3p1-single,RegisterDocument,1229,2341.83
o3p1-single,RegisterDocument,1230,2341.87
o3p1-single,RegisterDocument,1231,2341.88
o3p1-single,RegisterDocument,1232,2341.90
o3p1-single,RegisterDocument,1233,2341.94
o3p1-single,RegisterDocument,1234,2341.97
o3p1-single,RegisterDocument,1235,2342.00
o3p1-single,RegisterDocument,1236,2342.10
o3p1-single,RegisterDocument,1237,2342.14
o3p1-single,RegisterDocument,1238,2342.25
o3p1-single,RegisterDocument,1239,2342.41
o3p1-single,RegisterDocument,1240,2342.53
o3p1-single,RegisterDocument,1241,2342.58
o3p1-single,RegisterDocument,1242,2342.73
o3p1-single,RegisterDocument,1243,2342.73
o3p1-single,RegisterDocument,1244,2342.79
o3p1-single,RegisterDocument,1245,2342.86
o3p1-single,RegisterDocument,1246,2342.93
o3p1-single,RegisterDocument,1247,2343.02
o3p1-single,RegisterDocument,1248,2343.03
o3p1-single,RegisterDocument,1249,2343.13
o3p1-single,RegisterDocument,1250,2343.21
o3p1-single,RegisterDocument,1251,2343.31
o3p1-single,RegisterDocument,1252,2343.44
o3p1-single,RegisterDocument,1253,2343.46
o3p1-single,RegisterDocument,1254,2343.47
o3p1-single,RegisterDocument,1255,2343.64
o3p1-single,RegisterDocument,1256,2343.70
o3p1-single,RegisterDocument,1257,2343.70
o3p1-single,RegisterDocument,1258,2343.80
o3p1-single,RegisterDocument,1259,2343.87
o3p1-single,RegisterDocument,1260,2343.91
o3p1-single,RegisterDocument,1261,2344.00
o3p1-single,RegisterDocument,1262,2344.10
o3p1-single,RegisterDocument,1263,2344.16
o3p1-single,RegisterDocument,1264,2344.40
o3p1-single,RegisterDocument,1265,2344.44
o3p1-single,RegisterDocument,1266,2344.61
o3p1-single,RegisterDocument,1267,2344.69
o3p1-single,RegisterDocument,1268,2344.84
o3p1-single,RegisterDocument,1269,2344.92
o3p1-single,RegisterDocument,1270,2344.97
o3p1-single,RegisterDocument,1271,2344.98
o3p1-single,RegisterDocument,1272,2345.02
o3p1-single,RegisterDocument,1273,2345.10
o3p1-single,RegisterDocument,1274,2345.16
o3p1-single,RegisterDocument,1275,2345.19
o3p1-single,RegisterDocument,1276,2345.40
o3p1-single,RegisterDocument,1277,2345.41
o3p1-single,RegisterDocument,1278,2345.50
o3p1-single,RegisterDocument,1279,2345.52
o3p1-single,RegisterDocument,1280,2345.59
o3p1-single,RegisterDocument,1281,2345.66
o3p1-single,RegisterDocument,1282,2345.81
o3p1-single,RegisterDocument,1283,2345.91
o3p1-single,RegisterDocument,1284,2345.93
o3p1-single,RegisterDocument,1285,2345.94
o3p1-single,RegisterDocument,1286,2345.99
o3p1-single,RegisterDocument,1287,2346.09
o3p1-single,RegisterDocument,1288,2346.11
o3p1-single,RegisterDocument,1289,2346.12
o3p1-single,RegisterDocument,1290,2346.12
o3p1-single,RegisterDocument,1291,2346.16
o3p1-single,RegisterDocument,1292,2346.28
o3p1-single,RegisterDocument,1293,2346.54
o3p1-single,RegisterDocument,1294,2346.54
o3p1-single,RegisterDocument,1295,2346.55
o3p1-single,RegisterDocument,1296,2346.58
o3p1-single,RegisterDocument,1297,2346.69
o3p1-single,RegisterDocument,1298,2346.74
o3p1-single,RegisterDocument,1299,2346.85
o3p1-single,RegisterDocument,1300,2346.88
o3p1-single,RegisterDocument,1301,2347.00
o3p1-single,RegisterDocument,1302,2347.07
o3p1-single,RegisterDocument,1303,2347.17
o3p1-single,RegisterDocument,1304,2347.21
o3p1-single,RegisterDocument,1305,2347.23
o3p1-single,RegisterDocument,1306,2347.24
o3p1-single,RegisterDocument,1307,2347.24
o3p1-single,RegisterDocument,1308,2347.36
o3p1-single,RegisterDocument,1309,2347.51
o3p1-single,RegisterDocument,1310,2347.57
o3p1-single,RegisterDocument,1311,2347.57
o3p1-single,RegisterDocument,1312,2347.58
o3p1-single,RegisterDocument,1313,2347.68
o3p1-single,RegisterDocument,1314,2347.70
o3p1-single,RegisterDocument,1315,2347.84
o3p1-single,RegisterDocument,1316,2347.84
o3p1-single,RegisterDocument,1317,2347.94
o3p1-single,RegisterDocument,1318,2347.96
o3p1-single,RegisterDocument,1319,2348.39
o3p1-single,RegisterDocument,1320,2348.48
o3p1-single,RegisterDocument,1321,2348.48
o3p1-single,RegisterDocument,1322,2348.50
o3p1-single,RegisterDocument,1323,2348.58
o3p1-single,RegisterDocument,1324,2348.63
o3p1-single,RegisterDocument,1325,2348.80
o3p1-single,RegisterDocument,1326,2348.88
o3p1-single,RegisterDocument,1327,2348.91
o3p1-single,RegisterDocument,1328,2349.02
o3p1-single,RegisterDocument,1329,2349.15
o3p1-single,RegisterDocument,1330,2349.16
o3p1-single,RegisterDocument,1331,2349.36
o3p1-single,RegisterDocument,1332,2349.37
o3p1-single,RegisterDocument,1333,2349.37
o3p1-single,RegisterDocument,1334,2349.39
o3p1-single,RegisterDocument,1335,2349.42
o3p1-single,RegisterDocument,1336,2349.44
o3p1-single,RegisterDocument,1337,2349.48
o3p1-single,RegisterDocument,1338,2349.65
o3p1-single,RegisterDocument,1339,2349.73
o3p1-single,RegisterDocument,1340,2349.75
o3p1-single,RegisterDocument,1341,2349.78
o3p1-single,RegisterDocument,1342,2349.83
o3p1-single,RegisterDocument,1343,2349.90
o3p1-single,RegisterDocument,1344,2349.91
o3p1-single,RegisterDocument,1345,2349.92
o3p1-single,RegisterDocument,1346,2349.96
o3p1-single,RegisterDocument,1347,2349.97
o3p1-single,RegisterDocument,1348,2350.18
o3p1-single,RegisterDocument,1349,2350.26
o3p1-single,RegisterDocument,1350,2350.36
o3p1-single,RegisterDocument,1351,2350.49
o3p1-single,RegisterDocument,1352,2350.56
o3p1-single,RegisterDocument,1353,2350.57
o3p1-single,RegisterDocument,1354,2350.71
o3p1-single,RegisterDocument,1355,2350.84
o3p1-single,RegisterDocument,1356,2350.88
o3p1-single,RegisterDocument,1357,2350.89
o3p1-single,RegisterDocument,1358,2350.92
o3p1-single,RegisterDocument,1359,2350.94
o3p1-single,RegisterDocument,1360,2351.05
o3p1-single,RegisterDocument,1361,2351.05
o3p1-single,RegisterDocument,1362,2351.08
o3p1-single,RegisterDocument,1363,2351.42
o3p1-single,RegisterDocument,1364,2351.48
o3p1-single,RegisterDocument,1365,2351.64
o3p1-single,RegisterDocument,1366,2351.69
o3p1-single,RegisterDocument,1367,2351.85
o3p1-single,RegisterDocument,1368,2351.86
o3p1-single,RegisterDocument,1369,2351.96
o3p1-single,RegisterDocument,1370,2352.05
o3p1-single,RegisterDocument,1371,2352.08
o3p1-single,RegisterDocument,1372,2352.20
o3p1-single,RegisterDocument,1373,2352.24
o3p1-single,RegisterDocument,1374,2352.28
o3p1-single,RegisterDocument,1375,2352.32
o3p1-single,RegisterDocument,1376,2352.45
o3p1-single,RegisterDocument,1377,2352.53
o3p1-single,RegisterDocument,1378,2352.62
o3p1-single,RegisterDocument,1379,2352.63
o3p1-single,RegisterDocument,1380,2352.78
o3p1-single,RegisterDocument,1381,2352.79
o3p1-single,RegisterDocument,1382,2352.83
o3p1-single,RegisterDocument,1383,2352.84
o3p1-single,RegisterDocument,1384,2352.87
o3p1-single,RegisterDocument,1385,2353.08
o3p1-single,RegisterDocument,1386,2353.15
o3p1-single,RegisterDocument,1387,2353.31
o3p1-single,RegisterDocument,1388,2353.38
o3p1-single,RegisterDocument,1389,2353.63
o3p1-single,RegisterDocument,1390,2353.76
o3p1-single,RegisterDocument,1391,2353.85
o3p1-single,RegisterDocument,1392,2354.05
o3p1-single,RegisterDocument,1393,2354.18
o3p1-single,RegisterDocument,1394,2354.23
o3p1-single,RegisterDocument,1395,2354.26
o3p1-single,RegisterDocument,1396,2354.31
o3p1-single,RegisterDocument,1397,2354.32
o3p1-single,RegisterDocument,1398,2354.62
o3p1-single,RegisterDocument,1399,2354.62
o3p1-single,RegisterDocument,1400,2354.74
o3p1-single,RegisterDocument,1401,2354.80
o3p1-single,RegisterDocument,1402,2354.81
o3p1-single,RegisterDocument,1403,2354.97
o3p1-single,RegisterDocument,1404,2355.06
o3p1-single,RegisterDocument,1405,2355.11
o3p1-single,RegisterDocument,1406,2355.12
o3p1-single,RegisterDocument,1407,2355.13
o3p1-single,RegisterDocument,1408,2355.22
o3p1-single,RegisterDocument,1409,2355.23
o3p1-single,RegisterDocument,1410,2355.29
o3p1-single,RegisterDocument,1411,2355.32
o3p1-single,RegisterDocument,1412,2355.43
o3p1-single,RegisterDocument,1413,2355.69
o3p1-single,RegisterDocument,1414,2355.75
o3p1-single,RegisterDocument,1415,2355.85
o3p1-single,RegisterDocument,1416,2355.85
o3p1-single,RegisterDocument,1417,2356.02
o3p1-single,RegisterDocument,1418,2356.10
o3p1-single,RegisterDocument,1419,2356.21
o3p1-single,RegisterDocument,1420,2356.45
o3p1-single,RegisterDocument,1421,2356.52
o3p1-single,RegisterDocument,1422,2356.65
o3p1-single,RegisterDocument,1423,2356.68
o3p1-single,RegisterDocument,1424,2356.72
o3p1-single,RegisterDocument,1425,2356.92
o3p1-single,RegisterDocument,1426,2357.00
o3p1-single,RegisterDocument,1427,2357.03
o3p1-single,RegisterDocument,1428,2357.09
o3p1-single,RegisterDocument,1429,2357.23
o3p1-single,RegisterDocument,1430,2357.48
o3p1-single,RegisterDocument,1431,2357.70
o3p1-single,RegisterDocument,1432,2357.77
o3p1-single,RegisterDocument,1433,2358.05
o3p1-single,RegisterDocument,1434,2358.06
o3p1-single,RegisterDocument,1435,2358.13
o3p1-single,RegisterDocument,1436,2358.14
o3p1-single,RegisterDocument,1437,2358.19
o3p1-single,RegisterDocument,1438,2358.38
o3p1-single,RegisterDocument,1439,2358.43
o3p1-single,RegisterDocument,1440,2358.49
o3p1-single,RegisterDocument,1441,2358.49
o3p1-single,RegisterDocument,1442,2358.59
o3p1-single,RegisterDocument,1443,2358.66
o3p1-single,RegisterDocument,1444,2358.78
o3p1-single,RegisterDocument,1445,2358.91
o3p1-single,RegisterDocument,1446,2358.91
o3p1-single,RegisterDocument,1447,2358.92
o3p1-single,RegisterDocument,1448,2359.13
o3p1-single,RegisterDocument,1449,2359.17
o3p1-single,RegisterDocument,1450,2359.24
o3p1-single,RegisterDocument,1451,2359.57
o3p1-single,RegisterDocument,1452,2359.62
o3p1-single,RegisterDocument,1453,2359.75
o3p1-single,RegisterDocument,1454,2359.85
o3p1-single,RegisterDocument,1455,2359.99
o3p1-single,RegisterDocument,1456,2360.04
o3p1-single,RegisterDocument,1457,2360.28
o3p1-single,RegisterDocument,1458,2360.62
o3p1-single,RegisterDocument,1459,2360.72
o3p1-single,RegisterDocument,1460,2360.79
o3p1-single,RegisterDocument,1461,2360.88
o3p1-single,RegisterDocument,1462,2360.88
o3p1-single,RegisterDocument,1463,2360.92
o3p1-single,RegisterDocument,1464,2360.92
o3p1-single,RegisterDocument,1465,2360.94
o3p1-single,RegisterDocument,1466,2360.98
o3p1-single,RegisterDocument,1467,2361.10
o3p1-single,RegisterDocument,1468,2361.22
o3p1-single,RegisterDocument,1469,2361.27
o3p1-single,RegisterDocument,1470,2361.27
o3p1-single,RegisterDocument,1471,2361.45
o3p1-single,RegisterDocument,1472,2361.56
o3p1-single,RegisterDocument,1473,2361.75
o3p1-single,RegisterDocument,1474,2362.17
o3p1-single,RegisterDocument,1475,2362.23
o3p1-single,RegisterDocument,1476,2362.28
o3p1-single,RegisterDocument,1477,2362.29
o3p1-single,RegisterDocument,1478,2362.31
o3p1-single,RegisterDocument,1479,2362.40
o3p1-single,RegisterDocument,1480,2362.50
o3p1-single,RegisterDocument,1481,2362.77
o3p1-single,RegisterDocument,1482,2362.80
o3p1-single,RegisterDocument,1483,2363.08
o3p1-single,RegisterDocument,1484,2363.10
o3p1-single,RegisterDocument,1485,2363.24
o3p1-single,RegisterDocument,1486,2363.24
o3p1-single,RegisterDocument,1487,2363.32
o3p1-single,RegisterDocument,1488,2363.34
o3p1-single,RegisterDocument,1489,2363.36
o3p1-single,RegisterDocument,1490,2363.46
o3p1-single,RegisterDocument,1491,2363.49
o3p1-single,RegisterDocument,1492,2363.68
o3p1-single,RegisterDocument,1493,2363.73
o3p1-single,RegisterDocument,1494,2363.76
o3p1-single,RegisterDocument,1495,2363.79
o3p1-single,RegisterDocument,1496,2363.84
o3p1-single,RegisterDocument,1497,2363.85
o3p1-single,RegisterDocument,1498,2363.93
o3p1-single,RegisterDocument,1499,2364.03
o3p1-single,RegisterDocument,1500,2364.12
o3p1-single,RegisterDocument,1501,2364.22
o3p1-single,RegisterDocument,1502,2364.23
o3p1-single,RegisterDocument,1503,2364.28
o3p1-single,RegisterDocument,1504,2364.46
o3p1-single,RegisterDocument,1505,2364.64
o3p1-single,RegisterDocument,1506,2364.84
o3p1-single,RegisterDocument,1507,2364.91
o3p1-single,RegisterDocument,1508,2365.06
o3p1-single,RegisterDocument,1509,2365.21
o3p1-single,RegisterDocument,1510,2365.38
o3p1-single,RegisterDocument,1511,2365.38
o3p1-single,RegisterDocument,1512,2365.42
o3p1-single,RegisterDocument,1513,2365.58
o3p1-single,RegisterDocument,1514,2365.65
o3p1-single,RegisterDocument,1515,2366.37
o3p1-single,RegisterDocument,1516,2366.62
o3p1-single,RegisterDocument,1517,2366.62
o3p1-single,RegisterDocument,1518,2366.62
o3p1-single,RegisterDocument,1519,2366.73
o3p1-single,RegisterDocument,1520,2366.75
o3p1-single,RegisterDocument,1521,2366.84
o3p1-single,RegisterDocument,1522,2366.85
o3p1-single,RegisterDocument,1523,2367.28
o3p1-single,RegisterDocument,1524,2367.45
o3p1-single,RegisterDocument,1525,2367.45
o3p1-single,RegisterDocument,1526,2367.61
o3p1-single,RegisterDocument,1527,2367.91
o3p1-single,RegisterDocument,1528,2368.03
o3p1-single,RegisterDocument,1529,2368.23
o3p1-single,RegisterDocument,1530,2368.24
o3p1-single,RegisterDocument,1531,2368.27
o3p1-single,RegisterDocument,1532,2368.35
o3p1-single,RegisterDocument,1533,2368.36
o3p1-single,RegisterDocument,1534,2368.51
o3p1-single,RegisterDocument,1535,2368.58
o3p1-single,RegisterDocument,1536,2368.68
o3p1-single,RegisterDocument,1537,2368.70
o3p1-single,RegisterDocument,1538,2369.01
o3p1-single,RegisterDocument,1539,2369.02
o3p1-single,RegisterDocument,1540,2369.07
o3p1-single,RegisterDocument,1541,2369.20
o3p1-single,RegisterDocument,1542,2369.33
o3p1-single,RegisterDocument,1543,2369.42
o3p1-single,RegisterDocument,1544,2369.42
o3p1-single,RegisterDocument,1545,2369.44
o3p1-single,RegisterDocument,1546,2369.47
o3p1-single,RegisterDocument,1547,2369.53
o3p1-single,RegisterDocument,1548,2369.60
o3p1-single,RegisterDocument,1549,2369.62
o3p1-single,RegisterDocument,1550,2369.65
o3p1-single,RegisterDocument,1551,2369.75
o3p1-single,RegisterDocument,1552,2369.79
o3p1-single,RegisterDocument,1553,2369.84
o3p1-single,RegisterDocument,1554,2369.84
o3p1-single,RegisterDocument,1555,2369.98
o3p1-single,RegisterDocument,1556,2370.11
o3p1-single,RegisterDocument,1557,2370.21
o3p1-single,RegisterDocument,1558,2370.32
o3p1-single,RegisterDocument,1559,2370.46
o3p1-single,RegisterDocument,1560,2370.48
o3p1-single,RegisterDocument,1561,2370.56
o3p1-single,RegisterDocument,1562,2370.68
o3p1-single,RegisterDocument,1563,2370.69
o3p1-single,RegisterDocument,1564,2370.73
o3p1-single,RegisterDocument,1565,2370.86
o3p1-single,RegisterDocument,1566,2370.92
o3p1-single,RegisterDocument,1567,2370.93
o3p1-single,RegisterDocument,1568,2371.02
o3p1-single,RegisterDocument,1569,2371.06
o3p1-single,RegisterDocument,1570,2371.07
o3p1-single,RegisterDocument,1571,2371.08
o3p1-single,RegisterDocument,1572,2371.22
o3p1-single,RegisterDocument,1573,2371.36
o3p1-single,RegisterDocument,1574,2371.47
o3p1-single,RegisterDocument,1575,2371.51
o3p1-single,RegisterDocument,1576,2371.62
o3p1-single,RegisterDocument,1577,2371.62
o3p1-single,RegisterDocument,1578,2371.87
o3p1-single,RegisterDocument,1579,2372.06
o3p1-single,RegisterDocument,1580,2372.28
o3p1-single,RegisterDocument,1581,2372.48
o3p1-single,RegisterDocument,1582,2372.64
o3p1-single,RegisterDocument,1583,2372.66
o3p1-single,RegisterDocument,1584,2372.69
o3p1-single,RegisterDocument,1585,2372.79
o3p1-single,RegisterDocument,1586,2372.81
o3p1-single,RegisterDocument,1587,2372.84
o3p1-single,RegisterDocument,1588,2372.89
o3p1-single,RegisterDocument,1589,2373.01
o3p1-single,RegisterDocument,1590,2373.01
o3p1-single,RegisterDocument,1591,2373.03
o3p1-single,RegisterDocument,1592,2373.11
o3p1-single,RegisterDocument,1593,2373.32
o3p1-single,RegisterDocument,1594,2373.50
o3p1-single,RegisterDocument,1595,2373.61
o3p1-single,RegisterDocument,1596,2373.73
o3p1-single,RegisterDocument,1597,2373.76
o3p1-single,RegisterDocument,1598,2373.78
o3p1-single,RegisterDocument,1599,2373.80
o3p1-single,RegisterDocument,1600,2373.87
o3p1-single,RegisterDocument,1601,2373.88
o3p1-single,RegisterDocument,1602,2373.90
o3p1-single,RegisterDocument,1603,2373.96
o3p1-single,RegisterDocument,1604,2374.51
o3p1-single,RegisterDocument,1605,2374.73
o3p1-single,RegisterDocument,1606,2374.88
o3p1-single,RegisterDocument,1607,2374.91
o3p1-single,RegisterDocument,1608,2374.96
o3p1-single,RegisterDocument,1609,2375.19
o3p1-single,RegisterDocument,1610,2375.29
o3p1-single,RegisterDocument,1611,2375.37
o3p1-single,RegisterDocument,1612,2375.41
o3p1-single,RegisterDocument,1613,2375.63
o3p1-single,RegisterDocument,1614,2375.81
o3p1-single,RegisterDocument,1615,2375.86
o3p1-single,RegisterDocument,1616,2375.88
o3p1-single,RegisterDocument,1617,2376.04
o3p1-single,RegisterDocument,1618,2376.10
o3p1-single,RegisterDocument,1619,2376.13
o3p1-single,RegisterDocument,1620,2376.20
o3p1-single,RegisterDocument,1621,2376.42
o3p1-single,RegisterDocument,1622,2376.43
o3p1-single,RegisterDocument,1623,2376.45
o3p1-single,RegisterDocument,1624,2376.52
o3p1-single,RegisterDocument,1625,2376.71
o3p1-single,RegisterDocument,1626,2376.72
o3p1-single,RegisterDocument,1627,2376.73
o3p1-single,RegisterDocument,1628,2376.85
o3p1-single,RegisterDocument,1629,2376.90
o3p1-single,RegisterDocument,1630,2376.95
o3p1-single,RegisterDocument,1631,2377.06
o3p1-single,RegisterDocument,1632,2377.27
o3p1-single,RegisterDocument,1633,2377.28
o3p1-single,RegisterDocument,1634,2377.29
o3p1-single,RegisterDocument,1635,2377.30
o3p1-single,RegisterDocument,1636,2377.38
o3p1-single,RegisterDocument,1637,2377.70
o3p1-single,RegisterDocument,1638,2377.89
o3p1-single,RegisterDocument,1639,2378.09
o3p1-single,RegisterDocument,1640,2378.25
o3p1-single,RegisterDocument,1641,2378.33
o3p1-single,RegisterDocument,1642,2378.45
o3p1-single,RegisterDocument,1643,2378.46
o3p1-single,RegisterDocument,1644,2378.51
o3p1-single,RegisterDocument,1645,2378.61
o3p1-single,RegisterDocument,1646,2378.65
o3p1-single,RegisterDocument,1647,2378.92
o3p1-single,RegisterDocument,1648,2379.05
o3p1-single,RegisterDocument,1649,2379.28
o3p1-single,RegisterDocument,1650,2379.34
o3p1-single,RegisterDocument,1651,2379.87
o3p1-single,RegisterDocument,1652,2379.96
o3p1-single,RegisterDocument,1653,2380.06
o3p1-single,RegisterDocument,1654,2380.18
o3p1-single,RegisterDocument,1655,2380.38
o3p1-single,RegisterDocument,1656,2380.38
o3p1-single,RegisterDocument,1657,2380.38
o3p1-single,RegisterDocument,1658,2380.70
o3p1-single,RegisterDocument,1659,2380.74
o3p1-single,RegisterDocument,1660,2380.78
o3p1-single,RegisterDocument,1661,2381.15
o3p1-single,RegisterDocument,1662,2381.16
o3p1-single,RegisterDocument,1663,2381.16
o3p1-single,RegisterDocument,1664,2381.22
o3p1-single,RegisterDocument,1665,2381.32
o3p1-single,RegisterDocument,1666,2381.56
o3p1-single,RegisterDocument,1667,2381.67
o3p1-single,RegisterDocument,1668,2381.94
o3p1-single,RegisterDocument,1669,2382.05
o3p1-single,RegisterDocument,1670,2382.15
o3p1-single,RegisterDocument,1671,2382.20
o3p1-single,RegisterDocument,1672,2382.35
o3p1-single,RegisterDocument,1673,2382.38
o3p1-single,RegisterDocument,1674,2382.41
o3p1-single,RegisterDocument,1675,2382.51
o3p1-single,RegisterDocument,1676,2383.31
o3p1-single,RegisterDocument,1677,2383.42
o3p1-single,RegisterDocument,1678,2383.47
o3p1-single,RegisterDocument,1679,2383.59
o3p1-single,RegisterDocument,1680,2383.68
o3p1-single,RegisterDocument,1681,2383.71
o3p1-single,RegisterDocument,1682,2383.85
o3p1-single,RegisterDocument,1683,2384.05
o3p1-single,RegisterDocument,1684,2384.07
o3p1-single,RegisterDocument,1685,2384.07
o3p1-single,RegisterDocument,1686,2384.15
o3p1-single,RegisterDocument,1687,2384.17
o3p1-single,RegisterDocument,1688,2384.20
o3p1-single,RegisterDocument,1689,2384.32
o3p1-single,RegisterDocument,1690,2384.46
o3p1-single,RegisterDocument,1691,2384.52
o3p1-single,RegisterDocument,1692,2384.64
o3p1-single,RegisterDocument,1693,2384.76
o3p1-single,RegisterDocument,1694,2384.80
o3p1-single,RegisterDocument,1695,2384.86
o3p1-single,RegisterDocument,1696,2384.87
o3p1-single,RegisterDocument,1697,2384.88
o3p1-single,RegisterDocument,1698,2384.88
o3p1-single,RegisterDocument,1699,2385.04
o3p1-single,RegisterDocument,1700,2385.13
o3p1-single,RegisterDocument,1701,2385.13
o3p1-single,RegisterDocument,1702,2385.23
o3p1-single,RegisterDocument,1703,2385.33
o3p1-single,RegisterDocument,1704,2385.55
o3p1-single,RegisterDocument,1705,2385.64
o3p1-single,RegisterDocument,1706,2385.83
o3p1-single,RegisterDocument,1707,2385.83
o3p1-single,RegisterDocument,1708,2386.05
o3p1-single,RegisterDocument,1709,2386.17
o3p1-single,RegisterDocument,1710,2386.19
o3p1-single,RegisterDocument,1711,2386.45
o3p1-single,RegisterDocument,1712,2386.46
o3p1-single,RegisterDocument,1713,2386.53
o3p1-single,RegisterDocument,1714,2386.59
o3p1-single,RegisterDocument,1715,2386.83
o3p1-single,RegisterDocument,1716,2386.89
o3p1-single,RegisterDocument,1717,2386.90
o3p1-single,RegisterDocument,1718,2386.96
o3p1-single,RegisterDocument,1719,2387.14
o3p1-single,RegisterDocument,1720,2387.15
o3p1-single,RegisterDocument,1721,2387.17
o3p1-single,RegisterDocument,1722,2387.32
o3p1-single,RegisterDocument,1723,2387.57
o3p1-single,RegisterDocument,1724,2387.95
o3p1-single,RegisterDocument,1725,2388.04
o3p1-single,RegisterDocument,1726,2388.10
o3p1-single,RegisterDocument,1727,2388.14
o3p1-single,RegisterDocument,1728,2388.15
o3p1-single,RegisterDocument,1729,2388.23
o3p1-single,RegisterDocument,1730,2388.25
o3p1-single,RegisterDocument,1731,2388.28
o3p1-single,RegisterDocument,1732,2388.30
o3p1-single,RegisterDocument,1733,2388.34
o3p1-single,RegisterDocument,1734,2388.41
o3p1-single,RegisterDocument,1735,2388.47
o3p1-single,RegisterDocument,1736,2388.49
o3p1-single,RegisterDocument,1737,2388.49
o3p1-single,RegisterDocument,1738,2388.67
o3p1-single,RegisterDocument,1739,2389.02
o3p1-single,RegisterDocument,1740,2389.07
o3p1-single,RegisterDocument,1741,2389.48
o3p1-single,RegisterDocument,1742,2389.76
o3p1-single,RegisterDocument,1743,2389.77
o3p1-single,RegisterDocument,1744,2390.01
o3p1-single,RegisterDocument,1745,2390.19
o3p1-single,RegisterDocument,1746,2390.19
o3p1-single,RegisterDocument,1747,2390.20
o3p1-single,RegisterDocument,1748,2390.25
o3p1-single,RegisterDocument,1749,2390.42
o3p1-single,RegisterDocument,1750,2390.86
o3p1-single,RegisterDocument,1751,2391.11
o3p1-single,RegisterDocument,1752,2391.35
o3p1-single,RegisterDocument,1753,2391.38
o3p1-single,RegisterDocument,1754,2391.38
o3p1-single,RegisterDocument,1755,2391.62
o3p1-single,RegisterDocument,1756,2391.65
o3p1-single,RegisterDocument,1757,2391.96
o3p1-single,RegisterDocument,1758,2392.03
o3p1-single,RegisterDocument,1759,2392.07
o3p1-single,RegisterDocument,1760,2392.34
o3p1-single,RegisterDocument,1761,2392.44
o3p1-single,RegisterDocument,1762,2392.46
o3p1-single,RegisterDocument,1763,2392.96
o3p1-single,RegisterDocument,1764,2393.11
o3p1-single,RegisterDocument,1765,2393.47
o3p1-single,RegisterDocument,1766,2393.57
o3p1-single,RegisterDocument,1767,2393.95
o3p1-single,RegisterDocument,1768,2394.01
o3p1-single,RegisterDocument,1769,2394.17
o3p1-single,RegisterDocument,1770,2394.17
o3p1-single,RegisterDocument,1771,2394.20
o3p1-single,RegisterDocument,1772,2394.25
o3p1-single,RegisterDocument,1773,2394.42
o3p1-single,RegisterDocument,1774,2394.70
o3p1-single,RegisterDocument,1775,2395.00
o3p1-single,RegisterDocument,1776,2395.01
o3p1-single,RegisterDocument,1777,2395.24
o3p1-single,RegisterDocument,1778,2395.30
o3p1-single,RegisterDocument,1779,2395.43
o3p1-single,RegisterDocument,1780,2395.66
o3p1-single,RegisterDocument,1781,2395.77
o3p1-single,RegisterDocument,1782,2396.19
o3p1-single,RegisterDocument,1783,2396.22
o3p1-single,RegisterDocument,1784,2396.51
o3p1-single,RegisterDocument,1785,2396.59
o3p1-single,RegisterDocument,1786,2396.76
o3p1-single,RegisterDocument,1787,2397.22
o3p1-single,RegisterDocument,1788,2397.40
o3p1-single,RegisterDocument,1789,2397.50
o3p1-single,RegisterDocument,1790,2397.53
o3p1-single,RegisterDocument,1791,2397.69
o3p1-single,RegisterDocument,1792,2397.80
o3p1-single,RegisterDocument,1793,2398.32
o3p1-single,RegisterDocument,1794,2398.43
o3p1-single,RegisterDocument,1795,2399.13
o3p1-single,RegisterDocument,1796,2399.21
o3p1-single,RegisterDocument,1797,2399.32
o3p1-single,RegisterDocument,1798,2399.62
o3p1-single,RegisterDocument,1799,2399.72
o3p1-single,RegisterDocument,1800,2399.91
o3p1-single,RegisterDocument,1801,2400.07
o3p1-single,RegisterDocument,1802,2400.20
o3p1-single,RegisterDocument,1803,2400.22
o3p1-single,RegisterDocument,1804,2400.30
o3p1-single,RegisterDocument,1805,2400.60
o3p1-single,RegisterDocument,1806,2400.69
o3p1-single,RegisterDocument,1807,2400.91
o3p1-single,RegisterDocument,1808,2401.10
o3p1-single,RegisterDocument,1809,2401.11
o3p1-single,RegisterDocument,1810,2401.20
o3p1-single,RegisterDocument,1811,2401.31
o3p1-single,RegisterDocument,1812,2401.34
o3p1-single,RegisterDocument,1813,2401.38
o3p1-single,RegisterDocument,1814,2401.64
o3p1-single,RegisterDocument,1815,2401.74
o3p1-single,RegisterDocument,1816,2402.27
o3p1-single,RegisterDocument,1817,2402.58
o3p1-single,RegisterDocument,1818,2402.97
o3p1-single,RegisterDocument,1819,2403.21
o3p1-single,RegisterDocument,1820,2403.35
o3p1-single,RegisterDocument,1821,2403.53
o3p1-single,RegisterDocument,1822,2403.57
o3p1-single,RegisterDocument,1823,2403.78
o3p1-single,RegisterDocument,1824,2404.27
o3p1-single,RegisterDocument,1825,2404.53
o3p1-single,RegisterDocument,1826,2404.54
o3p1-single,RegisterDocument,1827,2404.59
o3p1-single,RegisterDocument,1828,2405.37
o3p1-single,RegisterDocument,1829,2405.38
o3p1-single,RegisterDocument,1830,2405.57
o3p1-single,RegisterDocument,1831,2406.19
o3p1-single,RegisterDocument,1832,2406.44
o3p1-single,RegisterDocument,1833,2406.45
o3p1-single,RegisterDocument,1834,2406.55
o3p1-single,RegisterDocument,1835,2407.01
o3p1-single,RegisterDocument,1836,2407.43
o3p1-single,RegisterDocument,1837,2407.55
o3p1-single,RegisterDocument,1838,2407.71
o3p1-single,RegisterDocument,1839,2407.78
o3p1-single,RegisterDocument,1840,2408.28
o3p1-single,RegisterDocument,1841,2408.45
o3p1-single,RegisterDocument,1842,2408.59
o3p1-single,RegisterDocument,1843,2408.62
o3p1-single,RegisterDocument,1844,2408.72
o3p1-single,RegisterDocument,1845,2408.75
o3p1-single,RegisterDocument,1846,2408.77
o3p1-single,RegisterDocument,1847,2408.79
o3p1-single,RegisterDocument,1848,2408.91
o3p1-single,RegisterDocument,1849,2408.96
o3p1-single,RegisterDocument,1850,2409.77
o3p1-single,RegisterDocument,1851,2409.80
o3p1-single,RegisterDocument,1852,2410.23
o3p1-single,RegisterDocument,1853,2410.27
o3p1-single,RegisterDocument,1854,2410.28
o3p1-single,RegisterDocument,1855,2410.31
o3p1-single,RegisterDocument,1856,2410.39
o3p1-single,RegisterDocument,1857,2410.69
o3p1-single,RegisterDocument,1858,2410.85
o3p1-single,RegisterDocument,1859,2410.94
o3p1-single,RegisterDocument,1860,2411.03
o3p1-single,RegisterDocument,1861,2411.09
o3p1-single,RegisterDocument,1862,2411.15
o3p1-single,RegisterDocument,1863,2411.27
o3p1-single,RegisterDocument,1864,2412.12
o3p1-single,RegisterDocument,1865,2412.31
o3p1-single,RegisterDocument,1866,2412.37
o3p1-single,RegisterDocument,1867,2412.45
o3p1-single,RegisterDocument,1868,2412.61
o3p1-single,RegisterDocument,1869,2412.84
o3p1-single,RegisterDocument,1870,2412.86
o3p1-single,RegisterDocument,1871,2412.89
o3p1-single,RegisterDocument,1872,2412.95
o3p1-single,RegisterDocument,1873,2413.08
o3p1-single,RegisterDocument,1874,2413.37
o3p1-single,RegisterDocument,1875,2413.51
o3p1-single,RegisterDocument,1876,2413.55
o3p1-single,RegisterDocument,1877,2413.65
o3p1-single,RegisterDocument,1878,2413.83
o3p1-single,RegisterDocument,1879,2414.36
o3p1-single,RegisterDocument,1880,2415.28
o3p1-single,RegisterDocument,1881,2415.50
o3p1-single,RegisterDocument,1882,2415.56
o3p1-single,RegisterDocument,1883,2415.99
o3p1-single,RegisterDocument,1884,2416.06
o3p1-single,RegisterDocument,1885,2416.10
o3p1-single,RegisterDocument,1886,2416.11
o3p1-single,RegisterDocument,1887,2416.56
o3p1-single,RegisterDocument,1888,2416.86
o3p1-single,RegisterDocument,1889,2417.03
o3p1-single,RegisterDocument,1890,2417.39
o3p1-single,RegisterDocument,1891,2418.01
o3p1-single,RegisterDocument,1892,2418.09
o3p1-single,RegisterDocument,1893,2419.46
o3p1-single,RegisterDocument,1894,2419.57
o3p1-single,RegisterDocument,1895,2419.63
o3p1-single,RegisterDocument,1896,2419.82
o3p1-single,RegisterDocument,1897,2420.46
o3p1-single,RegisterDocument,1898,2420.54
o3p1-single,RegisterDocument,1899,2420.64
o3p1-single,RegisterDocument,1900,2420.68
o3p1-single,RegisterDocument,1901,2421.03
o3p1-single,RegisterDocument,1902,2421.27
o3p1-single,RegisterDocument,1903,2421.47
o3p1-single,RegisterDocument,1904,2422.05
o3p1-single,RegisterDocument,1905,2422.14
o3p1-single,RegisterDocument,1906,2422.20
o3p1-single,RegisterDocument,1907,2422.28
o3p1-single,RegisterDocument,1908,2422.63
o3p1-single,RegisterDocument,1909,2423.02
o3p1-single,RegisterDocument,1910,2423.94
o3p1-single,RegisterDocument,1911,2424.19
o3p1-single,RegisterDocument,1912,2424.36
o3p1-single,RegisterDocument,1913,2424.65
o3p1-single,RegisterDocument,1914,2424.84
o3p1-single,RegisterDocument,1915,2425.17
o3p1-single,RegisterDocument,1916,2425.81
o3p1-single,RegisterDocument,1917,2425.87
o3p1-single,RegisterDocument,1918,2426.82
o3p1-single,RegisterDocument,1919,2427.14
o3p1-single,RegisterDocument,1920,2428.57
o3p1-single,RegisterDocument,1921,2428.90
o3p1-single,RegisterDocument,1922,2429.13
o3p1-single,RegisterDocument,1923,2429.87
o3p1-single,RegisterDocument,1924,2429.96
o3p1-single,RegisterDocument,1925,2430.27
o3p1-single,RegisterDocument,1926,2430.32
o3p1-single,RegisterDocument,1927,2431.37
o3p1-single,RegisterDocument,1928,2431.77
o3p1-single,RegisterDocument,1929,2432.05
o3p1-single,RegisterDocument,1930,2432.14
o3p1-single,RegisterDocument,1931,2432.21
o3p1-single,RegisterDocument,1932,2432.35
o3p1-single,RegisterDocument,1933,2433.11
o3p1-single,RegisterDocument,1934,2433.53
o3p1-single,RegisterDocument,1935,2433.93
o3p1-single,RegisterDocument,1936,2434.59
o3p1-single,RegisterDocument,1937,2435.01
o3p1-single,RegisterDocument,1938,2435.23
o3p1-single,RegisterDocument,1939,2436.74
o3p1-single,RegisterDocument,1940,2437.42
o3p1-single,RegisterDocument,1941,2437.84
o3p1-single,RegisterDocument,1942,2437.84
o3p1-single,RegisterDocument,1943,2437.98
o3p1-single,RegisterDocument,1944,2438.33
o3p1-single,RegisterDocument,1945,2438.88
o3p1-single,RegisterDocument,1946,2439.07
o3p1-single,RegisterDocument,1947,2440.00
o3p1-single,RegisterDocument,1948,2441.43
o3p1-single,RegisterDocument,1949,2442.02
o3p1-single,RegisterDocument,1950,2443.11
o3p1-single,RegisterDocument,1951,2444.53
o3p1-single,RegisterDocument,1952,2444.71
o3p1-single,RegisterDocument,1953,2444.79
o3p1-single,RegisterDocument,1954,2445.26
o3p1-single,RegisterDocument,1955,2446.10
o3p1-single,RegisterDocument,1956,2446.40
o3p1-single,RegisterDocument,1957,2448.10
o3p1-single,RegisterDocument,1958,2448.48
o3p1-single,RegisterDocument,1959,2448.63
o3p1-single,RegisterDocument,1960,2448.91
o3p1-single,RegisterDocument,1961,2449.57
o3p1-single,RegisterDocument,1962,2449.98
o3p1-single,RegisterDocument,1963,2451.66
o3p1-single,RegisterDocument,1964,2452.64
o3p1-single,RegisterDocument,1965,2453.85
o3p1-single,RegisterDocument,1966,2454.19
o3p1-single,RegisterDocument,1967,2454.69
o3p1-single,RegisterDocument,1968,2456.47
o3p1-single,RegisterDocument,1969,2458.81
o3p1-single,RegisterDocument,1970,2462.88
o3p1-single,RegisterDocument,1971,2463.40
o3p1-single,RegisterDocument,1972,2464.06
o3p1-single,RegisterDocument,1973,2464.42
o3p1-single,RegisterDocument,1974,2469.72
o3p1-single,RegisterDocument,1975,2469.76
o3p1-single,RegisterDocument,1976,2469.91
o3p1-single,RegisterDocument,1977,2470.37
o3p1-single,RegisterDocument,1978,2470.46
o3p1-single,RegisterDocument,1979,2474.33
o3p1-single,RegisterDocument,1980,2474.52
o3p1-single,RegisterDocument,1981,2476.67
o3p1-single,RegisterDocument,1982,2477.52
o3p1-single,RegisterDocument,1983,2477.75
o3p1-single,RegisterDocument,1984,2478.27
o3p1-single,RegisterDocument,1985,2479.69
o3p1-single,RegisterDocument,1986,2481.49
o3p1-single,RegisterDocument,1987,2482.97
o3p1-single,RegisterDocument,1988,2483.83
o3p1-single,RegisterDocument,1989,2485.76
o3p1-single,RegisterDocument,1990,2485.85
o3p1-single,RegisterDocument,1991,2486.55
o3p1-single,RegisterDocument,1992,2488.33
o3p1-single,RegisterDocument,1993,2489.85
o3p1-single,RegisterDocument,1994,2491.73
o3p1-single,RegisterDocument,1995,2494.07
o3p1-single,RegisterDocument,1996,2498.72
o3p1-single,RegisterDocument,1997,2501.89
o3p1-single,RegisterDocument,1998,2507.98
o3p1-single,RegisterDocument,1999,2513.62
o3p1-single,CheckAccess,0,4.01
o3p1-single,CheckAccess,1,3.48
o3p1-single,CheckAccess,2,3.69
o3p1-single,CheckAccess,3,3.23
o3p1-single,CheckAccess,4,3.53
o3p1-single,CheckAccess,5,3.84
o3p1-single,CheckAccess,6,4.75
o3p1-single,CheckAccess,7,5.96
o3p1-single,CheckAccess,8,6.73
o3p1-single,CheckAccess,9,6.04
o3p1-single,CheckAccess,10,4.99
o3p1-single,CheckAccess,11,3.23
o3p1-single,CheckAccess,12,3.61
o3p1-single,CheckAccess,13,4.34
o3p1-single,CheckAccess,14,5.61
o3p1-single,CheckAccess,15,3.46
o3p1-single,CheckAccess,16,3.86
o3p1-single,CheckAccess,17,3.29
o3p1-single,CheckAccess,18,2.77
o3p1-single,CheckAccess,19,2.88
o3p1-single,CheckAccess,20,3.89
o3p1-single,CheckAccess,21,4.11
o3p1-single,CheckAccess,22,4.06
o3p1-single,CheckAccess,23,5.43
o3p1-single,CheckAccess,24,5.66
o3p1-single,CheckAccess,25,4.92
o3p1-single,CheckAccess,26,5.08
o3p1-single,CheckAccess,27,4.51
o3p1-single,CheckAccess,28,4.73
o3p1-single,CheckAccess,29,3.57
o3p1-single,CheckAccess,30,4.54
o3p1-single,CheckAccess,31,3.68
o3p1-single,CheckAccess,32,5.19
o3p1-single,CheckAccess,33,3.43
o3p1-single,CheckAccess,34,4.70
o3p1-single,CheckAccess,35,5.07
o3p1-single,CheckAccess,36,4.12
o3p1-single,CheckAccess,37,3.03
o3p1-single,CheckAccess,38,5.02
o3p1-single,CheckAccess,39,5.62
o3p1-single,CheckAccess,40,4.17
o3p1-single,CheckAccess,41,3.03
o3p1-single,CheckAccess,42,3.43
o3p1-single,CheckAccess,43,5.34
o3p1-single,CheckAccess,44,3.70
o3p1-single,CheckAccess,45,5.33
o3p1-single,CheckAccess,46,3.62
o3p1-single,CheckAccess,47,4.53
o3p1-single,CheckAccess,48,5.57
o3p1-single,CheckAccess,49,3.86
o3p1-single,CheckAccess,50,6.11
o3p1-single,CheckAccess,51,6.24
o3p1-single,CheckAccess,52,3.22
o3p1-single,CheckAccess,53,2.98
o3p1-single,CheckAccess,54,2.80
o3p1-single,CheckAccess,55,2.74
o3p1-single,CheckAccess,56,3.28
o3p1-single,CheckAccess,57,3.98
o3p1-single,CheckAccess,58,3.77
o3p1-single,CheckAccess,59,6.41
o3p1-single,CheckAccess,60,5.77
o3p1-single,CheckAccess,61,5.58
o3p1-single,CheckAccess,62,5.44
o3p1-single,CheckAccess,63,4.26
o3p1-single,CheckAccess,64,6.40
o3p1-single,CheckAccess,65,5.07
o3p1-single,CheckAccess,66,4.97
o3p1-single,CheckAccess,67,4.05
o3p1-single,CheckAccess,68,3.88
o3p1-single,CheckAccess,69,4.29
o3p1-single,CheckAccess,70,2.87
o3p1-single,CheckAccess,71,3.03
o3p1-single,CheckAccess,72,2.79
o3p1-single,CheckAccess,73,3.05
o3p1-single,CheckAccess,74,3.02
o3p1-single,CheckAccess,75,3.40
o3p1-single,CheckAccess,76,3.12
o3p1-single,CheckAccess,77,3.67
o3p1-single,CheckAccess,78,3.68
o3p1-single,CheckAccess,79,3.76
o3p1-single,CheckAccess,80,5.56
o3p1-single,CheckAccess,81,3.93
o3p1-single,CheckAccess,82,5.98
o3p1-single,CheckAccess,83,4.04
o3p1-single,CheckAccess,84,3.26
o3p1-single,CheckAccess,85,3.11
o3p1-single,CheckAccess,86,2.81
o3p1-single,CheckAccess,87,2.66
o3p1-single,CheckAccess,88,2.89
o3p1-single,CheckAccess,89,4.44
o3p1-single,CheckAccess,90,3.35
o3p1-single,CheckAccess,91,4.02
o3p1-single,CheckAccess,92,5.36
o3p1-single,CheckAccess,93,4.44
o3p1-single,CheckAccess,94,3.60
o3p1-single,CheckAccess,95,3.97
o3p1-single,CheckAccess,96,2.91
o3p1-single,CheckAccess,97,3.03
o3p1-single,CheckAccess,98,3.66
o3p1-single,CheckAccess,99,3.80
o3p1-majority,RegisterDocument,0,2211.35
o3p1-majority,RegisterDocument,1,2217.52
o3p1-majority,RegisterDocument,2,2225.44
o3p1-majority,RegisterDocument,3,2232.55
o3p1-majority,RegisterDocument,4,2233.47
o3p1-majority,RegisterDocument,5,2233.64
o3p1-majority,RegisterDocument,6,2234.90
o3p1-majority,RegisterDocument,7,2236.60
o3p1-majority,RegisterDocument,8,2237.18
o3p1-majority,RegisterDocument,9,2238.31
o3p1-majority,RegisterDocument,10,2242.38
o3p1-majority,RegisterDocument,11,2244.36
o3p1-majority,RegisterDocument,12,2245.41
o3p1-majority,RegisterDocument,13,2246.15
o3p1-majority,RegisterDocument,14,2246.23
o3p1-majority,RegisterDocument,15,2247.41
o3p1-majority,RegisterDocument,16,2248.06
o3p1-majority,RegisterDocument,17,2248.86
o3p1-majority,RegisterDocument,18,2249.78
o3p1-majority,RegisterDocument,19,2250.06
o3p1-majority,RegisterDocument,20,2250.78
o3p1-majority,RegisterDocument,21,2250.86
o3p1-majority,RegisterDocument,22,2251.58
o3p1-majority,RegisterDocument,23,2251.63
o3p1-majority,RegisterDocument,24,2251.96
o3p1-majority,RegisterDocument,25,2252.98
o3p1-majority,RegisterDocument,26,2253.02
o3p1-majority,RegisterDocument,27,2254.68
o3p1-majority,RegisterDocument,28,2255.13
o3p1-majority,RegisterDocument,29,2256.09
o3p1-majority,RegisterDocument,30,2256.19
o3p1-majority,RegisterDocument,31,2256.52
o3p1-majority,RegisterDocument,32,2256.87
o3p1-majority,RegisterDocument,33,2256.97
o3p1-majority,RegisterDocument,34,2257.15
o3p1-majority,RegisterDocument,35,2258.04
o3p1-majority,RegisterDocument,36,2258.04
o3p1-majority,RegisterDocument,37,2258.46
o3p1-majority,RegisterDocument,38,2259.59
o3p1-majority,RegisterDocument,39,2260.50
o3p1-majority,RegisterDocument,40,2260.66
o3p1-majority,RegisterDocument,41,2260.77
o3p1-majority,RegisterDocument,42,2261.54
o3p1-majority,RegisterDocument,43,2262.24
o3p1-majority,RegisterDocument,44,2262.38
o3p1-majority,RegisterDocument,45,2263.23
o3p1-majority,RegisterDocument,46,2263.54
o3p1-majority,RegisterDocument,47,2263.66
o3p1-majority,RegisterDocument,48,2264.37
o3p1-majority,RegisterDocument,49,2265.16
o3p1-majority,RegisterDocument,50,2265.16
o3p1-majority,RegisterDocument,51,2265.69
o3p1-majority,RegisterDocument,52,2265.70
o3p1-majority,RegisterDocument,53,2265.72
o3p1-majority,RegisterDocument,54,2265.99
o3p1-majority,RegisterDocument,55,2266.18
o3p1-majority,RegisterDocument,56,2266.36
o3p1-majority,RegisterDocument,57,2266.69
o3p1-majority,RegisterDocument,58,2266.94
o3p1-majority,RegisterDocument,59,2267.64
o3p1-majority,RegisterDocument,60,2268.25
o3p1-majority,RegisterDocument,61,2268.36
o3p1-majority,RegisterDocument,62,2269.32
o3p1-majority,RegisterDocument,63,2269.34
o3p1-majority,RegisterDocument,64,2269.52
o3p1-majority,RegisterDocument,65,2269.53
o3p1-majority,RegisterDocument,66,2269.87
o3p1-majority,RegisterDocument,67,2269.94
o3p1-majority,RegisterDocument,68,2270.04
o3p1-majority,RegisterDocument,69,2270.12
o3p1-majority,RegisterDocument,70,2270.93
o3p1-majority,RegisterDocument,71,2271.51
o3p1-majority,RegisterDocument,72,2271.99
o3p1-majority,RegisterDocument,73,2272.53
o3p1-majority,RegisterDocument,74,2272.55
o3p1-majority,RegisterDocument,75,2272.55
o3p1-majority,RegisterDocument,76,2272.66
o3p1-majority,RegisterDocument,77,2272.71
o3p1-majority,RegisterDocument,78,2272.75
o3p1-majority,RegisterDocument,79,2272.86
o3p1-majority,RegisterDocument,80,2273.11
o3p1-majority,RegisterDocument,81,2273.63
o3p1-majority,RegisterDocument,82,2273.84
o3p1-majority,RegisterDocument,83,2274.04
o3p1-majority,RegisterDocument,84,2274.38
o3p1-majority,RegisterDocument,85,2274.61
o3p1-majority,RegisterDocument,86,2274.62
o3p1-majority,RegisterDocument,87,2274.69
o3p1-majority,RegisterDocument,88,2275.14
o3p1-majority,RegisterDocument,89,2275.82
o3p1-majority,RegisterDocument,90,2275.90
o3p1-majority,RegisterDocument,91,2275.94
o3p1-majority,RegisterDocument,92,2276.23
o3p1-majority,RegisterDocument,93,2276.26
o3p1-majority,RegisterDocument,94,2276.38
o3p1-majority,RegisterDocument,95,2277.15
o3p1-majority,RegisterDocument,96,2277.23
o3p1-majority,RegisterDocument,97,2277.27
o3p1-majority,RegisterDocument,98,2277.56
o3p1-majority,RegisterDocument,99,2277.59
o3p1-majority,RegisterDocument,100,2277.70
o3p1-majority,RegisterDocument,101,2278.08
o3p1-majority,RegisterDocument,102,2278.67
o3p1-majority,RegisterDocument,103,2279.46
o3p1-majority,RegisterDocument,104,2279.89
o3p1-majority,RegisterDocument,105,2280.57
o3p1-majority,RegisterDocument,106,2280.58
o3p1-majority,RegisterDocument,107,2281.21
o3p1-majority,RegisterDocument,108,2281.40
o3p1-majority,RegisterDocument,109,2281.44
o3p1-majority,RegisterDocument,110,2281.62
o3p1-majority,RegisterDocument,111,2281.75
o3p1-majority,RegisterDocument,112,2281.80
o3p1-majority,RegisterDocument,113,2281.81
o3p1-majority,RegisterDocument,114,2281.96
o3p1-majority,RegisterDocument,115,2282.30
o3p1-majority,RegisterDocument,116,2282.61
o3p1-majority,RegisterDocument,117,2282.65
o3p1-majority,RegisterDocument,118,2282.81
o3p1-majority,RegisterDocument,119,2282.83
o3p1-majority,RegisterDocument,120,2282.88
o3p1-majority,RegisterDocument,121,2283.52
o3p1-majority,RegisterDocument,122,2283.61
o3p1-majority,RegisterDocument,123,2283.87
o3p1-majority,RegisterDocument,124,2284.07
o3p1-majority,RegisterDocument,125,2284.12
o3p1-majority,RegisterDocument,126,2284.25
o3p1-majority,RegisterDocument,127,2284.33
o3p1-majority,RegisterDocument,128,2284.61
o3p1-majority,RegisterDocument,129,2284.62
o3p1-majority,RegisterDocument,130,2284.99
o3p1-majority,RegisterDocument,131,2285.27
o3p1-majority,RegisterDocument,132,2285.37
o3p1-majority,RegisterDocument,133,2285.82
o3p1-majority,RegisterDocument,134,2285.82
o3p1-majority,RegisterDocument,135,2286.22
o3p1-majority,RegisterDocument,136,2286.58
o3p1-majority,RegisterDocument,137,2287.57
o3p1-majority,RegisterDocument,138,2287.63
o3p1-majority,RegisterDocument,139,2287.79
o3p1-majority,RegisterDocument,140,2288.04
o3p1-majority,RegisterDocument,141,2288.13
o3p1-majority,RegisterDocument,142,2288.22
o3p1-majority,RegisterDocument,143,2288.24
o3p1-majority,RegisterDocument,144,2288.33
o3p1-majority,RegisterDocument,145,2288.63
o3p1-majority,RegisterDocument,146,2288.83
o3p1-majority,RegisterDocument,147,2289.19
o3p1-majority,RegisterDocument,148,2289.33
o3p1-majority,RegisterDocument,149,2289.60
o3p1-majority,RegisterDocument,150,2289.87
o3p1-majority,RegisterDocument,151,2289.95
o3p1-majority,RegisterDocument,152,2289.97
o3p1-majority,RegisterDocument,153,2290.07
o3p1-majority,RegisterDocument,154,2290.43
o3p1-majority,RegisterDocument,155,2290.46
o3p1-majority,RegisterDocument,156,2290.64
o3p1-majority,RegisterDocument,157,2290.87
o3p1-majority,RegisterDocument,158,2290.95
o3p1-majority,RegisterDocument,159,2291.22
o3p1-majority,RegisterDocument,160,2291.49
o3p1-majority,RegisterDocument,161,2291.65
o3p1-majority,RegisterDocument,162,2291.70
o3p1-majority,RegisterDocument,163,2291.74
o3p1-majority,RegisterDocument,164,2291.89
o3p1-majority,RegisterDocument,165,2292.05
o3p1-majority,RegisterDocument,166,2292.29
o3p1-majority,RegisterDocument,167,2292.40
o3p1-majority,RegisterDocument,168,2292.73
o3p1-majority,RegisterDocument,169,2292.85
o3p1-majority,RegisterDocument,170,2292.93
o3p1-majority,RegisterDocument,171,2293.45
o3p1-majority,RegisterDocument,172,2293.50
o3p1-majority,RegisterDocument,173,2293.50
o3p1-majority,RegisterDocument,174,2293.51
o3p1-majority,RegisterDocument,175,2293.55
o3p1-majority,RegisterDocument,176,2293.65
o3p1-majority,RegisterDocument,177,2293.71
o3p1-majority,RegisterDocument,178,2293.79
o3p1-majority,RegisterDocument,179,2293.91
o3p1-majority,RegisterDocument,180,2293.95
o3p1-majority,RegisterDocument,181,2293.97
o3p1-majority,RegisterDocument,182,2294.33
o3p1-majority,RegisterDocument,183,2294.50
o3p1-majority,RegisterDocument,184,2294.79
o3p1-majority,RegisterDocument,185,2295.03
o3p1-majority,RegisterDocument,186,2295.28
o3p1-majority,RegisterDocument,187,2295.42
o3p1-majority,RegisterDocument,188,2295.71
o3p1-majority,RegisterDocument,189,2295.78
o3p1-majority,RegisterDocument,190,2296.01
o3p1-majority,RegisterDocument,191,2296.20
o3p1-majority,RegisterDocument,192,2296.30
o3p1-majority,RegisterDocument,193,2296.33
o3p1-majority,RegisterDocument,194,2296.39
o3p1-majority,RegisterDocument,195,2296.52
o3p1-majority,RegisterDocument,196,2296.68
o3p1-majority,RegisterDocument,197,2296.86
o3p1-majority,RegisterDocument,198,2296.97
o3p1-majority,RegisterDocument,199,2297.42
o3p1-majority,RegisterDocument,200,2297.46
o3p1-majority,RegisterDocument,201,2297.56
o3p1-majority,RegisterDocument,202,2297.68
o3p1-majority,RegisterDocument,203,2297.69
o3p1-majority,RegisterDocument,204,2297.79
o3p1-majority,RegisterDocument,205,2297.80
o3p1-majority,RegisterDocument,206,2298.42
o3p1-majority,RegisterDocument,207,2298.71
o3p1-majority,RegisterDocument,208,2298.93
o3p1-majority,RegisterDocument,209,2299.40
o3p1-majority,RegisterDocument,210,2299.41
o3p1-majority,RegisterDocument,211,2299.50
o3p1-majority,RegisterDocument,212,2299.66
o3p1-majority,RegisterDocument,213,2299.70
o3p1-majority,RegisterDocument,214,2299.70
o3p1-majority,RegisterDocument,215,2299.89
o3p1-majority,RegisterDocument,216,2299.97
o3p1-majority,RegisterDocument,217,2300.39
o3p1-majority,RegisterDocument,218,2300.52
o3p1-majority,RegisterDocument,219,2300.61
o3p1-majority,RegisterDocument,220,2300.96
o3p1-majority,RegisterDocument,221,2301.65
o3p1-majority,RegisterDocument,222,2301.68
o3p1-majority,RegisterDocument,223,2301.73
o3p1-majority,RegisterDocument,224,2301.75
o3p1-majority,RegisterDocument,225,2301.78
o3p1-majority,RegisterDocument,226,2301.79
o3p1-majority,RegisterDocument,227,2301.87
o3p1-majority,RegisterDocument,228,2301.96
o3p1-majority,RegisterDocument,229,2301.96
o3p1-majority,RegisterDocument,230,2302.54
o3p1-majority,RegisterDocument,231,2302.56
o3p1-majority,RegisterDocument,232,2302.63
o3p1-majority,RegisterDocument,233,2302.75
o3p1-majority,RegisterDocument,234,2302.86
o3p1-majority,RegisterDocument,235,2303.29
o3p1-majority,RegisterDocument,236,2303.64
o3p1-majority,RegisterDocument,237,2303.70
o3p1-majority,RegisterDocument,238,2303.93
o3p1-majority,RegisterDocument,239,2304.03
o3p1-majority,RegisterDocument,240,2304.07
o3p1-majority,RegisterDocument,241,2304.15
o3p1-majority,RegisterDocument,242,2304.18
o3p1-majority,RegisterDocument,243,2304.32
o3p1-majority,RegisterDocument,244,2304.44
o3p1-majority,RegisterDocument,245,2304.53
o3p1-majority,RegisterDocument,246,2304.69
o3p1-majority,RegisterDocument,247,2304.70
o3p1-majority,RegisterDocument,248,2305.05
o3p1-majority,RegisterDocument,249,2305.11
o3p1-majority,RegisterDocument,250,2305.22
o3p1-majority,RegisterDocument,251,2305.29
o3p1-majority,RegisterDocument,252,2305.33
o3p1-majority,RegisterDocument,253,2305.39
o3p1-majority,RegisterDocument,254,2305.41
o3p1-majority,RegisterDocument,255,2305.83
o3p1-majority,RegisterDocument,256,2305.96
o3p1-majority,RegisterDocument,257,2306.01
o3p1-majority,RegisterDocument,258,2306.16
o3p1-majority,RegisterDocument,259,2306.25
o3p1-majority,RegisterDocument,260,2306.43
o3p1-majority,RegisterDocument,261,2306.60
o3p1-majority,RegisterDocument,262,2306.60
o3p1-majority,RegisterDocument,263,2306.63
o3p1-majority,RegisterDocument,264,2306.67
o3p1-majority,RegisterDocument,265,2306.83
o3p1-majority,RegisterDocument,266,2307.27
o3p1-majority,RegisterDocument,267,2307.34
o3p1-majority,RegisterDocument,268,2307.54
o3p1-majority,RegisterDocument,269,2307.67
o3p1-majority,RegisterDocument,270,2307.72
o3p1-majority,RegisterDocument,271,2307.80
o3p1-majority,RegisterDocument,272,2307.83
o3p1-majority,RegisterDocument,273,2307.91
o3p1-majority,RegisterDocument,274,2307.98
o3p1-majority,RegisterDocument,275,2308.02
o3p1-majority,RegisterDocument,276,2308.02
o3p1-majority,RegisterDocument,277,2308.05
o3p1-majority,RegisterDocument,278,2308.33
o3p1-majority,RegisterDocument,279,2308.34
o3p1-majority,RegisterDocument,280,2308.39
o3p1-majority,RegisterDocument,281,2308.66
o3p1-majority,RegisterDocument,282,2308.67
o3p1-majority,RegisterDocument,283,2308.70
o3p1-majority,RegisterDocument,284,2308.74
o3p1-majority,RegisterDocument,285,2308.85
o3p1-majority,RegisterDocument,286,2308.88
o3p1-majority,RegisterDocument,287,2309.07
o3p1-majority,RegisterDocument,288,2309.09
o3p1-majority,RegisterDocument,289,2309.36
o3p1-majority,RegisterDocument,290,2309.39
o3p1-majority,RegisterDocument,291,2309.41
o3p1-majority,RegisterDocument,292,2309.70
o3p1-majority,RegisterDocument,293,2309.75
o3p1-majority,RegisterDocument,294,2309.84
o3p1-majority,RegisterDocument,295,2310.05
o3p1-majority,RegisterDocument,296,2310.09
o3p1-majority,RegisterDocument,297,2310.12
o3p1-majority,RegisterDocument,298,2310.15
o3p1-majority,RegisterDocument,299,2310.35
o3p1-majority,RegisterDocument,300,2310.48
o3p1-majority,RegisterDocument,301,2310.64
o3p1-majority,RegisterDocument,302,2310.72
o3p1-majority,RegisterDocument,303,2310.83
o3p1-majority,RegisterDocument,304,2310.91
o3p1-majority,RegisterDocument,305,2311.09
o3p1-majority,RegisterDocument,306,2311.27
o3p1-majority,RegisterDocument,307,2311.29
o3p1-majority,RegisterDocument,308,2311.40
o3p1-majority,RegisterDocument,309,2311.53
o3p1-majority,RegisterDocument,310,2311.55
o3p1-majority,RegisterDocument,311,2311.68
o3p1-majority,RegisterDocument,312,2311.88
o3p1-majority,RegisterDocument,313,2311.89
o3p1-majority,RegisterDocument,314,2312.09
o3p1-majority,RegisterDocument,315,2312.11
o3p1-majority,RegisterDocument,316,2312.51
o3p1-majority,RegisterDocument,317,2312.70
o3p1-majority,RegisterDocument,318,2312.87
o3p1-majority,RegisterDocument,319,2312.98
o3p1-majority,RegisterDocument,320,2313.02
o3p1-majority,RegisterDocument,321,2313.08
o3p1-majority,RegisterDocument,322,2313.10
o3p1-majority,RegisterDocument,323,2313.33
o3p1-majority,RegisterDocument,324,2313.51
o3p1-majority,RegisterDocument,325,2313.65
o3p1-majority,RegisterDocument,326,2313.72
o3p1-majority,RegisterDocument,327,2314.22
o3p1-majority,RegisterDocument,328,2314.26
o3p1-majority,RegisterDocument,329,2314.61
o3p1-majority,RegisterDocument,330,2314.67
o3p1-majority,RegisterDocument,331,2314.90
o3p1-majority,RegisterDocument,332,2315.04
o3p1-majority,RegisterDocument,333,2315.37
o3p1-majority,RegisterDocument,334,2315.43
o3p1-majority,RegisterDocument,335,2315.57
o3p1-majority,RegisterDocument,336,2315.63
o3p1-majority,RegisterDocument,337,2315.68
o3p1-majority,RegisterDocument,338,2315.76
o3p1-majority,RegisterDocument,339,2315.76
o3p1-majority,RegisterDocument,340,2315.91
o3p1-majority,RegisterDocument,341,2315.92
o3p1-majority,RegisterDocument,342,2316.13
o3p1-majority,RegisterDocument,343,2316.26
o3p1-majority,RegisterDocument,344,2316.29
o3p1-majority,RegisterDocument,345,2316.49
o3p1-majority,RegisterDocument,346,2316.63
o3p1-majority,RegisterDocument,347,2316.71
o3p1-majority,RegisterDocument,348,2316.88
o3p1-majority,RegisterDocument,349,2317.16
o3p1-majority,RegisterDocument,350,2317.19
o3p1-majority,RegisterDocument,351,2317.21
o3p1-majority,RegisterDocument,352,2317.35
o3p1-majority,RegisterDocument,353,2317.51
o3p1-majority,RegisterDocument,354,2317.65
o3p1-majority,RegisterDocument,355,2317.67
o3p1-majority,RegisterDocument,356,2317.69
o3p1-majority,RegisterDocument,357,2317.76
o3p1-majority,RegisterDocument,358,2317.87
o3p1-majority,RegisterDocument,359,2317.96
o3p1-majority,RegisterDocument,360,2317.97
o3p1-majority,RegisterDocument,361,2318.04
o3p1-majority,RegisterDocument,362,2318.04
o3p1-majority,RegisterDocument,363,2318.06
o3p1-majority,RegisterDocument,364,2318.20
o3p1-majority,RegisterDocument,365,2318.24
o3p1-majority,RegisterDocument,366,2318.26
o3p1-majority,RegisterDocument,367,2318.30
o3p1-majority,RegisterDocument,368,2318.51
o3p1-majority,RegisterDocument,369,2318.55
o3p1-majority,RegisterDocument,370,2318.57
o3p1-majority,RegisterDocument,371,2318.61
o3p1-majority,RegisterDocument,372,2318.72
o3p1-majority,RegisterDocument,373,2318.74
o3p1-majority,RegisterDocument,374,2318.87
o3p1-majority,RegisterDocument,375,2318.91
o3p1-majority,RegisterDocument,376,2319.12
o3p1-majority,RegisterDocument,377,2319.13
o3p1-majority,RegisterDocument,378,2319.15
o3p1-majority,RegisterDocument,379,2319.17
o3p1-majority,RegisterDocument,380,2319.20
o3p1-majority,RegisterDocument,381,2319.26
o3p1-majority,RegisterDocument,382,2319.29
o3p1-majority,RegisterDocument,383,2319.36
o3p1-majority,RegisterDocument,384,2319.44
o3p1-majority,RegisterDocument,385,2319.45
o3p1-majority,RegisterDocument,386,2319.49
o3p1-majority,RegisterDocument,387,2319.60
o3p1-majority,RegisterDocument,388,2319.78
o3p1-majority,RegisterDocument,389,2319.81
o3p1-majority,RegisterDocument,390,2320.05
o3p1-majority,RegisterDocument,391,2320.06
o3p1-majority,RegisterDocument,392,2320.23
o3p1-majority,RegisterDocument,393,2320.26
o3p1-majority,RegisterDocument,394,2320.26
o3p1-majority,RegisterDocument,395,2320.29
o3p1-majority,RegisterDocument,396,2320.31
o3p1-majority,RegisterDocument,397,2320.32
o3p1-majority,RegisterDocument,398,2320.34
o3p1-majority,RegisterDocument,399,2320.39
o3p1-majority,RegisterDocument,400,2320.44
o3p1-majority,RegisterDocument,401,2320.57
o3p1-majority,RegisterDocument,402,2320.74
o3p1-majority,RegisterDocument,403,2320.74
o3p1-majority,RegisterDocument,404,2320.80
o3p1-majority,RegisterDocument,405,2321.02
o3p1-majority,RegisterDocument,406,2321.07
o3p1-majority,RegisterDocument,407,2321.37
o3p1-majority,RegisterDocument,408,2321.54
o3p1-majority,RegisterDocument,409,2321.59
o3p1-majority,RegisterDocument,410,2321.72
o3p1-majority,RegisterDocument,411,2321.86
o3p1-majority,RegisterDocument,412,2322.01
o3p1-majority,RegisterDocument,413,2322.07
o3p1-majority,RegisterDocument,414,2322.11
o3p1-majority,RegisterDocument,415,2322.16
o3p1-majority,RegisterDocument,416,2322.18
o3p1-majority,RegisterDocument,417,2322.42
o3p1-majority,RegisterDocument,418,2322.51
o3p1-majority,RegisterDocument,419,2322.68
o3p1-majority,RegisterDocument,420,2322.97
o3p1-majority,RegisterDocument,421,2322.99
o3p1-majority,RegisterDocument,422,2323.01
o3p1-majority,RegisterDocument,423,2323.09
o3p1-majority,RegisterDocument,424,2323.21
o3p1-majority,RegisterDocument,425,2323.34
o3p1-majority,RegisterDocument,426,2323.51
o3p1-majority,RegisterDocument,427,2323.55
o3p1-majority,RegisterDocument,428,2323.56
o3p1-majority,RegisterDocument,429,2323.65
o3p1-majority,RegisterDocument,430,2324.01
o3p1-majority,RegisterDocument,431,2324.05
o3p1-majority,RegisterDocument,432,2324.16
o3p1-majority,RegisterDocument,433,2324.17
o3p1-majority,RegisterDocument,434,2324.39
o3p1-majority,RegisterDocument,435,2324.55
o3p1-majority,RegisterDocument,436,2324.93
o3p1-majority,RegisterDocument,437,2325.16
o3p1-majority,RegisterDocument,438,2325.26
o3p1-majority,RegisterDocument,439,2325.35
o3p1-majority,RegisterDocument,440,2325.47
o3p1-majority,RegisterDocument,441,2325.49
o3p1-majority,RegisterDocument,442,2325.62
o3p1-majority,RegisterDocument,443,2325.78
o3p1-majority,RegisterDocument,444,2325.79
o3p1-majority,RegisterDocument,445,2325.99
o3p1-majority,RegisterDocument,446,2326.06
o3p1-majority,RegisterDocument,447,2326.08
o3p1-majority,RegisterDocument,448,2326.11
o3p1-majority,RegisterDocument,449,2326.33
o3p1-majority,RegisterDocument,450,2326.46
o3p1-majority,RegisterDocument,451,2326.55
o3p1-majority,RegisterDocument,452,2326.60
o3p1-majority,RegisterDocument,453,2326.64
o3p1-majority,RegisterDocument,454,2326.69
o3p1-majority,RegisterDocument,455,2326.78
o3p1-majority,RegisterDocument,456,2326.78
o3p1-majority,RegisterDocument,457,2326.83
o3p1-majority,RegisterDocument,458,2326.97
o3p1-majority,RegisterDocument,459,2327.09
o3p1-majority,RegisterDocument,460,2327.22
o3p1-majority,RegisterDocument,461,2327.39
o3p1-majority,RegisterDocument,462,2327.40
o3p1-majority,RegisterDocument,463,2327.54
o3p1-majority,RegisterDocument,464,2327.59
o3p1-majority,RegisterDocument,465,2327.61
o3p1-majority,RegisterDocument,466,2327.62
o3p1-majority,RegisterDocument,467,2327.70
o3p1-majority,RegisterDocument,468,2327.71
o3p1-majority,RegisterDocument,469,2327.78
o3p1-majority,RegisterDocument,470,2327.78
o3p1-majority,RegisterDocument,471,2327.80
o3p1-majority,RegisterDocument,472,2327.95
o3p1-majority,RegisterDocument,473,2327.99
o3p1-majority,RegisterDocument,474,2328.11
o3p1-majority,RegisterDocument,475,2328.11
o3p1-majority,RegisterDocument,476,2328.13
o3p1-majority,RegisterDocument,477,2328.14
o3p1-majority,RegisterDocument,478,2328.18
o3p1-majority,RegisterDocument,479,2328.21
o3p1-majority,RegisterDocument,480,2328.29
o3p1-majority,RegisterDocument,481,2328.44
o3p1-majority,RegisterDocument,482,2328.54
o3p1-majority,RegisterDocument,483,2328.63
o3p1-majority,RegisterDocument,484,2328.64
o3p1-majority,RegisterDocument,485,2328.67
o3p1-majority,RegisterDocument,486,2328.68
o3p1-majority,RegisterDocument,487,2328.78
o3p1-majority,RegisterDocument,488,2328.80
o3p1-majority,RegisterDocument,489,2328.86
o3p1-majority,RegisterDocument,490,2328.90
o3p1-majority,RegisterDocument,491,2329.00
o3p1-majority,RegisterDocument,492,2329.32
o3p1-majority,RegisterDocument,493,2329.34
o3p1-majority,RegisterDocument,494,2329.46
o3p1-majority,RegisterDocument,495,2329.47
o3p1-majority,RegisterDocument,496,2329.57
o3p1-majority,RegisterDocument,497,2329.61
o3p1-majority,RegisterDocument,498,2329.69
o3p1-majority,RegisterDocument,499,2329.74
o3p1-majority,RegisterDocument,500,2329.89
o3p1-majority,RegisterDocument,501,2329.90
o3p1-majority,RegisterDocument,502,2329.93
o3p1-majority,RegisterDocument,503,2329.99
o3p1-majority,RegisterDocument,504,2330.03
o3p1-majority,RegisterDocument,505,2330.10
o3p1-majority,RegisterDocument,506,2330.11
o3p1-majority,RegisterDocument,507,2330.13
o3p1-majority,RegisterDocument,508,2330.14
o3p1-majority,RegisterDocument,509,2330.27
o3p1-majority,RegisterDocument,510,2330.33
o3p1-majority,RegisterDocument,511,2330.45
o3p1-majority,RegisterDocument,512,2330.59
o3p1-majority,RegisterDocument,513,2330.59
o3p1-majority,RegisterDocument,514,2330.61
o3p1-majority,RegisterDocument,515,2330.66
o3p1-majority,RegisterDocument,516,2330.88
o3p1-majority,RegisterDocument,517,2330.94
o3p1-majority,RegisterDocument,518,2330.95
o3p1-majority,RegisterDocument,519,2330.98
o3p1-majority,RegisterDocument,520,2331.00
o3p1-majority,RegisterDocument,521,2331.04
o3p1-majority,RegisterDocument,522,2331.05
o3p1-majority,RegisterDocument,523,2331.12
o3p1-majority,RegisterDocument,524,2331.19
o3p1-majority,RegisterDocument,525,2331.22
o3p1-majority,RegisterDocument,526,2331.34
o3p1-majority,RegisterDocument,527,2331.55
o3p1-majority,RegisterDocument,528,2331.56
o3p1-majority,RegisterDocument,529,2331.57
o3p1-majority,RegisterDocument,530,2331.67
o3p1-majority,RegisterDocument,531,2331.68
o3p1-majority,RegisterDocument,532,2331.76
o3p1-majority,RegisterDocument,533,2331.81
o3p1-majority,RegisterDocument,534,2332.03
o3p1-majority,RegisterDocument,535,2332.17
o3p1-majority,RegisterDocument,536,2332.18
o3p1-majority,RegisterDocument,537,2332.21
o3p1-majority,RegisterDocument,538,2332.38
o3p1-majority,RegisterDocument,539,2332.41
o3p1-majority,RegisterDocument,540,2332.54
o3p1-majority,RegisterDocument,541,2332.59
o3p1-majority,RegisterDocument,542,2332.61
o3p1-majority,RegisterDocument,543,2332.72
o3p1-majority,RegisterDocument,544,2332.78
o3p1-majority,RegisterDocument,545,2332.84
o3p1-majority,RegisterDocument,546,2332.86
o3p1-majority,RegisterDocument,547,2332.93
o3p1-majority,RegisterDocument,548,2332.99
o3p1-majority,RegisterDocument,549,2333.07
o3p1-majority,RegisterDocument,550,2333.07
o3p1-majority,RegisterDocument,551,2333.18
o3p1-majority,RegisterDocument,552,2333.21
o3p1-majority,RegisterDocument,553,2333.35
o3p1-majority,RegisterDocument,554,2333.39
o3p1-majority,RegisterDocument,555,2333.50
o3p1-majority,RegisterDocument,556,2333.54
o3p1-majority,RegisterDocument,557,2333.56
o3p1-majority,RegisterDocument,558,2333.59
o3p1-majority,RegisterDocument,559,2333.71
o3p1-majority,RegisterDocument,560,2333.76
o3p1-majority,RegisterDocument,561,2333.76
o3p1-majority,RegisterDocument,562,2333.81
o3p1-majority,RegisterDocument,563,2333.94
o3p1-majority,RegisterDocument,564,2334.03
o3p1-majority,RegisterDocument,565,2334.10
o3p1-majority,RegisterDocument,566,2334.32
o3p1-majority,RegisterDocument,567,2334.37
o3p1-majority,RegisterDocument,568,2334.38
o3p1-majority,RegisterDocument,569,2334.38
o3p1-majority,RegisterDocument,570,2334.50
o3p1-majority,RegisterDocument,571,2334.53
o3p1-majority,RegisterDocument,572,2334.57
o3p1-majority,RegisterDocument,573,2334.59
o3p1-majority,RegisterDocument,574,2334.62
o3p1-majority,RegisterDocument,575,2334.63
o3p1-majority,RegisterDocument,576,2334.63
o3p1-majority,RegisterDocument,577,2334.70
o3p1-majority,RegisterDocument,578,2334.73
o3p1-majority,RegisterDocument,579,2334.74
o3p1-majority,RegisterDocument,580,2334.76
o3p1-majority,RegisterDocument,581,2334.77
o3p1-majority,RegisterDocument,582,2334.82
o3p1-majority,RegisterDocument,583,2334.84
o3p1-majority,RegisterDocument,584,2334.89
o3p1-majority,RegisterDocument,585,2334.93
o3p1-majority,RegisterDocument,586,2334.99
o3p1-majority,RegisterDocument,587,2335.36
o3p1-majority,RegisterDocument,588,2335.39
o3p1-majority,RegisterDocument,589,2335.43
o3p1-majority,RegisterDocument,590,2335.74
o3p1-majority,RegisterDocument,591,2335.75
o3p1-majority,RegisterDocument,592,2335.82
o3p1-majority,RegisterDocument,593,2335.99
o3p1-majority,RegisterDocument,594,2336.13
o3p1-majority,RegisterDocument,595,2336.17
o3p1-majority,RegisterDocument,596,2336.18
o3p1-majority,RegisterDocument,597,2336.31
o3p1-majority,RegisterDocument,598,2336.38
o3p1-majority,RegisterDocument,599,2336.39
o3p1-majority,RegisterDocument,600,2336.47
o3p1-majority,RegisterDocument,601,2336.59
o3p1-majority,RegisterDocument,602,2336.72
o3p1-majority,RegisterDocument,603,2336.91
o3p1-majority,RegisterDocument,604,2336.92
o3p1-majority,RegisterDocument,605,2337.16
o3p1-majority,RegisterDocument,606,2337.38
o3p1-majority,RegisterDocument,607,2337.42
o3p1-majority,RegisterDocument,608,2337.42
o3p1-majority,RegisterDocument,609,2337.44
o3p1-majority,RegisterDocument,610,2337.49
o3p1-majority,RegisterDocument,611,2337.59
o3p1-majority,RegisterDocument,612,2337.75
o3p1-majority,RegisterDocument,613,2337.78
o3p1-majority,RegisterDocument,614,2337.83
o3p1-majority,RegisterDocument,615,2337.89
o3p1-majority,RegisterDocument,616,2337.94
o3p1-majority,RegisterDocument,617,2337.96
o3p1-majority,RegisterDocument,618,2338.02
o3p1-majority,RegisterDocument,619,2338.11
o3p1-majority,RegisterDocument,620,2338.26
o3p1-majority,RegisterDocument,621,2338.26
o3p1-majority,RegisterDocument,622,2338.29
o3p1-majority,RegisterDocument,623,2338.42
o3p1-majority,RegisterDocument,624,2338.43
o3p1-majority,RegisterDocument,625,2338.44
o3p1-majority,RegisterDocument,626,2338.60
o3p1-majority,RegisterDocument,627,2338.66
o3p1-majority,RegisterDocument,628,2338.68
o3p1-majority,RegisterDocument,629,2338.73
o3p1-majority,RegisterDocument,630,2338.90
o3p1-majority,RegisterDocument,631,2339.06
o3p1-majority,RegisterDocument,632,2339.06
o3p1-majority,RegisterDocument,633,2339.14
o3p1-majority,RegisterDocument,634,2339.27
o3p1-majority,RegisterDocument,635,2339.28
o3p1-majority,RegisterDocument,636,2339.29
o3p1-majority,RegisterDocument,637,2339.37
o3p1-majority,RegisterDocument,638,2339.53
o3p1-majority,RegisterDocument,639,2339.55
o3p1-majority,RegisterDocument,640,2339.55
o3p1-majority,RegisterDocument,641,2339.64
o3p1-majority,RegisterDocument,642,2339.72
o3p1-majority,RegisterDocument,643,2339.80
o3p1-majority,RegisterDocument,644,2339.83
o3p1-majority,RegisterDocument,645,2339.83
o3p1-majority,RegisterDocument,646,2339.87
o3p1-majority,RegisterDocument,647,2340.08
o3p1-majority,RegisterDocument,648,2340.09
o3p1-majority,RegisterDocument,649,2340.22
o3p1-majority,RegisterDocument,650,2340.26
o3p1-majority,RegisterDocument,651,2340.29
o3p1-majority,RegisterDocument,652,2340.30
o3p1-majority,RegisterDocument,653,2340.33
o3p1-majority,RegisterDocument,654,2340.33
o3p1-majority,RegisterDocument,655,2340.38
o3p1-majority,RegisterDocument,656,2340.41
o3p1-majority,RegisterDocument,657,2340.51
o3p1-majority,RegisterDocument,658,2340.63
o3p1-majority,RegisterDocument,659,2340.65
o3p1-majority,RegisterDocument,660,2340.73
o3p1-majority,RegisterDocument,661,2340.86
o3p1-majority,RegisterDocument,662,2340.86
o3p1-majority,RegisterDocument,663,2340.89
o3p1-majority,RegisterDocument,664,2340.89
o3p1-majority,RegisterDocument,665,2340.93
o3p1-majority,RegisterDocument,666,2340.96
o3p1-majority,RegisterDocument,667,2341.03
o3p1-majority,RegisterDocument,668,2341.09
o3p1-majority,RegisterDocument,669,2341.11
o3p1-majority,RegisterDocument,670,2341.16
o3p1-majority,RegisterDocument,671,2341.28
o3p1-majority,RegisterDocument,672,2341.35
o3p1-majority,RegisterDocument,673,2341.42
o3p1-majority,RegisterDocument,674,2341.46
o3p1-majority,RegisterDocument,675,2341.46
o3p1-majority,RegisterDocument,676,2341.48
o3p1-majority,RegisterDocument,677,2341.50
o3p1-majority,RegisterDocument,678,2341.56
o3p1-majority,RegisterDocument,679,2341.62
o3p1-majority,RegisterDocument,680,2341.70
o3p1-majority,RegisterDocument,681,2341.84
o3p1-majority,RegisterDocument,682,2341.87
o3p1-majority,RegisterDocument,683,2341.90
o3p1-majority,RegisterDocument,684,2341.91
o3p1-majority,RegisterDocument,685,2341.94
o3p1-majority,RegisterDocument,686,2342.00
o3p1-majority,RegisterDocument,687,2342.03
o3p1-majority,RegisterDocument,688,2342.03
o3p1-majority,RegisterDocument,689,2342.04
o3p1-majority,RegisterDocument,690,2342.15
o3p1-majority,RegisterDocument,691,2342.20
o3p1-majority,RegisterDocument,692,2342.33
o3p1-majority,RegisterDocument,693,2342.35
o3p1-majority,RegisterDocument,694,2342.42
o3p1-majority,RegisterDocument,695,2342.52
o3p1-majority,RegisterDocument,696,2342.60
o3p1-majority,RegisterDocument,697,2342.75
o3p1-majority,RegisterDocument,698,2342.80
o3p1-majority,RegisterDocument,699,2342.83
o3p1-majority,RegisterDocument,700,2342.94
o3p1-majority,RegisterDocument,701,2342.99
o3p1-majority,RegisterDocument,702,2343.24
o3p1-majority,RegisterDocument,703,2343.26
o3p1-majority,RegisterDocument,704,2343.33
o3p1-majority,RegisterDocument,705,2343.39
o3p1-majority,RegisterDocument,706,2343.52
o3p1-majority,RegisterDocument,707,2343.54
o3p1-majority,RegisterDocument,708,2343.59
o3p1-majority,RegisterDocument,709,2343.67
o3p1-majority,RegisterDocument,710,2343.72
o3p1-majority,RegisterDocument,711,2343.77
o3p1-majority,RegisterDocument,712,2343.86
o3p1-majority,RegisterDocument,713,2343.89
o3p1-majority,RegisterDocument,714,2343.89
o3p1-majority,RegisterDocument,715,2344.13
o3p1-majority,RegisterDocument,716,2344.22
o3p1-majority,RegisterDocument,717,2344.26
o3p1-majority,RegisterDocument,718,2344.33
o3p1-majority,RegisterDocument,719,2344.46
o3p1-majority,RegisterDocument,720,2344.47
o3p1-majority,RegisterDocument,721,2344.51
o3p1-majority,RegisterDocument,722,2344.56
o3p1-majority,RegisterDocument,723,2344.58
o3p1-majority,RegisterDocument,724,2344.70
o3p1-majority,RegisterDocument,725,2344.80
o3p1-majority,RegisterDocument,726,2344.84
o3p1-majority,RegisterDocument,727,2344.91
o3p1-majority,RegisterDocument,728,2344.97
o3p1-majority,RegisterDocument,729,2345.08
o3p1-majority,RegisterDocument,730,2345.10
o3p1-majority,RegisterDocument,731,2345.12
o3p1-majority,RegisterDocument,732,2345.27
o3p1-majority,RegisterDocument,733,2345.35
o3p1-majority,RegisterDocument,734,2345.50
o3p1-majority,RegisterDocument,735,2345.52
o3p1-majority,RegisterDocument,736,2345.54
o3p1-majority,RegisterDocument,737,2345.56
o3p1-majority,RegisterDocument,738,2345.66
o3p1-majority,RegisterDocument,739,2345.73
o3p1-majority,RegisterDocument,740,2345.77
o3p1-majority,RegisterDocument,741,2345.78
o3p1-majority,RegisterDocument,742,2345.82
o3p1-majority,RegisterDocument,743,2345.93
o3p1-majority,RegisterDocument,744,2346.23
o3p1-majority,RegisterDocument,745,2346.35
o3p1-majority,RegisterDocument,746,2346.38
o3p1-majority,RegisterDocument,747,2346.45
o3p1-majority,RegisterDocument,748,2346.48
o3p1-majority,RegisterDocument,749,2346.54
o3p1-majority,RegisterDocument,750,2346.65
o3p1-majority,RegisterDocument,751,2346.66
o3p1-majority,RegisterDocument,752,2346.70
o3p1-majority,RegisterDocument,753,2346.72
o3p1-majority,RegisterDocument,754,2346.88
o3p1-majority,RegisterDocument,755,2346.95
o3p1-majority,RegisterDocument,756,2346.97
o3p1-majority,RegisterDocument,757,2347.10
o3p1-majority,RegisterDocument,758,2347.16
o3p1-majority,RegisterDocument,759,2347.21
o3p1-majority,RegisterDocument,760,2347.26
o3p1-majority,RegisterDocument,761,2347.29
o3p1-majority,RegisterDocument,762,2347.32
o3p1-majority,RegisterDocument,763,2347.34
o3p1-majority,RegisterDocument,764,2347.40
o3p1-majority,RegisterDocument,765,2347.42
o3p1-majority,RegisterDocument,766,2347.49
o3p1-majority,RegisterDocument,767,2347.74
o3p1-majority,RegisterDocument,768,2347.80
o3p1-majority,RegisterDocument,769,2347.88
o3p1-majority,RegisterDocument,770,2347.92
o3p1-majority,RegisterDocument,771,2348.13
o3p1-majority,RegisterDocument,772,2348.57
o3p1-majority,RegisterDocument,773,2348.58
o3p1-majority,RegisterDocument,774,2348.59
o3p1-majority,RegisterDocument,775,2348.68
o3p1-majority,RegisterDocument,776,2348.85
o3p1-majority,RegisterDocument,777,2348.92
o3p1-majority,RegisterDocument,778,2348.92
o3p1-majority,RegisterDocument,779,2348.97
o3p1-majority,RegisterDocument,780,2348.99
o3p1-majority,RegisterDocument,781,2349.01
o3p1-majority,RegisterDocument,782,2349.17
o3p1-majority,RegisterDocument,783,2349.39
o3p1-majority,RegisterDocument,784,2349.44
o3p1-majority,RegisterDocument,785,2349.44
o3p1-majority,RegisterDocument,786,2349.47
o3p1-majority,RegisterDocument,787,2349.47
o3p1-majority,RegisterDocument,788,2349.54
o3p1-majority,RegisterDocument,789,2349.60
o3p1-majority,RegisterDocument,790,2349.67
o3p1-majority,RegisterDocument,791,2349.70
o3p1-majority,RegisterDocument,792,2349.73
o3p1-majority,RegisterDocument,793,2349.79
o3p1-majority,RegisterDocument,794,2349.85
o3p1-majority,RegisterDocument,795,2349.87
o3p1-majority,RegisterDocument,796,2349.88
o3p1-majority,RegisterDocument,797,2350.09
o3p1-majority,RegisterDocument,798,2350.63
o3p1-majority,RegisterDocument,799,2350.72
o3p1-majority,RegisterDocument,800,2350.74
o3p1-majority,RegisterDocument,801,2350.78
o3p1-majority,RegisterDocument,802,2350.79
o3p1-majority,RegisterDocument,803,2350.82
o3p1-majority,RegisterDocument,804,2351.09
o3p1-majority,RegisterDocument,805,2351.13
o3p1-majority,RegisterDocument,806,2351.19
o3p1-majority,RegisterDocument,807,2351.24
o3p1-majority,RegisterDocument,808,2351.26
o3p1-majority,RegisterDocument,809,2351.29
o3p1-majority,RegisterDocument,810,2351.33
o3p1-majority,RegisterDocument,811,2351.37
o3p1-majority,RegisterDocument,812,2351.44
o3p1-majority,RegisterDocument,813,2351.47
o3p1-majority,RegisterDocument,814,2351.53
o3p1-majority,RegisterDocument,815,2351.59
o3p1-majority,RegisterDocument,816,2351.60
o3p1-majority,RegisterDocument,817,2351.71
o3p1-majority,RegisterDocument,818,2351.72
o3p1-majority,RegisterDocument,819,2351.76
o3p1-majority,RegisterDocument,820,2351.92
o3p1-majority,RegisterDocument,821,2352.01
o3p1-majority,RegisterDocument,822,2352.10
o3p1-majority,RegisterDocument,823,2352.14
o3p1-majority,RegisterDocument,824,2352.18
o3p1-majority,RegisterDocument,825,2352.22
o3p1-majority,RegisterDocument,826,2352.44
o3p1-majority,RegisterDocument,827,2352.52
o3p1-majority,RegisterDocument,828,2352.67
o3p1-majority,RegisterDocument,829,2352.76
o3p1-majority,RegisterDocument,830,2352.85
o3p1-majority,RegisterDocument,831,2353.08
o3p1-majority,RegisterDocument,832,2353.11
o3p1-majority,RegisterDocument,833,2353.15
o3p1-majority,RegisterDocument,834,2353.26
o3p1-majority,RegisterDocument,835,2353.28
o3p1-majority,RegisterDocument,836,2353.32
o3p1-majority,RegisterDocument,837,2353.33
o3p1-majority,RegisterDocument,838,2353.40
o3p1-majority,RegisterDocument,839,2353.42
o3p1-majority,RegisterDocument,840,2353.45
o3p1-majority,RegisterDocument,841,2353.51
o3p1-majority,RegisterDocument,842,2353.58
o3p1-majority,RegisterDocument,843,2353.69
o3p1-majority,RegisterDocument,844,2353.72
o3p1-majority,RegisterDocument,845,2353.78
o3p1-majority,RegisterDocument,846,2353.87
o3p1-majority,RegisterDocument,847,2353.98
o3p1-majority,RegisterDocument,848,2354.07
o3p1-majority,RegisterDocument,849,2354.17
o3p1-majority,RegisterDocument,850,2354.25
o3p1-majority,RegisterDocument,851,2354.27
o3p1-majority,RegisterDocument,852,2354.33
o3p1-majority,RegisterDocument,853,2354.39
o3p1-majority,RegisterDocument,854,2354.42
o3p1-majority,RegisterDocument,855,2354.47
o3p1-majority,RegisterDocument,856,2354.53
o3p1-majority,RegisterDocument,857,2354.54
o3p1-majority,RegisterDocument,858,2354.58
o3p1-majority,RegisterDocument,859,2354.62
o3p1-majority,RegisterDocument,860,2354.75
o3p1-majority,RegisterDocument,861,2354.77
o3p1-majority,RegisterDocument,862,2354.77
o3p1-majority,RegisterDocument,863,2354.78
o3p1-majority,RegisterDocument,864,2354.79
o3p1-majority,RegisterDocument,865,2354.82
o3p1-majority,RegisterDocument,866,2354.85
o3p1-majority,RegisterDocument,867,2354.97
o3p1-majority,RegisterDocument,868,2355.04
o3p1-majority,RegisterDocument,869,2355.05
o3p1-majority,RegisterDocument,870,2355.22
o3p1-majority,RegisterDocument,871,2355.32
o3p1-majority,RegisterDocument,872,2355.33
o3p1-majority,RegisterDocument,873,2355.36
o3p1-majority,RegisterDocument,874,2355.39
o3p1-majority,RegisterDocument,875,2355.41
o3p1-majority,RegisterDocument,876,2355.50
o3p1-majority,RegisterDocument,877,2355.51
o3p1-majority,RegisterDocument,878,2355.55
o3p1-majority,RegisterDocument,879,2355.56
o3p1-majority,RegisterDocument,880,2355.61
o3p1-majority,RegisterDocument,881,2355.63
o3p1-majority,RegisterDocument,882,2355.70
o3p1-majority,RegisterDocument,883,2355.79
o3p1-majority,RegisterDocument,884,2355.84
o3p1-majority,RegisterDocument,885,2355.86
o3p1-majority,RegisterDocument,886,2355.89
o3p1-majority,RegisterDocument,887,2355.89
o3p1-majority,RegisterDocument,888,2355.96
o3p1-majority,RegisterDocument,889,2356.10
o3p1-majority,RegisterDocument,890,2356.10
o3p1-majority,RegisterDocument,891,2356.30
o3p1-majority,RegisterDocument,892,2356.46
o3p1-majority,RegisterDocument,893,2356.54
o3p1-majority,RegisterDocument,894,2356.59
o3p1-majority,RegisterDocument,895,2356.68
o3p1-majority,RegisterDocument,896,2356.77
o3p1-majority,RegisterDocument,897,2356.78
o3p1-majority,RegisterDocument,898,2356.84
o3p1-majority,RegisterDocument,899,2356.85
o3p1-majority,RegisterDocument,900,2356.87
o3p1-majority,RegisterDocument,901,2357.13
o3p1-majority,RegisterDocument,902,2357.23
o3p1-majority,RegisterDocument,903,2357.42
o3p1-majority,RegisterDocument,904,2357.43
o3p1-majority,RegisterDocument,905,2357.56
o3p1-majority,RegisterDocument,906,2357.57
o3p1-majority,RegisterDocument,907,2357.57
o3p1-majority,RegisterDocument,908,2357.59
o3p1-majority,RegisterDocument,909,2357.74
o3p1-majority,RegisterDocument,910,2357.81
o3p1-majority,RegisterDocument,911,2357.84
o3p1-majority,RegisterDocument,912,2357.87
o3p1-majority,RegisterDocument,913,2358.06
o3p1-majority,RegisterDocument,914,2358.12
o3p1-majority,RegisterDocument,915,2358.15
o3p1-majority,RegisterDocument,916,2358.19
o3p1-majority,RegisterDocument,917,2358.37
o3p1-majority,RegisterDocument,918,2358.41
o3p1-majority,RegisterDocument,919,2358.57
o3p1-majority,RegisterDocument,920,2358.80
o3p1-majority,RegisterDocument,921,2358.84
o3p1-majority,RegisterDocument,922,2358.86
o3p1-majority,RegisterDocument,923,2358.94
o3p1-majority,RegisterDocument,924,2358.95
o3p1-majority,RegisterDocument,925,2359.02
o3p1-majority,RegisterDocument,926,2359.03
o3p1-majority,RegisterDocument,927,2359.13
o3p1-majority,RegisterDocument,928,2359.17
o3p1-majority,RegisterDocument,929,2359.18
o3p1-majority,RegisterDocument,930,2359.21
o3p1-majority,RegisterDocument,931,2359.28
o3p1-majority,RegisterDocument,932,2359.32
o3p1-majority,RegisterDocument,933,2359.35
o3p1-majority,RegisterDocument,934,2359.44
o3p1-majority,RegisterDocument,935,2359.48
o3p1-majority,RegisterDocument,936,2359.49
o3p1-majority,RegisterDocument,937,2359.54
o3p1-majority,RegisterDocument,938,2359.55
o3p1-majority,RegisterDocument,939,2359.56
o3p1-majority,RegisterDocument,940,2359.59
o3p1-majority,RegisterDocument,941,2359.70
o3p1-majority,RegisterDocument,942,2359.71
o3p1-majority,RegisterDocument,943,2359.77
o3p1-majority,RegisterDocument,944,2359.78
o3p1-majority,RegisterDocument,945,2359.78
o3p1-majority,RegisterDocument,946,2359.97
o3p1-majority,RegisterDocument,947,2359.99
o3p1-majority,RegisterDocument,948,2360.05
o3p1-majority,RegisterDocument,949,2360.08
o3p1-majority,RegisterDocument,950,2360.10
o3p1-majority,RegisterDocument,951,2360.19
o3p1-majority,RegisterDocument,952,2360.37
o3p1-majority,RegisterDocument,953,2360.41
o3p1-majority,RegisterDocument,954,2360.61
o3p1-majority,RegisterDocument,955,2360.65
o3p1-majority,RegisterDocument,956,2360.76
o3p1-majority,RegisterDocument,957,2360.79
o3p1-majority,RegisterDocument,958,2360.90
o3p1-majority,RegisterDocument,959,2361.16
o3p1-majority,RegisterDocument,960,2361.20
o3p1-majority,RegisterDocument,961,2361.23
o3p1-majority,RegisterDocument,962,2361.23
o3p1-majority,RegisterDocument,963,2361.24
o3p1-majority,RegisterDocument,964,2361.32
o3p1-majority,RegisterDocument,965,2361.39
o3p1-majority,RegisterDocument,966,2361.52
o3p1-majority,RegisterDocument,967,2361.56
o3p1-majority,RegisterDocument,968,2361.66
o3p1-majority,RegisterDocument,969,2361.73
o3p1-majority,RegisterDocument,970,2361.76
o3p1-majority,RegisterDocument,971,2361.79
o3p1-majority,RegisterDocument,972,2361.80
o3p1-majority,RegisterDocument,973,2361.89
o3p1-majority,RegisterDocument,974,2361.90
o3p1-majority,RegisterDocument,975,2361.90
o3p1-majority,RegisterDocument,976,2361.96
o3p1-majority,RegisterDocument,977,2362.05
o3p1-majority,RegisterDocument,978,2362.05
o3p1-majority,RegisterDocument,979,2362.17
o3p1-majority,RegisterDocument,980,2362.17
o3p1-majority,RegisterDocument,981,2362.19
o3p1-majority,RegisterDocument,982,2362.22
o3p1-majority,RegisterDocument,983,2362.26
o3p1-majority,RegisterDocument,984,2362.28
o3p1-majority,RegisterDocument,985,2362.28
o3p1-majority,RegisterDocument,986,2362.30
o3p1-majority,RegisterDocument,987,2362.32
o3p1-majority,RegisterDocument,988,2362.32
o3p1-majority,RegisterDocument,989,2362.45
o3p1-majority,RegisterDocument,990,2362.48
o3p1-majority,RegisterDocument,991,2362.55
o3p1-majority,RegisterDocument,992,2362.55
o3p1-majority,RegisterDocument,993,2362.60
o3p1-majority,RegisterDocument,994,2362.65
o3p1-majority,RegisterDocument,995,2362.70
o3p1-majority,RegisterDocument,996,2362.71
o3p1-majority,RegisterDocument,997,2362.75
o3p1-majority,RegisterDocument,998,2362.80
o3p1-majority,RegisterDocument,999,2362.93
o3p1-majority,RegisterDocument,1000,2362.93
o3p1-majority,RegisterDocument,1001,2362.98
o3p1-majority,RegisterDocument,1002,2363.06
o3p1-majority,RegisterDocument,1003,2363.15
o3p1-majority,RegisterDocument,1004,2363.16
o3p1-majority,RegisterDocument,1005,2363.29
o3p1-majority,RegisterDocument,1006,2363.33
o3p1-majority,RegisterDocument,1007,2363.47
o3p1-majority,RegisterDocument,1008,2363.51
o3p1-majority,RegisterDocument,1009,2363.53
o3p1-majority,RegisterDocument,1010,2363.53
o3p1-majority,RegisterDocument,1011,2363.76
o3p1-majority,RegisterDocument,1012,2363.80
o3p1-majority,RegisterDocument,1013,2363.85
o3p1-majority,RegisterDocument,1014,2363.87
o3p1-majority,RegisterDocument,1015,2363.95
o3p1-majority,RegisterDocument,1016,2364.03
o3p1-majority,RegisterDocument,1017,2364.12
o3p1-majority,RegisterDocument,1018,2364.18
o3p1-majority,RegisterDocument,1019,2364.29
o3p1-majority,RegisterDocument,1020,2364.36
o3p1-majority,RegisterDocument,1021,2364.45
o3p1-majority,RegisterDocument,1022,2364.45
o3p1-majority,RegisterDocument,1023,2364.48
o3p1-majority,RegisterDocument,1024,2364.51
o3p1-majority,RegisterDocument,1025,2364.57
o3p1-majority,RegisterDocument,1026,2364.60
o3p1-majority,RegisterDocument,1027,2364.61
o3p1-majority,RegisterDocument,1028,2364.75
o3p1-majority,RegisterDocument,1029,2364.75
o3p1-majority,RegisterDocument,1030,2364.81
o3p1-majority,RegisterDocument,1031,2364.89
o3p1-majority,RegisterDocument,1032,2364.92
o3p1-majority,RegisterDocument,1033,2365.05
o3p1-majority,RegisterDocument,1034,2365.06
o3p1-majority,RegisterDocument,1035,2365.19
o3p1-majority,RegisterDocument,1036,2365.24
o3p1-majority,RegisterDocument,1037,2365.25
o3p1-majority,RegisterDocument,1038,2365.32
o3p1-majority,RegisterDocument,1039,2365.45
o3p1-majority,RegisterDocument,1040,2365.46
o3p1-majority,RegisterDocument,1041,2365.71
o3p1-majority,RegisterDocument,1042,2365.91
o3p1-majority,RegisterDocument,1043,2365.95
o3p1-majority,RegisterDocument,1044,2366.02
o3p1-majority,RegisterDocument,1045,2366.07
o3p1-majority,RegisterDocument,1046,2366.13
o3p1-majority,RegisterDocument,1047,2366.13
o3p1-majority,RegisterDocument,1048,2366.14
o3p1-majority,RegisterDocument,1049,2366.37
o3p1-majority,RegisterDocument,1050,2366.48
o3p1-majority,RegisterDocument,1051,2366.49
o3p1-majority,RegisterDocument,1052,2366.74
o3p1-majority,RegisterDocument,1053,2366.85
o3p1-majority,RegisterDocument,1054,2367.02
o3p1-majority,RegisterDocument,1055,2367.11
o3p1-majority,RegisterDocument,1056,2367.12
o3p1-majority,RegisterDocument,1057,2367.18
o3p1-majority,RegisterDocument,1058,2367.25
o3p1-majority,RegisterDocument,1059,2367.29
o3p1-majority,RegisterDocument,1060,2367.30
o3p1-majority,RegisterDocument,1061,2367.34
o3p1-majority,RegisterDocument,1062,2367.54
o3p1-majority,RegisterDocument,1063,2367.57
o3p1-majority,RegisterDocument,1064,2367.58
o3p1-majority,RegisterDocument,1065,2367.59
o3p1-majority,RegisterDocument,1066,2367.71
o3p1-majority,RegisterDocument,1067,2367.77
o3p1-majority,RegisterDocument,1068,2367.78
o3p1-majority,RegisterDocument,1069,2367.83
o3p1-majority,RegisterDocument,1070,2367.87
o3p1-majority,RegisterDocument,1071,2367.96
o3p1-majority,RegisterDocument,1072,2368.05
o3p1-majority,RegisterDocument,1073,2368.11
o3p1-majority,RegisterDocument,1074,2368.15
o3p1-majority,RegisterDocument,1075,2368.24
o3p1-majority,RegisterDocument,1076,2368.35
o3p1-majority,RegisterDocument,1077,2368.62
o3p1-majority,RegisterDocument,1078,2368.65
o3p1-majority,RegisterDocument,1079,2368.67
o3p1-majority,RegisterDocument,1080,2368.81
o3p1-majority,RegisterDocument,1081,2368.86
o3p1-majority,RegisterDocument,1082,2368.98
o3p1-majority,RegisterDocument,1083,2368.99
o3p1-majority,RegisterDocument,1084,2369.01
o3p1-majority,RegisterDocument,1085,2369.01
o3p1-majority,RegisterDocument,1086,2369.02
o3p1-majority,RegisterDocument,1087,2369.18
o3p1-majority,RegisterDocument,1088,2369.25
o3p1-majority,RegisterDocument,1089,2369.33
o3p1-majority,RegisterDocument,1090,2369.48
o3p1-majority,RegisterDocument,1091,2369.73
o3p1-majority,RegisterDocument,1092,2369.80
o3p1-majority,RegisterDocument,1093,2369.86
o3p1-majority,RegisterDocument,1094,2369.89
o3p1-majority,RegisterDocument,1095,2369.95
o3p1-majority,RegisterDocument,1096,2370.14
o3p1-majority,RegisterDocument,1097,2370.14
o3p1-majority,RegisterDocument,1098,2370.28
o3p1-majority,RegisterDocument,1099,2370.29
o3p1-majority,RegisterDocument,1100,2370.31
o3p1-majority,RegisterDocument,1101,2370.34
o3p1-majority,RegisterDocument,1102,2370.37
o3p1-majority,RegisterDocument,1103,2370.46
o3p1-majority,RegisterDocument,1104,2370.52
o3p1-majority,RegisterDocument,1105,2370.54
o3p1-majority,RegisterDocument,1106,2370.57
o3p1-majority,RegisterDocument,1107,2370.63
o3p1-majority,RegisterDocument,1108,2370.68
o3p1-majority,RegisterDocument,1109,2370.73
o3p1-majority,RegisterDocument,1110,2370.74
o3p1-majority,RegisterDocument,1111,2370.78
o3p1-majority,RegisterDocument,1112,2370.81
o3p1-majority,RegisterDocument,1113,2370.90
o3p1-majority,RegisterDocument,1114,2370.95
o3p1-majority,RegisterDocument,1115,2370.96
o3p1-majority,RegisterDocument,1116,2370.97
o3p1-majority,RegisterDocument,1117,2371.09
o3p1-majority,RegisterDocument,1118,2371.16
o3p1-majority,RegisterDocument,1119,2371.16
o3p1-majority,RegisterDocument,1120,2371.37
o3p1-majority,RegisterDocument,1121,2371.37
o3p1-majority,RegisterDocument,1122,2371.39
o3p1-majority,RegisterDocument,1123,2371.40
o3p1-majority,RegisterDocument,1124,2371.51
o3p1-majority,RegisterDocument,1125,2371.67
o3p1-majority,RegisterDocument,1126,2371.68
o3p1-majority,RegisterDocument,1127,2371.71
o3p1-majority,RegisterDocument,1128,2371.79
o3p1-majority,RegisterDocument,1129,2371.88
o3p1-majority,RegisterDocument,1130,2371.89
o3p1-majority,RegisterDocument,1131,2371.90
o3p1-majority,RegisterDocument,1132,2372.09
o3p1-majority,RegisterDocument,1133,2372.10
o3p1-majority,RegisterDocument,1134,2372.15
o3p1-majority,RegisterDocument,1135,2372.38
o3p1-majority,RegisterDocument,1136,2372.39
o3p1-majority,RegisterDocument,1137,2372.45
o3p1-majority,RegisterDocument,1138,2372.47
o3p1-majority,RegisterDocument,1139,2372.53
o3p1-majority,RegisterDocument,1140,2372.55
o3p1-majority,RegisterDocument,1141,2372.67
o3p1-majority,RegisterDocument,1142,2372.70
o3p1-majority,RegisterDocument,1143,2372.75
o3p1-majority,RegisterDocument,1144,2372.78
o3p1-majority,RegisterDocument,1145,2372.82
o3p1-majority,RegisterDocument,1146,2372.92
o3p1-majority,RegisterDocument,1147,2372.92
o3p1-majority,RegisterDocument,1148,2372.95
o3p1-majority,RegisterDocument,1149,2373.06
o3p1-majority,RegisterDocument,1150,2373.16
o3p1-majority,RegisterDocument,1151,2373.20
o3p1-majority,RegisterDocument,1152,2373.27
o3p1-majority,RegisterDocument,1153,2373.41
o3p1-majority,RegisterDocument,1154,2373.46
o3p1-majority,RegisterDocument,1155,2373.47
o3p1-majority,RegisterDocument,1156,2373.60
o3p1-majority,RegisterDocument,1157,2373.71
o3p1-majority,RegisterDocument,1158,2373.83
o3p1-majority,RegisterDocument,1159,2373.86
o3p1-majority,RegisterDocument,1160,2374.26
o3p1-majority,RegisterDocument,1161,2374.41
o3p1-majority,RegisterDocument,1162,2374.78
o3p1-majority,RegisterDocument,1163,2374.80
o3p1-majority,RegisterDocument,1164,2374.88
o3p1-majority,RegisterDocument,1165,2375.02
o3p1-majority,RegisterDocument,1166,2375.02
o3p1-majority,RegisterDocument,1167,2375.11
o3p1-majority,RegisterDocument,1168,2375.13
o3p1-majority,RegisterDocument,1169,2375.13
o3p1-majority,RegisterDocument,1170,2375.15
o3p1-majority,RegisterDocument,1171,2375.24
o3p1-majority,RegisterDocument,1172,2375.28
o3p1-majority,RegisterDocument,1173,2375.33
o3p1-majority,RegisterDocument,1174,2375.36
o3p1-majority,RegisterDocument,1175,2375.68
o3p1-majority,RegisterDocument,1176,2375.70
o3p1-majority,RegisterDocument,1177,2375.77
o3p1-majority,RegisterDocument,1178,2375.85
o3p1-majority,RegisterDocument,1179,2375.87
o3p1-majority,RegisterDocument,1180,2375.94
o3p1-majority,RegisterDocument,1181,2375.94
o3p1-majority,RegisterDocument,1182,2375.97
o3p1-majority,RegisterDocument,1183,2375.97
o3p1-majority,RegisterDocument,1184,2376.03
o3p1-majority,RegisterDocument,1185,2376.03
o3p1-majority,RegisterDocument,1186,2376.08
o3p1-majority,RegisterDocument,1187,2376.10
o3p1-majority,RegisterDocument,1188,2376.11
o3p1-majority,RegisterDocument,1189,2376.22
o3p1-majority,RegisterDocument,1190,2376.24
o3p1-majority,RegisterDocument,1191,2376.25
o3p1-majority,RegisterDocument,1192,2376.33
o3p1-majority,RegisterDocument,1193,2376.39
o3p1-majority,RegisterDocument,1194,2376.42
o3p1-majority,RegisterDocument,1195,2376.44
o3p1-majority,RegisterDocument,1196,2376.48
o3p1-majority,RegisterDocument,1197,2376.74
o3p1-majority,RegisterDocument,1198,2376.79
o3p1-majority,RegisterDocument,1199,2376.83
o3p1-majority,RegisterDocument,1200,2376.85
o3p1-majority,RegisterDocument,1201,2376.91
o3p1-majority,RegisterDocument,1202,2376.92
o3p1-majority,RegisterDocument,1203,2376.93
o3p1-majority,RegisterDocument,1204,2377.02
o3p1-majority,RegisterDocument,1205,2377.06
o3p1-majority,RegisterDocument,1206,2377.12
o3p1-majority,RegisterDocument,1207,2377.25
o3p1-majority,RegisterDocument,1208,2377.26
o3p1-majority,RegisterDocument,1209,2377.27
o3p1-majority,RegisterDocument,1210,2377.30
o3p1-majority,RegisterDocument,1211,2377.41
o3p1-majority,RegisterDocument,1212,2377.59
o3p1-majority,RegisterDocument,1213,2377.73
o3p1-majority,RegisterDocument,1214,2377.84
o3p1-majority,RegisterDocument,1215,2377.86
o3p1-majority,RegisterDocument,1216,2377.89
o3p1-majority,RegisterDocument,1217,2378.08
o3p1-majority,RegisterDocument,1218,2378.26
o3p1-majority,RegisterDocument,1219,2378.31
o3p1-majority,RegisterDocument,1220,2378.43
o3p1-majority,RegisterDocument,1221,2378.56
o3p1-majority,RegisterDocument,1222,2378.71
o3p1-majority,RegisterDocument,1223,2379.00
o3p1-majority,RegisterDocument,1224,2379.02
o3p1-majority,RegisterDocument,1225,2379.13
o3p1-majority,RegisterDocument,1226,2379.22
o3p1-majority,RegisterDocument,1227,2379.22
o3p1-majority,RegisterDocument,1228,2379.27
o3p1-majority,RegisterDocument,1229,2379.42
o3p1-majority,RegisterDocument,1230,2379.44
o3p1-majority,RegisterDocument,1231,2379.47
o3p1-majority,RegisterDocument,1232,2379.53
o3p1-majority,RegisterDocument,1233,2379.57
o3p1-majority,RegisterDocument,1234,2379.58
o3p1-majority,RegisterDocument,1235,2379.61
o3p1-majority,RegisterDocument,1236,2379.72
o3p1-majority,RegisterDocument,1237,2379.74
o3p1-majority,RegisterDocument,1238,2379.88
o3p1-majority,RegisterDocument,1239,2379.89
o3p1-majority,RegisterDocument,1240,2379.93
o3p1-majority,RegisterDocument,1241,2379.94
o3p1-majority,RegisterDocument,1242,2379.95
o3p1-majority,RegisterDocument,1243,2379.96
o3p1-majority,RegisterDocument,1244,2380.17
o3p1-majority,RegisterDocument,1245,2380.24
o3p1-majority,RegisterDocument,1246,2380.26
o3p1-majority,RegisterDocument,1247,2380.28
o3p1-majority,RegisterDocument,1248,2380.30
o3p1-majority,RegisterDocument,1249,2380.31
o3p1-majority,RegisterDocument,1250,2380.33
o3p1-majority,RegisterDocument,1251,2380.34
o3p1-majority,RegisterDocument,1252,2380.53
o3p1-majority,RegisterDocument,1253,2380.64
o3p1-majority,RegisterDocument,1254,2380.68
o3p1-majority,RegisterDocument,1255,2380.68
o3p1-majority,RegisterDocument,1256,2380.71
o3p1-majority,RegisterDocument,1257,2380.82
o3p1-majority,RegisterDocument,1258,2380.91
o3p1-majority,RegisterDocument,1259,2380.94
o3p1-majority,RegisterDocument,1260,2380.97
o3p1-majority,RegisterDocument,1261,2380.98
o3p1-majority,RegisterDocument,1262,2380.99
o3p1-majority,RegisterDocument,1263,2381.23
o3p1-majority,RegisterDocument,1264,2381.26
o3p1-majority,RegisterDocument,1265,2381.42
o3p1-majority,RegisterDocument,1266,2381.43
o3p1-majority,RegisterDocument,1267,2381.45
o3p1-majority,RegisterDocument,1268,2381.57
o3p1-majority,RegisterDocument,1269,2381.58
o3p1-majority,RegisterDocument,1270,2381.69
o3p1-majority,RegisterDocument,1271,2381.69
o3p1-majority,RegisterDocument,1272,2381.76
o3p1-majority,RegisterDocument,1273,2381.79
o3p1-majority,RegisterDocument,1274,2381.87
o3p1-majority,RegisterDocument,1275,2381.88
o3p1-majority,RegisterDocument,1276,2381.88
o3p1-majority,RegisterDocument,1277,2381.99
o3p1-majority,RegisterDocument,1278,2382.04
o3p1-majority,RegisterDocument,1279,2382.05
o3p1-majority,RegisterDocument,1280,2382.09
o3p1-majority,RegisterDocument,1281,2382.14
o3p1-majority,RegisterDocument,1282,2382.14
o3p1-majority,RegisterDocument,1283,2382.19
o3p1-majority,RegisterDocument,1284,2382.21
o3p1-majority,RegisterDocument,1285,2382.34
o3p1-majority,RegisterDocument,1286,2382.44
o3p1-majority,RegisterDocument,1287,2382.62
o3p1-majority,RegisterDocument,1288,2382.62
o3p1-majority,RegisterDocument,1289,2382.71
o3p1-majority,RegisterDocument,1290,2382.75
o3p1-majority,RegisterDocument,1291,2382.78
o3p1-majority,RegisterDocument,1292,2382.80
o3p1-majority,RegisterDocument,1293,2382.80
o3p1-majority,RegisterDocument,1294,2382.90
o3p1-majority,RegisterDocument,1295,2382.91
o3p1-majority,RegisterDocument,1296,2382.96
o3p1-majority,RegisterDocument,1297,2382.98
o3p1-majority,RegisterDocument,1298,2383.08
o3p1-majority,RegisterDocument,1299,2383.16
o3p1-majority,RegisterDocument,1300,2383.21
o3p1-majority,RegisterDocument,1301,2383.22
o3p1-majority,RegisterDocument,1302,2383.32
o3p1-majority,RegisterDocument,1303,2383.40
o3p1-majority,RegisterDocument,1304,2383.54
o3p1-majority,RegisterDocument,1305,2383.58
o3p1-majority,RegisterDocument,1306,2383.90
o3p1-majority,RegisterDocument,1307,2383.92
o3p1-majority,RegisterDocument,1308,2383.95
o3p1-majority,RegisterDocument,1309,2383.96
o3p1-majority,RegisterDocument,1310,2384.07
o3p1-majority,RegisterDocument,1311,2384.08
o3p1-majority,RegisterDocument,1312,2384.23
o3p1-majority,RegisterDocument,1313,2384.31
o3p1-majority,RegisterDocument,1314,2384.36
o3p1-majority,RegisterDocument,1315,2384.54
o3p1-majority,RegisterDocument,1316,2384.63
o3p1-majority,RegisterDocument,1317,2384.70
o3p1-majority,RegisterDocument,1318,2384.72
o3p1-majority,RegisterDocument,1319,2384.79
o3p1-majority,RegisterDocument,1320,2385.02
o3p1-majority,RegisterDocument,1321,2385.03
o3p1-majority,RegisterDocument,1322,2385.09
o3p1-majority,RegisterDocument,1323,2385.23
o3p1-majority,RegisterDocument,1324,2385.27
o3p1-majority,RegisterDocument,1325,2385.30
o3p1-majority,RegisterDocument,1326,2385.37
o3p1-majority,RegisterDocument,1327,2385.38
o3p1-majority,RegisterDocument,1328,2385.39
o3p1-majority,RegisterDocument,1329,2385.51
o3p1-majority,RegisterDocument,1330,2385.56
o3p1-majority,RegisterDocument,1331,2385.57
o3p1-majority,RegisterDocument,1332,2385.60
o3p1-majority,RegisterDocument,1333,2385.64
o3p1-majority,RegisterDocument,1334,2385.64
o3p1-majority,RegisterDocument,1335,2385.68
o3p1-majority,RegisterDocument,1336,2385.77
o3p1-majority,RegisterDocument,1337,2385.78
o3p1-majority,RegisterDocument,1338,2385.80
o3p1-majority,RegisterDocument,1339,2385.80
o3p1-majority,RegisterDocument,1340,2385.87
o3p1-majority,RegisterDocument,1341,2385.99
o3p1-majority,RegisterDocument,1342,2386.13
o3p1-majority,RegisterDocument,1343,2386.19
o3p1-majority,RegisterDocument,1344,2386.20
o3p1-majority,RegisterDocument,1345,2386.35
o3p1-majority,RegisterDocument,1346,2386.58
o3p1-majority,RegisterDocument,1347,2386.69
o3p1-majority,RegisterDocument,1348,2386.96
o3p1-majority,RegisterDocument,1349,2386.97
o3p1-majority,RegisterDocument,1350,2386.97
o3p1-majority,RegisterDocument,1351,2387.05
o3p1-majority,RegisterDocument,1352,2387.05
o3p1-majority,RegisterDocument,1353,2387.06
o3p1-majority,RegisterDocument,1354,2387.08
o3p1-majority,RegisterDocument,1355,2387.09
o3p1-majority,RegisterDocument,1356,2387.16
o3p1-majority,RegisterDocument,1357,2387.64
o3p1-majority,RegisterDocument,1358,2387.79
o3p1-majority,RegisterDocument,1359,2388.00
o3p1-majority,RegisterDocument,1360,2388.02
o3p1-majority,RegisterDocument,1361,2388.02
o3p1-majority,RegisterDocument,1362,2388.11
o3p1-majority,RegisterDocument,1363,2388.18
o3p1-majority,RegisterDocument,1364,2388.20
o3p1-majority,RegisterDocument,1365,2388.25
o3p1-majority,RegisterDocument,1366,2388.25
o3p1-majority,RegisterDocument,1367,2388.27
o3p1-majority,RegisterDocument,1368,2389.11
o3p1-majority,RegisterDocument,1369,2389.26
o3p1-majority,RegisterDocument,1370,2389.43
o3p1-majority,RegisterDocument,1371,2389.49
o3p1-majority,RegisterDocument,1372,2389.58
o3p1-majority,RegisterDocument,1373,2389.61
o3p1-majority,RegisterDocument,1374,2389.69
o3p1-majority,RegisterDocument,1375,2389.74
o3p1-majority,RegisterDocument,1376,2389.78
o3p1-majority,RegisterDocument,1377,2389.95
o3p1-majority,RegisterDocument,1378,2390.06
o3p1-majority,RegisterDocument,1379,2390.39
o3p1-majority,RegisterDocument,1380,2390.45
o3p1-majority,RegisterDocument,1381,2390.54
o3p1-majority,RegisterDocument,1382,2390.65
o3p1-majority,RegisterDocument,1383,2390.79
o3p1-majority,RegisterDocument,1384,2390.97
o3p1-majority,RegisterDocument,1385,2390.99
o3p1-majority,RegisterDocument,1386,2391.01
o3p1-majority,RegisterDocument,1387,2391.08
o3p1-majority,RegisterDocument,1388,2391.11
o3p1-majority,RegisterDocument,1389,2391.15
o3p1-majority,RegisterDocument,1390,2391.16
o3p1-majority,RegisterDocument,1391,2391.19
o3p1-majority,RegisterDocument,1392,2391.20
o3p1-majority,RegisterDocument,1393,2391.23
o3p1-majority,RegisterDocument,1394,2391.37
o3p1-majority,RegisterDocument,1395,2391.65
o3p1-majority,RegisterDocument,1396,2391.69
o3p1-majority,RegisterDocument,1397,2391.74
o3p1-majority,RegisterDocument,1398,2391.74
o3p1-majority,RegisterDocument,1399,2391.80
o3p1-majority,RegisterDocument,1400,2392.00
o3p1-majority,RegisterDocument,1401,2392.01
o3p1-majority,RegisterDocument,1402,2392.10
o3p1-majority,RegisterDocument,1403,2392.15
o3p1-majority,RegisterDocument,1404,2392.15
o3p1-majority,RegisterDocument,1405,2392.31
o3p1-majority,RegisterDocument,1406,2392.35
o3p1-majority,RegisterDocument,1407,2392.41
o3p1-majority,RegisterDocument,1408,2392.49
o3p1-majority,RegisterDocument,1409,2392.50
o3p1-majority,RegisterDocument,1410,2392.55
o3p1-majority,RegisterDocument,1411,2392.71
o3p1-majority,RegisterDocument,1412,2392.75
o3p1-majority,RegisterDocument,1413,2392.80
o3p1-majority,RegisterDocument,1414,2392.85
o3p1-majority,RegisterDocument,1415,2393.11
o3p1-majority,RegisterDocument,1416,2393.14
o3p1-majority,RegisterDocument,1417,2393.23
o3p1-majority,RegisterDocument,1418,2393.48
o3p1-majority,RegisterDocument,1419,2393.65
o3p1-majority,RegisterDocument,1420,2393.67
o3p1-majority,RegisterDocument,1421,2393.75
o3p1-majority,RegisterDocument,1422,2394.01
o3p1-majority,RegisterDocument,1423,2394.03
o3p1-majority,RegisterDocument,1424,2394.17
o3p1-majority,RegisterDocument,1425,2394.18
o3p1-majority,RegisterDocument,1426,2394.22
o3p1-majority,RegisterDocument,1427,2394.33
o3p1-majority,RegisterDocument,1428,2394.40
o3p1-majority,RegisterDocument,1429,2394.44
o3p1-majority,RegisterDocument,1430,2394.49
o3p1-majority,RegisterDocument,1431,2394.52
o3p1-majority,RegisterDocument,1432,2394.53
o3p1-majority,RegisterDocument,1433,2394.65
o3p1-majority,RegisterDocument,1434,2394.69
o3p1-majority,RegisterDocument,1435,2395.12
o3p1-majority,RegisterDocument,1436,2395.12
o3p1-majority,RegisterDocument,1437,2395.30
o3p1-majority,RegisterDocument,1438,2395.47
o3p1-majority,RegisterDocument,1439,2395.55
o3p1-majority,RegisterDocument,1440,2395.82
o3p1-majority,RegisterDocument,1441,2395.89
o3p1-majority,RegisterDocument,1442,2395.90
o3p1-majority,RegisterDocument,1443,2395.92
o3p1-majority,RegisterDocument,1444,2395.93
o3p1-majority,RegisterDocument,1445,2395.97
o3p1-majority,RegisterDocument,1446,2396.11
o3p1-majority,RegisterDocument,1447,2396.39
o3p1-majority,RegisterDocument,1448,2396.45
o3p1-majority,RegisterDocument,1449,2396.50
o3p1-majority,RegisterDocument,1450,2396.54
o3p1-majority,RegisterDocument,1451,2396.56
o3p1-majority,RegisterDocument,1452,2396.59
o3p1-majority,RegisterDocument,1453,2396.90
o3p1-majority,RegisterDocument,1454,2396.95
o3p1-majority,RegisterDocument,1455,2397.14
o3p1-majority,RegisterDocument,1456,2397.22
o3p1-majority,RegisterDocument,1457,2397.23
o3p1-majority,RegisterDocument,1458,2397.34
o3p1-majority,RegisterDocument,1459,2397.35
o3p1-majority,RegisterDocument,1460,2397.41
o3p1-majority,RegisterDocument,1461,2397.54
o3p1-majority,RegisterDocument,1462,2397.62
o3p1-majority,RegisterDocument,1463,2397.63
o3p1-majority,RegisterDocument,1464,2397.74
o3p1-majority,RegisterDocument,1465,2397.75
o3p1-majority,RegisterDocument,1466,2397.76
o3p1-majority,RegisterDocument,1467,2397.84
o3p1-majority,RegisterDocument,1468,2397.87
o3p1-majority,RegisterDocument,1469,2397.92
o3p1-majority,RegisterDocument,1470,2397.96
o3p1-majority,RegisterDocument,1471,2398.00
o3p1-majority,RegisterDocument,1472,2398.02
o3p1-majority,RegisterDocument,1473,2398.10
o3p1-majority,RegisterDocument,1474,2398.19
o3p1-majority,RegisterDocument,1475,2398.20
o3p1-majority,RegisterDocument,1476,2398.39
o3p1-majority,RegisterDocument,1477,2398.41
o3p1-majority,RegisterDocument,1478,2398.43
o3p1-majority,RegisterDocument,1479,2398.45
o3p1-majority,RegisterDocument,1480,2398.45
o3p1-majority,RegisterDocument,1481,2398.49
o3p1-majority,RegisterDocument,1482,2398.85
o3p1-majority,RegisterDocument,1483,2399.05
o3p1-majority,RegisterDocument,1484,2399.10
o3p1-majority,RegisterDocument,1485,2399.22
o3p1-majority,RegisterDocument,1486,2399.31
o3p1-majority,RegisterDocument,1487,2399.52
o3p1-majority,RegisterDocument,1488,2399.60
o3p1-majority,RegisterDocument,1489,2399.66
o3p1-majority,RegisterDocument,1490,2399.70
o3p1-majority,RegisterDocument,1491,2399.77
o3p1-majority,RegisterDocument,1492,2399.84
o3p1-majority,RegisterDocument,1493,2399.91
o3p1-majority,RegisterDocument,1494,2399.95
o3p1-majority,RegisterDocument,1495,2400.04
o3p1-majority,RegisterDocument,1496,2400.17
o3p1-majority,RegisterDocument,1497,2400.19
o3p1-majority,RegisterDocument,1498,2400.24
o3p1-majority,RegisterDocument,1499,2400.27
o3p1-majority,RegisterDocument,1500,2400.33
o3p1-majority,RegisterDocument,1501,2400.44
o3p1-majority,RegisterDocument,1502,2400.47
o3p1-majority,RegisterDocument,1503,2400.58
o3p1-majority,RegisterDocument,1504,2400.71
o3p1-majority,RegisterDocument,1505,2400.88
o3p1-majority,RegisterDocument,1506,2401.15
o3p1-majority,RegisterDocument,1507,2401.36
o3p1-majority,RegisterDocument,1508,2401.41
o3p1-majority,RegisterDocument,1509,2401.75
o3p1-majority,RegisterDocument,1510,2401.85
o3p1-majority,RegisterDocument,1511,2401.96
o3p1-majority,RegisterDocument,1512,2402.09
o3p1-majority,RegisterDocument,1513,2402.12
o3p1-majority,RegisterDocument,1514,2402.40
o3p1-majority,RegisterDocument,1515,2402.55
o3p1-majority,RegisterDocument,1516,2402.58
o3p1-majority,RegisterDocument,1517,2402.65
o3p1-majority,RegisterDocument,1518,2402.74
o3p1-majority,RegisterDocument,1519,2402.74
o3p1-majority,RegisterDocument,1520,2402.94
o3p1-majority,RegisterDocument,1521,2402.97
o3p1-majority,RegisterDocument,1522,2403.06
o3p1-majority,RegisterDocument,1523,2403.14
o3p1-majority,RegisterDocument,1524,2403.16
o3p1-majority,RegisterDocument,1525,2403.36
o3p1-majority,RegisterDocument,1526,2403.44
o3p1-majority,RegisterDocument,1527,2403.50
o3p1-majority,RegisterDocument,1528,2403.62
o3p1-majority,RegisterDocument,1529,2403.69
o3p1-majority,RegisterDocument,1530,2403.76
o3p1-majority,RegisterDocument,1531,2403.79
o3p1-majority,RegisterDocument,1532,2403.81
o3p1-majority,RegisterDocument,1533,2403.91
o3p1-majority,RegisterDocument,1534,2404.05
o3p1-majority,RegisterDocument,1535,2404.12
o3p1-majority,RegisterDocument,1536,2404.16
o3p1-majority,RegisterDocument,1537,2404.23
o3p1-majority,RegisterDocument,1538,2404.26
o3p1-majority,RegisterDocument,1539,2404.42
o3p1-majority,RegisterDocument,1540,2404.56
o3p1-majority,RegisterDocument,1541,2404.90
o3p1-majority,RegisterDocument,1542,2404.92
o3p1-majority,RegisterDocument,1543,2404.92
o3p1-majority,RegisterDocument,1544,2405.06
o3p1-majority,RegisterDocument,1545,2405.13
o3p1-majority,RegisterDocument,1546,2405.18
o3p1-majority,RegisterDocument,1547,2405.52
o3p1-majority,RegisterDocument,1548,2405.61
o3p1-majority,RegisterDocument,1549,2405.69
o3p1-majority,RegisterDocument,1550,2405.72
o3p1-majority,RegisterDocument,1551,2405.87
o3p1-majority,RegisterDocument,1552,2405.88
o3p1-majority,RegisterDocument,1553,2406.13
o3p1-majority,RegisterDocument,1554,2406.24
o3p1-majority,RegisterDocument,1555,2406.42
o3p1-majority,RegisterDocument,1556,2406.61
o3p1-majority,RegisterDocument,1557,2406.61
o3p1-majority,RegisterDocument,1558,2406.71
o3p1-majority,RegisterDocument,1559,2407.01
o3p1-majority,RegisterDocument,1560,2407.03
o3p1-majority,RegisterDocument,1561,2407.15
o3p1-majority,RegisterDocument,1562,2407.17
o3p1-majority,RegisterDocument,1563,2407.70
o3p1-majority,RegisterDocument,1564,2407.87
o3p1-majority,RegisterDocument,1565,2407.91
o3p1-majority,RegisterDocument,1566,2408.01
o3p1-majority,RegisterDocument,1567,2408.32
o3p1-majority,RegisterDocument,1568,2408.41
o3p1-majority,RegisterDocument,1569,2408.66
o3p1-majority,RegisterDocument,1570,2408.73
o3p1-majority,RegisterDocument,1571,2408.82
o3p1-majority,RegisterDocument,1572,2409.06
o3p1-majority,RegisterDocument,1573,2409.08
o3p1-majority,RegisterDocument,1574,2409.19
o3p1-majority,RegisterDocument,1575,2409.32
o3p1-majority,RegisterDocument,1576,2409.53
o3p1-majority,RegisterDocument,1577,2410.07
o3p1-majority,RegisterDocument,1578,2410.13
o3p1-majority,RegisterDocument,1579,2410.15
o3p1-majority,RegisterDocument,1580,2410.25
o3p1-majority,RegisterDocument,1581,2410.32
o3p1-majority,RegisterDocument,1582,2410.34
o3p1-majority,RegisterDocument,1583,2411.03
o3p1-majority,RegisterDocument,1584,2411.30
o3p1-majority,RegisterDocument,1585,2411.35
o3p1-majority,RegisterDocument,1586,2411.79
o3p1-majority,RegisterDocument,1587,2412.07
o3p1-majority,RegisterDocument,1588,2412.12
o3p1-majority,RegisterDocument,1589,2412.18
o3p1-majority,RegisterDocument,1590,2412.24
o3p1-majority,RegisterDocument,1591,2412.33
o3p1-majority,RegisterDocument,1592,2412.37
o3p1-majority,RegisterDocument,1593,2412.44
o3p1-majority,RegisterDocument,1594,2412.45
o3p1-majority,RegisterDocument,1595,2412.66
o3p1-majority,RegisterDocument,1596,2412.76
o3p1-majority,RegisterDocument,1597,2412.80
o3p1-majority,RegisterDocument,1598,2412.96
o3p1-majority,RegisterDocument,1599,2413.13
o3p1-majority,RegisterDocument,1600,2413.16
o3p1-majority,RegisterDocument,1601,2413.26
o3p1-majority,RegisterDocument,1602,2413.26
o3p1-majority,RegisterDocument,1603,2413.42
o3p1-majority,RegisterDocument,1604,2413.50
o3p1-majority,RegisterDocument,1605,2413.54
o3p1-majority,RegisterDocument,1606,2413.54
o3p1-majority,RegisterDocument,1607,2413.56
o3p1-majority,RegisterDocument,1608,2413.60
o3p1-majority,RegisterDocument,1609,2413.71
o3p1-majority,RegisterDocument,1610,2413.95
o3p1-majority,RegisterDocument,1611,2413.96
o3p1-majority,RegisterDocument,1612,2414.19
o3p1-majority,RegisterDocument,1613,2414.35
o3p1-majority,RegisterDocument,1614,2414.38
o3p1-majority,RegisterDocument,1615,2414.56
o3p1-majority,RegisterDocument,1616,2414.62
o3p1-majority,RegisterDocument,1617,2414.70
o3p1-majority,RegisterDocument,1618,2414.79
o3p1-majority,RegisterDocument,1619,2414.82
o3p1-majority,RegisterDocument,1620,2414.92
o3p1-majority,RegisterDocument,1621,2414.99
o3p1-majority,RegisterDocument,1622,2415.12
o3p1-majority,RegisterDocument,1623,2415.29
o3p1-majority,RegisterDocument,1624,2415.34
o3p1-majority,RegisterDocument,1625,2415.34
o3p1-majority,RegisterDocument,1626,2415.35
o3p1-majority,RegisterDocument,1627,2415.54
o3p1-majority,RegisterDocument,1628,2415.58
o3p1-majority,RegisterDocument,1629,2415.59
o3p1-majority,RegisterDocument,1630,2415.75
o3p1-majority,RegisterDocument,1631,2415.77
o3p1-majority,RegisterDocument,1632,2415.82
o3p1-majority,RegisterDocument,1633,2416.28
o3p1-majority,RegisterDocument,1634,2416.36
o3p1-majority,RegisterDocument,1635,2416.43
o3p1-majority,RegisterDocument,1636,2416.61
o3p1-majority,RegisterDocument,1637,2416.69
o3p1-majority,RegisterDocument,1638,2416.73
o3p1-majority,RegisterDocument,1639,2416.74
o3p1-majority,RegisterDocument,1640,2416.82
o3p1-majority,RegisterDocument,1641,2416.82
o3p1-majority,RegisterDocument,1642,2416.87
o3p1-majority,RegisterDocument,1643,2416.88
o3p1-majority,RegisterDocument,1644,2416.97
o3p1-majority,RegisterDocument,1645,2417.03
o3p1-majority,RegisterDocument,1646,2417.39
o3p1-majority,RegisterDocument,1647,2417.41
o3p1-majority,RegisterDocument,1648,2417.73
o3p1-majority,RegisterDocument,1649,2417.79
o3p1-majority,RegisterDocument,1650,2418.05
o3p1-majority,RegisterDocument,1651,2418.51
o3p1-majority,RegisterDocument,1652,2418.54
o3p1-majority,RegisterDocument,1653,2418.87
o3p1-majority,RegisterDocument,1654,2418.99
o3p1-majority,RegisterDocument,1655,2419.04
o3p1-majority,RegisterDocument,1656,2419.11
o3p1-majority,RegisterDocument,1657,2419.22
o3p1-majority,RegisterDocument,1658,2419.28
o3p1-majority,RegisterDocument,1659,2419.73
o3p1-majority,RegisterDocument,1660,2419.90
o3p1-majority,RegisterDocument,1661,2420.16
o3p1-majority,RegisterDocument,1662,2420.42
o3p1-majority,RegisterDocument,1663,2420.49
o3p1-majority,RegisterDocument,1664,2420.51
o3p1-majority,RegisterDocument,1665,2420.55
o3p1-majority,RegisterDocument,1666,2420.68
o3p1-majority,RegisterDocument,1667,2420.81
o3p1-majority,RegisterDocument,1668,2420.94
o3p1-majority,RegisterDocument,1669,2421.15
o3p1-majority,RegisterDocument,1670,2421.57
o3p1-majority,RegisterDocument,1671,2421.62
o3p1-majority,RegisterDocument,1672,2421.76
o3p1-majority,RegisterDocument,1673,2422.27
o3p1-majority,RegisterDocument,1674,2422.30
o3p1-majority,RegisterDocument,1675,2422.48
o3p1-majority,RegisterDocument,1676,2422.54
o3p1-majority,RegisterDocument,1677,2422.65
o3p1-majority,RegisterDocument,1678,2422.69
o3p1-majority,RegisterDocument,1679,2422.69
o3p1-majority,RegisterDocument,1680,2422.77
o3p1-majority,RegisterDocument,1681,2422.81
o3p1-majority,RegisterDocument,1682,2423.17
o3p1-majority,RegisterDocument,1683,2423.29
o3p1-majority,RegisterDocument,1684,2423.45
o3p1-majority,RegisterDocument,1685,2423.83
o3p1-majority,RegisterDocument,1686,2423.98
o3p1-majority,RegisterDocument,1687,2424.09
o3p1-majority,RegisterDocument,1688,2424.27
o3p1-majority,RegisterDocument,1689,2424.44
o3p1-majority,RegisterDocument,1690,2424.59
o3p1-majority,RegisterDocument,1691,2424.65
o3p1-majority,RegisterDocument,1692,2424.83
o3p1-majority,RegisterDocument,1693,2424.97
o3p1-majority,RegisterDocument,1694,2425.03
o3p1-majority,RegisterDocument,1695,2425.17
o3p1-majority,RegisterDocument,1696,2425.29
o3p1-majority,RegisterDocument,1697,2425.39
o3p1-majority,RegisterDocument,1698,2425.40
o3p1-majority,RegisterDocument,1699,2425.47
o3p1-majority,RegisterDocument,1700,2426.06
o3p1-majority,RegisterDocument,1701,2426.14
o3p1-majority,RegisterDocument,1702,2426.17
o3p1-majority,RegisterDocument,1703,2426.19
o3p1-majority,RegisterDocument,1704,2426.25
o3p1-majority,RegisterDocument,1705,2426.63
o3p1-majority,RegisterDocument,1706,2427.00
o3p1-majority,RegisterDocument,1707,2427.05
o3p1-majority,RegisterDocument,1708,2427.07
o3p1-majority,RegisterDocument,1709,2427.74
o3p1-majority,RegisterDocument,1710,2428.06
o3p1-majority,RegisterDocument,1711,2428.20
o3p1-majority,RegisterDocument,1712,2428.43
o3p1-majority,RegisterDocument,1713,2428.56
o3p1-majority,RegisterDocument,1714,2428.57
o3p1-majority,RegisterDocument,1715,2428.58
o3p1-majority,RegisterDocument,1716,2428.71
o3p1-majority,RegisterDocument,1717,2428.87
o3p1-majority,RegisterDocument,1718,2428.92
o3p1-majority,RegisterDocument,1719,2428.96
o3p1-majority,RegisterDocument,1720,2429.27
o3p1-majority,RegisterDocument,1721,2429.28
o3p1-majority,RegisterDocument,1722,2429.72
o3p1-majority,RegisterDocument,1723,2429.75
o3p1-majority,RegisterDocument,1724,2429.81
o3p1-majority,RegisterDocument,1725,2429.85
o3p1-majority,RegisterDocument,1726,2429.86
o3p1-majority,RegisterDocument,1727,2430.09
o3p1-majority,RegisterDocument,1728,2430.12
o3p1-majority,RegisterDocument,1729,2430.27
o3p1-majority,RegisterDocument,1730,2430.36
o3p1-majority,RegisterDocument,1731,2430.37
o3p1-majority,RegisterDocument,1732,2430.39
o3p1-majority,RegisterDocument,1733,2430.55
o3p1-majority,RegisterDocument,1734,2430.66
o3p1-majority,RegisterDocument,1735,2430.70
o3p1-majority,RegisterDocument,1736,2430.80
o3p1-majority,RegisterDocument,1737,2430.87
o3p1-majority,RegisterDocument,1738,2431.02
o3p1-majority,RegisterDocument,1739,2431.16
o3p1-majority,RegisterDocument,1740,2431.39
o3p1-majority,RegisterDocument,1741,2431.57
o3p1-majority,RegisterDocument,1742,2431.61
o3p1-majority,RegisterDocument,1743,2431.83
o3p1-majority,RegisterDocument,1744,2431.95
o3p1-majority,RegisterDocument,1745,2432.01
o3p1-majority,RegisterDocument,1746,2432.07
o3p1-majority,RegisterDocument,1747,2432.27
o3p1-majority,RegisterDocument,1748,2432.28
o3p1-majority,RegisterDocument,1749,2432.28
o3p1-majority,RegisterDocument,1750,2432.60
o3p1-majority,RegisterDocument,1751,2432.81
o3p1-majority,RegisterDocument,1752,2432.88
o3p1-majority,RegisterDocument,1753,2433.29
o3p1-majority,RegisterDocument,1754,2433.30
o3p1-majority,RegisterDocument,1755,2433.39
o3p1-majority,RegisterDocument,1756,2434.01
o3p1-majority,RegisterDocument,1757,2434.38
o3p1-majority,RegisterDocument,1758,2434.54
o3p1-majority,RegisterDocument,1759,2434.55
o3p1-majority,RegisterDocument,1760,2434.55
o3p1-majority,RegisterDocument,1761,2434.60
o3p1-majority,RegisterDocument,1762,2435.03
o3p1-majority,RegisterDocument,1763,2435.16
o3p1-majority,RegisterDocument,1764,2435.28
o3p1-majority,RegisterDocument,1765,2435.60
o3p1-majority,RegisterDocument,1766,2435.92
o3p1-majority,RegisterDocument,1767,2436.08
o3p1-majority,RegisterDocument,1768,2436.17
o3p1-majority,RegisterDocument,1769,2436.45
o3p1-majority,RegisterDocument,1770,2436.53
o3p1-majority,RegisterDocument,1771,2436.54
o3p1-majority,RegisterDocument,1772,2436.81
o3p1-majority,RegisterDocument,1773,2437.02
o3p1-majority,RegisterDocument,1774,2437.10
o3p1-majority,RegisterDocument,1775,2437.17
o3p1-majority,RegisterDocument,1776,2437.68
o3p1-majority,RegisterDocument,1777,2438.00
o3p1-majority,RegisterDocument,1778,2438.13
o3p1-majority,RegisterDocument,1779,2438.29
o3p1-majority,RegisterDocument,1780,2438.42
o3p1-majority,RegisterDocument,1781,2438.90
o3p1-majority,RegisterDocument,1782,2438.91
o3p1-majority,RegisterDocument,1783,2439.11
o3p1-majority,RegisterDocument,1784,2439.19
o3p1-majority,RegisterDocument,1785,2439.25
o3p1-majority,RegisterDocument,1786,2439.53
o3p1-majority,RegisterDocument,1787,2439.57
o3p1-majority,RegisterDocument,1788,2439.86
o3p1-majority,RegisterDocument,1789,2439.89
o3p1-majority,RegisterDocument,1790,2439.92
o3p1-majority,RegisterDocument,1791,2439.96
o3p1-majority,RegisterDocument,1792,2440.03
o3p1-majority,RegisterDocument,1793,2440.50
o3p1-majority,RegisterDocument,1794,2440.63
o3p1-majority,RegisterDocument,1795,2441.07
o3p1-majority,RegisterDocument,1796,2441.20
o3p1-majority,RegisterDocument,1797,2441.33
o3p1-majority,RegisterDocument,1798,2441.50
o3p1-majority,RegisterDocument,1799,2441.57
o3p1-majority,RegisterDocument,1800,2441.89
o3p1-majority,RegisterDocument,1801,2441.94
o3p1-majority,RegisterDocument,1802,2442.16
o3p1-majority,RegisterDocument,1803,2442.57
o3p1-majority,RegisterDocument,1804,2442.63
o3p1-majority,RegisterDocument,1805,2442.68
o3p1-majority,RegisterDocument,1806,2443.07
o3p1-majority,RegisterDocument,1807,2443.88
o3p1-majority,RegisterDocument,1808,2444.12
o3p1-majority,RegisterDocument,1809,2444.37
o3p1-majority,RegisterDocument,1810,2444.45
o3p1-majority,RegisterDocument,1811,2444.46
o3p1-majority,RegisterDocument,1812,2444.72
o3p1-majority,RegisterDocument,1813,2444.94
o3p1-majority,RegisterDocument,1814,2445.16
o3p1-majority,RegisterDocument,1815,2445.42
o3p1-majority,RegisterDocument,1816,2445.45
o3p1-majority,RegisterDocument,1817,2445.65
o3p1-majority,RegisterDocument,1818,2445.71
o3p1-majority,RegisterDocument,1819,2445.97
o3p1-majority,RegisterDocument,1820,2446.19
o3p1-majority,RegisterDocument,1821,2446.28
o3p1-majority,RegisterDocument,1822,2446.77
o3p1-majority,RegisterDocument,1823,2446.78
o3p1-majority,RegisterDocument,1824,2447.13
o3p1-majority,RegisterDocument,1825,2447.28
o3p1-majority,RegisterDocument,1826,2447.39
o3p1-majority,RegisterDocument,1827,2447.43
o3p1-majority,RegisterDocument,1828,2448.02
o3p1-majority,RegisterDocument,1829,2448.08
o3p1-majority,RegisterDocument,1830,2448.10
o3p1-majority,RegisterDocument,1831,2448.31
o3p1-majority,RegisterDocument,1832,2448.84
o3p1-majority,RegisterDocument,1833,2449.18
o3p1-majority,RegisterDocument,1834,2449.38
o3p1-majority,RegisterDocument,1835,2449.41
o3p1-majority,RegisterDocument,1836,2449.69
o3p1-majority,RegisterDocument,1837,2449.71
o3p1-majority,RegisterDocument,1838,2449.84
o3p1-majority,RegisterDocument,1839,2449.84
o3p1-majority,RegisterDocument,1840,2450.29
o3p1-majority,RegisterDocument,1841,2451.10
o3p1-majority,RegisterDocument,1842,2451.27
o3p1-majority,RegisterDocument,1843,2451.33
o3p1-majority,RegisterDocument,1844,2452.12
o3p1-majority,RegisterDocument,1845,2452.57
o3p1-majority,RegisterDocument,1846,2452.64
o3p1-majority,RegisterDocument,1847,2452.66
o3p1-majority,RegisterDocument,1848,2452.72
o3p1-majority,RegisterDocument,1849,2453.08
o3p1-majority,RegisterDocument,1850,2453.08
o3p1-majority,RegisterDocument,1851,2453.36
o3p1-majority,RegisterDocument,1852,2453.41
o3p1-majority,RegisterDocument,1853,2453.65
o3p1-majority,RegisterDocument,1854,2453.81
o3p1-majority,RegisterDocument,1855,2453.84
o3p1-majority,RegisterDocument,1856,2453.86
o3p1-majority,RegisterDocument,1857,2454.45
o3p1-majority,RegisterDocument,1858,2454.60
o3p1-majority,RegisterDocument,1859,2454.71
o3p1-majority,RegisterDocument,1860,2454.88
o3p1-majority,RegisterDocument,1861,2455.07
o3p1-majority,RegisterDocument,1862,2455.22
o3p1-majority,RegisterDocument,1863,2455.84
o3p1-majority,RegisterDocument,1864,2456.32
o3p1-majority,RegisterDocument,1865,2456.47
o3p1-majority,RegisterDocument,1866,2456.56
o3p1-majority,RegisterDocument,1867,2456.95
o3p1-majority,RegisterDocument,1868,2457.23
o3p1-majority,RegisterDocument,1869,2457.47
o3p1-majority,RegisterDocument,1870,2457.47
o3p1-majority,RegisterDocument,1871,2457.71
o3p1-majority,RegisterDocument,1872,2458.62
o3p1-majority,RegisterDocument,1873,2458.72
o3p1-majority,RegisterDocument,1874,2458.90
o3p1-majority,RegisterDocument,1875,2459.13
o3p1-majority,RegisterDocument,1876,2459.35
o3p1-majority,RegisterDocument,1877,2459.41
o3p1-majority,RegisterDocument,1878,2459.54
o3p1-majority,RegisterDocument,1879,2460.02
o3p1-majority,RegisterDocument,1880,2460.25
o3p1-majority,RegisterDocument,1881,2460.25
o3p1-majority,RegisterDocument,1882,2460.32
o3p1-majority,RegisterDocument,1883,2460.52
o3p1-majority,RegisterDocument,1884,2461.31
o3p1-majority,RegisterDocument,1885,2461.49
o3p1-majority,RegisterDocument,1886,2461.83
o3p1-majority,RegisterDocument,1887,2462.08
o3p1-majority,RegisterDocument,1888,2463.17
o3p1-majority,RegisterDocument,1889,2463.58
o3p1-majority,RegisterDocument,1890,2463.60
o3p1-majority,RegisterDocument,1891,2463.72
o3p1-majority,RegisterDocument,1892,2464.79
o3p1-majority,RegisterDocument,1893,2465.02
o3p1-majority,RegisterDocument,1894,2465.29
o3p1-majority,RegisterDocument,1895,2465.50
o3p1-majority,RegisterDocument,1896,2466.26
o3p1-majority,RegisterDocument,1897,2466.69
o3p1-majority,RegisterDocument,1898,2466.92
o3p1-majority,RegisterDocument,1899,2467.07
o3p1-majority,RegisterDocument,1900,2467.59
o3p1-majority,RegisterDocument,1901,2467.81
o3p1-majority,RegisterDocument,1902,2468.15
o3p1-majority,RegisterDocument,1903,2468.87
o3p1-majority,RegisterDocument,1904,2469.15
o3p1-majority,RegisterDocument,1905,2469.46
o3p1-majority,RegisterDocument,1906,2469.58
o3p1-majority,RegisterDocument,1907,2469.60
o3p1-majority,RegisterDocument,1908,2469.79
o3p1-majority,RegisterDocument,1909,2470.60
o3p1-majority,RegisterDocument,1910,2470.72
o3p1-majority,RegisterDocument,1911,2473.16
o3p1-majority,RegisterDocument,1912,2473.21
o3p1-majority,RegisterDocument,1913,2473.27
o3p1-majority,RegisterDocument,1914,2473.55
o3p1-majority,RegisterDocument,1915,2473.68
o3p1-majority,RegisterDocument,1916,2474.25
o3p1-majority,RegisterDocument,1917,2474.69
o3p1-majority,RegisterDocument,1918,2474.97
o3p1-majority,RegisterDocument,1919,2475.83
o3p1-majority,RegisterDocument,1920,2475.85
o3p1-majority,RegisterDocument,1921,2476.52
o3p1-majority,RegisterDocument,1922,2476.55
o3p1-majority,RegisterDocument,1923,2476.69
o3p1-majority,RegisterDocument,1924,2476.70
o3p1-majority,RegisterDocument,1925,2476.95
o3p1-majority,RegisterDocument,1926,2478.21
o3p1-majority,RegisterDocument,1927,2478.27
o3p1-majority,RegisterDocument,1928,2480.96
o3p1-majority,RegisterDocument,1929,2482.15
o3p1-majority,RegisterDocument,1930,2482.99
o3p1-majority,RegisterDocument,1931,2483.24
o3p1-majority,RegisterDocument,1932,2483.44
o3p1-majority,RegisterDocument,1933,2483.93
o3p1-majority,RegisterDocument,1934,2484.43
o3p1-majority,RegisterDocument,1935,2484.56
o3p1-majority,RegisterDocument,1936,2484.65
o3p1-majority,RegisterDocument,1937,2484.81
o3p1-majority,RegisterDocument,1938,2485.92
o3p1-majority,RegisterDocument,1939,2486.85
o3p1-majority,RegisterDocument,1940,2487.10
o3p1-majority,RegisterDocument,1941,2487.10
o3p1-majority,RegisterDocument,1942,2489.40
o3p1-majority,RegisterDocument,1943,2489.84
o3p1-majority,RegisterDocument,1944,2490.12
o3p1-majority,RegisterDocument,1945,2490.28
o3p1-majority,RegisterDocument,1946,2491.39
o3p1-majority,RegisterDocument,1947,2492.03
o3p1-majority,RegisterDocument,1948,2492.18
o3p1-majority,RegisterDocument,1949,2492.41
o3p1-majority,RegisterDocument,1950,2492.68
o3p1-majority,RegisterDocument,1951,2493.72
o3p1-majority,RegisterDocument,1952,2494.53
o3p1-majority,RegisterDocument,1953,2495.63
o3p1-majority,RegisterDocument,1954,2495.69
o3p1-majority,RegisterDocument,1955,2495.91
o3p1-majority,RegisterDocument,1956,2496.11
o3p1-majority,RegisterDocument,1957,2496.31
o3p1-majority,RegisterDocument,1958,2496.54
o3p1-majority,RegisterDocument,1959,2497.77
o3p1-majority,RegisterDocument,1960,2497.85
o3p1-majority,RegisterDocument,1961,2497.88
o3p1-majority,RegisterDocument,1962,2497.95
o3p1-majority,RegisterDocument,1963,2498.40
o3p1-majority,RegisterDocument,1964,2499.83
o3p1-majority,RegisterDocument,1965,2500.62
o3p1-majority,RegisterDocument,1966,2501.63
o3p1-majority,RegisterDocument,1967,2501.65
o3p1-majority,RegisterDocument,1968,2503.23
o3p1-majority,RegisterDocument,1969,2503.27
o3p1-majority,RegisterDocument,1970,2503.46
o3p1-majority,RegisterDocument,1971,2503.80
o3p1-majority,RegisterDocument,1972,2504.98
o3p1-majority,RegisterDocument,1973,2505.08
o3p1-majority,RegisterDocument,1974,2506.62
o3p1-majority,RegisterDocument,1975,2506.89
o3p1-majority,RegisterDocument,1976,2508.03
o3p1-majority,RegisterDocument,1977,2508.20
o3p1-majority,RegisterDocument,1978,2510.32
o3p1-majority,RegisterDocument,1979,2510.49
o3p1-majority,RegisterDocument,1980,2512.46
o3p1-majority,RegisterDocument,1981,2517.16
o3p1-majority,RegisterDocument,1982,2520.56
o3p1-majority,RegisterDocument,1983,2525.15
o3p1-majority,RegisterDocument,1984,2526.15
o3p1-majority,RegisterDocument,1985,2526.37
o3p1-majority,RegisterDocument,1986,2530.01
o3p1-majority,RegisterDocument,1987,2530.25
o3p1-majority,RegisterDocument,1988,2531.77
o3p1-majority,RegisterDocument,1989,2533.24
o3p1-majority,RegisterDocument,1990,2535.34
o3p1-majority,RegisterDocument,1991,2536.56
o3p1-majority,RegisterDocument,1992,2536.91
o3p1-majority,RegisterDocument,1993,2545.20
o3p1-majority,RegisterDocument,1994,2545.43
o3p1-majority,RegisterDocument,1995,2549.86
o3p1-majority,RegisterDocument,1996,2550.26
o3p1-majority,RegisterDocument,1997,2551.94
o3p1-majority,RegisterDocument,1998,2552.76
o3p1-majority,RegisterDocument,1999,2562.17
o3p1-majority,CheckAccess,0,6.87
o3p1-majority,CheckAccess,1,5.49
o3p1-majority,CheckAccess,2,4.75
o3p1-majority,CheckAccess,3,5.40
o3p1-majority,CheckAccess,4,6.46
o3p1-majority,CheckAccess,5,5.58
o3p1-majority,CheckAccess,6,4.25
o3p1-majority,CheckAccess,7,7.08
o3p1-majority,CheckAccess,8,5.27
o3p1-majority,CheckAccess,9,4.08
o3p1-majority,CheckAccess,10,6.03
o3p1-majority,CheckAccess,11,3.85
o3p1-majority,CheckAccess,12,5.87
o3p1-majority,CheckAccess,13,4.67
o3p1-majority,CheckAccess,14,3.24
o3p1-majority,CheckAccess,15,3.17
o3p1-majority,CheckAccess,16,3.44
o3p1-majority,CheckAccess,17,3.83
o3p1-majority,CheckAccess,18,3.70
o3p1-majority,CheckAccess,19,4.19
o3p1-majority,CheckAccess,20,6.18
o3p1-majority,CheckAccess,21,4.98
o3p1-majority,CheckAccess,22,6.05
o3p1-majority,CheckAccess,23,5.59
o3p1-majority,CheckAccess,24,5.45
o3p1-majority,CheckAccess,25,5.63
o3p1-majority,CheckAccess,26,6.59
o3p1-majority,CheckAccess,27,4.77
o3p1-majority,CheckAccess,28,6.55
o3p1-majority,CheckAccess,29,5.09
o3p1-majority,CheckAccess,30,4.06
o3p1-majority,CheckAccess,31,3.80
o3p1-majority,CheckAccess,32,6.54
o3p1-majority,CheckAccess,33,6.61
o3p1-majority,CheckAccess,34,6.19
o3p1-majority,CheckAccess,35,4.88
o3p1-majority,CheckAccess,36,6.26
o3p1-majority,CheckAccess,37,3.83
o3p1-majority,CheckAccess,38,6.49
o3p1-majority,CheckAccess,39,4.65
o3p1-majority,CheckAccess,40,4.48
o3p1-majority,CheckAccess,41,4.06
o3p1-majority,CheckAccess,42,6.40
o3p1-majority,CheckAccess,43,5.93
o3p1-majority,CheckAccess,44,5.44
o3p1-majority,CheckAccess,45,6.35
o3p1-majority,CheckAccess,46,5.44
o3p1-majority,CheckAccess,47,6.50
o3p1-majority,CheckAccess,48,6.25
o3p1-majority,CheckAccess,49,4.09
o3p1-majority,CheckAccess,50,6.55
o3p1-majority,CheckAccess,51,4.74
o3p1-majority,CheckAccess,52,4.60
o3p1-majority,CheckAccess,53,4.18
o3p1-majority,CheckAccess,54,6.54
o3p1-majority,CheckAccess,55,5.21
o3p1-majority,CheckAccess,56,5.95
o3p1-majority,CheckAccess,57,6.44
o3p1-majority,CheckAccess,58,3.35
o3p1-majority,CheckAccess,59,3.85
o3p1-majority,CheckAccess,60,5.61
o3p1-majority,CheckAccess,61,4.89
o3p1-majority,CheckAccess,62,4.02
o3p1-majority,CheckAccess,63,5.17
o3p1-majority,CheckAccess,64,3.84
o3p1-majority,CheckAccess,65,4.53
o3p1-majority,CheckAccess,66,5.08
o3p1-majority,CheckAccess,67,5.62
o3p1-majority,CheckAccess,68,6.30
o3p1-majority,CheckAccess,69,6.27
o3p1-majority,CheckAccess,70,6.76
o3p1-majority,CheckAccess,71,4.68
o3p1-majority,CheckAccess,72,6.52
o3p1-majority,CheckAccess,73,6.34
o3p1-majority,CheckAccess,74,5.70
o3p1-majority,CheckAccess,75,5.02
o3p1-majority,CheckAccess,76,5.32
o3p1-majority,CheckAccess,77,5.79
o3p1-majority,CheckAccess,78,3.13
o3p1-majority,CheckAccess,79,4.73
o3p1-majority,CheckAccess,80,6.76
o3p1-majority,CheckAccess,81,7.03
o3p1-majority,CheckAccess,82,4.96
o3p1-majority,CheckAccess,83,6.23
o3p1-majority,CheckAccess,84,3.47
o3p1-majority,CheckAccess,85,3.39
o3p1-majority,CheckAccess,86,3.74
o3p1-majority,CheckAccess,87,5.48
o3p1-majority,CheckAccess,88,4.94
o3p1-majority,CheckAccess,89,3.77
o3p1-majority,CheckAccess,90,4.20
o3p1-majority,CheckAccess,91,5.05
o3p1-majority,CheckAccess,92,5.76
o3p1-majority,CheckAccess,93,6.41
o3p1-majority,CheckAccess,94,6.43
o3p1-majority,CheckAccess,95,5.46
o3p1-majority,CheckAccess,96,6.85
o3p1-majority,CheckAccess,97,6.07
o3p1-majority,CheckAccess,98,4.50
o3p1-majority,CheckAccess,99,6.99
o3p2-majority,RegisterDocument,0,2291.27
o3p2-majority,RegisterDocument,1,2302.22
o3p2-majority,RegisterDocument,2,2304.97
o3p2-majority,RegisterDocument,3,2310.38
o3p2-majority,RegisterDocument,4,2311.46
o3p2-majority,RegisterDocument,5,2314.06
o3p2-majority,RegisterDocument,6,2319.75
o3p2-majority,RegisterDocument,7,2320.93
o3p2-majority,RegisterDocument,8,2322.05
o3p2-majority,RegisterDocument,9,2323.50
o3p2-majority,RegisterDocument,10,2325.20
o3p2-majority,RegisterDocument,11,2327.20
o3p2-majority,RegisterDocument,12,2328.36
o3p2-majority,RegisterDocument,13,2328.94
o3p2-majority,RegisterDocument,14,2329.25
o3p2-majority,RegisterDocument,15,2329.83
o3p2-majority,RegisterDocument,16,2330.64
o3p2-majority,RegisterDocument,17,2331.08
o3p2-majority,RegisterDocument,18,2331.81
o3p2-majority,RegisterDocument,19,2331.84
o3p2-majority,RegisterDocument,20,2332.56
o3p2-majority,RegisterDocument,21,2333.12
o3p2-majority,RegisterDocument,22,2333.46
o3p2-majority,RegisterDocument,23,2334.28
o3p2-majority,RegisterDocument,24,2334.93
o3p2-majority,RegisterDocument,25,2335.55
o3p2-majority,RegisterDocument,26,2335.75
o3p2-majority,RegisterDocument,27,2335.84
o3p2-majority,RegisterDocument,28,2335.87
o3p2-majority,RegisterDocument,29,2337.22
o3p2-majority,RegisterDocument,30,2337.30
o3p2-majority,RegisterDocument,31,2337.87
o3p2-majority,RegisterDocument,32,2338.07
o3p2-majority,RegisterDocument,33,2339.13
o3p2-majority,RegisterDocument,34,2339.68
o3p2-majority,RegisterDocument,35,2340.19
o3p2-majority,RegisterDocument,36,2340.35
o3p2-majority,RegisterDocument,37,2341.58
o3p2-majority,RegisterDocument,38,2341.74
o3p2-majority,RegisterDocument,39,2342.60
o3p2-majority,RegisterDocument,40,2342.66
o3p2-majority,RegisterDocument,41,2342.66
o3p2-majority,RegisterDocument,42,2342.80
o3p2-majority,RegisterDocument,43,2342.81
o3p2-majority,RegisterDocument,44,2343.47
o3p2-majority,RegisterDocument,45,2343.73
o3p2-majority,RegisterDocument,46,2344.68
o3p2-majority,RegisterDocument,47,2344.78
o3p2-majority,RegisterDocument,48,2344.83
o3p2-majority,RegisterDocument,49,2344.89
o3p2-majority,RegisterDocument,50,2345.21
o3p2-majority,RegisterDocument,51,2345.68
o3p2-majority,RegisterDocument,52,2345.74
o3p2-majority,RegisterDocument,53,2345.93
o3p2-majority,RegisterDocument,54,2346.10
o3p2-majority,RegisterDocument,55,2346.13
o3p2-majority,RegisterDocument,56,2346.16
o3p2-majority,RegisterDocument,57,2346.57
o3p2-majority,RegisterDocument,58,2347.48
o3p2-majority,RegisterDocument,59,2347.67
o3p2-majority,RegisterDocument,60,2347.72
o3p2-majority,RegisterDocument,61,2348.34
o3p2-majority,RegisterDocument,62,2348.89
o3p2-majority,RegisterDocument,63,2349.00
o3p2-majority,RegisterDocument,64,2349.22
o3p2-majority,RegisterDocument,65,2349.34
o3p2-majority,RegisterDocument,66,2349.55
o3p2-majority,RegisterDocument,67,2349.66
o3p2-majority,RegisterDocument,68,2349.84
o3p2-majority,RegisterDocument,69,2350.20
o3p2-majority,RegisterDocument,70,2350.21
o3p2-majority,RegisterDocument,71,2350.50
o3p2-majority,RegisterDocument,72,2350.59
o3p2-majority,RegisterDocument,73,2351.21
o3p2-majority,RegisterDocument,74,2351.27
o3p2-majority,RegisterDocument,75,2351.38
o3p2-majority,RegisterDocument,76,2351.70
o3p2-majority,RegisterDocument,77,2352.30
o3p2-majority,RegisterDocument,78,2352.34
o3p2-majority,RegisterDocument,79,2352.44
o3p2-majority,RegisterDocument,80,2352.48
o3p2-majority,RegisterDocument,81,2352.53
o3p2-majority,RegisterDocument,82,2352.56
o3p2-majority,RegisterDocument,83,2352.59
o3p2-majority,RegisterDocument,84,2353.08
o3p2-majority,RegisterDocument,85,2353.21
o3p2-majority,RegisterDocument,86,2353.25
o3p2-majority,RegisterDocument,87,2353.60
o3p2-majority,RegisterDocument,88,2353.69
o3p2-majority,RegisterDocument,89,2354.10
o3p2-majority,RegisterDocument,90,2354.78
o3p2-majority,RegisterDocument,91,2354.82
o3p2-majority,RegisterDocument,92,2355.17
o3p2-majority,RegisterDocument,93,2355.95
o3p2-majority,RegisterDocument,94,2356.06
o3p2-majority,RegisterDocument,95,2356.29
o3p2-majority,RegisterDocument,96,2356.64
o3p2-majority,RegisterDocument,97,2356.66
o3p2-majority,RegisterDocument,98,2356.82
o3p2-majority,RegisterDocument,99,2357.39
o3p2-majority,RegisterDocument,100,2357.53
o3p2-majority,RegisterDocument,101,2357.56
o3p2-majority,RegisterDocument,102,2357.66
o3p2-majority,RegisterDocument,103,2357.87
o3p2-majority,RegisterDocument,104,2358.49
o3p2-majority,RegisterDocument,105,2358.74
o3p2-majority,RegisterDocument,106,2358.87
o3p2-majority,RegisterDocument,107,2358.97
o3p2-majority,RegisterDocument,108,2359.05
o3p2-majority,RegisterDocument,109,2359.07
o3p2-majority,RegisterDocument,110,2359.15
o3p2-majority,RegisterDocument,111,2359.80
o3p2-majority,RegisterDocument,112,2359.83
o3p2-majority,RegisterDocument,113,2360.34
o3p2-majority,RegisterDocument,114,2360.61
o3p2-majority,RegisterDocument,115,2360.62
o3p2-majority,RegisterDocument,116,2360.68
o3p2-majority,RegisterDocument,117,2360.69
o3p2-majority,RegisterDocument,118,2361.07
o3p2-majority,RegisterDocument,119,2361.09
o3p2-majority,RegisterDocument,120,2361.34
o3p2-majority,RegisterDocument,121,2361.52
o3p2-majority,RegisterDocument,122,2361.53
o3p2-majority,RegisterDocument,123,2361.76
o3p2-majority,RegisterDocument,124,2362.02
o3p2-majority,RegisterDocument,125,2362.42
o3p2-majority,RegisterDocument,126,2362.85
o3p2-majority,RegisterDocument,127,2363.48
o3p2-majority,RegisterDocument,128,2363.63
o3p2-majority,RegisterDocument,129,2363.67
o3p2-majority,RegisterDocument,130,2364.16
o3p2-majority,RegisterDocument,131,2364.82
o3p2-majority,RegisterDocument,132,2364.89
o3p2-majority,RegisterDocument,133,2365.25
o3p2-majority,RegisterDocument,134,2365.42
o3p2-majority,RegisterDocument,135,2365.90
o3p2-majority,RegisterDocument,136,2365.92
o3p2-majority,RegisterDocument,137,2366.31
o3p2-majority,RegisterDocument,138,2366.36
o3p2-majority,RegisterDocument,139,2366.45
o3p2-majority,RegisterDocument,140,2366.67
o3p2-majority,RegisterDocument,141,2366.67
o3p2-majority,RegisterDocument,142,2366.68
o3p2-majority,RegisterDocument,143,2366.70
o3p2-majority,RegisterDocument,144,2366.72
o3p2-majority,RegisterDocument,145,2367.40
o3p2-majority,RegisterDocument,146,2367.63
o3p2-majority,RegisterDocument,147,2367.66
o3p2-majority,RegisterDocument,148,2367.90
o3p2-majority,RegisterDocument,149,2368.16
o3p2-majority,RegisterDocument,150,2368.27
o3p2-majority,RegisterDocument,151,2368.48
o3p2-majority,RegisterDocument,152,2368.70
o3p2-majority,RegisterDocument,153,2368.74
o3p2-majority,RegisterDocument,154,2368.77
o3p2-majority,RegisterDocument,155,2368.79
o3p2-majority,RegisterDocument,156,2368.81
o3p2-majority,RegisterDocument,157,2369.68
o3p2-majority,RegisterDocument,158,2369.87
o3p2-majority,RegisterDocument,159,2370.33
o3p2-majority,RegisterDocument,160,2370.36
o3p2-majority,RegisterDocument,161,2370.84
o3p2-majority,RegisterDocument,162,2370.97
o3p2-majority,RegisterDocument,163,2371.25
o3p2-majority,RegisterDocument,164,2371.31
o3p2-majority,RegisterDocument,165,2371.51
o3p2-majority,RegisterDocument,166,2371.55
o3p2-majority,RegisterDocument,167,2371.83
o3p2-majority,RegisterDocument,168,2371.90
o3p2-majority,RegisterDocument,169,2372.17
o3p2-majority,RegisterDocument,170,2372.18
o3p2-majority,RegisterDocument,171,2372.33
o3p2-majority,RegisterDocument,172,2372.37
o3p2-majority,RegisterDocument,173,2372.44
o3p2-majority,RegisterDocument,174,2372.58
o3p2-majority,RegisterDocument,175,2372.60
o3p2-majority,RegisterDocument,176,2372.64
o3p2-majority,RegisterDocument,177,2372.66
o3p2-majority,RegisterDocument,178,2372.83
o3p2-majority,RegisterDocument,179,2372.85
o3p2-majority,RegisterDocument,180,2372.94
o3p2-majority,RegisterDocument,181,2372.99
o3p2-majority,RegisterDocument,182,2373.24
o3p2-majority,RegisterDocument,183,2373.41
o3p2-majority,RegisterDocument,184,2373.81
o3p2-majority,RegisterDocument,185,2373.85
o3p2-majority,RegisterDocument,186,2374.22
o3p2-majority,RegisterDocument,187,2374.24
o3p2-majority,RegisterDocument,188,2374.43
o3p2-majority,RegisterDocument,189,2374.44
o3p2-majority,RegisterDocument,190,2374.77
o3p2-majority,RegisterDocument,191,2374.98
o3p2-majority,RegisterDocument,192,2375.37
o3p2-majority,RegisterDocument,193,2375.40
o3p2-majority,RegisterDocument,194,2375.64
o3p2-majority,RegisterDocument,195,2375.74
o3p2-majority,RegisterDocument,196,2375.80
o3p2-majority,RegisterDocument,197,2375.84
o3p2-majority,RegisterDocument,198,2375.87
o3p2-majority,RegisterDocument,199,2375.89
o3p2-majority,RegisterDocument,200,2375.98
o3p2-majority,RegisterDocument,201,2376.07
o3p2-majority,RegisterDocument,202,2376.13
o3p2-majority,RegisterDocument,203,2376.18
o3p2-majority,RegisterDocument,204,2376.33
o3p2-majority,RegisterDocument,205,2376.59
o3p2-majority,RegisterDocument,206,2376.81
o3p2-majority,RegisterDocument,207,2377.04
o3p2-majority,RegisterDocument,208,2377.10
o3p2-majority,RegisterDocument,209,2377.14
o3p2-majority,RegisterDocument,210,2377.30
o3p2-majority,RegisterDocument,211,2377.80
o3p2-majority,RegisterDocument,212,2377.83
o3p2-majority,RegisterDocument,213,2378.13
o3p2-majority,RegisterDocument,214,2378.29
o3p2-majority,RegisterDocument,215,2378.31
o3p2-majority,RegisterDocument,216,2378.47
o3p2-majority,RegisterDocument,217,2378.54
o3p2-majority,RegisterDocument,218,2378.72
o3p2-majority,RegisterDocument,219,2378.87
o3p2-majority,RegisterDocument,220,2378.95
o3p2-majority,RegisterDocument,221,2379.14
o3p2-majority,RegisterDocument,222,2379.24
o3p2-majority,RegisterDocument,223,2379.37
o3p2-majority,RegisterDocument,224,2379.54
o3p2-majority,RegisterDocument,225,2379.61
o3p2-majority,RegisterDocument,226,2379.64
o3p2-majority,RegisterDocument,227,2379.67
o3p2-majority,RegisterDocument,228,2379.72
o3p2-majority,RegisterDocument,229,2379.84
o3p2-majority,RegisterDocument,230,2379.88
o3p2-majority,RegisterDocument,231,2379.94
o3p2-majority,RegisterDocument,232,2380.36
o3p2-majority,RegisterDocument,233,2380.41
o3p2-majority,RegisterDocument,234,2380.53
o3p2-majority,RegisterDocument,235,2381.22
o3p2-majority,RegisterDocument,236,2381.36
o3p2-majority,RegisterDocument,237,2381.39
o3p2-majority,RegisterDocument,238,2381.40
o3p2-majority,RegisterDocument,239,2381.64
o3p2-majority,RegisterDocument,240,2381.64
o3p2-majority,RegisterDocument,241,2381.64
o3p2-majority,RegisterDocument,242,2381.70
o3p2-majority,RegisterDocument,243,2381.75
o3p2-majority,RegisterDocument,244,2382.01
o3p2-majority,RegisterDocument,245,2382.04
o3p2-majority,RegisterDocument,246,2382.12
o3p2-majority,RegisterDocument,247,2382.16
o3p2-majority,RegisterDocument,248,2382.16
o3p2-majority,RegisterDocument,249,2382.30
o3p2-majority,RegisterDocument,250,2382.38
o3p2-majority,RegisterDocument,251,2382.41
o3p2-majority,RegisterDocument,252,2382.63
o3p2-majority,RegisterDocument,253,2382.65
o3p2-majority,RegisterDocument,254,2382.70
o3p2-majority,RegisterDocument,255,2382.80
o3p2-majority,RegisterDocument,256,2382.87
o3p2-majority,RegisterDocument,257,2382.94
o3p2-majority,RegisterDocument,258,2383.21
o3p2-majority,RegisterDocument,259,2383.27
o3p2-majority,RegisterDocument,260,2383.27
o3p2-majority,RegisterDocument,261,2383.36
o3p2-majority,RegisterDocument,262,2383.38
o3p2-majority,RegisterDocument,263,2383.47
o3p2-majority,RegisterDocument,264,2383.55
o3p2-majority,RegisterDocument,265,2383.71
o3p2-majority,RegisterDocument,266,2383.72
o3p2-majority,RegisterDocument,267,2383.83
o3p2-majority,RegisterDocument,268,2383.88
o3p2-majority,RegisterDocument,269,2383.98
o3p2-majority,RegisterDocument,270,2384.59
o3p2-majority,RegisterDocument,271,2384.67
o3p2-majority,RegisterDocument,272,2384.84
o3p2-majority,RegisterDocument,273,2384.88
o3p2-majority,RegisterDocument,274,2385.01
o3p2-majority,RegisterDocument,275,2385.07
o3p2-majority,RegisterDocument,276,2385.10
o3p2-majority,RegisterDocument,277,2385.26
o3p2-majority,RegisterDocument,278,2385.36
o3p2-majority,RegisterDocument,279,2385.39
o3p2-majority,RegisterDocument,280,2385.50
o3p2-majority,RegisterDocument,281,2385.66
o3p2-majority,RegisterDocument,282,2385.72
o3p2-majority,RegisterDocument,283,2385.81
o3p2-majority,RegisterDocument,284,2385.87
o3p2-majority,RegisterDocument,285,2385.90
o3p2-majority,RegisterDocument,286,2385.99
o3p2-majority,RegisterDocument,287,2386.17
o3p2-majority,RegisterDocument,288,2386.25
o3p2-majority,RegisterDocument,289,2386.33
o3p2-majority,RegisterDocument,290,2386.47
o3p2-majority,RegisterDocument,291,2386.78
o3p2-majority,RegisterDocument,292,2386.81
o3p2-majority,RegisterDocument,293,2386.99
o3p2-majority,RegisterDocument,294,2387.02
o3p2-majority,RegisterDocument,295,2387.10
o3p2-majority,RegisterDocument,296,2387.16
o3p2-majority,RegisterDocument,297,2387.21
o3p2-majority,RegisterDocument,298,2387.31
o3p2-majority,RegisterDocument,299,2387.41
o3p2-majority,RegisterDocument,300,2387.59
o3p2-majority,RegisterDocument,301,2387.59
o3p2-majority,RegisterDocument,302,2387.68
o3p2-majority,RegisterDocument,303,2387.89
o3p2-majority,RegisterDocument,304,2388.20
o3p2-majority,RegisterDocument,305,2388.40
o3p2-majority,RegisterDocument,306,2388.49
o3p2-majority,RegisterDocument,307,2388.82
o3p2-majority,RegisterDocument,308,2389.05
o3p2-majority,RegisterDocument,309,2389.05
o3p2-majority,RegisterDocument,310,2389.15
o3p2-majority,RegisterDocument,311,2389.20
o3p2-majority,RegisterDocument,312,2389.24
o3p2-majority,RegisterDocument,313,2389.28
o3p2-majority,RegisterDocument,314,2389.35
o3p2-majority,RegisterDocument,315,2389.66
o3p2-majority,RegisterDocument,316,2389.70
o3p2-majority,RegisterDocument,317,2389.89
o3p2-majority,RegisterDocument,318,2390.02
o3p2-majority,RegisterDocument,319,2390.18
o3p2-majority,RegisterDocument,320,2390.44
o3p2-majority,RegisterDocument,321,2390.49
o3p2-majority,RegisterDocument,322,2390.50
o3p2-majority,RegisterDocument,323,2390.56
o3p2-majority,RegisterDocument,324,2390.58
o3p2-majority,RegisterDocument,325,2390.61
o3p2-majority,RegisterDocument,326,2390.86
o3p2-majority,RegisterDocument,327,2391.03
o3p2-majority,RegisterDocument,328,2391.09
o3p2-majority,RegisterDocument,329,2391.21
o3p2-majority,RegisterDocument,330,2391.21
o3p2-majority,RegisterDocument,331,2391.22
o3p2-majority,RegisterDocument,332,2391.34
o3p2-majority,RegisterDocument,333,2391.37
o3p2-majority,RegisterDocument,334,2391.43
o3p2-majority,RegisterDocument,335,2391.45
o3p2-majority,RegisterDocument,336,2391.81
o3p2-majority,RegisterDocument,337,2391.88
o3p2-majority,RegisterDocument,338,2391.99
o3p2-majority,RegisterDocument,339,2392.09
o3p2-majority,RegisterDocument,340,2392.12
o3p2-majority,RegisterDocument,341,2392.21
o3p2-majority,RegisterDocument,342,2392.34
o3p2-majority,RegisterDocument,343,2392.37
o3p2-majority,RegisterDocument,344,2392.55
o3p2-majority,RegisterDocument,345,2392.56
o3p2-majority,RegisterDocument,346,2392.98
o3p2-majority,RegisterDocument,347,2393.08
o3p2-majority,RegisterDocument,348,2393.15
o3p2-majority,RegisterDocument,349,2393.35
o3p2-majority,RegisterDocument,350,2393.36
o3p2-majority,RegisterDocument,351,2393.37
o3p2-majority,RegisterDocument,352,2393.47
o3p2-majority,RegisterDocument,353,2393.49
o3p2-majority,RegisterDocument,354,2393.65
o3p2-majority,RegisterDocument,355,2393.74
o3p2-majority,RegisterDocument,356,2393.76
o3p2-majority,RegisterDocument,357,2393.94
o3p2-majority,RegisterDocument,358,2393.97
o3p2-majority,RegisterDocument,359,2394.13
o3p2-majority,RegisterDocument,360,2394.23
o3p2-majority,RegisterDocument,361,2394.23
o3p2-majority,RegisterDocument,362,2394.27
o3p2-majority,RegisterDocument,363,2394.27
o3p2-majority,RegisterDocument,364,2394.30
o3p2-majority,RegisterDocument,365,2394.63
o3p2-majority,RegisterDocument,366,2394.69
o3p2-majority,RegisterDocument,367,2394.76
o3p2-majority,RegisterDocument,368,2395.02
o3p2-majority,RegisterDocument,369,2395.07
o3p2-majority,RegisterDocument,370,2395.10
o3p2-majority,RegisterDocument,371,2395.12
o3p2-majority,RegisterDocument,372,2395.21
o3p2-majority,RegisterDocument,373,2395.24
o3p2-majority,RegisterDocument,374,2395.29
o3p2-majority,RegisterDocument,375,2395.32
o3p2-majority,RegisterDocument,376,2395.46
o3p2-majority,RegisterDocument,377,2395.48
o3p2-majority,RegisterDocument,378,2395.68
o3p2-majority,RegisterDocument,379,2395.71
o3p2-majority,RegisterDocument,380,2395.77
o3p2-majority,RegisterDocument,381,2395.93
o3p2-majority,RegisterDocument,382,2396.03
o3p2-majority,RegisterDocument,383,2396.20
o3p2-majority,RegisterDocument,384,2396.22
o3p2-majority,RegisterDocument,385,2396.39
o3p2-majority,RegisterDocument,386,2396.41
o3p2-majority,RegisterDocument,387,2396.44
o3p2-majority,RegisterDocument,388,2396.58
o3p2-majority,RegisterDocument,389,2396.67
o3p2-majority,RegisterDocument,390,2396.67
o3p2-majority,RegisterDocument,391,2396.67
o3p2-majority,RegisterDocument,392,2396.94
o3p2-majority,RegisterDocument,393,2396.98
o3p2-majority,RegisterDocument,394,2397.02
o3p2-majority,RegisterDocument,395,2397.04
o3p2-majority,RegisterDocument,396,2397.06
o3p2-majority,RegisterDocument,397,2397.12
o3p2-majority,RegisterDocument,398,2397.14
o3p2-majority,RegisterDocument,399,2397.36
o3p2-majority,RegisterDocument,400,2397.39
o3p2-majority,RegisterDocument,401,2397.44
o3p2-majority,RegisterDocument,402,2397.59
o3p2-majority,RegisterDocument,403,2397.60
o3p2-majority,RegisterDocument,404,2397.70
o3p2-majority,RegisterDocument,405,2397.72
o3p2-majority,RegisterDocument,406,2398.01
o3p2-majority,RegisterDocument,407,2398.01
o3p2-majority,RegisterDocument,408,2398.52
o3p2-majority,RegisterDocument,409,2398.62
o3p2-majority,RegisterDocument,410,2398.74
o3p2-majority,RegisterDocument,411,2398.78
o3p2-majority,RegisterDocument,412,2398.88
o3p2-majority,RegisterDocument,413,2398.88
o3p2-majority,RegisterDocument,414,2399.13
o3p2-majority,RegisterDocument,415,2399.24
o3p2-majority,RegisterDocument,416,2399.35
o3p2-majority,RegisterDocument,417,2399.54
o3p2-majority,RegisterDocument,418,2399.56
o3p2-majority,RegisterDocument,419,2399.57
o3p2-majority,RegisterDocument,420,2399.64
o3p2-majority,RegisterDocument,421,2399.64
o3p2-majority,RegisterDocument,422,2399.66
o3p2-majority,RegisterDocument,423,2399.86
o3p2-majority,RegisterDocument,424,2399.97
o3p2-majority,RegisterDocument,425,2400.19
o3p2-majority,RegisterDocument,426,2400.21
o3p2-majority,RegisterDocument,427,2400.23
o3p2-majority,RegisterDocument,428,2400.28
o3p2-majority,RegisterDocument,429,2400.40
o3p2-majority,RegisterDocument,430,2400.43
o3p2-majority,RegisterDocument,431,2400.49
o3p2-majority,RegisterDocument,432,2400.50
o3p2-majority,RegisterDocument,433,2400.54
o3p2-majority,RegisterDocument,434,2400.55
o3p2-majority,RegisterDocument,435,2400.63
o3p2-majority,RegisterDocument,436,2400.68
o3p2-majority,RegisterDocument,437,2400.79
o3p2-majority,RegisterDocument,438,2400.84
o3p2-majority,RegisterDocument,439,2401.08
o3p2-majority,RegisterDocument,440,2401.13
o3p2-majority,RegisterDocument,441,2401.18
o3p2-majority,RegisterDocument,442,2401.21
o3p2-majority,RegisterDocument,443,2401.29
o3p2-majority,RegisterDocument,444,2401.35
o3p2-majority,RegisterDocument,445,2401.42
o3p2-majority,RegisterDocument,446,2401.44
o3p2-majority,RegisterDocument,447,2401.54
o3p2-majority,RegisterDocument,448,2401.59
o3p2-majority,RegisterDocument,449,2401.66
o3p2-majority,RegisterDocument,450,2401.70
o3p2-majority,RegisterDocument,451,2401.89
o3p2-majority,RegisterDocument,452,2402.33
o3p2-majority,RegisterDocument,453,2402.37
o3p2-majority,RegisterDocument,454,2402.42
o3p2-majority,RegisterDocument,455,2402.45
o3p2-majority,RegisterDocument,456,2402.62
o3p2-majority,RegisterDocument,457,2402.73
o3p2-majority,RegisterDocument,458,2402.85
o3p2-majority,RegisterDocument,459,2403.07
o3p2-majority,RegisterDocument,460,2403.10
o3p2-majority,RegisterDocument,461,2403.16
o3p2-majority,RegisterDocument,462,2403.16
o3p2-majority,RegisterDocument,463,2403.17
o3p2-majority,RegisterDocument,464,2403.22
o3p2-majority,RegisterDocument,465,2403.31
o3p2-majority,RegisterDocument,466,2403.39
o3p2-majority,RegisterDocument,467,2403.55
o3p2-majority,RegisterDocument,468,2403.60
o3p2-majority,RegisterDocument,469,2403.79
o3p2-majority,RegisterDocument,470,2403.82
o3p2-majority,RegisterDocument,471,2403.85
o3p2-majority,RegisterDocument,472,2403.96
o3p2-majority,RegisterDocument,473,2404.03
o3p2-majority,RegisterDocument,474,2404.12
o3p2-majority,RegisterDocument,475,2404.18
o3p2-majority,RegisterDocument,476,2404.19
o3p2-majority,RegisterDocument,477,2404.19
o3p2-majority,RegisterDocument,478,2404.34
o3p2-majority,RegisterDocument,479,2404.45
o3p2-majority,RegisterDocument,480,2404.47
o3p2-majority,RegisterDocument,481,2404.47
o3p2-majority,RegisterDocument,482,2404.60
o3p2-majority,RegisterDocument,483,2404.61
o3p2-majority,RegisterDocument,484,2404.95
o3p2-majority,RegisterDocument,485,2405.22
o3p2-majority,RegisterDocument,486,2405.24
o3p2-majority,RegisterDocument,487,2405.35
o3p2-majority,RegisterDocument,488,2405.42
o3p2-majority,RegisterDocument,489,2405.55
o3p2-majority,RegisterDocument,490,2405.55
o3p2-majority,RegisterDocument,491,2405.66
o3p2-majority,RegisterDocument,492,2405.67
o3p2-majority,RegisterDocument,493,2405.69
o3p2-majority,RegisterDocument,494,2405.71
o3p2-majority,RegisterDocument,495,2405.89
o3p2-majority,RegisterDocument,496,2405.91
o3p2-majority,RegisterDocument,497,2405.92
o3p2-majority,RegisterDocument,498,2406.19
o3p2-majority,RegisterDocument,499,2406.35
o3p2-majority,RegisterDocument,500,2406.38
o3p2-majority,RegisterDocument,501,2406.40
o3p2-majority,RegisterDocument,502,2406.44
o3p2-majority,RegisterDocument,503,2406.73
o3p2-majority,RegisterDocument,504,2407.06
o3p2-majority,RegisterDocument,505,2407.25
o3p2-majority,RegisterDocument,506,2407.28
o3p2-majority,RegisterDocument,507,2407.37
o3p2-majority,RegisterDocument,508,2407.61
o3p2-majority,RegisterDocument,509,2407.67
o3p2-majority,RegisterDocument,510,2407.78
o3p2-majority,RegisterDocument,511,2408.01
o3p2-majority,RegisterDocument,512,2408.03
o3p2-majority,RegisterDocument,513,2408.18
o3p2-majority,RegisterDocument,514,2408.27
o3p2-majority,RegisterDocument,515,2408.28
o3p2-majority,RegisterDocument,516,2408.30
o3p2-majority,RegisterDocument,517,2408.32
o3p2-majority,RegisterDocument,518,2408.32
o3p2-majority,RegisterDocument,519,2408.55
o3p2-majority,RegisterDocument,520,2408.69
o3p2-majority,RegisterDocument,521,2408.72
o3p2-majority,RegisterDocument,522,2408.76
o3p2-majority,RegisterDocument,523,2408.91
o3p2-majority,RegisterDocument,524,2408.96
o3p2-majority,RegisterDocument,525,2408.98
o3p2-majority,RegisterDocument,526,2409.14
o3p2-majority,RegisterDocument,527,2409.27
o3p2-majority,RegisterDocument,528,2409.42
o3p2-majority,RegisterDocument,529,2409.51
o3p2-majority,RegisterDocument,530,2409.69
o3p2-majority,RegisterDocument,531,2409.72
o3p2-majority,RegisterDocument,532,2409.80
o3p2-majority,RegisterDocument,533,2409.82
o3p2-majority,RegisterDocument,534,2409.89
o3p2-majority,RegisterDocument,535,2409.90
o3p2-majority,RegisterDocument,536,2410.05
o3p2-majority,RegisterDocument,537,2410.30
o3p2-majority,RegisterDocument,538,2410.31
o3p2-majority,RegisterDocument,539,2410.51
o3p2-majority,RegisterDocument,540,2410.52
o3p2-majority,RegisterDocument,541,2410.61
o3p2-majority,RegisterDocument,542,2410.63
o3p2-majority,RegisterDocument,543,2410.68
o3p2-majority,RegisterDocument,544,2410.76
o3p2-majority,RegisterDocument,545,2410.78
o3p2-majority,RegisterDocument,546,2410.79
o3p2-majority,RegisterDocument,547,2410.86
o3p2-majority,RegisterDocument,548,2410.87
o3p2-majority,RegisterDocument,549,2411.07
o3p2-majority,RegisterDocument,550,2411.11
o3p2-majority,RegisterDocument,551,2411.12
o3p2-majority,RegisterDocument,552,2411.41
o3p2-majority,RegisterDocument,553,2411.58
o3p2-majority,RegisterDocument,554,2411.71
o3p2-majority,RegisterDocument,555,2411.72
o3p2-majority,RegisterDocument,556,2411.83
o3p2-majority,RegisterDocument,557,2411.84
o3p2-majority,RegisterDocument,558,2411.85
o3p2-majority,RegisterDocument,559,2411.94
o3p2-majority,RegisterDocument,560,2411.95
o3p2-majority,RegisterDocument,561,2412.40
o3p2-majority,RegisterDocument,562,2412.42
o3p2-majority,RegisterDocument,563,2412.52
o3p2-majority,RegisterDocument,564,2412.85
o3p2-majority,RegisterDocument,565,2412.95
o3p2-majority,RegisterDocument,566,2413.11
o3p2-majority,RegisterDocument,567,2413.12
o3p2-majority,RegisterDocument,568,2413.12
o3p2-majority,RegisterDocument,569,2413.28
o3p2-majority,RegisterDocument,570,2413.29
o3p2-majority,RegisterDocument,571,2413.32
o3p2-majority,RegisterDocument,572,2413.48
o3p2-majority,RegisterDocument,573,2413.85
o3p2-majority,RegisterDocument,574,2414.20
o3p2-majority,RegisterDocument,575,2414.21
o3p2-majority,RegisterDocument,576,2414.27
o3p2-majority,RegisterDocument,577,2414.34
o3p2-majority,RegisterDocument,578,2414.38
o3p2-majority,RegisterDocument,579,2414.40
o3p2-majority,RegisterDocument,580,2414.46
o3p2-majority,RegisterDocument,581,2414.56
o3p2-majority,RegisterDocument,582,2414.74
o3p2-majority,RegisterDocument,583,2414.82
o3p2-majority,RegisterDocument,584,2414.84
o3p2-majority,RegisterDocument,585,2414.91
o3p2-majority,RegisterDocument,586,2414.93
o3p2-majority,RegisterDocument,587,2414.95
o3p2-majority,RegisterDocument,588,2415.01
o3p2-majority,RegisterDocument,589,2415.04
o3p2-majority,RegisterDocument,590,2415.17
o3p2-majority,RegisterDocument,591,2415.69
o3p2-majority,RegisterDocument,592,2415.77
o3p2-majority,RegisterDocument,593,2415.79
o3p2-majority,RegisterDocument,594,2416.03
o3p2-majority,RegisterDocument,595,2416.10
o3p2-majority,RegisterDocument,596,2416.16
o3p2-majority,RegisterDocument,597,2416.42
o3p2-majority,RegisterDocument,598,2416.69
o3p2-majority,RegisterDocument,599,2416.70
o3p2-majority,RegisterDocument,600,2416.71
o3p2-majority,RegisterDocument,601,2416.76
o3p2-majority,RegisterDocument,602,2416.79
o3p2-majority,RegisterDocument,603,2416.81
o3p2-majority,RegisterDocument,604,2416.99
o3p2-majority,RegisterDocument,605,2417.04
o3p2-majority,RegisterDocument,606,2417.06
o3p2-majority,RegisterDocument,607,2417.19
o3p2-majority,RegisterDocument,608,2417.27
o3p2-majority,RegisterDocument,609,2417.28
o3p2-majority,RegisterDocument,610,2417.32
o3p2-majority,RegisterDocument,611,2417.39
o3p2-majority,RegisterDocument,612,2417.40
o3p2-majority,RegisterDocument,613,2417.43
o3p2-majority,RegisterDocument,614,2417.66
o3p2-majority,RegisterDocument,615,2417.72
o3p2-majority,RegisterDocument,616,2417.90
o3p2-majority,RegisterDocument,617,2417.91
o3p2-majority,RegisterDocument,618,2417.92
o3p2-majority,RegisterDocument,619,2418.24
o3p2-majority,RegisterDocument,620,2418.27
o3p2-majority,RegisterDocument,621,2418.30
o3p2-majority,RegisterDocument,622,2418.41
o3p2-majority,RegisterDocument,623,2418.41
o3p2-majority,RegisterDocument,624,2418.51
o3p2-majority,RegisterDocument,625,2418.71
o3p2-majority,RegisterDocument,626,2418.82
o3p2-majority,RegisterDocument,627,2418.89
o3p2-majority,RegisterDocument,628,2418.90
o3p2-majority,RegisterDocument,629,2418.90
o3p2-majority,RegisterDocument,630,2418.97
o3p2-majority,RegisterDocument,631,2418.99
o3p2-majority,RegisterDocument,632,2419.14
o3p2-majority,RegisterDocument,633,2419.24
o3p2-majority,RegisterDocument,634,2419.24
o3p2-majority,RegisterDocument,635,2419.38
o3p2-majority,RegisterDocument,636,2419.43
o3p2-majority,RegisterDocument,637,2419.43
o3p2-majority,RegisterDocument,638,2419.46
o3p2-majority,RegisterDocument,639,2419.47
o3p2-majority,RegisterDocument,640,2419.62
o3p2-majority,RegisterDocument,641,2419.88
o3p2-majority,RegisterDocument,642,2419.92
o3p2-majority,RegisterDocument,643,2420.09
o3p2-majority,RegisterDocument,644,2420.09
o3p2-majority,RegisterDocument,645,2420.13
o3p2-majority,RegisterDocument,646,2420.15
o3p2-majority,RegisterDocument,647,2420.25
o3p2-majority,RegisterDocument,648,2420.35
o3p2-majority,RegisterDocument,649,2420.35
o3p2-majority,RegisterDocument,650,2420.42
o3p2-majority,RegisterDocument,651,2420.52
o3p2-majority,RegisterDocument,652,2420.53
o3p2-majority,RegisterDocument,653,2420.56
o3p2-majority,RegisterDocument,654,2420.60
o3p2-majority,RegisterDocument,655,2420.68
o3p2-majority,RegisterDocument,656,2420.70
o3p2-majority,RegisterDocument,657,2420.75
o3p2-majority,RegisterDocument,658,2420.80
o3p2-majority,RegisterDocument,659,2420.91
o3p2-majority,RegisterDocument,660,2420.95
o3p2-majority,RegisterDocument,661,2420.97
o3p2-majority,RegisterDocument,662,2421.00
o3p2-majority,RegisterDocument,663,2421.00
o3p2-majority,RegisterDocument,664,2421.27
o3p2-majority,RegisterDocument,665,2421.31
o3p2-majority,RegisterDocument,666,2421.34
o3p2-majority,RegisterDocument,667,2421.54
o3p2-majority,RegisterDocument,668,2421.57
o3p2-majority,RegisterDocument,669,2421.59
o3p2-majority,RegisterDocument,670,2421.60
o3p2-majority,RegisterDocument,671,2421.79
o3p2-majority,RegisterDocument,672,2421.79
o3p2-majority,RegisterDocument,673,2421.86
o3p2-majority,RegisterDocument,674,2422.04
o3p2-majority,RegisterDocument,675,2422.25
o3p2-majority,RegisterDocument,676,2422.36
o3p2-majority,RegisterDocument,677,2422.41
o3p2-majority,RegisterDocument,678,2422.45
o3p2-majority,RegisterDocument,679,2422.52
o3p2-majority,RegisterDocument,680,2422.63
o3p2-majority,RegisterDocument,681,2422.77
o3p2-majority,RegisterDocument,682,2422.93
o3p2-majority,RegisterDocument,683,2422.96
o3p2-majority,RegisterDocument,684,2423.00
o3p2-majority,RegisterDocument,685,2423.21
o3p2-majority,RegisterDocument,686,2423.35
o3p2-majority,RegisterDocument,687,2423.35
o3p2-majority,RegisterDocument,688,2423.47
o3p2-majority,RegisterDocument,689,2423.52
o3p2-majority,RegisterDocument,690,2423.67
o3p2-majority,RegisterDocument,691,2423.77
o3p2-majority,RegisterDocument,692,2423.84
o3p2-majority,RegisterDocument,693,2423.87
o3p2-majority,RegisterDocument,694,2423.93
o3p2-majority,RegisterDocument,695,2424.11
o3p2-majority,RegisterDocument,696,2424.13
o3p2-majority,RegisterDocument,697,2424.15
o3p2-majority,RegisterDocument,698,2424.22
o3p2-majority,RegisterDocument,699,2424.26
o3p2-majority,RegisterDocument,700,2424.27
o3p2-majority,RegisterDocument,701,2424.29
o3p2-majority,RegisterDocument,702,2424.29
o3p2-majority,RegisterDocument,703,2424.34
o3p2-majority,RegisterDocument,704,2424.41
o3p2-majority,RegisterDocument,705,2424.51
o3p2-majority,RegisterDocument,706,2424.53
o3p2-majority,RegisterDocument,707,2424.57
o3p2-majority,RegisterDocument,708,2424.57
o3p2-majority,RegisterDocument,709,2424.74
o3p2-majority,RegisterDocument,710,2424.81
o3p2-majority,RegisterDocument,711,2424.97
o3p2-majority,RegisterDocument,712,2425.02
o3p2-majority,RegisterDocument,713,2425.11
o3p2-majority,RegisterDocument,714,2425.20
o3p2-majority,RegisterDocument,715,2425.27
o3p2-majority,RegisterDocument,716,2425.33
o3p2-majority,RegisterDocument,717,2425.36
o3p2-majority,RegisterDocument,718,2425.39
o3p2-majority,RegisterDocument,719,2425.44
o3p2-majority,RegisterDocument,720,2425.44
o3p2-majority,RegisterDocument,721,2425.46
o3p2-majority,RegisterDocument,722,2425.46
o3p2-majority,RegisterDocument,723,2425.52
o3p2-majority,RegisterDocument,724,2425.70
o3p2-majority,RegisterDocument,725,2425.71
o3p2-majority,RegisterDocument,726,2425.78
o3p2-majority,RegisterDocument,727,2425.85
o3p2-majority,RegisterDocument,728,2425.93
o3p2-majority,RegisterDocument,729,2425.95
o3p2-majority,RegisterDocument,730,2425.96
o3p2-majority,RegisterDocument,731,2426.08
o3p2-majority,RegisterDocument,732,2426.10
o3p2-majority,RegisterDocument,733,2426.14
o3p2-majority,RegisterDocument,734,2426.18
o3p2-majority,RegisterDocument,735,2426.18
o3p2-majority,RegisterDocument,736,2426.21
o3p2-majority,RegisterDocument,737,2426.25
o3p2-majority,RegisterDocument,738,2426.46
o3p2-majority,RegisterDocument,739,2426.47
o3p2-majority,RegisterDocument,740,2426.58
o3p2-majority,RegisterDocument,741,2426.61
o3p2-majority,RegisterDocument,742,2426.63
o3p2-majority,RegisterDocument,743,2426.69
o3p2-majority,RegisterDocument,744,2426.70
o3p2-majority,RegisterDocument,745,2426.70
o3p2-majority,RegisterDocument,746,2426.72
o3p2-majority,RegisterDocument,747,2426.80
o3p2-majority,RegisterDocument,748,2426.88
o3p2-majority,RegisterDocument,749,2426.89
o3p2-majority,RegisterDocument,750,2426.91
o3p2-majority,RegisterDocument,751,2427.06
o3p2-majority,RegisterDocument,752,2427.19
o3p2-majority,RegisterDocument,753,2427.23
o3p2-majority,RegisterDocument,754,2427.32
o3p2-majority,RegisterDocument,755,2427.36
o3p2-majority,RegisterDocument,756,2427.40
o3p2-majority,RegisterDocument,757,2427.42
o3p2-majority,RegisterDocument,758,2427.43
o3p2-majority,RegisterDocument,759,2427.44
o3p2-majority,RegisterDocument,760,2427.54
o3p2-majority,RegisterDocument,761,2427.56
o3p2-majority,RegisterDocument,762,2427.60
o3p2-majority,RegisterDocument,763,2427.61
o3p2-majority,RegisterDocument,764,2427.67
o3p2-majority,RegisterDocument,765,2427.69
o3p2-majority,RegisterDocument,766,2427.89
o3p2-majority,RegisterDocument,767,2427.95
o3p2-majority,RegisterDocument,768,2428.00
o3p2-majority,RegisterDocument,769,2428.04
o3p2-majority,RegisterDocument,770,2428.27
o3p2-majority,RegisterDocument,771,2428.32
o3p2-majority,RegisterDocument,772,2428.35
o3p2-majority,RegisterDocument,773,2428.60
o3p2-majority,RegisterDocument,774,2428.64
o3p2-majority,RegisterDocument,775,2428.90
o3p2-majority,RegisterDocument,776,2428.92
o3p2-majority,RegisterDocument,777,2428.99
o3p2-majority,RegisterDocument,778,2429.03
o3p2-majority,RegisterDocument,779,2429.07
o3p2-majority,RegisterDocument,780,2429.10
o3p2-majority,RegisterDocument,781,2429.10
o3p2-majority,RegisterDocument,782,2429.11
o3p2-majority,RegisterDocument,783,2429.14
o3p2-majority,RegisterDocument,784,2429.34
o3p2-majority,RegisterDocument,785,2429.41
o3p2-majority,RegisterDocument,786,2429.42
o3p2-majority,RegisterDocument,787,2429.42
o3p2-majority,RegisterDocument,788,2429.48
o3p2-majority,RegisterDocument,789,2429.58
o3p2-majority,RegisterDocument,790,2429.59
o3p2-majority,RegisterDocument,791,2429.70
o3p2-majority,RegisterDocument,792,2429.80
o3p2-majority,RegisterDocument,793,2429.88
o3p2-majority,RegisterDocument,794,2429.99
o3p2-majority,RegisterDocument,795,2430.18
o3p2-majority,RegisterDocument,796,2430.22
o3p2-majority,RegisterDocument,797,2430.23
o3p2-majority,RegisterDocument,798,2430.28
o3p2-majority,RegisterDocument,799,2430.51
o3p2-majority,RegisterDocument,800,2430.55
o3p2-majority,RegisterDocument,801,2430.79
o3p2-majority,RegisterDocument,802,2430.95
o3p2-majority,RegisterDocument,803,2431.16
o3p2-majority,RegisterDocument,804,2431.23
o3p2-majority,RegisterDocument,805,2431.28
o3p2-majority,RegisterDocument,806,2431.34
o3p2-majority,RegisterDocument,807,2431.34
o3p2-majority,RegisterDocument,808,2431.56
o3p2-majority,RegisterDocument,809,2431.60
o3p2-majority,RegisterDocument,810,2431.65
o3p2-majority,RegisterDocument,811,2431.67
o3p2-majority,RegisterDocument,812,2431.68
o3p2-majority,RegisterDocument,813,2431.71
o3p2-majority,RegisterDocument,814,2431.80
o3p2-majority,RegisterDocument,815,2431.90
o3p2-majority,RegisterDocument,816,2431.98
o3p2-majority,RegisterDocument,817,2431.99
o3p2-majority,RegisterDocument,818,2432.06
o3p2-majority,RegisterDocument,819,2432.12
o3p2-majority,RegisterDocument,820,2432.29
o3p2-majority,RegisterDocument,821,2432.29
o3p2-majority,RegisterDocument,822,2432.32
o3p2-majority,RegisterDocument,823,2432.36
o3p2-majority,RegisterDocument,824,2432.37
o3p2-majority,RegisterDocument,825,2432.48
o3p2-majority,RegisterDocument,826,2432.56
o3p2-majority,RegisterDocument,827,2432.59
o3p2-majority,RegisterDocument,828,2432.65
o3p2-majority,RegisterDocument,829,2432.76
o3p2-majority,RegisterDocument,830,2432.92
o3p2-majority,RegisterDocument,831,2433.03
o3p2-majority,RegisterDocument,832,2433.16
o3p2-majority,RegisterDocument,833,2433.20
o3p2-majority,RegisterDocument,834,2433.22
o3p2-majority,RegisterDocument,835,2433.26
o3p2-majority,RegisterDocument,836,2433.33
o3p2-majority,RegisterDocument,837,2433.45
o3p2-majority,RegisterDocument,838,2433.58
o3p2-majority,RegisterDocument,839,2433.59
o3p2-majority,RegisterDocument,840,2433.60
o3p2-majority,RegisterDocument,841,2433.73
o3p2-majority,RegisterDocument,842,2433.74
o3p2-majority,RegisterDocument,843,2433.76
o3p2-majority,RegisterDocument,844,2433.81
o3p2-majority,RegisterDocument,845,2433.87
o3p2-majority,RegisterDocument,846,2433.94
o3p2-majority,RegisterDocument,847,2433.96
o3p2-majority,RegisterDocument,848,2434.07
o3p2-majority,RegisterDocument,849,2434.11
o3p2-majority,RegisterDocument,850,2434.23
o3p2-majority,RegisterDocument,851,2434.23
o3p2-majority,RegisterDocument,852,2434.32
o3p2-majority,RegisterDocument,853,2434.50
o3p2-majority,RegisterDocument,854,2434.54
o3p2-majority,RegisterDocument,855,2434.64
o3p2-majority,RegisterDocument,856,2434.65
o3p2-majority,RegisterDocument,857,2434.76
o3p2-majority,RegisterDocument,858,2434.97
o3p2-majority,RegisterDocument,859,2435.05
o3p2-majority,RegisterDocument,860,2435.06
o3p2-majority,RegisterDocument,861,2435.09
o3p2-majority,RegisterDocument,862,2435.19
o3p2-majority,RegisterDocument,863,2435.23
o3p2-majority,RegisterDocument,864,2435.29
o3p2-majority,RegisterDocument,865,2435.29
o3p2-majority,RegisterDocument,866,2435.30
o3p2-majority,RegisterDocument,867,2435.43
o3p2-majority,RegisterDocument,868,2435.44
o3p2-majority,RegisterDocument,869,2435.62
o3p2-majority,RegisterDocument,870,2435.68
o3p2-majority,RegisterDocument,871,2435.73
o3p2-majority,RegisterDocument,872,2435.82
o3p2-majority,RegisterDocument,873,2435.84
o3p2-majority,RegisterDocument,874,2435.84
o3p2-majority,RegisterDocument,875,2435.99
o3p2-majority,RegisterDocument,876,2435.99
o3p2-majority,RegisterDocument,877,2436.08
o3p2-majority,RegisterDocument,878,2436.11
o3p2-majority,RegisterDocument,879,2436.27
o3p2-majority,RegisterDocument,880,2436.27
o3p2-majority,RegisterDocument,881,2436.28
o3p2-majority,RegisterDocument,882,2436.31
o3p2-majority,RegisterDocument,883,2436.33
o3p2-majority,RegisterDocument,884,2436.40
o3p2-majority,RegisterDocument,885,2436.61
o3p2-majority,RegisterDocument,886,2436.67
o3p2-majority,RegisterDocument,887,2436.67
o3p2-majority,RegisterDocument,888,2436.77
o3p2-majority,RegisterDocument,889,2436.79
o3p2-majority,RegisterDocument,890,2436.80
o3p2-majority,RegisterDocument,891,2436.83
o3p2-majority,RegisterDocument,892,2436.83
o3p2-majority,RegisterDocument,893,2436.88
o3p2-majority,RegisterDocument,894,2436.97
o3p2-majority,RegisterDocument,895,2436.99
o3p2-majority,RegisterDocument,896,2436.99
o3p2-majority,RegisterDocument,897,2437.03
o3p2-majority,RegisterDocument,898,2437.09
o3p2-majority,RegisterDocument,899,2437.19
o3p2-majority,RegisterDocument,900,2437.22
o3p2-majority,RegisterDocument,901,2437.29
o3p2-majority,RegisterDocument,902,2437.34
o3p2-majority,RegisterDocument,903,2437.43
o3p2-majority,RegisterDocument,904,2437.59
o3p2-majority,RegisterDocument,905,2437.78
o3p2-majority,RegisterDocument,906,2437.80
o3p2-majority,RegisterDocument,907,2437.85
o3p2-majority,RegisterDocument,908,2437.87
o3p2-majority,RegisterDocument,909,2437.93
o3p2-majority,RegisterDocument,910,2438.07
o3p2-majority,RegisterDocument,911,2438.08
o3p2-majority,RegisterDocument,912,2438.14
o3p2-majority,RegisterDocument,913,2438.29
o3p2-majority,RegisterDocument,914,2438.42
o3p2-majority,RegisterDocument,915,2438.47
o3p2-majority,RegisterDocument,916,2438.49
o3p2-majority,RegisterDocument,917,2438.55
o3p2-majority,RegisterDocument,918,2438.55
o3p2-majority,RegisterDocument,919,2438.58
o3p2-majority,RegisterDocument,920,2438.67
o3p2-majority,RegisterDocument,921,2438.71
o3p2-majority,RegisterDocument,922,2438.79
o3p2-majority,RegisterDocument,923,2438.89
o3p2-majority,RegisterDocument,924,2438.96
o3p2-majority,RegisterDocument,925,2439.26
o3p2-majority,RegisterDocument,926,2439.27
o3p2-majority,RegisterDocument,927,2439.30
o3p2-majority,RegisterDocument,928,2439.45
o3p2-majority,RegisterDocument,929,2439.57
o3p2-majority,RegisterDocument,930,2439.57
o3p2-majority,RegisterDocument,931,2439.75
o3p2-majority,RegisterDocument,932,2439.76
o3p2-majority,RegisterDocument,933,2439.79
o3p2-majority,RegisterDocument,934,2439.91
o3p2-majority,RegisterDocument,935,2439.92
o3p2-majority,RegisterDocument,936,2440.20
o3p2-majority,RegisterDocument,937,2440.34
o3p2-majority,RegisterDocument,938,2440.34
o3p2-majority,RegisterDocument,939,2440.38
o3p2-majority,RegisterDocument,940,2440.41
o3p2-majority,RegisterDocument,941,2440.48
o3p2-majority,RegisterDocument,942,2440.48
o3p2-majority,RegisterDocument,943,2440.64
o3p2-majority,RegisterDocument,944,2440.66
o3p2-majority,RegisterDocument,945,2440.71
o3p2-majority,RegisterDocument,946,2440.75
o3p2-majority,RegisterDocument,947,2440.81
o3p2-majority,RegisterDocument,948,2440.93
o3p2-majority,RegisterDocument,949,2441.09
o3p2-majority,RegisterDocument,950,2441.49
o3p2-majority,RegisterDocument,951,2441.58
o3p2-majority,RegisterDocument,952,2441.63
o3p2-majority,RegisterDocument,953,2441.69
o3p2-majority,RegisterDocument,954,2441.90
o3p2-majority,RegisterDocument,955,2441.99
o3p2-majority,RegisterDocument,956,2442.01
o3p2-majority,RegisterDocument,957,2442.10
o3p2-majority,RegisterDocument,958,2442.15
o3p2-majority,RegisterDocument,959,2442.22
o3p2-majority,RegisterDocument,960,2442.30
o3p2-majority,RegisterDocument,961,2442.31
o3p2-majority,RegisterDocument,962,2442.53
o3p2-majority,RegisterDocument,963,2442.75
o3p2-majority,RegisterDocument,964,2442.79
o3p2-majority,RegisterDocument,965,2442.81
o3p2-majority,RegisterDocument,966,2442.81
o3p2-majority,RegisterDocument,967,2442.96
o3p2-majority,RegisterDocument,968,2443.18
o3p2-majority,RegisterDocument,969,2443.26
o3p2-majority,RegisterDocument,970,2443.39
o3p2-majority,RegisterDocument,971,2443.46
o3p2-majority,RegisterDocument,972,2443.50
o3p2-majority,RegisterDocument,973,2443.52
o3p2-majority,RegisterDocument,974,2443.53
o3p2-majority,RegisterDocument,975,2443.53
o3p2-majority,RegisterDocument,976,2443.54
o3p2-majority,RegisterDocument,977,2443.65
o3p2-majority,RegisterDocument,978,2443.90
o3p2-majority,RegisterDocument,979,2443.93
o3p2-majority,RegisterDocument,980,2444.06
o3p2-majority,RegisterDocument,981,2444.14
o3p2-majority,RegisterDocument,982,2444.18
o3p2-majority,RegisterDocument,983,2444.20
o3p2-majority,RegisterDocument,984,2444.33
o3p2-majority,RegisterDocument,985,2444.43
o3p2-majority,RegisterDocument,986,2444.44
o3p2-majority,RegisterDocument,987,2444.51
o3p2-majority,RegisterDocument,988,2444.55
o3p2-majority,RegisterDocument,989,2444.60
o3p2-majority,RegisterDocument,990,2444.69
o3p2-majority,RegisterDocument,991,2444.83
o3p2-majority,RegisterDocument,992,2444.95
o3p2-majority,RegisterDocument,993,2444.97
o3p2-majority,RegisterDocument,994,2444.99
o3p2-majority,RegisterDocument,995,2444.99
o3p2-majority,RegisterDocument,996,2445.06
o3p2-majority,RegisterDocument,997,2445.22
o3p2-majority,RegisterDocument,998,2445.30
o3p2-majority,RegisterDocument,999,2445.32
o3p2-majority,RegisterDocument,1000,2445.33
o3p2-majority,RegisterDocument,1001,2445.36
o3p2-majority,RegisterDocument,1002,2445.44
o3p2-majority,RegisterDocument,1003,2445.56
o3p2-majority,RegisterDocument,1004,2445.67
o3p2-majority,RegisterDocument,1005,2445.74
o3p2-majority,RegisterDocument,1006,2445.77
o3p2-majority,RegisterDocument,1007,2445.85
o3p2-majority,RegisterDocument,1008,2445.95
o3p2-majority,RegisterDocument,1009,2446.03
o3p2-majority,RegisterDocument,1010,2446.05
o3p2-majority,RegisterDocument,1011,2446.09
o3p2-majority,RegisterDocument,1012,2446.20
o3p2-majority,RegisterDocument,1013,2446.24
o3p2-majority,RegisterDocument,1014,2446.24
o3p2-majority,RegisterDocument,1015,2446.25
o3p2-majority,RegisterDocument,1016,2446.28
o3p2-majority,RegisterDocument,1017,2446.33
o3p2-majority,RegisterDocument,1018,2446.40
o3p2-majority,RegisterDocument,1019,2446.40
o3p2-majority,RegisterDocument,1020,2446.43
o3p2-majority,RegisterDocument,1021,2446.55
o3p2-majority,RegisterDocument,1022,2446.59
o3p2-majority,RegisterDocument,1023,2446.64
o3p2-majority,RegisterDocument,1024,2446.68
o3p2-majority,RegisterDocument,1025,2446.75
o3p2-majority,RegisterDocument,1026,2446.77
o3p2-majority,RegisterDocument,1027,2446.85
o3p2-majority,RegisterDocument,1028,2446.98
o3p2-majority,RegisterDocument,1029,2447.06
o3p2-majority,RegisterDocument,1030,2447.07
o3p2-majority,RegisterDocument,1031,2447.23
o3p2-majority,RegisterDocument,1032,2447.27
o3p2-majority,RegisterDocument,1033,2447.30
o3p2-majority,RegisterDocument,1034,2447.41
o3p2-majority,RegisterDocument,1035,2447.48
o3p2-majority,RegisterDocument,1036,2447.70
o3p2-majority,RegisterDocument,1037,2447.95
o3p2-majority,RegisterDocument,1038,2447.97
o3p2-majority,RegisterDocument,1039,2448.01
o3p2-majority,RegisterDocument,1040,2448.19
o3p2-majority,RegisterDocument,1041,2448.25
o3p2-majority,RegisterDocument,1042,2448.29
o3p2-majority,RegisterDocument,1043,2448.36
o3p2-majority,RegisterDocument,1044,2448.62
o3p2-majority,RegisterDocument,1045,2448.63
o3p2-majority,RegisterDocument,1046,2448.70
o3p2-majority,RegisterDocument,1047,2448.72
o3p2-majority,RegisterDocument,1048,2448.78
o3p2-majority,RegisterDocument,1049,2448.79
o3p2-majority,RegisterDocument,1050,2448.84
o3p2-majority,RegisterDocument,1051,2448.85
o3p2-majority,RegisterDocument,1052,2448.89
o3p2-majority,RegisterDocument,1053,2448.92
o3p2-majority,RegisterDocument,1054,2449.05
o3p2-majority,RegisterDocument,1055,2449.37
o3p2-majority,RegisterDocument,1056,2449.44
o3p2-majority,RegisterDocument,1057,2449.45
o3p2-majority,RegisterDocument,1058,2449.52
o3p2-majority,RegisterDocument,1059,2449.54
o3p2-majority,RegisterDocument,1060,2449.60
o3p2-majority,RegisterDocument,1061,2449.84
o3p2-majority,RegisterDocument,1062,2449.86
o3p2-majority,RegisterDocument,1063,2449.88
o3p2-majority,RegisterDocument,1064,2449.90
o3p2-majority,RegisterDocument,1065,2449.99
o3p2-majority,RegisterDocument,1066,2450.00
o3p2-majority,RegisterDocument,1067,2450.02
o3p2-majority,RegisterDocument,1068,2450.08
o3p2-majority,RegisterDocument,1069,2450.30
o3p2-majority,RegisterDocument,1070,2450.31
o3p2-majority,RegisterDocument,1071,2450.35
o3p2-majority,RegisterDocument,1072,2450.41
o3p2-majority,RegisterDocument,1073,2450.45
o3p2-majority,RegisterDocument,1074,2450.46
o3p2-majority,RegisterDocument,1075,2450.48
o3p2-majority,RegisterDocument,1076,2450.57
o3p2-majority,RegisterDocument,1077,2450.61
o3p2-majority,RegisterDocument,1078,2450.63
o3p2-majority,RegisterDocument,1079,2450.68
o3p2-majority,RegisterDocument,1080,2450.70
o3p2-majority,RegisterDocument,1081,2450.79
o3p2-majority,RegisterDocument,1082,2450.82
o3p2-majority,RegisterDocument,1083,2450.84
o3p2-majority,RegisterDocument,1084,2450.87
o3p2-majority,RegisterDocument,1085,2451.02
o3p2-majority,RegisterDocument,1086,2451.05
o3p2-majority,RegisterDocument,1087,2451.18
o3p2-majority,RegisterDocument,1088,2451.25
o3p2-majority,RegisterDocument,1089,2451.53
o3p2-majority,RegisterDocument,1090,2451.54
o3p2-majority,RegisterDocument,1091,2451.63
o3p2-majority,RegisterDocument,1092,2451.69
o3p2-majority,RegisterDocument,1093,2451.76
o3p2-majority,RegisterDocument,1094,2451.79
o3p2-majority,RegisterDocument,1095,2451.97
o3p2-majority,RegisterDocument,1096,2452.48
o3p2-majority,RegisterDocument,1097,2452.48
o3p2-majority,RegisterDocument,1098,2452.65
o3p2-majority,RegisterDocument,1099,2452.69
o3p2-majority,RegisterDocument,1100,2452.69
o3p2-majority,RegisterDocument,1101,2452.76
o3p2-majority,RegisterDocument,1102,2452.86
o3p2-majority,RegisterDocument,1103,2452.93
o3p2-majority,RegisterDocument,1104,2453.02
o3p2-majority,RegisterDocument,1105,2453.18
o3p2-majority,RegisterDocument,1106,2453.31
o3p2-majority,RegisterDocument,1107,2453.51
o3p2-majority,RegisterDocument,1108,2453.59
o3p2-majority,RegisterDocument,1109,2453.69
o3p2-majority,RegisterDocument,1110,2453.73
o3p2-majority,RegisterDocument,1111,2453.77
o3p2-majority,RegisterDocument,1112,2453.81
o3p2-majority,RegisterDocument,1113,2453.82
o3p2-majority,RegisterDocument,1114,2453.85
o3p2-majority,RegisterDocument,1115,2453.88
o3p2-majority,RegisterDocument,1116,2453.89
o3p2-majority,RegisterDocument,1117,2453.92
o3p2-majority,RegisterDocument,1118,2453.94
o3p2-majority,RegisterDocument,1119,2454.03
o3p2-majority,RegisterDocument,1120,2454.05
o3p2-majority,RegisterDocument,1121,2454.19
o3p2-majority,RegisterDocument,1122,2454.45
o3p2-majority,RegisterDocument,1123,2454.50
o3p2-majority,RegisterDocument,1124,2454.70
o3p2-majority,RegisterDocument,1125,2454.82
o3p2-majority,RegisterDocument,1126,2454.84
o3p2-majority,RegisterDocument,1127,2454.90
o3p2-majority,RegisterDocument,1128,2454.97
o3p2-majority,RegisterDocument,1129,2455.09
o3p2-majority,RegisterDocument,1130,2455.25
o3p2-majority,RegisterDocument,1131,2455.43
o3p2-majority,RegisterDocument,1132,2455.63
o3p2-majority,RegisterDocument,1133,2455.66
o3p2-majority,RegisterDocument,1134,2455.69
o3p2-majority,RegisterDocument,1135,2455.85
o3p2-majority,RegisterDocument,1136,2455.91
o3p2-majority,RegisterDocument,1137,2456.00
o3p2-majority,RegisterDocument,1138,2456.06
o3p2-majority,RegisterDocument,1139,2456.16
o3p2-majority,RegisterDocument,1140,2456.19
o3p2-majority,RegisterDocument,1141,2456.22
o3p2-majority,RegisterDocument,1142,2456.26
o3p2-majority,RegisterDocument,1143,2456.31
o3p2-majority,RegisterDocument,1144,2456.43
o3p2-majority,RegisterDocument,1145,2456.44
o3p2-majority,RegisterDocument,1146,2456.53
o3p2-majority,RegisterDocument,1147,2456.59
o3p2-majority,RegisterDocument,1148,2456.60
o3p2-majority,RegisterDocument,1149,2456.68
o3p2-majority,RegisterDocument,1150,2456.72
o3p2-majority,RegisterDocument,1151,2457.06
o3p2-majority,RegisterDocument,1152,2457.07
o3p2-majority,RegisterDocument,1153,2457.09
o3p2-majority,RegisterDocument,1154,2457.11
o3p2-majority,RegisterDocument,1155,2457.20
o3p2-majority,RegisterDocument,1156,2457.25
o3p2-majority,RegisterDocument,1157,2457.36
o3p2-majority,RegisterDocument,1158,2457.44
o3p2-majority,RegisterDocument,1159,2457.57
o3p2-majority,RegisterDocument,1160,2457.70
o3p2-majority,RegisterDocument,1161,2457.70
o3p2-majority,RegisterDocument,1162,2457.90
o3p2-majority,RegisterDocument,1163,2457.93
o3p2-majority,RegisterDocument,1164,2457.93
o3p2-majority,RegisterDocument,1165,2457.98
o3p2-majority,RegisterDocument,1166,2458.03
o3p2-majority,RegisterDocument,1167,2458.10
o3p2-majority,RegisterDocument,1168,2458.18
o3p2-majority,RegisterDocument,1169,2458.24
o3p2-majority,RegisterDocument,1170,2458.36
o3p2-majority,RegisterDocument,1171,2458.52
o3p2-majority,RegisterDocument,1172,2458.78
o3p2-majority,RegisterDocument,1173,2458.83
o3p2-majority,RegisterDocument,1174,2458.86
o3p2-majority,RegisterDocument,1175,2458.88
o3p2-majority,RegisterDocument,1176,2458.91
o3p2-majority,RegisterDocument,1177,2459.16
o3p2-majority,RegisterDocument,1178,2459.30
o3p2-majority,RegisterDocument,1179,2459.41
o3p2-majority,RegisterDocument,1180,2459.57
o3p2-majority,RegisterDocument,1181,2459.77
o3p2-majority,RegisterDocument,1182,2459.90
o3p2-majority,RegisterDocument,1183,2459.97
o3p2-majority,RegisterDocument,1184,2460.21
o3p2-majority,RegisterDocument,1185,2460.22
o3p2-majority,RegisterDocument,1186,2460.23
o3p2-majority,RegisterDocument,1187,2460.25
o3p2-majority,RegisterDocument,1188,2460.30
o3p2-majority,RegisterDocument,1189,2460.36
o3p2-majority,RegisterDocument,1190,2460.38
o3p2-majority,RegisterDocument,1191,2460.43
o3p2-majority,RegisterDocument,1192,2460.62
o3p2-majority,RegisterDocument,1193,2460.63
o3p2-majority,RegisterDocument,1194,2460.65
o3p2-majority,RegisterDocument,1195,2460.69
o3p2-majority,RegisterDocument,1196,2460.76
o3p2-majority,RegisterDocument,1197,2460.78
o3p2-majority,RegisterDocument,1198,2460.79
o3p2-majority,RegisterDocument,1199,2460.86
o3p2-majority,RegisterDocument,1200,2461.00
o3p2-majority,RegisterDocument,1201,2461.04
o3p2-majority,RegisterDocument,1202,2461.17
o3p2-majority,RegisterDocument,1203,2461.21
o3p2-majority,RegisterDocument,1204,2461.21
o3p2-majority,RegisterDocument,1205,2461.23
o3p2-majority,RegisterDocument,1206,2461.29
o3p2-majority,RegisterDocument,1207,2461.30
o3p2-majority,RegisterDocument,1208,2461.41
o3p2-majority,RegisterDocument,1209,2461.61
o3p2-majority,RegisterDocument,1210,2461.64
o3p2-majority,RegisterDocument,1211,2461.72
o3p2-majority,RegisterDocument,1212,2461.77
o3p2-majority,RegisterDocument,1213,2461.81
o3p2-majority,RegisterDocument,1214,2461.86
o3p2-majority,RegisterDocument,1215,2461.91
o3p2-majority,RegisterDocument,1216,2461.97
o3p2-majority,RegisterDocument,1217,2462.22
o3p2-majority,RegisterDocument,1218,2462.25
o3p2-majority,RegisterDocument,1219,2462.25
o3p2-majority,RegisterDocument,1220,2462.32
o3p2-majority,RegisterDocument,1221,2462.34
o3p2-majority,RegisterDocument,1222,2462.48
o3p2-majority,RegisterDocument,1223,2462.50
o3p2-majority,RegisterDocument,1224,2462.51
o3p2-majority,RegisterDocument,1225,2462.64
o3p2-majority,RegisterDocument,1226,2462.70
o3p2-majority,RegisterDocument,1227,2462.76
o3p2-majority,RegisterDocument,1228,2462.82
o3p2-majority,RegisterDocument,1229,2463.04
o3p2-majority,RegisterDocument,1230,2463.17
o3p2-majority,RegisterDocument,1231,2463.18
o3p2-majority,RegisterDocument,1232,2463.27
o3p2-majority,RegisterDocument,1233,2463.30
o3p2-majority,RegisterDocument,1234,2463.33
o3p2-majority,RegisterDocument,1235,2463.35
o3p2-majority,RegisterDocument,1236,2463.40
o3p2-majority,RegisterDocument,1237,2463.48
o3p2-majority,RegisterDocument,1238,2463.53
o3p2-majority,RegisterDocument,1239,2463.61
o3p2-majority,RegisterDocument,1240,2463.62
o3p2-majority,RegisterDocument,1241,2463.62
o3p2-majority,RegisterDocument,1242,2463.71
o3p2-majority,RegisterDocument,1243,2463.85
o3p2-majority,RegisterDocument,1244,2463.88
o3p2-majority,RegisterDocument,1245,2463.90
o3p2-majority,RegisterDocument,1246,2464.23
o3p2-majority,RegisterDocument,1247,2464.34
o3p2-majority,RegisterDocument,1248,2464.37
o3p2-majority,RegisterDocument,1249,2464.40
o3p2-majority,RegisterDocument,1250,2464.45
o3p2-majority,RegisterDocument,1251,2464.49
o3p2-majority,RegisterDocument,1252,2464.50
o3p2-majority,RegisterDocument,1253,2464.58
o3p2-majority,RegisterDocument,1254,2464.61
o3p2-majority,RegisterDocument,1255,2464.66
o3p2-majority,RegisterDocument,1256,2464.69
o3p2-majority,RegisterDocument,1257,2464.88
o3p2-majority,RegisterDocument,1258,2465.03
o3p2-majority,RegisterDocument,1259,2465.13
o3p2-majority,RegisterDocument,1260,2465.25
o3p2-majority,RegisterDocument,1261,2465.29
o3p2-majority,RegisterDocument,1262,2465.43
o3p2-majority,RegisterDocument,1263,2465.65
o3p2-majority,RegisterDocument,1264,2465.69
o3p2-majority,RegisterDocument,1265,2465.71
o3p2-majority,RegisterDocument,1266,2465.73
o3p2-majority,RegisterDocument,1267,2465.75
o3p2-majority,RegisterDocument,1268,2465.76
o3p2-majority,RegisterDocument,1269,2465.85
o3p2-majority,RegisterDocument,1270,2466.60
o3p2-majority,RegisterDocument,1271,2466.66
o3p2-majority,RegisterDocument,1272,2466.70
o3p2-majority,RegisterDocument,1273,2466.76
o3p2-majority,RegisterDocument,1274,2466.77
o3p2-majority,RegisterDocument,1275,2466.82
o3p2-majority,RegisterDocument,1276,2466.99
o3p2-majority,RegisterDocument,1277,2467.02
o3p2-majority,RegisterDocument,1278,2467.19
o3p2-majority,RegisterDocument,1279,2467.30
o3p2-majority,RegisterDocument,1280,2467.32
o3p2-majority,RegisterDocument,1281,2467.42
o3p2-majority,RegisterDocument,1282,2467.57
o3p2-majority,RegisterDocument,1283,2467.59
o3p2-majority,RegisterDocument,1284,2467.61
o3p2-majority,RegisterDocument,1285,2467.63
o3p2-majority,RegisterDocument,1286,2467.78
o3p2-majority,RegisterDocument,1287,2467.91
o3p2-majority,RegisterDocument,1288,2468.15
o3p2-majority,RegisterDocument,1289,2468.33
o3p2-majority,RegisterDocument,1290,2468.48
o3p2-majority,RegisterDocument,1291,2468.64
o3p2-majority,RegisterDocument,1292,2468.89
o3p2-majority,RegisterDocument,1293,2468.90
o3p2-majority,RegisterDocument,1294,2468.94
o3p2-majority,RegisterDocument,1295,2468.95
o3p2-majority,RegisterDocument,1296,2468.99
o3p2-majority,RegisterDocument,1297,2469.09
o3p2-majority,RegisterDocument,1298,2469.21
o3p2-majority,RegisterDocument,1299,2469.25
o3p2-majority,RegisterDocument,1300,2469.46
o3p2-majority,RegisterDocument,1301,2469.49
o3p2-majority,RegisterDocument,1302,2469.49
o3p2-majority,RegisterDocument,1303,2469.63
o3p2-majority,RegisterDocument,1304,2469.77
o3p2-majority,RegisterDocument,1305,2469.87
o3p2-majority,RegisterDocument,1306,2469.95
o3p2-majority,RegisterDocument,1307,2469.98
o3p2-majority,RegisterDocument,1308,2470.16
o3p2-majority,RegisterDocument,1309,2470.26
o3p2-majority,RegisterDocument,1310,2470.29
o3p2-majority,RegisterDocument,1311,2470.32
o3p2-majority,RegisterDocument,1312,2470.49
o3p2-majority,RegisterDocument,1313,2470.59
o3p2-majority,RegisterDocument,1314,2470.63
o3p2-majority,RegisterDocument,1315,2470.70
o3p2-majority,RegisterDocument,1316,2470.81
o3p2-majority,RegisterDocument,1317,2470.90
o3p2-majority,RegisterDocument,1318,2470.92
o3p2-majority,RegisterDocument,1319,2470.95
o3p2-majority,RegisterDocument,1320,2470.99
o3p2-majority,RegisterDocument,1321,2471.19
o3p2-majority,RegisterDocument,1322,2471.25
o3p2-majority,RegisterDocument,1323,2471.37
o3p2-majority,RegisterDocument,1324,2471.50
o3p2-majority,RegisterDocument,1325,2471.60
o3p2-majority,RegisterDocument,1326,2471.64
o3p2-majority,RegisterDocument,1327,2471.65
o3p2-majority,RegisterDocument,1328,2471.65
o3p2-majority,RegisterDocument,1329,2471.69
o3p2-majority,RegisterDocument,1330,2471.77
o3p2-majority,RegisterDocument,1331,2471.97
o3p2-majority,RegisterDocument,1332,2471.98
o3p2-majority,RegisterDocument,1333,2472.02
o3p2-majority,RegisterDocument,1334,2472.03
o3p2-majority,RegisterDocument,1335,2472.08
o3p2-majority,RegisterDocument,1336,2472.10
o3p2-majority,RegisterDocument,1337,2472.11
o3p2-majority,RegisterDocument,1338,2472.14
o3p2-majority,RegisterDocument,1339,2472.19
o3p2-majority,RegisterDocument,1340,2472.55
o3p2-majority,RegisterDocument,1341,2472.87
o3p2-majority,RegisterDocument,1342,2472.93
o3p2-majority,RegisterDocument,1343,2473.06
o3p2-majority,RegisterDocument,1344,2473.09
o3p2-majority,RegisterDocument,1345,2473.19
o3p2-majority,RegisterDocument,1346,2473.33
o3p2-majority,RegisterDocument,1347,2473.36
o3p2-majority,RegisterDocument,1348,2473.38
o3p2-majority,RegisterDocument,1349,2473.41
o3p2-majority,RegisterDocument,1350,2473.55
o3p2-majority,RegisterDocument,1351,2473.65
o3p2-majority,RegisterDocument,1352,2473.74
o3p2-majority,RegisterDocument,1353,2473.81
o3p2-majority,RegisterDocument,1354,2473.99
o3p2-majority,RegisterDocument,1355,2474.09
o3p2-majority,RegisterDocument,1356,2474.13
o3p2-majority,RegisterDocument,1357,2474.21
o3p2-majority,RegisterDocument,1358,2474.22
o3p2-majority,RegisterDocument,1359,2474.26
o3p2-majority,RegisterDocument,1360,2474.40
o3p2-majority,RegisterDocument,1361,2474.45
o3p2-majority,RegisterDocument,1362,2474.46
o3p2-majority,RegisterDocument,1363,2474.47
o3p2-majority,RegisterDocument,1364,2474.77
o3p2-majority,RegisterDocument,1365,2474.85
o3p2-majority,RegisterDocument,1366,2474.91
o3p2-majority,RegisterDocument,1367,2474.95
o3p2-majority,RegisterDocument,1368,2474.97
o3p2-majority,RegisterDocument,1369,2474.97
o3p2-majority,RegisterDocument,1370,2475.00
o3p2-majority,RegisterDocument,1371,2475.04
o3p2-majority,RegisterDocument,1372,2475.25
o3p2-majority,RegisterDocument,1373,2475.25
o3p2-majority,RegisterDocument,1374,2475.39
o3p2-majority,RegisterDocument,1375,2475.40
o3p2-majority,RegisterDocument,1376,2475.54
o3p2-majority,RegisterDocument,1377,2475.67
o3p2-majority,RegisterDocument,1378,2475.72
o3p2-majority,RegisterDocument,1379,2475.75
o3p2-majority,RegisterDocument,1380,2475.80
o3p2-majority,RegisterDocument,1381,2475.83
o3p2-majority,RegisterDocument,1382,2475.91
o3p2-majority,RegisterDocument,1383,2475.99
o3p2-majority,RegisterDocument,1384,2476.09
o3p2-majority,RegisterDocument,1385,2476.22
o3p2-majority,RegisterDocument,1386,2476.40
o3p2-majority,RegisterDocument,1387,2476.63
o3p2-majority,RegisterDocument,1388,2476.73
o3p2-majority,RegisterDocument,1389,2476.88
o3p2-majority,RegisterDocument,1390,2476.95
o3p2-majority,RegisterDocument,1391,2477.04
o3p2-majority,RegisterDocument,1392,2477.04
o3p2-majority,RegisterDocument,1393,2477.12
o3p2-majority,RegisterDocument,1394,2477.13
o3p2-majority,RegisterDocument,1395,2477.21
o3p2-majority,RegisterDocument,1396,2477.32
o3p2-majority,RegisterDocument,1397,2477.36
o3p2-majority,RegisterDocument,1398,2477.42
o3p2-majority,RegisterDocument,1399,2477.56
o3p2-majority,RegisterDocument,1400,2477.65
o3p2-majority,RegisterDocument,1401,2477.73
o3p2-majority,RegisterDocument,1402,2477.78
o3p2-majority,RegisterDocument,1403,2477.87
o3p2-majority,RegisterDocument,1404,2477.90
o3p2-majority,RegisterDocument,1405,2478.00
o3p2-majority,RegisterDocument,1406,2478.07
o3p2-majority,RegisterDocument,1407,2478.53
o3p2-majority,RegisterDocument,1408,2478.80
o3p2-majority,RegisterDocument,1409,2478.91
o3p2-majority,RegisterDocument,1410,2479.01
o3p2-majority,RegisterDocument,1411,2479.11
o3p2-majority,RegisterDocument,1412,2479.13
o3p2-majority,RegisterDocument,1413,2479.16
o3p2-majority,RegisterDocument,1414,2479.26
o3p2-majority,RegisterDocument,1415,2479.34
o3p2-majority,RegisterDocument,1416,2479.43
o3p2-majority,RegisterDocument,1417,2479.56
o3p2-majority,RegisterDocument,1418,2479.58
o3p2-majority,RegisterDocument,1419,2479.59
o3p2-majority,RegisterDocument,1420,2479.61
o3p2-majority,RegisterDocument,1421,2479.63
o3p2-majority,RegisterDocument,1422,2479.77
o3p2-majority,RegisterDocument,1423,2479.86
o3p2-majority,RegisterDocument,1424,2479.88
o3p2-majority,RegisterDocument,1425,2479.89
o3p2-majority,RegisterDocument,1426,2479.93
o3p2-majority,RegisterDocument,1427,2480.16
o3p2-majority,RegisterDocument,1428,2480.17
o3p2-majority,RegisterDocument,1429,2480.18
o3p2-majority,RegisterDocument,1430,2480.26
o3p2-majority,RegisterDocument,1431,2480.40
o3p2-majority,RegisterDocument,1432,2480.48
o3p2-majority,RegisterDocument,1433,2480.50
o3p2-majority,RegisterDocument,1434,2480.55
o3p2-majority,RegisterDocument,1435,2480.56
o3p2-majority,RegisterDocument,1436,2480.70
o3p2-majority,RegisterDocument,1437,2480.89
o3p2-majority,RegisterDocument,1438,2481.09
o3p2-majority,RegisterDocument,1439,2481.13
o3p2-majority,RegisterDocument,1440,2481.21
o3p2-majority,RegisterDocument,1441,2481.32
o3p2-majority,RegisterDocument,1442,2481.49
o3p2-majority,RegisterDocument,1443,2481.56
o3p2-majority,RegisterDocument,1444,2481.63
o3p2-majority,RegisterDocument,1445,2481.79
o3p2-majority,RegisterDocument,1446,2481.84
o3p2-majority,RegisterDocument,1447,2482.09
o3p2-majority,RegisterDocument,1448,2482.10
o3p2-majority,RegisterDocument,1449,2482.10
o3p2-majority,RegisterDocument,1450,2482.22
o3p2-majority,RegisterDocument,1451,2482.22
o3p2-majority,RegisterDocument,1452,2482.36
o3p2-majority,RegisterDocument,1453,2482.46
o3p2-majority,RegisterDocument,1454,2482.48
o3p2-majority,RegisterDocument,1455,2482.50
o3p2-majority,RegisterDocument,1456,2482.55
o3p2-majority,RegisterDocument,1457,2482.61
o3p2-majority,RegisterDocument,1458,2482.65
o3p2-majority,RegisterDocument,1459,2482.91
o3p2-majority,RegisterDocument,1460,2483.02
o3p2-majority,RegisterDocument,1461,2483.05
o3p2-majority,RegisterDocument,1462,2483.33
o3p2-majority,RegisterDocument,1463,2483.52
o3p2-majority,RegisterDocument,1464,2483.61
o3p2-majority,RegisterDocument,1465,2483.63
o3p2-majority,RegisterDocument,1466,2483.76
o3p2-majority,RegisterDocument,1467,2484.04
o3p2-majority,RegisterDocument,1468,2484.10
o3p2-majority,RegisterDocument,1469,2484.27
o3p2-majority,RegisterDocument,1470,2484.43
o3p2-majority,RegisterDocument,1471,2484.44
o3p2-majority,RegisterDocument,1472,2484.48
o3p2-majority,RegisterDocument,1473,2484.50
o3p2-majority,RegisterDocument,1474,2484.54
o3p2-majority,RegisterDocument,1475,2484.69
o3p2-majority,RegisterDocument,1476,2484.73
o3p2-majority,RegisterDocument,1477,2484.78
o3p2-majority,RegisterDocument,1478,2484.95
o3p2-majority,RegisterDocument,1479,2484.99
o3p2-majority,RegisterDocument,1480,2485.16
o3p2-majority,RegisterDocument,1481,2485.27
o3p2-majority,RegisterDocument,1482,2485.55
o3p2-majority,RegisterDocument,1483,2485.66
o3p2-majority,RegisterDocument,1484,2485.73
o3p2-majority,RegisterDocument,1485,2485.75
o3p2-majority,RegisterDocument,1486,2485.85
o3p2-majority,RegisterDocument,1487,2486.19
o3p2-majority,RegisterDocument,1488,2486.24
o3p2-majority,RegisterDocument,1489,2486.26
o3p2-majority,RegisterDocument,1490,2486.27
o3p2-majority,RegisterDocument,1491,2486.32
o3p2-majority,RegisterDocument,1492,2486.36
o3p2-majority,RegisterDocument,1493,2486.36
o3p2-majority,RegisterDocument,1494,2486.43
o3p2-majority,RegisterDocument,1495,2486.52
o3p2-majority,RegisterDocument,1496,2486.55
o3p2-majority,RegisterDocument,1497,2486.56
o3p2-majority,RegisterDocument,1498,2486.80
o3p2-majority,RegisterDocument,1499,2486.86
o3p2-majority,RegisterDocument,1500,2486.97
o3p2-majority,RegisterDocument,1501,2487.09
o3p2-majority,RegisterDocument,1502,2487.14
o3p2-majority,RegisterDocument,1503,2487.20
o3p2-majority,RegisterDocument,1504,2487.22
o3p2-majority,RegisterDocument,1505,2487.36
o3p2-majority,RegisterDocument,1506,2487.40
o3p2-majority,RegisterDocument,1507,2487.45
o3p2-majority,RegisterDocument,1508,2487.50
o3p2-majority,RegisterDocument,1509,2487.62
o3p2-majority,RegisterDocument,1510,2487.65
o3p2-majority,RegisterDocument,1511,2487.65
o3p2-majority,RegisterDocument,1512,2487.75
o3p2-majority,RegisterDocument,1513,2487.89
o3p2-majority,RegisterDocument,1514,2487.90
o3p2-majority,RegisterDocument,1515,2487.98
o3p2-majority,RegisterDocument,1516,2488.10
o3p2-majority,RegisterDocument,1517,2488.11
o3p2-majority,RegisterDocument,1518,2488.28
o3p2-majority,RegisterDocument,1519,2488.37
o3p2-majority,RegisterDocument,1520,2488.65
o3p2-majority,RegisterDocument,1521,2489.19
o3p2-majority,RegisterDocument,1522,2489.20
o3p2-majority,RegisterDocument,1523,2489.21
o3p2-majority,RegisterDocument,1524,2489.62
o3p2-majority,RegisterDocument,1525,2489.70
o3p2-majority,RegisterDocument,1526,2489.89
o3p2-majority,RegisterDocument,1527,2489.93
o3p2-majority,RegisterDocument,1528,2489.97
o3p2-majority,RegisterDocument,1529,2490.00
o3p2-majority,RegisterDocument,1530,2490.02
o3p2-majority,RegisterDocument,1531,2490.21
o3p2-majority,RegisterDocument,1532,2490.22
o3p2-majority,RegisterDocument,1533,2490.42
o3p2-majority,RegisterDocument,1534,2490.48
o3p2-majority,RegisterDocument,1535,2490.67
o3p2-majority,RegisterDocument,1536,2490.71
o3p2-majority,RegisterDocument,1537,2490.85
o3p2-majority,RegisterDocument,1538,2490.92
o3p2-majority,RegisterDocument,1539,2491.20
o3p2-majority,RegisterDocument,1540,2491.24
o3p2-majority,RegisterDocument,1541,2491.28
o3p2-majority,RegisterDocument,1542,2491.35
o3p2-majority,RegisterDocument,1543,2491.82
o3p2-majority,RegisterDocument,1544,2491.86
o3p2-majority,RegisterDocument,1545,2491.98
o3p2-majority,RegisterDocument,1546,2491.98
o3p2-majority,RegisterDocument,1547,2492.45
o3p2-majority,RegisterDocument,1548,2492.45
o3p2-majority,RegisterDocument,1549,2492.58
o3p2-majority,RegisterDocument,1550,2492.63
o3p2-majority,RegisterDocument,1551,2492.66
o3p2-majority,RegisterDocument,1552,2492.87
o3p2-majority,RegisterDocument,1553,2493.01
o3p2-majority,RegisterDocument,1554,2493.16
o3p2-majority,RegisterDocument,1555,2493.31
o3p2-majority,RegisterDocument,1556,2493.40
o3p2-majority,RegisterDocument,1557,2493.53
o3p2-majority,RegisterDocument,1558,2493.55
o3p2-majority,RegisterDocument,1559,2493.58
o3p2-majority,RegisterDocument,1560,2493.58
o3p2-majority,RegisterDocument,1561,2493.61
o3p2-majority,RegisterDocument,1562,2493.63
o3p2-majority,RegisterDocument,1563,2493.67
o3p2-majority,RegisterDocument,1564,2493.78
o3p2-majority,RegisterDocument,1565,2493.99
o3p2-majority,RegisterDocument,1566,2494.16
o3p2-majority,RegisterDocument,1567,2494.28
o3p2-majority,RegisterDocument,1568,2494.48
o3p2-majority,RegisterDocument,1569,2494.55
o3p2-majority,RegisterDocument,1570,2494.57
o3p2-majority,RegisterDocument,1571,2495.22
o3p2-majority,RegisterDocument,1572,2495.29
o3p2-majority,RegisterDocument,1573,2495.34
o3p2-majority,RegisterDocument,1574,2495.58
o3p2-majority,RegisterDocument,1575,2495.60
o3p2-majority,RegisterDocument,1576,2495.60
o3p2-majority,RegisterDocument,1577,2495.62
o3p2-majority,RegisterDocument,1578,2495.65
o3p2-majority,RegisterDocument,1579,2495.69
o3p2-majority,RegisterDocument,1580,2495.74
o3p2-majority,RegisterDocument,1581,2495.77
o3p2-majority,RegisterDocument,1582,2495.86
o3p2-majority,RegisterDocument,1583,2496.22
o3p2-majority,RegisterDocument,1584,2496.25
o3p2-majority,RegisterDocument,1585,2496.57
o3p2-majority,RegisterDocument,1586,2496.63
o3p2-majority,RegisterDocument,1587,2496.67
o3p2-majority,RegisterDocument,1588,2497.40
o3p2-majority,RegisterDocument,1589,2497.45
o3p2-majority,RegisterDocument,1590,2497.48
o3p2-majority,RegisterDocument,1591,2497.61
o3p2-majority,RegisterDocument,1592,2497.94
o3p2-majority,RegisterDocument,1593,2498.12
o3p2-majority,RegisterDocument,1594,2498.29
o3p2-majority,RegisterDocument,1595,2498.33
o3p2-majority,RegisterDocument,1596,2498.49
o3p2-majority,RegisterDocument,1597,2498.55
o3p2-majority,RegisterDocument,1598,2498.61
o3p2-majority,RegisterDocument,1599,2498.62
o3p2-majority,RegisterDocument,1600,2498.72
o3p2-majority,RegisterDocument,1601,2498.79
o3p2-majority,RegisterDocument,1602,2498.82
o3p2-majority,RegisterDocument,1603,2498.88
o3p2-majority,RegisterDocument,1604,2498.88
o3p2-majority,RegisterDocument,1605,2498.94
o3p2-majority,RegisterDocument,1606,2498.98
o3p2-majority,RegisterDocument,1607,2499.03
o3p2-majority,RegisterDocument,1608,2499.13
o3p2-majority,RegisterDocument,1609,2499.25
o3p2-majority,RegisterDocument,1610,2500.07
o3p2-majority,RegisterDocument,1611,2500.13
o3p2-majority,RegisterDocument,1612,2500.21
o3p2-majority,RegisterDocument,1613,2500.28
o3p2-majority,RegisterDocument,1614,2500.41
o3p2-majority,RegisterDocument,1615,2500.42
o3p2-majority,RegisterDocument,1616,2500.55
o3p2-majority,RegisterDocument,1617,2500.67
o3p2-majority,RegisterDocument,1618,2500.96
o3p2-majority,RegisterDocument,1619,2501.06
o3p2-majority,RegisterDocument,1620,2501.13
o3p2-majority,RegisterDocument,1621,2501.16
o3p2-majority,RegisterDocument,1622,2501.30
o3p2-majority,RegisterDocument,1623,2501.43
o3p2-majority,RegisterDocument,1624,2501.57
o3p2-majority,RegisterDocument,1625,2501.60
o3p2-majority,RegisterDocument,1626,2501.78
o3p2-majority,RegisterDocument,1627,2502.15
o3p2-majority,RegisterDocument,1628,2502.23
o3p2-majority,RegisterDocument,1629,2502.36
o3p2-majority,RegisterDocument,1630,2502.36
o3p2-majority,RegisterDocument,1631,2502.39
o3p2-majority,RegisterDocument,1632,2502.42
o3p2-majority,RegisterDocument,1633,2502.45
o3p2-majority,RegisterDocument,1634,2502.47
o3p2-majority,RegisterDocument,1635,2502.71
o3p2-majority,RegisterDocument,1636,2502.75
o3p2-majority,RegisterDocument,1637,2502.83
o3p2-majority,RegisterDocument,1638,2502.96
o3p2-majority,RegisterDocument,1639,2502.97
o3p2-majority,RegisterDocument,1640,2503.03
o3p2-majority,RegisterDocument,1641,2503.06
o3p2-majority,RegisterDocument,1642,2503.16
o3p2-majority,RegisterDocument,1643,2503.22
o3p2-majority,RegisterDocument,1644,2503.35
o3p2-majority,RegisterDocument,1645,2503.61
o3p2-majority,RegisterDocument,1646,2503.74
o3p2-majority,RegisterDocument,1647,2503.77
o3p2-majority,RegisterDocument,1648,2503.97
o3p2-majority,RegisterDocument,1649,2504.06
o3p2-majority,RegisterDocument,1650,2504.06
o3p2-majority,RegisterDocument,1651,2504.15
o3p2-majority,RegisterDocument,1652,2504.49
o3p2-majority,RegisterDocument,1653,2504.53
o3p2-majority,RegisterDocument,1654,2504.57
o3p2-majority,RegisterDocument,1655,2504.77
o3p2-majority,RegisterDocument,1656,2505.06
o3p2-majority,RegisterDocument,1657,2505.20
o3p2-majority,RegisterDocument,1658,2505.28
o3p2-majority,RegisterDocument,1659,2505.37
o3p2-majority,RegisterDocument,1660,2505.38
o3p2-majority,RegisterDocument,1661,2505.54
o3p2-majority,RegisterDocument,1662,2505.71
o3p2-majority,RegisterDocument,1663,2505.94
o3p2-majority,RegisterDocument,1664,2506.30
o3p2-majority,RegisterDocument,1665,2506.35
o3p2-majority,RegisterDocument,1666,2506.50
o3p2-majority,RegisterDocument,1667,2506.66
o3p2-majority,RegisterDocument,1668,2506.77
o3p2-majority,RegisterDocument,1669,2506.80
o3p2-majority,RegisterDocument,1670,2507.17
o3p2-majority,RegisterDocument,1671,2507.22
o3p2-majority,RegisterDocument,1672,2507.24
o3p2-majority,RegisterDocument,1673,2507.25
o3p2-majority,RegisterDocument,1674,2507.75
o3p2-majority,RegisterDocument,1675,2508.03
o3p2-majority,RegisterDocument,1676,2508.08
o3p2-majority,RegisterDocument,1677,2508.13
o3p2-majority,RegisterDocument,1678,2508.13
o3p2-majority,RegisterDocument,1679,2508.15
o3p2-majority,RegisterDocument,1680,2508.29
o3p2-majority,RegisterDocument,1681,2508.36
o3p2-majority,RegisterDocument,1682,2508.37
o3p2-majority,RegisterDocument,1683,2508.39
o3p2-majority,RegisterDocument,1684,2508.44
o3p2-majority,RegisterDocument,1685,2508.51
o3p2-majority,RegisterDocument,1686,2508.52
o3p2-majority,RegisterDocument,1687,2508.75
o3p2-majority,RegisterDocument,1688,2508.80
o3p2-majority,RegisterDocument,1689,2508.84
o3p2-majority,RegisterDocument,1690,2508.85
o3p2-majority,RegisterDocument,1691,2508.97
o3p2-majority,RegisterDocument,1692,2509.01
o3p2-majority,RegisterDocument,1693,2509.01
o3p2-majority,RegisterDocument,1694,2509.02
o3p2-majority,RegisterDocument,1695,2509.16
o3p2-majority,RegisterDocument,1696,2509.19
o3p2-majority,RegisterDocument,1697,2509.20
o3p2-majority,RegisterDocument,1698,2509.33
o3p2-majority,RegisterDocument,1699,2509.80
o3p2-majority,RegisterDocument,1700,2510.19
o3p2-majority,RegisterDocument,1701,2510.27
o3p2-majority,RegisterDocument,1702,2510.30
o3p2-majority,RegisterDocument,1703,2510.30
o3p2-majority,RegisterDocument,1704,2510.42
o3p2-majority,RegisterDocument,1705,2510.48
o3p2-majority,RegisterDocument,1706,2510.57
o3p2-majority,RegisterDocument,1707,2510.68
o3p2-majority,RegisterDocument,1708,2510.98
o3p2-majority,RegisterDocument,1709,2511.30
o3p2-majority,RegisterDocument,1710,2511.42
o3p2-majority,RegisterDocument,1711,2511.45
o3p2-majority,RegisterDocument,1712,2511.45
o3p2-majority,RegisterDocument,1713,2511.63
o3p2-majority,RegisterDocument,1714,2511.81
o3p2-majority,RegisterDocument,1715,2511.87
o3p2-majority,RegisterDocument,1716,2511.90
o3p2-majority,RegisterDocument,1717,2512.01
o3p2-majority,RegisterDocument,1718,2512.33
o3p2-majority,RegisterDocument,1719,2512.43
o3p2-majority,RegisterDocument,1720,2512.43
o3p2-majority,RegisterDocument,1721,2512.45
o3p2-majority,RegisterDocument,1722,2512.52
o3p2-majority,RegisterDocument,1723,2512.79
o3p2-majority,RegisterDocument,1724,2513.11
o3p2-majority,RegisterDocument,1725,2513.28
o3p2-majority,RegisterDocument,1726,2513.32
o3p2-majority,RegisterDocument,1727,2513.33
o3p2-majority,RegisterDocument,1728,2513.37
o3p2-majority,RegisterDocument,1729,2513.50
o3p2-majority,RegisterDocument,1730,2513.68
o3p2-majority,RegisterDocument,1731,2513.76
o3p2-majority,RegisterDocument,1732,2513.78
o3p2-majority,RegisterDocument,1733,2513.78
o3p2-majority,RegisterDocument,1734,2513.79
o3p2-majority,RegisterDocument,1735,2513.82
o3p2-majority,RegisterDocument,1736,2513.85
o3p2-majority,RegisterDocument,1737,2513.93
o3p2-majority,RegisterDocument,1738,2513.95
o3p2-majority,RegisterDocument,1739,2514.14
o3p2-majority,RegisterDocument,1740,2514.19
o3p2-majority,RegisterDocument,1741,2514.24
o3p2-majority,RegisterDocument,1742,2514.31
o3p2-majority,RegisterDocument,1743,2514.35
o3p2-majority,RegisterDocument,1744,2514.51
o3p2-majority,RegisterDocument,1745,2514.54
o3p2-majority,RegisterDocument,1746,2514.77
o3p2-majority,RegisterDocument,1747,2514.90
o3p2-majority,RegisterDocument,1748,2515.01
o3p2-majority,RegisterDocument,1749,2515.18
o3p2-majority,RegisterDocument,1750,2515.23
o3p2-majority,RegisterDocument,1751,2515.25
o3p2-majority,RegisterDocument,1752,2515.33
o3p2-majority,RegisterDocument,1753,2515.57
o3p2-majority,RegisterDocument,1754,2515.81
o3p2-majority,RegisterDocument,1755,2515.85
o3p2-majority,RegisterDocument,1756,2516.04
o3p2-majority,RegisterDocument,1757,2516.35
o3p2-majority,RegisterDocument,1758,2516.53
o3p2-majority,RegisterDocument,1759,2516.59
o3p2-majority,RegisterDocument,1760,2516.86
o3p2-majority,RegisterDocument,1761,2517.10
o3p2-majority,RegisterDocument,1762,2517.14
o3p2-majority,RegisterDocument,1763,2517.26
o3p2-majority,RegisterDocument,1764,2517.26
o3p2-majority,RegisterDocument,1765,2517.32
o3p2-majority,RegisterDocument,1766,2517.42
o3p2-majority,RegisterDocument,1767,2517.43
o3p2-majority,RegisterDocument,1768,2517.59
o3p2-majority,RegisterDocument,1769,2517.64
o3p2-majority,RegisterDocument,1770,2517.77
o3p2-majority,RegisterDocument,1771,2517.97
o3p2-majority,RegisterDocument,1772,2518.28
o3p2-majority,RegisterDocument,1773,2518.33
o3p2-majority,RegisterDocument,1774,2518.42
o3p2-majority,RegisterDocument,1775,2518.85
o3p2-majority,RegisterDocument,1776,2519.06
o3p2-majority,RegisterDocument,1777,2519.08
o3p2-majority,RegisterDocument,1778,2519.13
o3p2-majority,RegisterDocument,1779,2519.17
o3p2-majority,RegisterDocument,1780,2519.24
o3p2-majority,RegisterDocument,1781,2519.34
o3p2-majority,RegisterDocument,1782,2519.92
o3p2-majority,RegisterDocument,1783,2520.04
o3p2-majority,RegisterDocument,1784,2520.35
o3p2-majority,RegisterDocument,1785,2520.49
o3p2-majority,RegisterDocument,1786,2520.52
o3p2-majority,RegisterDocument,1787,2520.80
o3p2-majority,RegisterDocument,1788,2520.94
o3p2-majority,RegisterDocument,1789,2521.50
o3p2-majority,RegisterDocument,1790,2521.58
o3p2-majority,RegisterDocument,1791,2521.84
o3p2-majority,RegisterDocument,1792,2522.10
o3p2-majority,RegisterDocument,1793,2522.23
o3p2-majority,RegisterDocument,1794,2522.53
o3p2-majority,RegisterDocument,1795,2522.64
o3p2-majority,RegisterDocument,1796,2522.82
o3p2-majority,RegisterDocument,1797,2522.85
o3p2-majority,RegisterDocument,1798,2522.86
o3p2-majority,RegisterDocument,1799,2523.04
o3p2-majority,RegisterDocument,1800,2523.20
o3p2-majority,RegisterDocument,1801,2523.47
o3p2-majority,RegisterDocument,1802,2523.51
o3p2-majority,RegisterDocument,1803,2523.66
o3p2-majority,RegisterDocument,1804,2523.81
o3p2-majority,RegisterDocument,1805,2523.84
o3p2-majority,RegisterDocument,1806,2524.20
o3p2-majority,RegisterDocument,1807,2524.57
o3p2-majority,RegisterDocument,1808,2524.99
o3p2-majority,RegisterDocument,1809,2525.28
o3p2-majority,RegisterDocument,1810,2525.32
o3p2-majority,RegisterDocument,1811,2525.33
o3p2-majority,RegisterDocument,1812,2525.34
o3p2-majority,RegisterDocument,1813,2525.37
o3p2-majority,RegisterDocument,1814,2525.49
o3p2-majority,RegisterDocument,1815,2525.71
o3p2-majority,RegisterDocument,1816,2525.85
o3p2-majority,RegisterDocument,1817,2526.79
o3p2-majority,RegisterDocument,1818,2526.89
o3p2-majority,RegisterDocument,1819,2527.11
o3p2-majority,RegisterDocument,1820,2527.13
o3p2-majority,RegisterDocument,1821,2527.67
o3p2-majority,RegisterDocument,1822,2528.09
o3p2-majority,RegisterDocument,1823,2528.34
o3p2-majority,RegisterDocument,1824,2528.62
o3p2-majority,RegisterDocument,1825,2528.64
o3p2-majority,RegisterDocument,1826,2528.73
o3p2-majority,RegisterDocument,1827,2529.05
o3p2-majority,RegisterDocument,1828,2529.24
o3p2-majority,RegisterDocument,1829,2529.84
o3p2-majority,RegisterDocument,1830,2529.91
o3p2-majority,RegisterDocument,1831,2530.06
o3p2-majority,RegisterDocument,1832,2530.15
o3p2-majority,RegisterDocument,1833,2530.19
o3p2-majority,RegisterDocument,1834,2530.51
o3p2-majority,RegisterDocument,1835,2530.51
o3p2-majority,RegisterDocument,1836,2530.89
o3p2-majority,RegisterDocument,1837,2531.82
o3p2-majority,RegisterDocument,1838,2532.00
o3p2-majority,RegisterDocument,1839,2532.06
o3p2-majority,RegisterDocument,1840,2532.11
o3p2-majority,RegisterDocument,1841,2532.12
o3p2-majority,RegisterDocument,1842,2532.79
o3p2-majority,RegisterDocument,1843,2533.11
o3p2-majority,RegisterDocument,1844,2533.33
o3p2-majority,RegisterDocument,1845,2533.62
o3p2-majority,RegisterDocument,1846,2533.71
o3p2-majority,RegisterDocument,1847,2533.81
o3p2-majority,RegisterDocument,1848,2534.14
o3p2-majority,RegisterDocument,1849,2534.30
o3p2-majority,RegisterDocument,1850,2534.32
o3p2-majority,RegisterDocument,1851,2534.45
o3p2-majority,RegisterDocument,1852,2534.47
o3p2-majority,RegisterDocument,1853,2534.73
o3p2-majority,RegisterDocument,1854,2535.30
o3p2-majority,RegisterDocument,1855,2535.48
o3p2-majority,RegisterDocument,1856,2535.54
o3p2-majority,RegisterDocument,1857,2535.86
o3p2-majority,RegisterDocument,1858,2535.89
o3p2-majority,RegisterDocument,1859,2535.89
o3p2-majority,RegisterDocument,1860,2535.90
o3p2-majority,RegisterDocument,1861,2536.04
o3p2-majority,RegisterDocument,1862,2536.54
o3p2-majority,RegisterDocument,1863,2536.62
o3p2-majority,RegisterDocument,1864,2536.67
o3p2-majority,RegisterDocument,1865,2537.19
o3p2-majority,RegisterDocument,1866,2537.21
o3p2-majority,RegisterDocument,1867,2537.61
o3p2-majority,RegisterDocument,1868,2538.16
o3p2-majority,RegisterDocument,1869,2538.18
o3p2-majority,RegisterDocument,1870,2538.40
o3p2-majority,RegisterDocument,1871,2538.87
o3p2-majority,RegisterDocument,1872,2538.89
o3p2-majority,RegisterDocument,1873,2539.20
o3p2-majority,RegisterDocument,1874,2539.44
o3p2-majority,RegisterDocument,1875,2539.99
o3p2-majority,RegisterDocument,1876,2540.06
o3p2-majority,RegisterDocument,1877,2541.10
o3p2-majority,RegisterDocument,1878,2541.53
o3p2-majority,RegisterDocument,1879,2542.10
o3p2-majority,RegisterDocument,1880,2542.51
o3p2-majority,RegisterDocument,1881,2542.59
o3p2-majority,RegisterDocument,1882,2542.99
o3p2-majority,RegisterDocument,1883,2543.45
o3p2-majority,RegisterDocument,1884,2543.67
o3p2-majority,RegisterDocument,1885,2544.18
o3p2-majority,RegisterDocument,1886,2544.29
o3p2-majority,RegisterDocument,1887,2544.64
o3p2-majority,RegisterDocument,1888,2544.68
o3p2-majority,RegisterDocument,1889,2544.72
o3p2-majority,RegisterDocument,1890,2545.67
o3p2-majority,RegisterDocument,1891,2546.22
o3p2-majority,RegisterDocument,1892,2546.70
o3p2-majority,RegisterDocument,1893,2546.80
o3p2-majority,RegisterDocument,1894,2548.24
o3p2-majority,RegisterDocument,1895,2548.52
o3p2-majority,RegisterDocument,1896,2548.88
o3p2-majority,RegisterDocument,1897,2549.09
o3p2-majority,RegisterDocument,1898,2549.22
o3p2-majority,RegisterDocument,1899,2549.30
o3p2-majority,RegisterDocument,1900,2549.89
o3p2-majority,RegisterDocument,1901,2550.26
o3p2-majority,RegisterDocument,1902,2550.71
o3p2-majority,RegisterDocument,1903,2551.00
o3p2-majority,RegisterDocument,1904,2551.36
o3p2-majority,RegisterDocument,1905,2551.57
o3p2-majority,RegisterDocument,1906,2552.36
o3p2-majority,RegisterDocument,1907,2552.53
o3p2-majority,RegisterDocument,1908,2553.08
o3p2-majority,RegisterDocument,1909,2553.16
o3p2-majority,RegisterDocument,1910,2553.37
o3p2-majority,RegisterDocument,1911,2553.50
o3p2-majority,RegisterDocument,1912,2553.55
o3p2-majority,RegisterDocument,1913,2553.76
o3p2-majority,RegisterDocument,1914,2554.00
o3p2-majority,RegisterDocument,1915,2554.13
o3p2-majority,RegisterDocument,1916,2554.67
o3p2-majority,RegisterDocument,1917,2554.96
o3p2-majority,RegisterDocument,1918,2555.00
o3p2-majority,RegisterDocument,1919,2555.09
o3p2-majority,RegisterDocument,1920,2555.29
o3p2-majority,RegisterDocument,1921,2555.65
o3p2-majority,RegisterDocument,1922,2556.28
o3p2-majority,RegisterDocument,1923,2556.94
o3p2-majority,RegisterDocument,1924,2556.97
o3p2-majority,RegisterDocument,1925,2556.99
o3p2-majority,RegisterDocument,1926,2557.27
o3p2-majority,RegisterDocument,1927,2557.57
o3p2-majority,RegisterDocument,1928,2557.66
o3p2-majority,RegisterDocument,1929,2558.67
o3p2-majority,RegisterDocument,1930,2558.70
o3p2-majority,RegisterDocument,1931,2559.18
o3p2-majority,RegisterDocument,1932,2559.26
o3p2-majority,RegisterDocument,1933,2559.75
o3p2-majority,RegisterDocument,1934,2559.91
o3p2-majority,RegisterDocument,1935,2560.50
o3p2-majority,RegisterDocument,1936,2561.09
o3p2-majority,RegisterDocument,1937,2561.17
o3p2-majority,RegisterDocument,1938,2561.41
o3p2-majority,RegisterDocument,1939,2561.78
o3p2-majority,RegisterDocument,1940,2561.80
o3p2-majority,RegisterDocument,1941,2562.37
o3p2-majority,RegisterDocument,1942,2563.13
o3p2-majority,RegisterDocument,1943,2564.48
o3p2-majority,RegisterDocument,1944,2564.60
o3p2-majority,RegisterDocument,1945,2565.09
o3p2-majority,RegisterDocument,1946,2565.84
o3p2-majority,RegisterDocument,1947,2566.32
o3p2-majority,RegisterDocument,1948,2567.18
o3p2-majority,RegisterDocument,1949,2567.47
o3p2-majority,RegisterDocument,1950,2569.87
o3p2-majority,RegisterDocument,1951,2570.70
o3p2-majority,RegisterDocument,1952,2570.90
o3p2-majority,RegisterDocument,1953,2571.21
o3p2-majority,RegisterDocument,1954,2571.90
o3p2-majority,RegisterDocument,1955,2572.63
o3p2-majority,RegisterDocument,1956,2572.69
o3p2-majority,RegisterDocument,1957,2573.18
o3p2-majority,RegisterDocument,1958,2575.66
o3p2-majority,RegisterDocument,1959,2576.18
o3p2-majority,RegisterDocument,1960,2576.38
o3p2-majority,RegisterDocument,1961,2576.78
o3p2-majority,RegisterDocument,1962,2578.05
o3p2-majority,RegisterDocument,1963,2578.14
o3p2-majority,RegisterDocument,1964,2578.88
o3p2-majority,RegisterDocument,1965,2578.94
o3p2-majority,RegisterDocument,1966,2579.92
o3p2-majority,RegisterDocument,1967,2580.30
o3p2-majority,RegisterDocument,1968,2580.41
o3p2-majority,RegisterDocument,1969,2580.55
o3p2-majority,RegisterDocument,1970,2581.94
o3p2-majority,RegisterDocument,1971,2581.97
o3p2-majority,RegisterDocument,1972,2582.44
o3p2-majority,RegisterDocument,1973,2582.63
o3p2-majority,RegisterDocument,1974,2582.69
o3p2-majority,RegisterDocument,1975,2583.65
o3p2-majority,RegisterDocument,1976,2586.71
o3p2-majority,RegisterDocument,1977,2587.10
o3p2-majority,RegisterDocument,1978,2587.39
o3p2-majority,RegisterDocument,1979,2593.31
o3p2-majority,RegisterDocument,1980,2595.34
o3p2-majority,RegisterDocument,1981,2599.04
o3p2-majority,RegisterDocument,1982,2602.85
o3p2-majority,RegisterDocument,1983,2603.68
o3p2-majority,RegisterDocument,1984,2604.04
o3p2-majority,RegisterDocument,1985,2607.25
o3p2-majority,RegisterDocument,1986,2610.11
o3p2-majority,RegisterDocument,1987,2613.01
o3p2-majority,RegisterDocument,1988,2616.69
o3p2-majority,RegisterDocument,1989,2620.19
o3p2-majority,RegisterDocument,1990,2623.59
o3p2-majority,RegisterDocument,1991,2628.98
o3p2-majority,RegisterDocument,1992,2636.17
o3p2-majority,RegisterDocument,1993,2636.78
o3p2-majority,RegisterDocument,1994,2638.34
o3p2-majority,RegisterDocument,1995,2646.16
o3p2-majority,RegisterDocument,1996,2649.77
o3p2-majority,RegisterDocument,1997,2650.72
o3p2-majority,RegisterDocument,1998,2654.60
o3p2-majority,RegisterDocument,1999,2656.18
o3p2-majority,CheckAccess,0,6.40
o3p2-majority,CheckAccess,1,6.18
o3p2-majority,CheckAccess,2,6.17
o3p2-majority,CheckAccess,3,6.06
o3p2-majority,CheckAccess,4,6.30
o3p2-majority,CheckAccess,5,6.71
o3p2-majority,CheckAccess,6,3.90
o3p2-majority,CheckAccess,7,5.42
o3p2-majority,CheckAccess,8,5.86
o3p2-majority,CheckAccess,9,4.45
o3p2-majority,CheckAccess,10,5.52
o3p2-majority,CheckAccess,11,6.09
o3p2-majority,CheckAccess,12,4.19
o3p2-majority,CheckAccess,13,4.17
o3p2-majority,CheckAccess,14,6.51
o3p2-majority,CheckAccess,15,5.06
o3p2-majority,CheckAccess,16,3.84
o3p2-majority,CheckAccess,17,4.01
o3p2-majority,CheckAccess,18,4.91
o3p2-majority,CheckAccess,19,2.79
o3p2-majority,CheckAccess,20,2.66
o3p2-majority,CheckAccess,21,2.69
o3p2-majority,CheckAccess,22,4.47
o3p2-majority,CheckAccess,23,4.19
o3p2-majority,CheckAccess,24,2.91
o3p2-majority,CheckAccess,25,3.75
o3p2-majority,CheckAccess,26,3.72
o3p2-majority,CheckAccess,27,3.22
o3p2-majority,CheckAccess,28,3.50
o3p2-majority,CheckAccess,29,4.18
o3p2-majority,CheckAccess,30,3.10
o3p2-majority,CheckAccess,31,6.00
o3p2-majority,CheckAccess,32,4.08
o3p2-majority,CheckAccess,33,3.74
o3p2-majority,CheckAccess,34,6.16
o3p2-majority,CheckAccess,35,4.09
o3p2-majority,CheckAccess,36,3.51
o3p2-majority,CheckAccess,37,6.03
o3p2-majority,CheckAccess,38,6.06
o3p2-majority,CheckAccess,39,3.28
o3p2-majority,CheckAccess,40,3.43
o3p2-majority,CheckAccess,41,4.12
o3p2-majority,CheckAccess,42,3.72
o3p2-majority,CheckAccess,43,4.07
o3p2-majority,CheckAccess,44,5.40
o3p2-majority,CheckAccess,45,3.09
o3p2-majority,CheckAccess,46,3.87
o3p2-majority,CheckAccess,47,4.73
o3p2-majority,CheckAccess,48,5.84
o3p2-majority,CheckAccess,49,5.97
o3p2-majority,CheckAccess,50,6.05
o3p2-majority,CheckAccess,51,5.14
o3p2-majority,CheckAccess,52,6.13
o3p2-majority,CheckAccess,53,5.29
o3p2-majority,CheckAccess,54,3.26
o3p2-majority,CheckAccess,55,3.68
o3p2-majority,CheckAccess,56,5.69
o3p2-majority,CheckAccess,57,6.11
o3p2-majority,CheckAccess,58,2.90
o3p2-majority,CheckAccess,59,3.27
o3p2-majority,CheckAccess,60,3.60
o3p2-majority,CheckAccess,61,5.93
o3p2-majority,CheckAccess,62,3.90
o3p2-majority,CheckAccess,63,5.41
o3p2-majority,CheckAccess,64,6.07
o3p2-majority,CheckAccess,65,4.97
o3p2-majority,CheckAccess,66,8.00
o3p2-majority,CheckAccess,67,5.02
o3p2-majority,CheckAccess,68,4.08
o3p2-majority,CheckAccess,69,3.83
o3p2-majority,CheckAccess,70,4.41
o3p2-majority,CheckAccess,71,4.38
o3p2-majority,CheckAccess,72,3.75
o3p2-majority,CheckAccess,73,6.01
o3p2-majority,CheckAccess,74,5.89
o3p2-majority,CheckAccess,75,5.42
o3p2-majority,CheckAccess,76,3.23
o3p2-majority,CheckAccess,77,2.81
o3p2-majority,CheckAccess,78,3.02
o3p2-majority,CheckAccess,79,3.57
o3p2-majority,CheckAccess,80,3.79
o3p2-majority,CheckAccess,81,5.81
o3p2-majority,CheckAccess,82,4.99
o3p2-majority,CheckAccess,83,4.34
o3p2-majority,CheckAccess,84,3.16
o3p2-majority,CheckAccess,85,3.60
o3p2-majority,CheckAccess,86,4.51
o3p2-majority,CheckAccess,87,5.09
o3p2-majority,CheckAccess,88,4.09
o3p2-majority,CheckAccess,89,4.86
o3p2-majority,CheckAccess,90,5.26
o3p2-majority,CheckAccess,91,6.06
o3p2-majority,CheckAccess,92,4.99
o3p2-majority,CheckAccess,93,3.80
o3p2-majority,CheckAccess,94,5.79
o3p2-majority,CheckAccess,95,5.60
o3p2-majority,CheckAccess,96,5.21
o3p2-majority,CheckAccess,97,4.73
o3p2-majority,CheckAccess,98,3.66
o3p2-majority,CheckAccess,99,3.14
o5p1-single,RegisterDocument,0,2208.77
o5p1-single,RegisterDocument,1,2214.11
o5p1-single,RegisterDocument,2,2219.12
o5p1-single,RegisterDocument,3,2221.96
o5p1-single,RegisterDocument,4,2227.16
o5p1-single,RegisterDocument,5,2228.86
o5p1-single,RegisterDocument,6,2229.45
o5p1-single,RegisterDocument,7,2229.69
o5p1-single,RegisterDocument,8,2231.65
o5p1-single,RegisterDocument,9,2233.48
o5p1-single,RegisterDocument,10,2236.37
o5p1-single,RegisterDocument,11,2240.00
o5p1-single,RegisterDocument,12,2241.00
o5p1-single,RegisterDocument,13,2243.86
o5p1-single,RegisterDocument,14,2244.27
o5p1-single,RegisterDocument,15,2244.91
o5p1-single,RegisterDocument,16,2245.51
o5p1-single,RegisterDocument,17,2247.33
o5p1-single,RegisterDocument,18,2248.38
o5p1-single,RegisterDocument,19,2248.42
o5p1-single,RegisterDocument,20,2248.96
o5p1-single,RegisterDocument,21,2250.59
o5p1-single,RegisterDocument,22,2250.90
o5p1-single,RegisterDocument,23,2251.44
o5p1-single,RegisterDocument,24,2252.15
o5p1-single,RegisterDocument,25,2252.37
o5p1-single,RegisterDocument,26,2253.04
o5p1-single,RegisterDocument,27,2253.38
o5p1-single,RegisterDocument,28,2253.64
o5p1-single,RegisterDocument,29,2253.70
o5p1-single,RegisterDocument,30,2254.25
o5p1-single,RegisterDocument,31,2254.76
o5p1-single,RegisterDocument,32,2255.01
o5p1-single,RegisterDocument,33,2256.48
o5p1-single,RegisterDocument,34,2257.35
o5p1-single,RegisterDocument,35,2257.78
o5p1-single,RegisterDocument,36,2257.81
o5p1-single,RegisterDocument,37,2258.31
o5p1-single,RegisterDocument,38,2258.78
o5p1-single,RegisterDocument,39,2258.80
o5p1-single,RegisterDocument,40,2259.04
o5p1-single,RegisterDocument,41,2259.50
o5p1-single,RegisterDocument,42,2260.57
o5p1-single,RegisterDocument,43,2261.24
o5p1-single,RegisterDocument,44,2263.80
o5p1-single,RegisterDocument,45,2264.52
o5p1-single,RegisterDocument,46,2264.82
o5p1-single,RegisterDocument,47,2264.84
o5p1-single,RegisterDocument,48,2265.21
o5p1-single,RegisterDocument,49,2265.23
o5p1-single,RegisterDocument,50,2265.26
o5p1-single,RegisterDocument,51,2265.27
o5p1-single,RegisterDocument,52,2265.34
o5p1-single,RegisterDocument,53,2265.58
o5p1-single,RegisterDocument,54,2265.61
o5p1-single,RegisterDocument,55,2265.82
o5p1-single,RegisterDocument,56,2266.06
o5p1-single,RegisterDocument,57,2266.09
o5p1-single,RegisterDocument,58,2266.10
o5p1-single,RegisterDocument,59,2266.11
o5p1-single,RegisterDocument,60,2266.33
o5p1-single,RegisterDocument,61,2267.21
o5p1-single,RegisterDocument,62,2267.58
o5p1-single,RegisterDocument,63,2267.66
o5p1-single,RegisterDocument,64,2267.82
o5p1-single,RegisterDocument,65,2268.19
o5p1-single,RegisterDocument,66,2268.22
o5p1-single,RegisterDocument,67,2268.24
o5p1-single,RegisterDocument,68,2268.27
o5p1-single,RegisterDocument,69,2268.41
o5p1-single,RegisterDocument,70,2268.57
o5p1-single,RegisterDocument,71,2268.70
o5p1-single,RegisterDocument,72,2269.15
o5p1-single,RegisterDocument,73,2269.26
o5p1-single,RegisterDocument,74,2269.34
o5p1-single,RegisterDocument,75,2270.06
o5p1-single,RegisterDocument,76,2270.22
o5p1-single,RegisterDocument,77,2270.61
o5p1-single,RegisterDocument,78,2270.66
o5p1-single,RegisterDocument,79,2271.33
o5p1-single,RegisterDocument,80,2271.38
o5p1-single,RegisterDocument,81,2271.62
o5p1-single,RegisterDocument,82,2271.84
o5p1-single,RegisterDocument,83,2271.87
o5p1-single,RegisterDocument,84,2271.87
o5p1-single,RegisterDocument,85,2272.16
o5p1-single,RegisterDocument,86,2272.22
o5p1-single,RegisterDocument,87,2272.94
o5p1-single,RegisterDocument,88,2273.33
o5p1-single,RegisterDocument,89,2273.88
o5p1-single,RegisterDocument,90,2273.92
o5p1-single,RegisterDocument,91,2274.17
o5p1-single,RegisterDocument,92,2274.39
o5p1-single,RegisterDocument,93,2274.60
o5p1-single,RegisterDocument,94,2274.92
o5p1-single,RegisterDocument,95,2275.15
o5p1-single,RegisterDocument,96,2275.36
o5p1-single,RegisterDocument,97,2275.69
o5p1-single,RegisterDocument,98,2276.24
o5p1-single,RegisterDocument,99,2276.65
o5p1-single,RegisterDocument,100,2277.21
o5p1-single,RegisterDocument,101,2277.44
o5p1-single,RegisterDocument,102,2277.75
o5p1-single,RegisterDocument,103,2277.89
o5p1-single,RegisterDocument,104,2278.28
o5p1-single,RegisterDocument,105,2278.76
o5p1-single,RegisterDocument,106,2278.79
o5p1-single,RegisterDocument,107,2279.11
o5p1-single,RegisterDocument,108,2279.15
o5p1-single,RegisterDocument,109,2279.55
o5p1-single,RegisterDocument,110,2279.72
o5p1-single,RegisterDocument,111,2279.80
o5p1-single,RegisterDocument,112,2279.95
o5p1-single,RegisterDocument,113,2280.12
o5p1-single,RegisterDocument,114,2280.34
o5p1-single,RegisterDocument,115,2280.41
o5p1-single,RegisterDocument,116,2280.45
o5p1-single,RegisterDocument,117,2280.69
o5p1-single,RegisterDocument,118,2280.73
o5p1-single,RegisterDocument,119,2280.77
o5p1-single,RegisterDocument,120,2280.80
o5p1-single,RegisterDocument,121,2280.94
o5p1-single,RegisterDocument,122,2281.07
o5p1-single,RegisterDocument,123,2281.40
o5p1-single,RegisterDocument,124,2281.41
o5p1-single,RegisterDocument,125,2281.48
o5p1-single,RegisterDocument,126,2281.52
o5p1-single,RegisterDocument,127,2281.53
o5p1-single,RegisterDocument,128,2281.55
o5p1-single,RegisterDocument,129,2281.87
o5p1-single,RegisterDocument,130,2281.94
o5p1-single,RegisterDocument,131,2282.09
o5p1-single,RegisterDocument,132,2282.13
o5p1-single,RegisterDocument,133,2282.23
o5p1-single,RegisterDocument,134,2282.39
o5p1-single,RegisterDocument,135,2282.41
o5p1-single,RegisterDocument,136,2282.64
o5p1-single,RegisterDocument,137,2282.64
o5p1-single,RegisterDocument,138,2282.70
o5p1-single,RegisterDocument,139,2282.75
o5p1-single,RegisterDocument,140,2282.85
o5p1-single,RegisterDocument,141,2282.89
o5p1-single,RegisterDocument,142,2283.00
o5p1-single,RegisterDocument,143,2283.26
o5p1-single,RegisterDocument,144,2283.27
o5p1-single,RegisterDocument,145,2283.40
o5p1-single,RegisterDocument,146,2283.64
o5p1-single,RegisterDocument,147,2283.71
o5p1-single,RegisterDocument,148,2284.14
o5p1-single,RegisterDocument,149,2284.21
o5p1-single,RegisterDocument,150,2284.24
o5p1-single,RegisterDocument,151,2284.28
o5p1-single,RegisterDocument,152,2284.29
o5p1-single,RegisterDocument,153,2284.39
o5p1-single,RegisterDocument,154,2284.53
o5p1-single,RegisterDocument,155,2284.85
o5p1-single,RegisterDocument,156,2284.92
o5p1-single,RegisterDocument,157,2284.95
o5p1-single,RegisterDocument,158,2285.18
o5p1-single,RegisterDocument,159,2285.21
o5p1-single,RegisterDocument,160,2285.37
o5p1-single,RegisterDocument,161,2286.03
o5p1-single,RegisterDocument,162,2286.05
o5p1-single,RegisterDocument,163,2286.11
o5p1-single,RegisterDocument,164,2286.44
o5p1-single,RegisterDocument,165,2286.62
o5p1-single,RegisterDocument,166,2286.77
o5p1-single,RegisterDocument,167,2286.78
o5p1-single,RegisterDocument,168,2286.91
o5p1-single,RegisterDocument,169,2286.95
o5p1-single,RegisterDocument,170,2287.13
o5p1-single,RegisterDocument,171,2287.42
o5p1-single,RegisterDocument,172,2287.61
o5p1-single,RegisterDocument,173,2287.62
o5p1-single,RegisterDocument,174,2287.87
o5p1-single,RegisterDocument,175,2287.92
o5p1-single,RegisterDocument,176,2287.96
o5p1-single,RegisterDocument,177,2287.97
o5p1-single,RegisterDocument,178,2288.06
o5p1-single,RegisterDocument,179,2288.12
o5p1-single,RegisterDocument,180,2288.28
o5p1-single,RegisterDocument,181,2288.38
o5p1-single,RegisterDocument,182,2288.86
o5p1-single,RegisterDocument,183,2288.94
o5p1-single,RegisterDocument,184,2289.20
o5p1-single,RegisterDocument,185,2289.38
o5p1-single,RegisterDocument,186,2289.85
o5p1-single,RegisterDocument,187,2289.94
o5p1-single,RegisterDocument,188,2290.17
o5p1-single,RegisterDocument,189,2290.25
o5p1-single,RegisterDocument,190,2290.32
o5p1-single,RegisterDocument,191,2290.35
o5p1-single,RegisterDocument,192,2290.42
o5p1-single,RegisterDocument,193,2290.48
o5p1-single,RegisterDocument,194,2290.48
o5p1-single,RegisterDocument,195,2290.65
o5p1-single,RegisterDocument,196,2291.03
o5p1-single,RegisterDocument,197,2291.39
o5p1-single,RegisterDocument,198,2291.68
o5p1-single,RegisterDocument,199,2292.10
o5p1-single,RegisterDocument,200,2292.29
o5p1-single,RegisterDocument,201,2292.49
o5p1-single,RegisterDocument,202,2292.63
o5p1-single,RegisterDocument,203,2292.71
o5p1-single,RegisterDocument,204,2292.72
o5p1-single,RegisterDocument,205,2293.01
o5p1-single,RegisterDocument,206,2293.10
o5p1-single,RegisterDocument,207,2293.61
o5p1-single,RegisterDocument,208,2293.93
o5p1-single,RegisterDocument,209,2293.99
o5p1-single,RegisterDocument,210,2294.20
o5p1-single,RegisterDocument,211,2294.75
o5p1-single,RegisterDocument,212,2295.11
o5p1-single,RegisterDocument,213,2295.13
o5p1-single,RegisterDocument,214,2295.19
o5p1-single,RegisterDocument,215,2295.36
o5p1-single,RegisterDocument,216,2295.50
o5p1-single,RegisterDocument,217,2295.57
o5p1-single,RegisterDocument,218,2295.67
o5p1-single,RegisterDocument,219,2296.44
o5p1-single,RegisterDocument,220,2296.57
o5p1-single,RegisterDocument,221,2296.81
o5p1-single,RegisterDocument,222,2296.90
o5p1-single,RegisterDocument,223,2297.00
o5p1-single,RegisterDocument,224,2297.16
o5p1-single,RegisterDocument,225,2297.60
o5p1-single,RegisterDocument,226,2297.64
o5p1-single,RegisterDocument,227,2297.65
o5p1-single,RegisterDocument,228,2297.91
o5p1-single,RegisterDocument,229,2297.98
o5p1-single,RegisterDocument,230,2297.99
o5p1-single,RegisterDocument,231,2298.14
o5p1-single,RegisterDocument,232,2298.18
o5p1-single,RegisterDocument,233,2298.31
o5p1-single,RegisterDocument,234,2298.35
o5p1-single,RegisterDocument,235,2298.50
o5p1-single,RegisterDocument,236,2298.62
o5p1-single,RegisterDocument,237,2298.66
o5p1-single,RegisterDocument,238,2298.70
o5p1-single,RegisterDocument,239,2298.89
o5p1-single,RegisterDocument,240,2299.22
o5p1-single,RegisterDocument,241,2299.76
o5p1-single,RegisterDocument,242,2299.80
o5p1-single,RegisterDocument,243,2299.86
o5p1-single,RegisterDocument,244,2299.87
o5p1-single,RegisterDocument,245,2299.94
o5p1-single,RegisterDocument,246,2299.99
o5p1-single,RegisterDocument,247,2300.03
o5p1-single,RegisterDocument,248,2300.05
o5p1-single,RegisterDocument,249,2300.33
o5p1-single,RegisterDocument,250,2300.69
o5p1-single,RegisterDocument,251,2300.86
o5p1-single,RegisterDocument,252,2300.87
o5p1-single,RegisterDocument,253,2300.92
o5p1-single,RegisterDocument,254,2301.04
o5p1-single,RegisterDocument,255,2301.15
o5p1-single,RegisterDocument,256,2301.19
o5p1-single,RegisterDocument,257,2301.26
o5p1-single,RegisterDocument,258,2301.29
o5p1-single,RegisterDocument,259,2301.34
o5p1-single,RegisterDocument,260,2301.35
o5p1-single,RegisterDocument,261,2301.44
o5p1-single,RegisterDocument,262,2301.52
o5p1-single,RegisterDocument,263,2301.64
o5p1-single,RegisterDocument,264,2301.67
o5p1-single,RegisterDocument,265,2301.90
o5p1-single,RegisterDocument,266,2301.93
o5p1-single,RegisterDocument,267,2301.93
o5p1-single,RegisterDocument,268,2302.07
o5p1-single,RegisterDocument,269,2302.30
o5p1-single,RegisterDocument,270,2302.37
o5p1-single,RegisterDocument,271,2302.40
o5p1-single,RegisterDocument,272,2302.41
o5p1-single,RegisterDocument,273,2302.46
o5p1-single,RegisterDocument,274,2302.47
o5p1-single,RegisterDocument,275,2302.86
o5p1-single,RegisterDocument,276,2303.06
o5p1-single,RegisterDocument,277,2303.28
o5p1-single,RegisterDocument,278,2303.36
o5p1-single,RegisterDocument,279,2303.50
o5p1-single,RegisterDocument,280,2303.52
o5p1-single,RegisterDocument,281,2303.58
o5p1-single,RegisterDocument,282,2303.60
o5p1-single,RegisterDocument,283,2303.82
o5p1-single,RegisterDocument,284,2303.84
o5p1-single,RegisterDocument,285,2303.85
o5p1-single,RegisterDocument,286,2303.88
o5p1-single,RegisterDocument,287,2304.05
o5p1-single,RegisterDocument,288,2304.25
o5p1-single,RegisterDocument,289,2304.26
o5p1-single,RegisterDocument,290,2304.34
o5p1-single,RegisterDocument,291,2304.39
o5p1-single,RegisterDocument,292,2304.83
o5p1-single,RegisterDocument,293,2305.27
o5p1-single,RegisterDocument,294,2305.32
o5p1-single,RegisterDocument,295,2305.68
o5p1-single,RegisterDocument,296,2305.81
o5p1-single,RegisterDocument,297,2305.82
o5p1-single,RegisterDocument,298,2305.90
o5p1-single,RegisterDocument,299,2305.94
o5p1-single,RegisterDocument,300,2306.03
o5p1-single,RegisterDocument,301,2306.05
o5p1-single,RegisterDocument,302,2306.11
o5p1-single,RegisterDocument,303,2306.19
o5p1-single,RegisterDocument,304,2306.70
o5p1-single,RegisterDocument,305,2306.71
o5p1-single,RegisterDocument,306,2306.77
o5p1-single,RegisterDocument,307,2306.82
o5p1-single,RegisterDocument,308,2306.89
o5p1-single,RegisterDocument,309,2306.89
o5p1-single,RegisterDocument,310,2307.10
o5p1-single,RegisterDocument,311,2307.20
o5p1-single,RegisterDocument,312,2307.24
o5p1-single,RegisterDocument,313,2307.38
o5p1-single,RegisterDocument,314,2307.45
o5p1-single,RegisterDocument,315,2307.47
o5p1-single,RegisterDocument,316,2307.47
o5p1-single,RegisterDocument,317,2307.48
o5p1-single,RegisterDocument,318,2307.71
o5p1-single,RegisterDocument,319,2308.13
o5p1-single,RegisterDocument,320,2308.21
o5p1-single,RegisterDocument,321,2308.36
o5p1-single,RegisterDocument,322,2308.40
o5p1-single,RegisterDocument,323,2308.44
o5p1-single,RegisterDocument,324,2308.44
o5p1-single,RegisterDocument,325,2308.47
o5p1-single,RegisterDocument,326,2308.54
o5p1-single,RegisterDocument,327,2308.58
o5p1-single,RegisterDocument,328,2308.60
o5p1-single,RegisterDocument,329,2308.80
o5p1-single,RegisterDocument,330,2308.94
o5p1-single,RegisterDocument,331,2309.20
o5p1-single,RegisterDocument,332,2309.31
o5p1-single,RegisterDocument,333,2309.40
o5p1-single,RegisterDocument,334,2309.82
o5p1-single,RegisterDocument,335,2309.98
o5p1-single,RegisterDocument,336,2310.01
o5p1-single,RegisterDocument,337,2310.03
o5p1-single,RegisterDocument,338,2310.41
o5p1-single,RegisterDocument,339,2310.43
o5p1-single,RegisterDocument,340,2310.79
o5p1-single,RegisterDocument,341,2310.88
o5p1-single,RegisterDocument,342,2310.89
o5p1-single,RegisterDocument,343,2310.99
o5p1-single,RegisterDocument,344,2311.13
o5p1-single,RegisterDocument,345,2311.32
o5p1-single,RegisterDocument,346,2311.44
o5p1-single,RegisterDocument,347,2311.50
o5p1-single,RegisterDocument,348,2311.61
o5p1-single,RegisterDocument,349,2311.72
o5p1-single,RegisterDocument,350,2311.73
o5p1-single,RegisterDocument,351,2311.74
o5p1-single,RegisterDocument,352,2312.15
o5p1-single,RegisterDocument,353,2312.16
o5p1-single,RegisterDocument,354,2312.32
o5p1-single,RegisterDocument,355,2312.40
o5p1-single,RegisterDocument,356,2312.41
o5p1-single,RegisterDocument,357,2312.47
o5p1-single,RegisterDocument,358,2312.55
o5p1-single,RegisterDocument,359,2312.64
o5p1-single,RegisterDocument,360,2312.75
o5p1-single,RegisterDocument,361,2312.76
o5p1-single,RegisterDocument,362,2312.96
o5p1-single,RegisterDocument,363,2313.11
o5p1-single,RegisterDocument,364,2313.36
o5p1-single,RegisterDocument,365,2313.42
o5p1-single,RegisterDocument,366,2313.43
o5p1-single,RegisterDocument,367,2313.46
o5p1-single,RegisterDocument,368,2313.52
o5p1-single,RegisterDocument,369,2313.77
o5p1-single,RegisterDocument,370,2313.78
o5p1-single,RegisterDocument,371,2313.82
o5p1-single,RegisterDocument,372,2313.83
o5p1-single,RegisterDocument,373,2313.85
o5p1-single,RegisterDocument,374,2313.91
o5p1-single,RegisterDocument,375,2313.95
o5p1-single,RegisterDocument,376,2314.02
o5p1-single,RegisterDocument,377,2314.14
o5p1-single,RegisterDocument,378,2314.20
o5p1-single,RegisterDocument,379,2314.30
o5p1-single,RegisterDocument,380,2314.36
o5p1-single,RegisterDocument,381,2314.42
o5p1-single,RegisterDocument,382,2314.48
o5p1-single,RegisterDocument,383,2314.49
o5p1-single,RegisterDocument,384,2314.65
o5p1-single,RegisterDocument,385,2314.66
o5p1-single,RegisterDocument,386,2314.68
o5p1-single,RegisterDocument,387,2314.68
o5p1-single,RegisterDocument,388,2314.72
o5p1-single,RegisterDocument,389,2314.82
o5p1-single,RegisterDocument,390,2314.94
o5p1-single,RegisterDocument,391,2315.21
o5p1-single,RegisterDocument,392,2315.24
o5p1-single,RegisterDocument,393,2315.31
o5p1-single,RegisterDocument,394,2315.32
o5p1-single,RegisterDocument,395,2315.32
o5p1-single,RegisterDocument,396,2315.33
o5p1-single,RegisterDocument,397,2315.36
o5p1-single,RegisterDocument,398,2315.43
o5p1-single,RegisterDocument,399,2315.46
o5p1-single,RegisterDocument,400,2315.51
o5p1-single,RegisterDocument,401,2315.64
o5p1-single,RegisterDocument,402,2315.64
o5p1-single,RegisterDocument,403,2315.71
o5p1-single,RegisterDocument,404,2315.89
o5p1-single,RegisterDocument,405,2315.89
o5p1-single,RegisterDocument,406,2316.00
o5p1-single,RegisterDocument,407,2316.01
o5p1-single,RegisterDocument,408,2316.15
o5p1-single,RegisterDocument,409,2316.16
o5p1-single,RegisterDocument,410,2316.36
o5p1-single,RegisterDocument,411,2316.52
o5p1-single,RegisterDocument,412,2316.71
o5p1-single,RegisterDocument,413,2316.74
o5p1-single,RegisterDocument,414,2316.81
o5p1-single,RegisterDocument,415,2316.88
o5p1-single,RegisterDocument,416,2316.93
o5p1-single,RegisterDocument,417,2317.20
o5p1-single,RegisterDocument,418,2317.23
o5p1-single,RegisterDocument,419,2317.31
o5p1-single,RegisterDocument,420,2317.47
o5p1-single,RegisterDocument,421,2317.51
o5p1-single,RegisterDocument,422,2317.57
o5p1-single,RegisterDocument,423,2317.83
o5p1-single,RegisterDocument,424,2317.89
o5p1-single,RegisterDocument,425,2317.99
o5p1-single,RegisterDocument,426,2318.00
o5p1-single,RegisterDocument,427,2318.00
o5p1-single,RegisterDocument,428,2318.11
o5p1-single,RegisterDocument,429,2318.31
o5p1-single,RegisterDocument,430,2318.38
o5p1-single,RegisterDocument,431,2318.58
o5p1-single,RegisterDocument,432,2318.64
o5p1-single,RegisterDocument,433,2318.91
o5p1-single,RegisterDocument,434,2318.97
o5p1-single,RegisterDocument,435,2319.10
o5p1-single,RegisterDocument,436,2319.25
o5p1-single,RegisterDocument,437,2319.35
o5p1-single,RegisterDocument,438,2319.43
o5p1-single,RegisterDocument,439,2319.47
o5p1-single,RegisterDocument,440,2319.49
o5p1-single,RegisterDocument,441,2319.72
o5p1-single,RegisterDocument,442,2319.73
o5p1-single,RegisterDocument,443,2319.86
o5p1-single,RegisterDocument,444,2319.96
o5p1-single,RegisterDocument,445,2320.22
o5p1-single,RegisterDocument,446,2320.22
o5p1-single,RegisterDocument,447,2320.38
o5p1-single,RegisterDocument,448,2320.46
o5p1-single,RegisterDocument,449,2320.80
o5p1-single,RegisterDocument,450,2320.83
o5p1-single,RegisterDocument,451,2320.86
o5p1-single,RegisterDocument,452,2320.93
o5p1-single,RegisterDocument,453,2321.37
o5p1-single,RegisterDocument,454,2321.43
o5p1-single,RegisterDocument,455,2321.57
o5p1-single,RegisterDocument,456,2321.61
o5p1-single,RegisterDocument,457,2321.64
o5p1-single,RegisterDocument,458,2321.67
o5p1-single,RegisterDocument,459,2321.72
o5p1-single,RegisterDocument,460,2321.78
o5p1-single,RegisterDocument,461,2321.89
o5p1-single,RegisterDocument,462,2322.00
o5p1-single,RegisterDocument,463,2322.24
o5p1-single,RegisterDocument,464,2322.25
o5p1-single,RegisterDocument,465,2322.41
o5p1-single,RegisterDocument,466,2322.50
o5p1-single,RegisterDocument,467,2322.65
o5p1-single,RegisterDocument,468,2322.66
o5p1-single,RegisterDocument,469,2322.73
o5p1-single,RegisterDocument,470,2322.78
o5p1-single,RegisterDocument,471,2323.31
o5p1-single,RegisterDocument,472,2323.42
o5p1-single,RegisterDocument,473,2323.47
o5p1-single,RegisterDocument,474,2323.55
o5p1-single,RegisterDocument,475,2323.71
o5p1-single,RegisterDocument,476,2323.78
o5p1-single,RegisterDocument,477,2323.90
o5p1-single,RegisterDocument,478,2323.92
o5p1-single,RegisterDocument,479,2324.02
o5p1-single,RegisterDocument,480,2324.05
o5p1-single,RegisterDocument,481,2324.07
o5p1-single,RegisterDocument,482,2324.25
o5p1-single,RegisterDocument,483,2324.28
o5p1-single,RegisterDocument,484,2324.28
o5p1-single,RegisterDocument,485,2324.36
o5p1-single,RegisterDocument,486,2324.60
o5p1-single,RegisterDocument,487,2324.67
o5p1-single,RegisterDocument,488,2324.75
o5p1-single,RegisterDocument,489,2324.80
o5p1-single,RegisterDocument,490,2324.91
o5p1-single,RegisterDocument,491,2325.00
o5p1-single,RegisterDocument,492,2325.08
o5p1-single,RegisterDocument,493,2325.17
o5p1-single,RegisterDocument,494,2325.17
o5p1-single,RegisterDocument,495,2325.25
o5p1-single,RegisterDocument,496,2325.26
o5p1-single,RegisterDocument,497,2325.31
o5p1-single,RegisterDocument,498,2325.45
o5p1-single,RegisterDocument,499,2325.49
o5p1-single,RegisterDocument,500,2325.62
o5p1-single,RegisterDocument,501,2325.79
o5p1-single,RegisterDocument,502,2325.83
o5p1-single,RegisterDocument,503,2325.87
o5p1-single,RegisterDocument,504,2325.90
o5p1-single,RegisterDocument,505,2325.93
o5p1-single,RegisterDocument,506,2325.96
o5p1-single,RegisterDocument,507,2325.99
o5p1-single,RegisterDocument,508,2325.99
o5p1-single,RegisterDocument,509,2326.07
o5p1-single,RegisterDocument,510,2326.13
o5p1-single,RegisterDocument,511,2326.30
o5p1-single,RegisterDocument,512,2326.30
o5p1-single,RegisterDocument,513,2326.48
o5p1-single,RegisterDocument,514,2326.54
o5p1-single,RegisterDocument,515,2326.70
o5p1-single,RegisterDocument,516,2326.77
o5p1-single,RegisterDocument,517,2326.83
o5p1-single,RegisterDocument,518,2326.87
o5p1-single,RegisterDocument,519,2327.05
o5p1-single,RegisterDocument,520,2327.41
o5p1-single,RegisterDocument,521,2327.45
o5p1-single,RegisterDocument,522,2327.49
o5p1-single,RegisterDocument,523,2327.78
o5p1-single,RegisterDocument,524,2327.86
o5p1-single,RegisterDocument,525,2328.07
o5p1-single,RegisterDocument,526,2328.10
o5p1-single,RegisterDocument,527,2328.20
o5p1-single,RegisterDocument,528,2328.27
o5p1-single,RegisterDocument,529,2328.33
o5p1-single,RegisterDocument,530,2328.40
o5p1-single,RegisterDocument,531,2328.50
o5p1-single,RegisterDocument,532,2328.59
o5p1-single,RegisterDocument,533,2328.64
o5p1-single,RegisterDocument,534,2328.67
o5p1-single,RegisterDocument,535,2328.70
o5p1-single,RegisterDocument,536,2328.72
o5p1-single,RegisterDocument,537,2328.86
o5p1-single,RegisterDocument,538,2328.96
o5p1-single,RegisterDocument,539,2329.00
o5p1-single,RegisterDocument,540,2329.06
o5p1-single,RegisterDocument,541,2329.09
o5p1-single,RegisterDocument,542,2329.10
o5p1-single,RegisterDocument,543,2329.12
o5p1-single,RegisterDocument,544,2329.12
o5p1-single,RegisterDocument,545,2329.15
o5p1-single,RegisterDocument,546,2329.26
o5p1-single,RegisterDocument,547,2329.29
o5p1-single,RegisterDocument,548,2329.34
o5p1-single,RegisterDocument,549,2329.64
o5p1-single,RegisterDocument,550,2329.76
o5p1-single,RegisterDocument,551,2329.87
o5p1-single,RegisterDocument,552,2329.87
o5p1-single,RegisterDocument,553,2329.91
o5p1-single,RegisterDocument,554,2329.96
o5p1-single,RegisterDocument,555,2330.04
o5p1-single,RegisterDocument,556,2330.27
o5p1-single,RegisterDocument,557,2330.43
o5p1-single,RegisterDocument,558,2330.44
o5p1-single,RegisterDocument,559,2330.47
o5p1-single,RegisterDocument,560,2330.50
o5p1-single,RegisterDocument,561,2330.54
o5p1-single,RegisterDocument,562,2330.55
o5p1-single,RegisterDocument,563,2330.70
o5p1-single,RegisterDocument,564,2330.78
o5p1-single,RegisterDocument,565,2330.91
o5p1-single,RegisterDocument,566,2330.92
o5p1-single,RegisterDocument,567,2331.07
o5p1-single,RegisterDocument,568,2331.16
o5p1-single,RegisterDocument,569,2331.24
o5p1-single,RegisterDocument,570,2331.24
o5p1-single,RegisterDocument,571,2331.26
o5p1-single,RegisterDocument,572,2331.36
o5p1-single,RegisterDocument,573,2331.43
o5p1-single,RegisterDocument,574,2331.58
o5p1-single,RegisterDocument,575,2331.61
o5p1-single,RegisterDocument,576,2331.72
o5p1-single,RegisterDocument,577,2331.73
o5p1-single,RegisterDocument,578,2331.78
o5p1-single,RegisterDocument,579,2331.83
o5p1-single,RegisterDocument,580,2331.86
o5p1-single,RegisterDocument,581,2331.91
o5p1-single,RegisterDocument,582,2331.92
o5p1-single,RegisterDocument,583,2332.04
o5p1-single,RegisterDocument,584,2332.05
o5p1-single,RegisterDocument,585,2332.07
o5p1-single,RegisterDocument,586,2332.17
o5p1-single,RegisterDocument,587,2332.42
o5p1-single,RegisterDocument,588,2332.47
o5p1-single,RegisterDocument,589,2332.52
o5p1-single,RegisterDocument,590,2332.55
o5p1-single,RegisterDocument,591,2332.55
o5p1-single,RegisterDocument,592,2332.60
o5p1-single,RegisterDocument,593,2332.69
o5p1-single,RegisterDocument,594,2332.79
o5p1-single,RegisterDocument,595,2332.81
o5p1-single,RegisterDocument,596,2332.87
o5p1-single,RegisterDocument,597,2332.87
o5p1-single,RegisterDocument,598,2332.97
o5p1-single,RegisterDocument,599,2333.07
o5p1-single,RegisterDocument,600,2333.14
o5p1-single,RegisterDocument,601,2333.16
o5p1-single,RegisterDocument,602,2333.24
o5p1-single,RegisterDocument,603,2333.27
o5p1-single,RegisterDocument,604,2333.35
o5p1-single,RegisterDocument,605,2333.38
o5p1-single,RegisterDocument,606,2333.40
o5p1-single,RegisterDocument,607,2333.41
o5p1-single,RegisterDocument,608,2333.41
o5p1-single,RegisterDocument,609,2333.68
o5p1-single,RegisterDocument,610,2333.71
o5p1-single,RegisterDocument,611,2333.76
o5p1-single,RegisterDocument,612,2333.76
o5p1-single,RegisterDocument,613,2333.85
o5p1-single,RegisterDocument,614,2333.86
o5p1-single,RegisterDocument,615,2333.92
o5p1-single,RegisterDocument,616,2333.96
o5p1-single,RegisterDocument,617,2334.00
o5p1-single,RegisterDocument,618,2334.04
o5p1-single,RegisterDocument,619,2334.19
o5p1-single,RegisterDocument,620,2334.24
o5p1-single,RegisterDocument,621,2334.27
o5p1-single,RegisterDocument,622,2334.39
o5p1-single,RegisterDocument,623,2334.49
o5p1-single,RegisterDocument,624,2334.54
o5p1-single,RegisterDocument,625,2334.66
o5p1-single,RegisterDocument,626,2334.73
o5p1-single,RegisterDocument,627,2334.76
o5p1-single,RegisterDocument,628,2334.80
o5p1-single,RegisterDocument,629,2334.84
o5p1-single,RegisterDocument,630,2334.86
o5p1-single,RegisterDocument,631,2334.86
o5p1-single,RegisterDocument,632,2334.89
o5p1-single,RegisterDocument,633,2334.90
o5p1-single,RegisterDocument,634,2334.95
o5p1-single,RegisterDocument,635,2335.05
o5p1-single,RegisterDocument,636,2335.08
o5p1-single,RegisterDocument,637,2335.12
o5p1-single,RegisterDocument,638,2335.16
o5p1-single,RegisterDocument,639,2335.17
o5p1-single,RegisterDocument,640,2335.29
o5p1-single,RegisterDocument,641,2335.42
o5p1-single,RegisterDocument,642,2335.50
o5p1-single,RegisterDocument,643,2335.52
o5p1-single,RegisterDocument,644,2335.56
o5p1-single,RegisterDocument,645,2335.60
o5p1-single,RegisterDocument,646,2335.61
o5p1-single,RegisterDocument,647,2335.64
o5p1-single,RegisterDocument,648,2335.65
o5p1-single,RegisterDocument,649,2335.69
o5p1-single,RegisterDocument,650,2335.70
o5p1-single,RegisterDocument,651,2335.84
o5p1-single,RegisterDocument,652,2335.96
o5p1-single,RegisterDocument,653,2335.98
o5p1-single,RegisterDocument,654,2336.12
o5p1-single,RegisterDocument,655,2336.32
o5p1-single,RegisterDocument,656,2336.33
o5p1-single,RegisterDocument,657,2336.37
o5p1-single,RegisterDocument,658,2336.47
o5p1-single,RegisterDocument,659,2336.55
o5p1-single,RegisterDocument,660,2336.67
o5p1-single,RegisterDocument,661,2336.77
o5p1-single,RegisterDocument,662,2336.79
o5p1-single,RegisterDocument,663,2336.80
o5p1-single,RegisterDocument,664,2336.87
o5p1-single,RegisterDocument,665,2336.99
o5p1-single,RegisterDocument,666,2337.05
o5p1-single,RegisterDocument,667,2337.08
o5p1-single,RegisterDocument,668,2337.15
o5p1-single,RegisterDocument,669,2337.25
o5p1-single,RegisterDocument,670,2337.28
o5p1-single,RegisterDocument,671,2337.29
o5p1-single,RegisterDocument,672,2337.32
o5p1-single,RegisterDocument,673,2337.38
o5p1-single,RegisterDocument,674,2337.41
o5p1-single,RegisterDocument,675,2337.48
o5p1-single,RegisterDocument,676,2337.76
o5p1-single,RegisterDocument,677,2337.80
o5p1-single,RegisterDocument,678,2337.82
o5p1-single,RegisterDocument,679,2337.82
o5p1-single,RegisterDocument,680,2337.89
o5p1-single,RegisterDocument,681,2337.94
o5p1-single,RegisterDocument,682,2337.94
o5p1-single,RegisterDocument,683,2337.96
o5p1-single,RegisterDocument,684,2337.98
o5p1-single,RegisterDocument,685,2337.98
o5p1-single,RegisterDocument,686,2338.02
o5p1-single,RegisterDocument,687,2338.03
o5p1-single,RegisterDocument,688,2338.06
o5p1-single,RegisterDocument,689,2338.07
o5p1-single,RegisterDocument,690,2338.22
o5p1-single,RegisterDocument,691,2338.26
o5p1-single,RegisterDocument,692,2338.55
o5p1-single,RegisterDocument,693,2338.59
o5p1-single,RegisterDocument,694,2338.63
o5p1-single,RegisterDocument,695,2338.87
o5p1-single,RegisterDocument,696,2338.91
o5p1-single,RegisterDocument,697,2338.98
o5p1-single,RegisterDocument,698,2339.16
o5p1-single,RegisterDocument,699,2339.29
o5p1-single,RegisterDocument,700,2339.36
o5p1-single,RegisterDocument,701,2339.37
o5p1-single,RegisterDocument,702,2339.41
o5p1-single,RegisterDocument,703,2339.46
o5p1-single,RegisterDocument,704,2339.52
o5p1-single,RegisterDocument,705,2339.61
o5p1-single,RegisterDocument,706,2339.66
o5p1-single,RegisterDocument,707,2339.74
o5p1-single,RegisterDocument,708,2339.76
o5p1-single,RegisterDocument,709,2339.88
o5p1-single,RegisterDocument,710,2339.88
o5p1-single,RegisterDocument,711,2339.93
o5p1-single,RegisterDocument,712,2339.98
o5p1-single,RegisterDocument,713,2340.06
o5p1-single,RegisterDocument,714,2340.08
o5p1-single,RegisterDocument,715,2340.10
o5p1-single,RegisterDocument,716,2340.11
o5p1-single,RegisterDocument,717,2340.11
o5p1-single,RegisterDocument,718,2340.26
o5p1-single,RegisterDocument,719,2340.27
o5p1-single,RegisterDocument,720,2340.29
o5p1-single,RegisterDocument,721,2340.43
o5p1-single,RegisterDocument,722,2340.44
o5p1-single,RegisterDocument,723,2340.58
o5p1-single,RegisterDocument,724,2340.60
o5p1-single,RegisterDocument,725,2340.60
o5p1-single,RegisterDocument,726,2340.71
o5p1-single,RegisterDocument,727,2340.79
o5p1-single,RegisterDocument,728,2340.99
o5p1-single,RegisterDocument,729,2341.07
o5p1-single,RegisterDocument,730,2341.17
o5p1-single,RegisterDocument,731,2341.19
o5p1-single,RegisterDocument,732,2341.19
o5p1-single,RegisterDocument,733,2341.24
o5p1-single,RegisterDocument,734,2341.29
o5p1-single,RegisterDocument,735,2341.34
o5p1-single,RegisterDocument,736,2341.48
o5p1-single,RegisterDocument,737,2341.49
o5p1-single,RegisterDocument,738,2341.56
o5p1-single,RegisterDocument,739,2341.63
o5p1-single,RegisterDocument,740,2341.71
o5p1-single,RegisterDocument,741,2341.78
o5p1-single,RegisterDocument,742,2341.79
o5p1-single,RegisterDocument,743,2341.80
o5p1-single,RegisterDocument,744,2341.91
o5p1-single,RegisterDocument,745,2342.02
o5p1-single,RegisterDocument,746,2342.05
o5p1-single,RegisterDocument,747,2342.19
o5p1-single,RegisterDocument,748,2342.27
o5p1-single,RegisterDocument,749,2342.36
o5p1-single,RegisterDocument,750,2342.54
o5p1-single,RegisterDocument,751,2342.58
o5p1-single,RegisterDocument,752,2342.59
o5p1-single,RegisterDocument,753,2342.60
o5p1-single,RegisterDocument,754,2342.63
o5p1-single,RegisterDocument,755,2342.67
o5p1-single,RegisterDocument,756,2342.94
o5p1-single,RegisterDocument,757,2342.99
o5p1-single,RegisterDocument,758,2343.01
o5p1-single,RegisterDocument,759,2343.05
o5p1-single,RegisterDocument,760,2343.17
o5p1-single,RegisterDocument,761,2343.29
o5p1-single,RegisterDocument,762,2343.30
o5p1-single,RegisterDocument,763,2343.32
o5p1-single,RegisterDocument,764,2343.51
o5p1-single,RegisterDocument,765,2343.63
o5p1-single,RegisterDocument,766,2343.65
o5p1-single,RegisterDocument,767,2343.65
o5p1-single,RegisterDocument,768,2343.71
o5p1-single,RegisterDocument,769,2343.74
o5p1-single,RegisterDocument,770,2343.82
o5p1-single,RegisterDocument,771,2343.84
o5p1-single,RegisterDocument,772,2343.85
o5p1-single,RegisterDocument,773,2343.89
o5p1-single,RegisterDocument,774,2343.97
o5p1-single,RegisterDocument,775,2344.00
o5p1-single,RegisterDocument,776,2344.15
o5p1-single,RegisterDocument,777,2344.15
o5p1-single,RegisterDocument,778,2344.18
o5p1-single,RegisterDocument,779,2344.19
o5p1-single,RegisterDocument,780,2344.22
o5p1-single,RegisterDocument,781,2344.26
o5p1-single,RegisterDocument,782,2344.35
o5p1-single,RegisterDocument,783,2344.38
o5p1-single,RegisterDocument,784,2344.42
o5p1-single,RegisterDocument,785,2344.47
o5p1-single,RegisterDocument,786,2344.50
o5p1-single,RegisterDocument,787,2344.57
o5p1-single,RegisterDocument,788,2344.57
o5p1-single,RegisterDocument,789,2344.61
o5p1-single,RegisterDocument,790,2344.73
o5p1-single,RegisterDocument,791,2344.85
o5p1-single,RegisterDocument,792,2344.92
o5p1-single,RegisterDocument,793,2345.06
o5p1-single,RegisterDocument,794,2345.09
o5p1-single,RegisterDocument,795,2345.17
o5p1-single,RegisterDocument,796,2345.18
o5p1-single,RegisterDocument,797,2345.25
o5p1-single,RegisterDocument,798,2345.36
o5p1-single,RegisterDocument,799,2345.40
o5p1-single,RegisterDocument,800,2345.49
o5p1-single,RegisterDocument,801,2345.50
o5p1-single,RegisterDocument,802,2345.74
o5p1-single,RegisterDocument,803,2345.84
o5p1-single,RegisterDocument,804,2345.86
o5p1-single,RegisterDocument,805,2345.95
o5p1-single,RegisterDocument,806,2346.13
o5p1-single,RegisterDocument,807,2346.37
o5p1-single,RegisterDocument,808,2346.38
o5p1-single,RegisterDocument,809,2346.45
o5p1-single,RegisterDocument,810,2346.46
o5p1-single,RegisterDocument,811,2346.48
o5p1-single,RegisterDocument,812,2346.49
o5p1-single,RegisterDocument,813,2346.53
o5p1-single,RegisterDocument,814,2346.61
o5p1-single,RegisterDocument,815,2346.67
o5p1-single,RegisterDocument,816,2346.75
o5p1-single,RegisterDocument,817,2346.75
o5p1-single,RegisterDocument,818,2346.84
o5p1-single,RegisterDocument,819,2346.92
o5p1-single,RegisterDocument,820,2346.93
o5p1-single,RegisterDocument,821,2347.15
o5p1-single,RegisterDocument,822,2347.20
o5p1-single,RegisterDocument,823,2347.22
o5p1-single,RegisterDocument,824,2347.26
o5p1-single,RegisterDocument,825,2347.42
o5p1-single,RegisterDocument,826,2347.48
o5p1-single,RegisterDocument,827,2347.53
o5p1-single,RegisterDocument,828,2347.62
o5p1-single,RegisterDocument,829,2347.67
o5p1-single,RegisterDocument,830,2347.73
o5p1-single,RegisterDocument,831,2347.78
o5p1-single,RegisterDocument,832,2347.84
o5p1-single,RegisterDocument,833,2347.88
o5p1-single,RegisterDocument,834,2347.90
o5p1-single,RegisterDocument,835,2348.01
o5p1-single,RegisterDocument,836,2348.09
o5p1-single,RegisterDocument,837,2348.11
o5p1-single,RegisterDocument,838,2348.12
o5p1-single,RegisterDocument,839,2348.21
o5p1-single,RegisterDocument,840,2348.22
o5p1-single,RegisterDocument,841,2348.25
o5p1-single,RegisterDocument,842,2348.25
o5p1-single,RegisterDocument,843,2348.26
o5p1-single,RegisterDocument,844,2348.58
o5p1-single,RegisterDocument,845,2348.73
o5p1-single,RegisterDocument,846,2348.83
o5p1-single,RegisterDocument,847,2348.97
o5p1-single,RegisterDocument,848,2348.99
o5p1-single,RegisterDocument,849,2349.01
o5p1-single,RegisterDocument,850,2349.04
o5p1-single,RegisterDocument,851,2349.04
o5p1-single,RegisterDocument,852,2349.10
o5p1-single,RegisterDocument,853,2349.13
o5p1-single,RegisterDocument,854,2349.16
o5p1-single,RegisterDocument,855,2349.18
o5p1-single,RegisterDocument,856,2349.19
o5p1-single,RegisterDocument,857,2349.24
o5p1-single,RegisterDocument,858,2349.29
o5p1-single,RegisterDocument,859,2349.40
o5p1-single,RegisterDocument,860,2349.42
o5p1-single,RegisterDocument,861,2349.43
o5p1-single,RegisterDocument,862,2349.46
o5p1-single,RegisterDocument,863,2349.50
o5p1-single,RegisterDocument,864,2349.53
o5p1-single,RegisterDocument,865,2349.62
o5p1-single,RegisterDocument,866,2349.63
o5p1-single,RegisterDocument,867,2349.66
o5p1-single,RegisterDocument,868,2349.74
o5p1-single,RegisterDocument,869,2349.77
o5p1-single,RegisterDocument,870,2349.81
o5p1-single,RegisterDocument,871,2349.86
o5p1-single,RegisterDocument,872,2349.89
o5p1-single,RegisterDocument,873,2349.90
o5p1-single,RegisterDocument,874,2350.06
o5p1-single,RegisterDocument,875,2350.06
o5p1-single,RegisterDocument,876,2350.12
o5p1-single,RegisterDocument,877,2350.12
o5p1-single,RegisterDocument,878,2350.17
o5p1-single,RegisterDocument,879,2350.25
o5p1-single,RegisterDocument,880,2350.27
o5p1-single,RegisterDocument,881,2350.29
o5p1-single,RegisterDocument,882,2350.34
o5p1-single,RegisterDocument,883,2350.42
o5p1-single,RegisterDocument,884,2350.42
o5p1-single,RegisterDocument,885,2350.54
o5p1-single,RegisterDocument,886,2350.60
o5p1-single,RegisterDocument,887,2350.65
o5p1-single,RegisterDocument,888,2350.72
o5p1-single,RegisterDocument,889,2350.79
o5p1-single,RegisterDocument,890,2350.80
o5p1-single,RegisterDocument,891,2350.82
o5p1-single,RegisterDocument,892,2350.84
o5p1-single,RegisterDocument,893,2350.99
o5p1-single,RegisterDocument,894,2351.11
o5p1-single,RegisterDocument,895,2351.13
o5p1-single,RegisterDocument,896,2351.19
o5p1-single,RegisterDocument,897,2351.23
o5p1-single,RegisterDocument,898,2351.52
o5p1-single,RegisterDocument,899,2351.71
o5p1-single,RegisterDocument,900,2351.73
o5p1-single,RegisterDocument,901,2351.73
o5p1-single,RegisterDocument,902,2351.82
o5p1-single,RegisterDocument,903,2351.91
o5p1-single,RegisterDocument,904,2351.98
o5p1-single,RegisterDocument,905,2352.01
o5p1-single,RegisterDocument,906,2352.01
o5p1-single,RegisterDocument,907,2352.13
o5p1-single,RegisterDocument,908,2352.18
o5p1-single,RegisterDocument,909,2352.29
o5p1-single,RegisterDocument,910,2352.29
o5p1-single,RegisterDocument,911,2352.33
o5p1-single,RegisterDocument,912,2352.42
o5p1-single,RegisterDocument,913,2352.50
o5p1-single,RegisterDocument,914,2352.53
o5p1-single,RegisterDocument,915,2352.60
o5p1-single,RegisterDocument,916,2352.91
o5p1-single,RegisterDocument,917,2352.99
o5p1-single,RegisterDocument,918,2353.01
o5p1-single,RegisterDocument,919,2353.04
o5p1-single,RegisterDocument,920,2353.06
o5p1-single,RegisterDocument,921,2353.07
o5p1-single,RegisterDocument,922,2353.10
o5p1-single,RegisterDocument,923,2353.22
o5p1-single,RegisterDocument,924,2353.25
o5p1-single,RegisterDocument,925,2353.29
o5p1-single,RegisterDocument,926,2353.33
o5p1-single,RegisterDocument,927,2353.35
o5p1-single,RegisterDocument,928,2353.47
o5p1-single,RegisterDocument,929,2353.61
o5p1-single,RegisterDocument,930,2353.62
o5p1-single,RegisterDocument,931,2353.62
o5p1-single,RegisterDocument,932,2353.63
o5p1-single,RegisterDocument,933,2353.65
o5p1-single,RegisterDocument,934,2353.71
o5p1-single,RegisterDocument,935,2353.77
o5p1-single,RegisterDocument,936,2353.79
o5p1-single,RegisterDocument,937,2353.86
o5p1-single,RegisterDocument,938,2353.87
o5p1-single,RegisterDocument,939,2353.91
o5p1-single,RegisterDocument,940,2353.98
o5p1-single,RegisterDocument,941,2354.00
o5p1-single,RegisterDocument,942,2354.06
o5p1-single,RegisterDocument,943,2354.09
o5p1-single,RegisterDocument,944,2354.16
o5p1-single,RegisterDocument,945,2354.22
o5p1-single,RegisterDocument,946,2354.30
o5p1-single,RegisterDocument,947,2354.37
o5p1-single,RegisterDocument,948,2354.43
o5p1-single,RegisterDocument,949,2354.46
o5p1-single,RegisterDocument,950,2354.49
o5p1-single,RegisterDocument,951,2354.59
o5p1-single,RegisterDocument,952,2354.61
o5p1-single,RegisterDocument,953,2354.76
o5p1-single,RegisterDocument,954,2354.87
o5p1-single,RegisterDocument,955,2354.88
o5p1-single,RegisterDocument,956,2354.89
o5p1-single,RegisterDocument,957,2354.89
o5p1-single,RegisterDocument,958,2354.97
o5p1-single,RegisterDocument,959,2355.07
o5p1-single,RegisterDocument,960,2355.13
o5p1-single,RegisterDocument,961,2355.22
o5p1-single,RegisterDocument,962,2355.22
o5p1-single,RegisterDocument,963,2355.33
o5p1-single,RegisterDocument,964,2355.40
o5p1-single,RegisterDocument,965,2355.45
o5p1-single,RegisterDocument,966,2355.59
o5p1-single,RegisterDocument,967,2355.63
o5p1-single,RegisterDocument,968,2355.68
o5p1-single,RegisterDocument,969,2355.78
o5p1-single,RegisterDocument,970,2355.82
o5p1-single,RegisterDocument,971,2355.87
o5p1-single,RegisterDocument,972,2355.97
o5p1-single,RegisterDocument,973,2356.01
o5p1-single,RegisterDocument,974,2356.19
o5p1-single,RegisterDocument,975,2356.25
o5p1-single,RegisterDocument,976,2356.26
o5p1-single,RegisterDocument,977,2356.27
o5p1-single,RegisterDocument,978,2356.37
o5p1-single,RegisterDocument,979,2356.42
o5p1-single,RegisterDocument,980,2356.53
o5p1-single,RegisterDocument,981,2356.63
o5p1-single,RegisterDocument,982,2356.91
o5p1-single,RegisterDocument,983,2357.02
o5p1-single,RegisterDocument,984,2357.02
o5p1-single,RegisterDocument,985,2357.03
o5p1-single,RegisterDocument,986,2357.04
o5p1-single,RegisterDocument,987,2357.04
o5p1-single,RegisterDocument,988,2357.08
o5p1-single,RegisterDocument,989,2357.12
o5p1-single,RegisterDocument,990,2357.12
o5p1-single,RegisterDocument,991,2357.18
o5p1-single,RegisterDocument,992,2357.18
o5p1-single,RegisterDocument,993,2357.25
o5p1-single,RegisterDocument,994,2357.25
o5p1-single,RegisterDocument,995,2357.28
o5p1-single,RegisterDocument,996,2357.48
o5p1-single,RegisterDocument,997,2357.49
o5p1-single,RegisterDocument,998,2357.53
o5p1-single,RegisterDocument,999,2357.54
o5p1-single,RegisterDocument,1000,2357.63
o5p1-single,RegisterDocument,1001,2357.64
o5p1-single,RegisterDocument,1002,2357.74
o5p1-single,RegisterDocument,1003,2357.79
o5p1-single,RegisterDocument,1004,2357.79
o5p1-single,RegisterDocument,1005,2357.83
o5p1-single,RegisterDocument,1006,2357.87
o5p1-single,RegisterDocument,1007,2357.90
o5p1-single,RegisterDocument,1008,2357.95
o5p1-single,RegisterDocument,1009,2357.99
o5p1-single,RegisterDocument,1010,2358.05
o5p1-single,RegisterDocument,1011,2358.06
o5p1-single,RegisterDocument,1012,2358.07
o5p1-single,RegisterDocument,1013,2358.07
o5p1-single,RegisterDocument,1014,2358.11
o5p1-single,RegisterDocument,1015,2358.15
o5p1-single,RegisterDocument,1016,2358.22
o5p1-single,RegisterDocument,1017,2358.24
o5p1-single,RegisterDocument,1018,2358.27
o5p1-single,RegisterDocument,1019,2358.27
o5p1-single,RegisterDocument,1020,2358.55
o5p1-single,RegisterDocument,1021,2358.69
o5p1-single,RegisterDocument,1022,2358.82
o5p1-single,RegisterDocument,1023,2358.89
o5p1-single,RegisterDocument,1024,2358.91
o5p1-single,RegisterDocument,1025,2358.91
o5p1-single,RegisterDocument,1026,2358.93
o5p1-single,RegisterDocument,1027,2358.95
o5p1-single,RegisterDocument,1028,2358.97
o5p1-single,RegisterDocument,1029,2358.99
o5p1-single,RegisterDocument,1030,2359.02
o5p1-single,RegisterDocument,1031,2359.05
o5p1-single,RegisterDocument,1032,2359.14
o5p1-single,RegisterDocument,1033,2359.20
o5p1-single,RegisterDocument,1034,2359.24
o5p1-single,RegisterDocument,1035,2359.24
o5p1-single,RegisterDocument,1036,2359.31
o5p1-single,RegisterDocument,1037,2359.33
o5p1-single,RegisterDocument,1038,2359.45
o5p1-single,RegisterDocument,1039,2359.56
o5p1-single,RegisterDocument,1040,2359.61
o5p1-single,RegisterDocument,1041,2359.63
o5p1-single,RegisterDocument,1042,2359.63
o5p1-single,RegisterDocument,1043,2359.72
o5p1-single,RegisterDocument,1044,2359.72
o5p1-single,RegisterDocument,1045,2359.73
o5p1-single,RegisterDocument,1046,2359.76
o5p1-single,RegisterDocument,1047,2359.83
o5p1-single,RegisterDocument,1048,2359.90
o5p1-single,RegisterDocument,1049,2359.93
o5p1-single,RegisterDocument,1050,2360.03
o5p1-single,RegisterDocument,1051,2360.04
o5p1-single,RegisterDocument,1052,2360.06
o5p1-single,RegisterDocument,1053,2360.24
o5p1-single,RegisterDocument,1054,2360.32
o5p1-single,RegisterDocument,1055,2360.43
o5p1-single,RegisterDocument,1056,2360.49
o5p1-single,RegisterDocument,1057,2360.54
o5p1-single,RegisterDocument,1058,2360.57
o5p1-single,RegisterDocument,1059,2360.57
o5p1-single,RegisterDocument,1060,2360.58
o5p1-single,RegisterDocument,1061,2360.60
o5p1-single,RegisterDocument,1062,2360.68
o5p1-single,RegisterDocument,1063,2360.69
o5p1-single,RegisterDocument,1064,2360.85
o5p1-single,RegisterDocument,1065,2360.96
o5p1-single,RegisterDocument,1066,2360.99
o5p1-single,RegisterDocument,1067,2361.05
o5p1-single,RegisterDocument,1068,2361.12
o5p1-single,RegisterDocument,1069,2361.22
o5p1-single,RegisterDocument,1070,2361.31
o5p1-single,RegisterDocument,1071,2361.46
o5p1-single,RegisterDocument,1072,2361.50
o5p1-single,RegisterDocument,1073,2361.51
o5p1-single,RegisterDocument,1074,2361.53
o5p1-single,RegisterDocument,1075,2361.57
o5p1-single,RegisterDocument,1076,2361.62
o5p1-single,RegisterDocument,1077,2361.67
o5p1-single,RegisterDocument,1078,2361.67
o5p1-single,RegisterDocument,1079,2361.74
o5p1-single,RegisterDocument,1080,2361.79
o5p1-single,RegisterDocument,1081,2361.81
o5p1-single,RegisterDocument,1082,2361.85
o5p1-single,RegisterDocument,1083,2361.98
o5p1-single,RegisterDocument,1084,2362.01
o5p1-single,RegisterDocument,1085,2362.14
o5p1-single,RegisterDocument,1086,2362.17
o5p1-single,RegisterDocument,1087,2362.25
o5p1-single,RegisterDocument,1088,2362.25
o5p1-single,RegisterDocument,1089,2362.30
o5p1-single,RegisterDocument,1090,2362.35
o5p1-single,RegisterDocument,1091,2362.36
o5p1-single,RegisterDocument,1092,2362.37
o5p1-single,RegisterDocument,1093,2362.46
o5p1-single,RegisterDocument,1094,2362.48
o5p1-single,RegisterDocument,1095,2362.64
o5p1-single,RegisterDocument,1096,2362.73
o5p1-single,RegisterDocument,1097,2362.74
o5p1-single,RegisterDocument,1098,2363.03
o5p1-single,RegisterDocument,1099,2363.03
o5p1-single,RegisterDocument,1100,2363.10
o5p1-single,RegisterDocument,1101,2363.10
o5p1-single,RegisterDocument,1102,2363.11
o5p1-single,RegisterDocument,1103,2363.15
o5p1-single,RegisterDocument,1104,2363.16
o5p1-single,RegisterDocument,1105,2363.32
o5p1-single,RegisterDocument,1106,2363.34
o5p1-single,RegisterDocument,1107,2363.49
o5p1-single,RegisterDocument,1108,2363.57
o5p1-single,RegisterDocument,1109,2363.58
o5p1-single,RegisterDocument,1110,2363.58
o5p1-single,RegisterDocument,1111,2363.58
o5p1-single,RegisterDocument,1112,2363.61
o5p1-single,RegisterDocument,1113,2363.70
o5p1-single,RegisterDocument,1114,2363.72
o5p1-single,RegisterDocument,1115,2363.82
o5p1-single,RegisterDocument,1116,2363.95
o5p1-single,RegisterDocument,1117,2363.99
o5p1-single,RegisterDocument,1118,2364.15
o5p1-single,RegisterDocument,1119,2364.17
o5p1-single,RegisterDocument,1120,2364.18
o5p1-single,RegisterDocument,1121,2364.29
o5p1-single,RegisterDocument,1122,2364.32
o5p1-single,RegisterDocument,1123,2364.33
o5p1-single,RegisterDocument,1124,2364.35
o5p1-single,RegisterDocument,1125,2364.35
o5p1-single,RegisterDocument,1126,2364.54
o5p1-single,RegisterDocument,1127,2364.56
o5p1-single,RegisterDocument,1128,2364.62
o5p1-single,RegisterDocument,1129,2364.64
o5p1-single,RegisterDocument,1130,2364.64
o5p1-single,RegisterDocument,1131,2364.76
o5p1-single,RegisterDocument,1132,2364.76
o5p1-single,RegisterDocument,1133,2364.85
o5p1-single,RegisterDocument,1134,2365.00
o5p1-single,RegisterDocument,1135,2365.12
o5p1-single,RegisterDocument,1136,2365.14
o5p1-single,RegisterDocument,1137,2365.34
o5p1-single,RegisterDocument,1138,2365.38
o5p1-single,RegisterDocument,1139,2365.43
o5p1-single,RegisterDocument,1140,2365.43
o5p1-single,RegisterDocument,1141,2365.44
o5p1-single,RegisterDocument,1142,2365.48
o5p1-single,RegisterDocument,1143,2365.63
o5p1-single,RegisterDocument,1144,2365.80
o5p1-single,RegisterDocument,1145,2365.88
o5p1-single,RegisterDocument,1146,2366.08
o5p1-single,RegisterDocument,1147,2366.12
o5p1-single,RegisterDocument,1148,2366.16
o5p1-single,RegisterDocument,1149,2366.20
o5p1-single,RegisterDocument,1150,2366.30
o5p1-single,RegisterDocument,1151,2366.37
o5p1-single,RegisterDocument,1152,2366.49
o5p1-single,RegisterDocument,1153,2366.52
o5p1-single,RegisterDocument,1154,2366.53
o5p1-single,RegisterDocument,1155,2366.67
o5p1-single,RegisterDocument,1156,2366.74
o5p1-single,RegisterDocument,1157,2366.87
o5p1-single,RegisterDocument,1158,2366.93
o5p1-single,RegisterDocument,1159,2366.94
o5p1-single,RegisterDocument,1160,2366.94
o5p1-single,RegisterDocument,1161,2366.98
o5p1-single,RegisterDocument,1162,2367.00
o5p1-single,RegisterDocument,1163,2367.00
o5p1-single,RegisterDocument,1164,2367.01
o5p1-single,RegisterDocument,1165,2367.04
o5p1-single,RegisterDocument,1166,2367.33
o5p1-single,RegisterDocument,1167,2367.33
o5p1-single,RegisterDocument,1168,2367.40
o5p1-single,RegisterDocument,1169,2367.41
o5p1-single,RegisterDocument,1170,2367.88
o5p1-single,RegisterDocument,1171,2367.91
o5p1-single,RegisterDocument,1172,2367.99
o5p1-single,RegisterDocument,1173,2368.01
o5p1-single,RegisterDocument,1174,2368.17
o5p1-single,RegisterDocument,1175,2368.28
o5p1-single,RegisterDocument,1176,2368.32
o5p1-single,RegisterDocument,1177,2368.36
o5p1-single,RegisterDocument,1178,2368.38
o5p1-single,RegisterDocument,1179,2368.41
o5p1-single,RegisterDocument,1180,2368.44
o5p1-single,RegisterDocument,1181,2368.45
o5p1-single,RegisterDocument,1182,2368.47
o5p1-single,RegisterDocument,1183,2368.65
o5p1-single,RegisterDocument,1184,2368.71
o5p1-single,RegisterDocument,1185,2368.74
o5p1-single,RegisterDocument,1186,2368.79
o5p1-single,RegisterDocument,1187,2368.80
o5p1-single,RegisterDocument,1188,2369.03
o5p1-single,RegisterDocument,1189,2369.05
o5p1-single,RegisterDocument,1190,2369.14
o5p1-single,RegisterDocument,1191,2369.22
o5p1-single,RegisterDocument,1192,2369.28
o5p1-single,RegisterDocument,1193,2369.33
o5p1-single,RegisterDocument,1194,2369.42
o5p1-single,RegisterDocument,1195,2369.51
o5p1-single,RegisterDocument,1196,2369.51
o5p1-single,RegisterDocument,1197,2369.53
o5p1-single,RegisterDocument,1198,2369.74
o5p1-single,RegisterDocument,1199,2369.79
o5p1-single,RegisterDocument,1200,2369.81
o5p1-single,RegisterDocument,1201,2369.84
o5p1-single,RegisterDocument,1202,2369.97
o5p1-single,RegisterDocument,1203,2370.03
o5p1-single,RegisterDocument,1204,2370.12
o5p1-single,RegisterDocument,1205,2370.17
o5p1-single,RegisterDocument,1206,2370.26
o5p1-single,RegisterDocument,1207,2370.36
o5p1-single,RegisterDocument,1208,2370.41
o5p1-single,RegisterDocument,1209,2370.57
o5p1-single,RegisterDocument,1210,2370.59
o5p1-single,RegisterDocument,1211,2370.60
o5p1-single,RegisterDocument,1212,2370.64
o5p1-single,RegisterDocument,1213,2370.77
o5p1-single,RegisterDocument,1214,2370.89
o5p1-single,RegisterDocument,1215,2370.89
o5p1-single,RegisterDocument,1216,2371.06
o5p1-single,RegisterDocument,1217,2371.16
o5p1-single,RegisterDocument,1218,2371.17
o5p1-single,RegisterDocument,1219,2371.33
o5p1-single,RegisterDocument,1220,2371.36
o5p1-single,RegisterDocument,1221,2371.36
o5p1-single,RegisterDocument,1222,2371.37
o5p1-single,RegisterDocument,1223,2371.48
o5p1-single,RegisterDocument,1224,2371.50
o5p1-single,RegisterDocument,1225,2371.52
o5p1-single,RegisterDocument,1226,2371.62
o5p1-single,RegisterDocument,1227,2371.68
o5p1-single,RegisterDocument,1228,2371.74
o5p1-single,RegisterDocument,1229,2371.89
o5p1-single,RegisterDocument,1230,2371.94
o5p1-single,RegisterDocument,1231,2372.07
o5p1-single,RegisterDocument,1232,2372.08
o5p1-single,RegisterDocument,1233,2372.39
o5p1-single,RegisterDocument,1234,2372.39
o5p1-single,RegisterDocument,1235,2372.48
o5p1-single,RegisterDocument,1236,2372.49
o5p1-single,RegisterDocument,1237,2372.54
o5p1-single,RegisterDocument,1238,2372.68
o5p1-single,RegisterDocument,1239,2372.69
o5p1-single,RegisterDocument,1240,2372.88
o5p1-single,RegisterDocument,1241,2372.90
o5p1-single,RegisterDocument,1242,2373.02
o5p1-single,RegisterDocument,1243,2373.02
o5p1-single,RegisterDocument,1244,2373.03
o5p1-single,RegisterDocument,1245,2373.13
o5p1-single,RegisterDocument,1246,2373.22
o5p1-single,RegisterDocument,1247,2373.48
o5p1-single,RegisterDocument,1248,2373.49
o5p1-single,RegisterDocument,1249,2373.55
o5p1-single,RegisterDocument,1250,2373.56
o5p1-single,RegisterDocument,1251,2373.57
o5p1-single,RegisterDocument,1252,2373.59
o5p1-single,RegisterDocument,1253,2373.79
o5p1-single,RegisterDocument,1254,2373.79
o5p1-single,RegisterDocument,1255,2373.80
o5p1-single,RegisterDocument,1256,2373.85
o5p1-single,RegisterDocument,1257,2373.86
o5p1-single,RegisterDocument,1258,2374.06
o5p1-single,RegisterDocument,1259,2374.17
o5p1-single,RegisterDocument,1260,2374.18
o5p1-single,RegisterDocument,1261,2374.25
o5p1-single,RegisterDocument,1262,2374.25
o5p1-single,RegisterDocument,1263,2374.52
o5p1-single,RegisterDocument,1264,2374.55
o5p1-single,RegisterDocument,1265,2374.55
o5p1-single,RegisterDocument,1266,2374.56
o5p1-single,RegisterDocument,1267,2374.58
o5p1-single,RegisterDocument,1268,2374.64
o5p1-single,RegisterDocument,1269,2374.73
o5p1-single,RegisterDocument,1270,2374.77
o5p1-single,RegisterDocument,1271,2374.81
o5p1-single,RegisterDocument,1272,2374.82
o5p1-single,RegisterDocument,1273,2374.85
o5p1-single,RegisterDocument,1274,2374.85
o5p1-single,RegisterDocument,1275,2374.87
o5p1-single,RegisterDocument,1276,2374.91
o5p1-single,RegisterDocument,1277,2375.08
o5p1-single,RegisterDocument,1278,2375.14
o5p1-single,RegisterDocument,1279,2375.16
o5p1-single,RegisterDocument,1280,2375.40
o5p1-single,RegisterDocument,1281,2375.41
o5p1-single,RegisterDocument,1282,2375.50
o5p1-single,RegisterDocument,1283,2375.59
o5p1-single,RegisterDocument,1284,2375.67
o5p1-single,RegisterDocument,1285,2375.69
o5p1-single,RegisterDocument,1286,2375.74
o5p1-single,RegisterDocument,1287,2375.89
o5p1-single,RegisterDocument,1288,2375.92
o5p1-single,RegisterDocument,1289,2376.01
o5p1-single,RegisterDocument,1290,2376.03
o5p1-single,RegisterDocument,1291,2376.11
o5p1-single,RegisterDocument,1292,2376.24
o5p1-single,RegisterDocument,1293,2376.29
o5p1-single,RegisterDocument,1294,2376.29
o5p1-single,RegisterDocument,1295,2376.45
o5p1-single,RegisterDocument,1296,2376.50
o5p1-single,RegisterDocument,1297,2376.54
o5p1-single,RegisterDocument,1298,2376.80
o5p1-single,RegisterDocument,1299,2376.88
o5p1-single,RegisterDocument,1300,2376.95
o5p1-single,RegisterDocument,1301,2376.95
o5p1-single,RegisterDocument,1302,2376.97
o5p1-single,RegisterDocument,1303,2377.07
o5p1-single,RegisterDocument,1304,2377.29
o5p1-single,RegisterDocument,1305,2377.30
o5p1-single,RegisterDocument,1306,2377.39
o5p1-single,RegisterDocument,1307,2377.45
o5p1-single,RegisterDocument,1308,2377.50
o5p1-single,RegisterDocument,1309,2377.57
o5p1-single,RegisterDocument,1310,2377.58
o5p1-single,RegisterDocument,1311,2377.67
o5p1-single,RegisterDocument,1312,2377.71
o5p1-single,RegisterDocument,1313,2377.76
o5p1-single,RegisterDocument,1314,2377.82
o5p1-single,RegisterDocument,1315,2377.88
o5p1-single,RegisterDocument,1316,2377.95
o5p1-single,RegisterDocument,1317,2377.96
o5p1-single,RegisterDocument,1318,2378.00
o5p1-single,RegisterDocument,1319,2378.11
o5p1-single,RegisterDocument,1320,2378.14
o5p1-single,RegisterDocument,1321,2378.20
o5p1-single,RegisterDocument,1322,2378.23
o5p1-single,RegisterDocument,1323,2378.30
o5p1-single,RegisterDocument,1324,2378.35
o5p1-single,RegisterDocument,1325,2378.36
o5p1-single,RegisterDocument,1326,2378.37
o5p1-single,RegisterDocument,1327,2378.39
o5p1-single,RegisterDocument,1328,2378.49
o5p1-single,RegisterDocument,1329,2378.57
o5p1-single,RegisterDocument,1330,2378.58
o5p1-single,RegisterDocument,1331,2378.78
o5p1-single,RegisterDocument,1332,2379.08
o5p1-single,RegisterDocument,1333,2379.14
o5p1-single,RegisterDocument,1334,2379.19
o5p1-single,RegisterDocument,1335,2379.24
o5p1-single,RegisterDocument,1336,2379.28
o5p1-single,RegisterDocument,1337,2379.60
o5p1-single,RegisterDocument,1338,2379.82
o5p1-single,RegisterDocument,1339,2379.86
o5p1-single,RegisterDocument,1340,2379.95
o5p1-single,RegisterDocument,1341,2379.99
o5p1-single,RegisterDocument,1342,2380.14
o5p1-single,RegisterDocument,1343,2380.21
o5p1-single,RegisterDocument,1344,2380.22
o5p1-single,RegisterDocument,1345,2380.26
o5p1-single,RegisterDocument,1346,2380.29
o5p1-single,RegisterDocument,1347,2380.42
o5p1-single,RegisterDocument,1348,2380.51
o5p1-single,RegisterDocument,1349,2380.57
o5p1-single,RegisterDocument,1350,2380.61
o5p1-single,RegisterDocument,1351,2380.65
o5p1-single,RegisterDocument,1352,2380.66
o5p1-single,RegisterDocument,1353,2380.76
o5p1-single,RegisterDocument,1354,2380.76
o5p1-single,RegisterDocument,1355,2380.87
o5p1-single,RegisterDocument,1356,2380.94
o5p1-single,RegisterDocument,1357,2380.97
o5p1-single,RegisterDocument,1358,2381.10
o5p1-single,RegisterDocument,1359,2381.16
o5p1-single,RegisterDocument,1360,2381.19
o5p1-single,RegisterDocument,1361,2381.36
o5p1-single,RegisterDocument,1362,2381.37
o5p1-single,RegisterDocument,1363,2381.45
o5p1-single,RegisterDocument,1364,2381.50
o5p1-single,RegisterDocument,1365,2381.55
o5p1-single,RegisterDocument,1366,2381.63
o5p1-single,RegisterDocument,1367,2381.67
o5p1-single,RegisterDocument,1368,2381.75
o5p1-single,RegisterDocument,1369,2381.77
o5p1-single,RegisterDocument,1370,2381.82
o5p1-single,RegisterDocument,1371,2381.96
o5p1-single,RegisterDocument,1372,2382.04
o5p1-single,RegisterDocument,1373,2382.26
o5p1-single,RegisterDocument,1374,2382.48
o5p1-single,RegisterDocument,1375,2382.51
o5p1-single,RegisterDocument,1376,2382.51
o5p1-single,RegisterDocument,1377,2382.53
o5p1-single,RegisterDocument,1378,2382.57
o5p1-single,RegisterDocument,1379,2382.63
o5p1-single,RegisterDocument,1380,2382.65
o5p1-single,RegisterDocument,1381,2382.65
o5p1-single,RegisterDocument,1382,2382.79
o5p1-single,RegisterDocument,1383,2382.96
o5p1-single,RegisterDocument,1384,2383.05
o5p1-single,RegisterDocument,1385,2383.05
o5p1-single,RegisterDocument,1386,2383.17
o5p1-single,RegisterDocument,1387,2383.22
o5p1-single,RegisterDocument,1388,2383.26
o5p1-single,RegisterDocument,1389,2383.28
o5p1-single,RegisterDocument,1390,2383.41
o5p1-single,RegisterDocument,1391,2383.42
o5p1-single,RegisterDocument,1392,2383.57
o5p1-single,RegisterDocument,1393,2383.59
o5p1-single,RegisterDocument,1394,2383.64
o5p1-single,RegisterDocument,1395,2383.67
o5p1-single,RegisterDocument,1396,2383.72
o5p1-single,RegisterDocument,1397,2383.73
o5p1-single,RegisterDocument,1398,2383.78
o5p1-single,RegisterDocument,1399,2383.83
o5p1-single,RegisterDocument,1400,2383.84
o5p1-single,RegisterDocument,1401,2383.84
o5p1-single,RegisterDocument,1402,2383.84
o5p1-single,RegisterDocument,1403,2383.91
o5p1-single,RegisterDocument,1404,2383.95
o5p1-single,RegisterDocument,1405,2383.96
o5p1-single,RegisterDocument,1406,2384.12
o5p1-single,RegisterDocument,1407,2384.18
o5p1-single,RegisterDocument,1408,2384.22
o5p1-single,RegisterDocument,1409,2384.23
o5p1-single,RegisterDocument,1410,2384.28
o5p1-single,RegisterDocument,1411,2384.28
o5p1-single,RegisterDocument,1412,2384.33
o5p1-single,RegisterDocument,1413,2384.39
o5p1-single,RegisterDocument,1414,2384.43
o5p1-single,RegisterDocument,1415,2384.47
o5p1-single,RegisterDocument,1416,2384.57
o5p1-single,RegisterDocument,1417,2384.59
o5p1-single,RegisterDocument,1418,2384.59
o5p1-single,RegisterDocument,1419,2384.61
o5p1-single,RegisterDocument,1420,2384.68
o5p1-single,RegisterDocument,1421,2384.69
o5p1-single,RegisterDocument,1422,2384.76
o5p1-single,RegisterDocument,1423,2384.77
o5p1-single,RegisterDocument,1424,2384.81
o5p1-single,RegisterDocument,1425,2384.84
o5p1-single,RegisterDocument,1426,2384.84
o5p1-single,RegisterDocument,1427,2384.85
o5p1-single,RegisterDocument,1428,2384.87
o5p1-single,RegisterDocument,1429,2384.88
o5p1-single,RegisterDocument,1430,2384.94
o5p1-single,RegisterDocument,1431,2384.95
o5p1-single,RegisterDocument,1432,2384.98
o5p1-single,RegisterDocument,1433,2385.00
o5p1-single,RegisterDocument,1434,2385.07
o5p1-single,RegisterDocument,1435,2385.09
o5p1-single,RegisterDocument,1436,2385.10
o5p1-single,RegisterDocument,1437,2385.14
o5p1-single,RegisterDocument,1438,2385.15
o5p1-single,RegisterDocument,1439,2385.19
o5p1-single,RegisterDocument,1440,2385.32
o5p1-single,RegisterDocument,1441,2385.35
o5p1-single,RegisterDocument,1442,2385.36
o5p1-single,RegisterDocument,1443,2385.43
o5p1-single,RegisterDocument,1444,2385.44
o5p1-single,RegisterDocument,1445,2385.55
o5p1-single,RegisterDocument,1446,2385.81
o5p1-single,RegisterDocument,1447,2386.04
o5p1-single,RegisterDocument,1448,2386.06
o5p1-single,RegisterDocument,1449,2386.17
o5p1-single,RegisterDocument,1450,2386.43
o5p1-single,RegisterDocument,1451,2386.60
o5p1-single,RegisterDocument,1452,2386.66
o5p1-single,RegisterDocument,1453,2386.85
o5p1-single,RegisterDocument,1454,2386.96
o5p1-single,RegisterDocument,1455,2386.97
o5p1-single,RegisterDocument,1456,2386.98
o5p1-single,RegisterDocument,1457,2387.00
o5p1-single,RegisterDocument,1458,2387.00
o5p1-single,RegisterDocument,1459,2387.03
o5p1-single,RegisterDocument,1460,2387.15
o5p1-single,RegisterDocument,1461,2387.25
o5p1-single,RegisterDocument,1462,2387.31
o5p1-single,RegisterDocument,1463,2387.48
o5p1-single,RegisterDocument,1464,2387.57
o5p1-single,RegisterDocument,1465,2387.60
o5p1-single,RegisterDocument,1466,2387.67
o5p1-single,RegisterDocument,1467,2387.68
o5p1-single,RegisterDocument,1468,2387.69
o5p1-single,RegisterDocument,1469,2387.77
o5p1-single,RegisterDocument,1470,2387.83
o5p1-single,RegisterDocument,1471,2387.85
o5p1-single,RegisterDocument,1472,2387.95
o5p1-single,RegisterDocument,1473,2387.98
o5p1-single,RegisterDocument,1474,2387.98
o5p1-single,RegisterDocument,1475,2388.04
o5p1-single,RegisterDocument,1476,2388.04
o5p1-single,RegisterDocument,1477,2388.15
o5p1-single,RegisterDocument,1478,2388.19
o5p1-single,RegisterDocument,1479,2388.24
o5p1-single,RegisterDocument,1480,2388.25
o5p1-single,RegisterDocument,1481,2388.30
o5p1-single,RegisterDocument,1482,2388.37
o5p1-single,RegisterDocument,1483,2388.49
o5p1-single,RegisterDocument,1484,2388.56
o5p1-single,RegisterDocument,1485,2388.70
o5p1-single,RegisterDocument,1486,2388.77
o5p1-single,RegisterDocument,1487,2389.00
o5p1-single,RegisterDocument,1488,2389.20
o5p1-single,RegisterDocument,1489,2389.24
o5p1-single,RegisterDocument,1490,2389.35
o5p1-single,RegisterDocument,1491,2389.37
o5p1-single,RegisterDocument,1492,2389.38
o5p1-single,RegisterDocument,1493,2389.44
o5p1-single,RegisterDocument,1494,2389.51
o5p1-single,RegisterDocument,1495,2389.52
o5p1-single,RegisterDocument,1496,2389.62
o5p1-single,RegisterDocument,1497,2389.77
o5p1-single,RegisterDocument,1498,2389.82
o5p1-single,RegisterDocument,1499,2389.95
o5p1-single,RegisterDocument,1500,2389.97
o5p1-single,RegisterDocument,1501,2390.13
o5p1-single,RegisterDocument,1502,2390.13
o5p1-single,RegisterDocument,1503,2390.22
o5p1-single,RegisterDocument,1504,2390.33
o5p1-single,RegisterDocument,1505,2390.47
o5p1-single,RegisterDocument,1506,2390.56
o5p1-single,RegisterDocument,1507,2390.57
o5p1-single,RegisterDocument,1508,2390.60
o5p1-single,RegisterDocument,1509,2390.65
o5p1-single,RegisterDocument,1510,2390.66
o5p1-single,RegisterDocument,1511,2390.72
o5p1-single,RegisterDocument,1512,2390.77
o5p1-single,RegisterDocument,1513,2390.78
o5p1-single,RegisterDocument,1514,2390.95
o5p1-single,RegisterDocument,1515,2391.09
o5p1-single,RegisterDocument,1516,2391.13
o5p1-single,RegisterDocument,1517,2391.15
o5p1-single,RegisterDocument,1518,2391.18
o5p1-single,RegisterDocument,1519,2391.30
o5p1-single,RegisterDocument,1520,2391.32
o5p1-single,RegisterDocument,1521,2391.34
o5p1-single,RegisterDocument,1522,2391.41
o5p1-single,RegisterDocument,1523,2391.42
o5p1-single,RegisterDocument,1524,2391.44
o5p1-single,RegisterDocument,1525,2391.77
o5p1-single,RegisterDocument,1526,2391.80
o5p1-single,RegisterDocument,1527,2391.82
o5p1-single,RegisterDocument,1528,2391.91
o5p1-single,RegisterDocument,1529,2391.95
o5p1-single,RegisterDocument,1530,2392.31
o5p1-single,RegisterDocument,1531,2392.40
o5p1-single,RegisterDocument,1532,2392.48
o5p1-single,RegisterDocument,1533,2392.49
o5p1-single,RegisterDocument,1534,2392.61
o5p1-single,RegisterDocument,1535,2392.77
o5p1-single,RegisterDocument,1536,2392.91
o5p1-single,RegisterDocument,1537,2392.95
o5p1-single,RegisterDocument,1538,2392.99
o5p1-single,RegisterDocument,1539,2393.16
o5p1-single,RegisterDocument,1540,2393.20
o5p1-single,RegisterDocument,1541,2393.25
o5p1-single,RegisterDocument,1542,2393.26
o5p1-single,RegisterDocument,1543,2393.34
o5p1-single,RegisterDocument,1544,2393.49
o5p1-single,RegisterDocument,1545,2393.62
o5p1-single,RegisterDocument,1546,2393.62
o5p1-single,RegisterDocument,1547,2393.75
o5p1-single,RegisterDocument,1548,2393.81
o5p1-single,RegisterDocument,1549,2393.83
o5p1-single,RegisterDocument,1550,2393.90
o5p1-single,RegisterDocument,1551,2393.91
o5p1-single,RegisterDocument,1552,2393.94
o5p1-single,RegisterDocument,1553,2394.14
o5p1-single,RegisterDocument,1554,2394.16
o5p1-single,RegisterDocument,1555,2394.26
o5p1-single,RegisterDocument,1556,2394.27
o5p1-single,RegisterDocument,1557,2394.37
o5p1-single,RegisterDocument,1558,2394.46
o5p1-single,RegisterDocument,1559,2394.53
o5p1-single,RegisterDocument,1560,2394.54
o5p1-single,RegisterDocument,1561,2394.68
o5p1-single,RegisterDocument,1562,2394.82
o5p1-single,RegisterDocument,1563,2394.86
o5p1-single,RegisterDocument,1564,2394.87
o5p1-single,RegisterDocument,1565,2394.88
o5p1-single,RegisterDocument,1566,2395.01
o5p1-single,RegisterDocument,1567,2395.12
o5p1-single,RegisterDocument,1568,2395.12
o5p1-single,RegisterDocument,1569,2395.21
o5p1-single,RegisterDocument,1570,2395.26
o5p1-single,RegisterDocument,1571,2395.32
o5p1-single,RegisterDocument,1572,2395.45
o5p1-single,RegisterDocument,1573,2395.62
o5p1-single,RegisterDocument,1574,2395.94
o5p1-single,RegisterDocument,1575,2396.03
o5p1-single,RegisterDocument,1576,2396.04
o5p1-single,RegisterDocument,1577,2396.06
o5p1-single,RegisterDocument,1578,2396.08
o5p1-single,RegisterDocument,1579,2396.08
o5p1-single,RegisterDocument,1580,2396.13
o5p1-single,RegisterDocument,1581,2396.28
o5p1-single,RegisterDocument,1582,2396.33
o5p1-single,RegisterDocument,1583,2396.46
o5p1-single,RegisterDocument,1584,2396.47
o5p1-single,RegisterDocument,1585,2396.60
o5p1-single,RegisterDocument,1586,2396.84
o5p1-single,RegisterDocument,1587,2396.93
o5p1-single,RegisterDocument,1588,2396.95
o5p1-single,RegisterDocument,1589,2396.99
o5p1-single,RegisterDocument,1590,2397.05
o5p1-single,RegisterDocument,1591,2397.06
o5p1-single,RegisterDocument,1592,2397.06
o5p1-single,RegisterDocument,1593,2397.08
o5p1-single,RegisterDocument,1594,2397.17
o5p1-single,RegisterDocument,1595,2397.19
o5p1-single,RegisterDocument,1596,2397.29
o5p1-single,RegisterDocument,1597,2397.38
o5p1-single,RegisterDocument,1598,2397.48
o5p1-single,RegisterDocument,1599,2397.55
o5p1-single,RegisterDocument,1600,2397.68
o5p1-single,RegisterDocument,1601,2397.76
o5p1-single,RegisterDocument,1602,2397.77
o5p1-single,RegisterDocument,1603,2397.93
o5p1-single,RegisterDocument,1604,2397.98
o5p1-single,RegisterDocument,1605,2398.28
o5p1-single,RegisterDocument,1606,2398.28
o5p1-single,RegisterDocument,1607,2398.33
o5p1-single,RegisterDocument,1608,2398.45
o5p1-single,RegisterDocument,1609,2398.56
o5p1-single,RegisterDocument,1610,2398.62
o5p1-single,RegisterDocument,1611,2398.65
o5p1-single,RegisterDocument,1612,2398.67
o5p1-single,RegisterDocument,1613,2398.93
o5p1-single,RegisterDocument,1614,2399.39
o5p1-single,RegisterDocument,1615,2399.48
o5p1-single,RegisterDocument,1616,2399.68
o5p1-single,RegisterDocument,1617,2399.72
o5p1-single,RegisterDocument,1618,2399.74
o5p1-single,RegisterDocument,1619,2399.80
o5p1-single,RegisterDocument,1620,2400.11
o5p1-single,RegisterDocument,1621,2400.37
o5p1-single,RegisterDocument,1622,2400.38
o5p1-single,RegisterDocument,1623,2400.79
o5p1-single,RegisterDocument,1624,2400.87
o5p1-single,RegisterDocument,1625,2400.96
o5p1-single,RegisterDocument,1626,2401.24
o5p1-single,RegisterDocument,1627,2401.60
o5p1-single,RegisterDocument,1628,2401.67
o5p1-single,RegisterDocument,1629,2401.72
o5p1-single,RegisterDocument,1630,2401.73
o5p1-single,RegisterDocument,1631,2401.81
o5p1-single,RegisterDocument,1632,2401.92
o5p1-single,RegisterDocument,1633,2402.05
o5p1-single,RegisterDocument,1634,2402.06
o5p1-single,RegisterDocument,1635,2402.08
o5p1-single,RegisterDocument,1636,2402.09
o5p1-single,RegisterDocument,1637,2402.15
o5p1-single,RegisterDocument,1638,2402.28
o5p1-single,RegisterDocument,1639,2402.40
o5p1-single,RegisterDocument,1640,2402.54
o5p1-single,RegisterDocument,1641,2402.59
o5p1-single,RegisterDocument,1642,2402.62
o5p1-single,RegisterDocument,1643,2402.64
o5p1-single,RegisterDocument,1644,2402.91
o5p1-single,RegisterDocument,1645,2403.07
o5p1-single,RegisterDocument,1646,2403.08
o5p1-single,RegisterDocument,1647,2403.08
o5p1-single,RegisterDocument,1648,2403.14
o5p1-single,RegisterDocument,1649,2403.19
o5p1-single,RegisterDocument,1650,2403.27
o5p1-single,RegisterDocument,1651,2403.31
o5p1-single,RegisterDocument,1652,2403.38
o5p1-single,RegisterDocument,1653,2403.43
o5p1-single,RegisterDocument,1654,2403.92
o5p1-single,RegisterDocument,1655,2403.95
o5p1-single,RegisterDocument,1656,2404.19
o5p1-single,RegisterDocument,1657,2404.20
o5p1-single,RegisterDocument,1658,2404.26
o5p1-single,RegisterDocument,1659,2404.40
o5p1-single,RegisterDocument,1660,2404.42
o5p1-single,RegisterDocument,1661,2404.79
o5p1-single,RegisterDocument,1662,2404.80
o5p1-single,RegisterDocument,1663,2405.08
o5p1-single,RegisterDocument,1664,2405.32
o5p1-single,RegisterDocument,1665,2405.45
o5p1-single,RegisterDocument,1666,2405.49
o5p1-single,RegisterDocument,1667,2405.54
o5p1-single,RegisterDocument,1668,2405.55
o5p1-single,RegisterDocument,1669,2405.55
o5p1-single,RegisterDocument,1670,2405.77
o5p1-single,RegisterDocument,1671,2405.78
o5p1-single,RegisterDocument,1672,2405.78
o5p1-single,RegisterDocument,1673,2405.80
o5p1-single,RegisterDocument,1674,2406.14
o5p1-single,RegisterDocument,1675,2406.23
o5p1-single,RegisterDocument,1676,2406.46
o5p1-single,RegisterDocument,1677,2406.71
o5p1-single,RegisterDocument,1678,2406.72
o5p1-single,RegisterDocument,1679,2406.72
o5p1-single,RegisterDocument,1680,2406.78
o5p1-single,RegisterDocument,1681,2406.78
o5p1-single,RegisterDocument,1682,2406.81
o5p1-single,RegisterDocument,1683,2406.93
o5p1-single,RegisterDocument,1684,2407.01
o5p1-single,RegisterDocument,1685,2407.27
o5p1-single,RegisterDocument,1686,2407.35
o5p1-single,RegisterDocument,1687,2407.65
o5p1-single,RegisterDocument,1688,2407.82
o5p1-single,RegisterDocument,1689,2408.25
o5p1-single,RegisterDocument,1690,2408.51
o5p1-single,RegisterDocument,1691,2409.13
o5p1-single,RegisterDocument,1692,2409.18
o5p1-single,RegisterDocument,1693,2409.45
o5p1-single,RegisterDocument,1694,2409.46
o5p1-single,RegisterDocument,1695,2409.54
o5p1-single,RegisterDocument,1696,2409.60
o5p1-single,RegisterDocument,1697,2409.66
o5p1-single,RegisterDocument,1698,2409.71
o5p1-single,RegisterDocument,1699,2409.82
o5p1-single,RegisterDocument,1700,2409.97
o5p1-single,RegisterDocument,1701,2409.98
o5p1-single,RegisterDocument,1702,2410.01
o5p1-single,RegisterDocument,1703,2410.11
o5p1-single,RegisterDocument,1704,2410.23
o5p1-single,RegisterDocument,1705,2410.57
o5p1-single,RegisterDocument,1706,2410.59
o5p1-single,RegisterDocument,1707,2410.70
o5p1-single,RegisterDocument,1708,2410.86
o5p1-single,RegisterDocument,1709,2410.87
o5p1-single,RegisterDocument,1710,2410.94
o5p1-single,RegisterDocument,1711,2411.13
o5p1-single,RegisterDocument,1712,2411.17
o5p1-single,RegisterDocument,1713,2411.20
o5p1-single,RegisterDocument,1714,2411.48
o5p1-single,RegisterDocument,1715,2411.69
o5p1-single,RegisterDocument,1716,2411.78
o5p1-single,RegisterDocument,1717,2411.78
o5p1-single,RegisterDocument,1718,2412.37
o5p1-single,RegisterDocument,1719,2412.38
o5p1-single,RegisterDocument,1720,2412.39
o5p1-single,RegisterDocument,1721,2412.75
o5p1-single,RegisterDocument,1722,2412.82
o5p1-single,RegisterDocument,1723,2412.95
o5p1-single,RegisterDocument,1724,2412.95
o5p1-single,RegisterDocument,1725,2413.15
o5p1-single,RegisterDocument,1726,2413.28
o5p1-single,RegisterDocument,1727,2413.43
o5p1-single,RegisterDocument,1728,2413.52
o5p1-single,RegisterDocument,1729,2413.68
o5p1-single,RegisterDocument,1730,2413.72
o5p1-single,RegisterDocument,1731,2413.81
o5p1-single,RegisterDocument,1732,2413.85
o5p1-single,RegisterDocument,1733,2413.95
o5p1-single,RegisterDocument,1734,2414.25
o5p1-single,RegisterDocument,1735,2414.37
o5p1-single,RegisterDocument,1736,2414.47
o5p1-single,RegisterDocument,1737,2414.51
o5p1-single,RegisterDocument,1738,2414.52
o5p1-single,RegisterDocument,1739,2414.59
o5p1-single,RegisterDocument,1740,2414.61
o5p1-single,RegisterDocument,1741,2415.16
o5p1-single,RegisterDocument,1742,2415.24
o5p1-single,RegisterDocument,1743,2415.41
o5p1-single,RegisterDocument,1744,2415.44
o5p1-single,RegisterDocument,1745,2415.47
o5p1-single,RegisterDocument,1746,2415.79
o5p1-single,RegisterDocument,1747,2416.27
o5p1-single,RegisterDocument,1748,2416.36
o5p1-single,RegisterDocument,1749,2416.64
o5p1-single,RegisterDocument,1750,2416.80
o5p1-single,RegisterDocument,1751,2416.95
o5p1-single,RegisterDocument,1752,2417.42
o5p1-single,RegisterDocument,1753,2417.70
o5p1-single,RegisterDocument,1754,2417.89
o5p1-single,RegisterDocument,1755,2418.12
o5p1-single,RegisterDocument,1756,2418.17
o5p1-single,RegisterDocument,1757,2418.45
o5p1-single,RegisterDocument,1758,2418.49
o5p1-single,RegisterDocument,1759,2419.53
o5p1-single,RegisterDocument,1760,2419.58
o5p1-single,RegisterDocument,1761,2419.84
o5p1-single,RegisterDocument,1762,2419.98
o5p1-single,RegisterDocument,1763,2420.11
o5p1-single,RegisterDocument,1764,2420.55
o5p1-single,RegisterDocument,1765,2420.79
o5p1-single,RegisterDocument,1766,2420.84
o5p1-single,RegisterDocument,1767,2420.88
o5p1-single,RegisterDocument,1768,2421.10
o5p1-single,RegisterDocument,1769,2421.17
o5p1-single,RegisterDocument,1770,2421.19
o5p1-single,RegisterDocument,1771,2421.24
o5p1-single,RegisterDocument,1772,2421.31
o5p1-single,RegisterDocument,1773,2421.32
o5p1-single,RegisterDocument,1774,2421.56
o5p1-single,RegisterDocument,1775,2421.73
o5p1-single,RegisterDocument,1776,2421.83
o5p1-single,RegisterDocument,1777,2421.96
o5p1-single,RegisterDocument,1778,2422.02
o5p1-single,RegisterDocument,1779,2422.69
o5p1-single,RegisterDocument,1780,2422.77
o5p1-single,RegisterDocument,1781,2422.93
o5p1-single,RegisterDocument,1782,2422.99
o5p1-single,RegisterDocument,1783,2423.09
o5p1-single,RegisterDocument,1784,2423.32
o5p1-single,RegisterDocument,1785,2423.37
o5p1-single,RegisterDocument,1786,2423.38
o5p1-single,RegisterDocument,1787,2423.43
o5p1-single,RegisterDocument,1788,2423.63
o5p1-single,RegisterDocument,1789,2424.45
o5p1-single,RegisterDocument,1790,2424.64
o5p1-single,RegisterDocument,1791,2424.74
o5p1-single,RegisterDocument,1792,2424.79
o5p1-single,RegisterDocument,1793,2424.94
o5p1-single,RegisterDocument,1794,2425.01
o5p1-single,RegisterDocument,1795,2425.03
o5p1-single,RegisterDocument,1796,2425.18
o5p1-single,RegisterDocument,1797,2425.41
o5p1-single,RegisterDocument,1798,2425.59
o5p1-single,RegisterDocument,1799,2425.70
o5p1-single,RegisterDocument,1800,2426.33
o5p1-single,RegisterDocument,1801,2426.36
o5p1-single,RegisterDocument,1802,2426.44
o5p1-single,RegisterDocument,1803,2426.60
o5p1-single,RegisterDocument,1804,2426.91
o5p1-single,RegisterDocument,1805,2426.99
o5p1-single,RegisterDocument,1806,2427.08
o5p1-single,RegisterDocument,1807,2427.23
o5p1-single,RegisterDocument,1808,2427.35
o5p1-single,RegisterDocument,1809,2427.38
o5p1-single,RegisterDocument,1810,2427.44
o5p1-single,RegisterDocument,1811,2427.61
o5p1-single,RegisterDocument,1812,2427.79
o5p1-single,RegisterDocument,1813,2428.05
o5p1-single,RegisterDocument,1814,2428.63
o5p1-single,RegisterDocument,1815,2429.09
o5p1-single,RegisterDocument,1816,2429.39
o5p1-single,RegisterDocument,1817,2429.58
o5p1-single,RegisterDocument,1818,2429.63
o5p1-single,RegisterDocument,1819,2430.21
o5p1-single,RegisterDocument,1820,2430.39
o5p1-single,RegisterDocument,1821,2430.54
o5p1-single,RegisterDocument,1822,2430.63
o5p1-single,RegisterDocument,1823,2430.65
o5p1-single,RegisterDocument,1824,2430.68
o5p1-single,RegisterDocument,1825,2430.80
o5p1-single,RegisterDocument,1826,2430.89
o5p1-single,RegisterDocument,1827,2431.02
o5p1-single,RegisterDocument,1828,2431.25
o5p1-single,RegisterDocument,1829,2431.43
o5p1-single,RegisterDocument,1830,2431.54
o5p1-single,RegisterDocument,1831,2431.60
o5p1-single,RegisterDocument,1832,2432.04
o5p1-single,RegisterDocument,1833,2432.05
o5p1-single,RegisterDocument,1834,2432.14
o5p1-single,RegisterDocument,1835,2432.29
o5p1-single,RegisterDocument,1836,2432.61
o5p1-single,RegisterDocument,1837,2432.94
o5p1-single,RegisterDocument,1838,2433.18
o5p1-single,RegisterDocument,1839,2433.28
o5p1-single,RegisterDocument,1840,2433.73
o5p1-single,RegisterDocument,1841,2433.91
o5p1-single,RegisterDocument,1842,2433.96
o5p1-single,RegisterDocument,1843,2433.97
o5p1-single,RegisterDocument,1844,2434.19
o5p1-single,RegisterDocument,1845,2434.33
o5p1-single,RegisterDocument,1846,2434.80
o5p1-single,RegisterDocument,1847,2434.85
o5p1-single,RegisterDocument,1848,2434.99
o5p1-single,RegisterDocument,1849,2435.01
o5p1-single,RegisterDocument,1850,2435.34
o5p1-single,RegisterDocument,1851,2435.68
o5p1-single,RegisterDocument,1852,2435.74
o5p1-single,RegisterDocument,1853,2435.78
o5p1-single,RegisterDocument,1854,2435.90
o5p1-single,RegisterDocument,1855,2436.38
o5p1-single,RegisterDocument,1856,2436.47
o5p1-single,RegisterDocument,1857,2436.49
o5p1-single,RegisterDocument,1858,2436.56
o5p1-single,RegisterDocument,1859,2436.79
o5p1-single,RegisterDocument,1860,2436.80
o5p1-single,RegisterDocument,1861,2437.27
o5p1-single,RegisterDocument,1862,2438.14
o5p1-single,RegisterDocument,1863,2438.16
o5p1-single,RegisterDocument,1864,2438.53
o5p1-single,RegisterDocument,1865,2438.97
o5p1-single,RegisterDocument,1866,2439.04
o5p1-single,RegisterDocument,1867,2439.04
o5p1-single,RegisterDocument,1868,2439.09
o5p1-single,RegisterDocument,1869,2439.20
o5p1-single,RegisterDocument,1870,2439.85
o5p1-single,RegisterDocument,1871,2439.88
o5p1-single,RegisterDocument,1872,2439.93
o5p1-single,RegisterDocument,1873,2439.99
o5p1-single,RegisterDocument,1874,2440.05
o5p1-single,RegisterDocument,1875,2440.26
o5p1-single,RegisterDocument,1876,2440.49
o5p1-single,RegisterDocument,1877,2441.16
o5p1-single,RegisterDocument,1878,2441.24
o5p1-single,RegisterDocument,1879,2442.09
o5p1-single,RegisterDocument,1880,2442.10
o5p1-single,RegisterDocument,1881,2442.22
o5p1-single,RegisterDocument,1882,2442.28
o5p1-single,RegisterDocument,1883,2442.66
o5p1-single,RegisterDocument,1884,2442.70
o5p1-single,RegisterDocument,1885,2443.18
o5p1-single,RegisterDocument,1886,2443.73
o5p1-single,RegisterDocument,1887,2443.86
o5p1-single,RegisterDocument,1888,2444.04
o5p1-single,RegisterDocument,1889,2444.11
o5p1-single,RegisterDocument,1890,2444.20
o5p1-single,RegisterDocument,1891,2444.29
o5p1-single,RegisterDocument,1892,2444.74
o5p1-single,RegisterDocument,1893,2445.25
o5p1-single,RegisterDocument,1894,2445.36
o5p1-single,RegisterDocument,1895,2445.62
o5p1-single,RegisterDocument,1896,2445.94
o5p1-single,RegisterDocument,1897,2446.06
o5p1-single,RegisterDocument,1898,2446.08
o5p1-single,RegisterDocument,1899,2446.09
o5p1-single,RegisterDocument,1900,2446.25
o5p1-single,RegisterDocument,1901,2446.37
o5p1-single,RegisterDocument,1902,2446.58
o5p1-single,RegisterDocument,1903,2446.63
o5p1-single,RegisterDocument,1904,2446.67
o5p1-single,RegisterDocument,1905,2446.93
o5p1-single,RegisterDocument,1906,2446.95
o5p1-single,RegisterDocument,1907,2447.02
o5p1-single,RegisterDocument,1908,2447.22
o5p1-single,RegisterDocument,1909,2447.34
o5p1-single,RegisterDocument,1910,2448.60
o5p1-single,RegisterDocument,1911,2448.80
o5p1-single,RegisterDocument,1912,2449.07
o5p1-single,RegisterDocument,1913,2449.10
o5p1-single,RegisterDocument,1914,2449.19
o5p1-single,RegisterDocument,1915,2449.30
o5p1-single,RegisterDocument,1916,2449.31
o5p1-single,RegisterDocument,1917,2449.40
o5p1-single,RegisterDocument,1918,2449.48
o5p1-single,RegisterDocument,1919,2449.51
o5p1-single,RegisterDocument,1920,2449.63
o5p1-single,RegisterDocument,1921,2451.33
o5p1-single,RegisterDocument,1922,2452.31
o5p1-single,RegisterDocument,1923,2453.24
o5p1-single,RegisterDocument,1924,2453.66
o5p1-single,RegisterDocument,1925,2453.77
o5p1-single,RegisterDocument,1926,2454.16
o5p1-single,RegisterDocument,1927,2454.40
o5p1-single,RegisterDocument,1928,2454.72
o5p1-single,RegisterDocument,1929,2455.35
o5p1-single,RegisterDocument,1930,2455.39
o5p1-single,RegisterDocument,1931,2456.14
o5p1-single,RegisterDocument,1932,2456.38
o5p1-single,RegisterDocument,1933,2456.69
o5p1-single,RegisterDocument,1934,2456.91
o5p1-single,RegisterDocument,1935,2457.25
o5p1-single,RegisterDocument,1936,2457.63
o5p1-single,RegisterDocument,1937,2458.11
o5p1-single,RegisterDocument,1938,2459.24
o5p1-single,RegisterDocument,1939,2459.84
o5p1-single,RegisterDocument,1940,2460.14
o5p1-single,RegisterDocument,1941,2460.50
o5p1-single,RegisterDocument,1942,2460.80
o5p1-single,RegisterDocument,1943,2461.12
o5p1-single,RegisterDocument,1944,2462.13
o5p1-single,RegisterDocument,1945,2462.30
o5p1-single,RegisterDocument,1946,2464.56
o5p1-single,RegisterDocument,1947,2465.25
o5p1-single,RegisterDocument,1948,2465.70
o5p1-single,RegisterDocument,1949,2465.70
o5p1-single,RegisterDocument,1950,2465.82
o5p1-single,RegisterDocument,1951,2465.87
o5p1-single,RegisterDocument,1952,2466.35
o5p1-single,RegisterDocument,1953,2468.14
o5p1-single,RegisterDocument,1954,2468.67
o5p1-single,RegisterDocument,1955,2468.73
o5p1-single,RegisterDocument,1956,2469.28
o5p1-single,RegisterDocument,1957,2469.30
o5p1-single,RegisterDocument,1958,2470.21
o5p1-single,RegisterDocument,1959,2470.79
o5p1-single,RegisterDocument,1960,2470.82
o5p1-single,RegisterDocument,1961,2470.95
o5p1-single,RegisterDocument,1962,2471.32
o5p1-single,RegisterDocument,1963,2471.40
o5p1-single,RegisterDocument,1964,2471.50
o5p1-single,RegisterDocument,1965,2471.83
o5p1-single,RegisterDocument,1966,2472.27
o5p1-single,RegisterDocument,1967,2473.36
o5p1-single,RegisterDocument,1968,2473.38
o5p1-single,RegisterDocument,1969,2474.91
o5p1-single,RegisterDocument,1970,2476.13
o5p1-single,RegisterDocument,1971,2478.92
o5p1-single,RegisterDocument,1972,2480.11
o5p1-single,RegisterDocument,1973,2480.19
o5p1-single,RegisterDocument,1974,2480.28
o5p1-single,RegisterDocument,1975,2482.49
o5p1-single,RegisterDocument,1976,2482.64
o5p1-single,RegisterDocument,1977,2487.65
o5p1-single,RegisterDocument,1978,2489.78
o5p1-single,RegisterDocument,1979,2489.78
o5p1-single,RegisterDocument,1980,2500.79
o5p1-single,RegisterDocument,1981,2502.55
o5p1-single,RegisterDocument,1982,2504.27
o5p1-single,RegisterDocument,1983,2504.92
o5p1-single,RegisterDocument,1984,2506.26
o5p1-single,RegisterDocument,1985,2507.49
o5p1-single,RegisterDocument,1986,2508.04
o5p1-single,RegisterDocument,1987,2512.26
o5p1-single,RegisterDocument,1988,2513.37
o5p1-single,RegisterDocument,1989,2516.63
o5p1-single,RegisterDocument,1990,2518.61
o5p1-single,RegisterDocument,1991,2519.23
o5p1-single,RegisterDocument,1992,2523.19
o5p1-single,RegisterDocument,1993,2526.30
o5p1-single,RegisterDocument,1994,2528.63
o5p1-single,RegisterDocument,1995,2530.81
o5p1-single,RegisterDocument,1996,2547.88
o5p1-single,RegisterDocument,1997,2559.34
o5p1-single,RegisterDocument,1998,2561.24
o5p1-single,RegisterDocument,1999,2564.37
o5p1-single,CheckAccess,0,7.10
o5p1-single,CheckAccess,1,6.31
o5p1-single,CheckAccess,2,6.50
o5p1-single,CheckAccess,3,5.01
o5p1-single,CheckAccess,4,5.47
o5p1-single,CheckAccess,5,4.81
o5p1-single,CheckAccess,6,4.99
o5p1-single,CheckAccess,7,4.84
o5p1-single,CheckAccess,8,3.79
o5p1-single,CheckAccess,9,5.20
o5p1-single,CheckAccess,10,8.20
o5p1-single,CheckAccess,11,4.70
o5p1-single,CheckAccess,12,4.17
o5p1-single,CheckAccess,13,4.33
o5p1-single,CheckAccess,14,5.44
o5p1-single,CheckAccess,15,4.74
o5p1-single,CheckAccess,16,4.28
o5p1-single,CheckAccess,17,6.15
o5p1-single,CheckAccess,18,6.18
o5p1-single,CheckAccess,19,6.17
o5p1-single,CheckAccess,20,6.12
o5p1-single,CheckAccess,21,3.28
o5p1-single,CheckAccess,22,3.73
o5p1-single,CheckAccess,23,3.77
o5p1-single,CheckAccess,24,6.37
o5p1-single,CheckAccess,25,6.11
o5p1-single,CheckAccess,26,3.77
o5p1-single,CheckAccess,27,6.28
o5p1-single,CheckAccess,28,6.65
o5p1-single,CheckAccess,29,6.73
o5p1-single,CheckAccess,30,4.08
o5p1-single,CheckAccess,31,6.34
o5p1-single,CheckAccess,32,6.72
o5p1-single,CheckAccess,33,6.77
o5p1-single,CheckAccess,34,4.25
o5p1-single,CheckAccess,35,5.12
o5p1-single,CheckAccess,36,3.87
o5p1-single,CheckAccess,37,5.64
o5p1-single,CheckAccess,38,4.33
o5p1-single,CheckAccess,39,6.69
o5p1-single,CheckAccess,40,6.02
o5p1-single,CheckAccess,41,4.10
o5p1-single,CheckAccess,42,4.02
o5p1-single,CheckAccess,43,6.00
o5p1-single,CheckAccess,44,5.27
o5p1-single,CheckAccess,45,3.94
o5p1-single,CheckAccess,46,5.83
o5p1-single,CheckAccess,47,4.01
o5p1-single,CheckAccess,48,3.83
o5p1-single,CheckAccess,49,6.26
o5p1-single,CheckAccess,50,5.24
o5p1-single,CheckAccess,51,3.98
o5p1-single,CheckAccess,52,4.63
o5p1-single,CheckAccess,53,6.25
o5p1-single,CheckAccess,54,4.89
o5p1-single,CheckAccess,55,4.80
o5p1-single,CheckAccess,56,4.31
o5p1-single,CheckAccess,57,3.12
o5p1-single,CheckAccess,58,3.60
o5p1-single,CheckAccess,59,5.12
o5p1-single,CheckAccess,60,3.31
o5p1-single,CheckAccess,61,3.41
o5p1-single,CheckAccess,62,6.16
o5p1-single,CheckAccess,63,5.73
o5p1-single,CheckAccess,64,4.60
o5p1-single,CheckAccess,65,6.17
o5p1-single,CheckAccess,66,5.03
o5p1-single,CheckAccess,67,4.03
o5p1-single,CheckAccess,68,6.24
o5p1-single,CheckAccess,69,6.36
o5p1-single,CheckAccess,70,4.64
o5p1-single,CheckAccess,71,6.76
o5p1-single,CheckAccess,72,3.96
o5p1-single,CheckAccess,73,4.22
o5p1-single,CheckAccess,74,5.83
o5p1-single,CheckAccess,75,7.02
o5p1-single,CheckAccess,76,4.69
o5p1-single,CheckAccess,77,5.66
o5p1-single,CheckAccess,78,4.74
o5p1-single,CheckAccess,79,3.56
o5p1-single,CheckAccess,80,5.73
o5p1-single,CheckAccess,81,3.96
o5p1-single,CheckAccess,82,5.77
o5p1-single,CheckAccess,83,5.21
o5p1-single,CheckAccess,84,5.67
o5p1-single,CheckAccess,85,2.93
o5p1-single,CheckAccess,86,3.68
o5p1-single,CheckAccess,87,6.45
o5p1-single,CheckAccess,88,6.35
o5p1-single,CheckAccess,89,3.73
o5p1-single,CheckAccess,90,6.45
o5p1-single,CheckAccess,91,6.14
o5p1-single,CheckAccess,92,4.95
o5p1-single,CheckAccess,93,4.32
o5p1-single,CheckAccess,94,5.06
o5p1-single,CheckAccess,95,4.18
o5p1-single,CheckAccess,96,6.70
o5p1-single,CheckAccess,97,6.15
o5p1-single,CheckAccess,98,3.71
o5p1-single,CheckAccess,99,5.24
o5p1-majority,RegisterDocument,0,2350.03
o5p1-majority,RegisterDocument,1,2354.21
o5p1-majority,RegisterDocument,2,2354.83
o5p1-majority,RegisterDocument,3,2360.58
o5p1-majority,RegisterDocument,4,2363.84
o5p1-majority,RegisterDocument,5,2365.08
o5p1-majority,RegisterDocument,6,2366.86
o5p1-majority,RegisterDocument,7,2368.47
o5p1-majority,RegisterDocument,8,2369.83
o5p1-majority,RegisterDocument,9,2370.49
o5p1-majority,RegisterDocument,10,2371.34
o5p1-majority,RegisterDocument,11,2371.58
o5p1-majority,RegisterDocument,12,2373.30
o5p1-majority,RegisterDocument,13,2374.58
o5p1-majority,RegisterDocument,14,2375.18
o5p1-majority,RegisterDocument,15,2375.72
o5p1-majority,RegisterDocument,16,2377.00
o5p1-majority,RegisterDocument,17,2378.13
o5p1-majority,RegisterDocument,18,2379.52
o5p1-majority,RegisterDocument,19,2380.21
o5p1-majority,RegisterDocument,20,2381.02
o5p1-majority,RegisterDocument,21,2381.47
o5p1-majority,RegisterDocument,22,2381.72
o5p1-majority,RegisterDocument,23,2381.95
o5p1-majority,RegisterDocument,24,2382.26
o5p1-majority,RegisterDocument,25,2382.30
o5p1-majority,RegisterDocument,26,2382.83
o5p1-majority,RegisterDocument,27,2382.89
o5p1-majority,RegisterDocument,28,2383.03
o5p1-majority,RegisterDocument,29,2383.24
o5p1-majority,RegisterDocument,30,2383.52
o5p1-majority,RegisterDocument,31,2383.75
o5p1-majority,RegisterDocument,32,2384.20
o5p1-majority,RegisterDocument,33,2384.81
o5p1-majority,RegisterDocument,34,2387.09
o5p1-majority,RegisterDocument,35,2387.17
o5p1-majority,RegisterDocument,36,2387.39
o5p1-majority,RegisterDocument,37,2387.44
o5p1-majority,RegisterDocument,38,2387.78
o5p1-majority,RegisterDocument,39,2388.56
o5p1-majority,RegisterDocument,40,2389.38
o5p1-majority,RegisterDocument,41,2389.48
o5p1-majority,RegisterDocument,42,2389.87
o5p1-majority,RegisterDocument,43,2390.10
o5p1-majority,RegisterDocument,44,2391.25
o5p1-majority,RegisterDocument,45,2391.28
o5p1-majority,RegisterDocument,46,2391.33
o5p1-majority,RegisterDocument,47,2391.60
o5p1-majority,RegisterDocument,48,2391.85
o5p1-majority,RegisterDocument,49,2392.39
o5p1-majority,RegisterDocument,50,2393.56
o5p1-majority,RegisterDocument,51,2393.88
o5p1-majority,RegisterDocument,52,2394.37
o5p1-majority,RegisterDocument,53,2394.67
o5p1-majority,RegisterDocument,54,2394.68
o5p1-majority,RegisterDocument,55,2394.85
o5p1-majority,RegisterDocument,56,2394.94
o5p1-majority,RegisterDocument,57,2395.57
o5p1-majority,RegisterDocument,58,2395.91
o5p1-majority,RegisterDocument,59,2396.41
o5p1-majority,RegisterDocument,60,2396.56
o5p1-majority,RegisterDocument,61,2396.67
o5p1-majority,RegisterDocument,62,2396.73
o5p1-majority,RegisterDocument,63,2396.81
o5p1-majority,RegisterDocument,64,2396.92
o5p1-majority,RegisterDocument,65,2397.19
o5p1-majority,RegisterDocument,66,2397.26
o5p1-majority,RegisterDocument,67,2397.66
o5p1-majority,RegisterDocument,68,2397.89
o5p1-majority,RegisterDocument,69,2397.94
o5p1-majority,RegisterDocument,70,2398.00
o5p1-majority,RegisterDocument,71,2398.69
o5p1-majority,RegisterDocument,72,2399.60
o5p1-majority,RegisterDocument,73,2399.70
o5p1-majority,RegisterDocument,74,2400.07
o5p1-majority,RegisterDocument,75,2401.08
o5p1-majority,RegisterDocument,76,2401.10
o5p1-majority,RegisterDocument,77,2401.15
o5p1-majority,RegisterDocument,78,2401.55
o5p1-majority,RegisterDocument,79,2401.95
o5p1-majority,RegisterDocument,80,2402.16
o5p1-majority,RegisterDocument,81,2402.46
o5p1-majority,RegisterDocument,82,2402.49
o5p1-majority,RegisterDocument,83,2402.67
o5p1-majority,RegisterDocument,84,2402.71
o5p1-majority,RegisterDocument,85,2402.75
o5p1-majority,RegisterDocument,86,2402.75
o5p1-majority,RegisterDocument,87,2402.78
o5p1-majority,RegisterDocument,88,2403.00
o5p1-majority,RegisterDocument,89,2403.43
o5p1-majority,RegisterDocument,90,2403.61
o5p1-majority,RegisterDocument,91,2403.88
o5p1-majority,RegisterDocument,92,2404.33
o5p1-majority,RegisterDocument,93,2404.35
o5p1-majority,RegisterDocument,94,2404.58
o5p1-majority,RegisterDocument,95,2404.68
o5p1-majority,RegisterDocument,96,2404.69
o5p1-majority,RegisterDocument,97,2404.73
o5p1-majority,RegisterDocument,98,2404.82
o5p1-majority,RegisterDocument,99,2404.88
o5p1-majority,RegisterDocument,100,2404.98
o5p1-majority,RegisterDocument,101,2405.94
o5p1-majority,RegisterDocument,102,2406.00
o5p1-majority,RegisterDocument,103,2406.35
o5p1-majority,RegisterDocument,104,2406.61
o5p1-majority,RegisterDocument,105,2406.71
o5p1-majority,RegisterDocument,106,2406.72
o5p1-majority,RegisterDocument,107,2406.73
o5p1-majority,RegisterDocument,108,2406.91
o5p1-majority,RegisterDocument,109,2407.06
o5p1-majority,RegisterDocument,110,2408.19
o5p1-majority,RegisterDocument,111,2408.20
o5p1-majority,RegisterDocument,112,2408.25
o5p1-majority,RegisterDocument,113,2408.42
o5p1-majority,RegisterDocument,114,2408.69
o5p1-majority,RegisterDocument,115,2408.77
o5p1-majority,RegisterDocument,116,2408.96
o5p1-majority,RegisterDocument,117,2409.29
o5p1-majority,RegisterDocument,118,2409.80
o5p1-majority,RegisterDocument,119,2409.83
o5p1-majority,RegisterDocument,120,2410.01
o5p1-majority,RegisterDocument,121,2410.06
o5p1-majority,RegisterDocument,122,2410.38
o5p1-majority,RegisterDocument,123,2410.62
o5p1-majority,RegisterDocument,124,2410.70
o5p1-majority,RegisterDocument,125,2410.76
o5p1-majority,RegisterDocument,126,2411.03
o5p1-majority,RegisterDocument,127,2411.05
o5p1-majority,RegisterDocument,128,2411.26
o5p1-majority,RegisterDocument,129,2411.29
o5p1-majority,RegisterDocument,130,2411.34
o5p1-majority,RegisterDocument,131,2411.45
o5p1-majority,RegisterDocument,132,2411.67
o5p1-majority,RegisterDocument,133,2411.78
o5p1-majority,RegisterDocument,134,2411.79
o5p1-majority,RegisterDocument,135,2412.01
o5p1-majority,RegisterDocument,136,2412.11
o5p1-majority,RegisterDocument,137,2412.12
o5p1-majority,RegisterDocument,138,2412.15
o5p1-majority,RegisterDocument,139,2412.29
o5p1-majority,RegisterDocument,140,2412.36
o5p1-majority,RegisterDocument,141,2412.42
o5p1-majority,RegisterDocument,142,2412.67
o5p1-majority,RegisterDocument,143,2413.31
o5p1-majority,RegisterDocument,144,2413.32
o5p1-majority,RegisterDocument,145,2413.35
o5p1-majority,RegisterDocument,146,2413.38
o5p1-majority,RegisterDocument,147,2413.48
o5p1-majority,RegisterDocument,148,2413.52
o5p1-majority,RegisterDocument,149,2413.62
o5p1-majority,RegisterDocument,150,2413.71
o5p1-majority,RegisterDocument,151,2413.87
o5p1-majority,RegisterDocument,152,2413.94
o5p1-majority,RegisterDocument,153,2414.04
o5p1-majority,RegisterDocument,154,2414.13
o5p1-majority,RegisterDocument,155,2414.21
o5p1-majority,RegisterDocument,156,2414.32
o5p1-majority,RegisterDocument,157,2414.44
o5p1-majority,RegisterDocument,158,2414.60
o5p1-majority,RegisterDocument,159,2414.71
o5p1-majority,RegisterDocument,160,2414.79
o5p1-majority,RegisterDocument,161,2414.82
o5p1-majority,RegisterDocument,162,2415.00
o5p1-majority,RegisterDocument,163,2415.11
o5p1-majority,RegisterDocument,164,2415.14
o5p1-majority,RegisterDocument,165,2415.33
o5p1-majority,RegisterDocument,166,2415.50
o5p1-majority,RegisterDocument,167,2415.58
o5p1-majority,RegisterDocument,168,2415.66
o5p1-majority,RegisterDocument,169,2415.95
o5p1-majority,RegisterDocument,170,2416.00
o5p1-majority,RegisterDocument,171,2416.56
o5p1-majority,RegisterDocument,172,2416.64
o5p1-majority,RegisterDocument,173,2416.68
o5p1-majority,RegisterDocument,174,2416.74
o5p1-majority,RegisterDocument,175,2416.75
o5p1-majority,RegisterDocument,176,2416.95
o5p1-majority,RegisterDocument,177,2417.09
o5p1-majority,RegisterDocument,178,2417.18
o5p1-majority,RegisterDocument,179,2417.69
o5p1-majority,RegisterDocument,180,2417.72
o5p1-majority,RegisterDocument,181,2417.78
o5p1-majority,RegisterDocument,182,2417.96
o5p1-majority,RegisterDocument,183,2418.03
o5p1-majority,RegisterDocument,184,2418.11
o5p1-majority,RegisterDocument,185,2418.12
o5p1-majority,RegisterDocument,186,2418.12
o5p1-majority,RegisterDocument,187,2418.31
o5p1-majority,RegisterDocument,188,2418.34
o5p1-majority,RegisterDocument,189,2418.40
o5p1-majority,RegisterDocument,190,2418.50
o5p1-majority,RegisterDocument,191,2418.50
o5p1-majority,RegisterDocument,192,2418.52
o5p1-majority,RegisterDocument,193,2419.17
o5p1-majority,RegisterDocument,194,2419.18
o5p1-majority,RegisterDocument,195,2419.77
o5p1-majority,RegisterDocument,196,2419.99
o5p1-majority,RegisterDocument,197,2420.15
o5p1-majority,RegisterDocument,198,2420.58
o5p1-majority,RegisterDocument,199,2421.14
o5p1-majority,RegisterDocument,200,2421.15
o5p1-majority,RegisterDocument,201,2421.23
o5p1-majority,RegisterDocument,202,2421.31
o5p1-majority,RegisterDocument,203,2421.46
o5p1-majority,RegisterDocument,204,2421.85
o5p1-majority,RegisterDocument,205,2421.92
o5p1-majority,RegisterDocument,206,2421.92
o5p1-majority,RegisterDocument,207,2422.10
o5p1-majority,RegisterDocument,208,2422.21
o5p1-majority,RegisterDocument,209,2422.21
o5p1-majority,RegisterDocument,210,2422.47
o5p1-majority,RegisterDocument,211,2422.55
o5p1-majority,RegisterDocument,212,2422.60
o5p1-majority,RegisterDocument,213,2422.63
o5p1-majority,RegisterDocument,214,2422.73
o5p1-majority,RegisterDocument,215,2422.74
o5p1-majority,RegisterDocument,216,2422.97
o5p1-majority,RegisterDocument,217,2423.18
o5p1-majority,RegisterDocument,218,2423.29
o5p1-majority,RegisterDocument,219,2423.56
o5p1-majority,RegisterDocument,220,2423.60
o5p1-majority,RegisterDocument,221,2423.96
o5p1-majority,RegisterDocument,222,2424.11
o5p1-majority,RegisterDocument,223,2424.25
o5p1-majority,RegisterDocument,224,2424.31
o5p1-majority,RegisterDocument,225,2424.32
o5p1-majority,RegisterDocument,226,2424.45
o5p1-majority,RegisterDocument,227,2424.52
o5p1-majority,RegisterDocument,228,2424.81
o5p1-majority,RegisterDocument,229,2424.85
o5p1-majority,RegisterDocument,230,2425.05
o5p1-majority,RegisterDocument,231,2425.23
o5p1-majority,RegisterDocument,232,2425.25
o5p1-majority,RegisterDocument,233,2425.29
o5p1-majority,RegisterDocument,234,2425.43
o5p1-majority,RegisterDocument,235,2425.56
o5p1-majority,RegisterDocument,236,2425.58
o5p1-majority,RegisterDocument,237,2425.65
o5p1-majority,RegisterDocument,238,2425.70
o5p1-majority,RegisterDocument,239,2425.74
o5p1-majority,RegisterDocument,240,2425.91
o5p1-majority,RegisterDocument,241,2425.96
o5p1-majority,RegisterDocument,242,2426.27
o5p1-majority,RegisterDocument,243,2426.32
o5p1-majority,RegisterDocument,244,2426.41
o5p1-majority,RegisterDocument,245,2426.52
o5p1-majority,RegisterDocument,246,2426.77
o5p1-majority,RegisterDocument,247,2426.86
o5p1-majority,RegisterDocument,248,2426.97
o5p1-majority,RegisterDocument,249,2427.33
o5p1-majority,RegisterDocument,250,2427.38
o5p1-majority,RegisterDocument,251,2427.39
o5p1-majority,RegisterDocument,252,2427.51
o5p1-majority,RegisterDocument,253,2427.66
o5p1-majority,RegisterDocument,254,2427.67
o5p1-majority,RegisterDocument,255,2427.78
o5p1-majority,RegisterDocument,256,2428.02
o5p1-majority,RegisterDocument,257,2428.05
o5p1-majority,RegisterDocument,258,2428.07
o5p1-majority,RegisterDocument,259,2428.09
o5p1-majority,RegisterDocument,260,2428.11
o5p1-majority,RegisterDocument,261,2428.14
o5p1-majority,RegisterDocument,262,2428.33
o5p1-majority,RegisterDocument,263,2428.49
o5p1-majority,RegisterDocument,264,2428.52
o5p1-majority,RegisterDocument,265,2428.70
o5p1-majority,RegisterDocument,266,2428.92
o5p1-majority,RegisterDocument,267,2429.19
o5p1-majority,RegisterDocument,268,2429.25
o5p1-majority,RegisterDocument,269,2429.43
o5p1-majority,RegisterDocument,270,2429.46
o5p1-majority,RegisterDocument,271,2429.87
o5p1-majority,RegisterDocument,272,2430.02
o5p1-majority,RegisterDocument,273,2430.13
o5p1-majority,RegisterDocument,274,2430.20
o5p1-majority,RegisterDocument,275,2430.61
o5p1-majority,RegisterDocument,276,2430.91
o5p1-majority,RegisterDocument,277,2431.03
o5p1-majority,RegisterDocument,278,2431.04
o5p1-majority,RegisterDocument,279,2431.28
o5p1-majority,RegisterDocument,280,2431.32
o5p1-majority,RegisterDocument,281,2431.33
o5p1-majority,RegisterDocument,282,2431.37
o5p1-majority,RegisterDocument,283,2431.48
o5p1-majority,RegisterDocument,284,2431.54
o5p1-majority,RegisterDocument,285,2431.58
o5p1-majority,RegisterDocument,286,2431.65
o5p1-majority,RegisterDocument,287,2431.85
o5p1-majority,RegisterDocument,288,2431.96
o5p1-majority,RegisterDocument,289,2431.99
o5p1-majority,RegisterDocument,290,2432.39
o5p1-majority,RegisterDocument,291,2432.47
o5p1-majority,RegisterDocument,292,2432.50
o5p1-majority,RegisterDocument,293,2432.58
o5p1-majority,RegisterDocument,294,2432.66
o5p1-majority,RegisterDocument,295,2432.68
o5p1-majority,RegisterDocument,296,2432.76
o5p1-majority,RegisterDocument,297,2432.98
o5p1-majority,RegisterDocument,298,2433.15
o5p1-majority,RegisterDocument,299,2433.21
o5p1-majority,RegisterDocument,300,2433.28
o5p1-majority,RegisterDocument,301,2433.38
o5p1-majority,RegisterDocument,302,2433.39
o5p1-majority,RegisterDocument,303,2433.40
o5p1-majority,RegisterDocument,304,2433.44
o5p1-majority,RegisterDocument,305,2433.75
o5p1-majority,RegisterDocument,306,2433.82
o5p1-majority,RegisterDocument,307,2433.85
o5p1-majority,RegisterDocument,308,2433.92
o5p1-majority,RegisterDocument,309,2434.02
o5p1-majority,RegisterDocument,310,2434.03
o5p1-majority,RegisterDocument,311,2434.06
o5p1-majority,RegisterDocument,312,2434.06
o5p1-majority,RegisterDocument,313,2434.17
o5p1-majority,RegisterDocument,314,2434.18
o5p1-majority,RegisterDocument,315,2434.37
o5p1-majority,RegisterDocument,316,2434.46
o5p1-majority,RegisterDocument,317,2434.54
o5p1-majority,RegisterDocument,318,2434.55
o5p1-majority,RegisterDocument,319,2434.59
o5p1-majority,RegisterDocument,320,2434.64
o5p1-majority,RegisterDocument,321,2434.76
o5p1-majority,RegisterDocument,322,2434.84
o5p1-majority,RegisterDocument,323,2434.99
o5p1-majority,RegisterDocument,324,2435.04
o5p1-majority,RegisterDocument,325,2435.18
o5p1-majority,RegisterDocument,326,2435.28
o5p1-majority,RegisterDocument,327,2435.29
o5p1-majority,RegisterDocument,328,2435.32
o5p1-majority,RegisterDocument,329,2435.44
o5p1-majority,RegisterDocument,330,2435.55
o5p1-majority,RegisterDocument,331,2435.64
o5p1-majority,RegisterDocument,332,2435.67
o5p1-majority,RegisterDocument,333,2435.74
o5p1-majority,RegisterDocument,334,2436.14
o5p1-majority,RegisterDocument,335,2436.18
o5p1-majority,RegisterDocument,336,2436.39
o5p1-majority,RegisterDocument,337,2436.40
o5p1-majority,RegisterDocument,338,2436.76
o5p1-majority,RegisterDocument,339,2436.90
o5p1-majority,RegisterDocument,340,2436.92
o5p1-majority,RegisterDocument,341,2437.61
o5p1-majority,RegisterDocument,342,2437.61
o5p1-majority,RegisterDocument,343,2437.70
o5p1-majority,RegisterDocument,344,2437.82
o5p1-majority,RegisterDocument,345,2437.94
o5p1-majority,RegisterDocument,346,2437.95
o5p1-majority,RegisterDocument,347,2438.09
o5p1-majority,RegisterDocument,348,2438.13
o5p1-majority,RegisterDocument,349,2438.15
o5p1-majority,RegisterDocument,350,2438.19
o5p1-majority,RegisterDocument,351,2438.20
o5p1-majority,RegisterDocument,352,2438.23
o5p1-majority,RegisterDocument,353,2438.71
o5p1-majority,RegisterDocument,354,2438.80
o5p1-majority,RegisterDocument,355,2438.81
o5p1-majority,RegisterDocument,356,2438.81
o5p1-majority,RegisterDocument,357,2438.99
o5p1-majority,RegisterDocument,358,2439.16
o5p1-majority,RegisterDocument,359,2439.21
o5p1-majority,RegisterDocument,360,2439.22
o5p1-majority,RegisterDocument,361,2439.38
o5p1-majority,RegisterDocument,362,2439.39
o5p1-majority,RegisterDocument,363,2439.41
o5p1-majority,RegisterDocument,364,2439.54
o5p1-majority,RegisterDocument,365,2439.55
o5p1-majority,RegisterDocument,366,2439.59
o5p1-majority,RegisterDocument,367,2439.76
o5p1-majority,RegisterDocument,368,2439.84
o5p1-majority,RegisterDocument,369,2439.90
o5p1-majority,RegisterDocument,370,2440.07
o5p1-majority,RegisterDocument,371,2440.17
o5p1-majority,RegisterDocument,372,2440.19
o5p1-majority,RegisterDocument,373,2440.21
o5p1-majority,RegisterDocument,374,2440.29
o5p1-majority,RegisterDocument,375,2440.34
o5p1-majority,RegisterDocument,376,2440.44
o5p1-majority,RegisterDocument,377,2440.53
o5p1-majority,RegisterDocument,378,2440.56
o5p1-majority,RegisterDocument,379,2440.81
o5p1-majority,RegisterDocument,380,2440.86
o5p1-majority,RegisterDocument,381,2440.94
o5p1-majority,RegisterDocument,382,2440.99
o5p1-majority,RegisterDocument,383,2441.04
o5p1-majority,RegisterDocument,384,2441.04
o5p1-majority,RegisterDocument,385,2441.07
o5p1-majority,RegisterDocument,386,2441.08
o5p1-majority,RegisterDocument,387,2441.42
o5p1-majority,RegisterDocument,388,2441.66
o5p1-majority,RegisterDocument,389,2441.67
o5p1-majority,RegisterDocument,390,2441.80
o5p1-majority,RegisterDocument,391,2441.87
o5p1-majority,RegisterDocument,392,2441.88
o5p1-majority,RegisterDocument,393,2441.95
o5p1-majority,RegisterDocument,394,2441.96
o5p1-majority,RegisterDocument,395,2441.98
o5p1-majority,RegisterDocument,396,2442.01
o5p1-majority,RegisterDocument,397,2442.08
o5p1-majority,RegisterDocument,398,2442.09
o5p1-majority,RegisterDocument,399,2442.11
o5p1-majority,RegisterDocument,400,2442.25
o5p1-majority,RegisterDocument,401,2442.26
o5p1-majority,RegisterDocument,402,2442.27
o5p1-majority,RegisterDocument,403,2442.62
o5p1-majority,RegisterDocument,404,2442.66
o5p1-majority,RegisterDocument,405,2442.72
o5p1-majority,RegisterDocument,406,2442.81
o5p1-majority,RegisterDocument,407,2442.84
o5p1-majority,RegisterDocument,408,2442.85
o5p1-majority,RegisterDocument,409,2442.90
o5p1-majority,RegisterDocument,410,2442.93
o5p1-majority,RegisterDocument,411,2442.93
o5p1-majority,RegisterDocument,412,2443.20
o5p1-majority,RegisterDocument,413,2443.23
o5p1-majority,RegisterDocument,414,2443.26
o5p1-majority,RegisterDocument,415,2443.26
o5p1-majority,RegisterDocument,416,2443.68
o5p1-majority,RegisterDocument,417,2443.73
o5p1-majority,RegisterDocument,418,2443.80
o5p1-majority,RegisterDocument,419,2443.81
o5p1-majority,RegisterDocument,420,2443.81
o5p1-majority,RegisterDocument,421,2443.84
o5p1-majority,RegisterDocument,422,2443.92
o5p1-majority,RegisterDocument,423,2443.94
o5p1-majority,RegisterDocument,424,2443.96
o5p1-majority,RegisterDocument,425,2443.99
o5p1-majority,RegisterDocument,426,2444.02
o5p1-majority,RegisterDocument,427,2444.05
o5p1-majority,RegisterDocument,428,2444.09
o5p1-majority,RegisterDocument,429,2444.14
o5p1-majority,RegisterDocument,430,2444.21
o5p1-majority,RegisterDocument,431,2444.33
o5p1-majority,RegisterDocument,432,2444.36
o5p1-majority,RegisterDocument,433,2444.39
o5p1-majority,RegisterDocument,434,2444.40
o5p1-majority,RegisterDocument,435,2444.41
o5p1-majority,RegisterDocument,436,2444.46
o5p1-majority,RegisterDocument,437,2444.56
o5p1-majority,RegisterDocument,438,2444.75
o5p1-majority,RegisterDocument,439,2444.83
o5p1-majority,RegisterDocument,440,2444.87
o5p1-majority,RegisterDocument,441,2444.88
o5p1-majority,RegisterDocument,442,2444.89
o5p1-majority,RegisterDocument,443,2444.90
o5p1-majority,RegisterDocument,444,2444.90
o5p1-majority,RegisterDocument,445,2444.91
o5p1-majority,RegisterDocument,446,2444.95
o5p1-majority,RegisterDocument,447,2445.22
o5p1-majority,RegisterDocument,448,2445.35
o5p1-majority,RegisterDocument,449,2445.36
o5p1-majority,RegisterDocument,450,2445.37
o5p1-majority,RegisterDocument,451,2445.44
o5p1-majority,RegisterDocument,452,2445.46
o5p1-majority,RegisterDocument,453,2445.55
o5p1-majority,RegisterDocument,454,2445.55
o5p1-majority,RegisterDocument,455,2445.61
o5p1-majority,RegisterDocument,456,2445.65
o5p1-majority,RegisterDocument,457,2445.71
o5p1-majority,RegisterDocument,458,2445.73
o5p1-majority,RegisterDocument,459,2445.98
o5p1-majority,RegisterDocument,460,2446.01
o5p1-majority,RegisterDocument,461,2446.12
o5p1-majority,RegisterDocument,462,2446.13
o5p1-majority,RegisterDocument,463,2446.24
o5p1-majority,RegisterDocument,464,2446.29
o5p1-majority,RegisterDocument,465,2446.49
o5p1-majority,RegisterDocument,466,2446.56
o5p1-majority,RegisterDocument,467,2446.66
o5p1-majority,RegisterDocument,468,2446.79
o5p1-majority,RegisterDocument,469,2446.95
o5p1-majority,RegisterDocument,470,2446.99
o5p1-majority,RegisterDocument,471,2447.00
o5p1-majority,RegisterDocument,472,2447.05
o5p1-majority,RegisterDocument,473,2447.09
o5p1-majority,RegisterDocument,474,2447.21
o5p1-majority,RegisterDocument,475,2447.23
o5p1-majority,RegisterDocument,476,2447.31
o5p1-majority,RegisterDocument,477,2447.53
o5p1-majority,RegisterDocument,478,2447.53
o5p1-majority,RegisterDocument,479,2447.54
o5p1-majority,RegisterDocument,480,2447.54
o5p1-majority,RegisterDocument,481,2447.54
o5p1-majority,RegisterDocument,482,2447.68
o5p1-majority,RegisterDocument,483,2447.73
o5p1-majority,RegisterDocument,484,2447.79
o5p1-majority,RegisterDocument,485,2447.90
o5p1-majority,RegisterDocument,486,2448.17
o5p1-majority,RegisterDocument,487,2448.27
o5p1-majority,RegisterDocument,488,2448.28
o5p1-majority,RegisterDocument,489,2448.29
o5p1-majority,RegisterDocument,490,2448.33
o5p1-majority,RegisterDocument,491,2448.59
o5p1-majority,RegisterDocument,492,2448.59
o5p1-majority,RegisterDocument,493,2448.61
o5p1-majority,RegisterDocument,494,2448.67
o5p1-majority,RegisterDocument,495,2448.75
o5p1-majority,RegisterDocument,496,2448.83
o5p1-majority,RegisterDocument,497,2448.86
o5p1-majority,RegisterDocument,498,2448.95
o5p1-majority,RegisterDocument,499,2448.95
o5p1-majority,RegisterDocument,500,2448.95
o5p1-majority,RegisterDocument,501,2449.08
o5p1-majority,RegisterDocument,502,2449.09
o5p1-majority,RegisterDocument,503,2449.15
o5p1-majority,RegisterDocument,504,2449.16
o5p1-majority,RegisterDocument,505,2449.17
o5p1-majority,RegisterDocument,506,2449.18
o5p1-majority,RegisterDocument,507,2449.66
o5p1-majority,RegisterDocument,508,2449.72
o5p1-majority,RegisterDocument,509,2449.79
o5p1-majority,RegisterDocument,510,2449.81
o5p1-majority,RegisterDocument,511,2449.83
o5p1-majority,RegisterDocument,512,2449.94
o5p1-majority,RegisterDocument,513,2450.16
o5p1-majority,RegisterDocument,514,2450.18
o5p1-majority,RegisterDocument,515,2450.23
o5p1-majority,RegisterDocument,516,2450.35
o5p1-majority,RegisterDocument,517,2450.42
o5p1-majority,RegisterDocument,518,2450.55
o5p1-majority,RegisterDocument,519,2450.65
o5p1-majority,RegisterDocument,520,2450.87
o5p1-majority,RegisterDocument,521,2451.04
o5p1-majority,RegisterDocument,522,2451.08
o5p1-majority,RegisterDocument,523,2451.10
o5p1-majority,RegisterDocument,524,2451.19
o5p1-majority,RegisterDocument,525,2451.40
o5p1-majority,RegisterDocument,526,2451.44
o5p1-majority,RegisterDocument,527,2451.58
o5p1-majority,RegisterDocument,528,2451.61
o5p1-majority,RegisterDocument,529,2451.67
o5p1-majority,RegisterDocument,530,2451.67
o5p1-majority,RegisterDocument,531,2451.71
o5p1-majority,RegisterDocument,532,2451.73
o5p1-majority,RegisterDocument,533,2451.73
o5p1-majority,RegisterDocument,534,2451.86
o5p1-majority,RegisterDocument,535,2451.98
o5p1-majority,RegisterDocument,536,2452.02
o5p1-majority,RegisterDocument,537,2452.02
o5p1-majority,RegisterDocument,538,2452.08
o5p1-majority,RegisterDocument,539,2452.17
o5p1-majority,RegisterDocument,540,2452.24
o5p1-majority,RegisterDocument,541,2452.29
o5p1-majority,RegisterDocument,542,2452.42
o5p1-majority,RegisterDocument,543,2452.49
o5p1-majority,RegisterDocument,544,2452.53
o5p1-majority,RegisterDocument,545,2452.69
o5p1-majority,RegisterDocument,546,2452.76
o5p1-majority,RegisterDocument,547,2452.92
o5p1-majority,RegisterDocument,548,2453.03
o5p1-majority,RegisterDocument,549,2453.03
o5p1-majority,RegisterDocument,550,2453.15
o5p1-majority,RegisterDocument,551,2453.16
o5p1-majority,RegisterDocument,552,2453.17
o5p1-majority,RegisterDocument,553,2453.21
o5p1-majority,RegisterDocument,554,2453.23
o5p1-majority,RegisterDocument,555,2453.39
o5p1-majority,RegisterDocument,556,2453.45
o5p1-majority,RegisterDocument,557,2453.56
o5p1-majority,RegisterDocument,558,2453.64
o5p1-majority,RegisterDocument,559,2453.65
o5p1-majority,RegisterDocument,560,2453.78
o5p1-majority,RegisterDocument,561,2453.86
o5p1-majority,RegisterDocument,562,2453.86
o5p1-majority,RegisterDocument,563,2453.88
o5p1-majority,RegisterDocument,564,2453.90
o5p1-majority,RegisterDocument,565,2453.97
o5p1-majority,RegisterDocument,566,2454.00
o5p1-majority,RegisterDocument,567,2454.22
o5p1-majority,RegisterDocument,568,2454.43
o5p1-majority,RegisterDocument,569,2454.71
o5p1-majority,RegisterDocument,570,2454.80
o5p1-majority,RegisterDocument,571,2454.90
o5p1-majority,RegisterDocument,572,2454.95
o5p1-majority,RegisterDocument,573,2454.96
o5p1-majority,RegisterDocument,574,2455.01
o5p1-majority,RegisterDocument,575,2455.01
o5p1-majority,RegisterDocument,576,2455.04
o5p1-majority,RegisterDocument,577,2455.07
o5p1-majority,RegisterDocument,578,2455.15
o5p1-majority,RegisterDocument,579,2455.24
o5p1-majority,RegisterDocument,580,2455.55
o5p1-majority,RegisterDocument,581,2455.82
o5p1-majority,RegisterDocument,582,2455.88
o5p1-majority,RegisterDocument,583,2455.92
o5p1-majority,RegisterDocument,584,2456.11
o5p1-majority,RegisterDocument,585,2456.12
o5p1-majority,RegisterDocument,586,2456.24
o5p1-majority,RegisterDocument,587,2456.35
o5p1-majority,RegisterDocument,588,2456.40
o5p1-majority,RegisterDocument,589,2456.50
o5p1-majority,RegisterDocument,590,2456.53
o5p1-majority,RegisterDocument,591,2456.59
o5p1-majority,RegisterDocument,592,2456.60
o5p1-majority,RegisterDocument,593,2456.67
o5p1-majority,RegisterDocument,594,2456.68
o5p1-majority,RegisterDocument,595,2456.69
o5p1-majority,RegisterDocument,596,2456.96
o5p1-majority,RegisterDocument,597,2456.98
o5p1-majority,RegisterDocument,598,2457.00
o5p1-majority,RegisterDocument,599,2457.02
o5p1-majority,RegisterDocument,600,2457.10
o5p1-majority,RegisterDocument,601,2457.13
o5p1-majority,RegisterDocument,602,2457.24
o5p1-majority,RegisterDocument,603,2457.26
o5p1-majority,RegisterDocument,604,2457.40
o5p1-majority,RegisterDocument,605,2457.57
o5p1-majority,RegisterDocument,606,2457.59
o5p1-majority,RegisterDocument,607,2457.64
o5p1-majority,RegisterDocument,608,2457.64
o5p1-majority,RegisterDocument,609,2457.72
o5p1-majority,RegisterDocument,610,2457.91
o5p1-majority,RegisterDocument,611,2457.93
o5p1-majority,RegisterDocument,612,2457.96
o5p1-majority,RegisterDocument,613,2457.97
o5p1-majority,RegisterDocument,614,2458.08
o5p1-majority,RegisterDocument,615,2458.11
o5p1-majority,RegisterDocument,616,2458.22
o5p1-majority,RegisterDocument,617,2458.29
o5p1-majority,RegisterDocument,618,2458.30
o5p1-majority,RegisterDocument,619,2458.33
o5p1-majority,RegisterDocument,620,2458.33
o5p1-majority,RegisterDocument,621,2458.38
o5p1-majority,RegisterDocument,622,2458.42
o5p1-majority,RegisterDocument,623,2458.45
o5p1-majority,RegisterDocument,624,2458.65
o5p1-majority,RegisterDocument,625,2458.70
o5p1-majority,RegisterDocument,626,2458.72
o5p1-majority,RegisterDocument,627,2458.78
o5p1-majority,RegisterDocument,628,2458.80
o5p1-majority,RegisterDocument,629,2458.82
o5p1-majority,RegisterDocument,630,2458.87
o5p1-majority,RegisterDocument,631,2458.94
o5p1-majority,RegisterDocument,632,2458.97
o5p1-majority,RegisterDocument,633,2459.00
o5p1-majority,RegisterDocument,634,2459.14
o5p1-majority,RegisterDocument,635,2459.15
o5p1-majority,RegisterDocument,636,2459.18
o5p1-majority,RegisterDocument,637,2459.21
o5p1-majority,RegisterDocument,638,2459.23
o5p1-majority,RegisterDocument,639,2459.25
o5p1-majority,RegisterDocument,640,2459.27
o5p1-majority,RegisterDocument,641,2459.33
o5p1-majority,RegisterDocument,642,2459.34
o5p1-majority,RegisterDocument,643,2459.43
o5p1-majority,RegisterDocument,644,2459.47
o5p1-majority,RegisterDocument,645,2459.53
o5p1-majority,RegisterDocument,646,2459.59
o5p1-majority,RegisterDocument,647,2459.60
o5p1-majority,RegisterDocument,648,2459.62
o5p1-majority,RegisterDocument,649,2459.74
o5p1-majority,RegisterDocument,650,2459.75
o5p1-majority,RegisterDocument,651,2459.78
o5p1-majority,RegisterDocument,652,2459.92
o5p1-majority,RegisterDocument,653,2459.97
o5p1-majority,RegisterDocument,654,2460.02
o5p1-majority,RegisterDocument,655,2460.07
o5p1-majority,RegisterDocument,656,2460.11
o5p1-majority,RegisterDocument,657,2460.15
o5p1-majority,RegisterDocument,658,2460.16
o5p1-majority,RegisterDocument,659,2460.19
o5p1-majority,RegisterDocument,660,2460.30
o5p1-majority,RegisterDocument,661,2460.40
o5p1-majority,RegisterDocument,662,2460.49
o5p1-majority,RegisterDocument,663,2460.52
o5p1-majority,RegisterDocument,664,2460.60
o5p1-majority,RegisterDocument,665,2460.67
o5p1-majority,RegisterDocument,666,2460.67
o5p1-majority,RegisterDocument,667,2460.70
o5p1-majority,RegisterDocument,668,2460.72
o5p1-majority,RegisterDocument,669,2460.73
o5p1-majority,RegisterDocument,670,2460.85
o5p1-majority,RegisterDocument,671,2460.88
o5p1-majority,RegisterDocument,672,2460.97
o5p1-majority,RegisterDocument,673,2461.06
o5p1-majority,RegisterDocument,674,2461.07
o5p1-majority,RegisterDocument,675,2461.13
o5p1-majority,RegisterDocument,676,2461.20
o5p1-majority,RegisterDocument,677,2461.24
o5p1-majority,RegisterDocument,678,2461.24
o5p1-majority,RegisterDocument,679,2461.37
o5p1-majority,RegisterDocument,680,2461.43
o5p1-majority,RegisterDocument,681,2461.53
o5p1-majority,RegisterDocument,682,2461.58
o5p1-majority,RegisterDocument,683,2461.71
o5p1-majority,RegisterDocument,684,2461.75
o5p1-majority,RegisterDocument,685,2461.81
o5p1-majority,RegisterDocument,686,2461.90
o5p1-majority,RegisterDocument,687,2461.98
o5p1-majority,RegisterDocument,688,2462.06
o5p1-majority,RegisterDocument,689,2462.17
o5p1-majority,RegisterDocument,690,2462.20
o5p1-majority,RegisterDocument,691,2462.25
o5p1-majority,RegisterDocument,692,2462.28
o5p1-majority,RegisterDocument,693,2462.49
o5p1-majority,RegisterDocument,694,2462.52
o5p1-majority,RegisterDocument,695,2462.53
o5p1-majority,RegisterDocument,696,2462.58
o5p1-majority,RegisterDocument,697,2462.71
o5p1-majority,RegisterDocument,698,2462.84
o5p1-majority,RegisterDocument,699,2462.84
o5p1-majority,RegisterDocument,700,2462.91
o5p1-majority,RegisterDocument,701,2463.01
o5p1-majority,RegisterDocument,702,2463.05
o5p1-majority,RegisterDocument,703,2463.31
o5p1-majority,RegisterDocument,704,2463.35
o5p1-majority,RegisterDocument,705,2463.47
o5p1-majority,RegisterDocument,706,2463.56
o5p1-majority,RegisterDocument,707,2463.58
o5p1-majority,RegisterDocument,708,2463.58
o5p1-majority,RegisterDocument,709,2463.58
o5p1-majority,RegisterDocument,710,2463.68
o5p1-majority,RegisterDocument,711,2463.85
o5p1-majority,RegisterDocument,712,2463.89
o5p1-majority,RegisterDocument,713,2463.91
o5p1-majority,RegisterDocument,714,2463.93
o5p1-majority,RegisterDocument,715,2464.01
o5p1-majority,RegisterDocument,716,2464.02
o5p1-majority,RegisterDocument,717,2464.28
o5p1-majority,RegisterDocument,718,2464.43
o5p1-majority,RegisterDocument,719,2464.44
o5p1-majority,RegisterDocument,720,2464.48
o5p1-majority,RegisterDocument,721,2464.53
o5p1-majority,RegisterDocument,722,2464.66
o5p1-majority,RegisterDocument,723,2464.72
o5p1-majority,RegisterDocument,724,2464.89
o5p1-majority,RegisterDocument,725,2464.95
o5p1-majority,RegisterDocument,726,2464.95
o5p1-majority,RegisterDocument,727,2464.95
o5p1-majority,RegisterDocument,728,2465.03
o5p1-majority,RegisterDocument,729,2465.06
o5p1-majority,RegisterDocument,730,2465.08
o5p1-majority,RegisterDocument,731,2465.15
o5p1-majority,RegisterDocument,732,2465.21
o5p1-majority,RegisterDocument,733,2465.35
o5p1-majority,RegisterDocument,734,2465.42
o5p1-majority,RegisterDocument,735,2465.44
o5p1-majority,RegisterDocument,736,2465.44
o5p1-majority,RegisterDocument,737,2465.56
o5p1-majority,RegisterDocument,738,2465.65
o5p1-majority,RegisterDocument,739,2465.70
o5p1-majority,RegisterDocument,740,2465.96
o5p1-majority,RegisterDocument,741,2466.00
o5p1-majority,RegisterDocument,742,2466.02
o5p1-majority,RegisterDocument,743,2466.06
o5p1-majority,RegisterDocument,744,2466.09
o5p1-majority,RegisterDocument,745,2466.20
o5p1-majority,RegisterDocument,746,2466.49
o5p1-majority,RegisterDocument,747,2466.51
o5p1-majority,RegisterDocument,748,2466.59
o5p1-majority,RegisterDocument,749,2466.59
o5p1-majority,RegisterDocument,750,2466.64
o5p1-majority,RegisterDocument,751,2466.67
o5p1-majority,RegisterDocument,752,2466.68
o5p1-majority,RegisterDocument,753,2466.68
o5p1-majority,RegisterDocument,754,2466.71
o5p1-majority,RegisterDocument,755,2466.89
o5p1-majority,RegisterDocument,756,2466.90
o5p1-majority,RegisterDocument,757,2466.96
o5p1-majority,RegisterDocument,758,2466.99
o5p1-majority,RegisterDocument,759,2467.00
o5p1-majority,RegisterDocument,760,2467.12
o5p1-majority,RegisterDocument,761,2467.22
o5p1-majority,RegisterDocument,762,2467.33
o5p1-majority,RegisterDocument,763,2467.37
o5p1-majority,RegisterDocument,764,2467.42
o5p1-majority,RegisterDocument,765,2467.43
o5p1-majority,RegisterDocument,766,2467.62
o5p1-majority,RegisterDocument,767,2467.70
o5p1-majority,RegisterDocument,768,2467.76
o5p1-majority,RegisterDocument,769,2467.77
o5p1-majority,RegisterDocument,770,2467.80
o5p1-majority,RegisterDocument,771,2467.93
o5p1-majority,RegisterDocument,772,2467.95
o5p1-majority,RegisterDocument,773,2467.95
o5p1-majority,RegisterDocument,774,2467.95
o5p1-majority,RegisterDocument,775,2468.15
o5p1-majority,RegisterDocument,776,2468.23
o5p1-majority,RegisterDocument,777,2468.31
o5p1-majority,RegisterDocument,778,2468.32
o5p1-majority,RegisterDocument,779,2468.36
o5p1-majority,RegisterDocument,780,2468.50
o5p1-majority,RegisterDocument,781,2468.54
o5p1-majority,RegisterDocument,782,2468.60
o5p1-majority,RegisterDocument,783,2468.65
o5p1-majority,RegisterDocument,784,2468.65
o5p1-majority,RegisterDocument,785,2468.69
o5p1-majority,RegisterDocument,786,2468.74
o5p1-majority,RegisterDocument,787,2468.76
o5p1-majority,RegisterDocument,788,2468.86
o5p1-majority,RegisterDocument,789,2468.90
o5p1-majority,RegisterDocument,790,2468.94
o5p1-majority,RegisterDocument,791,2468.97
o5p1-majority,RegisterDocument,792,2468.98
o5p1-majority,RegisterDocument,793,2469.00
o5p1-majority,RegisterDocument,794,2469.14
o5p1-majority,RegisterDocument,795,2469.19
o5p1-majority,RegisterDocument,796,2469.22
o5p1-majority,RegisterDocument,797,2469.32
o5p1-majority,RegisterDocument,798,2469.35
o5p1-majority,RegisterDocument,799,2469.40
o5p1-majority,RegisterDocument,800,2469.50
o5p1-majority,RegisterDocument,801,2469.56
o5p1-majority,RegisterDocument,802,2469.62
o5p1-majority,RegisterDocument,803,2469.64
o5p1-majority,RegisterDocument,804,2469.67
o5p1-majority,RegisterDocument,805,2469.69
o5p1-majority,RegisterDocument,806,2469.71
o5p1-majority,RegisterDocument,807,2469.81
o5p1-majority,RegisterDocument,808,2469.83
o5p1-majority,RegisterDocument,809,2469.85
o5p1-majority,RegisterDocument,810,2469.87
o5p1-majority,RegisterDocument,811,2469.96
o5p1-majority,RegisterDocument,812,2470.02
o5p1-majority,RegisterDocument,813,2470.02
o5p1-majority,RegisterDocument,814,2470.10
o5p1-majority,RegisterDocument,815,2470.13
o5p1-majority,RegisterDocument,816,2470.21
o5p1-majority,RegisterDocument,817,2470.24
o5p1-majority,RegisterDocument,818,2470.29
o5p1-majority,RegisterDocument,819,2470.30
o5p1-majority,RegisterDocument,820,2470.49
o5p1-majority,RegisterDocument,821,2470.60
o5p1-majority,RegisterDocument,822,2470.64
o5p1-majority,RegisterDocument,823,2470.86
o5p1-majority,RegisterDocument,824,2470.96
o5p1-majority,RegisterDocument,825,2470.96
o5p1-majority,RegisterDocument,826,2471.00
o5p1-majority,RegisterDocument,827,2471.01
o5p1-majority,RegisterDocument,828,2471.11
o5p1-majority,RegisterDocument,829,2471.18
o5p1-majority,RegisterDocument,830,2471.19
o5p1-majority,RegisterDocument,831,2471.30
o5p1-majority,RegisterDocument,832,2471.31
o5p1-majority,RegisterDocument,833,2471.32
o5p1-majority,RegisterDocument,834,2471.39
o5p1-majority,RegisterDocument,835,2471.39
o5p1-majority,RegisterDocument,836,2471.42
o5p1-majority,RegisterDocument,837,2471.45
o5p1-majority,RegisterDocument,838,2471.50
o5p1-majority,RegisterDocument,839,2471.54
o5p1-majority,RegisterDocument,840,2471.63
o5p1-majority,RegisterDocument,841,2471.65
o5p1-majority,RegisterDocument,842,2471.68
o5p1-majority,RegisterDocument,843,2471.76
o5p1-majority,RegisterDocument,844,2471.84
o5p1-majority,RegisterDocument,845,2471.86
o5p1-majority,RegisterDocument,846,2471.87
o5p1-majority,RegisterDocument,847,2471.88
o5p1-majority,RegisterDocument,848,2471.94
o5p1-majority,RegisterDocument,849,2471.99
o5p1-majority,RegisterDocument,850,2472.01
o5p1-majority,RegisterDocument,851,2472.09
o5p1-majority,RegisterDocument,852,2472.13
o5p1-majority,RegisterDocument,853,2472.16
o5p1-majority,RegisterDocument,854,2472.21
o5p1-majority,RegisterDocument,855,2472.50
o5p1-majority,RegisterDocument,856,2472.53
o5p1-majority,RegisterDocument,857,2472.54
o5p1-majority,RegisterDocument,858,2472.63
o5p1-majority,RegisterDocument,859,2472.71
o5p1-majority,RegisterDocument,860,2472.76
o5p1-majority,RegisterDocument,861,2472.80
o5p1-majority,RegisterDocument,862,2472.95
o5p1-majority,RegisterDocument,863,2473.05
o5p1-majority,RegisterDocument,864,2473.13
o5p1-majority,RegisterDocument,865,2473.15
o5p1-majority,RegisterDocument,866,2473.17
o5p1-majority,RegisterDocument,867,2473.25
o5p1-majority,RegisterDocument,868,2473.27
o5p1-majority,RegisterDocument,869,2473.34
o5p1-majority,RegisterDocument,870,2473.34
o5p1-majority,RegisterDocument,871,2473.41
o5p1-majority,RegisterDocument,872,2473.59
o5p1-majority,RegisterDocument,873,2473.70
o5p1-majority,RegisterDocument,874,2473.73
o5p1-majority,RegisterDocument,875,2473.76
o5p1-majority,RegisterDocument,876,2473.76
o5p1-majority,RegisterDocument,877,2473.76
o5p1-majority,RegisterDocument,878,2473.76
o5p1-majority,RegisterDocument,879,2473.79
o5p1-majority,RegisterDocument,880,2473.80
o5p1-majority,RegisterDocument,881,2473.82
o5p1-majority,RegisterDocument,882,2473.83
o5p1-majority,RegisterDocument,883,2473.96
o5p1-majority,RegisterDocument,884,2473.99
o5p1-majority,RegisterDocument,885,2474.11
o5p1-majority,RegisterDocument,886,2474.19
o5p1-majority,RegisterDocument,887,2474.22
o5p1-majority,RegisterDocument,888,2474.27
o5p1-majority,RegisterDocument,889,2474.28
o5p1-majority,RegisterDocument,890,2474.49
o5p1-majority,RegisterDocument,891,2474.53
o5p1-majority,RegisterDocument,892,2474.54
o5p1-majority,RegisterDocument,893,2474.54
o5p1-majority,RegisterDocument,894,2474.64
o5p1-majority,RegisterDocument,895,2474.65
o5p1-majority,RegisterDocument,896,2474.74
o5p1-majority,RegisterDocument,897,2474.86
o5p1-majority,RegisterDocument,898,2474.89
o5p1-majority,RegisterDocument,899,2474.90
o5p1-majority,RegisterDocument,900,2474.97
o5p1-majority,RegisterDocument,901,2475.13
o5p1-majority,RegisterDocument,902,2475.13
o5p1-majority,RegisterDocument,903,2475.14
o5p1-majority,RegisterDocument,904,2475.15
o5p1-majority,RegisterDocument,905,2475.32
o5p1-majority,RegisterDocument,906,2475.35
o5p1-majority,RegisterDocument,907,2475.56
o5p1-majority,RegisterDocument,908,2475.58
o5p1-majority,RegisterDocument,909,2475.58
o5p1-majority,RegisterDocument,910,2475.64
o5p1-majority,RegisterDocument,911,2475.69
o5p1-majority,RegisterDocument,912,2475.70
o5p1-majority,RegisterDocument,913,2475.77
o5p1-majority,RegisterDocument,914,2475.92
o5p1-majority,RegisterDocument,915,2476.06
o5p1-majority,RegisterDocument,916,2476.07
o5p1-majority,RegisterDocument,917,2476.19
o5p1-majority,RegisterDocument,918,2476.20
o5p1-majority,RegisterDocument,919,2476.22
o5p1-majority,RegisterDocument,920,2476.31
o5p1-majority,RegisterDocument,921,2476.35
o5p1-majority,RegisterDocument,922,2476.39
o5p1-majority,RegisterDocument,923,2476.44
o5p1-majority,RegisterDocument,924,2476.65
o5p1-majority,RegisterDocument,925,2476.67
o5p1-majority,RegisterDocument,926,2476.71
o5p1-majority,RegisterDocument,927,2476.74
o5p1-majority,RegisterDocument,928,2476.80
o5p1-majority,RegisterDocument,929,2476.84
o5p1-majority,RegisterDocument,930,2476.92
o5p1-majority,RegisterDocument,931,2476.92
o5p1-majority,RegisterDocument,932,2477.02
o5p1-majority,RegisterDocument,933,2477.25
o5p1-majority,RegisterDocument,934,2477.27
o5p1-majority,RegisterDocument,935,2477.31
o5p1-majority,RegisterDocument,936,2477.54
o5p1-majority,RegisterDocument,937,2477.55
o5p1-majority,RegisterDocument,938,2477.58
o5p1-majority,RegisterDocument,939,2477.59
o5p1-majority,RegisterDocument,940,2477.63
o5p1-majority,RegisterDocument,941,2477.80
o5p1-majority,RegisterDocument,942,2478.00
o5p1-majority,RegisterDocument,943,2478.10
o5p1-majority,RegisterDocument,944,2478.30
o5p1-majority,RegisterDocument,945,2478.36
o5p1-majority,RegisterDocument,946,2478.60
o5p1-majority,RegisterDocument,947,2478.62
o5p1-majority,RegisterDocument,948,2478.69
o5p1-majority,RegisterDocument,949,2478.80
o5p1-majority,RegisterDocument,950,2478.82
o5p1-majority,RegisterDocument,951,2478.94
o5p1-majority,RegisterDocument,952,2478.99
o5p1-majority,RegisterDocument,953,2479.04
o5p1-majority,RegisterDocument,954,2479.16
o5p1-majority,RegisterDocument,955,2479.34
o5p1-majority,RegisterDocument,956,2479.37
o5p1-majority,RegisterDocument,957,2479.39
o5p1-majority,RegisterDocument,958,2479.49
o5p1-majority,RegisterDocument,959,2479.50
o5p1-majority,RegisterDocument,960,2479.50
o5p1-majority,RegisterDocument,961,2479.64
o5p1-majority,RegisterDocument,962,2479.67
o5p1-majority,RegisterDocument,963,2479.68
o5p1-majority,RegisterDocument,964,2479.68
o5p1-majority,RegisterDocument,965,2479.77
o5p1-majority,RegisterDocument,966,2479.86
o5p1-majority,RegisterDocument,967,2479.92
o5p1-majority,RegisterDocument,968,2479.93
o5p1-majority,RegisterDocument,969,2479.98
o5p1-majority,RegisterDocument,970,2479.99
o5p1-majority,RegisterDocument,971,2480.07
o5p1-majority,RegisterDocument,972,2480.19
o5p1-majority,RegisterDocument,973,2480.25
o5p1-majority,RegisterDocument,974,2480.37
o5p1-majority,RegisterDocument,975,2480.52
o5p1-majority,RegisterDocument,976,2480.59
o5p1-majority,RegisterDocument,977,2480.70
o5p1-majority,RegisterDocument,978,2480.79
o5p1-majority,RegisterDocument,979,2480.82
o5p1-majority,RegisterDocument,980,2480.99
o5p1-majority,RegisterDocument,981,2481.07
o5p1-majority,RegisterDocument,982,2481.20
o5p1-majority,RegisterDocument,983,2481.33
o5p1-majority,RegisterDocument,984,2481.35
o5p1-majority,RegisterDocument,985,2481.38
o5p1-majority,RegisterDocument,986,2481.43
o5p1-majority,RegisterDocument,987,2481.47
o5p1-majority,RegisterDocument,988,2481.49
o5p1-majority,RegisterDocument,989,2481.50
o5p1-majority,RegisterDocument,990,2481.54
o5p1-majority,RegisterDocument,991,2481.55
o5p1-majority,RegisterDocument,992,2481.58
o5p1-majority,RegisterDocument,993,2481.60
o5p1-majority,RegisterDocument,994,2481.63
o5p1-majority,RegisterDocument,995,2481.69
o5p1-majority,RegisterDocument,996,2481.90
o5p1-majority,RegisterDocument,997,2481.90
o5p1-majority,RegisterDocument,998,2481.96
o5p1-majority,RegisterDocument,999,2481.96
o5p1-majority,RegisterDocument,1000,2482.01
o5p1-majority,RegisterDocument,1001,2482.15
o5p1-majority,RegisterDocument,1002,2482.16
o5p1-majority,RegisterDocument,1003,2482.26
o5p1-majority,RegisterDocument,1004,2482.35
o5p1-majority,RegisterDocument,1005,2482.44
o5p1-majority,RegisterDocument,1006,2482.53
o5p1-majority,RegisterDocument,1007,2482.70
o5p1-majority,RegisterDocument,1008,2482.70
o5p1-majority,RegisterDocument,1009,2482.71
o5p1-majority,RegisterDocument,1010,2482.74
o5p1-majority,RegisterDocument,1011,2482.77
o5p1-majority,RegisterDocument,1012,2482.80
o5p1-majority,RegisterDocument,1013,2482.85
o5p1-majority,RegisterDocument,1014,2482.99
o5p1-majority,RegisterDocument,1015,2483.01
o5p1-majority,RegisterDocument,1016,2483.06
o5p1-majority,RegisterDocument,1017,2483.12
o5p1-majority,RegisterDocument,1018,2483.20
o5p1-majority,RegisterDocument,1019,2483.23
o5p1-majority,RegisterDocument,1020,2483.24
o5p1-majority,RegisterDocument,1021,2483.30
o5p1-majority,RegisterDocument,1022,2483.37
o5p1-majority,RegisterDocument,1023,2483.49
o5p1-majority,RegisterDocument,1024,2483.60
o5p1-majority,RegisterDocument,1025,2483.61
o5p1-majority,RegisterDocument,1026,2483.62
o5p1-majority,RegisterDocument,1027,2483.66
o5p1-majority,RegisterDocument,1028,2483.68
o5p1-majority,RegisterDocument,1029,2483.71
o5p1-majority,RegisterDocument,1030,2483.72
o5p1-majority,RegisterDocument,1031,2483.72
o5p1-majority,RegisterDocument,1032,2483.78
o5p1-majority,RegisterDocument,1033,2483.78
o5p1-majority,RegisterDocument,1034,2483.84
o5p1-majority,RegisterDocument,1035,2483.90
o5p1-majority,RegisterDocument,1036,2483.94
o5p1-majority,RegisterDocument,1037,2484.03
o5p1-majority,RegisterDocument,1038,2484.05
o5p1-majority,RegisterDocument,1039,2484.16
o5p1-majority,RegisterDocument,1040,2484.32
o5p1-majority,RegisterDocument,1041,2484.37
o5p1-majority,RegisterDocument,1042,2484.51
o5p1-majority,RegisterDocument,1043,2484.59
o5p1-majority,RegisterDocument,1044,2484.63
o5p1-majority,RegisterDocument,1045,2484.86
o5p1-majority,RegisterDocument,1046,2484.92
o5p1-majority,RegisterDocument,1047,2484.96
o5p1-majority,RegisterDocument,1048,2485.03
o5p1-majority,RegisterDocument,1049,2485.12
o5p1-majority,RegisterDocument,1050,2485.13
o5p1-majority,RegisterDocument,1051,2485.22
o5p1-majority,RegisterDocument,1052,2485.23
o5p1-majority,RegisterDocument,1053,2485.34
o5p1-majority,RegisterDocument,1054,2485.42
o5p1-majority,RegisterDocument,1055,2485.46
o5p1-majority,RegisterDocument,1056,2485.55
o5p1-majority,RegisterDocument,1057,2485.56
o5p1-majority,RegisterDocument,1058,2485.60
o5p1-majority,RegisterDocument,1059,2485.65
o5p1-majority,RegisterDocument,1060,2485.67
o5p1-majority,RegisterDocument,1061,2485.75
o5p1-majority,RegisterDocument,1062,2485.80
o5p1-majority,RegisterDocument,1063,2485.82
o5p1-majority,RegisterDocument,1064,2485.85
o5p1-majority,RegisterDocument,1065,2485.93
o5p1-majority,RegisterDocument,1066,2486.36
o5p1-majority,RegisterDocument,1067,2486.36
o5p1-majority,RegisterDocument,1068,2486.45
o5p1-majority,RegisterDocument,1069,2486.52
o5p1-majority,RegisterDocument,1070,2486.55
o5p1-majority,RegisterDocument,1071,2486.76
o5p1-majority,RegisterDocument,1072,2486.81
o5p1-majority,RegisterDocument,1073,2486.82
o5p1-majority,RegisterDocument,1074,2486.85
o5p1-majority,RegisterDocument,1075,2486.96
o5p1-majority,RegisterDocument,1076,2487.00
o5p1-majority,RegisterDocument,1077,2487.02
o5p1-majority,RegisterDocument,1078,2487.02
o5p1-majority,RegisterDocument,1079,2487.14
o5p1-majority,RegisterDocument,1080,2487.21
o5p1-majority,RegisterDocument,1081,2487.25
o5p1-majority,RegisterDocument,1082,2487.27
o5p1-majority,RegisterDocument,1083,2487.36
o5p1-majority,RegisterDocument,1084,2487.38
o5p1-majority,RegisterDocument,1085,2487.58
o5p1-majority,RegisterDocument,1086,2487.61
o5p1-majority,RegisterDocument,1087,2487.62
o5p1-majority,RegisterDocument,1088,2487.66
o5p1-majority,RegisterDocument,1089,2487.68
o5p1-majority,RegisterDocument,1090,2487.70
o5p1-majority,RegisterDocument,1091,2487.77
o5p1-majority,RegisterDocument,1092,2487.90
o5p1-majority,RegisterDocument,1093,2487.99
o5p1-majority,RegisterDocument,1094,2488.06
o5p1-majority,RegisterDocument,1095,2488.28
o5p1-majority,RegisterDocument,1096,2488.40
o5p1-majority,RegisterDocument,1097,2488.48
o5p1-majority,RegisterDocument,1098,2488.51
o5p1-majority,RegisterDocument,1099,2488.54
o5p1-majority,RegisterDocument,1100,2488.95
o5p1-majority,RegisterDocument,1101,2488.95
o5p1-majority,RegisterDocument,1102,2488.97
o5p1-majority,RegisterDocument,1103,2488.98
o5p1-majority,RegisterDocument,1104,2489.35
o5p1-majority,RegisterDocument,1105,2489.39
o5p1-majority,RegisterDocument,1106,2489.49
o5p1-majority,RegisterDocument,1107,2489.54
o5p1-majority,RegisterDocument,1108,2489.56
o5p1-majority,RegisterDocument,1109,2489.58
o5p1-majority,RegisterDocument,1110,2489.63
o5p1-majority,RegisterDocument,1111,2489.63
o5p1-majority,RegisterDocument,1112,2489.67
o5p1-majority,RegisterDocument,1113,2489.72
o5p1-majority,RegisterDocument,1114,2489.77
o5p1-majority,RegisterDocument,1115,2489.78
o5p1-majority,RegisterDocument,1116,2489.98
o5p1-majority,RegisterDocument,1117,2489.99
o5p1-majority,RegisterDocument,1118,2490.05
o5p1-majority,RegisterDocument,1119,2490.08
o5p1-majority,RegisterDocument,1120,2490.18
o5p1-majority,RegisterDocument,1121,2490.22
o5p1-majority,RegisterDocument,1122,2490.35
o5p1-majority,RegisterDocument,1123,2490.40
o5p1-majority,RegisterDocument,1124,2490.55
o5p1-majority,RegisterDocument,1125,2490.55
o5p1-majority,RegisterDocument,1126,2490.63
o5p1-majority,RegisterDocument,1127,2490.64
o5p1-majority,RegisterDocument,1128,2490.65
o5p1-majority,RegisterDocument,1129,2490.69
o5p1-majority,RegisterDocument,1130,2490.70
o5p1-majority,RegisterDocument,1131,2490.76
o5p1-majority,RegisterDocument,1132,2490.77
o5p1-majority,RegisterDocument,1133,2490.80
o5p1-majority,RegisterDocument,1134,2490.82
o5p1-majority,RegisterDocument,1135,2490.83
o5p1-majority,RegisterDocument,1136,2490.86
o5p1-majority,RegisterDocument,1137,2491.01
o5p1-majority,RegisterDocument,1138,2491.04
o5p1-majority,RegisterDocument,1139,2491.20
o5p1-majority,RegisterDocument,1140,2491.22
o5p1-majority,RegisterDocument,1141,2491.24
o5p1-majority,RegisterDocument,1142,2491.25
o5p1-majority,RegisterDocument,1143,2491.28
o5p1-majority,RegisterDocument,1144,2491.38
o5p1-majority,RegisterDocument,1145,2491.39
o5p1-majority,RegisterDocument,1146,2491.41
o5p1-majority,RegisterDocument,1147,2491.47
o5p1-majority,RegisterDocument,1148,2491.51
o5p1-majority,RegisterDocument,1149,2491.54
o5p1-majority,RegisterDocument,1150,2491.64
o5p1-majority,RegisterDocument,1151,2491.74
o5p1-majority,RegisterDocument,1152,2491.74
o5p1-majority,RegisterDocument,1153,2491.78
o5p1-majority,RegisterDocument,1154,2491.81
o5p1-majority,RegisterDocument,1155,2491.83
o5p1-majority,RegisterDocument,1156,2491.90
o5p1-majority,RegisterDocument,1157,2491.93
o5p1-majority,RegisterDocument,1158,2492.00
o5p1-majority,RegisterDocument,1159,2492.01
o5p1-majority,RegisterDocument,1160,2492.02
o5p1-majority,RegisterDocument,1161,2492.04
o5p1-majority,RegisterDocument,1162,2492.11
o5p1-majority,RegisterDocument,1163,2492.21
o5p1-majority,RegisterDocument,1164,2492.34
o5p1-majority,RegisterDocument,1165,2492.40
o5p1-majority,RegisterDocument,1166,2492.41
o5p1-majority,RegisterDocument,1167,2492.48
o5p1-majority,RegisterDocument,1168,2492.54
o5p1-majority,RegisterDocument,1169,2492.56
o5p1-majority,RegisterDocument,1170,2492.61
o5p1-majority,RegisterDocument,1171,2492.62
o5p1-majority,RegisterDocument,1172,2492.78
o5p1-majority,RegisterDocument,1173,2492.90
o5p1-majority,RegisterDocument,1174,2492.92
o5p1-majority,RegisterDocument,1175,2492.96
o5p1-majority,RegisterDocument,1176,2493.05
o5p1-majority,RegisterDocument,1177,2493.14
o5p1-majority,RegisterDocument,1178,2493.14
o5p1-majority,RegisterDocument,1179,2493.17
o5p1-majority,RegisterDocument,1180,2493.29
o5p1-majority,RegisterDocument,1181,2493.33
o5p1-majority,RegisterDocument,1182,2493.41
o5p1-majority,RegisterDocument,1183,2493.44
o5p1-majority,RegisterDocument,1184,2493.51
o5p1-majority,RegisterDocument,1185,2493.58
o5p1-majority,RegisterDocument,1186,2493.64
o5p1-majority,RegisterDocument,1187,2493.64
o5p1-majority,RegisterDocument,1188,2493.66
o5p1-majority,RegisterDocument,1189,2493.68
o5p1-majority,RegisterDocument,1190,2493.69
o5p1-majority,RegisterDocument,1191,2493.75
o5p1-majority,RegisterDocument,1192,2493.77
o5p1-majority,RegisterDocument,1193,2493.81
o5p1-majority,RegisterDocument,1194,2493.83
o5p1-majority,RegisterDocument,1195,2493.88
o5p1-majority,RegisterDocument,1196,2493.89
o5p1-majority,RegisterDocument,1197,2493.94
o5p1-majority,RegisterDocument,1198,2494.05
o5p1-majority,RegisterDocument,1199,2494.08
o5p1-majority,RegisterDocument,1200,2494.10
o5p1-majority,RegisterDocument,1201,2494.25
o5p1-majority,RegisterDocument,1202,2494.28
o5p1-majority,RegisterDocument,1203,2494.30
o5p1-majority,RegisterDocument,1204,2494.52
o5p1-majority,RegisterDocument,1205,2494.56
o5p1-majority,RegisterDocument,1206,2494.60
o5p1-majority,RegisterDocument,1207,2494.73
o5p1-majority,RegisterDocument,1208,2494.85
o5p1-majority,RegisterDocument,1209,2494.88
o5p1-majority,RegisterDocument,1210,2495.01
o5p1-majority,RegisterDocument,1211,2495.09
o5p1-majority,RegisterDocument,1212,2495.31
o5p1-majority,RegisterDocument,1213,2495.48
o5p1-majority,RegisterDocument,1214,2495.56
o5p1-majority,RegisterDocument,1215,2495.56
o5p1-majority,RegisterDocument,1216,2495.58
o5p1-majority,RegisterDocument,1217,2495.58
o5p1-majority,RegisterDocument,1218,2495.73
o5p1-majority,RegisterDocument,1219,2495.74
o5p1-majority,RegisterDocument,1220,2495.78
o5p1-majority,RegisterDocument,1221,2495.81
o5p1-majority,RegisterDocument,1222,2495.88
o5p1-majority,RegisterDocument,1223,2495.90
o5p1-majority,RegisterDocument,1224,2495.92
o5p1-majority,RegisterDocument,1225,2495.93
o5p1-majority,RegisterDocument,1226,2495.97
o5p1-majority,RegisterDocument,1227,2496.02
o5p1-majority,RegisterDocument,1228,2496.02
o5p1-majority,RegisterDocument,1229,2496.13
o5p1-majority,RegisterDocument,1230,2496.13
o5p1-majority,RegisterDocument,1231,2496.25
o5p1-majority,RegisterDocument,1232,2496.55
o5p1-majority,RegisterDocument,1233,2496.58
o5p1-majority,RegisterDocument,1234,2496.59
o5p1-majority,RegisterDocument,1235,2496.64
o5p1-majority,RegisterDocument,1236,2496.70
o5p1-majority,RegisterDocument,1237,2496.85
o5p1-majority,RegisterDocument,1238,2496.91
o5p1-majority,RegisterDocument,1239,2496.91
o5p1-majority,RegisterDocument,1240,2497.00
o5p1-majority,RegisterDocument,1241,2497.11
o5p1-majority,RegisterDocument,1242,2497.15
o5p1-majority,RegisterDocument,1243,2497.19
o5p1-majority,RegisterDocument,1244,2497.26
o5p1-majority,RegisterDocument,1245,2497.36
o5p1-majority,RegisterDocument,1246,2497.39
o5p1-majority,RegisterDocument,1247,2497.44
o5p1-majority,RegisterDocument,1248,2497.57
o5p1-majority,RegisterDocument,1249,2497.59
o5p1-majority,RegisterDocument,1250,2497.67
o5p1-majority,RegisterDocument,1251,2497.77
o5p1-majority,RegisterDocument,1252,2497.82
o5p1-majority,RegisterDocument,1253,2497.88
o5p1-majority,RegisterDocument,1254,2497.92
o5p1-majority,RegisterDocument,1255,2497.93
o5p1-majority,RegisterDocument,1256,2498.01
o5p1-majority,RegisterDocument,1257,2498.02
o5p1-majority,RegisterDocument,1258,2498.07
o5p1-majority,RegisterDocument,1259,2498.11
o5p1-majority,RegisterDocument,1260,2498.16
o5p1-majority,RegisterDocument,1261,2498.21
o5p1-majority,RegisterDocument,1262,2498.25
o5p1-majority,RegisterDocument,1263,2498.33
o5p1-majority,RegisterDocument,1264,2498.37
o5p1-majority,RegisterDocument,1265,2498.47
o5p1-majority,RegisterDocument,1266,2498.54
o5p1-majority,RegisterDocument,1267,2498.58
o5p1-majority,RegisterDocument,1268,2498.66
o5p1-majority,RegisterDocument,1269,2498.82
o5p1-majority,RegisterDocument,1270,2498.95
o5p1-majority,RegisterDocument,1271,2499.16
o5p1-majority,RegisterDocument,1272,2499.17
o5p1-majority,RegisterDocument,1273,2499.26
o5p1-majority,RegisterDocument,1274,2499.27
o5p1-majority,RegisterDocument,1275,2499.41
o5p1-majority,RegisterDocument,1276,2499.41
o5p1-majority,RegisterDocument,1277,2499.44
o5p1-majority,RegisterDocument,1278,2499.46
o5p1-majority,RegisterDocument,1279,2499.48
o5p1-majority,RegisterDocument,1280,2499.51
o5p1-majority,RegisterDocument,1281,2499.53
o5p1-majority,RegisterDocument,1282,2499.74
o5p1-majority,RegisterDocument,1283,2499.90
o5p1-majority,RegisterDocument,1284,2499.92
o5p1-majority,RegisterDocument,1285,2500.04
o5p1-majority,RegisterDocument,1286,2500.15
o5p1-majority,RegisterDocument,1287,2500.22
o5p1-majority,RegisterDocument,1288,2500.36
o5p1-majority,RegisterDocument,1289,2500.44
o5p1-majority,RegisterDocument,1290,2500.47
o5p1-majority,RegisterDocument,1291,2500.49
o5p1-majority,RegisterDocument,1292,2500.59
o5p1-majority,RegisterDocument,1293,2500.71
o5p1-majority,RegisterDocument,1294,2500.73
o5p1-majority,RegisterDocument,1295,2500.89
o5p1-majority,RegisterDocument,1296,2500.97
o5p1-majority,RegisterDocument,1297,2500.99
o5p1-majority,RegisterDocument,1298,2501.01
o5p1-majority,RegisterDocument,1299,2501.07
o5p1-majority,RegisterDocument,1300,2501.09
o5p1-majority,RegisterDocument,1301,2501.30
o5p1-majority,RegisterDocument,1302,2501.32
o5p1-majority,RegisterDocument,1303,2501.71
o5p1-majority,RegisterDocument,1304,2501.81
o5p1-majority,RegisterDocument,1305,2501.82
o5p1-majority,RegisterDocument,1306,2501.97
o5p1-majority,RegisterDocument,1307,2501.97
o5p1-majority,RegisterDocument,1308,2502.11
o5p1-majority,RegisterDocument,1309,2502.11
o5p1-majority,RegisterDocument,1310,2502.12
o5p1-majority,RegisterDocument,1311,2502.23
o5p1-majority,RegisterDocument,1312,2502.37
o5p1-majority,RegisterDocument,1313,2502.40
o5p1-majority,RegisterDocument,1314,2502.44
o5p1-majority,RegisterDocument,1315,2502.44
o5p1-majority,RegisterDocument,1316,2502.47
o5p1-majority,RegisterDocument,1317,2502.52
o5p1-majority,RegisterDocument,1318,2502.59
o5p1-majority,RegisterDocument,1319,2502.61
o5p1-majority,RegisterDocument,1320,2502.83
o5p1-majority,RegisterDocument,1321,2502.96
o5p1-majority,RegisterDocument,1322,2503.03
o5p1-majority,RegisterDocument,1323,2503.11
o5p1-majority,RegisterDocument,1324,2503.18
o5p1-majority,RegisterDocument,1325,2503.27
o5p1-majority,RegisterDocument,1326,2503.27
o5p1-majority,RegisterDocument,1327,2503.32
o5p1-majority,RegisterDocument,1328,2503.33
o5p1-majority,RegisterDocument,1329,2503.48
o5p1-majority,RegisterDocument,1330,2503.59
o5p1-majority,RegisterDocument,1331,2503.67
o5p1-majority,RegisterDocument,1332,2503.82
o5p1-majority,RegisterDocument,1333,2503.99
o5p1-majority,RegisterDocument,1334,2504.12
o5p1-majority,RegisterDocument,1335,2504.14
o5p1-majority,RegisterDocument,1336,2504.21
o5p1-majority,RegisterDocument,1337,2504.36
o5p1-majority,RegisterDocument,1338,2504.46
o5p1-majority,RegisterDocument,1339,2504.58
o5p1-majority,RegisterDocument,1340,2504.71
o5p1-majority,RegisterDocument,1341,2504.72
o5p1-majority,RegisterDocument,1342,2504.78
o5p1-majority,RegisterDocument,1343,2504.81
o5p1-majority,RegisterDocument,1344,2504.81
o5p1-majority,RegisterDocument,1345,2504.83
o5p1-majority,RegisterDocument,1346,2504.86
o5p1-majority,RegisterDocument,1347,2504.91
o5p1-majority,RegisterDocument,1348,2504.94
o5p1-majority,RegisterDocument,1349,2505.14
o5p1-majority,RegisterDocument,1350,2505.18
o5p1-majority,RegisterDocument,1351,2505.18
o5p1-majority,RegisterDocument,1352,2505.33
o5p1-majority,RegisterDocument,1353,2505.36
o5p1-majority,RegisterDocument,1354,2505.67
o5p1-majority,RegisterDocument,1355,2505.88
o5p1-majority,RegisterDocument,1356,2505.93
o5p1-majority,RegisterDocument,1357,2505.99
o5p1-majority,RegisterDocument,1358,2506.05
o5p1-majority,RegisterDocument,1359,2506.15
o5p1-majority,RegisterDocument,1360,2506.17
o5p1-majority,RegisterDocument,1361,2506.22
o5p1-majority,RegisterDocument,1362,2506.52
o5p1-majority,RegisterDocument,1363,2506.55
o5p1-majority,RegisterDocument,1364,2506.59
o5p1-majority,RegisterDocument,1365,2506.65
o5p1-majority,RegisterDocument,1366,2506.82
o5p1-majority,RegisterDocument,1367,2507.00
o5p1-majority,RegisterDocument,1368,2507.01
o5p1-majority,RegisterDocument,1369,2507.37
o5p1-majority,RegisterDocument,1370,2507.65
o5p1-majority,RegisterDocument,1371,2507.82
o5p1-majority,RegisterDocument,1372,2507.94
o5p1-majority,RegisterDocument,1373,2507.98
o5p1-majority,RegisterDocument,1374,2508.10
o5p1-majority,RegisterDocument,1375,2508.37
o5p1-majority,RegisterDocument,1376,2508.55
o5p1-majority,RegisterDocument,1377,2508.79
o5p1-majority,RegisterDocument,1378,2508.99
o5p1-majority,RegisterDocument,1379,2509.05
o5p1-majority,RegisterDocument,1380,2509.22
o5p1-majority,RegisterDocument,1381,2509.44
o5p1-majority,RegisterDocument,1382,2509.55
o5p1-majority,RegisterDocument,1383,2509.57
o5p1-majority,RegisterDocument,1384,2509.58
o5p1-majority,RegisterDocument,1385,2509.77
o5p1-majority,RegisterDocument,1386,2510.14
o5p1-majority,RegisterDocument,1387,2510.18
o5p1-majority,RegisterDocument,1388,2510.18
o5p1-majority,RegisterDocument,1389,2510.24
o5p1-majority,RegisterDocument,1390,2510.25
o5p1-majority,RegisterDocument,1391,2510.30
o5p1-majority,RegisterDocument,1392,2510.48
o5p1-majority,RegisterDocument,1393,2510.81
o5p1-majority,RegisterDocument,1394,2510.81
o5p1-majority,RegisterDocument,1395,2510.91
o5p1-majority,RegisterDocument,1396,2510.91
o5p1-majority,RegisterDocument,1397,2510.96
o5p1-majority,RegisterDocument,1398,2511.04
o5p1-majority,RegisterDocument,1399,2511.41
o5p1-majority,RegisterDocument,1400,2511.51
o5p1-majority,RegisterDocument,1401,2511.55
o5p1-majority,RegisterDocument,1402,2511.57
o5p1-majority,RegisterDocument,1403,2511.61
o5p1-majority,RegisterDocument,1404,2511.71
o5p1-majority,RegisterDocument,1405,2511.73
o5p1-majority,RegisterDocument,1406,2511.79
o5p1-majority,RegisterDocument,1407,2511.97
o5p1-majority,RegisterDocument,1408,2512.16
o5p1-majority,RegisterDocument,1409,2512.21
o5p1-majority,RegisterDocument,1410,2512.42
o5p1-majority,RegisterDocument,1411,2512.53
o5p1-majority,RegisterDocument,1412,2512.69
o5p1-majority,RegisterDocument,1413,2512.73
o5p1-majority,RegisterDocument,1414,2512.76
o5p1-majority,RegisterDocument,1415,2512.76
o5p1-majority,RegisterDocument,1416,2512.97
o5p1-majority,RegisterDocument,1417,2513.12
o5p1-majority,RegisterDocument,1418,2513.25
o5p1-majority,RegisterDocument,1419,2513.25
o5p1-majority,RegisterDocument,1420,2513.30
o5p1-majority,RegisterDocument,1421,2513.44
o5p1-majority,RegisterDocument,1422,2513.66
o5p1-majority,RegisterDocument,1423,2513.68
o5p1-majority,RegisterDocument,1424,2513.74
o5p1-majority,RegisterDocument,1425,2513.77
o5p1-majority,RegisterDocument,1426,2513.98
o5p1-majority,RegisterDocument,1427,2514.04
o5p1-majority,RegisterDocument,1428,2514.40
o5p1-majority,RegisterDocument,1429,2514.52
o5p1-majority,RegisterDocument,1430,2514.62
o5p1-majority,RegisterDocument,1431,2514.71
o5p1-majority,RegisterDocument,1432,2514.75
o5p1-majority,RegisterDocument,1433,2514.92
o5p1-majority,RegisterDocument,1434,2514.93
o5p1-majority,RegisterDocument,1435,2514.96
o5p1-majority,RegisterDocument,1436,2515.03
o5p1-majority,RegisterDocument,1437,2515.30
o5p1-majority,RegisterDocument,1438,2515.47
o5p1-majority,RegisterDocument,1439,2515.57
o5p1-majority,RegisterDocument,1440,2515.65
o5p1-majority,RegisterDocument,1441,2515.82
o5p1-majority,RegisterDocument,1442,2515.87
o5p1-majority,RegisterDocument,1443,2515.89
o5p1-majority,RegisterDocument,1444,2515.97
o5p1-majority,RegisterDocument,1445,2516.04
o5p1-majority,RegisterDocument,1446,2516.13
o5p1-majority,RegisterDocument,1447,2516.16
o5p1-majority,RegisterDocument,1448,2516.27
o5p1-majority,RegisterDocument,1449,2516.34
o5p1-majority,RegisterDocument,1450,2516.43
o5p1-majority,RegisterDocument,1451,2516.47
o5p1-majority,RegisterDocument,1452,2516.54
o5p1-majority,RegisterDocument,1453,2516.65
o5p1-majority,RegisterDocument,1454,2516.75
o5p1-majority,RegisterDocument,1455,2516.81
o5p1-majority,RegisterDocument,1456,2516.84
o5p1-majority,RegisterDocument,1457,2516.98
o5p1-majority,RegisterDocument,1458,2517.17
o5p1-majority,RegisterDocument,1459,2517.18
o5p1-majority,RegisterDocument,1460,2517.38
o5p1-majority,RegisterDocument,1461,2517.42
o5p1-majority,RegisterDocument,1462,2517.45
o5p1-majority,RegisterDocument,1463,2517.64
o5p1-majority,RegisterDocument,1464,2517.76
o5p1-majority,RegisterDocument,1465,2517.79
o5p1-majority,RegisterDocument,1466,2517.83
o5p1-majority,RegisterDocument,1467,2517.89
o5p1-majority,RegisterDocument,1468,2517.96
o5p1-majority,RegisterDocument,1469,2518.05
o5p1-majority,RegisterDocument,1470,2518.07
o5p1-majority,RegisterDocument,1471,2518.16
o5p1-majority,RegisterDocument,1472,2518.25
o5p1-majority,RegisterDocument,1473,2518.28
o5p1-majority,RegisterDocument,1474,2518.34
o5p1-majority,RegisterDocument,1475,2518.90
o5p1-majority,RegisterDocument,1476,2519.09
o5p1-majority,RegisterDocument,1477,2519.27
o5p1-majority,RegisterDocument,1478,2519.33
o5p1-majority,RegisterDocument,1479,2519.33
o5p1-majority,RegisterDocument,1480,2519.60
o5p1-majority,RegisterDocument,1481,2519.64
o5p1-majority,RegisterDocument,1482,2519.73
o5p1-majority,RegisterDocument,1483,2519.93
o5p1-majority,RegisterDocument,1484,2520.07
o5p1-majority,RegisterDocument,1485,2520.09
o5p1-majority,RegisterDocument,1486,2520.18
o5p1-majority,RegisterDocument,1487,2520.48
o5p1-majority,RegisterDocument,1488,2520.53
o5p1-majority,RegisterDocument,1489,2520.82
o5p1-majority,RegisterDocument,1490,2521.00
o5p1-majority,RegisterDocument,1491,2521.09
o5p1-majority,RegisterDocument,1492,2521.09
o5p1-majority,RegisterDocument,1493,2521.43
o5p1-majority,RegisterDocument,1494,2521.49
o5p1-majority,RegisterDocument,1495,2521.74
o5p1-majority,RegisterDocument,1496,2521.80
o5p1-majority,RegisterDocument,1497,2521.94
o5p1-majority,RegisterDocument,1498,2521.96
o5p1-majority,RegisterDocument,1499,2521.97
o5p1-majority,RegisterDocument,1500,2522.23
o5p1-majority,RegisterDocument,1501,2522.24
o5p1-majority,RegisterDocument,1502,2522.60
o5p1-majority,RegisterDocument,1503,2522.61
o5p1-majority,RegisterDocument,1504,2522.73
o5p1-majority,RegisterDocument,1505,2522.85
o5p1-majority,RegisterDocument,1506,2522.93
o5p1-majority,RegisterDocument,1507,2523.14
o5p1-majority,RegisterDocument,1508,2523.32
o5p1-majority,RegisterDocument,1509,2523.41
o5p1-majority,RegisterDocument,1510,2523.45
o5p1-majority,RegisterDocument,1511,2523.54
o5p1-majority,RegisterDocument,1512,2523.83
o5p1-majority,RegisterDocument,1513,2523.97
o5p1-majority,RegisterDocument,1514,2524.11
o5p1-majority,RegisterDocument,1515,2524.15
o5p1-majority,RegisterDocument,1516,2524.24
o5p1-majority,RegisterDocument,1517,2524.29
o5p1-majority,RegisterDocument,1518,2524.34
o5p1-majority,RegisterDocument,1519,2524.79
o5p1-majority,RegisterDocument,1520,2524.88
o5p1-majority,RegisterDocument,1521,2524.94
o5p1-majority,RegisterDocument,1522,2525.01
o5p1-majority,RegisterDocument,1523,2525.12
o5p1-majority,RegisterDocument,1524,2525.37
o5p1-majority,RegisterDocument,1525,2525.48
o5p1-majority,RegisterDocument,1526,2525.87
o5p1-majority,RegisterDocument,1527,2526.44
o5p1-majority,RegisterDocument,1528,2526.50
o5p1-majority,RegisterDocument,1529,2526.66
o5p1-majority,RegisterDocument,1530,2526.71
o5p1-majority,RegisterDocument,1531,2526.91
o5p1-majority,RegisterDocument,1532,2526.93
o5p1-majority,RegisterDocument,1533,2527.15
o5p1-majority,RegisterDocument,1534,2527.26
o5p1-majority,RegisterDocument,1535,2527.47
o5p1-majority,RegisterDocument,1536,2527.55
o5p1-majority,RegisterDocument,1537,2527.79
o5p1-majority,RegisterDocument,1538,2527.79
o5p1-majority,RegisterDocument,1539,2527.91
o5p1-majority,RegisterDocument,1540,2527.95
o5p1-majority,RegisterDocument,1541,2528.18
o5p1-majority,RegisterDocument,1542,2528.22
o5p1-majority,RegisterDocument,1543,2528.24
o5p1-majority,RegisterDocument,1544,2528.32
o5p1-majority,RegisterDocument,1545,2528.39
o5p1-majority,RegisterDocument,1546,2528.69
o5p1-majority,RegisterDocument,1547,2528.93
o5p1-majority,RegisterDocument,1548,2529.13
o5p1-majority,RegisterDocument,1549,2529.25
o5p1-majority,RegisterDocument,1550,2529.34
o5p1-majority,RegisterDocument,1551,2529.40
o5p1-majority,RegisterDocument,1552,2529.40
o5p1-majority,RegisterDocument,1553,2530.34
o5p1-majority,RegisterDocument,1554,2530.42
o5p1-majority,RegisterDocument,1555,2530.61
o5p1-majority,RegisterDocument,1556,2530.74
o5p1-majority,RegisterDocument,1557,2530.82
o5p1-majority,RegisterDocument,1558,2530.87
o5p1-majority,RegisterDocument,1559,2530.87
o5p1-majority,RegisterDocument,1560,2530.91
o5p1-majority,RegisterDocument,1561,2530.96
o5p1-majority,RegisterDocument,1562,2531.01
o5p1-majority,RegisterDocument,1563,2531.08
o5p1-majority,RegisterDocument,1564,2531.21
o5p1-majority,RegisterDocument,1565,2531.35
o5p1-majority,RegisterDocument,1566,2531.44
o5p1-majority,RegisterDocument,1567,2531.46
o5p1-majority,RegisterDocument,1568,2531.76
o5p1-majority,RegisterDocument,1569,2531.87
o5p1-majority,RegisterDocument,1570,2531.93
o5p1-majority,RegisterDocument,1571,2531.93
o5p1-majority,RegisterDocument,1572,2531.94
o5p1-majority,RegisterDocument,1573,2531.94
o5p1-majority,RegisterDocument,1574,2532.21
o5p1-majority,RegisterDocument,1575,2532.71
o5p1-majority,RegisterDocument,1576,2532.81
o5p1-majority,RegisterDocument,1577,2532.92
o5p1-majority,RegisterDocument,1578,2533.08
o5p1-majority,RegisterDocument,1579,2533.08
o5p1-majority,RegisterDocument,1580,2533.23
o5p1-majority,RegisterDocument,1581,2533.27
o5p1-majority,RegisterDocument,1582,2533.53
o5p1-majority,RegisterDocument,1583,2533.62
o5p1-majority,RegisterDocument,1584,2533.63
o5p1-majority,RegisterDocument,1585,2533.99
o5p1-majority,RegisterDocument,1586,2534.02
o5p1-majority,RegisterDocument,1587,2534.20
o5p1-majority,RegisterDocument,1588,2534.27
o5p1-majority,RegisterDocument,1589,2534.41
o5p1-majority,RegisterDocument,1590,2534.53
o5p1-majority,RegisterDocument,1591,2534.58
o5p1-majority,RegisterDocument,1592,2534.69
o5p1-majority,RegisterDocument,1593,2534.94
o5p1-majority,RegisterDocument,1594,2535.07
o5p1-majority,RegisterDocument,1595,2535.49
o5p1-majority,RegisterDocument,1596,2535.58
o5p1-majority,RegisterDocument,1597,2535.58
o5p1-majority,RegisterDocument,1598,2535.88
o5p1-majority,RegisterDocument,1599,2535.98
o5p1-majority,RegisterDocument,1600,2536.03
o5p1-majority,RegisterDocument,1601,2536.24
o5p1-majority,RegisterDocument,1602,2536.26
o5p1-majority,RegisterDocument,1603,2536.43
o5p1-majority,RegisterDocument,1604,2536.49
o5p1-majority,RegisterDocument,1605,2536.56
o5p1-majority,RegisterDocument,1606,2536.64
o5p1-majority,RegisterDocument,1607,2536.89
o5p1-majority,RegisterDocument,1608,2537.03
o5p1-majority,RegisterDocument,1609,2537.15
o5p1-majority,RegisterDocument,1610,2537.19
o5p1-majority,RegisterDocument,1611,2537.30
o5p1-majority,RegisterDocument,1612,2537.39
o5p1-majority,RegisterDocument,1613,2537.68
o5p1-majority,RegisterDocument,1614,2537.72
o5p1-majority,RegisterDocument,1615,2537.74
o5p1-majority,RegisterDocument,1616,2537.86
o5p1-majority,RegisterDocument,1617,2537.94
o5p1-majority,RegisterDocument,1618,2537.97
o5p1-majority,RegisterDocument,1619,2538.03
o5p1-majority,RegisterDocument,1620,2538.09
o5p1-majority,RegisterDocument,1621,2538.23
o5p1-majority,RegisterDocument,1622,2538.52
o5p1-majority,RegisterDocument,1623,2538.75
o5p1-majority,RegisterDocument,1624,2539.00
o5p1-majority,RegisterDocument,1625,2539.20
o5p1-majority,RegisterDocument,1626,2539.25
o5p1-majority,RegisterDocument,1627,2539.37
o5p1-majority,RegisterDocument,1628,2539.67
o5p1-majority,RegisterDocument,1629,2539.76
o5p1-majority,RegisterDocument,1630,2539.92
o5p1-majority,RegisterDocument,1631,2540.03
o5p1-majority,RegisterDocument,1632,2540.15
o5p1-majority,RegisterDocument,1633,2540.76
o5p1-majority,RegisterDocument,1634,2540.81
o5p1-majority,RegisterDocument,1635,2541.13
o5p1-majority,RegisterDocument,1636,2541.36
o5p1-majority,RegisterDocument,1637,2541.39
o5p1-majority,RegisterDocument,1638,2541.39
o5p1-majority,RegisterDocument,1639,2541.49
o5p1-majority,RegisterDocument,1640,2541.53
o5p1-majority,RegisterDocument,1641,2541.89
o5p1-majority,RegisterDocument,1642,2541.90
o5p1-majority,RegisterDocument,1643,2541.91
o5p1-majority,RegisterDocument,1644,2542.09
o5p1-majority,RegisterDocument,1645,2542.47
o5p1-majority,RegisterDocument,1646,2542.63
o5p1-majority,RegisterDocument,1647,2542.66
o5p1-majority,RegisterDocument,1648,2542.73
o5p1-majority,RegisterDocument,1649,2543.04
o5p1-majority,RegisterDocument,1650,2543.11
o5p1-majority,RegisterDocument,1651,2543.23
o5p1-majority,RegisterDocument,1652,2543.73
o5p1-majority,RegisterDocument,1653,2543.81
o5p1-majority,RegisterDocument,1654,2543.83
o5p1-majority,RegisterDocument,1655,2544.07
o5p1-majority,RegisterDocument,1656,2544.35
o5p1-majority,RegisterDocument,1657,2544.59
o5p1-majority,RegisterDocument,1658,2544.70
o5p1-majority,RegisterDocument,1659,2544.73
o5p1-majority,RegisterDocument,1660,2544.92
o5p1-majority,RegisterDocument,1661,2545.57
o5p1-majority,RegisterDocument,1662,2545.65
o5p1-majority,RegisterDocument,1663,2545.79
o5p1-majority,RegisterDocument,1664,2545.79
o5p1-majority,RegisterDocument,1665,2545.98
o5p1-majority,RegisterDocument,1666,2546.10
o5p1-majority,RegisterDocument,1667,2546.11
o5p1-majority,RegisterDocument,1668,2546.12
o5p1-majority,RegisterDocument,1669,2546.18
o5p1-majority,RegisterDocument,1670,2546.45
o5p1-majority,RegisterDocument,1671,2546.60
o5p1-majority,RegisterDocument,1672,2546.76
o5p1-majority,RegisterDocument,1673,2546.79
o5p1-majority,RegisterDocument,1674,2546.84
o5p1-majority,RegisterDocument,1675,2547.03
o5p1-majority,RegisterDocument,1676,2547.19
o5p1-majority,RegisterDocument,1677,2547.59
o5p1-majority,RegisterDocument,1678,2547.75
o5p1-majority,RegisterDocument,1679,2548.01
o5p1-majority,RegisterDocument,1680,2548.31
o5p1-majority,RegisterDocument,1681,2548.54
o5p1-majority,RegisterDocument,1682,2548.55
o5p1-majority,RegisterDocument,1683,2548.61
o5p1-majority,RegisterDocument,1684,2548.64
o5p1-majority,RegisterDocument,1685,2549.00
o5p1-majority,RegisterDocument,1686,2549.02
o5p1-majority,RegisterDocument,1687,2549.16
o5p1-majority,RegisterDocument,1688,2549.23
o5p1-majority,RegisterDocument,1689,2549.29
o5p1-majority,RegisterDocument,1690,2549.30
o5p1-majority,RegisterDocument,1691,2549.36
o5p1-majority,RegisterDocument,1692,2549.95
o5p1-majority,RegisterDocument,1693,2550.17
o5p1-majority,RegisterDocument,1694,2550.24
o5p1-majority,RegisterDocument,1695,2550.36
o5p1-majority,RegisterDocument,1696,2551.01
o5p1-majority,RegisterDocument,1697,2551.22
o5p1-majority,RegisterDocument,1698,2551.40
o5p1-majority,RegisterDocument,1699,2551.46
o5p1-majority,RegisterDocument,1700,2551.51
o5p1-majority,RegisterDocument,1701,2551.57
o5p1-majority,RegisterDocument,1702,2551.85
o5p1-majority,RegisterDocument,1703,2551.93
o5p1-majority,RegisterDocument,1704,2552.06
o5p1-majority,RegisterDocument,1705,2552.12
o5p1-majority,RegisterDocument,1706,2552.17
o5p1-majority,RegisterDocument,1707,2553.27
o5p1-majority,RegisterDocument,1708,2553.39
o5p1-majority,RegisterDocument,1709,2553.56
o5p1-majority,RegisterDocument,1710,2553.87
o5p1-majority,RegisterDocument,1711,2554.51
o5p1-majority,RegisterDocument,1712,2554.51
o5p1-majority,RegisterDocument,1713,2554.56
o5p1-majority,RegisterDocument,1714,2554.66
o5p1-majority,RegisterDocument,1715,2554.98
o5p1-majority,RegisterDocument,1716,2555.12
o5p1-majority,RegisterDocument,1717,2555.20
o5p1-majority,RegisterDocument,1718,2555.60
o5p1-majority,RegisterDocument,1719,2555.68
o5p1-majority,RegisterDocument,1720,2555.77
o5p1-majority,RegisterDocument,1721,2555.99
o5p1-majority,RegisterDocument,1722,2556.47
o5p1-majority,RegisterDocument,1723,2556.57
o5p1-majority,RegisterDocument,1724,2556.79
o5p1-majority,RegisterDocument,1725,2556.82
o5p1-majority,RegisterDocument,1726,2556.89
o5p1-majority,RegisterDocument,1727,2557.32
o5p1-majority,RegisterDocument,1728,2557.37
o5p1-majority,RegisterDocument,1729,2557.45
o5p1-majority,RegisterDocument,1730,2557.61
o5p1-majority,RegisterDocument,1731,2557.74
o5p1-majority,RegisterDocument,1732,2557.82
o5p1-majority,RegisterDocument,1733,2557.95
o5p1-majority,RegisterDocument,1734,2558.00
o5p1-majority,RegisterDocument,1735,2558.17
o5p1-majority,RegisterDocument,1736,2558.48
o5p1-majority,RegisterDocument,1737,2558.93
o5p1-majority,RegisterDocument,1738,2559.50
o5p1-majority,RegisterDocument,1739,2560.06
o5p1-majority,RegisterDocument,1740,2561.04
o5p1-majority,RegisterDocument,1741,2561.14
o5p1-majority,RegisterDocument,1742,2561.43
o5p1-majority,RegisterDocument,1743,2561.48
o5p1-majority,RegisterDocument,1744,2561.87
o5p1-majority,RegisterDocument,1745,2562.12
o5p1-majority,RegisterDocument,1746,2562.15
o5p1-majority,RegisterDocument,1747,2562.21
o5p1-majority,RegisterDocument,1748,2562.61
o5p1-majority,RegisterDocument,1749,2562.78
o5p1-majority,RegisterDocument,1750,2562.86
o5p1-majority,RegisterDocument,1751,2562.91
o5p1-majority,RegisterDocument,1752,2563.12
o5p1-majority,RegisterDocument,1753,2563.19
o5p1-majority,RegisterDocument,1754,2563.61
o5p1-majority,RegisterDocument,1755,2563.85
o5p1-majority,RegisterDocument,1756,2564.10
o5p1-majority,RegisterDocument,1757,2564.48
o5p1-majority,RegisterDocument,1758,2564.96
o5p1-majority,RegisterDocument,1759,2565.13
o5p1-majority,RegisterDocument,1760,2565.25
o5p1-majority,RegisterDocument,1761,2565.27
o5p1-majority,RegisterDocument,1762,2565.55
o5p1-majority,RegisterDocument,1763,2565.93
o5p1-majority,RegisterDocument,1764,2565.98
o5p1-majority,RegisterDocument,1765,2566.26
o5p1-majority,RegisterDocument,1766,2566.69
o5p1-majority,RegisterDocument,1767,2567.96
o5p1-majority,RegisterDocument,1768,2567.99
o5p1-majority,RegisterDocument,1769,2568.35
o5p1-majority,RegisterDocument,1770,2568.45
o5p1-majority,RegisterDocument,1771,2568.57
o5p1-majority,RegisterDocument,1772,2568.74
o5p1-majority,RegisterDocument,1773,2568.78
o5p1-majority,RegisterDocument,1774,2569.32
o5p1-majority,RegisterDocument,1775,2569.39
o5p1-majority,RegisterDocument,1776,2569.51
o5p1-majority,RegisterDocument,1777,2569.68
o5p1-majority,RegisterDocument,1778,2570.09
o5p1-majority,RegisterDocument,1779,2571.01
o5p1-majority,RegisterDocument,1780,2571.45
o5p1-majority,RegisterDocument,1781,2571.84
o5p1-majority,RegisterDocument,1782,2571.96
o5p1-majority,RegisterDocument,1783,2571.97
o5p1-majority,RegisterDocument,1784,2572.21
o5p1-majority,RegisterDocument,1785,2573.02
o5p1-majority,RegisterDocument,1786,2573.27
o5p1-majority,RegisterDocument,1787,2573.28
o5p1-majority,RegisterDocument,1788,2573.64
o5p1-majority,RegisterDocument,1789,2574.19
o5p1-majority,RegisterDocument,1790,2574.77
o5p1-majority,RegisterDocument,1791,2574.92
o5p1-majority,RegisterDocument,1792,2575.02
o5p1-majority,RegisterDocument,1793,2575.45
o5p1-majority,RegisterDocument,1794,2575.82
o5p1-majority,RegisterDocument,1795,2576.82
o5p1-majority,RegisterDocument,1796,2576.92
o5p1-majority,RegisterDocument,1797,2577.26
o5p1-majority,RegisterDocument,1798,2577.85
o5p1-majority,RegisterDocument,1799,2578.34
o5p1-majority,RegisterDocument,1800,2578.98
o5p1-majority,RegisterDocument,1801,2579.01
o5p1-majority,RegisterDocument,1802,2579.21
o5p1-majority,RegisterDocument,1803,2579.23
o5p1-majority,RegisterDocument,1804,2579.46
o5p1-majority,RegisterDocument,1805,2579.64
o5p1-majority,RegisterDocument,1806,2580.30
o5p1-majority,RegisterDocument,1807,2580.35
o5p1-majority,RegisterDocument,1808,2580.42
o5p1-majority,RegisterDocument,1809,2580.83
o5p1-majority,RegisterDocument,1810,2581.15
o5p1-majority,RegisterDocument,1811,2581.20
o5p1-majority,RegisterDocument,1812,2581.40
o5p1-majority,RegisterDocument,1813,2581.49
o5p1-majority,RegisterDocument,1814,2581.66
o5p1-majority,RegisterDocument,1815,2582.27
o5p1-majority,RegisterDocument,1816,2582.46
o5p1-majority,RegisterDocument,1817,2582.51
o5p1-majority,RegisterDocument,1818,2582.82
o5p1-majority,RegisterDocument,1819,2582.91
o5p1-majority,RegisterDocument,1820,2583.61
o5p1-majority,RegisterDocument,1821,2585.29
o5p1-majority,RegisterDocument,1822,2585.43
o5p1-majority,RegisterDocument,1823,2586.55
o5p1-majority,RegisterDocument,1824,2586.91
o5p1-majority,RegisterDocument,1825,2586.96
o5p1-majority,RegisterDocument,1826,2587.67
o5p1-majority,RegisterDocument,1827,2588.11
o5p1-majority,RegisterDocument,1828,2588.69
o5p1-majority,RegisterDocument,1829,2588.85
o5p1-majority,RegisterDocument,1830,2588.91
o5p1-majority,RegisterDocument,1831,2589.15
o5p1-majority,RegisterDocument,1832,2589.34
o5p1-majority,RegisterDocument,1833,2589.50
o5p1-majority,RegisterDocument,1834,2589.64
o5p1-majority,RegisterDocument,1835,2589.95
o5p1-majority,RegisterDocument,1836,2590.06
o5p1-majority,RegisterDocument,1837,2590.23
o5p1-majority,RegisterDocument,1838,2590.27
o5p1-majority,RegisterDocument,1839,2590.54
o5p1-majority,RegisterDocument,1840,2590.66
o5p1-majority,RegisterDocument,1841,2591.18
o5p1-majority,RegisterDocument,1842,2591.39
o5p1-majority,RegisterDocument,1843,2591.55
o5p1-majority,RegisterDocument,1844,2591.79
o5p1-majority,RegisterDocument,1845,2591.89
o5p1-majority,RegisterDocument,1846,2592.35
o5p1-majority,RegisterDocument,1847,2593.14
o5p1-majority,RegisterDocument,1848,2594.25
o5p1-majority,RegisterDocument,1849,2594.33
o5p1-majority,RegisterDocument,1850,2594.49
o5p1-majority,RegisterDocument,1851,2594.53
o5p1-majority,RegisterDocument,1852,2595.09
o5p1-majority,RegisterDocument,1853,2595.28
o5p1-majority,RegisterDocument,1854,2595.41
o5p1-majority,RegisterDocument,1855,2596.55
o5p1-majority,RegisterDocument,1856,2596.86
o5p1-majority,RegisterDocument,1857,2596.90
o5p1-majority,RegisterDocument,1858,2597.61
o5p1-majority,RegisterDocument,1859,2597.99
o5p1-majority,RegisterDocument,1860,2598.06
o5p1-majority,RegisterDocument,1861,2598.27
o5p1-majority,RegisterDocument,1862,2598.32
o5p1-majority,RegisterDocument,1863,2598.37
o5p1-majority,RegisterDocument,1864,2598.46
o5p1-majority,RegisterDocument,1865,2598.64
o5p1-majority,RegisterDocument,1866,2599.42
o5p1-majority,RegisterDocument,1867,2602.01
o5p1-majority,RegisterDocument,1868,2602.02
o5p1-majority,RegisterDocument,1869,2602.12
o5p1-majority,RegisterDocument,1870,2602.85
o5p1-majority,RegisterDocument,1871,2603.14
o5p1-majority,RegisterDocument,1872,2603.16
o5p1-majority,RegisterDocument,1873,2603.28
o5p1-majority,RegisterDocument,1874,2604.13
o5p1-majority,RegisterDocument,1875,2605.87
o5p1-majority,RegisterDocument,1876,2607.16
o5p1-majority,RegisterDocument,1877,2607.81
o5p1-majority,RegisterDocument,1878,2608.42
o5p1-majority,RegisterDocument,1879,2608.93
o5p1-majority,RegisterDocument,1880,2609.17
o5p1-majority,RegisterDocument,1881,2610.23
o5p1-majority,RegisterDocument,1882,2610.68
o5p1-majority,RegisterDocument,1883,2610.72
o5p1-majority,RegisterDocument,1884,2611.31
o5p1-majority,RegisterDocument,1885,2611.41
o5p1-majority,RegisterDocument,1886,2611.68
o5p1-majority,RegisterDocument,1887,2612.48
o5p1-majority,RegisterDocument,1888,2613.08
o5p1-majority,RegisterDocument,1889,2613.29
o5p1-majority,RegisterDocument,1890,2614.37
o5p1-majority,RegisterDocument,1891,2614.57
o5p1-majority,RegisterDocument,1892,2615.46
o5p1-majority,RegisterDocument,1893,2617.64
o5p1-majority,RegisterDocument,1894,2618.32
o5p1-majority,RegisterDocument,1895,2619.17
o5p1-majority,RegisterDocument,1896,2619.39
o5p1-majority,RegisterDocument,1897,2619.64
o5p1-majority,RegisterDocument,1898,2621.37
o5p1-majority,RegisterDocument,1899,2621.92
o5p1-majority,RegisterDocument,1900,2622.19
o5p1-majority,RegisterDocument,1901,2622.42
o5p1-majority,RegisterDocument,1902,2622.89
o5p1-majority,RegisterDocument,1903,2623.69
o5p1-majority,RegisterDocument,1904,2624.15
o5p1-majority,RegisterDocument,1905,2624.78
o5p1-majority,RegisterDocument,1906,2625.34
o5p1-majority,RegisterDocument,1907,2625.45
o5p1-majority,RegisterDocument,1908,2626.98
o5p1-majority,RegisterDocument,1909,2627.00
o5p1-majority,RegisterDocument,1910,2627.04
o5p1-majority,RegisterDocument,1911,2627.05
o5p1-majority,RegisterDocument,1912,2627.65
o5p1-majority,RegisterDocument,1913,2627.78
o5p1-majority,RegisterDocument,1914,2628.43
o5p1-majority,RegisterDocument,1915,2628.48
o5p1-majority,RegisterDocument,1916,2629.57
o5p1-majority,RegisterDocument,1917,2629.70
o5p1-majority,RegisterDocument,1918,2629.77
o5p1-majority,RegisterDocument,1919,2629.81
o5p1-majority,RegisterDocument,1920,2630.34
o5p1-majority,RegisterDocument,1921,2630.50
o5p1-majority,RegisterDocument,1922,2630.58
o5p1-majority,RegisterDocument,1923,2631.29
o5p1-majority,RegisterDocument,1924,2631.34
o5p1-majority,RegisterDocument,1925,2631.43
o5p1-majority,RegisterDocument,1926,2632.04
o5p1-majority,RegisterDocument,1927,2632.05
o5p1-majority,RegisterDocument,1928,2633.49
o5p1-majority,RegisterDocument,1929,2637.04
o5p1-majority,RegisterDocument,1930,2637.45
o5p1-majority,RegisterDocument,1931,2639.34
o5p1-majority,RegisterDocument,1932,2640.29
o5p1-majority,RegisterDocument,1933,2641.40
o5p1-majority,RegisterDocument,1934,2642.47
o5p1-majority,RegisterDocument,1935,2642.96
o5p1-majority,RegisterDocument,1936,2642.97
o5p1-majority,RegisterDocument,1937,2645.22
o5p1-majority,RegisterDocument,1938,2646.18
o5p1-majority,RegisterDocument,1939,2646.48
o5p1-majority,RegisterDocument,1940,2646.66
o5p1-majority,RegisterDocument,1941,2646.68
o5p1-majority,RegisterDocument,1942,2648.04
o5p1-majority,RegisterDocument,1943,2649.19
o5p1-majority,RegisterDocument,1944,2649.36
o5p1-majority,RegisterDocument,1945,2649.81
o5p1-majority,RegisterDocument,1946,2649.84
o5p1-majority,RegisterDocument,1947,2650.65
o5p1-majority,RegisterDocument,1948,2651.11
o5p1-majority,RegisterDocument,1949,2651.34
o5p1-majority,RegisterDocument,1950,2655.36
o5p1-majority,RegisterDocument,1951,2655.72
o5p1-majority,RegisterDocument,1952,2655.74
o5p1-majority,RegisterDocument,1953,2656.10
o5p1-majority,RegisterDocument,1954,2657.33
o5p1-majority,RegisterDocument,1955,2657.94
o5p1-majority,RegisterDocument,1956,2659.55
o5p1-majority,RegisterDocument,1957,2660.03
o5p1-majority,RegisterDocument,1958,2662.86
o5p1-majority,RegisterDocument,1959,2664.44
o5p1-majority,RegisterDocument,1960,2664.73
o5p1-majority,RegisterDocument,1961,2667.03
o5p1-majority,RegisterDocument,1962,2667.39
o5p1-majority,RegisterDocument,1963,2668.37
o5p1-majority,RegisterDocument,1964,2669.34
o5p1-majority,RegisterDocument,1965,2670.57
o5p1-majority,RegisterDocument,1966,2671.22
o5p1-majority,RegisterDocument,1967,2673.49
o5p1-majority,RegisterDocument,1968,2675.73
o5p1-majority,RegisterDocument,1969,2676.41
o5p1-majority,RegisterDocument,1970,2678.07
o5p1-majority,RegisterDocument,1971,2679.90
o5p1-majority,RegisterDocument,1972,2680.25
o5p1-majority,RegisterDocument,1973,2681.57
o5p1-majority,RegisterDocument,1974,2682.61
o5p1-majority,RegisterDocument,1975,2682.96
o5p1-majority,RegisterDocument,1976,2683.74
o5p1-majority,RegisterDocument,1977,2687.86
o5p1-majority,RegisterDocument,1978,2690.81
o5p1-majority,RegisterDocument,1979,2691.31
o5p1-majority,RegisterDocument,1980,2691.70
o5p1-majority,RegisterDocument,1981,2692.93
o5p1-majority,RegisterDocument,1982,2693.72
o5p1-majority,RegisterDocument,1983,2695.59
o5p1-majority,RegisterDocument,1984,2697.17
o5p1-majority,RegisterDocument,1985,2699.33
o5p1-majority,RegisterDocument,1986,2700.34
o5p1-majority,RegisterDocument,1987,2706.99
o5p1-majority,RegisterDocument,1988,2707.85
o5p1-majority,RegisterDocument,1989,2711.26
o5p1-majority,RegisterDocument,1990,2715.01
o5p1-majority,RegisterDocument,1991,2718.13
o5p1-majority,RegisterDocument,1992,2725.66
o5p1-majority,RegisterDocument,1993,2726.35
o5p1-majority,RegisterDocument,1994,2731.84
o5p1-majority,RegisterDocument,1995,2732.03
o5p1-majority,RegisterDocument,1996,2737.87
o5p1-majority,RegisterDocument,1997,2755.22
o5p1-majority,RegisterDocument,1998,2762.49
o5p1-majority,RegisterDocument,1999,2766.31
o5p1-majority,CheckAccess,0,3.79
o5p1-majority,CheckAccess,1,5.76
o5p1-majority,CheckAccess,2,5.30
o5p1-majority,CheckAccess,3,5.69
o5p1-majority,CheckAccess,4,5.40
o5p1-majority,CheckAccess,5,5.64
o5p1-majority,CheckAccess,6,4.28
o5p1-majority,CheckAccess,7,6.02
o5p1-majority,CheckAccess,8,6.52
o5p1-majority,CheckAccess,9,5.13
o5p1-majority,CheckAccess,10,4.86
o5p1-majority,CheckAccess,11,3.34
o5p1-majority,CheckAccess,12,3.80
o5p1-majority,CheckAccess,13,5.71
o5p1-majority,CheckAccess,14,3.48
o5p1-majority,CheckAccess,15,3.15
o5p1-majority,CheckAccess,16,2.75
o5p1-majority,CheckAccess,17,4.35
o5p1-majority,CheckAccess,18,5.15
o5p1-majority,CheckAccess,19,5.99
o5p1-majority,CheckAccess,20,3.88
o5p1-majority,CheckAccess,21,5.15
o5p1-majority,CheckAccess,22,3.96
o5p1-majority,CheckAccess,23,5.55
o5p1-majority,CheckAccess,24,5.84
o5p1-majority,CheckAccess,25,4.04
o5p1-majority,CheckAccess,26,5.70
o5p1-majority,CheckAccess,27,6.22
o5p1-majority,CheckAccess,28,4.44
o5p1-majority,CheckAccess,29,6.00
o5p1-majority,CheckAccess,30,6.26
o5p1-majority,CheckAccess,31,4.20
o5p1-majority,CheckAccess,32,5.29
o5p1-majority,CheckAccess,33,5.72
o5p1-majority,CheckAccess,34,3.35
o5p1-majority,CheckAccess,35,6.25
o5p1-majority,CheckAccess,36,4.36
o5p1-majority,CheckAccess,37,4.62
o5p1-majority,CheckAccess,38,4.50
o5p1-majority,CheckAccess,39,3.85
o5p1-majority,CheckAccess,40,6.01
o5p1-majority,CheckAccess,41,4.08
o5p1-majority,CheckAccess,42,3.79
o5p1-majority,CheckAccess,43,6.00
o5p1-majority,CheckAccess,44,4.34
o5p1-majority,CheckAccess,45,5.99
o5p1-majority,CheckAccess,46,5.97
o5p1-majority,CheckAccess,47,3.90
o5p1-majority,CheckAccess,48,5.93
o5p1-majority,CheckAccess,49,5.97
o5p1-majority,CheckAccess,50,6.20
o5p1-majority,CheckAccess,51,5.32
o5p1-majority,CheckAccess,52,7.25
o5p1-majority,CheckAccess,53,6.20
o5p1-majority,CheckAccess,54,3.97
o5p1-majority,CheckAccess,55,4.22
o5p1-majority,CheckAccess,56,4.01
o5p1-majority,CheckAccess,57,5.59
o5p1-majority,CheckAccess,58,5.95
o5p1-majority,CheckAccess,59,3.92
o5p1-majority,CheckAccess,60,3.94
o5p1-majority,CheckAccess,61,3.24
o5p1-majority,CheckAccess,62,3.48
o5p1-majority,CheckAccess,63,3.39
o5p1-majority,CheckAccess,64,3.15
o5p1-majority,CheckAccess,65,4.89
o5p1-majority,CheckAccess,66,5.78
o5p1-majority,CheckAccess,67,4.78
o5p1-majority,CheckAccess,68,4.52
o5p1-majority,CheckAccess,69,4.81
o5p1-majority,CheckAccess,70,4.89
o5p1-majority,CheckAccess,71,3.13
o5p1-majority,CheckAccess,72,4.12
o5p1-majority,CheckAccess,73,3.81
o5p1-majority,CheckAccess,74,4.05
o5p1-majority,CheckAccess,75,5.87
o5p1-majority,CheckAccess,76,5.69
o5p1-majority,CheckAccess,77,4.86
o5p1-majority,CheckAccess,78,4.72
o5p1-majority,CheckAccess,79,5.15
o5p1-majority,CheckAccess,80,5.84
o5p1-majority,CheckAccess,81,4.73
o5p1-majority,CheckAccess,82,5.61
o5p1-majority,CheckAccess,83,3.04
o5p1-majority,CheckAccess,84,3.51
o5p1-majority,CheckAccess,85,4.99
o5p1-majority,CheckAccess,86,5.26
o5p1-majority,CheckAccess,87,3.33
o5p1-majority,CheckAccess,88,3.19
o5p1-majority,CheckAccess,89,2.72
o5p1-majority,CheckAccess,90,2.74
o5p1-majority,CheckAccess,91,3.01
o5p1-majority,CheckAccess,92,2.74
o5p1-majority,CheckAccess,93,2.83
o5p1-majority,CheckAccess,94,4.03
o5p1-majority,CheckAccess,95,4.71
o5p1-majority,CheckAccess,96,4.81
o5p1-majority,CheckAccess,97,5.91
o5p1-majority,CheckAccess,98,6.33
o5p1-majority,CheckAccess,99,4.46
o7p1-single,RegisterDocument,0,2272.53
o7p1-single,RegisterDocument,1,2274.28
o7p1-single,RegisterDocument,2,2278.01
o7p1-single,RegisterDocument,3,2278.85
o7p1-single,RegisterDocument,4,2279.44
o7p1-single,RegisterDocument,5,2280.86
o7p1-single,RegisterDocument,6,2283.16
o7p1-single,RegisterDocument,7,2285.27
o7p1-single,RegisterDocument,8,2287.82
o7p1-single,RegisterDocument,9,2289.54
o7p1-single,RegisterDocument,10,2290.20
o7p1-single,RegisterDocument,11,2291.37
o7p1-single,RegisterDocument,12,2291.53
o7p1-single,RegisterDocument,13,2293.08
o7p1-single,RegisterDocument,14,2293.55
o7p1-single,RegisterDocument,15,2294.04
o7p1-single,RegisterDocument,16,2294.32
o7p1-single,RegisterDocument,17,2295.21
o7p1-single,RegisterDocument,18,2295.50
o7p1-single,RegisterDocument,19,2295.77
o7p1-single,RegisterDocument,20,2296.67
o7p1-single,RegisterDocument,21,2297.03
o7p1-single,RegisterDocument,22,2299.19
o7p1-single,RegisterDocument,23,2299.88
o7p1-single,RegisterDocument,24,2300.48
o7p1-single,RegisterDocument,25,2300.51
o7p1-single,RegisterDocument,26,2301.25
o7p1-single,RegisterDocument,27,2301.39
o7p1-single,RegisterDocument,28,2302.41
o7p1-single,RegisterDocument,29,2302.64
o7p1-single,RegisterDocument,30,2302.80
o7p1-single,RegisterDocument,31,2303.62
o7p1-single,RegisterDocument,32,2303.85
o7p1-single,RegisterDocument,33,2304.20
o7p1-single,RegisterDocument,34,2305.07
o7p1-single,RegisterDocument,35,2305.16
o7p1-single,RegisterDocument,36,2306.15
o7p1-single,RegisterDocument,37,2307.72
o7p1-single,RegisterDocument,38,2307.80
o7p1-single,RegisterDocument,39,2309.05
o7p1-single,RegisterDocument,40,2310.00
o7p1-single,RegisterDocument,41,2310.95
o7p1-single,RegisterDocument,42,2312.04
o7p1-single,RegisterDocument,43,2312.22
o7p1-single,RegisterDocument,44,2312.60
o7p1-single,RegisterDocument,45,2312.86
o7p1-single,RegisterDocument,46,2312.92
o7p1-single,RegisterDocument,47,2313.05
o7p1-single,RegisterDocument,48,2315.29
o7p1-single,RegisterDocument,49,2315.35
o7p1-single,RegisterDocument,50,2315.44
o7p1-single,RegisterDocument,51,2315.65
o7p1-single,RegisterDocument,52,2315.81
o7p1-single,RegisterDocument,53,2315.99
o7p1-single,RegisterDocument,54,2316.50
o7p1-single,RegisterDocument,55,2316.66
o7p1-single,RegisterDocument,56,2317.07
o7p1-single,RegisterDocument,57,2317.09
o7p1-single,RegisterDocument,58,2317.85
o7p1-single,RegisterDocument,59,2318.17
o7p1-single,RegisterDocument,60,2318.36
o7p1-single,RegisterDocument,61,2318.45
o7p1-single,RegisterDocument,62,2318.91
o7p1-single,RegisterDocument,63,2318.91
o7p1-single,RegisterDocument,64,2320.66
o7p1-single,RegisterDocument,65,2321.17
o7p1-single,RegisterDocument,66,2322.56
o7p1-single,RegisterDocument,67,2322.86
o7p1-single,RegisterDocument,68,2323.46
o7p1-single,RegisterDocument,69,2323.73
o7p1-single,RegisterDocument,70,2324.16
o7p1-single,RegisterDocument,71,2325.03
o7p1-single,RegisterDocument,72,2325.21
o7p1-single,RegisterDocument,73,2326.50
o7p1-single,RegisterDocument,74,2326.61
o7p1-single,RegisterDocument,75,2326.62
o7p1-single,RegisterDocument,76,2326.77
o7p1-single,RegisterDocument,77,2326.88
o7p1-single,RegisterDocument,78,2327.91
o7p1-single,RegisterDocument,79,2327.99
o7p1-single,RegisterDocument,80,2328.15
o7p1-single,RegisterDocument,81,2328.16
o7p1-single,RegisterDocument,82,2328.75
o7p1-single,RegisterDocument,83,2329.14
o7p1-single,RegisterDocument,84,2329.55
o7p1-single,RegisterDocument,85,2329.62
o7p1-single,RegisterDocument,86,2329.93
o7p1-single,RegisterDocument,87,2329.96
o7p1-single,RegisterDocument,88,2330.45
o7p1-single,RegisterDocument,89,2330.95
o7p1-single,RegisterDocument,90,2331.29
o7p1-single,RegisterDocument,91,2331.29
o7p1-single,RegisterDocument,92,2331.47
o7p1-single,RegisterDocument,93,2331.49
o7p1-single,RegisterDocument,94,2331.80
o7p1-single,RegisterDocument,95,2332.37
o7p1-single,RegisterDocument,96,2333.28
o7p1-single,RegisterDocument,97,2333.32
o7p1-single,RegisterDocument,98,2333.72
o7p1-single,RegisterDocument,99,2334.01
o7p1-single,RegisterDocument,100,2335.09
o7p1-single,RegisterDocument,101,2335.61
o7p1-single,RegisterDocument,102,2335.67
o7p1-single,RegisterDocument,103,2336.10
o7p1-single,RegisterDocument,104,2336.38
o7p1-single,RegisterDocument,105,2336.47
o7p1-single,RegisterDocument,106,2336.51
o7p1-single,RegisterDocument,107,2336.90
o7p1-single,RegisterDocument,108,2337.07
o7p1-single,RegisterDocument,109,2337.09
o7p1-single,RegisterDocument,110,2337.48
o7p1-single,RegisterDocument,111,2338.09
o7p1-single,RegisterDocument,112,2338.44
o7p1-single,RegisterDocument,113,2338.51
o7p1-single,RegisterDocument,114,2338.74
o7p1-single,RegisterDocument,115,2338.92
o7p1-single,RegisterDocument,116,2339.80
o7p1-single,RegisterDocument,117,2339.90
o7p1-single,RegisterDocument,118,2339.93
o7p1-single,RegisterDocument,119,2340.64
o7p1-single,RegisterDocument,120,2341.31
o7p1-single,RegisterDocument,121,2341.43
o7p1-single,RegisterDocument,122,2341.91
o7p1-single,RegisterDocument,123,2342.19
o7p1-single,RegisterDocument,124,2342.23
o7p1-single,RegisterDocument,125,2342.46
o7p1-single,RegisterDocument,126,2342.48
o7p1-single,RegisterDocument,127,2342.68
o7p1-single,RegisterDocument,128,2343.20
o7p1-single,RegisterDocument,129,2343.22
o7p1-single,RegisterDocument,130,2343.30
o7p1-single,RegisterDocument,131,2343.34
o7p1-single,RegisterDocument,132,2343.58
o7p1-single,RegisterDocument,133,2343.73
o7p1-single,RegisterDocument,134,2343.86
o7p1-single,RegisterDocument,135,2343.92
o7p1-single,RegisterDocument,136,2344.18
o7p1-single,RegisterDocument,137,2344.25
o7p1-single,RegisterDocument,138,2344.60
o7p1-single,RegisterDocument,139,2344.86
o7p1-single,RegisterDocument,140,2344.88
o7p1-single,RegisterDocument,141,2345.04
o7p1-single,RegisterDocument,142,2345.44
o7p1-single,RegisterDocument,143,2345.61
o7p1-single,RegisterDocument,144,2345.66
o7p1-single,RegisterDocument,145,2346.00
o7p1-single,RegisterDocument,146,2346.01
o7p1-single,RegisterDocument,147,2346.32
o7p1-single,RegisterDocument,148,2346.37
o7p1-single,RegisterDocument,149,2346.41
o7p1-single,RegisterDocument,150,2346.57
o7p1-single,RegisterDocument,151,2347.41
o7p1-single,RegisterDocument,152,2347.48
o7p1-single,RegisterDocument,153,2347.48
o7p1-single,RegisterDocument,154,2347.80
o7p1-single,RegisterDocument,155,2347.83
o7p1-single,RegisterDocument,156,2348.38
o7p1-single,RegisterDocument,157,2348.49
o7p1-single,RegisterDocument,158,2348.77
o7p1-single,RegisterDocument,159,2348.84
o7p1-single,RegisterDocument,160,2348.95
o7p1-single,RegisterDocument,161,2349.20
o7p1-single,RegisterDocument,162,2349.29
o7p1-single,RegisterDocument,163,2349.81
o7p1-single,RegisterDocument,164,2349.88
o7p1-single,RegisterDocument,165,2349.95
o7p1-single,RegisterDocument,166,2350.24
o7p1-single,RegisterDocument,167,2350.34
o7p1-single,RegisterDocument,168,2350.47
o7p1-single,RegisterDocument,169,2350.60
o7p1-single,RegisterDocument,170,2351.00
o7p1-single,RegisterDocument,171,2351.18
o7p1-single,RegisterDocument,172,2351.71
o7p1-single,RegisterDocument,173,2351.88
o7p1-single,RegisterDocument,174,2352.12
o7p1-single,RegisterDocument,175,2352.14
o7p1-single,RegisterDocument,176,2352.16
o7p1-single,RegisterDocument,177,2352.69
o7p1-single,RegisterDocument,178,2352.75
o7p1-single,RegisterDocument,179,2352.87
o7p1-single,RegisterDocument,180,2352.89
o7p1-single,RegisterDocument,181,2353.07
o7p1-single,RegisterDocument,182,2353.69
o7p1-single,RegisterDocument,183,2353.94
o7p1-single,RegisterDocument,184,2354.16
o7p1-single,RegisterDocument,185,2354.26
o7p1-single,RegisterDocument,186,2354.93
o7p1-single,RegisterDocument,187,2354.96
o7p1-single,RegisterDocument,188,2355.24
o7p1-single,RegisterDocument,189,2355.48
o7p1-single,RegisterDocument,190,2355.60
o7p1-single,RegisterDocument,191,2355.66
o7p1-single,RegisterDocument,192,2355.69
o7p1-single,RegisterDocument,193,2355.73
o7p1-single,RegisterDocument,194,2355.88
o7p1-single,RegisterDocument,195,2356.04
o7p1-single,RegisterDocument,196,2356.26
o7p1-single,RegisterDocument,197,2356.27
o7p1-single,RegisterDocument,198,2356.33
o7p1-single,RegisterDocument,199,2356.58
o7p1-single,RegisterDocument,200,2356.69
o7p1-single,RegisterDocument,201,2356.88
o7p1-single,RegisterDocument,202,2356.97
o7p1-single,RegisterDocument,203,2357.08
o7p1-single,RegisterDocument,204,2357.14
o7p1-single,RegisterDocument,205,2357.34
o7p1-single,RegisterDocument,206,2357.42
o7p1-single,RegisterDocument,207,2357.50
o7p1-single,RegisterDocument,208,2358.72
o7p1-single,RegisterDocument,209,2358.90
o7p1-single,RegisterDocument,210,2359.02
o7p1-single,RegisterDocument,211,2359.10
o7p1-single,RegisterDocument,212,2359.11
o7p1-single,RegisterDocument,213,2359.28
o7p1-single,RegisterDocument,214,2359.33
o7p1-single,RegisterDocument,215,2359.46
o7p1-single,RegisterDocument,216,2359.54
o7p1-single,RegisterDocument,217,2359.87
o7p1-single,RegisterDocument,218,2360.12
o7p1-single,RegisterDocument,219,2360.23
o7p1-single,RegisterDocument,220,2360.65
o7p1-single,RegisterDocument,221,2360.68
o7p1-single,RegisterDocument,222,2360.78
o7p1-single,RegisterDocument,223,2360.85
o7p1-single,RegisterDocument,224,2360.87
o7p1-single,RegisterDocument,225,2360.88
o7p1-single,RegisterDocument,226,2360.89
o7p1-single,RegisterDocument,227,2361.03
o7p1-single,RegisterDocument,228,2361.12
o7p1-single,RegisterDocument,229,2361.20
o7p1-single,RegisterDocument,230,2361.38
o7p1-single,RegisterDocument,231,2361.40
o7p1-single,RegisterDocument,232,2361.47
o7p1-single,RegisterDocument,233,2361.78
o7p1-single,RegisterDocument,234,2361.82
o7p1-single,RegisterDocument,235,2362.05
o7p1-single,RegisterDocument,236,2362.60
o7p1-single,RegisterDocument,237,2362.83
o7p1-single,RegisterDocument,238,2363.26
o7p1-single,RegisterDocument,239,2363.29
o7p1-single,RegisterDocument,240,2363.38
o7p1-single,RegisterDocument,241,2363.44
o7p1-single,RegisterDocument,242,2363.54
o7p1-single,RegisterDocument,243,2363.56
o7p1-single,RegisterDocument,244,2363.76
o7p1-single,RegisterDocument,245,2363.79
o7p1-single,RegisterDocument,246,2363.81
o7p1-single,RegisterDocument,247,2363.81
o7p1-single,RegisterDocument,248,2363.92
o7p1-single,RegisterDocument,249,2364.27
o7p1-single,RegisterDocument,250,2364.30
o7p1-single,RegisterDocument,251,2364.31
o7p1-single,RegisterDocument,252,2364.38
o7p1-single,RegisterDocument,253,2364.55
o7p1-single,RegisterDocument,254,2364.96
o7p1-single,RegisterDocument,255,2365.33
o7p1-single,RegisterDocument,256,2365.62
o7p1-single,RegisterDocument,257,2365.71
o7p1-single,RegisterDocument,258,2365.80
o7p1-single,RegisterDocument,259,2365.80
o7p1-single,RegisterDocument,260,2365.86
o7p1-single,RegisterDocument,261,2366.12
o7p1-single,RegisterDocument,262,2366.39
o7p1-single,RegisterDocument,263,2366.46
o7p1-single,RegisterDocument,264,2366.64
o7p1-single,RegisterDocument,265,2366.66
o7p1-single,RegisterDocument,266,2366.70
o7p1-single,RegisterDocument,267,2366.78
o7p1-single,RegisterDocument,268,2366.79
o7p1-single,RegisterDocument,269,2366.95
o7p1-single,RegisterDocument,270,2366.96
o7p1-single,RegisterDocument,271,2366.98
o7p1-single,RegisterDocument,272,2367.04
o7p1-single,RegisterDocument,273,2367.09
o7p1-single,RegisterDocument,274,2367.23
o7p1-single,RegisterDocument,275,2367.35
o7p1-single,RegisterDocument,276,2367.46
o7p1-single,RegisterDocument,277,2367.59
o7p1-single,RegisterDocument,278,2367.85
o7p1-single,RegisterDocument,279,2368.18
o7p1-single,RegisterDocument,280,2368.19
o7p1-single,RegisterDocument,281,2368.28
o7p1-single,RegisterDocument,282,2368.39
o7p1-single,RegisterDocument,283,2368.47
o7p1-single,RegisterDocument,284,2368.60
o7p1-single,RegisterDocument,285,2368.60
o7p1-single,RegisterDocument,286,2368.64
o7p1-single,RegisterDocument,287,2368.67
o7p1-single,RegisterDocument,288,2368.91
o7p1-single,RegisterDocument,289,2368.93
o7p1-single,RegisterDocument,290,2369.00
o7p1-single,RegisterDocument,291,2369.09
o7p1-single,RegisterDocument,292,2369.24
o7p1-single,RegisterDocument,293,2369.50
o7p1-single,RegisterDocument,294,2369.57
o7p1-single,RegisterDocument,295,2369.58
o7p1-single,RegisterDocument,296,2370.07
o7p1-single,RegisterDocument,297,2370.07
o7p1-single,RegisterDocument,298,2370.36
o7p1-single,RegisterDocument,299,2370.50
o7p1-single,RegisterDocument,300,2371.12
o7p1-single,RegisterDocument,301,2371.23
o7p1-single,RegisterDocument,302,2371.32
o7p1-single,RegisterDocument,303,2371.36
o7p1-single,RegisterDocument,304,2371.95
o7p1-single,RegisterDocument,305,2371.97
o7p1-single,RegisterDocument,306,2372.01
o7p1-single,RegisterDocument,307,2372.22
o7p1-single,RegisterDocument,308,2372.37
o7p1-single,RegisterDocument,309,2372.55
o7p1-single,RegisterDocument,310,2372.58
o7p1-single,RegisterDocument,311,2372.64
o7p1-single,RegisterDocument,312,2372.64
o7p1-single,RegisterDocument,313,2372.66
o7p1-single,RegisterDocument,314,2372.78
o7p1-single,RegisterDocument,315,2373.04
o7p1-single,RegisterDocument,316,2373.05
o7p1-single,RegisterDocument,317,2373.06
o7p1-single,RegisterDocument,318,2373.09
o7p1-single,RegisterDocument,319,2373.10
o7p1-single,RegisterDocument,320,2373.25
o7p1-single,RegisterDocument,321,2373.30
o7p1-single,RegisterDocument,322,2373.36
o7p1-single,RegisterDocument,323,2373.40
o7p1-single,RegisterDocument,324,2373.42
o7p1-single,RegisterDocument,325,2373.80
o7p1-single,RegisterDocument,326,2373.81
o7p1-single,RegisterDocument,327,2373.93
o7p1-single,RegisterDocument,328,2374.19
o7p1-single,RegisterDocument,329,2374.20
o7p1-single,RegisterDocument,330,2374.21
o7p1-single,RegisterDocument,331,2374.58
o7p1-single,RegisterDocument,332,2374.64
o7p1-single,RegisterDocument,333,2374.93
o7p1-single,RegisterDocument,334,2374.98
o7p1-single,RegisterDocument,335,2375.02
o7p1-single,RegisterDocument,336,2375.12
o7p1-single,RegisterDocument,337,2375.12
o7p1-single,RegisterDocument,338,2375.20
o7p1-single,RegisterDocument,339,2375.20
o7p1-single,RegisterDocument,340,2375.21
o7p1-single,RegisterDocument,341,2375.42
o7p1-single,RegisterDocument,342,2375.83
o7p1-single,RegisterDocument,343,2375.95
o7p1-single,RegisterDocument,344,2375.96
o7p1-single,RegisterDocument,345,2376.12
o7p1-single,RegisterDocument,346,2376.20
o7p1-single,RegisterDocument,347,2376.22
o7p1-single,RegisterDocument,348,2376.50
o7p1-single,RegisterDocument,349,2376.70
o7p1-single,RegisterDocument,350,2376.72
o7p1-single,RegisterDocument,351,2376.77
o7p1-single,RegisterDocument,352,2376.79
o7p1-single,RegisterDocument,353,2376.92
o7p1-single,RegisterDocument,354,2376.92
o7p1-single,RegisterDocument,355,2376.96
o7p1-single,RegisterDocument,356,2377.23
o7p1-single,RegisterDocument,357,2377.29
o7p1-single,RegisterDocument,358,2377.34
o7p1-single,RegisterDocument,359,2377.46
o7p1-single,RegisterDocument,360,2377.52
o7p1-single,RegisterDocument,361,2377.59
o7p1-single,RegisterDocument,362,2377.67
o7p1-single,RegisterDocument,363,2377.70
o7p1-single,RegisterDocument,364,2377.74
o7p1-single,RegisterDocument,365,2377.93
o7p1-single,RegisterDocument,366,2378.09
o7p1-single,RegisterDocument,367,2378.23
o7p1-single,RegisterDocument,368,2378.56
o7p1-single,RegisterDocument,369,2378.78
o7p1-single,RegisterDocument,370,2378.85
o7p1-single,RegisterDocument,371,2378.86
o7p1-single,RegisterDocument,372,2378.88
o7p1-single,RegisterDocument,373,2378.96
o7p1-single,RegisterDocument,374,2378.97
o7p1-single,RegisterDocument,375,2379.16
o7p1-single,RegisterDocument,376,2379.20
o7p1-single,RegisterDocument,377,2379.21
o7p1-single,RegisterDocument,378,2379.23
o7p1-single,RegisterDocument,379,2379.31
o7p1-single,RegisterDocument,380,2379.35
o7p1-single,RegisterDocument,381,2379.52
o7p1-single,RegisterDocument,382,2379.73
o7p1-single,RegisterDocument,383,2379.74
o7p1-single,RegisterDocument,384,2379.93
o7p1-single,RegisterDocument,385,2379.93
o7p1-single,RegisterDocument,386,2379.93
o7p1-single,RegisterDocument,387,2380.12
o7p1-single,RegisterDocument,388,2380.16
o7p1-single,RegisterDocument,389,2380.16
o7p1-single,RegisterDocument,390,2380.22
o7p1-single,RegisterDocument,391,2380.24
o7p1-single,RegisterDocument,392,2380.27
o7p1-single,RegisterDocument,393,2380.37
o7p1-single,RegisterDocument,394,2380.40
o7p1-single,RegisterDocument,395,2380.45
o7p1-single,RegisterDocument,396,2380.46
o7p1-single,RegisterDocument,397,2380.72
o7p1-single,RegisterDocument,398,2380.80
o7p1-single,RegisterDocument,399,2380.82
o7p1-single,RegisterDocument,400,2381.09
o7p1-single,RegisterDocument,401,2381.17
o7p1-single,RegisterDocument,402,2381.27
o7p1-single,RegisterDocument,403,2381.28
o7p1-single,RegisterDocument,404,2381.33
o7p1-single,RegisterDocument,405,2381.39
o7p1-single,RegisterDocument,406,2381.48
o7p1-single,RegisterDocument,407,2381.51
o7p1-single,RegisterDocument,408,2381.52
o7p1-single,RegisterDocument,409,2381.64
o7p1-single,RegisterDocument,410,2382.06
o7p1-single,RegisterDocument,411,2382.11
o7p1-single,RegisterDocument,412,2382.15
o7p1-single,RegisterDocument,413,2382.21
o7p1-single,RegisterDocument,414,2382.24
o7p1-single,RegisterDocument,415,2382.29
o7p1-single,RegisterDocument,416,2382.41
o7p1-single,RegisterDocument,417,2382.48
o7p1-single,RegisterDocument,418,2382.58
o7p1-single,RegisterDocument,419,2382.62
o7p1-single,RegisterDocument,420,2382.62
o7p1-single,RegisterDocument,421,2382.64
o7p1-single,RegisterDocument,422,2382.64
o7p1-single,RegisterDocument,423,2382.80
o7p1-single,RegisterDocument,424,2382.85
o7p1-single,RegisterDocument,425,2382.93
o7p1-single,RegisterDocument,426,2383.01
o7p1-single,RegisterDocument,427,2383.06
o7p1-single,RegisterDocument,428,2383.12
o7p1-single,RegisterDocument,429,2383.21
o7p1-single,RegisterDocument,430,2383.31
o7p1-single,RegisterDocument,431,2383.37
o7p1-single,RegisterDocument,432,2383.42
o7p1-single,RegisterDocument,433,2383.43
o7p1-single,RegisterDocument,434,2383.47
o7p1-single,RegisterDocument,435,2383.55
o7p1-single,RegisterDocument,436,2383.69
o7p1-single,RegisterDocument,437,2383.89
o7p1-single,RegisterDocument,438,2383.90
o7p1-single,RegisterDocument,439,2384.21
o7p1-single,RegisterDocument,440,2384.44
o7p1-single,RegisterDocument,441,2384.45
o7p1-single,RegisterDocument,442,2384.47
o7p1-single,RegisterDocument,443,2384.65
o7p1-single,RegisterDocument,444,2384.76
o7p1-single,RegisterDocument,445,2384.77
o7p1-single,RegisterDocument,446,2384.85
o7p1-single,RegisterDocument,447,2385.01
o7p1-single,RegisterDocument,448,2385.05
o7p1-single,RegisterDocument,449,2385.12
o7p1-single,RegisterDocument,450,2385.13
o7p1-single,RegisterDocument,451,2385.14
o7p1-single,RegisterDocument,452,2385.31
o7p1-single,RegisterDocument,453,2385.56
o7p1-single,RegisterDocument,454,2385.58
o7p1-single,RegisterDocument,455,2385.78
o7p1-single,RegisterDocument,456,2385.78
o7p1-single,RegisterDocument,457,2385.81
o7p1-single,RegisterDocument,458,2385.81
o7p1-single,RegisterDocument,459,2385.84
o7p1-single,RegisterDocument,460,2386.14
o7p1-single,RegisterDocument,461,2386.20
o7p1-single,RegisterDocument,462,2386.26
o7p1-single,RegisterDocument,463,2386.33
o7p1-single,RegisterDocument,464,2386.45
o7p1-single,RegisterDocument,465,2386.72
o7p1-single,RegisterDocument,466,2386.74
o7p1-single,RegisterDocument,467,2386.80
o7p1-single,RegisterDocument,468,2387.18
o7p1-single,RegisterDocument,469,2387.25
o7p1-single,RegisterDocument,470,2387.38
o7p1-single,RegisterDocument,471,2387.40
o7p1-single,RegisterDocument,472,2387.73
o7p1-single,RegisterDocument,473,2387.78
o7p1-single,RegisterDocument,474,2387.92
o7p1-single,RegisterDocument,475,2388.02
o7p1-single,RegisterDocument,476,2388.06
o7p1-single,RegisterDocument,477,2388.07
o7p1-single,RegisterDocument,478,2388.17
o7p1-single,RegisterDocument,479,2388.23
o7p1-single,RegisterDocument,480,2388.25
o7p1-single,RegisterDocument,481,2388.25
o7p1-single,RegisterDocument,482,2388.50
o7p1-single,RegisterDocument,483,2388.55
o7p1-single,RegisterDocument,484,2388.56
o7p1-single,RegisterDocument,485,2388.61
o7p1-single,RegisterDocument,486,2388.74
o7p1-single,RegisterDocument,487,2388.77
o7p1-single,RegisterDocument,488,2388.84
o7p1-single,RegisterDocument,489,2389.27
o7p1-single,RegisterDocument,490,2389.28
o7p1-single,RegisterDocument,491,2389.44
o7p1-single,RegisterDocument,492,2389.54
o7p1-single,RegisterDocument,493,2389.67
o7p1-single,RegisterDocument,494,2389.82
o7p1-single,RegisterDocument,495,2389.87
o7p1-single,RegisterDocument,496,2389.99
o7p1-single,RegisterDocument,497,2390.00
o7p1-single,RegisterDocument,498,2390.01
o7p1-single,RegisterDocument,499,2390.04
o7p1-single,RegisterDocument,500,2390.06
o7p1-single,RegisterDocument,501,2390.06
o7p1-single,RegisterDocument,502,2390.08
o7p1-single,RegisterDocument,503,2390.25
o7p1-single,RegisterDocument,504,2390.50
o7p1-single,RegisterDocument,505,2390.59
o7p1-single,RegisterDocument,506,2390.60
o7p1-single,RegisterDocument,507,2390.63
o7p1-single,RegisterDocument,508,2391.14
o7p1-single,RegisterDocument,509,2391.15
o7p1-single,RegisterDocument,510,2391.56
o7p1-single,RegisterDocument,511,2391.58
o7p1-single,RegisterDocument,512,2391.69
o7p1-single,RegisterDocument,513,2391.85
o7p1-single,RegisterDocument,514,2391.90
o7p1-single,RegisterDocument,515,2392.00
o7p1-single,RegisterDocument,516,2392.15
o7p1-single,RegisterDocument,517,2392.15
o7p1-single,RegisterDocument,518,2392.36
o7p1-single,RegisterDocument,519,2392.69
o7p1-single,RegisterDocument,520,2392.70
o7p1-single,RegisterDocument,521,2392.70
o7p1-single,RegisterDocument,522,2392.72
o7p1-single,RegisterDocument,523,2392.89
o7p1-single,RegisterDocument,524,2392.90
o7p1-single,RegisterDocument,525,2393.10
o7p1-single,RegisterDocument,526,2393.23
o7p1-single,RegisterDocument,527,2393.33
o7p1-single,RegisterDocument,528,2393.44
o7p1-single,RegisterDocument,529,2393.45
o7p1-single,RegisterDocument,530,2393.62
o7p1-single,RegisterDocument,531,2393.63
o7p1-single,RegisterDocument,532,2393.71
o7p1-single,RegisterDocument,533,2393.73
o7p1-single,RegisterDocument,534,2393.73
o7p1-single,RegisterDocument,535,2393.77
o7p1-single,RegisterDocument,536,2393.80
o7p1-single,RegisterDocument,537,2394.02
o7p1-single,RegisterDocument,538,2394.04
o7p1-single,RegisterDocument,539,2394.09
o7p1-single,RegisterDocument,540,2394.14
o7p1-single,RegisterDocument,541,2394.23
o7p1-single,RegisterDocument,542,2394.41
o7p1-single,RegisterDocument,543,2394.43
o7p1-single,RegisterDocument,544,2394.45
o7p1-single,RegisterDocument,545,2394.47
o7p1-single,RegisterDocument,546,2394.67
o7p1-single,RegisterDocument,547,2394.68
o7p1-single,RegisterDocument,548,2394.88
o7p1-single,RegisterDocument,549,2394.93
o7p1-single,RegisterDocument,550,2395.18
o7p1-single,RegisterDocument,551,2395.22
o7p1-single,RegisterDocument,552,2395.40
o7p1-single,RegisterDocument,553,2395.43
o7p1-single,RegisterDocument,554,2395.46
o7p1-single,RegisterDocument,555,2395.47
o7p1-single,RegisterDocument,556,2395.51
o7p1-single,RegisterDocument,557,2395.61
o7p1-single,RegisterDocument,558,2395.66
o7p1-single,RegisterDocument,559,2395.74
o7p1-single,RegisterDocument,560,2395.87
o7p1-single,RegisterDocument,561,2395.90
o7p1-single,RegisterDocument,562,2395.96
o7p1-single,RegisterDocument,563,2395.97
o7p1-single,RegisterDocument,564,2396.13
o7p1-single,RegisterDocument,565,2396.16
o7p1-single,RegisterDocument,566,2396.21
o7p1-single,RegisterDocument,567,2396.31
o7p1-single,RegisterDocument,568,2396.33
o7p1-single,RegisterDocument,569,2396.41
o7p1-single,RegisterDocument,570,2396.41
o7p1-single,RegisterDocument,571,2396.57
o7p1-single,RegisterDocument,572,2396.60
o7p1-single,RegisterDocument,573,2396.63
o7p1-single,RegisterDocument,574,2396.67
o7p1-single,RegisterDocument,575,2396.67
o7p1-single,RegisterDocument,576,2396.81
o7p1-single,RegisterDocument,577,2396.86
o7p1-single,RegisterDocument,578,2397.01
o7p1-single,RegisterDocument,579,2397.22
o7p1-single,RegisterDocument,580,2397.34
o7p1-single,RegisterDocument,581,2397.39
o7p1-single,RegisterDocument,582,2397.73
o7p1-single,RegisterDocument,583,2397.93
o7p1-single,RegisterDocument,584,2397.95
o7p1-single,RegisterDocument,585,2397.97
o7p1-single,RegisterDocument,586,2398.01
o7p1-single,RegisterDocument,587,2398.11
o7p1-single,RegisterDocument,588,2398.15
o7p1-single,RegisterDocument,589,2398.34
o7p1-single,RegisterDocument,590,2398.37
o7p1-single,RegisterDocument,591,2398.48
o7p1-single,RegisterDocument,592,2398.53
o7p1-single,RegisterDocument,593,2398.62
o7p1-single,RegisterDocument,594,2398.76
o7p1-single,RegisterDocument,595,2398.83
o7p1-single,RegisterDocument,596,2398.86
o7p1-single,RegisterDocument,597,2398.88
o7p1-single,RegisterDocument,598,2398.93
o7p1-single,RegisterDocument,599,2399.03
o7p1-single,RegisterDocument,600,2399.05
o7p1-single,RegisterDocument,601,2399.18
o7p1-single,RegisterDocument,602,2399.24
o7p1-single,RegisterDocument,603,2399.26
o7p1-single,RegisterDocument,604,2399.28
o7p1-single,RegisterDocument,605,2399.34
o7p1-single,RegisterDocument,606,2399.35
o7p1-single,RegisterDocument,607,2399.48
o7p1-single,RegisterDocument,608,2399.49
o7p1-single,RegisterDocument,609,2399.50
o7p1-single,RegisterDocument,610,2399.69
o7p1-single,RegisterDocument,611,2399.75
o7p1-single,RegisterDocument,612,2399.79
o7p1-single,RegisterDocument,613,2399.82
o7p1-single,RegisterDocument,614,2400.00
o7p1-single,RegisterDocument,615,2400.06
o7p1-single,RegisterDocument,616,2400.11
o7p1-single,RegisterDocument,617,2400.13
o7p1-single,RegisterDocument,618,2400.13
o7p1-single,RegisterDocument,619,2400.20
o7p1-single,RegisterDocument,620,2400.27
o7p1-single,RegisterDocument,621,2400.36
o7p1-single,RegisterDocument,622,2400.40
o7p1-single,RegisterDocument,623,2400.46
o7p1-single,RegisterDocument,624,2400.48
o7p1-single,RegisterDocument,625,2400.61
o7p1-single,RegisterDocument,626,2400.69
o7p1-single,RegisterDocument,627,2400.86
o7p1-single,RegisterDocument,628,2400.92
o7p1-single,RegisterDocument,629,2400.97
o7p1-single,RegisterDocument,630,2401.09
o7p1-single,RegisterDocument,631,2401.10
o7p1-single,RegisterDocument,632,2401.18
o7p1-single,RegisterDocument,633,2401.27
o7p1-single,RegisterDocument,634,2401.27
o7p1-single,RegisterDocument,635,2401.54
o7p1-single,RegisterDocument,636,2401.54
o7p1-single,RegisterDocument,637,2401.67
o7p1-single,RegisterDocument,638,2401.85
o7p1-single,RegisterDocument,639,2401.96
o7p1-single,RegisterDocument,640,2401.98
o7p1-single,RegisterDocument,641,2402.02
o7p1-single,RegisterDocument,642,2402.15
o7p1-single,RegisterDocument,643,2402.31
o7p1-single,RegisterDocument,644,2402.33
o7p1-single,RegisterDocument,645,2402.37
o7p1-single,RegisterDocument,646,2402.55
o7p1-single,RegisterDocument,647,2402.56
o7p1-single,RegisterDocument,648,2402.62
o7p1-single,RegisterDocument,649,2403.16
o7p1-single,RegisterDocument,650,2403.18
o7p1-single,RegisterDocument,651,2403.23
o7p1-single,RegisterDocument,652,2403.35
o7p1-single,RegisterDocument,653,2403.36
o7p1-single,RegisterDocument,654,2403.47
o7p1-single,RegisterDocument,655,2403.48
o7p1-single,RegisterDocument,656,2403.50
o7p1-single,RegisterDocument,657,2403.53
o7p1-single,RegisterDocument,658,2403.56
o7p1-single,RegisterDocument,659,2403.56
o7p1-single,RegisterDocument,660,2403.61
o7p1-single,RegisterDocument,661,2403.77
o7p1-single,RegisterDocument,662,2404.02
o7p1-single,RegisterDocument,663,2404.04
o7p1-single,RegisterDocument,664,2404.22
o7p1-single,RegisterDocument,665,2404.45
o7p1-single,RegisterDocument,666,2404.49
o7p1-single,RegisterDocument,667,2404.49
o7p1-single,RegisterDocument,668,2404.60
o7p1-single,RegisterDocument,669,2404.67
o7p1-single,RegisterDocument,670,2404.71
o7p1-single,RegisterDocument,671,2404.80
o7p1-single,RegisterDocument,672,2404.85
o7p1-single,RegisterDocument,673,2404.94
o7p1-single,RegisterDocument,674,2405.13
o7p1-single,RegisterDocument,675,2405.15
o7p1-single,RegisterDocument,676,2405.31
o7p1-single,RegisterDocument,677,2405.51
o7p1-single,RegisterDocument,678,2405.54
o7p1-single,RegisterDocument,679,2405.58
o7p1-single,RegisterDocument,680,2405.83
o7p1-single,RegisterDocument,681,2405.86
o7p1-single,RegisterDocument,682,2405.95
o7p1-single,RegisterDocument,683,2406.03
o7p1-single,RegisterDocument,684,2406.03
o7p1-single,RegisterDocument,685,2406.06
o7p1-single,RegisterDocument,686,2406.14
o7p1-single,RegisterDocument,687,2406.24
o7p1-single,RegisterDocument,688,2406.37
o7p1-single,RegisterDocument,689,2406.53
o7p1-single,RegisterDocument,690,2406.89
o7p1-single,RegisterDocument,691,2406.91
o7p1-single,RegisterDocument,692,2406.93
o7p1-single,RegisterDocument,693,2407.02
o7p1-single,RegisterDocument,694,2407.18
o7p1-single,RegisterDocument,695,2407.41
o7p1-single,RegisterDocument,696,2407.59
o7p1-single,RegisterDocument,697,2407.73
o7p1-single,RegisterDocument,698,2407.81
o7p1-single,RegisterDocument,699,2407.83
o7p1-single,RegisterDocument,700,2407.85
o7p1-single,RegisterDocument,701,2407.86
o7p1-single,RegisterDocument,702,2407.91
o7p1-single,RegisterDocument,703,2408.21
o7p1-single,RegisterDocument,704,2408.24
o7p1-single,RegisterDocument,705,2408.25
o7p1-single,RegisterDocument,706,2408.30
o7p1-single,RegisterDocument,707,2408.37
o7p1-single,RegisterDocument,708,2408.41
o7p1-single,RegisterDocument,709,2408.57
o7p1-single,RegisterDocument,710,2408.60
o7p1-single,RegisterDocument,711,2408.67
o7p1-single,RegisterDocument,712,2408.75
o7p1-single,RegisterDocument,713,2408.85
o7p1-single,RegisterDocument,714,2408.86
o7p1-single,RegisterDocument,715,2408.86
o7p1-single,RegisterDocument,716,2408.94
o7p1-single,RegisterDocument,717,2408.96
o7p1-single,RegisterDocument,718,2408.96
o7p1-single,RegisterDocument,719,2408.97
o7p1-single,RegisterDocument,720,2409.04
o7p1-single,RegisterDocument,721,2409.19
o7p1-single,RegisterDocument,722,2409.19
o7p1-single,RegisterDocument,723,2409.23
o7p1-single,RegisterDocument,724,2409.38
o7p1-single,RegisterDocument,725,2409.59
o7p1-single,RegisterDocument,726,2409.70
o7p1-single,RegisterDocument,727,2409.72
o7p1-single,RegisterDocument,728,2409.73
o7p1-single,RegisterDocument,729,2409.74
o7p1-single,RegisterDocument,730,2409.82
o7p1-single,RegisterDocument,731,2410.30
o7p1-single,RegisterDocument,732,2410.31
o7p1-single,RegisterDocument,733,2410.32
o7p1-single,RegisterDocument,734,2410.35
o7p1-single,RegisterDocument,735,2410.37
o7p1-single,RegisterDocument,736,2410.41
o7p1-single,RegisterDocument,737,2410.62
o7p1-single,RegisterDocument,738,2410.75
o7p1-single,RegisterDocument,739,2410.85
o7p1-single,RegisterDocument,740,2410.86
o7p1-single,RegisterDocument,741,2411.09
o7p1-single,RegisterDocument,742,2411.12
o7p1-single,RegisterDocument,743,2411.20
o7p1-single,RegisterDocument,744,2411.25
o7p1-single,RegisterDocument,745,2411.40
o7p1-single,RegisterDocument,746,2411.49
o7p1-single,RegisterDocument,747,2411.51
o7p1-single,RegisterDocument,748,2411.56
o7p1-single,RegisterDocument,749,2411.62
o7p1-single,RegisterDocument,750,2411.73
o7p1-single,RegisterDocument,751,2411.74
o7p1-single,RegisterDocument,752,2411.85
o7p1-single,RegisterDocument,753,2411.86
o7p1-single,RegisterDocument,754,2412.26
o7p1-single,RegisterDocument,755,2412.42
o7p1-single,RegisterDocument,756,2412.46
o7p1-single,RegisterDocument,757,2412.51
o7p1-single,RegisterDocument,758,2412.51
o7p1-single,RegisterDocument,759,2412.62
o7p1-single,RegisterDocument,760,2412.64
o7p1-single,RegisterDocument,761,2412.67
o7p1-single,RegisterDocument,762,2412.67
o7p1-single,RegisterDocument,763,2412.79
o7p1-single,RegisterDocument,764,2412.91
o7p1-single,RegisterDocument,765,2412.92
o7p1-single,RegisterDocument,766,2412.94
o7p1-single,RegisterDocument,767,2413.10
o7p1-single,RegisterDocument,768,2413.14
o7p1-single,RegisterDocument,769,2413.19
o7p1-single,RegisterDocument,770,2413.26
o7p1-single,RegisterDocument,771,2413.33
o7p1-single,RegisterDocument,772,2413.45
o7p1-single,RegisterDocument,773,2413.50
o7p1-single,RegisterDocument,774,2413.53
o7p1-single,RegisterDocument,775,2413.57
o7p1-single,RegisterDocument,776,2413.62
o7p1-single,RegisterDocument,777,2413.68
o7p1-single,RegisterDocument,778,2413.70
o7p1-single,RegisterDocument,779,2413.75
o7p1-single,RegisterDocument,780,2413.78
o7p1-single,RegisterDocument,781,2413.90
o7p1-single,RegisterDocument,782,2414.03
o7p1-single,RegisterDocument,783,2414.04
o7p1-single,RegisterDocument,784,2414.06
o7p1-single,RegisterDocument,785,2414.09
o7p1-single,RegisterDocument,786,2414.17
o7p1-single,RegisterDocument,787,2414.28
o7p1-single,RegisterDocument,788,2414.46
o7p1-single,RegisterDocument,789,2414.54
o7p1-single,RegisterDocument,790,2414.55
o7p1-single,RegisterDocument,791,2414.64
o7p1-single,RegisterDocument,792,2414.71
o7p1-single,RegisterDocument,793,2414.82
o7p1-single,RegisterDocument,794,2414.83
o7p1-single,RegisterDocument,795,2415.00
o7p1-single,RegisterDocument,796,2415.06
o7p1-single,RegisterDocument,797,2415.15
o7p1-single,RegisterDocument,798,2415.20
o7p1-single,RegisterDocument,799,2415.21
o7p1-single,RegisterDocument,800,2415.32
o7p1-single,RegisterDocument,801,2415.49
o7p1-single,RegisterDocument,802,2415.52
o7p1-single,RegisterDocument,803,2415.52
o7p1-single,RegisterDocument,804,2415.67
o7p1-single,RegisterDocument,805,2415.79
o7p1-single,RegisterDocument,806,2415.81
o7p1-single,RegisterDocument,807,2415.91
o7p1-single,RegisterDocument,808,2416.03
o7p1-single,RegisterDocument,809,2416.08
o7p1-single,RegisterDocument,810,2416.13
o7p1-single,RegisterDocument,811,2416.20
o7p1-single,RegisterDocument,812,2416.33
o7p1-single,RegisterDocument,813,2416.35
o7p1-single,RegisterDocument,814,2416.40
o7p1-single,RegisterDocument,815,2416.46
o7p1-single,RegisterDocument,816,2416.70
o7p1-single,RegisterDocument,817,2416.75
o7p1-single,RegisterDocument,818,2416.82
o7p1-single,RegisterDocument,819,2416.85
o7p1-single,RegisterDocument,820,2416.87
o7p1-single,RegisterDocument,821,2416.91
o7p1-single,RegisterDocument,822,2416.91
o7p1-single,RegisterDocument,823,2416.95
o7p1-single,RegisterDocument,824,2417.13
o7p1-single,RegisterDocument,825,2417.27
o7p1-single,RegisterDocument,826,2417.44
o7p1-single,RegisterDocument,827,2417.51
o7p1-single,RegisterDocument,828,2417.63
o7p1-single,RegisterDocument,829,2417.75
o7p1-single,RegisterDocument,830,2417.79
o7p1-single,RegisterDocument,831,2417.86
o7p1-single,RegisterDocument,832,2417.88
o7p1-single,RegisterDocument,833,2417.89
o7p1-single,RegisterDocument,834,2417.95
o7p1-single,RegisterDocument,835,2417.96
o7p1-single,RegisterDocument,836,2418.07
o7p1-single,RegisterDocument,837,2418.50
o7p1-single,RegisterDocument,838,2418.51
o7p1-single,RegisterDocument,839,2418.61
o7p1-single,RegisterDocument,840,2418.62
o7p1-single,RegisterDocument,841,2418.67
o7p1-single,RegisterDocument,842,2418.83
o7p1-single,RegisterDocument,843,2418.84
o7p1-single,RegisterDocument,844,2418.84
o7p1-single,RegisterDocument,845,2418.88
o7p1-single,RegisterDocument,846,2418.92
o7p1-single,RegisterDocument,847,2419.03
o7p1-single,RegisterDocument,848,2419.12
o7p1-single,RegisterDocument,849,2419.15
o7p1-single,RegisterDocument,850,2419.18
o7p1-single,RegisterDocument,851,2419.23
o7p1-single,RegisterDocument,852,2419.31
o7p1-single,RegisterDocument,853,2419.40
o7p1-single,RegisterDocument,854,2419.45
o7p1-single,RegisterDocument,855,2419.48
o7p1-single,RegisterDocument,856,2419.91
o7p1-single,RegisterDocument,857,2420.03
o7p1-single,RegisterDocument,858,2420.09
o7p1-single,RegisterDocument,859,2420.13
o7p1-single,RegisterDocument,860,2420.13
o7p1-single,RegisterDocument,861,2420.16
o7p1-single,RegisterDocument,862,2420.16
o7p1-single,RegisterDocument,863,2420.21
o7p1-single,RegisterDocument,864,2420.34
o7p1-single,RegisterDocument,865,2420.56
o7p1-single,RegisterDocument,866,2420.57
o7p1-single,RegisterDocument,867,2420.86
o7p1-single,RegisterDocument,868,2420.93
o7p1-single,RegisterDocument,869,2421.03
o7p1-single,RegisterDocument,870,2421.05
o7p1-single,RegisterDocument,871,2421.42
o7p1-single,RegisterDocument,872,2421.67
o7p1-single,RegisterDocument,873,2421.68
o7p1-single,RegisterDocument,874,2421.76
o7p1-single,RegisterDocument,875,2421.79
o7p1-single,RegisterDocument,876,2421.79
o7p1-single,RegisterDocument,877,2422.23
o7p1-single,RegisterDocument,878,2422.28
o7p1-single,RegisterDocument,879,2422.30
o7p1-single,RegisterDocument,880,2422.33
o7p1-single,RegisterDocument,881,2422.36
o7p1-single,RegisterDocument,882,2422.46
o7p1-single,RegisterDocument,883,2422.48
o7p1-single,RegisterDocument,884,2422.68
o7p1-single,RegisterDocument,885,2422.69
o7p1-single,RegisterDocument,886,2422.95
o7p1-single,RegisterDocument,887,2423.04
o7p1-single,RegisterDocument,888,2423.05
o7p1-single,RegisterDocument,889,2423.06
o7p1-single,RegisterDocument,890,2423.09
o7p1-single,RegisterDocument,891,2423.10
o7p1-single,RegisterDocument,892,2423.21
o7p1-single,RegisterDocument,893,2423.23
o7p1-single,RegisterDocument,894,2423.26
o7p1-single,RegisterDocument,895,2423.41
o7p1-single,RegisterDocument,896,2423.42
o7p1-single,RegisterDocument,897,2423.52
o7p1-single,RegisterDocument,898,2423.57
o7p1-single,RegisterDocument,899,2423.64
o7p1-single,RegisterDocument,900,2423.72
o7p1-single,RegisterDocument,901,2423.78
o7p1-single,RegisterDocument,902,2423.79
o7p1-single,RegisterDocument,903,2423.79
o7p1-single,RegisterDocument,904,2423.90
o7p1-single,RegisterDocument,905,2423.91
o7p1-single,RegisterDocument,906,2423.97
o7p1-single,RegisterDocument,907,2424.15
o7p1-single,RegisterDocument,908,2424.28
o7p1-single,RegisterDocument,909,2424.55
o7p1-single,RegisterDocument,910,2424.57
o7p1-single,RegisterDocument,911,2424.59
o7p1-single,RegisterDocument,912,2424.63
o7p1-single,RegisterDocument,913,2424.70
o7p1-single,RegisterDocument,914,2424.74
o7p1-single,RegisterDocument,915,2425.02
o7p1-single,RegisterDocument,916,2425.04
o7p1-single,RegisterDocument,917,2425.09
o7p1-single,RegisterDocument,918,2425.14
o7p1-single,RegisterDocument,919,2425.23
o7p1-single,RegisterDocument,920,2425.26
o7p1-single,RegisterDocument,921,2425.32
o7p1-single,RegisterDocument,922,2425.33
o7p1-single,RegisterDocument,923,2425.46
o7p1-single,RegisterDocument,924,2425.47
o7p1-single,RegisterDocument,925,2425.49
o7p1-single,RegisterDocument,926,2425.53
o7p1-single,RegisterDocument,927,2425.77
o7p1-single,RegisterDocument,928,2425.97
o7p1-single,RegisterDocument,929,2426.00
o7p1-single,RegisterDocument,930,2426.02
o7p1-single,RegisterDocument,931,2426.03
o7p1-single,RegisterDocument,932,2426.22
o7p1-single,RegisterDocument,933,2426.25
o7p1-single,RegisterDocument,934,2426.35
o7p1-single,RegisterDocument,935,2426.36
o7p1-single,RegisterDocument,936,2426.41
o7p1-single,RegisterDocument,937,2426.43
o7p1-single,RegisterDocument,938,2426.55
o7p1-single,RegisterDocument,939,2426.78
o7p1-single,RegisterDocument,940,2426.81
o7p1-single,RegisterDocument,941,2427.02
o7p1-single,RegisterDocument,942,2427.20
o7p1-single,RegisterDocument,943,2427.25
o7p1-single,RegisterDocument,944,2427.38
o7p1-single,RegisterDocument,945,2427.40
o7p1-single,RegisterDocument,946,2427.40
o7p1-single,RegisterDocument,947,2427.62
o7p1-single,RegisterDocument,948,2427.71
o7p1-single,RegisterDocument,949,2427.90
o7p1-single,RegisterDocument,950,2428.04
o7p1-single,RegisterDocument,951,2428.05
o7p1-single,RegisterDocument,952,2428.10
o7p1-single,RegisterDocument,953,2428.12
o7p1-single,RegisterDocument,954,2428.53
o7p1-single,RegisterDocument,955,2428.54
o7p1-single,RegisterDocument,956,2428.61
o7p1-single,RegisterDocument,957,2428.77
o7p1-single,RegisterDocument,958,2428.92
o7p1-single,RegisterDocument,959,2428.97
o7p1-single,RegisterDocument,960,2429.01
o7p1-single,RegisterDocument,961,2429.01
o7p1-single,RegisterDocument,962,2429.14
o7p1-single,RegisterDocument,963,2429.16
o7p1-single,RegisterDocument,964,2429.18
o7p1-single,RegisterDocument,965,2429.39
o7p1-single,RegisterDocument,966,2429.44
o7p1-single,RegisterDocument,967,2429.52
o7p1-single,RegisterDocument,968,2429.54
o7p1-single,RegisterDocument,969,2429.56
o7p1-single,RegisterDocument,970,2429.58
o7p1-single,RegisterDocument,971,2429.60
o7p1-single,RegisterDocument,972,2429.79
o7p1-single,RegisterDocument,973,2429.87
o7p1-single,RegisterDocument,974,2429.93
o7p1-single,RegisterDocument,975,2429.93
o7p1-single,RegisterDocument,976,2430.12
o7p1-single,RegisterDocument,977,2430.29
o7p1-single,RegisterDocument,978,2430.34
o7p1-single,RegisterDocument,979,2430.45
o7p1-single,RegisterDocument,980,2430.48
o7p1-single,RegisterDocument,981,2430.53
o7p1-single,RegisterDocument,982,2430.58
o7p1-single,RegisterDocument,983,2430.58
o7p1-single,RegisterDocument,984,2430.61
o7p1-single,RegisterDocument,985,2430.66
o7p1-single,RegisterDocument,986,2430.78
o7p1-single,RegisterDocument,987,2430.80
o7p1-single,RegisterDocument,988,2430.83
o7p1-single,RegisterDocument,989,2430.88
o7p1-single,RegisterDocument,990,2430.95
o7p1-single,RegisterDocument,991,2430.97
o7p1-single,RegisterDocument,992,2431.13
o7p1-single,RegisterDocument,993,2431.14
o7p1-single,RegisterDocument,994,2431.25
o7p1-single,RegisterDocument,995,2431.38
o7p1-single,RegisterDocument,996,2431.56
o7p1-single,RegisterDocument,997,2431.59
o7p1-single,RegisterDocument,998,2431.66
o7p1-single,RegisterDocument,999,2431.77
o7p1-single,RegisterDocument,1000,2431.77
o7p1-single,RegisterDocument,1001,2431.80
o7p1-single,RegisterDocument,1002,2431.82
o7p1-single,RegisterDocument,1003,2431.87
o7p1-single,RegisterDocument,1004,2431.96
o7p1-single,RegisterDocument,1005,2432.00
o7p1-single,RegisterDocument,1006,2432.01
o7p1-single,RegisterDocument,1007,2432.33
o7p1-single,RegisterDocument,1008,2432.35
o7p1-single,RegisterDocument,1009,2432.35
o7p1-single,RegisterDocument,1010,2432.45
o7p1-single,RegisterDocument,1011,2432.46
o7p1-single,RegisterDocument,1012,2432.48
o7p1-single,RegisterDocument,1013,2432.54
o7p1-single,RegisterDocument,1014,2432.55
o7p1-single,RegisterDocument,1015,2432.58
o7p1-single,RegisterDocument,1016,2432.66
o7p1-single,RegisterDocument,1017,2432.73
o7p1-single,RegisterDocument,1018,2432.74
o7p1-single,RegisterDocument,1019,2432.79
o7p1-single,RegisterDocument,1020,2432.82
o7p1-single,RegisterDocument,1021,2432.83
o7p1-single,RegisterDocument,1022,2432.92
o7p1-single,RegisterDocument,1023,2432.99
o7p1-single,RegisterDocument,1024,2433.28
o7p1-single,RegisterDocument,1025,2433.31
o7p1-single,RegisterDocument,1026,2433.41
o7p1-single,RegisterDocument,1027,2433.47
o7p1-single,RegisterDocument,1028,2433.49
o7p1-single,RegisterDocument,1029,2433.50
o7p1-single,RegisterDocument,1030,2433.55
o7p1-single,RegisterDocument,1031,2433.76
o7p1-single,RegisterDocument,1032,2434.05
o7p1-single,RegisterDocument,1033,2434.15
o7p1-single,RegisterDocument,1034,2434.16
o7p1-single,RegisterDocument,1035,2434.25
o7p1-single,RegisterDocument,1036,2434.42
o7p1-single,RegisterDocument,1037,2434.54
o7p1-single,RegisterDocument,1038,2434.69
o7p1-single,RegisterDocument,1039,2434.71
o7p1-single,RegisterDocument,1040,2434.73
o7p1-single,RegisterDocument,1041,2434.76
o7p1-single,RegisterDocument,1042,2434.81
o7p1-single,RegisterDocument,1043,2435.01
o7p1-single,RegisterDocument,1044,2435.09
o7p1-single,RegisterDocument,1045,2435.15
o7p1-single,RegisterDocument,1046,2435.19
o7p1-single,RegisterDocument,1047,2435.30
o7p1-single,RegisterDocument,1048,2435.54
o7p1-single,RegisterDocument,1049,2435.60
o7p1-single,RegisterDocument,1050,2435.73
o7p1-single,RegisterDocument,1051,2435.74
o7p1-single,RegisterDocument,1052,2435.77
o7p1-single,RegisterDocument,1053,2435.93
o7p1-single,RegisterDocument,1054,2436.03
o7p1-single,RegisterDocument,1055,2436.04
o7p1-single,RegisterDocument,1056,2436.27
o7p1-single,RegisterDocument,1057,2436.38
o7p1-single,RegisterDocument,1058,2436.57
o7p1-single,RegisterDocument,1059,2436.60
o7p1-single,RegisterDocument,1060,2436.61
o7p1-single,RegisterDocument,1061,2436.62
o7p1-single,RegisterDocument,1062,2436.65
o7p1-single,RegisterDocument,1063,2436.66
o7p1-single,RegisterDocument,1064,2436.67
o7p1-single,RegisterDocument,1065,2436.76
o7p1-single,RegisterDocument,1066,2436.86
o7p1-single,RegisterDocument,1067,2436.91
o7p1-single,RegisterDocument,1068,2437.00
o7p1-single,RegisterDocument,1069,2437.14
o7p1-single,RegisterDocument,1070,2437.17
o7p1-single,RegisterDocument,1071,2437.29
o7p1-single,RegisterDocument,1072,2437.41
o7p1-single,RegisterDocument,1073,2437.48
o7p1-single,RegisterDocument,1074,2437.58
o7p1-single,RegisterDocument,1075,2437.60
o7p1-single,RegisterDocument,1076,2437.60
o7p1-single,RegisterDocument,1077,2437.60
o7p1-single,RegisterDocument,1078,2437.61
o7p1-single,RegisterDocument,1079,2437.64
o7p1-single,RegisterDocument,1080,2437.64
o7p1-single,RegisterDocument,1081,2437.66
o7p1-single,RegisterDocument,1082,2437.74
o7p1-single,RegisterDocument,1083,2437.82
o7p1-single,RegisterDocument,1084,2438.01
o7p1-single,RegisterDocument,1085,2438.02
o7p1-single,RegisterDocument,1086,2438.16
o7p1-single,RegisterDocument,1087,2438.16
o7p1-single,RegisterDocument,1088,2438.22
o7p1-single,RegisterDocument,1089,2438.62
o7p1-single,RegisterDocument,1090,2438.65
o7p1-single,RegisterDocument,1091,2438.77
o7p1-single,RegisterDocument,1092,2438.79
o7p1-single,RegisterDocument,1093,2438.96
o7p1-single,RegisterDocument,1094,2439.01
o7p1-single,RegisterDocument,1095,2439.04
o7p1-single,RegisterDocument,1096,2439.22
o7p1-single,RegisterDocument,1097,2439.39
o7p1-single,RegisterDocument,1098,2439.41
o7p1-single,RegisterDocument,1099,2439.82
o7p1-single,RegisterDocument,1100,2439.86
o7p1-single,RegisterDocument,1101,2439.96
o7p1-single,RegisterDocument,1102,2440.13
o7p1-single,RegisterDocument,1103,2440.19
o7p1-single,RegisterDocument,1104,2440.24
o7p1-single,RegisterDocument,1105,2440.63
o7p1-single,RegisterDocument,1106,2440.70
o7p1-single,RegisterDocument,1107,2440.89
o7p1-single,RegisterDocument,1108,2440.90
o7p1-single,RegisterDocument,1109,2440.92
o7p1-single,RegisterDocument,1110,2440.96
o7p1-single,RegisterDocument,1111,2440.99
o7p1-single,RegisterDocument,1112,2441.11
o7p1-single,RegisterDocument,1113,2441.28
o7p1-single,RegisterDocument,1114,2441.38
o7p1-single,RegisterDocument,1115,2441.48
o7p1-single,RegisterDocument,1116,2441.52
o7p1-single,RegisterDocument,1117,2441.62
o7p1-single,RegisterDocument,1118,2441.63
o7p1-single,RegisterDocument,1119,2441.79
o7p1-single,RegisterDocument,1120,2441.90
o7p1-single,RegisterDocument,1121,2442.00
o7p1-single,RegisterDocument,1122,2442.06
o7p1-single,RegisterDocument,1123,2442.14
o7p1-single,RegisterDocument,1124,2442.31
o7p1-single,RegisterDocument,1125,2442.32
o7p1-single,RegisterDocument,1126,2442.43
o7p1-single,RegisterDocument,1127,2442.50
o7p1-single,RegisterDocument,1128,2442.54
o7p1-single,RegisterDocument,1129,2442.61
o7p1-single,RegisterDocument,1130,2442.64
o7p1-single,RegisterDocument,1131,2442.66
o7p1-single,RegisterDocument,1132,2442.80
o7p1-single,RegisterDocument,1133,2442.99
o7p1-single,RegisterDocument,1134,2443.02
o7p1-single,RegisterDocument,1135,2443.08
o7p1-single,RegisterDocument,1136,2443.08
o7p1-single,RegisterDocument,1137,2443.14
o7p1-single,RegisterDocument,1138,2443.15
o7p1-single,RegisterDocument,1139,2443.15
o7p1-single,RegisterDocument,1140,2443.25
o7p1-single,RegisterDocument,1141,2443.35
o7p1-single,RegisterDocument,1142,2443.37
o7p1-single,RegisterDocument,1143,2443.47
o7p1-single,RegisterDocument,1144,2443.54
o7p1-single,RegisterDocument,1145,2443.78
o7p1-single,RegisterDocument,1146,2443.97
o7p1-single,RegisterDocument,1147,2444.03
o7p1-single,RegisterDocument,1148,2444.15
o7p1-single,RegisterDocument,1149,2444.22
o7p1-single,RegisterDocument,1150,2444.34
o7p1-single,RegisterDocument,1151,2444.35
o7p1-single,RegisterDocument,1152,2444.40
o7p1-single,RegisterDocument,1153,2444.45
o7p1-single,RegisterDocument,1154,2444.47
o7p1-single,RegisterDocument,1155,2444.49
o7p1-single,RegisterDocument,1156,2444.77
o7p1-single,RegisterDocument,1157,2444.81
o7p1-single,RegisterDocument,1158,2444.82
o7p1-single,RegisterDocument,1159,2444.90
o7p1-single,RegisterDocument,1160,2444.99
o7p1-single,RegisterDocument,1161,2445.09
o7p1-single,RegisterDocument,1162,2445.10
o7p1-single,RegisterDocument,1163,2445.20
o7p1-single,RegisterDocument,1164,2445.23
o7p1-single,RegisterDocument,1165,2445.31
o7p1-single,RegisterDocument,1166,2445.33
o7p1-single,RegisterDocument,1167,2445.47
o7p1-single,RegisterDocument,1168,2445.55
o7p1-single,RegisterDocument,1169,2445.55
o7p1-single,RegisterDocument,1170,2445.78
o7p1-single,RegisterDocument,1171,2445.80
o7p1-single,RegisterDocument,1172,2445.86
o7p1-single,RegisterDocument,1173,2445.95
o7p1-single,RegisterDocument,1174,2446.01
o7p1-single,RegisterDocument,1175,2446.06
o7p1-single,RegisterDocument,1176,2446.13
o7p1-single,RegisterDocument,1177,2446.13
o7p1-single,RegisterDocument,1178,2446.22
o7p1-single,RegisterDocument,1179,2446.30
o7p1-single,RegisterDocument,1180,2446.32
o7p1-single,RegisterDocument,1181,2446.37
o7p1-single,RegisterDocument,1182,2446.39
o7p1-single,RegisterDocument,1183,2446.57
o7p1-single,RegisterDocument,1184,2446.58
o7p1-single,RegisterDocument,1185,2446.59
o7p1-single,RegisterDocument,1186,2446.78
o7p1-single,RegisterDocument,1187,2447.13
o7p1-single,RegisterDocument,1188,2447.17
o7p1-single,RegisterDocument,1189,2447.18
o7p1-single,RegisterDocument,1190,2447.20
o7p1-single,RegisterDocument,1191,2447.30
o7p1-single,RegisterDocument,1192,2447.33
o7p1-single,RegisterDocument,1193,2447.44
o7p1-single,RegisterDocument,1194,2447.72
o7p1-single,RegisterDocument,1195,2447.78
o7p1-single,RegisterDocument,1196,2447.79
o7p1-single,RegisterDocument,1197,2447.83
o7p1-single,RegisterDocument,1198,2447.87
o7p1-single,RegisterDocument,1199,2447.95
o7p1-single,RegisterDocument,1200,2447.97
o7p1-single,RegisterDocument,1201,2448.00
o7p1-single,RegisterDocument,1202,2448.04
o7p1-single,RegisterDocument,1203,2448.40
o7p1-single,RegisterDocument,1204,2448.48
o7p1-single,RegisterDocument,1205,2448.53
o7p1-single,RegisterDocument,1206,2448.58
o7p1-single,RegisterDocument,1207,2448.60
o7p1-single,RegisterDocument,1208,2448.63
o7p1-single,RegisterDocument,1209,2448.70
o7p1-single,RegisterDocument,1210,2448.74
o7p1-single,RegisterDocument,1211,2448.75
o7p1-single,RegisterDocument,1212,2448.75
o7p1-single,RegisterDocument,1213,2448.86
o7p1-single,RegisterDocument,1214,2448.87
o7p1-single,RegisterDocument,1215,2449.00
o7p1-single,RegisterDocument,1216,2449.05
o7p1-single,RegisterDocument,1217,2449.09
o7p1-single,RegisterDocument,1218,2449.14
o7p1-single,RegisterDocument,1219,2449.27
o7p1-single,RegisterDocument,1220,2449.27
o7p1-single,RegisterDocument,1221,2449.45
o7p1-single,RegisterDocument,1222,2449.62
o7p1-single,RegisterDocument,1223,2449.71
o7p1-single,RegisterDocument,1224,2449.74
o7p1-single,RegisterDocument,1225,2449.81
o7p1-single,RegisterDocument,1226,2449.87
o7p1-single,RegisterDocument,1227,2449.95
o7p1-single,RegisterDocument,1228,2450.05
o7p1-single,RegisterDocument,1229,2450.06
o7p1-single,RegisterDocument,1230,2450.17
o7p1-single,RegisterDocument,1231,2450.21
o7p1-single,RegisterDocument,1232,2450.25
o7p1-single,RegisterDocument,1233,2450.55
o7p1-single,RegisterDocument,1234,2450.57
o7p1-single,RegisterDocument,1235,2450.67
o7p1-single,RegisterDocument,1236,2450.70
o7p1-single,RegisterDocument,1237,2450.81
o7p1-single,RegisterDocument,1238,2450.92
o7p1-single,RegisterDocument,1239,2451.03
o7p1-single,RegisterDocument,1240,2451.05
o7p1-single,RegisterDocument,1241,2451.10
o7p1-single,RegisterDocument,1242,2451.31
o7p1-single,RegisterDocument,1243,2451.35
o7p1-single,RegisterDocument,1244,2451.39
o7p1-single,RegisterDocument,1245,2451.40
o7p1-single,RegisterDocument,1246,2451.48
o7p1-single,RegisterDocument,1247,2451.52
o7p1-single,RegisterDocument,1248,2451.52
o7p1-single,RegisterDocument,1249,2451.60
o7p1-single,RegisterDocument,1250,2451.78
o7p1-single,RegisterDocument,1251,2451.88
o7p1-single,RegisterDocument,1252,2452.16
o7p1-single,RegisterDocument,1253,2452.24
o7p1-single,RegisterDocument,1254,2452.35
o7p1-single,RegisterDocument,1255,2452.37
o7p1-single,RegisterDocument,1256,2452.37
o7p1-single,RegisterDocument,1257,2452.37
o7p1-single,RegisterDocument,1258,2452.46
o7p1-single,RegisterDocument,1259,2452.67
o7p1-single,RegisterDocument,1260,2452.79
o7p1-single,RegisterDocument,1261,2452.79
o7p1-single,RegisterDocument,1262,2453.24
o7p1-single,RegisterDocument,1263,2453.30
o7p1-single,RegisterDocument,1264,2453.37
o7p1-single,RegisterDocument,1265,2453.46
o7p1-single,RegisterDocument,1266,2453.48
o7p1-single,RegisterDocument,1267,2453.69
o7p1-single,RegisterDocument,1268,2453.73
o7p1-single,RegisterDocument,1269,2453.85
o7p1-single,RegisterDocument,1270,2453.92
o7p1-single,RegisterDocument,1271,2454.06
o7p1-single,RegisterDocument,1272,2454.20
o7p1-single,RegisterDocument,1273,2454.25
o7p1-single,RegisterDocument,1274,2454.26
o7p1-single,RegisterDocument,1275,2454.30
o7p1-single,RegisterDocument,1276,2454.35
o7p1-single,RegisterDocument,1277,2454.60
o7p1-single,RegisterDocument,1278,2454.72
o7p1-single,RegisterDocument,1279,2454.83
o7p1-single,RegisterDocument,1280,2454.85
o7p1-single,RegisterDocument,1281,2454.94
o7p1-single,RegisterDocument,1282,2455.02
o7p1-single,RegisterDocument,1283,2455.41
o7p1-single,RegisterDocument,1284,2455.44
o7p1-single,RegisterDocument,1285,2455.50
o7p1-single,RegisterDocument,1286,2455.53
o7p1-single,RegisterDocument,1287,2455.57
o7p1-single,RegisterDocument,1288,2455.64
o7p1-single,RegisterDocument,1289,2455.97
o7p1-single,RegisterDocument,1290,2456.05
o7p1-single,RegisterDocument,1291,2456.05
o7p1-single,RegisterDocument,1292,2456.16
o7p1-single,RegisterDocument,1293,2456.30
o7p1-single,RegisterDocument,1294,2456.31
o7p1-single,RegisterDocument,1295,2456.38
o7p1-single,RegisterDocument,1296,2456.67
o7p1-single,RegisterDocument,1297,2456.70
o7p1-single,RegisterDocument,1298,2456.81
o7p1-single,RegisterDocument,1299,2457.09
o7p1-single,RegisterDocument,1300,2457.12
o7p1-single,RegisterDocument,1301,2457.16
o7p1-single,RegisterDocument,1302,2457.28
o7p1-single,RegisterDocument,1303,2457.31
o7p1-single,RegisterDocument,1304,2457.33
o7p1-single,RegisterDocument,1305,2457.75
o7p1-single,RegisterDocument,1306,2457.95
o7p1-single,RegisterDocument,1307,2458.11
o7p1-single,RegisterDocument,1308,2458.12
o7p1-single,RegisterDocument,1309,2458.20
o7p1-single,RegisterDocument,1310,2458.24
o7p1-single,RegisterDocument,1311,2458.25
o7p1-single,RegisterDocument,1312,2458.55
o7p1-single,RegisterDocument,1313,2458.64
o7p1-single,RegisterDocument,1314,2458.70
o7p1-single,RegisterDocument,1315,2458.75
o7p1-single,RegisterDocument,1316,2458.81
o7p1-single,RegisterDocument,1317,2458.91
o7p1-single,RegisterDocument,1318,2458.93
o7p1-single,RegisterDocument,1319,2459.00
o7p1-single,RegisterDocument,1320,2459.02
o7p1-single,RegisterDocument,1321,2459.17
o7p1-single,RegisterDocument,1322,2459.46
o7p1-single,RegisterDocument,1323,2459.49
o7p1-single,RegisterDocument,1324,2459.51
o7p1-single,RegisterDocument,1325,2459.55
o7p1-single,RegisterDocument,1326,2459.57
o7p1-single,RegisterDocument,1327,2459.60
o7p1-single,RegisterDocument,1328,2459.67
o7p1-single,RegisterDocument,1329,2460.17
o7p1-single,RegisterDocument,1330,2460.20
o7p1-single,RegisterDocument,1331,2460.25
o7p1-single,RegisterDocument,1332,2460.60
o7p1-single,RegisterDocument,1333,2460.73
o7p1-single,RegisterDocument,1334,2460.80
o7p1-single,RegisterDocument,1335,2460.84
o7p1-single,RegisterDocument,1336,2460.88
o7p1-single,RegisterDocument,1337,2461.10
o7p1-single,RegisterDocument,1338,2461.22
o7p1-single,RegisterDocument,1339,2461.30
o7p1-single,RegisterDocument,1340,2461.30
o7p1-single,RegisterDocument,1341,2461.34
o7p1-single,RegisterDocument,1342,2461.49
o7p1-single,RegisterDocument,1343,2461.49
o7p1-single,RegisterDocument,1344,2461.51
o7p1-single,RegisterDocument,1345,2461.57
o7p1-single,RegisterDocument,1346,2461.82
o7p1-single,RegisterDocument,1347,2461.90
o7p1-single,RegisterDocument,1348,2461.92
o7p1-single,RegisterDocument,1349,2461.93
o7p1-single,RegisterDocument,1350,2462.05
o7p1-single,RegisterDocument,1351,2462.24
o7p1-single,RegisterDocument,1352,2462.33
o7p1-single,RegisterDocument,1353,2462.58
o7p1-single,RegisterDocument,1354,2462.64
o7p1-single,RegisterDocument,1355,2462.66
o7p1-single,RegisterDocument,1356,2462.68
o7p1-single,RegisterDocument,1357,2462.69
o7p1-single,RegisterDocument,1358,2462.76
o7p1-single,RegisterDocument,1359,2462.81
o7p1-single,RegisterDocument,1360,2462.95
o7p1-single,RegisterDocument,1361,2463.13
o7p1-single,RegisterDocument,1362,2463.16
o7p1-single,RegisterDocument,1363,2463.28
o7p1-single,RegisterDocument,1364,2463.40
o7p1-single,RegisterDocument,1365,2463.41
o7p1-single,RegisterDocument,1366,2463.54
o7p1-single,RegisterDocument,1367,2463.82
o7p1-single,RegisterDocument,1368,2463.86
o7p1-single,RegisterDocument,1369,2464.12
o7p1-single,RegisterDocument,1370,2464.45
o7p1-single,RegisterDocument,1371,2464.57
o7p1-single,RegisterDocument,1372,2464.62
o7p1-single,RegisterDocument,1373,2464.67
o7p1-single,RegisterDocument,1374,2464.73
o7p1-single,RegisterDocument,1375,2464.88
o7p1-single,RegisterDocument,1376,2464.93
o7p1-single,RegisterDocument,1377,2464.99
o7p1-single,RegisterDocument,1378,2464.99
o7p1-single,RegisterDocument,1379,2465.09
o7p1-single,RegisterDocument,1380,2465.22
o7p1-single,RegisterDocument,1381,2465.62
o7p1-single,RegisterDocument,1382,2465.69
o7p1-single,RegisterDocument,1383,2465.71
o7p1-single,RegisterDocument,1384,2465.78
o7p1-single,RegisterDocument,1385,2465.81
o7p1-single,RegisterDocument,1386,2466.03
o7p1-single,RegisterDocument,1387,2466.04
o7p1-single,RegisterDocument,1388,2466.40
o7p1-single,RegisterDocument,1389,2466.46
o7p1-single,RegisterDocument,1390,2466.49
o7p1-single,RegisterDocument,1391,2466.65
o7p1-single,RegisterDocument,1392,2466.70
o7p1-single,RegisterDocument,1393,2466.79
o7p1-single,RegisterDocument,1394,2466.80
o7p1-single,RegisterDocument,1395,2466.85
o7p1-single,RegisterDocument,1396,2467.08
o7p1-single,RegisterDocument,1397,2467.19
o7p1-single,RegisterDocument,1398,2467.21
o7p1-single,RegisterDocument,1399,2467.23
o7p1-single,RegisterDocument,1400,2467.27
o7p1-single,RegisterDocument,1401,2467.38
o7p1-single,RegisterDocument,1402,2467.45
o7p1-single,RegisterDocument,1403,2467.54
o7p1-single,RegisterDocument,1404,2467.64
o7p1-single,RegisterDocument,1405,2467.73
o7p1-single,RegisterDocument,1406,2467.83
o7p1-single,RegisterDocument,1407,2467.88
o7p1-single,RegisterDocument,1408,2467.93
o7p1-single,RegisterDocument,1409,2468.02
o7p1-single,RegisterDocument,1410,2468.05
o7p1-single,RegisterDocument,1411,2468.28
o7p1-single,RegisterDocument,1412,2468.28
o7p1-single,RegisterDocument,1413,2468.35
o7p1-single,RegisterDocument,1414,2468.53
o7p1-single,RegisterDocument,1415,2468.59
o7p1-single,RegisterDocument,1416,2468.69
o7p1-single,RegisterDocument,1417,2469.01
o7p1-single,RegisterDocument,1418,2469.13
o7p1-single,RegisterDocument,1419,2469.22
o7p1-single,RegisterDocument,1420,2469.24
o7p1-single,RegisterDocument,1421,2469.34
o7p1-single,RegisterDocument,1422,2469.50
o7p1-single,RegisterDocument,1423,2469.53
o7p1-single,RegisterDocument,1424,2469.72
o7p1-single,RegisterDocument,1425,2469.75
o7p1-single,RegisterDocument,1426,2469.76
o7p1-single,RegisterDocument,1427,2469.76
o7p1-single,RegisterDocument,1428,2469.78
o7p1-single,RegisterDocument,1429,2469.83
o7p1-single,RegisterDocument,1430,2470.10
o7p1-single,RegisterDocument,1431,2470.22
o7p1-single,RegisterDocument,1432,2470.24
o7p1-single,RegisterDocument,1433,2470.29
o7p1-single,RegisterDocument,1434,2470.31
o7p1-single,RegisterDocument,1435,2470.40
o7p1-single,RegisterDocument,1436,2470.53
o7p1-single,RegisterDocument,1437,2470.56
o7p1-single,RegisterDocument,1438,2470.61
o7p1-single,RegisterDocument,1439,2470.67
o7p1-single,RegisterDocument,1440,2470.81
o7p1-single,RegisterDocument,1441,2470.84
o7p1-single,RegisterDocument,1442,2470.86
o7p1-single,RegisterDocument,1443,2470.95
o7p1-single,RegisterDocument,1444,2471.13
o7p1-single,RegisterDocument,1445,2471.51
o7p1-single,RegisterDocument,1446,2471.52
o7p1-single,RegisterDocument,1447,2471.56
o7p1-single,RegisterDocument,1448,2471.57
o7p1-single,RegisterDocument,1449,2471.63
o7p1-single,RegisterDocument,1450,2471.70
o7p1-single,RegisterDocument,1451,2472.04
o7p1-single,RegisterDocument,1452,2472.55
o7p1-single,RegisterDocument,1453,2472.55
o7p1-single,RegisterDocument,1454,2472.74
o7p1-single,RegisterDocument,1455,2472.78
o7p1-single,RegisterDocument,1456,2473.09
o7p1-single,RegisterDocument,1457,2473.29
o7p1-single,RegisterDocument,1458,2473.47
o7p1-single,RegisterDocument,1459,2473.57
o7p1-single,RegisterDocument,1460,2473.67
o7p1-single,RegisterDocument,1461,2473.75
o7p1-single,RegisterDocument,1462,2473.81
o7p1-single,RegisterDocument,1463,2474.14
o7p1-single,RegisterDocument,1464,2474.25
o7p1-single,RegisterDocument,1465,2474.27
o7p1-single,RegisterDocument,1466,2474.35
o7p1-single,RegisterDocument,1467,2474.40
o7p1-single,RegisterDocument,1468,2474.55
o7p1-single,RegisterDocument,1469,2474.73
o7p1-single,RegisterDocument,1470,2474.79
o7p1-single,RegisterDocument,1471,2475.06
o7p1-single,RegisterDocument,1472,2475.26
o7p1-single,RegisterDocument,1473,2475.28
o7p1-single,RegisterDocument,1474,2475.43
o7p1-single,RegisterDocument,1475,2475.50
o7p1-single,RegisterDocument,1476,2475.52
o7p1-single,RegisterDocument,1477,2475.54
o7p1-single,RegisterDocument,1478,2475.60
o7p1-single,RegisterDocument,1479,2475.60
o7p1-single,RegisterDocument,1480,2475.62
o7p1-single,RegisterDocument,1481,2475.85
o7p1-single,RegisterDocument,1482,2475.88
o7p1-single,RegisterDocument,1483,2476.05
o7p1-single,RegisterDocument,1484,2476.11
o7p1-single,RegisterDocument,1485,2476.30
o7p1-single,RegisterDocument,1486,2476.49
o7p1-single,RegisterDocument,1487,2476.73
o7p1-single,RegisterDocument,1488,2476.79
o7p1-single,RegisterDocument,1489,2476.98
o7p1-single,RegisterDocument,1490,2477.37
o7p1-single,RegisterDocument,1491,2477.42
o7p1-single,RegisterDocument,1492,2477.48
o7p1-single,RegisterDocument,1493,2477.59
o7p1-single,RegisterDocument,1494,2477.68
o7p1-single,RegisterDocument,1495,2477.92
o7p1-single,RegisterDocument,1496,2478.04
o7p1-single,RegisterDocument,1497,2478.14
o7p1-single,RegisterDocument,1498,2478.45
o7p1-single,RegisterDocument,1499,2478.60
o7p1-single,RegisterDocument,1500,2478.62
o7p1-single,RegisterDocument,1501,2478.80
o7p1-single,RegisterDocument,1502,2478.82
o7p1-single,RegisterDocument,1503,2478.84
o7p1-single,RegisterDocument,1504,2478.98
o7p1-single,RegisterDocument,1505,2478.98
o7p1-single,RegisterDocument,1506,2479.06
o7p1-single,RegisterDocument,1507,2479.17
o7p1-single,RegisterDocument,1508,2479.54
o7p1-single,RegisterDocument,1509,2479.60
o7p1-single,RegisterDocument,1510,2479.63
o7p1-single,RegisterDocument,1511,2480.03
o7p1-single,RegisterDocument,1512,2480.11
o7p1-single,RegisterDocument,1513,2480.17
o7p1-single,RegisterDocument,1514,2480.33
o7p1-single,RegisterDocument,1515,2480.34
o7p1-single,RegisterDocument,1516,2480.34
o7p1-single,RegisterDocument,1517,2480.34
o7p1-single,RegisterDocument,1518,2480.49
o7p1-single,RegisterDocument,1519,2480.53
o7p1-single,RegisterDocument,1520,2480.59
o7p1-single,RegisterDocument,1521,2480.91
o7p1-single,RegisterDocument,1522,2481.17
o7p1-single,RegisterDocument,1523,2481.45
o7p1-single,RegisterDocument,1524,2481.57
o7p1-single,RegisterDocument,1525,2481.58
o7p1-single,RegisterDocument,1526,2481.72
o7p1-single,RegisterDocument,1527,2481.81
o7p1-single,RegisterDocument,1528,2481.88
o7p1-single,RegisterDocument,1529,2482.05
o7p1-single,RegisterDocument,1530,2482.23
o7p1-single,RegisterDocument,1531,2482.23
o7p1-single,RegisterDocument,1532,2482.29
o7p1-single,RegisterDocument,1533,2482.41
o7p1-single,RegisterDocument,1534,2482.43
o7p1-single,RegisterDocument,1535,2482.44
o7p1-single,RegisterDocument,1536,2482.46
o7p1-single,RegisterDocument,1537,2482.58
o7p1-single,RegisterDocument,1538,2483.03
o7p1-single,RegisterDocument,1539,2483.54
o7p1-single,RegisterDocument,1540,2483.71
o7p1-single,RegisterDocument,1541,2483.80
o7p1-single,RegisterDocument,1542,2483.83
o7p1-single,RegisterDocument,1543,2483.86
o7p1-single,RegisterDocument,1544,2483.87
o7p1-single,RegisterDocument,1545,2484.04
o7p1-single,RegisterDocument,1546,2484.07
o7p1-single,RegisterDocument,1547,2484.11
o7p1-single,RegisterDocument,1548,2484.34
o7p1-single,RegisterDocument,1549,2484.34
o7p1-single,RegisterDocument,1550,2484.45
o7p1-single,RegisterDocument,1551,2484.56
o7p1-single,RegisterDocument,1552,2484.63
o7p1-single,RegisterDocument,1553,2484.67
o7p1-single,RegisterDocument,1554,2484.79
o7p1-single,RegisterDocument,1555,2485.16
o7p1-single,RegisterDocument,1556,2485.35
o7p1-single,RegisterDocument,1557,2485.67
o7p1-single,RegisterDocument,1558,2485.79
o7p1-single,RegisterDocument,1559,2486.10
o7p1-single,RegisterDocument,1560,2486.13
o7p1-single,RegisterDocument,1561,2486.18
o7p1-single,RegisterDocument,1562,2486.30
o7p1-single,RegisterDocument,1563,2486.36
o7p1-single,RegisterDocument,1564,2486.58
o7p1-single,RegisterDocument,1565,2486.58
o7p1-single,RegisterDocument,1566,2486.60
o7p1-single,RegisterDocument,1567,2486.83
o7p1-single,RegisterDocument,1568,2486.98
o7p1-single,RegisterDocument,1569,2487.18
o7p1-single,RegisterDocument,1570,2487.23
o7p1-single,RegisterDocument,1571,2487.34
o7p1-single,RegisterDocument,1572,2487.41
o7p1-single,RegisterDocument,1573,2487.48
o7p1-single,RegisterDocument,1574,2487.93
o7p1-single,RegisterDocument,1575,2487.98
o7p1-single,RegisterDocument,1576,2488.30
o7p1-single,RegisterDocument,1577,2488.46
o7p1-single,RegisterDocument,1578,2488.53
o7p1-single,RegisterDocument,1579,2488.55
o7p1-single,RegisterDocument,1580,2488.60
o7p1-single,RegisterDocument,1581,2488.63
o7p1-single,RegisterDocument,1582,2488.74
o7p1-single,RegisterDocument,1583,2488.76
o7p1-single,RegisterDocument,1584,2488.78
o7p1-single,RegisterDocument,1585,2488.96
o7p1-single,RegisterDocument,1586,2489.01
o7p1-single,RegisterDocument,1587,2489.10
o7p1-single,RegisterDocument,1588,2489.17
o7p1-single,RegisterDocument,1589,2489.19
o7p1-single,RegisterDocument,1590,2489.23
o7p1-single,RegisterDocument,1591,2489.31
o7p1-single,RegisterDocument,1592,2489.40
o7p1-single,RegisterDocument,1593,2489.53
o7p1-single,RegisterDocument,1594,2489.74
o7p1-single,RegisterDocument,1595,2489.91
o7p1-single,RegisterDocument,1596,2490.04
o7p1-single,RegisterDocument,1597,2490.07
o7p1-single,RegisterDocument,1598,2490.23
o7p1-single,RegisterDocument,1599,2490.25
o7p1-single,RegisterDocument,1600,2490.35
o7p1-single,RegisterDocument,1601,2490.78
o7p1-single,RegisterDocument,1602,2490.88
o7p1-single,RegisterDocument,1603,2490.92
o7p1-single,RegisterDocument,1604,2490.92
o7p1-single,RegisterDocument,1605,2490.93
o7p1-single,RegisterDocument,1606,2491.18
o7p1-single,RegisterDocument,1607,2491.29
o7p1-single,RegisterDocument,1608,2491.84
o7p1-single,RegisterDocument,1609,2492.10
o7p1-single,RegisterDocument,1610,2492.14
o7p1-single,RegisterDocument,1611,2492.21
o7p1-single,RegisterDocument,1612,2492.24
o7p1-single,RegisterDocument,1613,2492.29
o7p1-single,RegisterDocument,1614,2492.33
o7p1-single,RegisterDocument,1615,2492.47
o7p1-single,RegisterDocument,1616,2492.51
o7p1-single,RegisterDocument,1617,2492.63
o7p1-single,RegisterDocument,1618,2492.92
o7p1-single,RegisterDocument,1619,2493.01
o7p1-single,RegisterDocument,1620,2493.12
o7p1-single,RegisterDocument,1621,2493.32
o7p1-single,RegisterDocument,1622,2493.34
o7p1-single,RegisterDocument,1623,2493.48
o7p1-single,RegisterDocument,1624,2493.49
o7p1-single,RegisterDocument,1625,2493.53
o7p1-single,RegisterDocument,1626,2493.60
o7p1-single,RegisterDocument,1627,2493.68
o7p1-single,RegisterDocument,1628,2493.69
o7p1-single,RegisterDocument,1629,2493.72
o7p1-single,RegisterDocument,1630,2493.80
o7p1-single,RegisterDocument,1631,2493.83
o7p1-single,RegisterDocument,1632,2493.90
o7p1-single,RegisterDocument,1633,2494.05
o7p1-single,RegisterDocument,1634,2494.08
o7p1-single,RegisterDocument,1635,2494.15
o7p1-single,RegisterDocument,1636,2494.17
o7p1-single,RegisterDocument,1637,2494.23
o7p1-single,RegisterDocument,1638,2494.23
o7p1-single,RegisterDocument,1639,2494.27
o7p1-single,RegisterDocument,1640,2494.36
o7p1-single,RegisterDocument,1641,2494.47
o7p1-single,RegisterDocument,1642,2494.80
o7p1-single,RegisterDocument,1643,2494.85
o7p1-single,RegisterDocument,1644,2494.87
o7p1-single,RegisterDocument,1645,2494.88
o7p1-single,RegisterDocument,1646,2495.13
o7p1-single,RegisterDocument,1647,2495.20
o7p1-single,RegisterDocument,1648,2495.27
o7p1-single,RegisterDocument,1649,2495.28
o7p1-single,RegisterDocument,1650,2495.31
o7p1-single,RegisterDocument,1651,2495.37
o7p1-single,RegisterDocument,1652,2495.41
o7p1-single,RegisterDocument,1653,2495.42
o7p1-single,RegisterDocument,1654,2495.44
o7p1-single,RegisterDocument,1655,2495.52
o7p1-single,RegisterDocument,1656,2495.53
o7p1-single,RegisterDocument,1657,2495.76
o7p1-single,RegisterDocument,1658,2495.80
o7p1-single,RegisterDocument,1659,2495.83
o7p1-single,RegisterDocument,1660,2495.96
o7p1-single,RegisterDocument,1661,2496.23
o7p1-single,RegisterDocument,1662,2496.56
o7p1-single,RegisterDocument,1663,2496.98
o7p1-single,RegisterDocument,1664,2497.01
o7p1-single,RegisterDocument,1665,2497.21
o7p1-single,RegisterDocument,1666,2497.42
o7p1-single,RegisterDocument,1667,2497.51
o7p1-single,RegisterDocument,1668,2497.57
o7p1-single,RegisterDocument,1669,2497.85
o7p1-single,RegisterDocument,1670,2498.00
o7p1-single,RegisterDocument,1671,2498.02
o7p1-single,RegisterDocument,1672,2498.04
o7p1-single,RegisterDocument,1673,2498.11
o7p1-single,RegisterDocument,1674,2498.35
o7p1-single,RegisterDocument,1675,2498.35
o7p1-single,RegisterDocument,1676,2498.56
o7p1-single,RegisterDocument,1677,2498.56
o7p1-single,RegisterDocument,1678,2498.58
o7p1-single,RegisterDocument,1679,2498.64
o7p1-single,RegisterDocument,1680,2498.70
o7p1-single,RegisterDocument,1681,2498.90
o7p1-single,RegisterDocument,1682,2498.93
o7p1-single,RegisterDocument,1683,2499.10
o7p1-single,RegisterDocument,1684,2499.13
o7p1-single,RegisterDocument,1685,2499.25
o7p1-single,RegisterDocument,1686,2499.31
o7p1-single,RegisterDocument,1687,2499.32
o7p1-single,RegisterDocument,1688,2499.35
o7p1-single,RegisterDocument,1689,2499.58
o7p1-single,RegisterDocument,1690,2499.97
o7p1-single,RegisterDocument,1691,2500.04
o7p1-single,RegisterDocument,1692,2500.19
o7p1-single,RegisterDocument,1693,2500.67
o7p1-single,RegisterDocument,1694,2500.77
o7p1-single,RegisterDocument,1695,2500.84
o7p1-single,RegisterDocument,1696,2500.98
o7p1-single,RegisterDocument,1697,2501.15
o7p1-single,RegisterDocument,1698,2501.77
o7p1-single,RegisterDocument,1699,2501.85
o7p1-single,RegisterDocument,1700,2502.16
o7p1-single,RegisterDocument,1701,2502.18
o7p1-single,RegisterDocument,1702,2502.27
o7p1-single,RegisterDocument,1703,2502.67
o7p1-single,RegisterDocument,1704,2502.91
o7p1-single,RegisterDocument,1705,2503.15
o7p1-single,RegisterDocument,1706,2503.72
o7p1-single,RegisterDocument,1707,2503.94
o7p1-single,RegisterDocument,1708,2503.97
o7p1-single,RegisterDocument,1709,2504.18
o7p1-single,RegisterDocument,1710,2504.65
o7p1-single,RegisterDocument,1711,2504.65
o7p1-single,RegisterDocument,1712,2504.69
o7p1-single,RegisterDocument,1713,2504.74
o7p1-single,RegisterDocument,1714,2504.76
o7p1-single,RegisterDocument,1715,2504.78
o7p1-single,RegisterDocument,1716,2504.82
o7p1-single,RegisterDocument,1717,2505.01
o7p1-single,RegisterDocument,1718,2505.09
o7p1-single,RegisterDocument,1719,2505.14
o7p1-single,RegisterDocument,1720,2505.34
o7p1-single,RegisterDocument,1721,2505.35
o7p1-single,RegisterDocument,1722,2505.45
o7p1-single,RegisterDocument,1723,2505.64
o7p1-single,RegisterDocument,1724,2505.78
o7p1-single,RegisterDocument,1725,2505.84
o7p1-single,RegisterDocument,1726,2506.21
o7p1-single,RegisterDocument,1727,2506.52
o7p1-single,RegisterDocument,1728,2506.56
o7p1-single,RegisterDocument,1729,2506.72
o7p1-single,RegisterDocument,1730,2507.18
o7p1-single,RegisterDocument,1731,2507.49
o7p1-single,RegisterDocument,1732,2507.70
o7p1-single,RegisterDocument,1733,2507.70
o7p1-single,RegisterDocument,1734,2507.73
o7p1-single,RegisterDocument,1735,2507.90
o7p1-single,RegisterDocument,1736,2508.03
o7p1-single,RegisterDocument,1737,2508.28
o7p1-single,RegisterDocument,1738,2508.43
o7p1-single,RegisterDocument,1739,2508.43
o7p1-single,RegisterDocument,1740,2508.55
o7p1-single,RegisterDocument,1741,2508.79
o7p1-single,RegisterDocument,1742,2509.54
o7p1-single,RegisterDocument,1743,2510.17
o7p1-single,RegisterDocument,1744,2510.21
o7p1-single,RegisterDocument,1745,2510.83
o7p1-single,RegisterDocument,1746,2510.97
o7p1-single,RegisterDocument,1747,2511.06
o7p1-single,RegisterDocument,1748,2511.09
o7p1-single,RegisterDocument,1749,2511.70
o7p1-single,RegisterDocument,1750,2511.90
o7p1-single,RegisterDocument,1751,2511.94
o7p1-single,RegisterDocument,1752,2512.19
o7p1-single,RegisterDocument,1753,2512.24
o7p1-single,RegisterDocument,1754,2512.44
o7p1-single,RegisterDocument,1755,2512.56
o7p1-single,RegisterDocument,1756,2512.70
o7p1-single,RegisterDocument,1757,2512.93
o7p1-single,RegisterDocument,1758,2513.01
o7p1-single,RegisterDocument,1759,2513.21
o7p1-single,RegisterDocument,1760,2513.48
o7p1-single,RegisterDocument,1761,2513.64
o7p1-single,RegisterDocument,1762,2513.75
o7p1-single,RegisterDocument,1763,2513.91
o7p1-single,RegisterDocument,1764,2514.10
o7p1-single,RegisterDocument,1765,2514.28
o7p1-single,RegisterDocument,1766,2514.30
o7p1-single,RegisterDocument,1767,2514.62
o7p1-single,RegisterDocument,1768,2514.64
o7p1-single,RegisterDocument,1769,2514.67
o7p1-single,RegisterDocument,1770,2514.73
o7p1-single,RegisterDocument,1771,2514.73
o7p1-single,RegisterDocument,1772,2514.90
o7p1-single,RegisterDocument,1773,2515.06
o7p1-single,RegisterDocument,1774,2515.12
o7p1-single,RegisterDocument,1775,2515.17
o7p1-single,RegisterDocument,1776,2515.67
o7p1-single,RegisterDocument,1777,2515.97
o7p1-single,RegisterDocument,1778,2516.51
o7p1-single,RegisterDocument,1779,2516.89
o7p1-single,RegisterDocument,1780,2516.95
o7p1-single,RegisterDocument,1781,2517.09
o7p1-single,RegisterDocument,1782,2517.37
o7p1-single,RegisterDocument,1783,2517.42
o7p1-single,RegisterDocument,1784,2517.45
o7p1-single,RegisterDocument,1785,2517.61
o7p1-single,RegisterDocument,1786,2517.84
o7p1-single,RegisterDocument,1787,2517.87
o7p1-single,RegisterDocument,1788,2518.30
o7p1-single,RegisterDocument,1789,2518.98
o7p1-single,RegisterDocument,1790,2519.11
o7p1-single,RegisterDocument,1791,2519.46
o7p1-single,RegisterDocument,1792,2519.56
o7p1-single,RegisterDocument,1793,2519.59
o7p1-single,RegisterDocument,1794,2519.73
o7p1-single,RegisterDocument,1795,2519.95
o7p1-single,RegisterDocument,1796,2520.21
o7p1-single,RegisterDocument,1797,2520.44
o7p1-single,RegisterDocument,1798,2521.11
o7p1-single,RegisterDocument,1799,2521.51
o7p1-single,RegisterDocument,1800,2521.55
o7p1-single,RegisterDocument,1801,2521.63
o7p1-single,RegisterDocument,1802,2522.07
o7p1-single,RegisterDocument,1803,2522.54
o7p1-single,RegisterDocument,1804,2522.69
o7p1-single,RegisterDocument,1805,2522.76
o7p1-single,RegisterDocument,1806,2522.88
o7p1-single,RegisterDocument,1807,2522.96
o7p1-single,RegisterDocument,1808,2523.20
o7p1-single,RegisterDocument,1809,2523.56
o7p1-single,RegisterDocument,1810,2523.74
o7p1-single,RegisterDocument,1811,2523.77
o7p1-single,RegisterDocument,1812,2523.98
o7p1-single,RegisterDocument,1813,2524.21
o7p1-single,RegisterDocument,1814,2524.32
o7p1-single,RegisterDocument,1815,2524.32
o7p1-single,RegisterDocument,1816,2524.54
o7p1-single,RegisterDocument,1817,2524.74
o7p1-single,RegisterDocument,1818,2524.86
o7p1-single,RegisterDocument,1819,2525.04
o7p1-single,RegisterDocument,1820,2525.62
o7p1-single,RegisterDocument,1821,2525.64
o7p1-single,RegisterDocument,1822,2525.69
o7p1-single,RegisterDocument,1823,2525.77
o7p1-single,RegisterDocument,1824,2525.93
o7p1-single,RegisterDocument,1825,2526.19
o7p1-single,RegisterDocument,1826,2526.47
o7p1-single,RegisterDocument,1827,2526.64
o7p1-single,RegisterDocument,1828,2526.77
o7p1-single,RegisterDocument,1829,2526.78
o7p1-single,RegisterDocument,1830,2526.83
o7p1-single,RegisterDocument,1831,2527.37
o7p1-single,RegisterDocument,1832,2527.60
o7p1-single,RegisterDocument,1833,2527.61
o7p1-single,RegisterDocument,1834,2527.99
o7p1-single,RegisterDocument,1835,2528.38
o7p1-single,RegisterDocument,1836,2528.40
o7p1-single,RegisterDocument,1837,2528.47
o7p1-single,RegisterDocument,1838,2528.58
o7p1-single,RegisterDocument,1839,2529.24
o7p1-single,RegisterDocument,1840,2529.31
o7p1-single,RegisterDocument,1841,2529.55
o7p1-single,RegisterDocument,1842,2529.75
o7p1-single,RegisterDocument,1843,2530.04
o7p1-single,RegisterDocument,1844,2530.32
o7p1-single,RegisterDocument,1845,2530.34
o7p1-single,RegisterDocument,1846,2530.44
o7p1-single,RegisterDocument,1847,2530.63
o7p1-single,RegisterDocument,1848,2531.23
o7p1-single,RegisterDocument,1849,2531.82
o7p1-single,RegisterDocument,1850,2532.31
o7p1-single,RegisterDocument,1851,2532.35
o7p1-single,RegisterDocument,1852,2532.54
o7p1-single,RegisterDocument,1853,2532.69
o7p1-single,RegisterDocument,1854,2532.91
o7p1-single,RegisterDocument,1855,2532.99
o7p1-single,RegisterDocument,1856,2533.33
o7p1-single,RegisterDocument,1857,2533.53
o7p1-single,RegisterDocument,1858,2534.02
o7p1-single,RegisterDocument,1859,2534.02
o7p1-single,RegisterDocument,1860,2534.61
o7p1-single,RegisterDocument,1861,2534.92
o7p1-single,RegisterDocument,1862,2534.93
o7p1-single,RegisterDocument,1863,2534.98
o7p1-single,RegisterDocument,1864,2534.99
o7p1-single,RegisterDocument,1865,2535.12
o7p1-single,RegisterDocument,1866,2535.29
o7p1-single,RegisterDocument,1867,2535.40
o7p1-single,RegisterDocument,1868,2535.45
o7p1-single,RegisterDocument,1869,2535.62
o7p1-single,RegisterDocument,1870,2535.65
o7p1-single,RegisterDocument,1871,2535.71
o7p1-single,RegisterDocument,1872,2535.76
o7p1-single,RegisterDocument,1873,2535.78
o7p1-single,RegisterDocument,1874,2535.79
o7p1-single,RegisterDocument,1875,2535.87
o7p1-single,RegisterDocument,1876,2535.99
o7p1-single,RegisterDocument,1877,2536.44
o7p1-single,RegisterDocument,1878,2536.65
o7p1-single,RegisterDocument,1879,2536.93
o7p1-single,RegisterDocument,1880,2537.01
o7p1-single,RegisterDocument,1881,2537.09
o7p1-single,RegisterDocument,1882,2537.53
o7p1-single,RegisterDocument,1883,2537.69
o7p1-single,RegisterDocument,1884,2538.17
o7p1-single,RegisterDocument,1885,2538.36
o7p1-single,RegisterDocument,1886,2538.66
o7p1-single,RegisterDocument,1887,2539.52
o7p1-single,RegisterDocument,1888,2539.80
o7p1-single,RegisterDocument,1889,2539.92
o7p1-single,RegisterDocument,1890,2539.97
o7p1-single,RegisterDocument,1891,2540.03
o7p1-single,RegisterDocument,1892,2540.07
o7p1-single,RegisterDocument,1893,2540.34
o7p1-single,RegisterDocument,1894,2540.39
o7p1-single,RegisterDocument,1895,2540.86
o7p1-single,RegisterDocument,1896,2540.90
o7p1-single,RegisterDocument,1897,2541.15
o7p1-single,RegisterDocument,1898,2541.56
o7p1-single,RegisterDocument,1899,2542.07
o7p1-single,RegisterDocument,1900,2542.27
o7p1-single,RegisterDocument,1901,2542.40
o7p1-single,RegisterDocument,1902,2543.07
o7p1-single,RegisterDocument,1903,2543.32
o7p1-single,RegisterDocument,1904,2543.56
o7p1-single,RegisterDocument,1905,2543.99
o7p1-single,RegisterDocument,1906,2544.72
o7p1-single,RegisterDocument,1907,2544.77
o7p1-single,RegisterDocument,1908,2544.77
o7p1-single,RegisterDocument,1909,2544.80
o7p1-single,RegisterDocument,1910,2544.84
o7p1-single,RegisterDocument,1911,2544.91
o7p1-single,RegisterDocument,1912,2545.12
o7p1-single,RegisterDocument,1913,2545.26
o7p1-single,RegisterDocument,1914,2545.94
o7p1-single,RegisterDocument,1915,2546.65
o7p1-single,RegisterDocument,1916,2546.84
o7p1-single,RegisterDocument,1917,2548.10
o7p1-single,RegisterDocument,1918,2548.37
o7p1-single,RegisterDocument,1919,2548.75
o7p1-single,RegisterDocument,1920,2548.90
o7p1-single,RegisterDocument,1921,2549.17
o7p1-single,RegisterDocument,1922,2549.27
o7p1-single,RegisterDocument,1923,2549.52
o7p1-single,RegisterDocument,1924,2550.10
o7p1-single,RegisterDocument,1925,2550.15
o7p1-single,RegisterDocument,1926,2550.47
o7p1-single,RegisterDocument,1927,2550.74
o7p1-single,RegisterDocument,1928,2550.87
o7p1-single,RegisterDocument,1929,2551.62
o7p1-single,RegisterDocument,1930,2551.87
o7p1-single,RegisterDocument,1931,2552.65
o7p1-single,RegisterDocument,1932,2552.73
o7p1-single,RegisterDocument,1933,2552.90
o7p1-single,RegisterDocument,1934,2553.20
o7p1-single,RegisterDocument,1935,2555.50
o7p1-single,RegisterDocument,1936,2555.90
o7p1-single,RegisterDocument,1937,2556.15
o7p1-single,RegisterDocument,1938,2557.16
o7p1-single,RegisterDocument,1939,2557.16
o7p1-single,RegisterDocument,1940,2559.84
o7p1-single,RegisterDocument,1941,2560.11
o7p1-single,RegisterDocument,1942,2560.42
o7p1-single,RegisterDocument,1943,2560.62
o7p1-single,RegisterDocument,1944,2561.02
o7p1-single,RegisterDocument,1945,2562.37
o7p1-single,RegisterDocument,1946,2562.56
o7p1-single,RegisterDocument,1947,2562.62
o7p1-single,RegisterDocument,1948,2562.80
o7p1-single,RegisterDocument,1949,2562.83
o7p1-single,RegisterDocument,1950,2563.43
o7p1-single,RegisterDocument,1951,2563.72
o7p1-single,RegisterDocument,1952,2564.14
o7p1-single,RegisterDocument,1953,2564.64
o7p1-single,RegisterDocument,1954,2564.80
o7p1-single,RegisterDocument,1955,2565.08
o7p1-single,RegisterDocument,1956,2566.31
o7p1-single,RegisterDocument,1957,2567.41
o7p1-single,RegisterDocument,1958,2567.57
o7p1-single,RegisterDocument,1959,2568.43
o7p1-single,RegisterDocument,1960,2568.52
o7p1-single,RegisterDocument,1961,2569.05
o7p1-single,RegisterDocument,1962,2569.37
o7p1-single,RegisterDocument,1963,2569.67
o7p1-single,RegisterDocument,1964,2570.64
o7p1-single,RegisterDocument,1965,2571.42
o7p1-single,RegisterDocument,1966,2571.80
o7p1-single,RegisterDocument,1967,2572.82
o7p1-single,RegisterDocument,1968,2573.40
o7p1-single,RegisterDocument,1969,2573.65
o7p1-single,RegisterDocument,1970,2573.92
o7p1-single,RegisterDocument,1971,2577.73
o7p1-single,RegisterDocument,1972,2578.46
o7p1-single,RegisterDocument,1973,2579.26
o7p1-single,RegisterDocument,1974,2580.05
o7p1-single,RegisterDocument,1975,2582.04
o7p1-single,RegisterDocument,1976,2582.95
o7p1-single,RegisterDocument,1977,2583.73
o7p1-single,RegisterDocument,1978,2584.41
o7p1-single,RegisterDocument,1979,2587.33
o7p1-single,RegisterDocument,1980,2587.79
o7p1-single,RegisterDocument,1981,2589.46
o7p1-single,RegisterDocument,1982,2589.60
o7p1-single,RegisterDocument,1983,2589.93
o7p1-single,RegisterDocument,1984,2591.43
o7p1-single,RegisterDocument,1985,2593.34
o7p1-single,RegisterDocument,1986,2593.58
o7p1-single,RegisterDocument,1987,2596.14
o7p1-single,RegisterDocument,1988,2596.56
o7p1-single,RegisterDocument,1989,2602.26
o7p1-single,RegisterDocument,1990,2602.32
o7p1-single,RegisterDocument,1991,2609.80
o7p1-single,RegisterDocument,1992,2609.85
o7p1-single,RegisterDocument,1993,2610.95
o7p1-single,RegisterDocument,1994,2617.27
o7p1-single,RegisterDocument,1995,2622.20
o7p1-single,RegisterDocument,1996,2631.68
o7p1-single,RegisterDocument,1997,2632.52
o7p1-single,RegisterDocument,1998,2650.78
o7p1-single,RegisterDocument,1999,2697.66
o7p1-single,CheckAccess,0,4.11
o7p1-single,CheckAccess,1,6.12
o7p1-single,CheckAccess,2,4.99
o7p1-single,CheckAccess,3,4.30
o7p1-single,CheckAccess,4,5.73
o7p1-single,CheckAccess,5,3.96
o7p1-single,CheckAccess,6,4.63
o7p1-single,CheckAccess,7,5.26
o7p1-single,CheckAccess,8,4.85
o7p1-single,CheckAccess,9,3.98
o7p1-single,CheckAccess,10,4.65
o7p1-single,CheckAccess,11,5.36
o7p1-single,CheckAccess,12,5.10
o7p1-single,CheckAccess,13,4.31
o7p1-single,CheckAccess,14,4.73
o7p1-single,CheckAccess,15,4.02
o7p1-single,CheckAccess,16,5.47
o7p1-single,CheckAccess,17,3.71
o7p1-single,CheckAccess,18,4.78
o7p1-single,CheckAccess,19,3.92
o7p1-single,CheckAccess,20,3.62
o7p1-single,CheckAccess,21,5.17
o7p1-single,CheckAccess,22,3.30
o7p1-single,CheckAccess,23,4.99
o7p1-single,CheckAccess,24,4.70
o7p1-single,CheckAccess,25,3.34
o7p1-single,CheckAccess,26,3.13
o7p1-single,CheckAccess,27,4.30
o7p1-single,CheckAccess,28,5.76
o7p1-single,CheckAccess,29,4.49
o7p1-single,CheckAccess,30,3.79
o7p1-single,CheckAccess,31,4.72
o7p1-single,CheckAccess,32,4.82
o7p1-single,CheckAccess,33,4.23
o7p1-single,CheckAccess,34,3.26
o7p1-single,CheckAccess,35,3.55
o7p1-single,CheckAccess,36,4.68
o7p1-single,CheckAccess,37,5.27
o7p1-single,CheckAccess,38,6.19
o7p1-single,CheckAccess,39,4.63
o7p1-single,CheckAccess,40,5.40
o7p1-single,CheckAccess,41,3.78
o7p1-single,CheckAccess,42,3.90
o7p1-single,CheckAccess,43,6.53
o7p1-single,CheckAccess,44,4.09
o7p1-single,CheckAccess,45,5.89
o7p1-single,CheckAccess,46,4.15
o7p1-single,CheckAccess,47,4.07
o7p1-single,CheckAccess,48,4.51
o7p1-single,CheckAccess,49,5.50
o7p1-single,CheckAccess,50,3.78
o7p1-single,CheckAccess,51,3.67
o7p1-single,CheckAccess,52,6.11
o7p1-single,CheckAccess,53,5.38
o7p1-single,CheckAccess,54,4.01
o7p1-single,CheckAccess,55,5.87
o7p1-single,CheckAccess,56,5.90
o7p1-single,CheckAccess,57,7.57
o7p1-single,CheckAccess,58,6.08
o7p1-single,CheckAccess,59,3.53
o7p1-single,CheckAccess,60,3.84
o7p1-single,CheckAccess,61,5.86
o7p1-single,CheckAccess,62,3.90
o7p1-single,CheckAccess,63,4.05
o7p1-single,CheckAccess,64,4.52
o7p1-single,CheckAccess,65,5.15
o7p1-single,CheckAccess,66,3.16
o7p1-single,CheckAccess,67,3.29
o7p1-single,CheckAccess,68,3.42
o7p1-single,CheckAccess,69,5.97
o7p1-single,CheckAccess,70,5.37
o7p1-single,CheckAccess,71,5.10
o7p1-single,CheckAccess,72,6.03
o7p1-single,CheckAccess,73,6.08
o7p1-single,CheckAccess,74,4.85
o7p1-single,CheckAccess,75,5.19
o7p1-single,CheckAccess,76,5.13
o7p1-single,CheckAccess,77,5.93
o7p1-single,CheckAccess,78,5.02
o7p1-single,CheckAccess,79,4.13
o7p1-single,CheckAccess,80,4.97
o7p1-single,CheckAccess,81,5.55
o7p1-single,CheckAccess,82,4.11
o7p1-single,CheckAccess,83,3.66
o7p1-single,CheckAccess,84,3.44
o7p1-single,CheckAccess,85,5.13
o7p1-single,CheckAccess,86,3.11
o7p1-single,CheckAccess,87,2.92
o7p1-single,CheckAccess,88,3.69
o7p1-single,CheckAccess,89,4.93
o7p1-single,CheckAccess,90,3.66
o7p1-single,CheckAccess,91,4.61
o7p1-single,CheckAccess,92,3.03
o7p1-single,CheckAccess,93,4.69
o7p1-single,CheckAccess,94,3.87
o7p1-single,CheckAccess,95,3.14
o7p1-single,CheckAccess,96,4.48
o7p1-single,CheckAccess,97,5.66
o7p1-single,CheckAccess,98,5.68
o7p1-single,CheckAccess,99,3.00
o7p1-majority,RegisterDocument,0,2747.54
o7p1-majority,RegisterDocument,1,2762.43
o7p1-majority,RegisterDocument,2,2806.95
o7p1-majority,RegisterDocument,3,2840.08
o7p1-majority,RegisterDocument,4,2893.56
o7p1-majority,RegisterDocument,5,2895.84
o7p1-majority,RegisterDocument,6,2949.32
o7p1-majority,RegisterDocument,7,2967.27
o7p1-majority,RegisterDocument,8,2979.36
o7p1-majority,RegisterDocument,9,3053.87
o7p1-majority,RegisterDocument,10,3056.85
o7p1-majority,RegisterDocument,11,3107.68
o7p1-majority,RegisterDocument,12,3166.49
o7p1-majority,RegisterDocument,13,3225.32
o7p1-majority,RegisterDocument,14,3337.41
o7p1-majority,RegisterDocument,15,3453.99
o7p1-majority,RegisterDocument,16,3546.39
o7p1-majority,RegisterDocument,17,3644.99
o7p1-majority,RegisterDocument,18,3704.01
o7p1-majority,RegisterDocument,19,3728.10
o7p1-majority,RegisterDocument,20,3737.84
o7p1-majority,RegisterDocument,21,3808.96
o7p1-majority,RegisterDocument,22,3815.61
o7p1-majority,RegisterDocument,23,3819.27
o7p1-majority,RegisterDocument,24,3877.49
o7p1-majority,RegisterDocument,25,3880.98
o7p1-majority,RegisterDocument,26,3881.78
o7p1-majority,RegisterDocument,27,3886.67
o7p1-majority,RegisterDocument,28,3901.13
o7p1-majority,RegisterDocument,29,3928.98
o7p1-majority,RegisterDocument,30,3931.75
o7p1-majority,RegisterDocument,31,3941.39
o7p1-majority,RegisterDocument,32,3946.12
o7p1-majority,RegisterDocument,33,3952.24
o7p1-majority,RegisterDocument,34,3957.69
o7p1-majority,RegisterDocument,35,3958.82
o7p1-majority,RegisterDocument,36,3960.08
o7p1-majority,RegisterDocument,37,3973.87
o7p1-majority,RegisterDocument,38,3983.00
o7p1-majority,RegisterDocument,39,3983.16
o7p1-majority,RegisterDocument,40,3984.09
o7p1-majority,RegisterDocument,41,3984.48
o7p1-majority,RegisterDocument,42,3988.94
o7p1-majority,RegisterDocument,43,3989.43
o7p1-majority,RegisterDocument,44,3990.00
o7p1-majority,RegisterDocument,45,3995.47
o7p1-majority,RegisterDocument,46,4004.01
o7p1-majority,RegisterDocument,47,4005.36
o7p1-majority,RegisterDocument,48,4011.02
o7p1-majority,RegisterDocument,49,4013.06
o7p1-majority,RegisterDocument,50,4037.17
o7p1-majority,RegisterDocument,51,4037.42
o7p1-majority,RegisterDocument,52,4046.92
o7p1-majority,RegisterDocument,53,4049.77
o7p1-majority,RegisterDocument,54,4052.19
o7p1-majority,RegisterDocument,55,4054.98
o7p1-majority,RegisterDocument,56,4062.59
o7p1-majority,RegisterDocument,57,4066.21
o7p1-majority,RegisterDocument,58,4102.70
o7p1-majority,RegisterDocument,59,4103.34
o7p1-majority,RegisterDocument,60,4106.55
o7p1-majority,RegisterDocument,61,4112.26
o7p1-majority,RegisterDocument,62,4113.88
o7p1-majority,RegisterDocument,63,4131.05
o7p1-majority,RegisterDocument,64,4131.61
o7p1-majority,RegisterDocument,65,4150.90
o7p1-majority,RegisterDocument,66,4173.24
o7p1-majority,RegisterDocument,67,4178.81
o7p1-majority,RegisterDocument,68,4192.76
o7p1-majority,RegisterDocument,69,4200.28
o7p1-majority,RegisterDocument,70,4204.81
o7p1-majority,RegisterDocument,71,4233.77
o7p1-majority,RegisterDocument,72,4261.54
o7p1-majority,RegisterDocument,73,4269.79
o7p1-majority,RegisterDocument,74,4285.25
o7p1-majority,RegisterDocument,75,4285.91
o7p1-majority,RegisterDocument,76,4286.13
o7p1-majority,RegisterDocument,77,4289.28
o7p1-majority,RegisterDocument,78,4291.86
o7p1-majority,RegisterDocument,79,4298.13
o7p1-majority,RegisterDocument,80,4300.05
o7p1-majority,RegisterDocument,81,4316.13
o7p1-majority,RegisterDocument,82,4317.11
o7p1-majority,RegisterDocument,83,4320.12
o7p1-majority,RegisterDocument,84,4327.95
o7p1-majority,RegisterDocument,85,4329.59
o7p1-majority,RegisterDocument,86,4331.39
o7p1-majority,RegisterDocument,87,4346.44
o7p1-majority,RegisterDocument,88,4363.69
o7p1-majority,RegisterDocument,89,4367.63
o7p1-majority,RegisterDocument,90,4368.86
o7p1-majority,RegisterDocument,91,4369.57
o7p1-majority,RegisterDocument,92,4370.63
o7p1-majority,RegisterDocument,93,4370.98
o7p1-majority,RegisterDocument,94,4375.35
o7p1-majority,RegisterDocument,95,4402.07
o7p1-majority,RegisterDocument,96,4403.01
o7p1-majority,RegisterDocument,97,4404.58
o7p1-majority,RegisterDocument,98,4412.04
o7p1-majority,RegisterDocument,99,4424.05
o7p1-majority,RegisterDocument,100,4433.90
o7p1-majority,RegisterDocument,101,4434.07
o7p1-majority,RegisterDocument,102,4435.96
o7p1-majority,RegisterDocument,103,4454.51
o7p1-majority,RegisterDocument,104,4471.11
o7p1-majority,RegisterDocument,105,4483.44
o7p1-majority,RegisterDocument,106,4492.68
o7p1-majority,RegisterDocument,107,4492.83
o7p1-majority,RegisterDocument,108,4501.38
o7p1-majority,RegisterDocument,109,4513.47
o7p1-majority,RegisterDocument,110,4516.85
o7p1-majority,RegisterDocument,111,4525.00
o7p1-majority,RegisterDocument,112,4533.96
o7p1-majority,RegisterDocument,113,4534.02
o7p1-majority,RegisterDocument,114,4534.12
o7p1-majority,RegisterDocument,115,4537.11
o7p1-majority,RegisterDocument,116,4550.46
o7p1-majority,RegisterDocument,117,4552.80
o7p1-majority,RegisterDocument,118,4561.99
o7p1-majority,RegisterDocument,119,4567.63
o7p1-majority,RegisterDocument,120,4568.58
o7p1-majority,RegisterDocument,121,4586.23
o7p1-majority,RegisterDocument,122,4600.04
o7p1-majority,RegisterDocument,123,4606.35
o7p1-majority,RegisterDocument,124,4614.70
o7p1-majority,RegisterDocument,125,4631.54
o7p1-majority,RegisterDocument,126,4635.60
o7p1-majority,RegisterDocument,127,4646.55
o7p1-majority,RegisterDocument,128,4657.75
o7p1-majority,RegisterDocument,129,4670.84
o7p1-majority,RegisterDocument,130,4671.06
o7p1-majority,RegisterDocument,131,4677.93
o7p1-majority,RegisterDocument,132,4680.81
o7p1-majority,RegisterDocument,133,4683.93
o7p1-majority,RegisterDocument,134,4686.99
o7p1-majority,RegisterDocument,135,4690.90
o7p1-majority,RegisterDocument,136,4694.57
o7p1-majority,RegisterDocument,137,4696.63
o7p1-majority,RegisterDocument,138,4698.65
o7p1-majority,RegisterDocument,139,4699.03
o7p1-majority,RegisterDocument,140,4703.99
o7p1-majority,RegisterDocument,141,4717.23
o7p1-majority,RegisterDocument,142,4718.09
o7p1-majority,RegisterDocument,143,4722.28
o7p1-majority,RegisterDocument,144,4722.47
o7p1-majority,RegisterDocument,145,4722.69
o7p1-majority,RegisterDocument,146,4725.18
o7p1-majority,RegisterDocument,147,4725.51
o7p1-majority,RegisterDocument,148,4728.27
o7p1-majority,RegisterDocument,149,4731.28
o7p1-majority,RegisterDocument,150,4751.21
o7p1-majority,RegisterDocument,151,4752.43
o7p1-majority,RegisterDocument,152,4755.12
o7p1-majority,RegisterDocument,153,4761.26
o7p1-majority,RegisterDocument,154,4763.62
o7p1-majority,RegisterDocument,155,4767.46
o7p1-majority,RegisterDocument,156,4768.64
o7p1-majority,RegisterDocument,157,4773.93
o7p1-majority,RegisterDocument,158,4777.89
o7p1-majority,RegisterDocument,159,4780.73
o7p1-majority,RegisterDocument,160,4781.14
o7p1-majority,RegisterDocument,161,4789.55
o7p1-majority,RegisterDocument,162,4802.02
o7p1-majority,RegisterDocument,163,4806.38
o7p1-majority,RegisterDocument,164,4807.04
o7p1-majority,RegisterDocument,165,4807.62
o7p1-majority,RegisterDocument,166,4820.69
o7p1-majority,RegisterDocument,167,4829.44
o7p1-majority,RegisterDocument,168,4836.39
o7p1-majority,RegisterDocument,169,4849.94
o7p1-majority,RegisterDocument,170,4855.14
o7p1-majority,RegisterDocument,171,4863.44
o7p1-majority,RegisterDocument,172,4875.39
o7p1-majority,RegisterDocument,173,4876.24
o7p1-majority,RegisterDocument,174,4876.76
o7p1-majority,RegisterDocument,175,4877.91
o7p1-majority,RegisterDocument,176,4879.82
o7p1-majority,RegisterDocument,177,4880.97
o7p1-majority,RegisterDocument,178,4888.75
o7p1-majority,RegisterDocument,179,4893.91
o7p1-majority,RegisterDocument,180,4895.79
o7p1-majority,RegisterDocument,181,4895.96
o7p1-majority,RegisterDocument,182,4896.70
o7p1-majority,RegisterDocument,183,4901.44
o7p1-majority,RegisterDocument,184,4902.64
o7p1-majority,RegisterDocument,185,4905.79
o7p1-majority,RegisterDocument,186,4906.06
o7p1-majority,RegisterDocument,187,4906.86
o7p1-majority,RegisterDocument,188,4909.99
o7p1-majority,RegisterDocument,189,4910.68
o7p1-majority,RegisterDocument,190,4916.47
o7p1-majority,RegisterDocument,191,4918.71
o7p1-majority,RegisterDocument,192,4919.23
o7p1-majority,RegisterDocument,193,4922.48
o7p1-majority,RegisterDocument,194,4923.33
o7p1-majority,RegisterDocument,195,4925.79
o7p1-majority,RegisterDocument,196,4931.93
o7p1-majority,RegisterDocument,197,4936.68
o7p1-majority,RegisterDocument,198,4944.76
o7p1-majority,RegisterDocument,199,4946.71
o7p1-majority,RegisterDocument,200,4949.17
o7p1-majority,RegisterDocument,201,4954.82
o7p1-majority,RegisterDocument,202,4960.64
o7p1-majority,RegisterDocument,203,4962.28
o7p1-majority,RegisterDocument,204,4969.91
o7p1-majority,RegisterDocument,205,4977.74
o7p1-majority,RegisterDocument,206,4979.83
o7p1-majority,RegisterDocument,207,5006.95
o7p1-majority,RegisterDocument,208,5011.04
o7p1-majority,RegisterDocument,209,5013.41
o7p1-majority,RegisterDocument,210,5013.78
o7p1-majority,RegisterDocument,211,5015.19
o7p1-majority,RegisterDocument,212,5016.68
o7p1-majority,RegisterDocument,213,5017.96
o7p1-majority,RegisterDocument,214,5023.63
o7p1-majority,RegisterDocument,215,5036.64
o7p1-majority,RegisterDocument,216,5046.16
o7p1-majority,RegisterDocument,217,5049.30
o7p1-majority,RegisterDocument,218,5050.76
o7p1-majority,RegisterDocument,219,5054.85
o7p1-majority,RegisterDocument,220,5056.08
o7p1-majority,RegisterDocument,221,5059.71
o7p1-majority,RegisterDocument,222,5060.50
o7p1-majority,RegisterDocument,223,5060.84
o7p1-majority,RegisterDocument,224,5063.16
o7p1-majority,RegisterDocument,225,5069.14
o7p1-majority,RegisterDocument,226,5070.51
o7p1-majority,RegisterDocument,227,5071.19
o7p1-majority,RegisterDocument,228,5072.16
o7p1-majority,RegisterDocument,229,5076.04
o7p1-majority,RegisterDocument,230,5081.70
o7p1-majority,RegisterDocument,231,5082.26
o7p1-majority,RegisterDocument,232,5083.83
o7p1-majority,RegisterDocument,233,5087.92
o7p1-majority,RegisterDocument,234,5088.02
o7p1-majority,RegisterDocument,235,5089.41
o7p1-majority,RegisterDocument,236,5094.23
o7p1-majority,RegisterDocument,237,5096.09
o7p1-majority,RegisterDocument,238,5096.23
o7p1-majority,RegisterDocument,239,5098.41
o7p1-majority,RegisterDocument,240,5101.60
o7p1-majority,RegisterDocument,241,5102.41
o7p1-majority,RegisterDocument,242,5108.07
o7p1-majority,RegisterDocument,243,5109.57
o7p1-majority,RegisterDocument,244,5110.04
o7p1-majority,RegisterDocument,245,5114.56
o7p1-majority,RegisterDocument,246,5115.29
o7p1-majority,RegisterDocument,247,5117.97
o7p1-majority,RegisterDocument,248,5118.46
o7p1-majority,RegisterDocument,249,5123.98
o7p1-majority,RegisterDocument,250,5127.27
o7p1-majority,RegisterDocument,251,5131.37
o7p1-majority,RegisterDocument,252,5133.89
o7p1-majority,RegisterDocument,253,5134.47
o7p1-majority,RegisterDocument,254,5141.88
o7p1-majority,RegisterDocument,255,5143.89
o7p1-majority,RegisterDocument,256,5144.99
o7p1-majority,RegisterDocument,257,5149.22
o7p1-majority,RegisterDocument,258,5151.70
o7p1-majority,RegisterDocument,259,5155.41
o7p1-majority,RegisterDocument,260,5155.62
o7p1-majority,RegisterDocument,261,5156.12
o7p1-majority,RegisterDocument,262,5156.13
o7p1-majority,RegisterDocument,263,5156.19
o7p1-majority,RegisterDocument,264,5157.06
o7p1-majority,RegisterDocument,265,5157.53
o7p1-majority,RegisterDocument,266,5158.26
o7p1-majority,RegisterDocument,267,5161.00
o7p1-majority,RegisterDocument,268,5165.00
o7p1-majority,RegisterDocument,269,5166.10
o7p1-majority,RegisterDocument,270,5168.92
o7p1-majority,RegisterDocument,271,5170.85
o7p1-majority,RegisterDocument,272,5171.40
o7p1-majority,RegisterDocument,273,5175.83
o7p1-majority,RegisterDocument,274,5176.31
o7p1-majority,RegisterDocument,275,5177.83
o7p1-majority,RegisterDocument,276,5179.59
o7p1-majority,RegisterDocument,277,5180.86
o7p1-majority,RegisterDocument,278,5184.59
o7p1-majority,RegisterDocument,279,5185.64
o7p1-majority,RegisterDocument,280,5186.56
o7p1-majority,RegisterDocument,281,5188.35
o7p1-majority,RegisterDocument,282,5196.67
o7p1-majority,RegisterDocument,283,5201.03
o7p1-majority,RegisterDocument,284,5201.51
o7p1-majority,RegisterDocument,285,5210.88
o7p1-majority,RegisterDocument,286,5210.93
o7p1-majority,RegisterDocument,287,5211.47
o7p1-majority,RegisterDocument,288,5211.50
o7p1-majority,RegisterDocument,289,5214.89
o7p1-majority,RegisterDocument,290,5215.78
o7p1-majority,RegisterDocument,291,5216.93
o7p1-majority,RegisterDocument,292,5217.28
o7p1-majority,RegisterDocument,293,5217.63
o7p1-majority,RegisterDocument,294,5218.05
o7p1-majority,RegisterDocument,295,5218.93
o7p1-majority,RegisterDocument,296,5223.09
o7p1-majority,RegisterDocument,297,5228.21
o7p1-majority,RegisterDocument,298,5231.48
o7p1-majority,RegisterDocument,299,5231.50
o7p1-majority,RegisterDocument,300,5231.81
o7p1-majority,RegisterDocument,301,5232.42
o7p1-majority,RegisterDocument,302,5234.92
o7p1-majority,RegisterDocument,303,5238.51
o7p1-majority,RegisterDocument,304,5243.31
o7p1-majority,RegisterDocument,305,5246.71
o7p1-majority,RegisterDocument,306,5246.85
o7p1-majority,RegisterDocument,307,5247.84
o7p1-majority,RegisterDocument,308,5248.82
o7p1-majority,RegisterDocument,309,5249.08
o7p1-majority,RegisterDocument,310,5251.00
o7p1-majority,RegisterDocument,311,5251.49
o7p1-majority,RegisterDocument,312,5253.51
o7p1-majority,RegisterDocument,313,5253.84
o7p1-majority,RegisterDocument,314,5255.18
o7p1-majority,RegisterDocument,315,5258.42
o7p1-majority,RegisterDocument,316,5258.47
o7p1-majority,RegisterDocument,317,5259.47
o7p1-majority,RegisterDocument,318,5260.05
o7p1-majority,RegisterDocument,319,5261.37
o7p1-majority,RegisterDocument,320,5265.76
o7p1-majority,RegisterDocument,321,5267.40
o7p1-majority,RegisterDocument,322,5267.64
o7p1-majority,RegisterDocument,323,5269.43
o7p1-majority,RegisterDocument,324,5271.99
o7p1-majority,RegisterDocument,325,5273.66
o7p1-majority,RegisterDocument,326,5273.71
o7p1-majority,RegisterDocument,327,5274.97
o7p1-majority,RegisterDocument,328,5275.52
o7p1-majority,RegisterDocument,329,5275.54
o7p1-majority,RegisterDocument,330,5277.00
o7p1-majority,RegisterDocument,331,5277.40
o7p1-majority,RegisterDocument,332,5279.62
o7p1-majority,RegisterDocument,333,5281.31
o7p1-majority,RegisterDocument,334,5283.19
o7p1-majority,RegisterDocument,335,5285.21
o7p1-majority,RegisterDocument,336,5285.71
o7p1-majority,RegisterDocument,337,5286.99
o7p1-majority,RegisterDocument,338,5287.93
o7p1-majority,RegisterDocument,339,5289.16
o7p1-majority,RegisterDocument,340,5290.07
o7p1-majority,RegisterDocument,341,5293.42
o7p1-majority,RegisterDocument,342,5294.56
o7p1-majority,RegisterDocument,343,5296.53
o7p1-majority,RegisterDocument,344,5296.79
o7p1-majority,RegisterDocument,345,5298.23
o7p1-majority,RegisterDocument,346,5298.74
o7p1-majority,RegisterDocument,347,5299.90
o7p1-majority,RegisterDocument,348,5301.63
o7p1-majority,RegisterDocument,349,5301.70
o7p1-majority,RegisterDocument,350,5301.83
o7p1-majority,RegisterDocument,351,5302.83
o7p1-majority,RegisterDocument,352,5304.65
o7p1-majority,RegisterDocument,353,5305.09
o7p1-majority,RegisterDocument,354,5305.53
o7p1-majority,RegisterDocument,355,5306.46
o7p1-majority,RegisterDocument,356,5308.86
o7p1-majority,RegisterDocument,357,5309.41
o7p1-majority,RegisterDocument,358,5313.62
o7p1-majority,RegisterDocument,359,5313.77
o7p1-majority,RegisterDocument,360,5314.03
o7p1-majority,RegisterDocument,361,5314.37
o7p1-majority,RegisterDocument,362,5315.15
o7p1-majority,RegisterDocument,363,5316.95
o7p1-majority,RegisterDocument,364,5317.34
o7p1-majority,RegisterDocument,365,5317.66
o7p1-majority,RegisterDocument,366,5318.31
o7p1-majority,RegisterDocument,367,5319.26
o7p1-majority,RegisterDocument,368,5319.71
o7p1-majority,RegisterDocument,369,5319.85
o7p1-majority,RegisterDocument,370,5321.57
o7p1-majority,RegisterDocument,371,5323.18
o7p1-majority,RegisterDocument,372,5326.20
o7p1-majority,RegisterDocument,373,5326.56
o7p1-majority,RegisterDocument,374,5327.07
o7p1-majority,RegisterDocument,375,5328.10
o7p1-majority,RegisterDocument,376,5330.35
o7p1-majority,RegisterDocument,377,5333.20
o7p1-majority,RegisterDocument,378,5336.75
o7p1-majority,RegisterDocument,379,5337.61
o7p1-majority,RegisterDocument,380,5339.63
o7p1-majority,RegisterDocument,381,5342.62
o7p1-majority,RegisterDocument,382,5342.90
o7p1-majority,RegisterDocument,383,5343.20
o7p1-majority,RegisterDocument,384,5344.25
o7p1-majority,RegisterDocument,385,5344.51
o7p1-majority,RegisterDocument,386,5346.17
o7p1-majority,RegisterDocument,387,5346.41
o7p1-majority,RegisterDocument,388,5346.45
o7p1-majority,RegisterDocument,389,5346.80
o7p1-majority,RegisterDocument,390,5347.57
o7p1-majority,RegisterDocument,391,5348.82
o7p1-majority,RegisterDocument,392,5349.03
o7p1-majority,RegisterDocument,393,5349.31
o7p1-majority,RegisterDocument,394,5349.34
o7p1-majority,RegisterDocument,395,5349.75
o7p1-majority,RegisterDocument,396,5351.35
o7p1-majority,RegisterDocument,397,5351.52
o7p1-majority,RegisterDocument,398,5351.61
o7p1-majority,RegisterDocument,399,5353.84
o7p1-majority,RegisterDocument,400,5355.06
o7p1-majority,RegisterDocument,401,5355.56
o7p1-majority,RegisterDocument,402,5355.91
o7p1-majority,RegisterDocument,403,5356.22
o7p1-majority,RegisterDocument,404,5358.04
o7p1-majority,RegisterDocument,405,5358.33
o7p1-majority,RegisterDocument,406,5358.55
o7p1-majority,RegisterDocument,407,5361.92
o7p1-majority,RegisterDocument,408,5362.56
o7p1-majority,RegisterDocument,409,5365.29
o7p1-majority,RegisterDocument,410,5365.72
o7p1-majority,RegisterDocument,411,5368.08
o7p1-majority,RegisterDocument,412,5368.55
o7p1-majority,RegisterDocument,413,5373.08
o7p1-majority,RegisterDocument,414,5373.24
o7p1-majority,RegisterDocument,415,5375.04
o7p1-majority,RegisterDocument,416,5376.56
o7p1-majority,RegisterDocument,417,5377.29
o7p1-majority,RegisterDocument,418,5381.58
o7p1-majority,RegisterDocument,419,5381.59
o7p1-majority,RegisterDocument,420,5382.02
o7p1-majority,RegisterDocument,421,5382.50
o7p1-majority,RegisterDocument,422,5385.00
o7p1-majority,RegisterDocument,423,5385.24
o7p1-majority,RegisterDocument,424,5385.90
o7p1-majority,RegisterDocument,425,5387.39
o7p1-majority,RegisterDocument,426,5391.94
o7p1-majority,RegisterDocument,427,5392.04
o7p1-majority,RegisterDocument,428,5393.46
o7p1-majority,RegisterDocument,429,5393.61
o7p1-majority,RegisterDocument,430,5393.98
o7p1-majority,RegisterDocument,431,5395.15
o7p1-majority,RegisterDocument,432,5395.77
o7p1-majority,RegisterDocument,433,5399.88
o7p1-majority,RegisterDocument,434,5401.68
o7p1-majority,RegisterDocument,435,5402.21
o7p1-majority,RegisterDocument,436,5402.61
o7p1-majority,RegisterDocument,437,5402.86
o7p1-majority,RegisterDocument,438,5403.78
o7p1-majority,RegisterDocument,439,5405.94
o7p1-majority,RegisterDocument,440,5407.79
o7p1-majority,RegisterDocument,441,5411.54
o7p1-majority,RegisterDocument,442,5418.42
o7p1-majority,RegisterDocument,443,5418.59
o7p1-majority,RegisterDocument,444,5418.72
o7p1-majority,RegisterDocument,445,5420.43
o7p1-majority,RegisterDocument,446,5421.39
o7p1-majority,RegisterDocument,447,5421.52
o7p1-majority,RegisterDocument,448,5422.57
o7p1-majority,RegisterDocument,449,5422.79
o7p1-majority,RegisterDocument,450,5425.63
o7p1-majority,RegisterDocument,451,5426.84
o7p1-majority,RegisterDocument,452,5427.01
o7p1-majority,RegisterDocument,453,5428.08
o7p1-majority,RegisterDocument,454,5428.67
o7p1-majority,RegisterDocument,455,5430.62
o7p1-majority,RegisterDocument,456,5433.00
o7p1-majority,RegisterDocument,457,5433.11
o7p1-majority,RegisterDocument,458,5434.15
o7p1-majority,RegisterDocument,459,5435.54
o7p1-majority,RegisterDocument,460,5439.73
o7p1-majority,RegisterDocument,461,5439.86
o7p1-majority,RegisterDocument,462,5439.89
o7p1-majority,RegisterDocument,463,5440.23
o7p1-majority,RegisterDocument,464,5440.99
o7p1-majority,RegisterDocument,465,5441.66
o7p1-majority,RegisterDocument,466,5441.70
o7p1-majority,RegisterDocument,467,5444.73
o7p1-majority,RegisterDocument,468,5446.37
o7p1-majority,RegisterDocument,469,5447.67
o7p1-majority,RegisterDocument,470,5449.10
o7p1-majority,RegisterDocument,471,5451.23
o7p1-majority,RegisterDocument,472,5452.18
o7p1-majority,RegisterDocument,473,5457.03
o7p1-majority,RegisterDocument,474,5457.71
o7p1-majority,RegisterDocument,475,5458.54
o7p1-majority,RegisterDocument,476,5459.69
o7p1-majority,RegisterDocument,477,5460.46
o7p1-majority,RegisterDocument,478,5460.58
o7p1-majority,RegisterDocument,479,5461.16
o7p1-majority,RegisterDocument,480,5461.48
o7p1-majority,RegisterDocument,481,5461.76
o7p1-majority,RegisterDocument,482,5462.02
o7p1-majority,RegisterDocument,483,5463.27
o7p1-majority,RegisterDocument,484,5464.46
o7p1-majority,RegisterDocument,485,5466.54
o7p1-majority,RegisterDocument,486,5466.59
o7p1-majority,RegisterDocument,487,5466.83
o7p1-majority,RegisterDocument,488,5467.37
o7p1-majority,RegisterDocument,489,5467.38
o7p1-majority,RegisterDocument,490,5467.39
o7p1-majority,RegisterDocument,491,5468.00
o7p1-majority,RegisterDocument,492,5468.96
o7p1-majority,RegisterDocument,493,5471.23
o7p1-majority,RegisterDocument,494,5472.62
o7p1-majority,RegisterDocument,495,5473.18
o7p1-majority,RegisterDocument,496,5473.71
o7p1-majority,RegisterDocument,497,5474.52
o7p1-majority,RegisterDocument,498,5474.90
o7p1-majority,RegisterDocument,499,5476.40
o7p1-majority,RegisterDocument,500,5476.89
o7p1-majority,RegisterDocument,501,5477.32
o7p1-majority,RegisterDocument,502,5477.68
o7p1-majority,RegisterDocument,503,5477.92
o7p1-majority,RegisterDocument,504,5479.01
o7p1-majority,RegisterDocument,505,5481.72
o7p1-majority,RegisterDocument,506,5485.43
o7p1-majority,RegisterDocument,507,5485.84
o7p1-majority,RegisterDocument,508,5486.53
o7p1-majority,RegisterDocument,509,5486.58
o7p1-majority,RegisterDocument,510,5493.62
o7p1-majority,RegisterDocument,511,5494.57
o7p1-majority,RegisterDocument,512,5495.65
o7p1-majority,RegisterDocument,513,5495.72
o7p1-majority,RegisterDocument,514,5496.56
o7p1-majority,RegisterDocument,515,5498.15
o7p1-majority,RegisterDocument,516,5499.44
o7p1-majority,RegisterDocument,517,5501.88
o7p1-majority,RegisterDocument,518,5502.08
o7p1-majority,RegisterDocument,519,5502.21
o7p1-majority,RegisterDocument,520,5502.89
o7p1-majority,RegisterDocument,521,5503.90
o7p1-majority,RegisterDocument,522,5504.20
o7p1-majority,RegisterDocument,523,5504.41
o7p1-majority,RegisterDocument,524,5505.32
o7p1-majority,RegisterDocument,525,5506.42
o7p1-majority,RegisterDocument,526,5508.93
o7p1-majority,RegisterDocument,527,5510.94
o7p1-majority,RegisterDocument,528,5513.30
o7p1-majority,RegisterDocument,529,5513.56
o7p1-majority,RegisterDocument,530,5514.17
o7p1-majority,RegisterDocument,531,5514.19
o7p1-majority,RegisterDocument,532,5515.51
o7p1-majority,RegisterDocument,533,5516.65
o7p1-majority,RegisterDocument,534,5518.75
o7p1-majority,RegisterDocument,535,5520.82
o7p1-majority,RegisterDocument,536,5520.92
o7p1-majority,RegisterDocument,537,5521.03
o7p1-majority,RegisterDocument,538,5524.13
o7p1-majority,RegisterDocument,539,5526.03
o7p1-majority,RegisterDocument,540,5530.26
o7p1-majority,RegisterDocument,541,5531.97
o7p1-majority,RegisterDocument,542,5532.91
o7p1-majority,RegisterDocument,543,5533.35
o7p1-majority,RegisterDocument,544,5534.04
o7p1-majority,RegisterDocument,545,5535.11
o7p1-majority,RegisterDocument,546,5535.80
o7p1-majority,RegisterDocument,547,5536.06
o7p1-majority,RegisterDocument,548,5537.26
o7p1-majority,RegisterDocument,549,5537.61
o7p1-majority,RegisterDocument,550,5539.55
o7p1-majority,RegisterDocument,551,5539.63
o7p1-majority,RegisterDocument,552,5545.79
o7p1-majority,RegisterDocument,553,5547.00
o7p1-majority,RegisterDocument,554,5548.98
o7p1-majority,RegisterDocument,555,5549.70
o7p1-majority,RegisterDocument,556,5552.41
o7p1-majority,RegisterDocument,557,5553.24
o7p1-majority,RegisterDocument,558,5555.67
o7p1-majority,RegisterDocument,559,5555.82
o7p1-majority,RegisterDocument,560,5556.07
o7p1-majority,RegisterDocument,561,5557.86
o7p1-majority,RegisterDocument,562,5559.80
o7p1-majority,RegisterDocument,563,5560.21
o7p1-majority,RegisterDocument,564,5560.97
o7p1-majority,RegisterDocument,565,5561.58
o7p1-majority,RegisterDocument,566,5565.48
o7p1-majority,RegisterDocument,567,5566.11
o7p1-majority,RegisterDocument,568,5566.76
o7p1-majority,RegisterDocument,569,5566.96
o7p1-majority,RegisterDocument,570,5567.00
o7p1-majority,RegisterDocument,571,5567.72
o7p1-majority,RegisterDocument,572,5569.18
o7p1-majority,RegisterDocument,573,5569.60
o7p1-majority,RegisterDocument,574,5570.08
o7p1-majority,RegisterDocument,575,5570.26
o7p1-majority,RegisterDocument,576,5570.34
o7p1-majority,RegisterDocument,577,5572.21
o7p1-majority,RegisterDocument,578,5574.53
o7p1-majority,RegisterDocument,579,5574.79
o7p1-majority,RegisterDocument,580,5575.01
o7p1-majority,RegisterDocument,581,5576.87
o7p1-majority,RegisterDocument,582,5580.62
o7p1-majority,RegisterDocument,583,5581.02
o7p1-majority,RegisterDocument,584,5583.97
o7p1-majority,RegisterDocument,585,5584.38
o7p1-majority,RegisterDocument,586,5584.99
o7p1-majority,RegisterDocument,587,5585.19
o7p1-majority,RegisterDocument,588,5586.65
o7p1-majority,RegisterDocument,589,5590.95
o7p1-majority,RegisterDocument,590,5591.93
o7p1-majority,RegisterDocument,591,5598.29
o7p1-majority,RegisterDocument,592,5599.17
o7p1-majority,RegisterDocument,593,5600.44
o7p1-majority,RegisterDocument,594,5601.94
o7p1-majority,RegisterDocument,595,5605.23
o7p1-majority,RegisterDocument,596,5607.91
o7p1-majority,RegisterDocument,597,5609.00
o7p1-majority,RegisterDocument,598,5610.24
o7p1-majority,RegisterDocument,599,5612.12
o7p1-majority,RegisterDocument,600,5612.74
o7p1-majority,RegisterDocument,601,5613.71
o7p1-majority,RegisterDocument,602,5614.71
o7p1-majority,RegisterDocument,603,5614.76
o7p1-majority,RegisterDocument,604,5616.21
o7p1-majority,RegisterDocument,605,5617.26
o7p1-majority,RegisterDocument,606,5618.47
o7p1-majority,RegisterDocument,607,5618.52
o7p1-majority,RegisterDocument,608,5618.66
o7p1-majority,RegisterDocument,609,5620.67
o7p1-majority,RegisterDocument,610,5623.12
o7p1-majority,RegisterDocument,611,5623.14
o7p1-majority,RegisterDocument,612,5623.50
o7p1-majority,RegisterDocument,613,5626.44
o7p1-majority,RegisterDocument,614,5627.61
o7p1-majority,RegisterDocument,615,5630.87
o7p1-majority,RegisterDocument,616,5631.13
o7p1-majority,RegisterDocument,617,5633.19
o7p1-majority,RegisterDocument,618,5634.35
o7p1-majority,RegisterDocument,619,5636.08
o7p1-majority,RegisterDocument,620,5636.72
o7p1-majority,RegisterDocument,621,5638.13
o7p1-majority,RegisterDocument,622,5638.40
o7p1-majority,RegisterDocument,623,5638.97
o7p1-majority,RegisterDocument,624,5642.97
o7p1-majority,RegisterDocument,625,5644.49
o7p1-majority,RegisterDocument,626,5646.53
o7p1-majority,RegisterDocument,627,5651.85
o7p1-majority,RegisterDocument,628,5651.99
o7p1-majority,RegisterDocument,629,5653.80
o7p1-majority,RegisterDocument,630,5655.91
o7p1-majority,RegisterDocument,631,5656.69
o7p1-majority,RegisterDocument,632,5657.48
o7p1-majority,RegisterDocument,633,5658.30
o7p1-majority,RegisterDocument,634,5658.90
o7p1-majority,RegisterDocument,635,5659.16
o7p1-majority,RegisterDocument,636,5662.39
o7p1-majority,RegisterDocument,637,5663.08
o7p1-majority,RegisterDocument,638,5664.25
o7p1-majority,RegisterDocument,639,5664.47
o7p1-majority,RegisterDocument,640,5665.74
o7p1-majority,RegisterDocument,641,5666.97
o7p1-majority,RegisterDocument,642,5667.85
o7p1-majority,RegisterDocument,643,5668.23
o7p1-majority,RegisterDocument,644,5669.21
o7p1-majority,RegisterDocument,645,5671.51
o7p1-majority,RegisterDocument,646,5673.23
o7p1-majority,RegisterDocument,647,5674.05
o7p1-majority,RegisterDocument,648,5674.70
o7p1-majority,RegisterDocument,649,5675.76
o7p1-majority,RegisterDocument,650,5676.72
o7p1-majority,RegisterDocument,651,5677.24
o7p1-majority,RegisterDocument,652,5677.34
o7p1-majority,RegisterDocument,653,5679.79
o7p1-majority,RegisterDocument,654,5680.99
o7p1-majority,RegisterDocument,655,5683.72
o7p1-majority,RegisterDocument,656,5683.83
o7p1-majority,RegisterDocument,657,5685.61
o7p1-majority,RegisterDocument,658,5685.83
o7p1-majority,RegisterDocument,659,5685.86
o7p1-majority,RegisterDocument,660,5686.75
o7p1-majority,RegisterDocument,661,5689.08
o7p1-majority,RegisterDocument,662,5689.87
o7p1-majority,RegisterDocument,663,5690.26
o7p1-majority,RegisterDocument,664,5690.76
o7p1-majority,RegisterDocument,665,5691.19
o7p1-majority,RegisterDocument,666,5692.49
o7p1-majority,RegisterDocument,667,5692.73
o7p1-majority,RegisterDocument,668,5693.79
o7p1-majority,RegisterDocument,669,5696.56
o7p1-majority,RegisterDocument,670,5700.47
o7p1-majority,RegisterDocument,671,5701.08
o7p1-majority,RegisterDocument,672,5702.55
o7p1-majority,RegisterDocument,673,5702.63
o7p1-majority,RegisterDocument,674,5705.74
o7p1-majority,RegisterDocument,675,5706.26
o7p1-majority,RegisterDocument,676,5708.45
o7p1-majority,RegisterDocument,677,5711.84
o7p1-majority,RegisterDocument,678,5711.95
o7p1-majority,RegisterDocument,679,5712.23
o7p1-majority,RegisterDocument,680,5714.60
o7p1-majority,RegisterDocument,681,5714.68
o7p1-majority,RegisterDocument,682,5714.75
o7p1-majority,RegisterDocument,683,5715.22
o7p1-majority,RegisterDocument,684,5715.71
o7p1-majority,RegisterDocument,685,5716.63
o7p1-majority,RegisterDocument,686,5717.42
o7p1-majority,RegisterDocument,687,5718.77
o7p1-majority,RegisterDocument,688,5720.03
o7p1-majority,RegisterDocument,689,5721.78
o7p1-majority,RegisterDocument,690,5722.74
o7p1-majority,RegisterDocument,691,5724.89
o7p1-majority,RegisterDocument,692,5726.19
o7p1-majority,RegisterDocument,693,5726.35
o7p1-majority,RegisterDocument,694,5726.74
o7p1-majority,RegisterDocument,695,5729.62
o7p1-majority,RegisterDocument,696,5732.56
o7p1-majority,RegisterDocument,697,5734.80
o7p1-majority,RegisterDocument,698,5736.00
o7p1-majority,RegisterDocument,699,5738.40
o7p1-majority,RegisterDocument,700,5739.47
o7p1-majority,RegisterDocument,701,5739.89
o7p1-majority,RegisterDocument,702,5740.19
o7p1-majority,RegisterDocument,703,5741.30
o7p1-majority,RegisterDocument,704,5741.99
o7p1-majority,RegisterDocument,705,5742.34
o7p1-majority,RegisterDocument,706,5742.78
o7p1-majority,RegisterDocument,707,5743.59
o7p1-majority,RegisterDocument,708,5744.04
o7p1-majority,RegisterDocument,709,5745.15
o7p1-majority,RegisterDocument,710,5745.95
o7p1-majority,RegisterDocument,711,5746.32
o7p1-majority,RegisterDocument,712,5746.87
o7p1-majority,RegisterDocument,713,5747.79
o7p1-majority,RegisterDocument,714,5749.64
o7p1-majority,RegisterDocument,715,5753.39
o7p1-majority,RegisterDocument,716,5753.56
o7p1-majority,RegisterDocument,717,5755.59
o7p1-majority,RegisterDocument,718,5756.19
o7p1-majority,RegisterDocument,719,5756.72
o7p1-majority,RegisterDocument,720,5757.24
o7p1-majority,RegisterDocument,721,5757.82
o7p1-majority,RegisterDocument,722,5758.05
o7p1-majority,RegisterDocument,723,5760.51
o7p1-majority,RegisterDocument,724,5761.89
o7p1-majority,RegisterDocument,725,5763.68
o7p1-majority,RegisterDocument,726,5763.81
o7p1-majority,RegisterDocument,727,5764.75
o7p1-majority,RegisterDocument,728,5766.14
o7p1-majority,RegisterDocument,729,5769.20
o7p1-majority,RegisterDocument,730,5769.56
o7p1-majority,RegisterDocument,731,5770.41
o7p1-majority,RegisterDocument,732,5772.79
o7p1-majority,RegisterDocument,733,5772.97
o7p1-majority,RegisterDocument,734,5774.53
o7p1-majority,RegisterDocument,735,5775.89
o7p1-majority,RegisterDocument,736,5776.36
o7p1-majority,RegisterDocument,737,5777.04
o7p1-majority,RegisterDocument,738,5777.32
o7p1-majority,RegisterDocument,739,5778.74
o7p1-majority,RegisterDocument,740,5778.94
o7p1-majority,RegisterDocument,741,5780.52
o7p1-majority,RegisterDocument,742,5780.72
o7p1-majority,RegisterDocument,743,5782.44
o7p1-majority,RegisterDocument,744,5782.86
o7p1-majority,RegisterDocument,745,5782.97
o7p1-majority,RegisterDocument,746,5783.39
o7p1-majority,RegisterDocument,747,5790.43
o7p1-majority,RegisterDocument,748,5791.25
o7p1-majority,RegisterDocument,749,5791.43
o7p1-majority,RegisterDocument,750,5791.57
o7p1-majority,RegisterDocument,751,5793.88
o7p1-majority,RegisterDocument,752,5794.58
o7p1-majority,RegisterDocument,753,5795.31
o7p1-majority,RegisterDocument,754,5797.34
o7p1-majority,RegisterDocument,755,5797.52
o7p1-majority,RegisterDocument,756,5800.21
o7p1-majority,RegisterDocument,757,5800.33
o7p1-majority,RegisterDocument,758,5801.41
o7p1-majority,RegisterDocument,759,5801.42
o7p1-majority,RegisterDocument,760,5802.32
o7p1-majority,RegisterDocument,761,5804.62
o7p1-majority,RegisterDocument,762,5805.88
o7p1-majority,RegisterDocument,763,5806.27
o7p1-majority,RegisterDocument,764,5807.59
o7p1-majority,RegisterDocument,765,5807.80
o7p1-majority,RegisterDocument,766,5808.41
o7p1-majority,RegisterDocument,767,5808.69
o7p1-majority,RegisterDocument,768,5809.07
o7p1-majority,RegisterDocument,769,5809.54
o7p1-majority,RegisterDocument,770,5810.31
o7p1-majority,RegisterDocument,771,5810.81
o7p1-majority,RegisterDocument,772,5814.18
o7p1-majority,RegisterDocument,773,5814.90
o7p1-majority,RegisterDocument,774,5815.11
o7p1-majority,RegisterDocument,775,5816.23
o7p1-majority,RegisterDocument,776,5817.44
o7p1-majority,RegisterDocument,777,5817.77
o7p1-majority,RegisterDocument,778,5818.11
o7p1-majority,RegisterDocument,779,5818.72
o7p1-majority,RegisterDocument,780,5819.84
o7p1-majority,RegisterDocument,781,5820.17
o7p1-majority,RegisterDocument,782,5821.11
o7p1-majority,RegisterDocument,783,5822.90
o7p1-majority,RegisterDocument,784,5823.21
o7p1-majority,RegisterDocument,785,5830.36
o7p1-majority,RegisterDocument,786,5831.56
o7p1-majority,RegisterDocument,787,5832.18
o7p1-majority,RegisterDocument,788,5832.67
o7p1-majority,RegisterDocument,789,5833.37
o7p1-majority,RegisterDocument,790,5834.54
o7p1-majority,RegisterDocument,791,5838.48
o7p1-majority,RegisterDocument,792,5840.47
o7p1-majority,RegisterDocument,793,5843.12
o7p1-majority,RegisterDocument,794,5844.06
o7p1-majority,RegisterDocument,795,5845.08
o7p1-majority,RegisterDocument,796,5845.75
o7p1-majority,RegisterDocument,797,5846.08
o7p1-majority,RegisterDocument,798,5846.14
o7p1-majority,RegisterDocument,799,5847.48
o7p1-majority,RegisterDocument,800,5848.27
o7p1-majority,RegisterDocument,801,5848.45
o7p1-majority,RegisterDocument,802,5848.78
o7p1-majority,RegisterDocument,803,5849.36
o7p1-majority,RegisterDocument,804,5850.94
o7p1-majority,RegisterDocument,805,5851.36
o7p1-majority,RegisterDocument,806,5853.11
o7p1-majority,RegisterDocument,807,5853.54
o7p1-majority,RegisterDocument,808,5854.43
o7p1-majority,RegisterDocument,809,5855.09
o7p1-majority,RegisterDocument,810,5856.82
o7p1-majority,RegisterDocument,811,5858.96
o7p1-majority,RegisterDocument,812,5859.99
o7p1-majority,RegisterDocument,813,5860.00
o7p1-majority,RegisterDocument,814,5861.56
o7p1-majority,RegisterDocument,815,5863.70
o7p1-majority,RegisterDocument,816,5863.93
o7p1-majority,RegisterDocument,817,5864.10
o7p1-majority,RegisterDocument,818,5866.63
o7p1-majority,RegisterDocument,819,5868.45
o7p1-majority,RegisterDocument,820,5868.65
o7p1-majority,RegisterDocument,821,5869.30
o7p1-majority,RegisterDocument,822,5869.60
o7p1-majority,RegisterDocument,823,5870.32
o7p1-majority,RegisterDocument,824,5870.74
o7p1-majority,RegisterDocument,825,5871.49
o7p1-majority,RegisterDocument,826,5871.84
o7p1-majority,RegisterDocument,827,5873.23
o7p1-majority,RegisterDocument,828,5877.09
o7p1-majority,RegisterDocument,829,5877.20
o7p1-majority,RegisterDocument,830,5877.42
o7p1-majority,RegisterDocument,831,5878.02
o7p1-majority,RegisterDocument,832,5878.86
o7p1-majority,RegisterDocument,833,5880.72
o7p1-majority,RegisterDocument,834,5881.03
o7p1-majority,RegisterDocument,835,5881.60
o7p1-majority,RegisterDocument,836,5881.78
o7p1-majority,RegisterDocument,837,5881.86
o7p1-majority,RegisterDocument,838,5883.08
o7p1-majority,RegisterDocument,839,5884.33
o7p1-majority,RegisterDocument,840,5886.11
o7p1-majority,RegisterDocument,841,5890.55
o7p1-majority,RegisterDocument,842,5890.55
o7p1-majority,RegisterDocument,843,5891.60
o7p1-majority,RegisterDocument,844,5892.17
o7p1-majority,RegisterDocument,845,5893.03
o7p1-majority,RegisterDocument,846,5893.87
o7p1-majority,RegisterDocument,847,5895.03
o7p1-majority,RegisterDocument,848,5896.10
o7p1-majority,RegisterDocument,849,5896.71
o7p1-majority,RegisterDocument,850,5899.43
o7p1-majority,RegisterDocument,851,5901.44
o7p1-majority,RegisterDocument,852,5901.68
o7p1-majority,RegisterDocument,853,5902.46
o7p1-majority,RegisterDocument,854,5902.84
o7p1-majority,RegisterDocument,855,5903.93
o7p1-majority,RegisterDocument,856,5906.35
o7p1-majority,RegisterDocument,857,5908.22
o7p1-majority,RegisterDocument,858,5908.90
o7p1-majority,RegisterDocument,859,5909.66
o7p1-majority,RegisterDocument,860,5911.80
o7p1-majority,RegisterDocument,861,5912.12
o7p1-majority,RegisterDocument,862,5914.00
o7p1-majority,RegisterDocument,863,5914.30
o7p1-majority,RegisterDocument,864,5915.15
o7p1-majority,RegisterDocument,865,5915.81
o7p1-majority,RegisterDocument,866,5916.06
o7p1-majority,RegisterDocument,867,5917.41
o7p1-majority,RegisterDocument,868,5918.38
o7p1-majority,RegisterDocument,869,5918.46
o7p1-majority,RegisterDocument,870,5921.12
o7p1-majority,RegisterDocument,871,5921.44
o7p1-majority,RegisterDocument,872,5922.64
o7p1-majority,RegisterDocument,873,5923.90
o7p1-majority,RegisterDocument,874,5925.11
o7p1-majority,RegisterDocument,875,5926.61
o7p1-majority,RegisterDocument,876,5927.59
o7p1-majority,RegisterDocument,877,5927.96
o7p1-majority,RegisterDocument,878,5927.99
o7p1-majority,RegisterDocument,879,5928.06
o7p1-majority,RegisterDocument,880,5928.38
o7p1-majority,RegisterDocument,881,5928.78
o7p1-majority,RegisterDocument,882,5929.08
o7p1-majority,RegisterDocument,883,5929.18
o7p1-majority,RegisterDocument,884,5929.52
o7p1-majority,RegisterDocument,885,5931.01
o7p1-majority,RegisterDocument,886,5931.62
o7p1-majority,RegisterDocument,887,5931.96
o7p1-majority,RegisterDocument,888,5934.48
o7p1-majority,RegisterDocument,889,5935.12
o7p1-majority,RegisterDocument,890,5935.35
o7p1-majority,RegisterDocument,891,5936.04
o7p1-majority,RegisterDocument,892,5937.25
o7p1-majority,RegisterDocument,893,5938.77
o7p1-majority,RegisterDocument,894,5939.81
o7p1-majority,RegisterDocument,895,5940.49
o7p1-majority,RegisterDocument,896,5941.49
o7p1-majority,RegisterDocument,897,5941.69
o7p1-majority,RegisterDocument,898,5945.05
o7p1-majority,RegisterDocument,899,5945.44
o7p1-majority,RegisterDocument,900,5947.08
o7p1-majority,RegisterDocument,901,5950.90
o7p1-majority,RegisterDocument,902,5951.19
o7p1-majority,RegisterDocument,903,5952.56
o7p1-majority,RegisterDocument,904,5952.68
o7p1-majority,RegisterDocument,905,5953.12
o7p1-majority,RegisterDocument,906,5953.26
o7p1-majority,RegisterDocument,907,5953.68
o7p1-majority,RegisterDocument,908,5955.25
o7p1-majority,RegisterDocument,909,5956.98
o7p1-majority,RegisterDocument,910,5957.17
o7p1-majority,RegisterDocument,911,5958.99
o7p1-majority,RegisterDocument,912,5959.48
o7p1-majority,RegisterDocument,913,5961.13
o7p1-majority,RegisterDocument,914,5962.60
o7p1-majority,RegisterDocument,915,5963.10
o7p1-majority,RegisterDocument,916,5963.38
o7p1-majority,RegisterDocument,917,5965.01
o7p1-majority,RegisterDocument,918,5966.78
o7p1-majority,RegisterDocument,919,5968.94
o7p1-majority,RegisterDocument,920,5972.86
o7p1-majority,RegisterDocument,921,5976.35
o7p1-majority,RegisterDocument,922,5980.45
o7p1-majority,RegisterDocument,923,5981.46
o7p1-majority,RegisterDocument,924,5982.13
o7p1-majority,RegisterDocument,925,5982.55
o7p1-majority,RegisterDocument,926,5983.76
o7p1-majority,RegisterDocument,927,5986.58
o7p1-majority,RegisterDocument,928,5986.79
o7p1-majority,RegisterDocument,929,5989.89
o7p1-majority,RegisterDocument,930,5990.94
o7p1-majority,RegisterDocument,931,5994.58
o7p1-majority,RegisterDocument,932,5995.21
o7p1-majority,RegisterDocument,933,5995.64
o7p1-majority,RegisterDocument,934,5996.39
o7p1-majority,RegisterDocument,935,5996.53
o7p1-majority,RegisterDocument,936,5997.04
o7p1-majority,RegisterDocument,937,6000.97
o7p1-majority,RegisterDocument,938,6001.95
o7p1-majority,RegisterDocument,939,6003.11
o7p1-majority,RegisterDocument,940,6005.25
o7p1-majority,RegisterDocument,941,6005.51
o7p1-majority,RegisterDocument,942,6006.56
o7p1-majority,RegisterDocument,943,6007.47
o7p1-majority,RegisterDocument,944,6008.73
o7p1-majority,RegisterDocument,945,6009.01
o7p1-majority,RegisterDocument,946,6009.14
o7p1-majority,RegisterDocument,947,6011.18
o7p1-majority,RegisterDocument,948,6011.72
o7p1-majority,RegisterDocument,949,6012.48
o7p1-majority,RegisterDocument,950,6015.63
o7p1-majority,RegisterDocument,951,6016.31
o7p1-majority,RegisterDocument,952,6017.52
o7p1-majority,RegisterDocument,953,6018.39
o7p1-majority,RegisterDocument,954,6021.41
o7p1-majority,RegisterDocument,955,6022.32
o7p1-majority,RegisterDocument,956,6024.08
o7p1-majority,RegisterDocument,957,6025.21
o7p1-majority,RegisterDocument,958,6025.38
o7p1-majority,RegisterDocument,959,6027.24
o7p1-majority,RegisterDocument,960,6027.43
o7p1-majority,RegisterDocument,961,6029.89
o7p1-majority,RegisterDocument,962,6030.42
o7p1-majority,RegisterDocument,963,6031.69
o7p1-majority,RegisterDocument,964,6035.60
o7p1-majority,RegisterDocument,965,6036.69
o7p1-majority,RegisterDocument,966,6037.00
o7p1-majority,RegisterDocument,967,6038.10
o7p1-majority,RegisterDocument,968,6038.42
o7p1-majority,RegisterDocument,969,6040.06
o7p1-majority,RegisterDocument,970,6046.04
o7p1-majority,RegisterDocument,971,6047.26
o7p1-majority,RegisterDocument,972,6048.49
o7p1-majority,RegisterDocument,973,6049.07
o7p1-majority,RegisterDocument,974,6050.68
o7p1-majority,RegisterDocument,975,6052.71
o7p1-majority,RegisterDocument,976,6053.29
o7p1-majority,RegisterDocument,977,6054.40
o7p1-majority,RegisterDocument,978,6055.83
o7p1-majority,RegisterDocument,979,6057.90
o7p1-majority,RegisterDocument,980,6059.56
o7p1-majority,RegisterDocument,981,6063.81
o7p1-majority,RegisterDocument,982,6069.41
o7p1-majority,RegisterDocument,983,6069.59
o7p1-majority,RegisterDocument,984,6070.44
o7p1-majority,RegisterDocument,985,6070.64
o7p1-majority,RegisterDocument,986,6073.44
o7p1-majority,RegisterDocument,987,6073.64
o7p1-majority,RegisterDocument,988,6075.25
o7p1-majority,RegisterDocument,989,6075.39
o7p1-majority,RegisterDocument,990,6076.01
o7p1-majority,RegisterDocument,991,6078.08
o7p1-majority,RegisterDocument,992,6078.44
o7p1-majority,RegisterDocument,993,6078.99
o7p1-majority,RegisterDocument,994,6079.07
o7p1-majority,RegisterDocument,995,6080.85
o7p1-majority,RegisterDocument,996,6081.08
o7p1-majority,RegisterDocument,997,6082.51
o7p1-majority,RegisterDocument,998,6084.35
o7p1-majority,RegisterDocument,999,6086.12
o7p1-majority,RegisterDocument,1000,6086.55
o7p1-majority,RegisterDocument,1001,6089.47
o7p1-majority,RegisterDocument,1002,6089.69
o7p1-majority,RegisterDocument,1003,6090.55
o7p1-majority,RegisterDocument,1004,6091.47
o7p1-majority,RegisterDocument,1005,6093.47
o7p1-majority,RegisterDocument,1006,6093.68
o7p1-majority,RegisterDocument,1007,6094.00
o7p1-majority,RegisterDocument,1008,6095.38
o7p1-majority,RegisterDocument,1009,6095.46
o7p1-majority,RegisterDocument,1010,6096.34
o7p1-majority,RegisterDocument,1011,6096.68
o7p1-majority,RegisterDocument,1012,6099.67
o7p1-majority,RegisterDocument,1013,6106.08
o7p1-majority,RegisterDocument,1014,6106.11
o7p1-majority,RegisterDocument,1015,6106.30
o7p1-majority,RegisterDocument,1016,6109.81
o7p1-majority,RegisterDocument,1017,6111.04
o7p1-majority,RegisterDocument,1018,6111.81
o7p1-majority,RegisterDocument,1019,6112.46
o7p1-majority,RegisterDocument,1020,6117.11
o7p1-majority,RegisterDocument,1021,6120.22
o7p1-majority,RegisterDocument,1022,6121.51
o7p1-majority,RegisterDocument,1023,6122.40
o7p1-majority,RegisterDocument,1024,6122.42
o7p1-majority,RegisterDocument,1025,6123.34
o7p1-majority,RegisterDocument,1026,6123.59
o7p1-majority,RegisterDocument,1027,6123.77
o7p1-majority,RegisterDocument,1028,6125.86
o7p1-majority,RegisterDocument,1029,6130.35
o7p1-majority,RegisterDocument,1030,6135.19
o7p1-majority,RegisterDocument,1031,6136.03
o7p1-majority,RegisterDocument,1032,6137.02
o7p1-majority,RegisterDocument,1033,6141.38
o7p1-majority,RegisterDocument,1034,6146.89
o7p1-majority,RegisterDocument,1035,6147.26
o7p1-majority,RegisterDocument,1036,6150.37
o7p1-majority,RegisterDocument,1037,6150.71
o7p1-majority,RegisterDocument,1038,6153.63
o7p1-majority,RegisterDocument,1039,6154.23
o7p1-majority,RegisterDocument,1040,6155.57
o7p1-majority,RegisterDocument,1041,6162.03
o7p1-majority,RegisterDocument,1042,6165.16
o7p1-majority,RegisterDocument,1043,6169.37
o7p1-majority,RegisterDocument,1044,6170.85
o7p1-majority,RegisterDocument,1045,6171.73
o7p1-majority,RegisterDocument,1046,6172.02
o7p1-majority,RegisterDocument,1047,6173.02
o7p1-majority,RegisterDocument,1048,6174.09
o7p1-majority,RegisterDocument,1049,6174.15
o7p1-majority,RegisterDocument,1050,6175.24
o7p1-majority,RegisterDocument,1051,6176.96
o7p1-majority,RegisterDocument,1052,6177.35
o7p1-majority,RegisterDocument,1053,6178.06
o7p1-majority,RegisterDocument,1054,6179.19
o7p1-majority,RegisterDocument,1055,6179.24
o7p1-majority,RegisterDocument,1056,6181.99
o7p1-majority,RegisterDocument,1057,6183.20
o7p1-majority,RegisterDocument,1058,6184.04
o7p1-majority,RegisterDocument,1059,6186.86
o7p1-majority,RegisterDocument,1060,6189.57
o7p1-majority,RegisterDocument,1061,6193.21
o7p1-majority,RegisterDocument,1062,6193.23
o7p1-majority,RegisterDocument,1063,6194.67
o7p1-majority,RegisterDocument,1064,6194.91
o7p1-majority,RegisterDocument,1065,6197.94
o7p1-majority,RegisterDocument,1066,6199.18
o7p1-majority,RegisterDocument,1067,6206.02
o7p1-majority,RegisterDocument,1068,6211.70
o7p1-majority,RegisterDocument,1069,6213.75
o7p1-majority,RegisterDocument,1070,6213.93
o7p1-majority,RegisterDocument,1071,6214.04
o7p1-majority,RegisterDocument,1072,6214.86
o7p1-majority,RegisterDocument,1073,6220.88
o7p1-majority,RegisterDocument,1074,6222.33
o7p1-majority,RegisterDocument,1075,6222.48
o7p1-majority,RegisterDocument,1076,6225.69
o7p1-majority,RegisterDocument,1077,6225.94
o7p1-majority,RegisterDocument,1078,6227.13
o7p1-majority,RegisterDocument,1079,6228.28
o7p1-majority,RegisterDocument,1080,6234.77
o7p1-majority,RegisterDocument,1081,6237.25
o7p1-majority,RegisterDocument,1082,6241.17
o7p1-majority,RegisterDocument,1083,6242.36
o7p1-majority,RegisterDocument,1084,6242.62
o7p1-majority,RegisterDocument,1085,6247.75
o7p1-majority,RegisterDocument,1086,6247.76
o7p1-majority,RegisterDocument,1087,6248.02
o7p1-majority,RegisterDocument,1088,6248.10
o7p1-majority,RegisterDocument,1089,6251.18
o7p1-majority,RegisterDocument,1090,6256.81
o7p1-majority,RegisterDocument,1091,6257.55
o7p1-majority,RegisterDocument,1092,6258.18
o7p1-majority,RegisterDocument,1093,6258.90
o7p1-majority,RegisterDocument,1094,6259.36
o7p1-majority,RegisterDocument,1095,6261.98
o7p1-majority,RegisterDocument,1096,6262.01
o7p1-majority,RegisterDocument,1097,6262.88
o7p1-majority,RegisterDocument,1098,6262.90
o7p1-majority,RegisterDocument,1099,6264.86
o7p1-majority,RegisterDocument,1100,6265.05
o7p1-majority,RegisterDocument,1101,6265.63
o7p1-majority,RegisterDocument,1102,6267.40
o7p1-majority,RegisterDocument,1103,6270.63
o7p1-majority,RegisterDocument,1104,6275.33
o7p1-majority,RegisterDocument,1105,6276.50
o7p1-majority,RegisterDocument,1106,6277.51
o7p1-majority,RegisterDocument,1107,6277.52
o7p1-majority,RegisterDocument,1108,6278.16
o7p1-majority,RegisterDocument,1109,6279.31
o7p1-majority,RegisterDocument,1110,6281.82
o7p1-majority,RegisterDocument,1111,6285.09
o7p1-majority,RegisterDocument,1112,6289.54
o7p1-majority,RegisterDocument,1113,6291.96
o7p1-majority,RegisterDocument,1114,6293.25
o7p1-majority,RegisterDocument,1115,6293.82
o7p1-majority,RegisterDocument,1116,6294.51
o7p1-majority,RegisterDocument,1117,6294.82
o7p1-majority,RegisterDocument,1118,6296.79
o7p1-majority,RegisterDocument,1119,6299.17
o7p1-majority,RegisterDocument,1120,6299.34
o7p1-majority,RegisterDocument,1121,6302.85
o7p1-majority,RegisterDocument,1122,6303.12
o7p1-majority,RegisterDocument,1123,6305.93
o7p1-majority,RegisterDocument,1124,6306.85
o7p1-majority,RegisterDocument,1125,6307.60
o7p1-majority,RegisterDocument,1126,6307.94
o7p1-majority,RegisterDocument,1127,6309.45
o7p1-majority,RegisterDocument,1128,6313.47
o7p1-majority,RegisterDocument,1129,6314.90
o7p1-majority,RegisterDocument,1130,6315.53
o7p1-majority,RegisterDocument,1131,6316.25
o7p1-majority,RegisterDocument,1132,6317.54
o7p1-majority,RegisterDocument,1133,6322.11
o7p1-majority,RegisterDocument,1134,6322.23
o7p1-majority,RegisterDocument,1135,6322.53
o7p1-majority,RegisterDocument,1136,6323.68
o7p1-majority,RegisterDocument,1137,6327.17
o7p1-majority,RegisterDocument,1138,6327.80
o7p1-majority,RegisterDocument,1139,6328.80
o7p1-majority,RegisterDocument,1140,6328.82
o7p1-majority,RegisterDocument,1141,6329.02
o7p1-majority,RegisterDocument,1142,6331.32
o7p1-majority,RegisterDocument,1143,6331.58
o7p1-majority,RegisterDocument,1144,6331.61
o7p1-majority,RegisterDocument,1145,6332.46
o7p1-majority,RegisterDocument,1146,6338.56
o7p1-majority,RegisterDocument,1147,6345.59
o7p1-majority,RegisterDocument,1148,6349.63
o7p1-majority,RegisterDocument,1149,6351.21
o7p1-majority,RegisterDocument,1150,6353.86
o7p1-majority,RegisterDocument,1151,6358.00
o7p1-majority,RegisterDocument,1152,6363.95
o7p1-majority,RegisterDocument,1153,6364.83
o7p1-majority,RegisterDocument,1154,6365.15
o7p1-majority,RegisterDocument,1155,6367.82
o7p1-majority,RegisterDocument,1156,6369.35
o7p1-majority,RegisterDocument,1157,6372.63
o7p1-majority,RegisterDocument,1158,6374.98
o7p1-majority,RegisterDocument,1159,6377.04
o7p1-majority,RegisterDocument,1160,6377.50
o7p1-majority,RegisterDocument,1161,6380.37
o7p1-majority,RegisterDocument,1162,6382.81
o7p1-majority,RegisterDocument,1163,6385.77
o7p1-majority,RegisterDocument,1164,6385.98
o7p1-majority,RegisterDocument,1165,6386.29
o7p1-majority,RegisterDocument,1166,6386.89
o7p1-majority,RegisterDocument,1167,6395.83
o7p1-majority,RegisterDocument,1168,6398.15
o7p1-majority,RegisterDocument,1169,6402.25
o7p1-majority,RegisterDocument,1170,6406.59
o7p1-majority,RegisterDocument,1171,6407.02
o7p1-majority,RegisterDocument,1172,6407.05
o7p1-majority,RegisterDocument,1173,6407.57
o7p1-majority,RegisterDocument,1174,6409.28
o7p1-majority,RegisterDocument,1175,6414.14
o7p1-majority,RegisterDocument,1176,6414.25
o7p1-majority,RegisterDocument,1177,6415.04
o7p1-majority,RegisterDocument,1178,6416.70
o7p1-majority,RegisterDocument,1179,6417.16
o7p1-majority,RegisterDocument,1180,6417.18
o7p1-majority,RegisterDocument,1181,6418.12
o7p1-majority,RegisterDocument,1182,6421.89
o7p1-majority,RegisterDocument,1183,6422.02
o7p1-majority,RegisterDocument,1184,6422.64
o7p1-majority,RegisterDocument,1185,6423.16
o7p1-majority,RegisterDocument,1186,6424.43
o7p1-majority,RegisterDocument,1187,6425.89
o7p1-majority,RegisterDocument,1188,6426.19
o7p1-majority,RegisterDocument,1189,6427.58
o7p1-majority,RegisterDocument,1190,6428.80
o7p1-majority,RegisterDocument,1191,6433.16
o7p1-majority,RegisterDocument,1192,6434.58
o7p1-majority,RegisterDocument,1193,6436.55
o7p1-majority,RegisterDocument,1194,6437.19
o7p1-majority,RegisterDocument,1195,6437.67
o7p1-majority,RegisterDocument,1196,6439.27
o7p1-majority,RegisterDocument,1197,6440.29
o7p1-majority,RegisterDocument,1198,6440.33
o7p1-majority,RegisterDocument,1199,6441.13
o7p1-majority,RegisterDocument,1200,6443.75
o7p1-majority,RegisterDocument,1201,6449.34
o7p1-majority,RegisterDocument,1202,6449.64
o7p1-majority,RegisterDocument,1203,6455.39
o7p1-majority,RegisterDocument,1204,6455.47
o7p1-majority,RegisterDocument,1205,6456.07
o7p1-majority,RegisterDocument,1206,6457.18
o7p1-majority,RegisterDocument,1207,6457.90
o7p1-majority,RegisterDocument,1208,6460.02
o7p1-majority,RegisterDocument,1209,6460.42
o7p1-majority,RegisterDocument,1210,6460.71
o7p1-majority,RegisterDocument,1211,6464.20
o7p1-majority,RegisterDocument,1212,6466.50
o7p1-majority,RegisterDocument,1213,6468.55
o7p1-majority,RegisterDocument,1214,6469.05
o7p1-majority,RegisterDocument,1215,6470.67
o7p1-majority,RegisterDocument,1216,6470.68
o7p1-majority,RegisterDocument,1217,6471.07
o7p1-majority,RegisterDocument,1218,6472.21
o7p1-majority,RegisterDocument,1219,6475.85
o7p1-majority,RegisterDocument,1220,6476.08
o7p1-majority,RegisterDocument,1221,6476.51
o7p1-majority,RegisterDocument,1222,6477.80
o7p1-majority,RegisterDocument,1223,6479.25
o7p1-majority,RegisterDocument,1224,6479.86
o7p1-majority,RegisterDocument,1225,6479.90
o7p1-majority,RegisterDocument,1226,6480.75
o7p1-majority,RegisterDocument,1227,6482.20
o7p1-majority,RegisterDocument,1228,6483.89
o7p1-majority,RegisterDocument,1229,6484.99
o7p1-majority,RegisterDocument,1230,6489.26
o7p1-majority,RegisterDocument,1231,6489.66
o7p1-majority,RegisterDocument,1232,6490.39
o7p1-majority,RegisterDocument,1233,6490.65
o7p1-majority,RegisterDocument,1234,6491.17
o7p1-majority,RegisterDocument,1235,6492.13
o7p1-majority,RegisterDocument,1236,6493.02
o7p1-majority,RegisterDocument,1237,6496.60
o7p1-majority,RegisterDocument,1238,6496.92
o7p1-majority,RegisterDocument,1239,6498.50
o7p1-majority,RegisterDocument,1240,6498.89
o7p1-majority,RegisterDocument,1241,6499.33
o7p1-majority,RegisterDocument,1242,6499.66
o7p1-majority,RegisterDocument,1243,6502.14
o7p1-majority,RegisterDocument,1244,6504.87
o7p1-majority,RegisterDocument,1245,6504.94
o7p1-majority,RegisterDocument,1246,6505.12
o7p1-majority,RegisterDocument,1247,6505.34
o7p1-majority,RegisterDocument,1248,6506.39
o7p1-majority,RegisterDocument,1249,6507.81
o7p1-majority,RegisterDocument,1250,6510.32
o7p1-majority,RegisterDocument,1251,6510.60
o7p1-majority,RegisterDocument,1252,6511.72
o7p1-majority,RegisterDocument,1253,6513.55
o7p1-majority,RegisterDocument,1254,6513.65
o7p1-majority,RegisterDocument,1255,6513.98
o7p1-majority,RegisterDocument,1256,6516.94
o7p1-majority,RegisterDocument,1257,6517.10
o7p1-majority,RegisterDocument,1258,6518.17
o7p1-majority,RegisterDocument,1259,6520.24
o7p1-majority,RegisterDocument,1260,6521.62
o7p1-majority,RegisterDocument,1261,6522.72
o7p1-majority,RegisterDocument,1262,6522.95
o7p1-majority,RegisterDocument,1263,6523.94
o7p1-majority,RegisterDocument,1264,6523.99
o7p1-majority,RegisterDocument,1265,6524.64
o7p1-majority,RegisterDocument,1266,6524.98
o7p1-majority,RegisterDocument,1267,6526.86
o7p1-majority,RegisterDocument,1268,6527.86
o7p1-majority,RegisterDocument,1269,6529.70
o7p1-majority,RegisterDocument,1270,6530.15
o7p1-majority,RegisterDocument,1271,6535.76
o7p1-majority,RegisterDocument,1272,6535.95
o7p1-majority,RegisterDocument,1273,6537.63
o7p1-majority,RegisterDocument,1274,6537.68
o7p1-majority,RegisterDocument,1275,6539.78
o7p1-majority,RegisterDocument,1276,6539.83
o7p1-majority,RegisterDocument,1277,6540.08
o7p1-majority,RegisterDocument,1278,6549.77
o7p1-majority,RegisterDocument,1279,6550.20
o7p1-majority,RegisterDocument,1280,6554.73
o7p1-majority,RegisterDocument,1281,6555.69
o7p1-majority,RegisterDocument,1282,6558.69
o7p1-majority,RegisterDocument,1283,6559.18
o7p1-majority,RegisterDocument,1284,6559.68
o7p1-majority,RegisterDocument,1285,6560.49
o7p1-majority,RegisterDocument,1286,6562.08
o7p1-majority,RegisterDocument,1287,6563.72
o7p1-majority,RegisterDocument,1288,6563.75
o7p1-majority,RegisterDocument,1289,6565.95
o7p1-majority,RegisterDocument,1290,6567.20
o7p1-majority,RegisterDocument,1291,6567.94
o7p1-majority,RegisterDocument,1292,6569.07
o7p1-majority,RegisterDocument,1293,6570.52
o7p1-majority,RegisterDocument,1294,6571.77
o7p1-majority,RegisterDocument,1295,6572.45
o7p1-majority,RegisterDocument,1296,6573.13
o7p1-majority,RegisterDocument,1297,6574.41
o7p1-majority,RegisterDocument,1298,6576.76
o7p1-majority,RegisterDocument,1299,6577.78
o7p1-majority,RegisterDocument,1300,6577.94
o7p1-majority,RegisterDocument,1301,6580.15
o7p1-majority,RegisterDocument,1302,6581.17
o7p1-majority,RegisterDocument,1303,6583.50
o7p1-majority,RegisterDocument,1304,6583.54
o7p1-majority,RegisterDocument,1305,6584.61
o7p1-majority,RegisterDocument,1306,6587.72
o7p1-majority,RegisterDocument,1307,6589.27
o7p1-majority,RegisterDocument,1308,6589.50
o7p1-majority,RegisterDocument,1309,6590.19
o7p1-majority,RegisterDocument,1310,6590.50
o7p1-majority,RegisterDocument,1311,6593.17
o7p1-majority,RegisterDocument,1312,6599.62
o7p1-majority,RegisterDocument,1313,6599.64
o7p1-majority,RegisterDocument,1314,6601.34
o7p1-majority,RegisterDocument,1315,6602.93
o7p1-majority,RegisterDocument,1316,6604.09
o7p1-majority,RegisterDocument,1317,6606.22
o7p1-majority,RegisterDocument,1318,6606.32
o7p1-majority,RegisterDocument,1319,6606.84
o7p1-majority,RegisterDocument,1320,6607.00
o7p1-majority,RegisterDocument,1321,6607.42
o7p1-majority,RegisterDocument,1322,6612.31
o7p1-majority,RegisterDocument,1323,6613.24
o7p1-majority,RegisterDocument,1324,6613.67
o7p1-majority,RegisterDocument,1325,6615.83
o7p1-majority,RegisterDocument,1326,6616.37
o7p1-majority,RegisterDocument,1327,6617.32
o7p1-majority,RegisterDocument,1328,6622.44
o7p1-majority,RegisterDocument,1329,6622.89
o7p1-majority,RegisterDocument,1330,6623.14
o7p1-majority,RegisterDocument,1331,6623.53
o7p1-majority,RegisterDocument,1332,6623.74
o7p1-majority,RegisterDocument,1333,6623.76
o7p1-majority,RegisterDocument,1334,6624.13
o7p1-majority,RegisterDocument,1335,6625.43
o7p1-majority,RegisterDocument,1336,6626.03
o7p1-majority,RegisterDocument,1337,6626.55
o7p1-majority,RegisterDocument,1338,6628.15
o7p1-majority,RegisterDocument,1339,6628.52
o7p1-majority,RegisterDocument,1340,6631.79
o7p1-majority,RegisterDocument,1341,6631.98
o7p1-majority,RegisterDocument,1342,6633.96
o7p1-majority,RegisterDocument,1343,6635.97
o7p1-majority,RegisterDocument,1344,6636.68
o7p1-majority,RegisterDocument,1345,6638.13
o7p1-majority,RegisterDocument,1346,6638.57
o7p1-majority,RegisterDocument,1347,6639.83
o7p1-majority,RegisterDocument,1348,6641.37
o7p1-majority,RegisterDocument,1349,6642.87
o7p1-majority,RegisterDocument,1350,6643.13
o7p1-majority,RegisterDocument,1351,6644.07
o7p1-majority,RegisterDocument,1352,6644.26
o7p1-majority,RegisterDocument,1353,6646.20
o7p1-majority,RegisterDocument,1354,6649.18
o7p1-majority,RegisterDocument,1355,6651.06
o7p1-majority,RegisterDocument,1356,6653.96
o7p1-majority,RegisterDocument,1357,6655.29
o7p1-majority,RegisterDocument,1358,6655.68
o7p1-majority,RegisterDocument,1359,6656.07
o7p1-majority,RegisterDocument,1360,6656.74
o7p1-majority,RegisterDocument,1361,6658.65
o7p1-majority,RegisterDocument,1362,6660.38
o7p1-majority,RegisterDocument,1363,6661.99
o7p1-majority,RegisterDocument,1364,6662.66
o7p1-majority,RegisterDocument,1365,6664.36
o7p1-majority,RegisterDocument,1366,6668.11
o7p1-majority,RegisterDocument,1367,6671.42
o7p1-majority,RegisterDocument,1368,6674.82
o7p1-majority,RegisterDocument,1369,6675.73
o7p1-majority,RegisterDocument,1370,6677.58
o7p1-majority,RegisterDocument,1371,6678.51
o7p1-majority,RegisterDocument,1372,6681.09
o7p1-majority,RegisterDocument,1373,6681.45
o7p1-majority,RegisterDocument,1374,6684.16
o7p1-majority,RegisterDocument,1375,6686.47
o7p1-majority,RegisterDocument,1376,6693.98
o7p1-majority,RegisterDocument,1377,6694.05
o7p1-majority,RegisterDocument,1378,6694.42
o7p1-majority,RegisterDocument,1379,6695.33
o7p1-majority,RegisterDocument,1380,6699.80
o7p1-majority,RegisterDocument,1381,6699.93
o7p1-majority,RegisterDocument,1382,6700.52
o7p1-majority,RegisterDocument,1383,6703.28
o7p1-majority,RegisterDocument,1384,6703.32
o7p1-majority,RegisterDocument,1385,6705.73
o7p1-majority,RegisterDocument,1386,6711.29
o7p1-majority,RegisterDocument,1387,6713.12
o7p1-majority,RegisterDocument,1388,6716.07
o7p1-majority,RegisterDocument,1389,6717.61
o7p1-majority,RegisterDocument,1390,6720.24
o7p1-majority,RegisterDocument,1391,6721.16
o7p1-majority,RegisterDocument,1392,6721.39
o7p1-majority,RegisterDocument,1393,6723.80
o7p1-majority,RegisterDocument,1394,6726.17
o7p1-majority,RegisterDocument,1395,6727.14
o7p1-majority,RegisterDocument,1396,6727.21
o7p1-majority,RegisterDocument,1397,6729.44
o7p1-majority,RegisterDocument,1398,6730.00
o7p1-majority,RegisterDocument,1399,6731.74
o7p1-majority,RegisterDocument,1400,6737.33
o7p1-majority,RegisterDocument,1401,6741.25
o7p1-majority,RegisterDocument,1402,6741.85
o7p1-majority,RegisterDocument,1403,6744.03
o7p1-majority,RegisterDocument,1404,6744.16
o7p1-majority,RegisterDocument,1405,6747.66
o7p1-majority,RegisterDocument,1406,6747.80
o7p1-majority,RegisterDocument,1407,6753.82
o7p1-majority,RegisterDocument,1408,6755.38
o7p1-majority,RegisterDocument,1409,6756.60
o7p1-majority,RegisterDocument,1410,6757.77
o7p1-majority,RegisterDocument,1411,6758.43
o7p1-majority,RegisterDocument,1412,6758.48
o7p1-majority,RegisterDocument,1413,6759.78
o7p1-majority,RegisterDocument,1414,6761.43
o7p1-majority,RegisterDocument,1415,6761.50
o7p1-majority,RegisterDocument,1416,6761.68
o7p1-majority,RegisterDocument,1417,6763.43
o7p1-majority,RegisterDocument,1418,6764.82
o7p1-majority,RegisterDocument,1419,6765.72
o7p1-majority,RegisterDocument,1420,6771.91
o7p1-majority,RegisterDocument,1421,6773.12
o7p1-majority,RegisterDocument,1422,6775.36
o7p1-majority,RegisterDocument,1423,6779.90
o7p1-majority,RegisterDocument,1424,6780.19
o7p1-majority,RegisterDocument,1425,6785.63
o7p1-majority,RegisterDocument,1426,6789.96
o7p1-majority,RegisterDocument,1427,6790.47
o7p1-majority,RegisterDocument,1428,6791.00
o7p1-majority,RegisterDocument,1429,6791.49
o7p1-majority,RegisterDocument,1430,6792.85
o7p1-majority,RegisterDocument,1431,6795.42
o7p1-majority,RegisterDocument,1432,6795.59
o7p1-majority,RegisterDocument,1433,6796.76
o7p1-majority,RegisterDocument,1434,6797.02
o7p1-majority,RegisterDocument,1435,6798.46
o7p1-majority,RegisterDocument,1436,6798.94
o7p1-majority,RegisterDocument,1437,6801.85
o7p1-majority,RegisterDocument,1438,6802.06
o7p1-majority,RegisterDocument,1439,6802.11
o7p1-majority,RegisterDocument,1440,6802.94
o7p1-majority,RegisterDocument,1441,6803.66
o7p1-majority,RegisterDocument,1442,6803.70
o7p1-majority,RegisterDocument,1443,6803.88
o7p1-majority,RegisterDocument,1444,6803.94
o7p1-majority,RegisterDocument,1445,6804.17
o7p1-majority,RegisterDocument,1446,6804.49
o7p1-majority,RegisterDocument,1447,6805.33
o7p1-majority,RegisterDocument,1448,6805.36
o7p1-majority,RegisterDocument,1449,6808.26
o7p1-majority,RegisterDocument,1450,6809.74
o7p1-majority,RegisterDocument,1451,6812.82
o7p1-majority,RegisterDocument,1452,6813.15
o7p1-majority,RegisterDocument,1453,6813.48
o7p1-majority,RegisterDocument,1454,6814.93
o7p1-majority,RegisterDocument,1455,6817.88
o7p1-majority,RegisterDocument,1456,6818.13
o7p1-majority,RegisterDocument,1457,6818.70
o7p1-majority,RegisterDocument,1458,6820.46
o7p1-majority,RegisterDocument,1459,6822.00
o7p1-majority,RegisterDocument,1460,6822.88
o7p1-majority,RegisterDocument,1461,6822.89
o7p1-majority,RegisterDocument,1462,6822.97
o7p1-majority,RegisterDocument,1463,6823.93
o7p1-majority,RegisterDocument,1464,6824.17
o7p1-majority,RegisterDocument,1465,6824.69
o7p1-majority,RegisterDocument,1466,6824.84
o7p1-majority,RegisterDocument,1467,6831.53
o7p1-majority,RegisterDocument,1468,6833.03
o7p1-majority,RegisterDocument,1469,6834.97
o7p1-majority,RegisterDocument,1470,6837.07
o7p1-majority,RegisterDocument,1471,6839.25
o7p1-majority,RegisterDocument,1472,6842.16
o7p1-majority,RegisterDocument,1473,6843.04
o7p1-majority,RegisterDocument,1474,6843.66
o7p1-majority,RegisterDocument,1475,6843.72
o7p1-majority,RegisterDocument,1476,6844.23
o7p1-majority,RegisterDocument,1477,6845.15
o7p1-majority,RegisterDocument,1478,6845.44
o7p1-majority,RegisterDocument,1479,6845.98
o7p1-majority,RegisterDocument,1480,6845.99
o7p1-majority,RegisterDocument,1481,6848.73
o7p1-majority,RegisterDocument,1482,6849.13
o7p1-majority,RegisterDocument,1483,6849.17
o7p1-majority,RegisterDocument,1484,6849.63
o7p1-majority,RegisterDocument,1485,6850.08
o7p1-majority,RegisterDocument,1486,6855.67
o7p1-majority,RegisterDocument,1487,6856.33
o7p1-majority,RegisterDocument,1488,6859.97
o7p1-majority,RegisterDocument,1489,6860.28
o7p1-majority,RegisterDocument,1490,6861.52
o7p1-majority,RegisterDocument,1491,6862.38
o7p1-majority,RegisterDocument,1492,6862.42
o7p1-majority,RegisterDocument,1493,6864.37
o7p1-majority,RegisterDocument,1494,6864.86
o7p1-majority,RegisterDocument,1495,6865.82
o7p1-majority,RegisterDocument,1496,6868.46
o7p1-majority,RegisterDocument,1497,6868.49
o7p1-majority,RegisterDocument,1498,6869.65
o7p1-majority,RegisterDocument,1499,6870.39
o7p1-majority,RegisterDocument,1500,6870.72
o7p1-majority,RegisterDocument,1501,6871.08
o7p1-majority,RegisterDocument,1502,6871.39
o7p1-majority,RegisterDocument,1503,6875.45
o7p1-majority,RegisterDocument,1504,6876.18
o7p1-majority,RegisterDocument,1505,6876.46
o7p1-majority,RegisterDocument,1506,6877.31
o7p1-majority,RegisterDocument,1507,6879.14
o7p1-majority,RegisterDocument,1508,6879.47
o7p1-majority,RegisterDocument,1509,6880.69
o7p1-majority,RegisterDocument,1510,6881.38
o7p1-majority,RegisterDocument,1511,6882.06
o7p1-majority,RegisterDocument,1512,6882.21
o7p1-majority,RegisterDocument,1513,6882.68
o7p1-majority,RegisterDocument,1514,6883.60
o7p1-majority,RegisterDocument,1515,6884.98
o7p1-majority,RegisterDocument,1516,6885.06
o7p1-majority,RegisterDocument,1517,6885.64
o7p1-majority,RegisterDocument,1518,6885.74
o7p1-majority,RegisterDocument,1519,6888.02
o7p1-majority,RegisterDocument,1520,6892.50
o7p1-majority,RegisterDocument,1521,6894.23
o7p1-majority,RegisterDocument,1522,6895.81
o7p1-majority,RegisterDocument,1523,6898.37
o7p1-majority,RegisterDocument,1524,6899.09
o7p1-majority,RegisterDocument,1525,6901.55
o7p1-majority,RegisterDocument,1526,6901.64
o7p1-majority,RegisterDocument,1527,6902.40
o7p1-majority,RegisterDocument,1528,6903.13
o7p1-majority,RegisterDocument,1529,6905.36
o7p1-majority,RegisterDocument,1530,6908.15
o7p1-majority,RegisterDocument,1531,6908.83
o7p1-majority,RegisterDocument,1532,6909.35
o7p1-majority,RegisterDocument,1533,6909.56
o7p1-majority,RegisterDocument,1534,6909.70
o7p1-majority,RegisterDocument,1535,6911.61
o7p1-majority,RegisterDocument,1536,6912.18
o7p1-majority,RegisterDocument,1537,6913.91
o7p1-majority,RegisterDocument,1538,6915.55
o7p1-majority,RegisterDocument,1539,6916.12
o7p1-majority,RegisterDocument,1540,6916.95
o7p1-majority,RegisterDocument,1541,6918.30
o7p1-majority,RegisterDocument,1542,6920.46
o7p1-majority,RegisterDocument,1543,6921.16
o7p1-majority,RegisterDocument,1544,6922.61
o7p1-majority,RegisterDocument,1545,6925.10
o7p1-majority,RegisterDocument,1546,6930.45
o7p1-majority,RegisterDocument,1547,6931.23
o7p1-majority,RegisterDocument,1548,6931.94
o7p1-majority,RegisterDocument,1549,6933.79
o7p1-majority,RegisterDocument,1550,6934.37
o7p1-majority,RegisterDocument,1551,6935.51
o7p1-majority,RegisterDocument,1552,6935.54
o7p1-majority,RegisterDocument,1553,6935.99
o7p1-majority,RegisterDocument,1554,6936.28
o7p1-majority,RegisterDocument,1555,6937.42
o7p1-majority,RegisterDocument,1556,6938.16
o7p1-majority,RegisterDocument,1557,6941.48
o7p1-majority,RegisterDocument,1558,6941.75
o7p1-majority,RegisterDocument,1559,6942.66
o7p1-majority,RegisterDocument,1560,6942.76
o7p1-majority,RegisterDocument,1561,6942.90
o7p1-majority,RegisterDocument,1562,6945.18
o7p1-majority,RegisterDocument,1563,6946.12
o7p1-majority,RegisterDocument,1564,6946.67
o7p1-majority,RegisterDocument,1565,6949.35
o7p1-majority,RegisterDocument,1566,6950.47
o7p1-majority,RegisterDocument,1567,6951.10
o7p1-majority,RegisterDocument,1568,6955.64
o7p1-majority,RegisterDocument,1569,6957.17
o7p1-majority,RegisterDocument,1570,6959.26
o7p1-majority,RegisterDocument,1571,6959.34
o7p1-majority,RegisterDocument,1572,6962.90
o7p1-majority,RegisterDocument,1573,6962.93
o7p1-majority,RegisterDocument,1574,6963.40
o7p1-majority,RegisterDocument,1575,6964.04
o7p1-majority,RegisterDocument,1576,6970.45
o7p1-majority,RegisterDocument,1577,6971.12
o7p1-majority,RegisterDocument,1578,6975.80
o7p1-majority,RegisterDocument,1579,6976.32
o7p1-majority,RegisterDocument,1580,6977.32
o7p1-majority,RegisterDocument,1581,6977.45
o7p1-majority,RegisterDocument,1582,6986.21
o7p1-majority,RegisterDocument,1583,6990.96
o7p1-majority,RegisterDocument,1584,6993.03
o7p1-majority,RegisterDocument,1585,6996.65
o7p1-majority,RegisterDocument,1586,6996.79
o7p1-majority,RegisterDocument,1587,6998.40
o7p1-majority,RegisterDocument,1588,6999.13
o7p1-majority,RegisterDocument,1589,7000.17
o7p1-majority,RegisterDocument,1590,7005.34
o7p1-majority,RegisterDocument,1591,7006.85
o7p1-majority,RegisterDocument,1592,7007.06
o7p1-majority,RegisterDocument,1593,7009.47
o7p1-majority,RegisterDocument,1594,7009.58
o7p1-majority,RegisterDocument,1595,7011.52
o7p1-majority,RegisterDocument,1596,7012.71
o7p1-majority,RegisterDocument,1597,7013.29
o7p1-majority,RegisterDocument,1598,7014.34
o7p1-majority,RegisterDocument,1599,7017.04
o7p1-majority,RegisterDocument,1600,7019.38
o7p1-majority,RegisterDocument,1601,7022.22
o7p1-majority,RegisterDocument,1602,7025.08
o7p1-majority,RegisterDocument,1603,7026.67
o7p1-majority,RegisterDocument,1604,7026.73
o7p1-majority,RegisterDocument,1605,7030.29
o7p1-majority,RegisterDocument,1606,7032.20
o7p1-majority,RegisterDocument,1607,7034.00
o7p1-majority,RegisterDocument,1608,7036.48
o7p1-majority,RegisterDocument,1609,7038.03
o7p1-majority,RegisterDocument,1610,7038.42
o7p1-majority,RegisterDocument,1611,7039.77
o7p1-majority,RegisterDocument,1612,7040.74
o7p1-majority,RegisterDocument,1613,7041.43
o7p1-majority,RegisterDocument,1614,7041.97
o7p1-majority,RegisterDocument,1615,7042.04
o7p1-majority,RegisterDocument,1616,7044.59
o7p1-majority,RegisterDocument,1617,7044.96
o7p1-majority,RegisterDocument,1618,7047.31
o7p1-majority,RegisterDocument,1619,7048.09
o7p1-majority,RegisterDocument,1620,7050.33
o7p1-majority,RegisterDocument,1621,7050.41
o7p1-majority,RegisterDocument,1622,7052.10
o7p1-majority,RegisterDocument,1623,7054.50
o7p1-majority,RegisterDocument,1624,7057.71
o7p1-majority,RegisterDocument,1625,7061.13
o7p1-majority,RegisterDocument,1626,7061.73
o7p1-majority,RegisterDocument,1627,7061.91
o7p1-majority,RegisterDocument,1628,7068.76
o7p1-majority,RegisterDocument,1629,7069.53
o7p1-majority,RegisterDocument,1630,7070.87
o7p1-majority,RegisterDocument,1631,7073.86
o7p1-majority,RegisterDocument,1632,7074.83
o7p1-majority,RegisterDocument,1633,7075.38
o7p1-majority,RegisterDocument,1634,7076.43
o7p1-majority,RegisterDocument,1635,7078.72
o7p1-majority,RegisterDocument,1636,7079.35
o7p1-majority,RegisterDocument,1637,7081.42
o7p1-majority,RegisterDocument,1638,7083.97
o7p1-majority,RegisterDocument,1639,7084.84
o7p1-majority,RegisterDocument,1640,7085.84
o7p1-majority,RegisterDocument,1641,7086.32
o7p1-majority,RegisterDocument,1642,7089.08
o7p1-majority,RegisterDocument,1643,7089.34
o7p1-majority,RegisterDocument,1644,7090.97
o7p1-majority,RegisterDocument,1645,7095.13
o7p1-majority,RegisterDocument,1646,7097.94
o7p1-majority,RegisterDocument,1647,7099.42
o7p1-majority,RegisterDocument,1648,7104.40
o7p1-majority,RegisterDocument,1649,7105.49
o7p1-majority,RegisterDocument,1650,7106.69
o7p1-majority,RegisterDocument,1651,7108.35
o7p1-majority,RegisterDocument,1652,7109.04
o7p1-majority,RegisterDocument,1653,7114.05
o7p1-majority,RegisterDocument,1654,7116.55
o7p1-majority,RegisterDocument,1655,7116.60
o7p1-majority,RegisterDocument,1656,7117.23
o7p1-majority,RegisterDocument,1657,7117.49
o7p1-majority,RegisterDocument,1658,7117.85
o7p1-majority,RegisterDocument,1659,7121.81
o7p1-majority,RegisterDocument,1660,7122.57
o7p1-majority,RegisterDocument,1661,7124.39
o7p1-majority,RegisterDocument,1662,7125.70
o7p1-majority,RegisterDocument,1663,7127.56
o7p1-majority,RegisterDocument,1664,7128.45
o7p1-majority,RegisterDocument,1665,7128.90
o7p1-majority,RegisterDocument,1666,7134.27
o7p1-majority,RegisterDocument,1667,7135.07
o7p1-majority,RegisterDocument,1668,7137.63
o7p1-majority,RegisterDocument,1669,7138.08
o7p1-majority,RegisterDocument,1670,7138.43
o7p1-majority,RegisterDocument,1671,7139.62
o7p1-majority,RegisterDocument,1672,7139.81
o7p1-majority,RegisterDocument,1673,7140.83
o7p1-majority,RegisterDocument,1674,7141.26
o7p1-majority,RegisterDocument,1675,7142.52
o7p1-majority,RegisterDocument,1676,7148.10
o7p1-majority,RegisterDocument,1677,7148.95
o7p1-majority,RegisterDocument,1678,7149.04
o7p1-majority,RegisterDocument,1679,7150.81
o7p1-majority,RegisterDocument,1680,7152.07
o7p1-majority,RegisterDocument,1681,7153.56
o7p1-majority,RegisterDocument,1682,7155.49
o7p1-majority,RegisterDocument,1683,7157.20
o7p1-majority,RegisterDocument,1684,7159.29
o7p1-majority,RegisterDocument,1685,7160.34
o7p1-majority,RegisterDocument,1686,7161.00
o7p1-majority,RegisterDocument,1687,7162.24
o7p1-majority,RegisterDocument,1688,7163.60
o7p1-majority,RegisterDocument,1689,7168.38
o7p1-majority,RegisterDocument,1690,7169.00
o7p1-majority,RegisterDocument,1691,7169.66
o7p1-majority,RegisterDocument,1692,7170.49
o7p1-majority,RegisterDocument,1693,7172.12
o7p1-majority,RegisterDocument,1694,7172.62
o7p1-majority,RegisterDocument,1695,7177.12
o7p1-majority,RegisterDocument,1696,7181.02
o7p1-majority,RegisterDocument,1697,7183.27
o7p1-majority,RegisterDocument,1698,7183.83
o7p1-majority,RegisterDocument,1699,7184.55
o7p1-majority,RegisterDocument,1700,7186.77
o7p1-majority,RegisterDocument,1701,7187.56
o7p1-majority,RegisterDocument,1702,7188.24
o7p1-majority,RegisterDocument,1703,7188.77
o7p1-majority,RegisterDocument,1704,7189.38
o7p1-majority,RegisterDocument,1705,7191.10
o7p1-majority,RegisterDocument,1706,7194.69
o7p1-majority,RegisterDocument,1707,7197.96
o7p1-majority,RegisterDocument,1708,7198.03
o7p1-majority,RegisterDocument,1709,7198.78
o7p1-majority,RegisterDocument,1710,7200.63
o7p1-majority,RegisterDocument,1711,7206.34
o7p1-majority,RegisterDocument,1712,7207.41
o7p1-majority,RegisterDocument,1713,7210.30
o7p1-majority,RegisterDocument,1714,7213.71
o7p1-majority,RegisterDocument,1715,7217.26
o7p1-majority,RegisterDocument,1716,7220.19
o7p1-majority,RegisterDocument,1717,7222.91
o7p1-majority,RegisterDocument,1718,7226.26
o7p1-majority,RegisterDocument,1719,7226.61
o7p1-majority,RegisterDocument,1720,7227.67
o7p1-majority,RegisterDocument,1721,7227.84
o7p1-majority,RegisterDocument,1722,7228.06
o7p1-majority,RegisterDocument,1723,7231.79
o7p1-majority,RegisterDocument,1724,7232.73
o7p1-majority,RegisterDocument,1725,7234.08
o7p1-majority,RegisterDocument,1726,7234.16
o7p1-majority,RegisterDocument,1727,7234.56
o7p1-majority,RegisterDocument,1728,7237.53
o7p1-majority,RegisterDocument,1729,7237.59
o7p1-majority,RegisterDocument,1730,7240.10
o7p1-majority,RegisterDocument,1731,7240.18
o7p1-majority,RegisterDocument,1732,7242.27
o7p1-majority,RegisterDocument,1733,7243.16
o7p1-majority,RegisterDocument,1734,7245.29
o7p1-majority,RegisterDocument,1735,7250.89
o7p1-majority,RegisterDocument,1736,7252.13
o7p1-majority,RegisterDocument,1737,7256.72
o7p1-majority,RegisterDocument,1738,7258.49
o7p1-majority,RegisterDocument,1739,7258.62
o7p1-majority,RegisterDocument,1740,7259.09
o7p1-majority,RegisterDocument,1741,7259.58
o7p1-majority,RegisterDocument,1742,7259.64
o7p1-majority,RegisterDocument,1743,7260.51
o7p1-majority,RegisterDocument,1744,7262.14
o7p1-majority,RegisterDocument,1745,7267.86
o7p1-majority,RegisterDocument,1746,7267.96
o7p1-majority,RegisterDocument,1747,7269.32
o7p1-majority,RegisterDocument,1748,7270.77
o7p1-majority,RegisterDocument,1749,7272.77
o7p1-majority,RegisterDocument,1750,7275.05
o7p1-majority,RegisterDocument,1751,7276.28
o7p1-majority,RegisterDocument,1752,7277.66
o7p1-majority,RegisterDocument,1753,7278.89
o7p1-majority,RegisterDocument,1754,7282.05
o7p1-majority,RegisterDocument,1755,7282.14
o7p1-majority,RegisterDocument,1756,7282.15
o7p1-majority,RegisterDocument,1757,7287.47
o7p1-majority,RegisterDocument,1758,7295.08
o7p1-majority,RegisterDocument,1759,7295.37
o7p1-majority,RegisterDocument,1760,7295.88
o7p1-majority,RegisterDocument,1761,7298.49
o7p1-majority,RegisterDocument,1762,7300.28
o7p1-majority,RegisterDocument,1763,7300.96
o7p1-majority,RegisterDocument,1764,7301.97
o7p1-majority,RegisterDocument,1765,7303.43
o7p1-majority,RegisterDocument,1766,7303.88
o7p1-majority,RegisterDocument,1767,7306.31
o7p1-majority,RegisterDocument,1768,7313.59
o7p1-majority,RegisterDocument,1769,7319.25
o7p1-majority,RegisterDocument,1770,7320.45
o7p1-majority,RegisterDocument,1771,7325.75
o7p1-majority,RegisterDocument,1772,7326.54
o7p1-majority,RegisterDocument,1773,7331.23
o7p1-majority,RegisterDocument,1774,7331.78
o7p1-majority,RegisterDocument,1775,7332.87
o7p1-majority,RegisterDocument,1776,7335.64
o7p1-majority,RegisterDocument,1777,7336.37
o7p1-majority,RegisterDocument,1778,7338.70
o7p1-majority,RegisterDocument,1779,7338.80
o7p1-majority,RegisterDocument,1780,7348.75
o7p1-majority,RegisterDocument,1781,7352.86
o7p1-majority,RegisterDocument,1782,7356.21
o7p1-majority,RegisterDocument,1783,7363.18
o7p1-majority,RegisterDocument,1784,7366.65
o7p1-majority,RegisterDocument,1785,7368.97
o7p1-majority,RegisterDocument,1786,7370.17
o7p1-majority,RegisterDocument,1787,7373.58
o7p1-majority,RegisterDocument,1788,7375.17
o7p1-majority,RegisterDocument,1789,7377.29
o7p1-majority,RegisterDocument,1790,7378.64
o7p1-majority,RegisterDocument,1791,7382.17
o7p1-majority,RegisterDocument,1792,7387.19
o7p1-majority,RegisterDocument,1793,7392.29
o7p1-majority,RegisterDocument,1794,7393.12
o7p1-majority,RegisterDocument,1795,7396.95
o7p1-majority,RegisterDocument,1796,7405.35
o7p1-majority,RegisterDocument,1797,7416.20
o7p1-majority,RegisterDocument,1798,7418.77
o7p1-majority,RegisterDocument,1799,7419.79
o7p1-majority,RegisterDocument,1800,7421.43
o7p1-majority,RegisterDocument,1801,7431.96
o7p1-majority,RegisterDocument,1802,7434.49
o7p1-majority,RegisterDocument,1803,7435.96
o7p1-majority,RegisterDocument,1804,7447.84
o7p1-majority,RegisterDocument,1805,7448.00
o7p1-majority,RegisterDocument,1806,7454.26
o7p1-majority,RegisterDocument,1807,7458.56
o7p1-majority,RegisterDocument,1808,7458.77
o7p1-majority,RegisterDocument,1809,7463.32
o7p1-majority,RegisterDocument,1810,7469.55
o7p1-majority,RegisterDocument,1811,7471.00
o7p1-majority,RegisterDocument,1812,7473.32
o7p1-majority,RegisterDocument,1813,7483.58
o7p1-majority,RegisterDocument,1814,7487.80
o7p1-majority,RegisterDocument,1815,7491.96
o7p1-majority,RegisterDocument,1816,7493.71
o7p1-majority,RegisterDocument,1817,7494.34
o7p1-majority,RegisterDocument,1818,7495.35
o7p1-majority,RegisterDocument,1819,7496.32
o7p1-majority,RegisterDocument,1820,7501.69
o7p1-majority,RegisterDocument,1821,7501.71
o7p1-majority,RegisterDocument,1822,7509.82
o7p1-majority,RegisterDocument,1823,7511.90
o7p1-majority,RegisterDocument,1824,7513.41
o7p1-majority,RegisterDocument,1825,7521.81
o7p1-majority,RegisterDocument,1826,7522.09
o7p1-majority,RegisterDocument,1827,7526.46
o7p1-majority,RegisterDocument,1828,7536.44
o7p1-majority,RegisterDocument,1829,7537.35
o7p1-majority,RegisterDocument,1830,7543.67
o7p1-majority,RegisterDocument,1831,7546.82
o7p1-majority,RegisterDocument,1832,7551.66
o7p1-majority,RegisterDocument,1833,7566.52
o7p1-majority,RegisterDocument,1834,7571.53
o7p1-majority,RegisterDocument,1835,7577.18
o7p1-majority,RegisterDocument,1836,7577.67
o7p1-majority,RegisterDocument,1837,7580.71
o7p1-majority,RegisterDocument,1838,7590.25
o7p1-majority,RegisterDocument,1839,7591.78
o7p1-majority,RegisterDocument,1840,7592.71
o7p1-majority,RegisterDocument,1841,7596.05
o7p1-majority,RegisterDocument,1842,7603.84
o7p1-majority,RegisterDocument,1843,7604.31
o7p1-majority,RegisterDocument,1844,7606.03
o7p1-majority,RegisterDocument,1845,7606.93
o7p1-majority,RegisterDocument,1846,7617.92
o7p1-majority,RegisterDocument,1847,7620.37
o7p1-majority,RegisterDocument,1848,7622.40
o7p1-majority,RegisterDocument,1849,7626.84
o7p1-majority,RegisterDocument,1850,7631.84
o7p1-majority,RegisterDocument,1851,7632.59
o7p1-majority,RegisterDocument,1852,7634.21
o7p1-majority,RegisterDocument,1853,7637.34
o7p1-majority,RegisterDocument,1854,7642.35
o7p1-majority,RegisterDocument,1855,7647.51
o7p1-majority,RegisterDocument,1856,7647.76
o7p1-majority,RegisterDocument,1857,7658.14
o7p1-majority,RegisterDocument,1858,7665.11
o7p1-majority,RegisterDocument,1859,7666.03
o7p1-majority,RegisterDocument,1860,7670.17
o7p1-majority,RegisterDocument,1861,7671.75
o7p1-majority,RegisterDocument,1862,7675.00
o7p1-majority,RegisterDocument,1863,7678.40
o7p1-majority,RegisterDocument,1864,7678.76
o7p1-majority,RegisterDocument,1865,7679.68
o7p1-majority,RegisterDocument,1866,7682.28
o7p1-majority,RegisterDocument,1867,7686.12
o7p1-majority,RegisterDocument,1868,7694.38
o7p1-majority,RegisterDocument,1869,7695.33
o7p1-majority,RegisterDocument,1870,7706.28
o7p1-majority,RegisterDocument,1871,7713.16
o7p1-majority,RegisterDocument,1872,7713.53
o7p1-majority,RegisterDocument,1873,7723.33
o7p1-majority,RegisterDocument,1874,7736.64
o7p1-majority,RegisterDocument,1875,7745.20
o7p1-majority,RegisterDocument,1876,7756.02
o7p1-majority,RegisterDocument,1877,7757.06
o7p1-majority,RegisterDocument,1878,7759.19
o7p1-majority,RegisterDocument,1879,7759.47
o7p1-majority,RegisterDocument,1880,7759.60
o7p1-majority,RegisterDocument,1881,7771.78
o7p1-majority,RegisterDocument,1882,7772.37
o7p1-majority,RegisterDocument,1883,7776.11
o7p1-majority,RegisterDocument,1884,7777.06
o7p1-majority,RegisterDocument,1885,7779.69
o7p1-majority,RegisterDocument,1886,7783.44
o7p1-majority,RegisterDocument,1887,7783.63
o7p1-majority,RegisterDocument,1888,7784.57
o7p1-majority,RegisterDocument,1889,7787.47
o7p1-majority,RegisterDocument,1890,7792.07
o7p1-majority,RegisterDocument,1891,7792.57
o7p1-majority,RegisterDocument,1892,7795.33
o7p1-majority,RegisterDocument,1893,7805.08
o7p1-majority,RegisterDocument,1894,7805.53
o7p1-majority,RegisterDocument,1895,7806.11
o7p1-majority,RegisterDocument,1896,7811.52
o7p1-majority,RegisterDocument,1897,7819.16
o7p1-majority,RegisterDocument,1898,7820.41
o7p1-majority,RegisterDocument,1899,7824.33
o7p1-majority,RegisterDocument,1900,7824.48
o7p1-majority,RegisterDocument,1901,7830.31
o7p1-majority,RegisterDocument,1902,7831.48
o7p1-majority,RegisterDocument,1903,7832.06
o7p1-majority,RegisterDocument,1904,7845.76
o7p1-majority,RegisterDocument,1905,7846.04
o7p1-majority,RegisterDocument,1906,7846.05
o7p1-majority,RegisterDocument,1907,7847.48
o7p1-majority,RegisterDocument,1908,7851.38
o7p1-majority,RegisterDocument,1909,7855.69
o7p1-majority,RegisterDocument,1910,7857.42
o7p1-majority,RegisterDocument,1911,7866.44
o7p1-majority,RegisterDocument,1912,7870.19
o7p1-majority,RegisterDocument,1913,7872.10
o7p1-majority,RegisterDocument,1914,7877.94
o7p1-majority,RegisterDocument,1915,7889.27
o7p1-majority,RegisterDocument,1916,7893.43
o7p1-majority,RegisterDocument,1917,7893.48
o7p1-majority,RegisterDocument,1918,7908.03
o7p1-majority,RegisterDocument,1919,7912.38
o7p1-majority,RegisterDocument,1920,7919.27
o7p1-majority,RegisterDocument,1921,7921.98
o7p1-majority,RegisterDocument,1922,7922.96
o7p1-majority,RegisterDocument,1923,7925.37
o7p1-majority,RegisterDocument,1924,7925.94
o7p1-majority,RegisterDocument,1925,7928.38
o7p1-majority,RegisterDocument,1926,7928.96
o7p1-majority,RegisterDocument,1927,7937.03
o7p1-majority,RegisterDocument,1928,7938.93
o7p1-majority,RegisterDocument,1929,7954.45
o7p1-majority,RegisterDocument,1930,7956.05
o7p1-majority,RegisterDocument,1931,7956.45
o7p1-majority,RegisterDocument,1932,7963.38
o7p1-majority,RegisterDocument,1933,7964.64
o7p1-majority,RegisterDocument,1934,7965.22
o7p1-majority,RegisterDocument,1935,7968.50
o7p1-majority,RegisterDocument,1936,7973.30
o7p1-majority,RegisterDocument,1937,7980.73
o7p1-majority,RegisterDocument,1938,7986.75
o7p1-majority,RegisterDocument,1939,7990.67
o7p1-majority,RegisterDocument,1940,7992.71
o7p1-majority,RegisterDocument,1941,7993.83
o7p1-majority,RegisterDocument,1942,7995.08
o7p1-majority,RegisterDocument,1943,8013.02
o7p1-majority,RegisterDocument,1944,8013.95
o7p1-majority,RegisterDocument,1945,8014.89
o7p1-majority,RegisterDocument,1946,8024.29
o7p1-majority,RegisterDocument,1947,8059.92
o7p1-majority,RegisterDocument,1948,8064.56
o7p1-majority,RegisterDocument,1949,8069.48
o7p1-majority,RegisterDocument,1950,8071.07
o7p1-majority,RegisterDocument,1951,8076.93
o7p1-majority,RegisterDocument,1952,8077.53
o7p1-majority,RegisterDocument,1953,8096.64
o7p1-majority,RegisterDocument,1954,8102.29
o7p1-majority,RegisterDocument,1955,8102.44
o7p1-majority,RegisterDocument,1956,8115.44
o7p1-majority,RegisterDocument,1957,8133.24
o7p1-majority,RegisterDocument,1958,8135.74
o7p1-majority,RegisterDocument,1959,8156.81
o7p1-majority,RegisterDocument,1960,8174.81
o7p1-majority,RegisterDocument,1961,8183.00
o7p1-majority,RegisterDocument,1962,8193.83
o7p1-majority,RegisterDocument,1963,8223.75
o7p1-majority,RegisterDocument,1964,8223.87
o7p1-majority,RegisterDocument,1965,8229.53
o7p1-majority,RegisterDocument,1966,8251.36
o7p1-majority,RegisterDocument,1967,8251.54
o7p1-majority,RegisterDocument,1968,8253.87
o7p1-majority,RegisterDocument,1969,8256.50
o7p1-majority,RegisterDocument,1970,8272.38
o7p1-majority,RegisterDocument,1971,8277.03
o7p1-majority,RegisterDocument,1972,8284.81
o7p1-majority,RegisterDocument,1973,8300.57
o7p1-majority,RegisterDocument,1974,8311.74
o7p1-majority,RegisterDocument,1975,8314.78
o7p1-majority,RegisterDocument,1976,8316.08
o7p1-majority,RegisterDocument,1977,8360.02
o7p1-majority,RegisterDocument,1978,8362.73
o7p1-majority,RegisterDocument,1979,8406.13
o7p1-majority,RegisterDocument,1980,8415.54
o7p1-majority,RegisterDocument,1981,8441.12
o7p1-majority,RegisterDocument,1982,8467.63
o7p1-majority,RegisterDocument,1983,8539.69
o7p1-majority,RegisterDocument,1984,8627.79
o7p1-majority,RegisterDocument,1985,8688.86
o7p1-majority,RegisterDocument,1986,8696.23
o7p1-majority,RegisterDocument,1987,8706.06
o7p1-majority,RegisterDocument,1988,8738.58
o7p1-majority,RegisterDocument,1989,8762.92
o7p1-majority,RegisterDocument,1990,8874.70
o7p1-majority,RegisterDocument,1991,8974.97
o7p1-majority,RegisterDocument,1992,8975.06
o7p1-majority,RegisterDocument,1993,9391.25
o7p1-majority,RegisterDocument,1994,9577.24
o7p1-majority,RegisterDocument,1995,9590.16
o7p1-majority,RegisterDocument,1996,9661.48
o7p1-majority,RegisterDocument,1997,9806.62
o7p1-majority,RegisterDocument,1998,9858.13
o7p1-majority,RegisterDocument,1999,10142.45
o7p1-majority,CheckAccess,0,34.82
o7p1-majority,CheckAccess,1,34.98
o7p1-majority,CheckAccess,2,33.17
o7p1-majority,CheckAccess,3,34.00
o7p1-majority,CheckAccess,4,35.23
o7p1-majority,CheckAccess,5,40.16
o7p1-majority,CheckAccess,6,34.19
o7p1-majority,CheckAccess,7,35.28
o7p1-majority,CheckAccess,8,31.29
o7p1-majority,CheckAccess,9,33.00
o7p1-majority,CheckAccess,10,35.28
o7p1-majority,CheckAccess,11,33.25
o7p1-majority,CheckAccess,12,35.42
o7p1-majority,CheckAccess,13,35.79
o7p1-majority,CheckAccess,14,32.85
o7p1-majority,CheckAccess,15,36.12
o7p1-majority,CheckAccess,16,38.92
o7p1-majority,CheckAccess,17,35.99
o7p1-majority,CheckAccess,18,33.31
o7p1-majority,CheckAccess,19,41.15
o7p1-majority,CheckAccess,20,34.45
o7p1-majority,CheckAccess,21,40.51
o7p1-majority,CheckAccess,22,35.63
o7p1-majority,CheckAccess,23,38.33
o7p1-majority,CheckAccess,24,32.13
o7p1-majority,CheckAccess,25,33.99
o7p1-majority,CheckAccess,26,34.69
o7p1-majority,CheckAccess,27,30.85
o7p1-majority,CheckAccess,28,36.20
o7p1-majority,CheckAccess,29,37.44
o7p1-majority,CheckAccess,30,36.88
o7p1-majority,CheckAccess,31,39.44
o7p1-majority,CheckAccess,32,36.94
o7p1-majority,CheckAccess,33,32.55
o7p1-majority,CheckAccess,34,32.91
o7p1-majority,CheckAccess,35,36.03
o7p1-majority,CheckAccess,36,36.54
o7p1-majority,CheckAccess,37,30.51
o7p1-majority,CheckAccess,38,39.76
o7p1-majority,CheckAccess,39,42.94
o7p1-majority,CheckAccess,40,36.37
o7p1-majority,CheckAccess,41,36.60
o7p1-majority,CheckAccess,42,37.61
o7p1-majority,CheckAccess,43,33.63
o7p1-majority,CheckAccess,44,33.67
o7p1-majority,CheckAccess,45,31.18
o7p1-majority,CheckAccess,46,32.31
o7p1-majority,CheckAccess,47,28.49
o7p1-majority,CheckAccess,48,34.88
o7p1-majority,CheckAccess,49,34.17
o7p1-majority,CheckAccess,50,31.77
o7p1-majority,CheckAccess,51,32.59
o7p1-majority,CheckAccess,52,32.05
o7p1-majority,CheckAccess,53,36.16
o7p1-majority,CheckAccess,54,36.08
o7p1-majority,CheckAccess,55,32.76
o7p1-majority,CheckAccess,56,37.75
o7p1-majority,CheckAccess,57,37.13
o7p1-majority,CheckAccess,58,37.14
o7p1-majority,CheckAccess,59,37.15
o7p1-majority,CheckAccess,60,36.62
o7p1-majority,CheckAccess,61,34.13
o7p1-majority,CheckAccess,62,30.38
o7p1-majority,CheckAccess,63,33.69
o7p1-majority,CheckAccess,64,32.96
o7p1-majority,CheckAccess,65,28.80
o7p1-majority,CheckAccess,66,28.50
o7p1-majority,CheckAccess,67,39.05
o7p1-majority,CheckAccess,68,33.10
o7p1-majority,CheckAccess,69,37.29
o7p1-majority,CheckAccess,70,34.36
o7p1-majority,CheckAccess,71,36.33
o7p1-majority,CheckAccess,72,40.87
o7p1-majority,CheckAccess,73,35.25
o7p1-majority,CheckAccess,74,41.21
o7p1-majority,CheckAccess,75,55.82
o7p1-majority,CheckAccess,76,34.92
o7p1-majority,CheckAccess,77,32.36
o7p1-majority,CheckAccess,78,35.47
o7p1-majority,CheckAccess,79,37.49
o7p1-majority,CheckAccess,80,36.23
o7p1-majority,CheckAccess,81,35.48
o7p1-majority,CheckAccess,82,37.36
o7p1-majority,CheckAccess,83,37.37
o7p1-majority,CheckAccess,84,29.43
o7p1-majority,CheckAccess,85,36.65
o7p1-majority,CheckAccess,86,33.45
o7p1-majority,CheckAccess,87,33.77
o7p1-majority,CheckAccess,88,27.94
o7p1-majority,CheckAccess,89,34.51
o7p1-majority,CheckAccess,90,31.35
o7p1-majority,CheckAccess,91,34.46
o7p1-majority,CheckAccess,92,34.98
o7p1-majority,CheckAccess,93,27.21
o7p1-majority,CheckAccess,94,32.05
o7p1-majority,CheckAccess,95,37.48
o7p1-majority,CheckAccess,96,39.55
o7p1-majority,CheckAccess,97,37.12
o7p1-majority,CheckAccess,98,29.75
o7p1-majority,CheckAccess,99,33.09
