mode,conc,sample,status,latency_ms
onpath,10,0,200,138.95
onpath,10,1,200,146.27
onpath,10,2,200,154.36
onpath,10,3,200,157.80
onpath,10,4,200,157.76
onpath,10,5,200,156.32
onpath,10,6,200,158.70
onpath,10,7,200,158.58
onpath,10,8,200,160.95
onpath,10,9,200,160.65
onpath,10,10,200,42.27
onpath,10,11,200,40.33
onpath,10,12,200,41.51
onpath,10,13,200,55.44
onpath,10,14,200,45.87
onpath,10,15,200,53.15
onpath,10,16,200,51.55
onpath,10,17,200,56.53
onpath,10,18,200,55.03
onpath,10,19,200,55.15
onpath,10,20,200,45.28
onpath,10,21,200,39.17
onpath,10,22,200,45.39
onpath,10,23,200,57.01
onpath,10,24,200,59.81
onpath,10,25,200,51.95
onpath,10,26,200,51.90
onpath,10,27,200,46.15
onpath,10,28,200,53.78
onpath,10,29,200,49.48
onpath,10,30,200,39.85
onpath,10,31,200,44.59
onpath,10,32,200,39.12
onpath,10,33,200,48.45
onpath,10,34,200,39.36
onpath,10,35,200,44.85
onpath,10,36,200,40.84
onpath,10,37,200,40.44
onpath,10,38,200,47.96
onpath,10,39,200,48.28
onpath,10,40,200,55.56
onpath,10,41,200,40.46
onpath,10,42,200,34.91
onpath,10,43,200,38.12
onpath,10,44,200,50.90
onpath,10,45,200,44.42
onpath,10,46,200,42.32
onpath,10,47,200,50.60
onpath,10,48,200,42.01
onpath,10,49,200,51.85
onpath,10,50,200,40.42
onpath,10,51,200,40.17
onpath,10,52,200,49.77
onpath,10,53,200,42.30
onpath,10,54,200,46.46
onpath,10,55,200,34.77
onpath,10,56,200,58.81
onpath,10,57,200,38.71
onpath,10,58,200,52.21
onpath,10,59,200,54.03
onpath,10,60,200,40.87
onpath,10,61,200,53.99
onpath,10,62,200,32.87
onpath,10,63,200,33.35
onpath,10,64,200,35.70
onpath,10,65,200,34.77
onpath,10,66,200,35.54
onpath,10,67,200,37.56
onpath,10,68,200,37.46
onpath,10,69,200,39.66
onpath,10,70,200,42.25
onpath,10,71,200,49.88
onpath,10,72,200,42.06
onpath,10,73,200,55.21
onpath,10,74,200,54.14
onpath,10,75,200,53.99
onpath,10,76,200,46.27
onpath,10,77,200,53.34
onpath,10,78,200,61.49
onpath,10,79,200,50.59
onpath,10,80,200,51.11
onpath,10,81,200,56.17
onpath,10,82,200,32.01
onpath,10,83,200,41.90
onpath,10,84,200,39.15
onpath,10,85,200,46.35
onpath,10,86,200,44.88
onpath,10,87,200,41.12
onpath,10,88,200,47.75
onpath,10,89,200,37.84
onpath,10,90,200,45.83
onpath,10,91,200,47.66
onpath,10,92,200,45.76
onpath,10,93,200,45.81
onpath,10,94,200,44.03
onpath,10,95,200,44.11
onpath,10,96,200,36.67
onpath,10,97,200,41.40
onpath,10,98,200,44.07
onpath,10,99,200,52.60
onpath,10,100,200,40.70
onpath,10,101,200,41.08
onpath,10,102,200,40.04
onpath,10,103,200,40.41
onpath,10,104,200,39.92
onpath,10,105,200,39.15
onpath,10,106,200,40.90
onpath,10,107,200,36.15
onpath,10,108,200,43.54
onpath,10,109,200,41.71
onpath,10,110,200,43.44
onpath,10,111,200,38.05
onpath,10,112,200,32.85
onpath,10,113,200,35.59
onpath,10,114,200,31.20
onpath,10,115,200,29.38
onpath,10,116,200,34.20
onpath,10,117,200,37.79
onpath,10,118,200,34.12
onpath,10,119,200,34.59
onpath,10,120,200,44.83
onpath,10,121,200,53.07
onpath,10,122,200,27.55
onpath,10,123,200,28.58
onpath,10,124,200,33.07
onpath,10,125,200,30.09
onpath,10,126,200,37.14
onpath,10,127,200,36.99
onpath,10,128,200,32.94
onpath,10,129,200,35.93
onpath,10,130,200,36.89
onpath,10,131,200,35.00
onpath,10,132,200,36.02
onpath,10,133,200,31.88
onpath,10,134,200,31.00
onpath,10,135,200,30.57
onpath,10,136,200,31.74
onpath,10,137,200,36.57
onpath,10,138,200,31.04
onpath,10,139,200,32.12
onpath,10,140,200,32.34
onpath,10,141,200,36.90
onpath,10,142,200,27.05
onpath,10,143,200,31.39
onpath,10,144,200,30.59
onpath,10,145,200,32.12
onpath,10,146,200,31.70
onpath,10,147,200,34.17
onpath,10,148,200,34.62
onpath,10,149,200,37.67
onpath,10,150,200,33.83
onpath,10,151,200,32.52
onpath,10,152,200,28.85
onpath,10,153,200,31.31
onpath,10,154,200,30.09
onpath,10,155,200,36.41
onpath,10,156,200,30.61
onpath,10,157,200,34.00
onpath,10,158,200,32.57
onpath,10,159,200,34.52
onpath,10,160,200,35.27
onpath,10,161,200,28.99
onpath,10,162,200,29.16
onpath,10,163,200,30.53
onpath,10,164,200,34.17
onpath,10,165,200,34.10
onpath,10,166,200,33.92
onpath,10,167,200,32.65
onpath,10,168,200,32.49
onpath,10,169,200,32.70
onpath,10,170,200,29.37
onpath,10,171,200,31.55
onpath,10,172,200,33.40
onpath,10,173,200,33.41
onpath,10,174,200,36.52
onpath,10,175,200,38.36
onpath,10,176,200,39.68
onpath,10,177,200,42.96
onpath,10,178,200,45.42
onpath,10,179,200,29.72
onpath,10,180,200,41.58
onpath,10,181,200,34.73
onpath,10,182,200,36.82
onpath,10,183,200,38.96
onpath,10,184,200,30.70
onpath,10,185,200,32.87
onpath,10,186,200,26.31
onpath,10,187,200,29.75
onpath,10,188,200,31.27
onpath,10,189,200,26.69
onpath,10,190,200,31.03
onpath,10,191,200,26.59
onpath,10,192,200,26.58
onpath,10,193,200,31.96
onpath,10,194,200,28.11
onpath,10,195,200,30.95
onpath,10,196,200,28.57
onpath,10,197,200,31.55
onpath,10,198,200,34.75
onpath,10,199,200,30.77
onpath,10,200,200,33.95
onpath,10,201,200,33.69
onpath,10,202,200,33.73
onpath,10,203,200,28.99
onpath,10,204,200,26.92
onpath,10,205,200,30.18
onpath,10,206,200,27.23
onpath,10,207,200,30.59
onpath,10,208,200,31.18
onpath,10,209,200,31.13
onpath,10,210,200,33.19
onpath,10,211,200,28.48
onpath,10,212,200,28.16
onpath,10,213,200,32.51
onpath,10,214,200,27.73
onpath,10,215,200,27.54
onpath,10,216,200,29.95
onpath,10,217,200,29.58
onpath,10,218,200,34.04
onpath,10,219,200,34.29
onpath,10,220,200,34.32
onpath,10,221,200,28.27
onpath,10,222,200,28.31
onpath,10,223,200,32.42
onpath,10,224,200,39.60
onpath,10,225,200,35.63
onpath,10,226,200,35.47
onpath,10,227,200,42.54
onpath,10,228,200,31.05
onpath,10,229,200,28.25
onpath,10,230,200,29.60
onpath,10,231,200,31.05
onpath,10,232,200,38.38
onpath,10,233,200,28.44
onpath,10,234,200,33.67
onpath,10,235,200,34.33
onpath,10,236,200,31.47
onpath,10,237,200,32.91
onpath,10,238,200,34.97
onpath,10,239,200,40.57
onpath,10,240,200,33.67
onpath,10,241,200,51.89
onpath,10,242,200,45.89
onpath,10,243,200,31.24
onpath,10,244,200,32.24
onpath,10,245,200,45.16
onpath,10,246,200,55.60
onpath,10,247,200,54.45
onpath,10,248,200,49.87
onpath,10,249,200,52.03
onpath,10,250,200,42.47
onpath,10,251,200,43.86
onpath,10,252,200,43.27
onpath,10,253,200,44.75
onpath,10,254,200,42.17
onpath,10,255,200,29.02
onpath,10,256,200,30.25
onpath,10,257,200,27.14
onpath,10,258,200,28.85
onpath,10,259,200,33.31
onpath,10,260,200,33.11
onpath,10,261,200,28.74
onpath,10,262,200,30.17
onpath,10,263,200,32.02
onpath,10,264,200,31.52
onpath,10,265,200,33.46
onpath,10,266,200,23.76
onpath,10,267,200,26.33
onpath,10,268,200,30.52
onpath,10,269,200,34.09
onpath,10,270,200,30.06
onpath,10,271,200,29.40
onpath,10,272,200,32.85
onpath,10,273,200,24.44
onpath,10,274,200,25.71
onpath,10,275,200,29.35
onpath,10,276,200,27.26
onpath,10,277,200,29.20
onpath,10,278,200,23.98
onpath,10,279,200,23.56
onpath,10,280,200,24.58
onpath,10,281,200,25.88
onpath,10,282,200,24.14
onpath,10,283,200,24.44
onpath,10,284,200,25.83
onpath,10,285,200,27.08
onpath,10,286,200,28.17
onpath,10,287,200,29.40
onpath,10,288,200,26.60
onpath,10,289,200,27.73
onpath,10,290,200,24.78
onpath,10,291,200,24.93
onpath,10,292,200,26.53
onpath,10,293,200,20.16
onpath,10,294,200,24.05
onpath,10,295,200,23.42
onpath,10,296,200,23.13
onpath,10,297,200,23.88
onpath,10,298,200,25.73
onpath,10,299,200,24.29
onpath,10,300,200,23.59
onpath,10,301,200,23.40
onpath,10,302,200,25.48
onpath,10,303,200,24.80
onpath,10,304,200,24.05
onpath,10,305,200,19.73
onpath,10,306,200,25.58
onpath,10,307,200,26.90
onpath,10,308,200,22.67
onpath,10,309,200,22.64
onpath,10,310,200,23.95
onpath,10,311,200,25.57
onpath,10,312,200,24.28
onpath,10,313,200,20.74
onpath,10,314,200,23.47
onpath,10,315,200,25.15
onpath,10,316,200,23.87
onpath,10,317,200,27.10
onpath,10,318,200,23.64
onpath,10,319,200,27.10
onpath,10,320,200,22.02
onpath,10,321,200,24.39
onpath,10,322,200,26.63
onpath,10,323,200,21.21
onpath,10,324,200,24.45
onpath,10,325,200,24.25
onpath,10,326,200,29.02
onpath,10,327,200,23.03
onpath,10,328,200,26.52
onpath,10,329,200,28.91
onpath,10,330,200,27.04
onpath,10,331,200,28.54
onpath,10,332,200,26.49
onpath,10,333,200,24.77
onpath,10,334,200,19.44
onpath,10,335,200,23.33
onpath,10,336,200,20.90
onpath,10,337,200,25.73
onpath,10,338,200,23.43
onpath,10,339,200,24.41
onpath,10,340,200,23.67
onpath,10,341,200,26.62
onpath,10,342,200,23.87
onpath,10,343,200,26.37
onpath,10,344,200,24.23
onpath,10,345,200,27.58
onpath,10,346,200,26.07
onpath,10,347,200,25.49
onpath,10,348,200,27.61
onpath,10,349,200,28.58
onpath,10,350,200,27.44
onpath,10,351,200,30.03
onpath,10,352,200,31.03
onpath,10,353,200,21.60
onpath,10,354,200,23.25
onpath,10,355,200,20.13
onpath,10,356,200,21.55
onpath,10,357,200,25.55
onpath,10,358,200,21.99
onpath,10,359,200,23.45
onpath,10,360,200,24.41
onpath,10,361,200,21.49
onpath,10,362,200,23.50
onpath,10,363,200,24.86
onpath,10,364,200,25.84
onpath,10,365,200,24.88
onpath,10,366,200,26.94
onpath,10,367,200,25.12
onpath,10,368,200,28.25
onpath,10,369,200,26.58
onpath,10,370,200,25.48
onpath,10,371,200,24.30
onpath,10,372,200,26.55
onpath,10,373,200,19.75
onpath,10,374,200,22.48
onpath,10,375,200,22.48
onpath,10,376,200,21.89
onpath,10,377,200,22.55
onpath,10,378,200,21.48
onpath,10,379,200,21.47
onpath,10,380,200,23.86
onpath,10,381,200,21.74
onpath,10,382,200,36.81
onpath,10,383,200,19.61
onpath,10,384,200,22.25
onpath,10,385,200,21.88
onpath,10,386,200,20.89
onpath,10,387,200,22.95
onpath,10,388,200,22.49
onpath,10,389,200,21.50
onpath,10,390,200,25.30
onpath,10,391,200,25.54
onpath,10,392,200,21.35
onpath,10,393,200,23.06
onpath,10,394,200,25.22
onpath,10,395,200,23.46
onpath,10,396,200,25.43
onpath,10,397,200,24.30
onpath,10,398,200,32.76
onpath,10,399,200,26.24
onpath,10,400,200,25.01
onpath,10,401,200,22.81
onpath,10,402,200,23.25
onpath,10,403,200,20.44
onpath,10,404,200,21.96
onpath,10,405,200,21.74
onpath,10,406,200,23.33
onpath,10,407,200,20.84
onpath,10,408,200,24.67
onpath,10,409,200,22.11
onpath,10,410,200,21.94
onpath,10,411,200,22.82
onpath,10,412,200,16.86
onpath,10,413,200,19.22
onpath,10,414,200,21.70
onpath,10,415,200,22.16
onpath,10,416,200,23.49
onpath,10,417,200,23.39
onpath,10,418,200,23.32
onpath,10,419,200,22.48
onpath,10,420,200,21.01
onpath,10,421,200,23.75
onpath,10,422,200,18.90
onpath,10,423,200,17.36
onpath,10,424,200,18.42
onpath,10,425,200,18.41
onpath,10,426,200,18.40
onpath,10,427,200,19.69
onpath,10,428,200,18.97
onpath,10,429,200,23.38
onpath,10,430,200,20.97
onpath,10,431,200,20.30
onpath,10,432,200,21.59
onpath,10,433,200,17.62
onpath,10,434,200,22.80
onpath,10,435,200,22.84
onpath,10,436,200,19.09
onpath,10,437,200,19.34
onpath,10,438,200,21.37
onpath,10,439,200,21.53
onpath,10,440,200,21.79
onpath,10,441,200,23.66
onpath,10,442,200,19.11
onpath,10,443,200,18.50
onpath,10,444,200,19.94
onpath,10,445,200,19.44
onpath,10,446,200,18.60
onpath,10,447,200,21.68
onpath,10,448,200,21.01
onpath,10,449,200,21.14
onpath,10,450,200,23.48
onpath,10,451,200,21.82
onpath,10,452,200,20.32
onpath,10,453,200,23.41
onpath,10,454,200,25.08
onpath,10,455,200,23.17
onpath,10,456,200,20.78
onpath,10,457,200,24.72
onpath,10,458,200,21.36
onpath,10,459,200,21.38
onpath,10,460,200,21.39
onpath,10,461,200,22.89
onpath,10,462,200,20.52
onpath,10,463,200,23.88
onpath,10,464,200,22.29
onpath,10,465,200,21.94
onpath,10,466,200,25.24
onpath,10,467,200,21.23
onpath,10,468,200,22.95
onpath,10,469,200,25.77
onpath,10,470,200,28.30
onpath,10,471,200,28.70
onpath,10,472,200,26.65
onpath,10,473,200,24.19
onpath,10,474,200,23.51
onpath,10,475,200,24.47
onpath,10,476,200,28.05
onpath,10,477,200,27.67
onpath,10,478,200,26.49
onpath,10,479,200,29.08
onpath,10,480,200,23.39
onpath,10,481,200,27.69
onpath,10,482,200,34.40
onpath,10,483,200,33.89
onpath,10,484,200,33.53
onpath,10,485,200,36.31
onpath,10,486,200,38.33
onpath,10,487,200,35.31
onpath,10,488,200,37.95
onpath,10,489,200,37.45
onpath,10,490,200,35.84
onpath,10,491,200,37.91
onpath,10,492,200,31.53
onpath,10,493,200,28.55
onpath,10,494,200,30.49
onpath,10,495,200,30.56
onpath,10,496,200,36.90
onpath,10,497,200,35.97
onpath,10,498,200,37.44
onpath,10,499,200,40.23
onpath,10,500,200,27.77
onpath,10,501,200,31.17
onpath,10,502,200,29.84
onpath,10,503,200,33.05
onpath,10,504,200,80.89
onpath,10,505,200,83.97
onpath,10,506,200,59.72
onpath,10,507,200,84.92
onpath,10,508,200,90.65
onpath,10,509,200,82.84
onpath,10,510,200,60.82
onpath,10,511,200,86.89
onpath,10,512,200,93.15
onpath,10,513,200,88.76
onpath,10,514,200,31.68
onpath,10,515,200,28.29
onpath,10,516,200,35.55
onpath,10,517,200,34.14
onpath,10,518,200,34.25
onpath,10,519,200,36.79
onpath,10,520,200,40.22
onpath,10,521,200,39.94
onpath,10,522,200,36.79
onpath,10,523,200,41.14
onpath,10,524,200,19.21
onpath,10,525,200,20.28
onpath,10,526,200,21.73
onpath,10,527,200,21.49
onpath,10,528,200,18.41
onpath,10,529,200,19.98
onpath,10,530,200,21.17
onpath,10,531,200,22.45
onpath,10,532,200,22.48
onpath,10,533,200,22.13
onpath,10,534,200,19.30
onpath,10,535,200,19.98
onpath,10,536,200,21.87
onpath,10,537,200,22.02
onpath,10,538,200,21.14
onpath,10,539,200,20.87
onpath,10,540,200,20.50
onpath,10,541,200,21.14
onpath,10,542,200,22.21
onpath,10,543,200,21.87
onpath,10,544,200,19.87
onpath,10,545,200,19.75
onpath,10,546,200,22.80
onpath,10,547,200,22.80
onpath,10,548,200,23.39
onpath,10,549,200,23.25
onpath,10,550,200,24.58
onpath,10,551,200,24.91
onpath,10,552,200,20.91
onpath,10,553,200,21.10
onpath,10,554,200,17.89
onpath,10,555,200,20.71
onpath,10,556,200,23.25
onpath,10,557,200,22.66
onpath,10,558,200,18.95
onpath,10,559,200,20.18
onpath,10,560,200,21.19
onpath,10,561,200,22.44
onpath,10,562,200,18.67
onpath,10,563,200,19.73
onpath,10,564,200,23.00
onpath,10,565,200,22.51
onpath,10,566,200,23.74
onpath,10,567,200,23.09
onpath,10,568,200,18.71
onpath,10,569,200,20.85
onpath,10,570,200,20.90
onpath,10,571,200,21.85
onpath,10,572,200,21.83
onpath,10,573,200,23.87
onpath,10,574,200,24.84
onpath,10,575,200,24.88
onpath,10,576,200,25.13
onpath,10,577,200,25.43
onpath,10,578,200,19.71
onpath,10,579,200,21.32
onpath,10,580,200,19.66
onpath,10,581,200,20.72
onpath,10,582,200,21.73
onpath,10,583,200,21.49
onpath,10,584,200,17.03
onpath,10,585,200,21.01
onpath,10,586,200,22.81
onpath,10,587,200,20.72
onpath,10,588,200,19.93
onpath,10,589,200,22.98
onpath,10,590,200,20.01
onpath,10,591,200,20.14
onpath,10,592,200,18.71
onpath,10,593,200,21.02
onpath,10,594,200,17.86
onpath,10,595,200,15.23
onpath,10,596,200,20.35
onpath,10,597,200,23.10
onpath,10,598,200,20.48
onpath,10,599,200,20.73
onpath,10,600,200,24.26
onpath,10,601,200,21.05
onpath,10,602,200,21.07
onpath,10,603,200,22.85
onpath,10,604,200,29.45
onpath,10,605,200,28.87
onpath,10,606,200,27.86
onpath,10,607,200,27.28
onpath,10,608,200,26.07
onpath,10,609,200,30.89
onpath,10,610,200,29.75
onpath,10,611,200,27.46
onpath,10,612,200,26.40
onpath,10,613,200,26.00
onpath,10,614,200,20.80
onpath,10,615,200,20.02
onpath,10,616,200,22.64
onpath,10,617,200,21.44
onpath,10,618,200,21.68
onpath,10,619,200,22.52
onpath,10,620,200,25.39
onpath,10,621,200,23.63
onpath,10,622,200,24.86
onpath,10,623,200,26.11
onpath,10,624,200,20.93
onpath,10,625,200,20.39
onpath,10,626,200,22.06
onpath,10,627,200,21.53
onpath,10,628,200,25.87
onpath,10,629,200,24.46
onpath,10,630,200,24.97
onpath,10,631,200,27.83
onpath,10,632,200,27.92
onpath,10,633,200,24.32
onpath,10,634,200,23.64
onpath,10,635,200,22.88
onpath,10,636,200,23.84
onpath,10,637,200,21.71
onpath,10,638,200,27.30
onpath,10,639,200,26.63
onpath,10,640,200,23.19
onpath,10,641,200,23.55
onpath,10,642,200,26.95
onpath,10,643,200,24.76
onpath,10,644,200,20.04
onpath,10,645,200,22.69
onpath,10,646,200,23.10
onpath,10,647,200,20.31
onpath,10,648,200,21.81
onpath,10,649,200,26.09
onpath,10,650,200,25.17
onpath,10,651,200,26.35
onpath,10,652,200,21.73
onpath,10,653,200,23.51
onpath,10,654,200,20.74
onpath,10,655,200,24.75
onpath,10,656,200,27.71
onpath,10,657,200,27.13
onpath,10,658,200,25.57
onpath,10,659,200,27.28
onpath,10,660,200,25.49
onpath,10,661,200,25.07
onpath,10,662,200,24.09
onpath,10,663,200,26.21
onpath,10,664,200,18.61
onpath,10,665,200,18.67
onpath,10,666,200,18.99
onpath,10,667,200,19.40
onpath,10,668,200,19.87
onpath,10,669,200,21.18
onpath,10,670,200,19.99
onpath,10,671,200,20.70
onpath,10,672,200,20.38
onpath,10,673,200,23.43
onpath,10,674,200,19.96
onpath,10,675,200,17.43
onpath,10,676,200,19.10
onpath,10,677,200,16.08
onpath,10,678,200,17.06
onpath,10,679,200,17.72
onpath,10,680,200,20.80
onpath,10,681,200,17.73
onpath,10,682,200,20.15
onpath,10,683,200,21.73
onpath,10,684,200,17.61
onpath,10,685,200,17.50
onpath,10,686,200,19.50
onpath,10,687,200,20.72
onpath,10,688,200,20.58
onpath,10,689,200,21.44
onpath,10,690,200,21.61
onpath,10,691,200,23.20
onpath,10,692,200,17.93
onpath,10,693,200,20.50
onpath,10,694,200,20.18
onpath,10,695,200,21.26
onpath,10,696,200,19.72
onpath,10,697,200,18.45
onpath,10,698,200,18.22
onpath,10,699,200,18.87
onpath,10,700,200,22.10
onpath,10,701,200,20.21
onpath,10,702,200,20.83
onpath,10,703,200,21.63
onpath,10,704,200,16.28
onpath,10,705,200,16.16
onpath,10,706,200,17.75
onpath,10,707,200,16.75
onpath,10,708,200,18.43
onpath,10,709,200,18.53
onpath,10,710,200,21.08
onpath,10,711,200,18.93
onpath,10,712,200,19.73
onpath,10,713,200,17.04
onpath,10,714,200,14.58
onpath,10,715,200,13.39
onpath,10,716,200,16.33
onpath,10,717,200,18.25
onpath,10,718,200,19.70
onpath,10,719,200,17.51
onpath,10,720,200,16.66
onpath,10,721,200,18.97
onpath,10,722,200,17.68
onpath,10,723,200,22.61
onpath,10,724,200,20.73
onpath,10,725,200,22.26
onpath,10,726,200,20.89
onpath,10,727,200,22.09
onpath,10,728,200,23.16
onpath,10,729,200,22.93
onpath,10,730,200,29.03
onpath,10,731,200,28.25
onpath,10,732,200,30.00
onpath,10,733,200,20.29
onpath,10,734,200,24.89
onpath,10,735,200,23.86
onpath,10,736,200,23.93
onpath,10,737,200,24.13
onpath,10,738,200,24.44
onpath,10,739,200,23.37
onpath,10,740,200,27.39
onpath,10,741,200,26.00
onpath,10,742,200,28.23
onpath,10,743,200,24.15
onpath,10,744,200,23.90
onpath,10,745,200,28.63
onpath,10,746,200,21.19
onpath,10,747,200,28.21
onpath,10,748,200,28.25
onpath,10,749,200,25.57
onpath,10,750,200,29.06
onpath,10,751,200,25.99
onpath,10,752,200,31.09
onpath,10,753,200,32.33
onpath,10,754,200,26.32
onpath,10,755,200,28.30
onpath,10,756,200,33.37
onpath,10,757,200,32.80
onpath,10,758,200,35.20
onpath,10,759,200,29.13
onpath,10,760,200,22.26
onpath,10,761,200,24.21
onpath,10,762,200,30.65
onpath,10,763,200,23.59
onpath,10,764,200,25.18
onpath,10,765,200,23.32
onpath,10,766,200,24.53
onpath,10,767,200,24.48
onpath,10,768,200,26.24
onpath,10,769,200,28.47
onpath,10,770,200,21.50
onpath,10,771,200,21.82
onpath,10,772,200,22.73
onpath,10,773,200,20.39
onpath,10,774,200,21.57
onpath,10,775,200,20.20
onpath,10,776,200,20.10
onpath,10,777,200,21.68
onpath,10,778,200,21.65
onpath,10,779,200,21.34
onpath,10,780,200,21.33
onpath,10,781,200,20.85
onpath,10,782,200,21.07
onpath,10,783,200,16.62
onpath,10,784,200,18.17
onpath,10,785,200,18.21
onpath,10,786,200,17.55
onpath,10,787,200,19.05
onpath,10,788,200,23.40
onpath,10,789,200,19.44
onpath,10,790,200,21.37
onpath,10,791,200,20.90
onpath,10,792,200,25.11
onpath,10,793,200,20.86
onpath,10,794,200,21.14
onpath,10,795,200,22.45
onpath,10,796,200,22.00
onpath,10,797,200,23.50
onpath,10,798,200,20.75
onpath,10,799,200,20.04
onpath,10,800,200,21.66
onpath,10,801,200,20.44
onpath,10,802,200,21.45
onpath,10,803,200,18.44
onpath,10,804,200,20.95
onpath,10,805,200,21.98
onpath,10,806,200,24.22
onpath,10,807,200,22.55
onpath,10,808,200,23.96
onpath,10,809,200,24.31
onpath,10,810,200,24.34
onpath,10,811,200,27.14
onpath,10,812,200,28.13
onpath,10,813,200,25.50
onpath,10,814,200,25.60
onpath,10,815,200,28.80
onpath,10,816,200,26.43
onpath,10,817,200,27.95
onpath,10,818,200,32.88
onpath,10,819,200,23.78
onpath,10,820,200,24.33
onpath,10,821,200,24.76
onpath,10,822,200,21.99
onpath,10,823,200,20.67
onpath,10,824,200,23.93
onpath,10,825,200,19.49
onpath,10,826,200,23.67
onpath,10,827,200,20.45
onpath,10,828,200,24.40
onpath,10,829,200,22.16
onpath,10,830,200,17.98
onpath,10,831,200,17.61
onpath,10,832,200,20.18
onpath,10,833,200,27.10
onpath,10,834,200,28.65
onpath,10,835,200,26.96
onpath,10,836,200,29.75
onpath,10,837,200,26.43
onpath,10,838,200,30.28
onpath,10,839,200,28.89
onpath,10,840,200,28.89
onpath,10,841,200,30.70
onpath,10,842,200,20.70
onpath,10,843,200,19.65
onpath,10,844,200,29.76
onpath,10,845,200,19.81
onpath,10,846,200,19.17
onpath,10,847,200,18.43
onpath,10,848,200,23.14
onpath,10,849,200,22.34
onpath,10,850,200,21.25
onpath,10,851,200,20.41
onpath,10,852,200,20.86
onpath,10,853,200,22.87
onpath,10,854,200,22.60
onpath,10,855,200,16.50
onpath,10,856,200,19.18
onpath,10,857,200,18.91
onpath,10,858,200,18.51
onpath,10,859,200,19.58
onpath,10,860,200,19.56
onpath,10,861,200,19.41
onpath,10,862,200,16.43
onpath,10,863,200,17.33
onpath,10,864,200,18.23
onpath,10,865,200,19.15
onpath,10,866,200,19.00
onpath,10,867,200,19.82
onpath,10,868,200,18.57
onpath,10,869,200,19.31
onpath,10,870,200,18.41
onpath,10,871,200,20.22
onpath,10,872,200,19.10
onpath,10,873,200,19.30
onpath,10,874,200,20.27
onpath,10,875,200,16.74
onpath,10,876,200,15.74
onpath,10,877,200,16.98
onpath,10,878,200,18.37
onpath,10,879,200,20.13
onpath,10,880,200,20.23
onpath,10,881,200,20.68
onpath,10,882,200,22.07
onpath,10,883,200,23.00
onpath,10,884,200,24.45
onpath,10,885,200,21.16
onpath,10,886,200,19.39
onpath,10,887,200,21.30
onpath,10,888,200,24.25
onpath,10,889,200,21.45
onpath,10,890,200,21.70
onpath,10,891,200,21.61
onpath,10,892,200,19.31
onpath,10,893,200,17.62
onpath,10,894,200,20.83
onpath,10,895,200,20.44
onpath,10,896,200,20.43
onpath,10,897,200,18.92
onpath,10,898,200,21.79
onpath,10,899,200,23.46
onpath,10,900,200,22.51
onpath,10,901,200,20.15
onpath,10,902,200,19.25
onpath,10,903,200,20.32
onpath,10,904,200,21.28
onpath,10,905,200,20.30
onpath,10,906,200,22.06
onpath,10,907,200,20.50
onpath,10,908,200,19.49
onpath,10,909,200,19.11
onpath,10,910,200,20.99
onpath,10,911,200,20.21
onpath,10,912,200,18.94
onpath,10,913,200,19.49
onpath,10,914,200,21.20
onpath,10,915,200,18.18
onpath,10,916,200,18.29
onpath,10,917,200,19.83
onpath,10,918,200,19.05
onpath,10,919,200,19.11
onpath,10,920,200,19.09
onpath,10,921,200,19.31
onpath,10,922,200,20.70
onpath,10,923,200,20.26
onpath,10,924,200,21.67
onpath,10,925,200,17.23
onpath,10,926,200,16.57
onpath,10,927,200,17.58
onpath,10,928,200,20.36
onpath,10,929,200,20.56
onpath,10,930,200,19.38
onpath,10,931,200,21.31
onpath,10,932,200,18.53
onpath,10,933,200,17.59
onpath,10,934,200,20.87
onpath,10,935,200,17.84
onpath,10,936,200,20.00
onpath,10,937,200,18.96
onpath,10,938,200,18.87
onpath,10,939,200,17.97
onpath,10,940,200,17.60
onpath,10,941,200,21.19
onpath,10,942,200,20.28
onpath,10,943,200,22.34
onpath,10,944,200,26.21
onpath,10,945,200,20.11
onpath,10,946,200,21.01
onpath,10,947,200,23.26
onpath,10,948,200,21.03
onpath,10,949,200,21.05
onpath,10,950,200,23.29
onpath,10,951,200,22.59
onpath,10,952,200,21.98
onpath,10,953,200,19.55
onpath,10,954,200,21.48
onpath,10,955,200,20.19
onpath,10,956,200,20.40
onpath,10,957,200,19.93
onpath,10,958,200,20.65
onpath,10,959,200,23.22
onpath,10,960,200,22.62
onpath,10,961,200,23.19
onpath,10,962,200,20.82
onpath,10,963,200,20.72
onpath,10,964,200,20.72
onpath,10,965,200,20.70
onpath,10,966,200,20.33
onpath,10,967,200,20.28
onpath,10,968,200,21.78
onpath,10,969,200,22.95
onpath,10,970,200,30.67
onpath,10,971,200,24.42
onpath,10,972,200,19.44
onpath,10,973,200,18.21
onpath,10,974,200,17.28
onpath,10,975,200,19.81
onpath,10,976,200,19.28
onpath,10,977,200,20.88
onpath,10,978,200,19.81
onpath,10,979,200,19.07
onpath,10,980,200,30.28
onpath,10,981,200,19.92
onpath,10,982,200,21.88
onpath,10,983,200,21.31
onpath,10,984,200,19.93
onpath,10,985,200,22.64
onpath,10,986,200,22.07
onpath,10,987,200,27.99
onpath,10,988,200,25.53
onpath,10,989,200,18.62
onpath,10,990,200,20.30
onpath,10,991,200,22.73
onpath,10,992,200,22.01
onpath,10,993,200,20.05
onpath,10,994,200,20.59
onpath,10,995,200,20.15
onpath,10,996,200,22.04
onpath,10,997,200,20.75
onpath,10,998,200,24.84
onpath,10,999,200,18.76
onpath,10,1000,200,18.94
onpath,10,1001,200,21.76
onpath,10,1002,200,20.92
onpath,10,1003,200,21.46
onpath,10,1004,200,23.82
onpath,10,1005,200,19.41
onpath,10,1006,200,19.58
onpath,10,1007,200,19.81
onpath,10,1008,200,19.97
onpath,10,1009,200,21.01
onpath,10,1010,200,21.40
onpath,10,1011,200,21.41
onpath,10,1012,200,24.00
onpath,10,1013,200,20.26
onpath,10,1014,200,22.13
onpath,10,1015,200,20.66
onpath,10,1016,200,20.70
onpath,10,1017,200,22.61
onpath,10,1018,200,22.08
onpath,10,1019,200,22.34
onpath,10,1020,200,21.19
onpath,10,1021,200,22.63
onpath,10,1022,200,19.06
onpath,10,1023,200,22.62
onpath,10,1024,200,24.52
onpath,10,1025,200,24.23
onpath,10,1026,200,26.14
onpath,10,1027,200,27.85
onpath,10,1028,200,27.19
onpath,10,1029,200,18.92
onpath,10,1030,200,31.96
onpath,10,1031,200,20.57
onpath,10,1032,200,32.39
onpath,10,1033,200,22.36
onpath,10,1034,200,34.31
onpath,10,1035,200,36.53
onpath,10,1036,200,23.37
onpath,10,1037,200,28.46
onpath,10,1038,200,25.74
onpath,10,1039,200,20.63
onpath,10,1040,200,24.94
onpath,10,1041,200,24.16
onpath,10,1042,200,23.72
onpath,10,1043,200,23.49
onpath,10,1044,200,22.21
onpath,10,1045,200,23.35
onpath,10,1046,200,23.08
onpath,10,1047,200,22.74
onpath,10,1048,200,22.46
onpath,10,1049,200,23.19
onpath,10,1050,200,22.74
onpath,10,1051,200,24.94
onpath,10,1052,200,24.62
onpath,10,1053,200,24.31
onpath,10,1054,200,26.06
onpath,10,1055,200,25.95
onpath,10,1056,200,28.99
onpath,10,1057,200,30.42
onpath,10,1058,200,33.60
onpath,10,1059,200,33.15
onpath,10,1060,200,31.37
onpath,10,1061,200,33.49
onpath,10,1062,200,30.22
onpath,10,1063,200,27.54
onpath,10,1064,200,29.42
onpath,10,1065,200,33.86
onpath,10,1066,200,33.79
onpath,10,1067,200,20.43
onpath,10,1068,200,25.17
onpath,10,1069,200,24.13
onpath,10,1070,200,23.30
onpath,10,1071,200,24.44
onpath,10,1072,200,23.67
onpath,10,1073,200,25.60
onpath,10,1074,200,22.84
onpath,10,1075,200,26.48
onpath,10,1076,200,22.50
onpath,10,1077,200,20.90
onpath,10,1078,200,29.13
onpath,10,1079,200,19.84
onpath,10,1080,200,21.14
onpath,10,1081,200,22.64
onpath,10,1082,200,22.80
onpath,10,1083,200,21.46
onpath,10,1084,200,21.75
onpath,10,1085,200,21.30
onpath,10,1086,200,23.05
onpath,10,1087,200,26.87
onpath,10,1088,200,23.52
onpath,10,1089,200,20.66
onpath,10,1090,200,20.18
onpath,10,1091,200,19.43
onpath,10,1092,200,21.70
onpath,10,1093,200,23.71
onpath,10,1094,200,21.86
onpath,10,1095,200,24.21
onpath,10,1096,200,20.01
onpath,10,1097,200,21.30
onpath,10,1098,200,25.82
onpath,10,1099,200,20.11
onpath,10,1100,200,20.18
onpath,10,1101,200,20.52
onpath,10,1102,200,20.77
onpath,10,1103,200,18.19
onpath,10,1104,200,17.46
onpath,10,1105,200,19.96
onpath,10,1106,200,17.67
onpath,10,1107,200,22.53
onpath,10,1108,200,22.99
onpath,10,1109,200,18.81
onpath,10,1110,200,20.56
onpath,10,1111,200,19.86
onpath,10,1112,200,19.10
onpath,10,1113,200,20.92
onpath,10,1114,200,16.64
onpath,10,1115,200,19.90
onpath,10,1116,200,19.44
onpath,10,1117,200,18.86
onpath,10,1118,200,20.99
onpath,10,1119,200,17.75
onpath,10,1120,200,19.35
onpath,10,1121,200,19.73
onpath,10,1122,200,22.05
onpath,10,1123,200,20.36
onpath,10,1124,200,19.40
onpath,10,1125,200,18.70
onpath,10,1126,200,20.57
onpath,10,1127,200,21.55
onpath,10,1128,200,21.01
onpath,10,1129,200,19.33
onpath,10,1130,200,18.78
onpath,10,1131,200,19.98
onpath,10,1132,200,22.78
onpath,10,1133,200,22.85
onpath,10,1134,200,20.35
onpath,10,1135,200,21.70
onpath,10,1136,200,23.64
onpath,10,1137,200,20.22
onpath,10,1138,200,22.56
onpath,10,1139,200,18.72
onpath,10,1140,200,22.47
onpath,10,1141,200,20.53
onpath,10,1142,200,20.54
onpath,10,1143,200,20.54
onpath,10,1144,200,18.96
onpath,10,1145,200,19.53
onpath,10,1146,200,19.65
onpath,10,1147,200,20.20
onpath,10,1148,200,24.18
onpath,10,1149,200,20.65
onpath,10,1150,200,21.73
onpath,10,1151,200,18.64
onpath,10,1152,200,20.94
onpath,10,1153,200,17.41
onpath,10,1154,200,20.77
onpath,10,1155,200,19.62
onpath,10,1156,200,17.60
onpath,10,1157,200,17.47
onpath,10,1158,200,17.46
onpath,10,1159,200,20.16
onpath,10,1160,200,19.08
onpath,10,1161,200,21.08
onpath,10,1162,200,21.53
onpath,10,1163,200,23.09
onpath,10,1164,200,28.53
onpath,10,1165,200,22.88
onpath,10,1166,200,23.13
onpath,10,1167,200,21.71
onpath,10,1168,200,21.78
onpath,10,1169,200,22.04
onpath,10,1170,200,16.37
onpath,10,1171,200,18.06
onpath,10,1172,200,18.98
onpath,10,1173,200,17.42
onpath,10,1174,200,19.90
onpath,10,1175,200,19.29
onpath,10,1176,200,21.77
onpath,10,1177,200,18.36
onpath,10,1178,200,18.59
onpath,10,1179,200,20.64
onpath,10,1180,200,19.47
onpath,10,1181,200,20.56
onpath,10,1182,200,19.93
onpath,10,1183,200,21.40
onpath,10,1184,200,19.69
onpath,10,1185,200,20.69
onpath,10,1186,200,19.71
onpath,10,1187,200,19.47
onpath,10,1188,200,20.47
onpath,10,1189,200,22.73
onpath,10,1190,200,19.02
onpath,10,1191,200,19.21
onpath,10,1192,200,18.01
onpath,10,1193,200,17.10
onpath,10,1194,200,18.12
onpath,10,1195,200,17.93
onpath,10,1196,200,19.75
onpath,10,1197,200,21.76
onpath,10,1198,200,20.02
onpath,10,1199,200,21.34
onpath,10,1200,200,19.03
onpath,10,1201,200,20.10
onpath,10,1202,200,17.28
onpath,10,1203,200,16.79
onpath,10,1204,200,17.87
onpath,10,1205,200,18.54
onpath,10,1206,200,21.03
onpath,10,1207,200,18.50
onpath,10,1208,200,17.50
onpath,10,1209,200,18.92
onpath,10,1210,200,19.91
onpath,10,1211,200,19.24
onpath,10,1212,200,17.84
onpath,10,1213,200,19.05
onpath,10,1214,200,20.82
onpath,10,1215,200,21.73
onpath,10,1216,200,23.38
onpath,10,1217,200,21.48
onpath,10,1218,200,15.72
onpath,10,1219,200,21.44
onpath,10,1220,200,21.70
onpath,10,1221,200,21.34
onpath,10,1222,200,24.94
onpath,10,1223,200,24.73
onpath,10,1224,200,25.02
onpath,10,1225,200,27.59
onpath,10,1226,200,20.54
onpath,10,1227,200,17.80
onpath,10,1228,200,17.26
onpath,10,1229,200,14.36
onpath,10,1230,200,19.99
onpath,10,1231,200,21.18
onpath,10,1232,200,19.39
onpath,10,1233,200,17.30
onpath,10,1234,200,20.00
onpath,10,1235,200,19.91
onpath,10,1236,200,16.73
onpath,10,1237,200,23.38
onpath,10,1238,200,18.69
onpath,10,1239,200,19.81
onpath,10,1240,200,22.03
onpath,10,1241,200,20.76
onpath,10,1242,200,18.16
onpath,10,1243,200,18.14
onpath,10,1244,200,20.72
onpath,10,1245,200,19.20
onpath,10,1246,200,21.26
onpath,10,1247,200,19.35
onpath,10,1248,200,17.38
onpath,10,1249,200,19.42
onpath,10,1250,200,22.28
onpath,10,1251,200,20.83
onpath,10,1252,200,18.16
onpath,10,1253,200,21.25
onpath,10,1254,200,20.16
onpath,10,1255,200,21.53
onpath,10,1256,200,17.16
onpath,10,1257,200,18.79
onpath,10,1258,200,17.65
onpath,10,1259,200,18.86
onpath,10,1260,200,16.01
onpath,10,1261,200,19.77
onpath,10,1262,200,18.18
onpath,10,1263,200,17.09
onpath,10,1264,200,18.36
onpath,10,1265,200,18.70
onpath,10,1266,200,16.07
onpath,10,1267,200,18.44
onpath,10,1268,200,18.36
onpath,10,1269,200,22.21
onpath,10,1270,200,18.53
onpath,10,1271,200,23.98
onpath,10,1272,200,23.62
onpath,10,1273,200,23.77
onpath,10,1274,200,20.12
onpath,10,1275,200,19.17
onpath,10,1276,200,19.88
onpath,10,1277,200,19.01
onpath,10,1278,200,20.52
onpath,10,1279,200,18.73
onpath,10,1280,200,16.53
onpath,10,1281,200,20.51
onpath,10,1282,200,19.32
onpath,10,1283,200,20.45
onpath,10,1284,200,20.18
onpath,10,1285,200,20.37
onpath,10,1286,200,14.78
onpath,10,1287,200,15.97
onpath,10,1288,200,19.04
onpath,10,1289,200,17.92
onpath,10,1290,200,18.27
onpath,10,1291,200,20.26
onpath,10,1292,200,20.92
onpath,10,1293,200,22.53
onpath,10,1294,200,24.26
onpath,10,1295,200,24.28
onpath,10,1296,200,24.49
onpath,10,1297,200,25.78
onpath,10,1298,200,26.35
onpath,10,1299,200,27.91
onpath,10,1300,200,27.05
onpath,10,1301,200,22.76
onpath,10,1302,200,29.27
onpath,10,1303,200,24.47
onpath,10,1304,200,23.65
onpath,10,1305,200,22.03
onpath,10,1306,200,18.92
onpath,10,1307,200,19.76
onpath,10,1308,200,17.47
onpath,10,1309,200,20.63
onpath,10,1310,200,20.06
onpath,10,1311,200,19.00
onpath,10,1312,200,20.18
onpath,10,1313,200,20.81
onpath,10,1314,200,20.63
onpath,10,1315,200,21.86
onpath,10,1316,200,21.39
onpath,10,1317,200,16.68
onpath,10,1318,200,22.12
onpath,10,1319,200,19.43
onpath,10,1320,200,22.56
onpath,10,1321,200,22.43
onpath,10,1322,200,17.49
onpath,10,1323,200,22.00
onpath,10,1324,200,19.73
onpath,10,1325,200,19.79
onpath,10,1326,200,22.24
onpath,10,1327,200,19.07
onpath,10,1328,200,25.28
onpath,10,1329,200,23.32
onpath,10,1330,200,20.74
onpath,10,1331,200,22.76
onpath,10,1332,200,24.08
onpath,10,1333,200,19.77
onpath,10,1334,200,21.09
onpath,10,1335,200,20.22
onpath,10,1336,200,19.53
onpath,10,1337,200,17.18
onpath,10,1338,200,15.59
onpath,10,1339,200,18.64
onpath,10,1340,200,21.50
onpath,10,1341,200,18.98
onpath,10,1342,200,21.09
onpath,10,1343,200,19.16
onpath,10,1344,200,20.13
onpath,10,1345,200,23.28
onpath,10,1346,200,18.69
onpath,10,1347,200,18.55
onpath,10,1348,200,21.57
onpath,10,1349,200,16.93
onpath,10,1350,200,18.40
onpath,10,1351,200,21.19
onpath,10,1352,200,18.22
onpath,10,1353,200,19.01
onpath,10,1354,200,20.44
onpath,10,1355,200,22.12
onpath,10,1356,200,17.62
onpath,10,1357,200,17.73
onpath,10,1358,200,21.49
onpath,10,1359,200,20.86
onpath,10,1360,200,19.05
onpath,10,1361,200,20.92
onpath,10,1362,200,19.75
onpath,10,1363,200,22.79
onpath,10,1364,200,18.53
onpath,10,1365,200,22.62
onpath,10,1366,200,21.95
onpath,10,1367,200,19.29
onpath,10,1368,200,16.56
onpath,10,1369,200,20.15
onpath,10,1370,200,22.12
onpath,10,1371,200,18.10
onpath,10,1372,200,21.36
onpath,10,1373,200,19.55
onpath,10,1374,200,23.10
onpath,10,1375,200,21.27
onpath,10,1376,200,21.47
onpath,10,1377,200,18.30
onpath,10,1378,200,22.42
onpath,10,1379,200,21.45
onpath,10,1380,200,18.85
onpath,10,1381,200,18.86
onpath,10,1382,200,22.53
onpath,10,1383,200,22.09
onpath,10,1384,200,20.22
onpath,10,1385,200,20.03
onpath,10,1386,200,17.83
onpath,10,1387,200,17.78
onpath,10,1388,200,14.46
onpath,10,1389,200,15.59
onpath,10,1390,200,19.31
onpath,10,1391,200,19.02
onpath,10,1392,200,20.33
onpath,10,1393,200,19.13
onpath,10,1394,200,20.89
onpath,10,1395,200,24.15
onpath,10,1396,200,19.18
onpath,10,1397,200,20.48
onpath,10,1398,200,18.17
onpath,10,1399,200,19.30
onpath,10,1400,200,19.92
onpath,10,1401,200,20.71
onpath,10,1402,200,19.53
onpath,10,1403,200,21.29
onpath,10,1404,200,26.23
onpath,10,1405,200,25.65
onpath,10,1406,200,25.19
onpath,10,1407,200,27.39
onpath,10,1408,200,25.58
onpath,10,1409,200,35.77
onpath,10,1410,200,33.16
onpath,10,1411,200,34.47
onpath,10,1412,200,33.73
onpath,10,1413,200,36.41
onpath,10,1414,200,24.40
onpath,10,1415,200,25.73
onpath,10,1416,200,30.42
onpath,10,1417,200,21.82
onpath,10,1418,200,23.33
onpath,10,1419,200,24.81
onpath,10,1420,200,23.15
onpath,10,1421,200,21.09
onpath,10,1422,200,27.24
onpath,10,1423,200,26.20
onpath,10,1424,200,21.11
onpath,10,1425,200,22.50
onpath,10,1426,200,22.99
onpath,10,1427,200,23.52
onpath,10,1428,200,23.11
onpath,10,1429,200,24.82
onpath,10,1430,200,26.19
onpath,10,1431,200,22.86
onpath,10,1432,200,24.97
onpath,10,1433,200,27.04
onpath,10,1434,200,30.69
onpath,10,1435,200,27.80
onpath,10,1436,200,21.87
onpath,10,1437,200,24.17
onpath,10,1438,200,28.65
onpath,10,1439,200,72.45
onpath,10,1440,200,53.55
onpath,10,1441,200,52.63
onpath,10,1442,200,58.41
onpath,10,1443,200,56.15
onpath,10,1444,200,54.07
onpath,10,1445,200,55.52
onpath,10,1446,200,76.38
onpath,10,1447,200,76.34
onpath,10,1448,200,76.29
onpath,10,1449,200,27.46
onpath,10,1450,200,27.87
onpath,10,1451,200,31.15
onpath,10,1452,200,24.51
onpath,10,1453,200,30.28
onpath,10,1454,200,28.04
onpath,10,1455,200,29.22
onpath,10,1456,200,25.63
onpath,10,1457,200,33.94
onpath,10,1458,200,30.26
onpath,10,1459,200,18.31
onpath,10,1460,200,22.10
onpath,10,1461,200,17.53
onpath,10,1462,200,20.66
onpath,10,1463,200,22.29
onpath,10,1464,200,19.05
onpath,10,1465,200,20.10
onpath,10,1466,200,20.17
onpath,10,1467,200,22.21
onpath,10,1468,200,19.62
onpath,10,1469,200,19.10
onpath,10,1470,200,19.19
onpath,10,1471,200,18.49
onpath,10,1472,200,19.55
onpath,10,1473,200,18.78
onpath,10,1474,200,19.26
onpath,10,1475,200,21.06
onpath,10,1476,200,20.78
onpath,10,1477,200,21.25
onpath,10,1478,200,23.06
onpath,10,1479,200,15.25
onpath,10,1480,200,17.79
onpath,10,1481,200,18.87
onpath,10,1482,200,20.14
onpath,10,1483,200,18.98
onpath,10,1484,200,21.37
onpath,10,1485,200,19.01
onpath,10,1486,200,23.13
onpath,10,1487,200,18.61
onpath,10,1488,200,20.30
onpath,10,1489,200,21.69
onpath,10,1490,200,21.74
onpath,10,1491,200,20.69
onpath,10,1492,200,22.30
onpath,10,1493,200,19.58
onpath,10,1494,200,22.66
onpath,10,1495,200,17.78
onpath,10,1496,200,16.76
onpath,10,1497,200,17.87
onpath,10,1498,200,18.84
onpath,10,1499,200,22.23
onpath,10,1500,200,18.77
onpath,10,1501,200,21.67
onpath,10,1502,200,22.61
onpath,10,1503,200,21.20
onpath,10,1504,200,22.01
onpath,10,1505,200,19.83
onpath,10,1506,200,21.47
onpath,10,1507,200,21.27
onpath,10,1508,200,18.40
onpath,10,1509,200,15.10
onpath,10,1510,200,16.04
onpath,10,1511,200,17.19
onpath,10,1512,200,16.93
onpath,10,1513,200,17.30
onpath,10,1514,200,19.38
onpath,10,1515,200,18.64
onpath,10,1516,200,21.51
onpath,10,1517,200,21.37
onpath,10,1518,200,23.01
onpath,10,1519,200,17.56
onpath,10,1520,200,17.67
onpath,10,1521,200,14.61
onpath,10,1522,200,17.47
onpath,10,1523,200,14.75
onpath,10,1524,200,19.36
onpath,10,1525,200,17.39
onpath,10,1526,200,16.73
onpath,10,1527,200,14.72
onpath,10,1528,200,17.23
onpath,10,1529,200,15.50
onpath,10,1530,200,14.47
onpath,10,1531,200,18.12
onpath,10,1532,200,17.81
onpath,10,1533,200,17.66
onpath,10,1534,200,17.67
onpath,10,1535,200,17.74
onpath,10,1536,200,18.52
onpath,10,1537,200,17.81
onpath,10,1538,200,15.88
onpath,10,1539,200,15.82
onpath,10,1540,200,14.81
onpath,10,1541,200,17.06
onpath,10,1542,200,14.42
onpath,10,1543,200,15.31
onpath,10,1544,200,17.22
onpath,10,1545,200,16.53
onpath,10,1546,200,16.93
onpath,10,1547,200,17.08
onpath,10,1548,200,17.59
onpath,10,1549,200,16.73
onpath,10,1550,200,17.12
onpath,10,1551,200,17.24
onpath,10,1552,200,16.85
onpath,10,1553,200,16.15
onpath,10,1554,200,19.06
onpath,10,1555,200,15.95
onpath,10,1556,200,19.70
onpath,10,1557,200,19.66
onpath,10,1558,200,18.41
onpath,10,1559,200,16.94
onpath,10,1560,200,18.88
onpath,10,1561,200,20.91
onpath,10,1562,200,17.50
onpath,10,1563,200,19.24
onpath,10,1564,200,17.75
onpath,10,1565,200,16.51
onpath,10,1566,200,18.88
onpath,10,1567,200,20.04
onpath,10,1568,200,22.14
onpath,10,1569,200,19.92
onpath,10,1570,200,19.34
onpath,10,1571,200,18.75
onpath,10,1572,200,21.63
onpath,10,1573,200,20.23
onpath,10,1574,200,19.89
onpath,10,1575,200,21.71
onpath,10,1576,200,18.72
onpath,10,1577,200,22.00
onpath,10,1578,200,23.92
onpath,10,1579,200,25.34
onpath,10,1580,200,25.23
onpath,10,1581,200,29.73
onpath,10,1582,200,26.63
onpath,10,1583,200,26.03
onpath,10,1584,200,29.94
onpath,10,1585,200,28.19
onpath,10,1586,200,29.05
onpath,10,1587,200,29.23
onpath,10,1588,200,30.32
onpath,10,1589,200,28.51
onpath,10,1590,200,33.22
onpath,10,1591,200,33.51
onpath,10,1592,200,34.98
onpath,10,1593,200,30.47
onpath,10,1594,200,24.48
onpath,10,1595,200,25.61
onpath,10,1596,200,31.61
onpath,10,1597,200,34.14
onpath,10,1598,200,34.08
onpath,10,1599,200,20.75
onpath,10,1600,200,28.14
onpath,10,1601,200,24.53
onpath,10,1602,200,23.59
onpath,10,1603,200,23.61
onpath,10,1604,200,27.02
onpath,10,1605,200,28.11
onpath,10,1606,200,27.32
onpath,10,1607,200,24.79
onpath,10,1608,200,26.65
onpath,10,1609,200,19.48
onpath,10,1610,200,24.02
onpath,10,1611,200,35.19
onpath,10,1612,200,35.61
onpath,10,1613,200,33.21
onpath,10,1614,200,34.16
onpath,10,1615,200,35.06
onpath,10,1616,200,36.80
onpath,10,1617,200,36.34
onpath,10,1618,200,37.22
onpath,10,1619,200,27.48
onpath,10,1620,200,42.41
onpath,10,1621,200,41.86
onpath,10,1622,200,26.28
onpath,10,1623,200,25.28
onpath,10,1624,200,27.50
onpath,10,1625,200,25.40
onpath,10,1626,200,26.62
onpath,10,1627,200,27.35
onpath,10,1628,200,29.32
onpath,10,1629,200,18.07
onpath,10,1630,200,17.97
onpath,10,1631,200,16.57
onpath,10,1632,200,19.88
onpath,10,1633,200,18.79
onpath,10,1634,200,20.30
onpath,10,1635,200,20.24
onpath,10,1636,200,21.67
onpath,10,1637,200,21.50
onpath,10,1638,200,21.11
onpath,10,1639,200,19.88
onpath,10,1640,200,19.55
onpath,10,1641,200,22.00
onpath,10,1642,200,17.98
onpath,10,1643,200,21.45
onpath,10,1644,200,26.39
onpath,10,1645,200,23.72
onpath,10,1646,200,23.85
onpath,10,1647,200,23.85
onpath,10,1648,200,27.91
onpath,10,1649,200,19.25
onpath,10,1650,200,21.12
onpath,10,1651,200,19.30
onpath,10,1652,200,21.53
onpath,10,1653,200,16.63
onpath,10,1654,200,19.29
onpath,10,1655,200,17.91
onpath,10,1656,200,18.40
onpath,10,1657,200,19.73
onpath,10,1658,200,17.76
onpath,10,1659,200,18.31
onpath,10,1660,200,15.79
onpath,10,1661,200,19.45
onpath,10,1662,200,19.02
onpath,10,1663,200,19.20
onpath,10,1664,200,22.16
onpath,10,1665,200,19.60
onpath,10,1666,200,17.05
onpath,10,1667,200,19.63
onpath,10,1668,200,20.81
onpath,10,1669,200,17.36
onpath,10,1670,200,18.05
onpath,10,1671,200,18.02
onpath,10,1672,200,16.02
onpath,10,1673,200,19.08
onpath,10,1674,200,18.40
onpath,10,1675,200,18.29
onpath,10,1676,200,18.55
onpath,10,1677,200,19.64
onpath,10,1678,200,18.82
onpath,10,1679,200,19.69
onpath,10,1680,200,17.44
onpath,10,1681,200,17.10
onpath,10,1682,200,20.59
onpath,10,1683,200,19.94
onpath,10,1684,200,19.89
onpath,10,1685,200,21.09
onpath,10,1686,200,21.82
onpath,10,1687,200,20.20
onpath,10,1688,200,20.18
onpath,10,1689,200,15.50
onpath,10,1690,200,15.01
onpath,10,1691,200,18.77
onpath,10,1692,200,18.01
onpath,10,1693,200,16.24
onpath,10,1694,200,17.59
onpath,10,1695,200,18.46
onpath,10,1696,200,20.45
onpath,10,1697,200,17.80
onpath,10,1698,200,19.28
onpath,10,1699,200,19.76
onpath,10,1700,200,17.81
onpath,10,1701,200,19.20
onpath,10,1702,200,18.36
onpath,10,1703,200,18.51
onpath,10,1704,200,21.54
onpath,10,1705,200,20.87
onpath,10,1706,200,19.66
onpath,10,1707,200,18.89
onpath,10,1708,200,19.03
onpath,10,1709,200,17.00
onpath,10,1710,200,17.96
onpath,10,1711,200,19.74
onpath,10,1712,200,19.21
onpath,10,1713,200,18.82
onpath,10,1714,200,20.85
onpath,10,1715,200,21.34
onpath,10,1716,200,21.15
onpath,10,1717,200,16.46
onpath,10,1718,200,19.99
onpath,10,1719,200,19.32
onpath,10,1720,200,19.70
onpath,10,1721,200,17.65
onpath,10,1722,200,16.47
onpath,10,1723,200,13.30
onpath,10,1724,200,19.53
onpath,10,1725,200,20.75
onpath,10,1726,200,18.67
onpath,10,1727,200,18.18
onpath,10,1728,200,20.99
onpath,10,1729,200,17.67
onpath,10,1730,200,19.13
onpath,10,1731,200,18.68
onpath,10,1732,200,21.11
onpath,10,1733,200,18.78
onpath,10,1734,200,18.61
onpath,10,1735,200,19.56
onpath,10,1736,200,20.51
onpath,10,1737,200,19.20
onpath,10,1738,200,23.50
onpath,10,1739,200,17.69
onpath,10,1740,200,22.73
onpath,10,1741,200,19.21
onpath,10,1742,200,25.03
onpath,10,1743,200,23.57
onpath,10,1744,200,24.53
onpath,10,1745,200,20.24
onpath,10,1746,200,23.29
onpath,10,1747,200,23.68
onpath,10,1748,200,19.14
onpath,10,1749,200,20.75
onpath,10,1750,200,16.37
onpath,10,1751,200,16.28
onpath,10,1752,200,18.19
onpath,10,1753,200,17.35
onpath,10,1754,200,16.94
onpath,10,1755,200,20.43
onpath,10,1756,200,21.49
onpath,10,1757,200,22.59
onpath,10,1758,200,17.98
onpath,10,1759,200,19.41
onpath,10,1760,200,21.31
onpath,10,1761,200,21.07
onpath,10,1762,200,18.84
onpath,10,1763,200,22.20
onpath,10,1764,200,21.85
onpath,10,1765,200,19.84
onpath,10,1766,200,21.20
onpath,10,1767,200,21.37
onpath,10,1768,200,16.93
onpath,10,1769,200,17.94
onpath,10,1770,200,19.63
onpath,10,1771,200,16.93
onpath,10,1772,200,20.02
onpath,10,1773,200,18.64
onpath,10,1774,200,23.51
onpath,10,1775,200,24.75
onpath,10,1776,200,27.17
onpath,10,1777,200,28.27
onpath,10,1778,200,23.06
onpath,10,1779,200,19.99
onpath,10,1780,200,21.11
onpath,10,1781,200,24.28
onpath,10,1782,200,25.41
onpath,10,1783,200,20.37
onpath,10,1784,200,22.30
onpath,10,1785,200,16.67
onpath,10,1786,200,16.64
onpath,10,1787,200,19.33
onpath,10,1788,200,16.28
onpath,10,1789,200,18.35
onpath,10,1790,200,16.40
onpath,10,1791,200,16.25
onpath,10,1792,200,17.83
onpath,10,1793,200,18.23
onpath,10,1794,200,17.97
onpath,10,1795,200,16.92
onpath,10,1796,200,15.89
onpath,10,1797,200,16.20
onpath,10,1798,200,18.19
onpath,10,1799,200,18.32
onpath,10,1800,200,17.40
onpath,10,1801,200,18.91
onpath,10,1802,200,18.82
onpath,10,1803,200,16.92
onpath,10,1804,200,18.52
onpath,10,1805,200,16.77
onpath,10,1806,200,14.92
onpath,10,1807,200,16.95
onpath,10,1808,200,15.36
onpath,10,1809,200,16.82
onpath,10,1810,200,18.39
onpath,10,1811,200,20.80
onpath,10,1812,200,16.17
onpath,10,1813,200,18.72
onpath,10,1814,200,21.35
onpath,10,1815,200,18.80
onpath,10,1816,200,16.39
onpath,10,1817,200,16.23
onpath,10,1818,200,19.32
onpath,10,1819,200,17.54
onpath,10,1820,200,15.13
onpath,10,1821,200,18.07
onpath,10,1822,200,19.64
onpath,10,1823,200,16.99
onpath,10,1824,200,15.41
onpath,10,1825,200,17.13
onpath,10,1826,200,19.00
onpath,10,1827,200,17.53
onpath,10,1828,200,15.72
onpath,10,1829,200,14.58
onpath,10,1830,200,21.09
onpath,10,1831,200,19.83
onpath,10,1832,200,17.51
onpath,10,1833,200,17.99
onpath,10,1834,200,17.48
onpath,10,1835,200,19.62
onpath,10,1836,200,14.19
onpath,10,1837,200,15.96
onpath,10,1838,200,16.63
onpath,10,1839,200,16.35
onpath,10,1840,200,16.33
onpath,10,1841,200,15.31
onpath,10,1842,200,18.86
onpath,10,1843,200,17.20
onpath,10,1844,200,18.48
onpath,10,1845,200,17.54
onpath,10,1846,200,17.22
onpath,10,1847,200,18.27
onpath,10,1848,200,18.36
onpath,10,1849,200,19.94
onpath,10,1850,200,19.83
onpath,10,1851,200,20.81
onpath,10,1852,200,15.22
onpath,10,1853,200,17.09
onpath,10,1854,200,17.51
onpath,10,1855,200,17.84
onpath,10,1856,200,15.88
onpath,10,1857,200,16.18
onpath,10,1858,200,18.16
onpath,10,1859,200,19.41
onpath,10,1860,200,15.06
onpath,10,1861,200,18.60
onpath,10,1862,200,18.29
onpath,10,1863,200,19.20
onpath,10,1864,200,16.04
onpath,10,1865,200,18.72
onpath,10,1866,200,15.96
onpath,10,1867,200,17.73
onpath,10,1868,200,16.67
onpath,10,1869,200,17.74
onpath,10,1870,200,16.45
onpath,10,1871,200,17.77
onpath,10,1872,200,17.80
onpath,10,1873,200,17.40
onpath,10,1874,200,17.42
onpath,10,1875,200,19.64
onpath,10,1876,200,15.76
onpath,10,1877,200,17.54
onpath,10,1878,200,19.00
onpath,10,1879,200,20.47
onpath,10,1880,200,16.62
onpath,10,1881,200,18.39
onpath,10,1882,200,19.78
onpath,10,1883,200,18.84
onpath,10,1884,200,18.79
onpath,10,1885,200,19.08
onpath,10,1886,200,16.93
onpath,10,1887,200,16.21
onpath,10,1888,200,16.02
onpath,10,1889,200,17.01
onpath,10,1890,200,18.59
onpath,10,1891,200,16.81
onpath,10,1892,200,16.49
onpath,10,1893,200,17.27
onpath,10,1894,200,21.48
onpath,10,1895,200,20.08
onpath,10,1896,200,14.45
onpath,10,1897,200,17.08
onpath,10,1898,200,18.09
onpath,10,1899,200,20.61
onpath,10,1900,200,20.08
onpath,10,1901,200,20.08
onpath,10,1902,200,20.19
onpath,10,1903,200,22.23
onpath,10,1904,200,20.78
onpath,10,1905,200,19.40
onpath,10,1906,200,18.52
onpath,10,1907,200,18.17
onpath,10,1908,200,17.92
onpath,10,1909,200,17.56
onpath,10,1910,200,16.29
onpath,10,1911,200,17.61
onpath,10,1912,200,18.48
onpath,10,1913,200,17.43
onpath,10,1914,200,19.50
onpath,10,1915,200,19.76
onpath,10,1916,200,16.95
onpath,10,1917,200,18.70
onpath,10,1918,200,18.70
onpath,10,1919,200,18.33
onpath,10,1920,200,17.65
onpath,10,1921,200,18.85
onpath,10,1922,200,18.99
onpath,10,1923,200,19.73
onpath,10,1924,200,23.82
onpath,10,1925,200,20.29
onpath,10,1926,200,20.70
onpath,10,1927,200,18.96
onpath,10,1928,200,19.97
onpath,10,1929,200,19.88
onpath,10,1930,200,19.07
onpath,10,1931,200,19.98
onpath,10,1932,200,18.79
onpath,10,1933,200,20.46
onpath,10,1934,200,17.97
onpath,10,1935,200,16.67
onpath,10,1936,200,16.83
onpath,10,1937,200,19.75
onpath,10,1938,200,25.80
onpath,10,1939,200,27.22
onpath,10,1940,200,26.95
onpath,10,1941,200,21.19
onpath,10,1942,200,22.39
onpath,10,1943,200,27.60
onpath,10,1944,200,20.89
onpath,10,1945,200,16.44
onpath,10,1946,200,17.51
onpath,10,1947,200,19.60
onpath,10,1948,200,17.05
onpath,10,1949,200,18.23
onpath,10,1950,200,16.69
onpath,10,1951,200,17.46
onpath,10,1952,200,20.14
onpath,10,1953,200,19.59
onpath,10,1954,200,22.03
onpath,10,1955,200,16.44
onpath,10,1956,200,16.60
onpath,10,1957,200,16.59
onpath,10,1958,200,18.75
onpath,10,1959,200,21.51
onpath,10,1960,200,17.42
onpath,10,1961,200,19.30
onpath,10,1962,200,20.22
onpath,10,1963,200,18.56
onpath,10,1964,200,22.73
onpath,10,1965,200,26.02
onpath,10,1966,200,25.40
onpath,10,1967,200,26.08
onpath,10,1968,200,27.83
onpath,10,1969,200,24.91
onpath,10,1970,200,29.02
onpath,10,1971,200,28.59
onpath,10,1972,200,33.38
onpath,10,1973,200,34.96
onpath,10,1974,200,31.88
onpath,10,1975,200,22.07
onpath,10,1976,200,22.44
onpath,10,1977,200,21.20
onpath,10,1978,200,20.98
onpath,10,1979,200,24.56
onpath,10,1980,200,22.68
onpath,10,1981,200,20.29
onpath,10,1982,200,21.65
onpath,10,1983,200,21.70
onpath,10,1984,200,23.08
onpath,10,1985,200,19.14
onpath,10,1986,200,20.86
onpath,10,1987,200,20.66
onpath,10,1988,200,19.78
onpath,10,1989,200,19.68
onpath,10,1990,200,23.14
onpath,10,1991,200,20.69
onpath,10,1992,200,19.82
onpath,10,1993,200,21.94
onpath,10,1994,200,21.09
onpath,10,1995,200,17.20
onpath,10,1996,200,19.04
onpath,10,1997,200,18.26
onpath,10,1998,200,18.38
onpath,10,1999,200,22.19
onpath,50,0,200,34.59
onpath,50,1,200,46.41
onpath,50,2,200,52.31
onpath,50,3,200,62.77
onpath,50,4,200,63.71
onpath,50,5,200,64.33
onpath,50,6,200,71.31
onpath,50,7,200,74.17
onpath,50,8,200,79.73
onpath,50,9,200,80.07
onpath,50,10,200,80.72
onpath,50,11,200,80.33
onpath,50,12,200,82.06
onpath,50,13,200,81.13
onpath,50,14,200,82.77
onpath,50,15,200,82.21
onpath,50,16,200,87.27
onpath,50,17,200,90.41
onpath,50,18,200,91.96
onpath,50,19,200,92.54
onpath,50,20,200,93.95
onpath,50,21,200,99.63
onpath,50,22,200,99.61
onpath,50,23,200,100.61
onpath,50,24,200,100.02
onpath,50,25,200,101.63
onpath,50,26,200,102.25
onpath,50,27,200,102.35
onpath,50,28,200,107.10
onpath,50,29,200,108.92
onpath,50,30,200,109.26
onpath,50,31,200,110.53
onpath,50,32,200,112.13
onpath,50,33,200,113.12
onpath,50,34,200,113.64
onpath,50,35,200,113.40
onpath,50,36,200,80.06
onpath,50,37,200,113.68
onpath,50,38,200,115.02
onpath,50,39,200,51.15
onpath,50,40,200,114.80
onpath,50,41,200,52.93
onpath,50,42,200,115.34
onpath,50,43,200,115.41
onpath,50,44,200,69.35
onpath,50,45,200,116.14
onpath,50,46,200,115.27
onpath,50,47,200,120.07
onpath,50,48,200,122.39
onpath,50,49,200,122.61
onpath,50,50,200,123.23
onpath,50,51,200,126.71
onpath,50,52,200,128.63
onpath,50,53,200,130.09
onpath,50,54,200,80.20
onpath,50,55,200,61.65
onpath,50,56,200,92.37
onpath,50,57,200,76.33
onpath,50,58,200,86.13
onpath,50,59,200,77.85
onpath,50,60,200,79.60
onpath,50,61,200,79.44
onpath,50,62,200,82.58
onpath,50,63,200,80.92
onpath,50,64,200,82.43
onpath,50,65,200,61.93
onpath,50,66,200,88.36
onpath,50,67,200,76.12
onpath,50,68,200,80.58
onpath,50,69,200,84.04
onpath,50,70,200,76.05
onpath,50,71,200,84.07
onpath,50,72,200,78.43
onpath,50,73,200,69.93
onpath,50,74,200,69.38
onpath,50,75,200,76.67
onpath,50,76,200,84.26
onpath,50,77,200,69.50
onpath,50,78,200,84.76
onpath,50,79,200,74.27
onpath,50,80,200,70.85
onpath,50,81,200,71.61
onpath,50,82,200,75.68
onpath,50,83,200,94.45
onpath,50,84,200,85.84
onpath,50,85,200,79.52
onpath,50,86,200,75.28
onpath,50,87,200,79.03
onpath,50,88,200,92.29
onpath,50,89,200,79.02
onpath,50,90,200,80.65
onpath,50,91,200,78.51
onpath,50,92,200,72.86
onpath,50,93,200,77.91
onpath,50,94,200,80.11
onpath,50,95,200,79.03
onpath,50,96,200,62.61
onpath,50,97,200,71.94
onpath,50,98,200,63.66
onpath,50,99,200,71.79
onpath,50,100,200,57.70
onpath,50,101,200,67.62
onpath,50,102,200,72.16
onpath,50,103,200,70.53
onpath,50,104,200,41.52
onpath,50,105,200,40.90
onpath,50,106,200,83.21
onpath,50,107,200,45.34
onpath,50,108,200,95.28
onpath,50,109,200,48.36
onpath,50,110,200,49.54
onpath,50,111,200,44.19
onpath,50,112,200,49.30
onpath,50,113,200,51.19
onpath,50,114,200,50.38
onpath,50,115,200,62.35
onpath,50,116,200,76.52
onpath,50,117,200,56.89
onpath,50,118,200,73.87
onpath,50,119,200,67.36
onpath,50,120,200,62.81
onpath,50,121,200,89.44
onpath,50,122,200,66.64
onpath,50,123,200,64.70
onpath,50,124,200,88.60
onpath,50,125,200,68.39
onpath,50,126,200,69.14
onpath,50,127,200,71.45
onpath,50,128,200,76.06
onpath,50,129,200,90.56
onpath,50,130,200,76.67
onpath,50,131,200,80.03
onpath,50,132,200,78.30
onpath,50,133,200,88.07
onpath,50,134,200,82.52
onpath,50,135,200,91.17
onpath,50,136,200,97.48
onpath,50,137,200,73.68
onpath,50,138,200,87.97
onpath,50,139,200,87.99
onpath,50,140,200,89.19
onpath,50,141,200,93.89
onpath,50,142,200,96.30
onpath,50,143,200,108.41
onpath,50,144,200,102.10
onpath,50,145,200,99.33
onpath,50,146,200,99.46
onpath,50,147,200,90.63
onpath,50,148,200,116.81
onpath,50,149,200,108.76
onpath,50,150,200,110.38
onpath,50,151,200,100.26
onpath,50,152,200,120.59
onpath,50,153,200,128.87
onpath,50,154,200,80.03
onpath,50,155,200,121.68
onpath,50,156,200,65.87
onpath,50,157,200,65.35
onpath,50,158,200,121.41
onpath,50,159,200,62.29
onpath,50,160,200,137.44
onpath,50,161,200,140.78
onpath,50,162,200,128.62
onpath,50,163,200,91.03
onpath,50,164,200,93.92
onpath,50,165,200,101.34
onpath,50,166,200,150.42
onpath,50,167,200,77.17
onpath,50,168,200,64.91
onpath,50,169,200,96.95
onpath,50,170,200,111.07
onpath,50,171,200,157.94
onpath,50,172,200,77.38
onpath,50,173,200,146.14
onpath,50,174,200,116.04
onpath,50,175,200,144.02
onpath,50,176,200,163.62
onpath,50,177,200,139.20
onpath,50,178,200,103.72
onpath,50,179,200,97.09
onpath,50,180,200,108.65
onpath,50,181,200,124.53
onpath,50,182,200,113.02
onpath,50,183,200,88.87
onpath,50,184,200,85.21
onpath,50,185,200,90.62
onpath,50,186,200,71.58
onpath,50,187,200,72.52
onpath,50,188,200,96.39
onpath,50,189,200,92.90
onpath,50,190,200,92.48
onpath,50,191,200,98.25
onpath,50,192,200,87.05
onpath,50,193,200,84.37
onpath,50,194,200,69.16
onpath,50,195,200,77.04
onpath,50,196,200,68.65
onpath,50,197,200,81.57
onpath,50,198,200,54.76
onpath,50,199,200,65.78
onpath,50,200,200,69.98
onpath,50,201,200,71.54
onpath,50,202,200,59.35
onpath,50,203,200,67.86
onpath,50,204,200,39.05
onpath,50,205,200,74.73
onpath,50,206,200,46.37
onpath,50,207,200,72.11
onpath,50,208,200,52.31
onpath,50,209,200,73.71
onpath,50,210,200,80.46
onpath,50,211,200,39.04
onpath,50,212,200,77.32
onpath,50,213,200,61.11
onpath,50,214,200,62.81
onpath,50,215,200,56.76
onpath,50,216,200,70.32
onpath,50,217,200,71.13
onpath,50,218,200,64.38
onpath,50,219,200,70.34
onpath,50,220,200,72.24
onpath,50,221,200,73.09
onpath,50,222,200,74.55
onpath,50,223,200,76.12
onpath,50,224,200,80.94
onpath,50,225,200,58.94
onpath,50,226,200,79.59
onpath,50,227,200,95.45
onpath,50,228,200,78.49
onpath,50,229,200,90.07
onpath,50,230,200,98.32
onpath,50,231,200,104.04
onpath,50,232,200,103.88
onpath,50,233,200,90.08
onpath,50,234,200,101.53
onpath,50,235,200,92.85
onpath,50,236,200,99.30
onpath,50,237,200,105.28
onpath,50,238,200,98.79
onpath,50,239,200,111.39
onpath,50,240,200,103.00
onpath,50,241,200,99.37
onpath,50,242,200,106.08
onpath,50,243,200,108.01
onpath,50,244,200,103.31
onpath,50,245,200,104.22
onpath,50,246,200,125.40
onpath,50,247,200,112.32
onpath,50,248,200,93.52
onpath,50,249,200,95.96
onpath,50,250,200,99.40
onpath,50,251,200,104.82
onpath,50,252,200,92.07
onpath,50,253,200,99.92
onpath,50,254,200,99.04
onpath,50,255,200,123.89
onpath,50,256,200,124.76
onpath,50,257,200,111.07
onpath,50,258,200,126.33
onpath,50,259,200,129.78
onpath,50,260,200,108.17
onpath,50,261,200,125.91
onpath,50,262,200,130.70
onpath,50,263,200,108.60
onpath,50,264,200,111.63
onpath,50,265,200,63.37
onpath,50,266,200,97.90
onpath,50,267,200,101.19
onpath,50,268,200,68.31
onpath,50,269,200,103.03
onpath,50,270,200,70.81
onpath,50,271,200,108.68
onpath,50,272,200,109.07
onpath,50,273,200,86.53
onpath,50,274,200,68.22
onpath,50,275,200,90.08
onpath,50,276,200,141.40
onpath,50,277,200,83.85
onpath,50,278,200,134.49
onpath,50,279,200,79.15
onpath,50,280,200,111.39
onpath,50,281,200,81.23
onpath,50,282,200,79.95
onpath,50,283,200,87.29
onpath,50,284,200,70.12
onpath,50,285,200,78.82
onpath,50,286,200,71.38
onpath,50,287,200,80.37
onpath,50,288,200,65.83
onpath,50,289,200,81.41
onpath,50,290,200,78.39
onpath,50,291,200,82.26
onpath,50,292,200,77.18
onpath,50,293,200,73.45
onpath,50,294,200,90.16
onpath,50,295,200,66.57
onpath,50,296,200,65.07
onpath,50,297,200,64.64
onpath,50,298,200,74.11
onpath,50,299,200,56.60
onpath,50,300,200,55.78
onpath,50,301,200,65.44
onpath,50,302,200,56.85
onpath,50,303,200,62.74
onpath,50,304,200,69.96
onpath,50,305,200,66.66
onpath,50,306,200,74.88
onpath,50,307,200,69.17
onpath,50,308,200,71.01
onpath,50,309,200,85.02
onpath,50,310,200,77.97
onpath,50,311,200,74.68
onpath,50,312,200,55.99
onpath,50,313,200,52.48
onpath,50,314,200,78.83
onpath,50,315,200,63.92
onpath,50,316,200,83.35
onpath,50,317,200,60.69
onpath,50,318,200,47.65
onpath,50,319,200,59.90
onpath,50,320,200,64.95
onpath,50,321,200,46.64
onpath,50,322,200,56.99
onpath,50,323,200,58.99
onpath,50,324,200,52.14
onpath,50,325,200,60.03
onpath,50,326,200,60.80
onpath,50,327,200,61.66
onpath,50,328,200,62.26
onpath,50,329,200,71.64
onpath,50,330,200,76.77
onpath,50,331,200,88.40
onpath,50,332,200,71.43
onpath,50,333,200,85.69
onpath,50,334,200,56.84
onpath,50,335,200,78.40
onpath,50,336,200,77.61
onpath,50,337,200,83.74
onpath,50,338,200,76.28
onpath,50,339,200,50.70
onpath,50,340,200,55.65
onpath,50,341,200,78.33
onpath,50,342,200,58.69
onpath,50,343,200,86.28
onpath,50,344,200,62.59
onpath,50,345,200,85.40
onpath,50,346,200,98.50
onpath,50,347,200,97.00
onpath,50,348,200,104.27
onpath,50,349,200,97.78
onpath,50,350,200,82.74
onpath,50,351,200,100.45
onpath,50,352,200,106.42
onpath,50,353,200,63.64
onpath,50,354,200,102.42
onpath,50,355,200,66.91
onpath,50,356,200,100.41
onpath,50,357,200,70.05
onpath,50,358,200,102.71
onpath,50,359,200,102.91
onpath,50,360,200,84.45
onpath,50,361,200,90.35
onpath,50,362,200,78.26
onpath,50,363,200,81.28
onpath,50,364,200,106.75
onpath,50,365,200,95.34
onpath,50,366,200,66.92
onpath,50,367,200,72.14
onpath,50,368,200,66.81
onpath,50,369,200,74.90
onpath,50,370,200,49.37
onpath,50,371,200,74.97
onpath,50,372,200,91.35
onpath,50,373,200,44.40
onpath,50,374,200,86.11
onpath,50,375,200,90.76
onpath,50,376,200,79.17
onpath,50,377,200,94.77
onpath,50,378,200,49.46
onpath,50,379,200,62.77
onpath,50,380,200,51.95
onpath,50,381,200,47.95
onpath,50,382,200,47.58
onpath,50,383,200,41.14
onpath,50,384,200,48.57
onpath,50,385,200,46.24
onpath,50,386,200,49.73
onpath,50,387,200,49.06
onpath,50,388,200,55.52
onpath,50,389,200,57.04
onpath,50,390,200,56.95
onpath,50,391,200,45.82
onpath,50,392,200,47.14
onpath,50,393,200,38.50
onpath,50,394,200,51.08
onpath,50,395,200,44.71
onpath,50,396,200,41.77
onpath,50,397,200,50.08
onpath,50,398,200,49.02
onpath,50,399,200,75.60
onpath,50,400,200,50.93
onpath,50,401,200,67.76
onpath,50,402,200,68.71
onpath,50,403,200,64.81
onpath,50,404,200,66.87
onpath,50,405,200,77.61
onpath,50,406,200,73.67
onpath,50,407,200,70.61
onpath,50,408,200,65.91
onpath,50,409,200,91.27
onpath,50,410,200,60.57
onpath,50,411,200,73.65
onpath,50,412,200,76.71
onpath,50,413,200,61.38
onpath,50,414,200,76.65
onpath,50,415,200,82.50
onpath,50,416,200,67.00
onpath,50,417,200,68.23
onpath,50,418,200,69.32
onpath,50,419,200,75.66
onpath,50,420,200,74.72
onpath,50,421,200,60.35
onpath,50,422,200,80.36
onpath,50,423,200,73.48
onpath,50,424,200,68.35
onpath,50,425,200,71.68
onpath,50,426,200,74.59
onpath,50,427,200,57.50
onpath,50,428,200,79.02
onpath,50,429,200,89.93
onpath,50,430,200,87.30
onpath,50,431,200,91.66
onpath,50,432,200,63.44
onpath,50,433,200,92.41
onpath,50,434,200,42.30
onpath,50,435,200,72.63
onpath,50,436,200,57.82
onpath,50,437,200,82.17
onpath,50,438,200,89.80
onpath,50,439,200,81.63
onpath,50,440,200,71.71
onpath,50,441,200,112.59
onpath,50,442,200,55.13
onpath,50,443,200,54.73
onpath,50,444,200,105.63
onpath,50,445,200,73.06
onpath,50,446,200,108.23
onpath,50,447,200,109.32
onpath,50,448,200,108.45
onpath,50,449,200,73.62
onpath,50,450,200,97.91
onpath,50,451,200,99.57
onpath,50,452,200,99.81
onpath,50,453,200,75.81
onpath,50,454,200,76.04
onpath,50,455,200,55.10
onpath,50,456,200,57.61
onpath,50,457,200,55.27
onpath,50,458,200,48.76
onpath,50,459,200,60.05
onpath,50,460,200,60.59
onpath,50,461,200,57.85
onpath,50,462,200,67.11
onpath,50,463,200,68.40
onpath,50,464,200,66.22
onpath,50,465,200,63.02
onpath,50,466,200,69.60
onpath,50,467,200,73.12
onpath,50,468,200,57.99
onpath,50,469,200,69.17
onpath,50,470,200,77.03
onpath,50,471,200,78.29
onpath,50,472,200,76.99
onpath,50,473,200,72.50
onpath,50,474,200,73.16
onpath,50,475,200,77.87
onpath,50,476,200,56.64
onpath,50,477,200,79.63
onpath,50,478,200,72.01
onpath,50,479,200,86.71
onpath,50,480,200,59.61
onpath,50,481,200,51.73
onpath,50,482,200,69.62
onpath,50,483,200,53.79
onpath,50,484,200,51.20
onpath,50,485,200,63.59
onpath,50,486,200,65.18
onpath,50,487,200,73.27
onpath,50,488,200,52.98
onpath,50,489,200,68.29
onpath,50,490,200,63.21
onpath,50,491,200,70.23
onpath,50,492,200,55.19
onpath,50,493,200,63.83
onpath,50,494,200,64.13
onpath,50,495,200,72.30
onpath,50,496,200,53.54
onpath,50,497,200,65.81
onpath,50,498,200,75.31
onpath,50,499,200,77.42
onpath,50,500,200,91.04
onpath,50,501,200,71.69
onpath,50,502,200,88.37
onpath,50,503,200,90.34
onpath,50,504,200,67.12
onpath,50,505,200,95.75
onpath,50,506,200,93.30
onpath,50,507,200,103.56
onpath,50,508,200,103.60
onpath,50,509,200,77.87
onpath,50,510,200,91.68
onpath,50,511,200,87.13
onpath,50,512,200,81.42
onpath,50,513,200,73.51
onpath,50,514,200,73.41
onpath,50,515,200,64.77
onpath,50,516,200,87.87
onpath,50,517,200,86.98
onpath,50,518,200,87.97
onpath,50,519,200,63.96
onpath,50,520,200,95.31
onpath,50,521,200,80.37
onpath,50,522,200,99.33
onpath,50,523,200,78.12
onpath,50,524,200,76.73
onpath,50,525,200,69.13
onpath,50,526,200,74.12
onpath,50,527,200,56.90
onpath,50,528,200,57.85
onpath,50,529,200,60.11
onpath,50,530,200,62.14
onpath,50,531,200,63.88
onpath,50,532,200,108.39
onpath,50,533,200,71.08
onpath,50,534,200,65.84
onpath,50,535,200,91.24
onpath,50,536,200,141.73
onpath,50,537,200,78.67
onpath,50,538,200,124.42
onpath,50,539,200,85.77
onpath,50,540,200,78.60
onpath,50,541,200,75.08
onpath,50,542,200,95.07
onpath,50,543,200,75.48
onpath,50,544,200,147.35
onpath,50,545,200,161.77
onpath,50,546,200,88.75
onpath,50,547,200,108.44
onpath,50,548,200,105.53
onpath,50,549,200,151.92
onpath,50,550,200,138.04
onpath,50,551,200,160.50
onpath,50,552,200,145.83
onpath,50,553,200,141.09
onpath,50,554,200,128.46
onpath,50,555,200,99.88
onpath,50,556,200,154.69
onpath,50,557,200,125.81
onpath,50,558,200,155.98
onpath,50,559,200,98.68
onpath,50,560,200,101.06
onpath,50,561,200,172.80
onpath,50,562,200,105.49
onpath,50,563,200,41.20
onpath,50,564,200,154.66
onpath,50,565,200,177.48
onpath,50,566,200,137.23
onpath,50,567,200,44.49
onpath,50,568,200,154.76
onpath,50,569,200,107.24
onpath,50,570,200,173.19
onpath,50,571,200,127.08
onpath,50,572,200,174.59
onpath,50,573,200,172.66
onpath,50,574,200,114.19
onpath,50,575,200,111.02
onpath,50,576,200,52.82
onpath,50,577,200,49.56
onpath,50,578,200,128.07
onpath,50,579,200,172.43
onpath,50,580,200,48.84
onpath,50,581,200,115.21
onpath,50,582,200,50.77
onpath,50,583,200,47.43
onpath,50,584,200,46.93
onpath,50,585,200,54.67
onpath,50,586,200,59.21
onpath,50,587,200,46.84
onpath,50,588,200,57.42
onpath,50,589,200,62.12
onpath,50,590,200,51.89
onpath,50,591,200,63.26
onpath,50,592,200,61.91
onpath,50,593,200,62.62
onpath,50,594,200,46.53
onpath,50,595,200,53.19
onpath,50,596,200,58.31
onpath,50,597,200,74.56
onpath,50,598,200,55.94
onpath,50,599,200,47.12
onpath,50,600,200,58.95
onpath,50,601,200,64.75
onpath,50,602,200,62.56
onpath,50,603,200,65.24
onpath,50,604,200,67.01
onpath,50,605,200,67.35
onpath,50,606,200,62.99
onpath,50,607,200,75.06
onpath,50,608,200,52.35
onpath,50,609,200,69.75
onpath,50,610,200,60.55
onpath,50,611,200,75.21
onpath,50,612,200,63.99
onpath,50,613,200,73.63
onpath,50,614,200,65.47
onpath,50,615,200,66.68
onpath,50,616,200,75.02
onpath,50,617,200,76.64
onpath,50,618,200,75.69
onpath,50,619,200,77.59
onpath,50,620,200,91.45
onpath,50,621,200,56.01
onpath,50,622,200,58.01
onpath,50,623,200,82.09
onpath,50,624,200,76.24
onpath,50,625,200,46.75
onpath,50,626,200,84.11
onpath,50,627,200,96.05
onpath,50,628,200,88.36
onpath,50,629,200,94.15
onpath,50,630,200,58.76
onpath,50,631,200,89.63
onpath,50,632,200,55.81
onpath,50,633,200,78.49
onpath,50,634,200,63.13
onpath,50,635,200,93.69
onpath,50,636,200,61.51
onpath,50,637,200,107.31
onpath,50,638,200,92.76
onpath,50,639,200,67.50
onpath,50,640,200,93.11
onpath,50,641,200,65.67
onpath,50,642,200,82.77
onpath,50,643,200,67.01
onpath,50,644,200,67.79
onpath,50,645,200,57.84
onpath,50,646,200,57.89
onpath,50,647,200,54.29
onpath,50,648,200,117.22
onpath,50,649,200,50.45
onpath,50,650,200,68.24
onpath,50,651,200,59.56
onpath,50,652,200,47.62
onpath,50,653,200,53.02
onpath,50,654,200,56.83
onpath,50,655,200,53.14
onpath,50,656,200,49.18
onpath,50,657,200,46.53
onpath,50,658,200,89.98
onpath,50,659,200,65.81
onpath,50,660,200,60.38
onpath,50,661,200,41.19
onpath,50,662,200,44.37
onpath,50,663,200,83.45
onpath,50,664,200,71.46
onpath,50,665,200,84.50
onpath,50,666,200,71.73
onpath,50,667,200,87.20
onpath,50,668,200,72.88
onpath,50,669,200,85.55
onpath,50,670,200,77.34
onpath,50,671,200,77.64
onpath,50,672,200,77.84
onpath,50,673,200,106.87
onpath,50,674,200,100.45
onpath,50,675,200,88.99
onpath,50,676,200,64.11
onpath,50,677,200,92.74
onpath,50,678,200,98.60
onpath,50,679,200,99.13
onpath,50,680,200,92.01
onpath,50,681,200,100.25
onpath,50,682,200,89.00
onpath,50,683,200,92.56
onpath,50,684,200,90.77
onpath,50,685,200,94.05
onpath,50,686,200,93.12
onpath,50,687,200,92.00
onpath,50,688,200,96.77
onpath,50,689,200,77.43
onpath,50,690,200,76.78
onpath,50,691,200,71.65
onpath,50,692,200,71.06
onpath,50,693,200,93.99
onpath,50,694,200,94.18
onpath,50,695,200,92.34
onpath,50,696,200,80.04
onpath,50,697,200,98.04
onpath,50,698,200,96.79
onpath,50,699,200,73.17
onpath,50,700,200,98.99
onpath,50,701,200,96.90
onpath,50,702,200,81.65
onpath,50,703,200,81.90
onpath,50,704,200,75.99
onpath,50,705,200,84.91
onpath,50,706,200,77.59
onpath,50,707,200,86.63
onpath,50,708,200,97.56
onpath,50,709,200,67.36
onpath,50,710,200,52.08
onpath,50,711,200,83.44
onpath,50,712,200,103.64
onpath,50,713,200,117.54
onpath,50,714,200,94.65
onpath,50,715,200,70.78
onpath,50,716,200,80.78
onpath,50,717,200,57.36
onpath,50,718,200,73.07
onpath,50,719,200,82.51
onpath,50,720,200,54.82
onpath,50,721,200,89.20
onpath,50,722,200,63.44
onpath,50,723,200,65.44
onpath,50,724,200,99.15
onpath,50,725,200,86.80
onpath,50,726,200,89.71
onpath,50,727,200,101.87
onpath,50,728,200,80.37
onpath,50,729,200,83.23
onpath,50,730,200,104.59
onpath,50,731,200,77.92
onpath,50,732,200,86.53
onpath,50,733,200,86.16
onpath,50,734,200,101.40
onpath,50,735,200,93.22
onpath,50,736,200,86.56
onpath,50,737,200,98.60
onpath,50,738,200,79.79
onpath,50,739,200,96.39
onpath,50,740,200,96.54
onpath,50,741,200,98.51
onpath,50,742,200,95.63
onpath,50,743,200,58.35
onpath,50,744,200,103.65
onpath,50,745,200,95.17
onpath,50,746,200,105.43
onpath,50,747,200,103.05
onpath,50,748,200,65.81
onpath,50,749,200,104.01
onpath,50,750,200,106.11
onpath,50,751,200,102.95
onpath,50,752,200,112.88
onpath,50,753,200,63.86
onpath,50,754,200,124.17
onpath,50,755,200,117.78
onpath,50,756,200,81.76
onpath,50,757,200,64.59
onpath,50,758,200,123.58
onpath,50,759,200,126.74
onpath,50,760,200,132.05
onpath,50,761,200,86.93
onpath,50,762,200,115.08
onpath,50,763,200,71.58
onpath,50,764,200,130.37
onpath,50,765,200,135.08
onpath,50,766,200,88.79
onpath,50,767,200,112.65
onpath,50,768,200,130.50
onpath,50,769,200,122.79
onpath,50,770,200,56.54
onpath,50,771,200,60.89
onpath,50,772,200,78.15
onpath,50,773,200,126.34
onpath,50,774,200,136.51
onpath,50,775,200,120.92
onpath,50,776,200,44.30
onpath,50,777,200,57.68
onpath,50,778,200,94.48
onpath,50,779,200,97.62
onpath,50,780,200,94.44
onpath,50,781,200,83.99
onpath,50,782,200,74.45
onpath,50,783,200,85.60
onpath,50,784,200,59.71
onpath,50,785,200,93.72
onpath,50,786,200,71.48
onpath,50,787,200,86.85
onpath,50,788,200,65.83
onpath,50,789,200,73.17
onpath,50,790,200,65.29
onpath,50,791,200,56.63
onpath,50,792,200,73.97
onpath,50,793,200,90.88
onpath,50,794,200,69.78
onpath,50,795,200,69.07
onpath,50,796,200,123.43
onpath,50,797,200,79.15
onpath,50,798,200,67.19
onpath,50,799,200,83.51
onpath,50,800,200,43.47
onpath,50,801,200,64.84
onpath,50,802,200,78.83
onpath,50,803,200,59.39
onpath,50,804,200,70.40
onpath,50,805,200,69.66
onpath,50,806,200,54.52
onpath,50,807,200,43.03
onpath,50,808,200,49.04
onpath,50,809,200,43.36
onpath,50,810,200,51.32
onpath,50,811,200,59.98
onpath,50,812,200,57.16
onpath,50,813,200,34.08
onpath,50,814,200,60.01
onpath,50,815,200,61.72
onpath,50,816,200,70.28
onpath,50,817,200,53.42
onpath,50,818,200,58.32
onpath,50,819,200,50.39
onpath,50,820,200,65.69
onpath,50,821,200,57.30
onpath,50,822,200,61.60
onpath,50,823,200,61.55
onpath,50,824,200,43.76
onpath,50,825,200,46.96
onpath,50,826,200,70.15
onpath,50,827,200,43.88
onpath,50,828,200,50.70
onpath,50,829,200,42.70
onpath,50,830,200,89.66
onpath,50,831,200,54.84
onpath,50,832,200,83.85
onpath,50,833,200,60.85
onpath,50,834,200,50.18
onpath,50,835,200,56.03
onpath,50,836,200,61.84
onpath,50,837,200,66.37
onpath,50,838,200,60.18
onpath,50,839,200,58.85
onpath,50,840,200,71.87
onpath,50,841,200,58.69
onpath,50,842,200,60.86
onpath,50,843,200,62.56
onpath,50,844,200,62.08
onpath,50,845,200,72.15
onpath,50,846,200,65.80
onpath,50,847,200,57.96
onpath,50,848,200,64.34
onpath,50,849,200,60.17
onpath,50,850,200,43.65
onpath,50,851,200,61.91
onpath,50,852,200,69.92
onpath,50,853,200,50.11
onpath,50,854,200,70.88
onpath,50,855,200,78.81
onpath,50,856,200,62.88
onpath,50,857,200,70.48
onpath,50,858,200,54.63
onpath,50,859,200,56.76
onpath,50,860,200,79.44
onpath,50,861,200,81.94
onpath,50,862,200,80.60
onpath,50,863,200,66.33
onpath,50,864,200,87.79
onpath,50,865,200,71.50
onpath,50,866,200,84.13
onpath,50,867,200,62.03
onpath,50,868,200,61.36
onpath,50,869,200,73.79
onpath,50,870,200,88.44
onpath,50,871,200,64.14
onpath,50,872,200,65.82
onpath,50,873,200,73.47
onpath,50,874,200,78.58
onpath,50,875,200,73.70
onpath,50,876,200,63.10
onpath,50,877,200,65.58
onpath,50,878,200,45.89
onpath,50,879,200,85.10
onpath,50,880,200,45.05
onpath,50,881,200,45.35
onpath,50,882,200,52.76
onpath,50,883,200,58.18
onpath,50,884,200,71.67
onpath,50,885,200,58.38
onpath,50,886,200,49.37
onpath,50,887,200,58.73
onpath,50,888,200,59.91
onpath,50,889,200,99.85
onpath,50,890,200,58.86
onpath,50,891,200,60.37
onpath,50,892,200,64.71
onpath,50,893,200,67.50
onpath,50,894,200,75.53
onpath,50,895,200,64.74
onpath,50,896,200,68.28
onpath,50,897,200,77.31
onpath,50,898,200,66.50
onpath,50,899,200,66.59
onpath,50,900,200,66.72
onpath,50,901,200,56.58
onpath,50,902,200,45.75
onpath,50,903,200,44.87
onpath,50,904,200,73.52
onpath,50,905,200,48.52
onpath,50,906,200,55.82
onpath,50,907,200,61.06
onpath,50,908,200,60.32
onpath,50,909,200,62.15
onpath,50,910,200,44.33
onpath,50,911,200,61.31
onpath,50,912,200,64.39
onpath,50,913,200,66.05
onpath,50,914,200,67.23
onpath,50,915,200,63.78
onpath,50,916,200,79.30
onpath,50,917,200,76.06
onpath,50,918,200,42.51
onpath,50,919,200,70.48
onpath,50,920,200,70.29
onpath,50,921,200,70.23
onpath,50,922,200,60.51
onpath,50,923,200,50.24
onpath,50,924,200,72.37
onpath,50,925,200,75.52
onpath,50,926,200,92.91
onpath,50,927,200,79.00
onpath,50,928,200,69.34
onpath,50,929,200,70.63
onpath,50,930,200,93.44
onpath,50,931,200,66.19
onpath,50,932,200,49.45
onpath,50,933,200,43.05
onpath,50,934,200,52.04
onpath,50,935,200,90.40
onpath,50,936,200,57.31
onpath,50,937,200,55.24
onpath,50,938,200,53.11
onpath,50,939,200,67.17
onpath,50,940,200,83.46
onpath,50,941,200,50.34
onpath,50,942,200,61.61
onpath,50,943,200,53.22
onpath,50,944,200,53.23
onpath,50,945,200,51.32
onpath,50,946,200,52.87
onpath,50,947,200,64.06
onpath,50,948,200,56.05
onpath,50,949,200,62.79
onpath,50,950,200,61.55
onpath,50,951,200,47.41
onpath,50,952,200,44.36
onpath,50,953,200,74.34
onpath,50,954,200,59.67
onpath,50,955,200,79.71
onpath,50,956,200,80.16
onpath,50,957,200,82.60
onpath,50,958,200,50.40
onpath,50,959,200,62.22
onpath,50,960,200,59.76
onpath,50,961,200,51.38
onpath,50,962,200,53.11
onpath,50,963,200,56.02
onpath,50,964,200,65.96
onpath,50,965,200,54.95
onpath,50,966,200,69.32
onpath,50,967,200,87.42
onpath,50,968,200,61.68
onpath,50,969,200,63.17
onpath,50,970,200,59.82
onpath,50,971,200,79.67
onpath,50,972,200,55.84
onpath,50,973,200,62.27
onpath,50,974,200,61.70
onpath,50,975,200,64.27
onpath,50,976,200,57.27
onpath,50,977,200,39.89
onpath,50,978,200,92.82
onpath,50,979,200,75.02
onpath,50,980,200,67.57
onpath,50,981,200,74.60
onpath,50,982,200,72.36
onpath,50,983,200,64.03
onpath,50,984,200,70.23
onpath,50,985,200,58.16
onpath,50,986,200,65.78
onpath,50,987,200,81.01
onpath,50,988,200,60.67
onpath,50,989,200,77.24
onpath,50,990,200,76.86
onpath,50,991,200,91.07
onpath,50,992,200,93.55
onpath,50,993,200,75.39
onpath,50,994,200,66.29
onpath,50,995,200,97.64
onpath,50,996,200,99.26
onpath,50,997,200,85.67
onpath,50,998,200,58.91
onpath,50,999,200,61.89
onpath,50,1000,200,90.07
onpath,50,1001,200,86.46
onpath,50,1002,200,91.01
onpath,50,1003,200,68.25
onpath,50,1004,200,56.62
onpath,50,1005,200,89.05
onpath,50,1006,200,60.41
onpath,50,1007,200,62.78
onpath,50,1008,200,63.49
onpath,50,1009,200,53.53
onpath,50,1010,200,64.26
onpath,50,1011,200,54.81
onpath,50,1012,200,69.29
onpath,50,1013,200,65.29
onpath,50,1014,200,57.99
onpath,50,1015,200,95.17
onpath,50,1016,200,79.96
onpath,50,1017,200,61.85
onpath,50,1018,200,67.33
onpath,50,1019,200,92.57
onpath,50,1020,200,72.90
onpath,50,1021,200,52.50
onpath,50,1022,200,66.30
onpath,50,1023,200,96.50
onpath,50,1024,200,100.68
onpath,50,1025,200,90.41
onpath,50,1026,200,59.52
onpath,50,1027,200,74.14
onpath,50,1028,200,89.95
onpath,50,1029,200,75.66
onpath,50,1030,200,119.84
onpath,50,1031,200,68.97
onpath,50,1032,200,94.37
onpath,50,1033,200,69.95
onpath,50,1034,200,75.45
onpath,50,1035,200,106.90
onpath,50,1036,200,70.69
onpath,50,1037,200,77.45
onpath,50,1038,200,77.01
onpath,50,1039,200,59.99
onpath,50,1040,200,78.01
onpath,50,1041,200,81.78
onpath,50,1042,200,94.73
onpath,50,1043,200,84.24
onpath,50,1044,200,59.50
onpath,50,1045,200,57.35
onpath,50,1046,200,67.56
onpath,50,1047,200,57.33
onpath,50,1048,200,53.60
onpath,50,1049,200,71.22
onpath,50,1050,200,56.57
onpath,50,1051,200,73.82
onpath,50,1052,200,75.51
onpath,50,1053,200,61.35
onpath,50,1054,200,57.52
onpath,50,1055,200,61.50
onpath,50,1056,200,74.78
onpath,50,1057,200,68.35
onpath,50,1058,200,83.90
onpath,50,1059,200,70.59
onpath,50,1060,200,84.73
onpath,50,1061,200,42.33
onpath,50,1062,200,48.43
onpath,50,1063,200,43.45
onpath,50,1064,200,41.67
onpath,50,1065,200,48.18
onpath,50,1066,200,51.39
onpath,50,1067,200,57.49
onpath,50,1068,200,49.13
onpath,50,1069,200,98.84
onpath,50,1070,200,44.55
onpath,50,1071,200,98.93
onpath,50,1072,200,100.73
onpath,50,1073,200,60.69
onpath,50,1074,200,50.78
onpath,50,1075,200,64.68
onpath,50,1076,200,88.28
onpath,50,1077,200,56.62
onpath,50,1078,200,51.14
onpath,50,1079,200,57.60
onpath,50,1080,200,59.59
onpath,50,1081,200,61.62
onpath,50,1082,200,69.76
onpath,50,1083,200,48.06
onpath,50,1084,200,61.86
onpath,50,1085,200,59.17
onpath,50,1086,200,65.41
onpath,50,1087,200,67.51
onpath,50,1088,200,49.37
onpath,50,1089,200,70.54
onpath,50,1090,200,75.99
onpath,50,1091,200,65.21
onpath,50,1092,200,78.00
onpath,50,1093,200,54.94
onpath,50,1094,200,48.19
onpath,50,1095,200,80.54
onpath,50,1096,200,84.08
onpath,50,1097,200,64.33
onpath,50,1098,200,55.77
onpath,50,1099,200,63.70
onpath,50,1100,200,81.90
onpath,50,1101,200,82.46
onpath,50,1102,200,64.28
onpath,50,1103,200,77.32
onpath,50,1104,200,63.83
onpath,50,1105,200,58.92
onpath,50,1106,200,49.89
onpath,50,1107,200,53.35
onpath,50,1108,200,90.54
onpath,50,1109,200,91.33
onpath,50,1110,200,81.05
onpath,50,1111,200,52.97
onpath,50,1112,200,77.30
onpath,50,1113,200,68.67
onpath,50,1114,200,97.16
onpath,50,1115,200,82.66
onpath,50,1116,200,65.14
onpath,50,1117,200,60.15
onpath,50,1118,200,62.42
onpath,50,1119,200,65.54
onpath,50,1120,200,57.19
onpath,50,1121,200,60.91
onpath,50,1122,200,62.38
onpath,50,1123,200,57.26
onpath,50,1124,200,58.02
onpath,50,1125,200,58.38
onpath,50,1126,200,65.56
onpath,50,1127,200,69.53
onpath,50,1128,200,77.75
onpath,50,1129,200,51.92
onpath,50,1130,200,66.57
onpath,50,1131,200,45.72
onpath,50,1132,200,53.79
onpath,50,1133,200,47.57
onpath,50,1134,200,54.95
onpath,50,1135,200,56.31
onpath,50,1136,200,58.24
onpath,50,1137,200,39.47
onpath,50,1138,200,45.20
onpath,50,1139,200,51.45
onpath,50,1140,200,47.20
onpath,50,1141,200,47.35
onpath,50,1142,200,63.74
onpath,50,1143,200,49.41
onpath,50,1144,200,56.97
onpath,50,1145,200,45.25
onpath,50,1146,200,54.29
onpath,50,1147,200,47.30
onpath,50,1148,200,49.58
onpath,50,1149,200,49.16
onpath,50,1150,200,50.24
onpath,50,1151,200,45.15
onpath,50,1152,200,55.70
onpath,50,1153,200,50.43
onpath,50,1154,200,56.49
onpath,50,1155,200,47.76
onpath,50,1156,200,46.61
onpath,50,1157,200,60.22
onpath,50,1158,200,48.71
onpath,50,1159,200,57.91
onpath,50,1160,200,48.83
onpath,50,1161,200,50.93
onpath,50,1162,200,50.70
onpath,50,1163,200,61.22
onpath,50,1164,200,68.49
onpath,50,1165,200,64.42
onpath,50,1166,200,70.60
onpath,50,1167,200,66.44
onpath,50,1168,200,58.82
onpath,50,1169,200,70.06
onpath,50,1170,200,52.19
onpath,50,1171,200,76.35
onpath,50,1172,200,68.87
onpath,50,1173,200,74.13
onpath,50,1174,200,76.69
onpath,50,1175,200,67.10
onpath,50,1176,200,68.35
onpath,50,1177,200,82.57
onpath,50,1178,200,71.03
onpath,50,1179,200,75.36
onpath,50,1180,200,78.89
onpath,50,1181,200,86.67
onpath,50,1182,200,66.44
onpath,50,1183,200,55.67
onpath,50,1184,200,51.13
onpath,50,1185,200,79.03
onpath,50,1186,200,74.65
onpath,50,1187,200,65.55
onpath,50,1188,200,74.01
onpath,50,1189,200,68.23
onpath,50,1190,200,56.38
onpath,50,1191,200,107.36
onpath,50,1192,200,55.84
onpath,50,1193,200,90.91
onpath,50,1194,200,81.19
onpath,50,1195,200,92.39
onpath,50,1196,200,77.10
onpath,50,1197,200,97.56
onpath,50,1198,200,70.98
onpath,50,1199,200,84.32
onpath,50,1200,200,84.10
onpath,50,1201,200,91.15
onpath,50,1202,200,97.45
onpath,50,1203,200,50.79
onpath,50,1204,200,71.69
onpath,50,1205,200,62.30
onpath,50,1206,200,95.30
onpath,50,1207,200,80.33
onpath,50,1208,200,51.73
onpath,50,1209,200,62.52
onpath,50,1210,200,53.39
onpath,50,1211,200,54.68
onpath,50,1212,200,65.17
onpath,50,1213,200,69.18
onpath,50,1214,200,63.34
onpath,50,1215,200,55.06
onpath,50,1216,200,39.78
onpath,50,1217,200,94.43
onpath,50,1218,200,54.40
onpath,50,1219,200,65.22
onpath,50,1220,200,76.49
onpath,50,1221,200,65.79
onpath,50,1222,200,62.64
onpath,50,1223,200,72.92
onpath,50,1224,200,48.38
onpath,50,1225,200,56.91
onpath,50,1226,200,51.10
onpath,50,1227,200,49.81
onpath,50,1228,200,59.19
onpath,50,1229,200,49.69
onpath,50,1230,200,72.99
onpath,50,1231,200,63.26
onpath,50,1232,200,72.70
onpath,50,1233,200,63.46
onpath,50,1234,200,71.91
onpath,50,1235,200,73.62
onpath,50,1236,200,67.10
onpath,50,1237,200,73.78
onpath,50,1238,200,66.63
onpath,50,1239,200,57.33
onpath,50,1240,200,68.33
onpath,50,1241,200,64.47
onpath,50,1242,200,93.90
onpath,50,1243,200,71.88
onpath,50,1244,200,72.95
onpath,50,1245,200,85.10
onpath,50,1246,200,83.16
onpath,50,1247,200,86.08
onpath,50,1248,200,88.14
onpath,50,1249,200,85.32
onpath,50,1250,200,90.28
onpath,50,1251,200,82.99
onpath,50,1252,200,82.20
onpath,50,1253,200,90.98
onpath,50,1254,200,100.43
onpath,50,1255,200,98.21
onpath,50,1256,200,81.02
onpath,50,1257,200,72.76
onpath,50,1258,200,55.91
onpath,50,1259,200,66.92
onpath,50,1260,200,96.68
onpath,50,1261,200,90.67
onpath,50,1262,200,115.36
onpath,50,1263,200,112.87
onpath,50,1264,200,116.33
onpath,50,1265,200,112.90
onpath,50,1266,200,91.02
onpath,50,1267,200,125.75
onpath,50,1268,200,75.59
onpath,50,1269,200,131.95
onpath,50,1270,200,100.11
onpath,50,1271,200,76.53
onpath,50,1272,200,77.86
onpath,50,1273,200,126.89
onpath,50,1274,200,101.24
onpath,50,1275,200,132.68
onpath,50,1276,200,91.87
onpath,50,1277,200,62.78
onpath,50,1278,200,129.41
onpath,50,1279,200,130.74
onpath,50,1280,200,106.95
onpath,50,1281,200,134.26
onpath,50,1282,200,131.41
onpath,50,1283,200,132.03
onpath,50,1284,200,81.65
onpath,50,1285,200,51.92
onpath,50,1286,200,132.17
onpath,50,1287,200,97.73
onpath,50,1288,200,92.03
onpath,50,1289,200,135.60
onpath,50,1290,200,79.53
onpath,50,1291,200,91.43
onpath,50,1292,200,75.83
onpath,50,1293,200,65.68
onpath,50,1294,200,87.49
onpath,50,1295,200,97.17
onpath,50,1296,200,76.98
onpath,50,1297,200,72.93
onpath,50,1298,200,95.33
onpath,50,1299,200,61.97
onpath,50,1300,200,58.55
onpath,50,1301,200,79.12
onpath,50,1302,200,82.87
onpath,50,1303,200,86.96
onpath,50,1304,200,72.32
onpath,50,1305,200,71.97
onpath,50,1306,200,55.53
onpath,50,1307,200,57.14
onpath,50,1308,200,88.55
onpath,50,1309,200,61.92
onpath,50,1310,200,86.03
onpath,50,1311,200,59.09
onpath,50,1312,200,73.57
onpath,50,1313,200,95.84
onpath,50,1314,200,60.04
onpath,50,1315,200,82.90
onpath,50,1316,200,96.95
onpath,50,1317,200,71.26
onpath,50,1318,200,76.16
onpath,50,1319,200,79.41
onpath,50,1320,200,76.42
onpath,50,1321,200,76.16
onpath,50,1322,200,78.52
onpath,50,1323,200,79.31
onpath,50,1324,200,78.77
onpath,50,1325,200,54.18
onpath,50,1326,200,73.16
onpath,50,1327,200,88.12
onpath,50,1328,200,91.03
onpath,50,1329,200,92.98
onpath,50,1330,200,107.15
onpath,50,1331,200,93.76
onpath,50,1332,200,92.20
onpath,50,1333,200,83.34
onpath,50,1334,200,72.27
onpath,50,1335,200,93.10
onpath,50,1336,200,69.97
onpath,50,1337,200,113.18
onpath,50,1338,200,89.65
onpath,50,1339,200,117.28
onpath,50,1340,200,87.77
onpath,50,1341,200,118.18
onpath,50,1342,200,101.61
onpath,50,1343,200,135.17
onpath,50,1344,200,80.58
onpath,50,1345,200,103.70
onpath,50,1346,200,85.14
onpath,50,1347,200,94.54
onpath,50,1348,200,94.65
onpath,50,1349,200,87.18
onpath,50,1350,200,87.64
onpath,50,1351,200,88.33
onpath,50,1352,200,71.05
onpath,50,1353,200,131.78
onpath,50,1354,200,89.24
onpath,50,1355,200,111.28
onpath,50,1356,200,123.57
onpath,50,1357,200,134.10
onpath,50,1358,200,129.78
onpath,50,1359,200,72.16
onpath,50,1360,200,83.63
onpath,50,1361,200,63.16
onpath,50,1362,200,130.83
onpath,50,1363,200,72.61
onpath,50,1364,200,75.93
onpath,50,1365,200,60.19
onpath,50,1366,200,51.33
onpath,50,1367,200,75.97
onpath,50,1368,200,54.65
onpath,50,1369,200,55.47
onpath,50,1370,200,64.47
onpath,50,1371,200,54.94
onpath,50,1372,200,43.72
onpath,50,1373,200,48.57
onpath,50,1374,200,48.06
onpath,50,1375,200,61.71
onpath,50,1376,200,69.70
onpath,50,1377,200,41.31
onpath,50,1378,200,62.43
onpath,50,1379,200,40.69
onpath,50,1380,200,81.83
onpath,50,1381,200,45.69
onpath,50,1382,200,44.48
onpath,50,1383,200,75.89
onpath,50,1384,200,87.45
onpath,50,1385,200,75.69
onpath,50,1386,200,73.47
onpath,50,1387,200,80.35
onpath,50,1388,200,58.98
onpath,50,1389,200,58.64
onpath,50,1390,200,59.87
onpath,50,1391,200,61.12
onpath,50,1392,200,54.82
onpath,50,1393,200,94.52
onpath,50,1394,200,62.14
onpath,50,1395,200,59.12
onpath,50,1396,200,77.74
onpath,50,1397,200,65.42
onpath,50,1398,200,71.73
onpath,50,1399,200,70.97
onpath,50,1400,200,66.16
onpath,50,1401,200,77.04
onpath,50,1402,200,76.76
onpath,50,1403,200,75.36
onpath,50,1404,200,78.22
onpath,50,1405,200,46.53
onpath,50,1406,200,89.79
onpath,50,1407,200,79.90
onpath,50,1408,200,41.10
onpath,50,1409,200,78.74
onpath,50,1410,200,78.11
onpath,50,1411,200,81.45
onpath,50,1412,200,77.72
onpath,50,1413,200,54.29
onpath,50,1414,200,72.20
onpath,50,1415,200,79.45
onpath,50,1416,200,77.83
onpath,50,1417,200,80.53
onpath,50,1418,200,84.77
onpath,50,1419,200,58.97
onpath,50,1420,200,93.70
onpath,50,1421,200,65.45
onpath,50,1422,200,50.02
onpath,50,1423,200,83.70
onpath,50,1424,200,103.68
onpath,50,1425,200,88.52
onpath,50,1426,200,88.19
onpath,50,1427,200,45.70
onpath,50,1428,200,52.31
onpath,50,1429,200,87.35
onpath,50,1430,200,81.97
onpath,50,1431,200,58.49
onpath,50,1432,200,98.45
onpath,50,1433,200,101.43
onpath,50,1434,200,102.74
onpath,50,1435,200,82.07
onpath,50,1436,200,55.26
onpath,50,1437,200,62.55
onpath,50,1438,200,56.59
onpath,50,1439,200,62.18
onpath,50,1440,200,66.51
onpath,50,1441,200,50.82
onpath,50,1442,200,58.76
onpath,50,1443,200,43.87
onpath,50,1444,200,46.05
onpath,50,1445,200,73.51
onpath,50,1446,200,48.67
onpath,50,1447,200,66.69
onpath,50,1448,200,68.38
onpath,50,1449,200,52.86
onpath,50,1450,200,38.63
onpath,50,1451,200,54.25
onpath,50,1452,200,55.05
onpath,50,1453,200,57.96
onpath,50,1454,200,67.67
onpath,50,1455,200,60.74
onpath,50,1456,200,55.00
onpath,50,1457,200,67.72
onpath,50,1458,200,55.83
onpath,50,1459,200,57.96
onpath,50,1460,200,57.25
onpath,50,1461,200,63.50
onpath,50,1462,200,40.62
onpath,50,1463,200,64.68
onpath,50,1464,200,66.66
onpath,50,1465,200,55.80
onpath,50,1466,200,59.13
onpath,50,1467,200,44.59
onpath,50,1468,200,71.83
onpath,50,1469,200,95.57
onpath,50,1470,200,68.37
onpath,50,1471,200,72.80
onpath,50,1472,200,60.63
onpath,50,1473,200,63.62
onpath,50,1474,200,48.06
onpath,50,1475,200,63.18
onpath,50,1476,200,67.15
onpath,50,1477,200,49.53
onpath,50,1478,200,67.84
onpath,50,1479,200,73.24
onpath,50,1480,200,94.63
onpath,50,1481,200,103.22
onpath,50,1482,200,81.42
onpath,50,1483,200,56.64
onpath,50,1484,200,70.96
onpath,50,1485,200,53.97
onpath,50,1486,200,57.74
onpath,50,1487,200,89.54
onpath,50,1488,200,83.16
onpath,50,1489,200,51.30
onpath,50,1490,200,44.51
onpath,50,1491,200,66.33
onpath,50,1492,200,50.09
onpath,50,1493,200,44.57
onpath,50,1494,200,43.22
onpath,50,1495,200,56.75
onpath,50,1496,200,54.68
onpath,50,1497,200,61.98
onpath,50,1498,200,46.13
onpath,50,1499,200,62.16
onpath,50,1500,200,48.34
onpath,50,1501,200,63.60
onpath,50,1502,200,44.00
onpath,50,1503,200,43.89
onpath,50,1504,200,51.11
onpath,50,1505,200,59.08
onpath,50,1506,200,49.71
onpath,50,1507,200,49.14
onpath,50,1508,200,49.69
onpath,50,1509,200,48.74
onpath,50,1510,200,51.97
onpath,50,1511,200,53.57
onpath,50,1512,200,48.48
onpath,50,1513,200,56.19
onpath,50,1514,200,73.88
onpath,50,1515,200,63.72
onpath,50,1516,200,67.98
onpath,50,1517,200,54.55
onpath,50,1518,200,54.56
onpath,50,1519,200,56.38
onpath,50,1520,200,71.09
onpath,50,1521,200,57.24
onpath,50,1522,200,59.84
onpath,50,1523,200,58.14
onpath,50,1524,200,68.38
onpath,50,1525,200,45.40
onpath,50,1526,200,67.31
onpath,50,1527,200,43.62
onpath,50,1528,200,48.98
onpath,50,1529,200,48.59
onpath,50,1530,200,63.96
onpath,50,1531,200,70.88
onpath,50,1532,200,65.38
onpath,50,1533,200,64.85
onpath,50,1534,200,71.28
onpath,50,1535,200,72.59
onpath,50,1536,200,89.34
onpath,50,1537,200,76.80
onpath,50,1538,200,54.61
onpath,50,1539,200,54.54
onpath,50,1540,200,64.00
onpath,50,1541,200,52.23
onpath,50,1542,200,60.84
onpath,50,1543,200,98.15
onpath,50,1544,200,68.42
onpath,50,1545,200,59.31
onpath,50,1546,200,90.52
onpath,50,1547,200,60.26
onpath,50,1548,200,62.71
onpath,50,1549,200,50.94
onpath,50,1550,200,66.26
onpath,50,1551,200,61.21
onpath,50,1552,200,57.70
onpath,50,1553,200,62.45
onpath,50,1554,200,63.24
onpath,50,1555,200,42.74
onpath,50,1556,200,65.27
onpath,50,1557,200,54.28
onpath,50,1558,200,58.56
onpath,50,1559,200,44.61
onpath,50,1560,200,52.53
onpath,50,1561,200,45.71
onpath,50,1562,200,41.77
onpath,50,1563,200,52.96
onpath,50,1564,200,66.98
onpath,50,1565,200,72.66
onpath,50,1566,200,40.75
onpath,50,1567,200,61.09
onpath,50,1568,200,56.93
onpath,50,1569,200,59.85
onpath,50,1570,200,52.22
onpath,50,1571,200,62.42
onpath,50,1572,200,61.34
onpath,50,1573,200,62.79
onpath,50,1574,200,69.51
onpath,50,1575,200,60.93
onpath,50,1576,200,61.50
onpath,50,1577,200,74.75
onpath,50,1578,200,63.67
onpath,50,1579,200,56.32
onpath,50,1580,200,57.76
onpath,50,1581,200,82.86
onpath,50,1582,200,66.64
onpath,50,1583,200,66.11
onpath,50,1584,200,63.54
onpath,50,1585,200,74.54
onpath,50,1586,200,58.15
onpath,50,1587,200,59.97
onpath,50,1588,200,77.27
onpath,50,1589,200,85.67
onpath,50,1590,200,64.75
onpath,50,1591,200,58.88
onpath,50,1592,200,91.34
onpath,50,1593,200,82.53
onpath,50,1594,200,83.73
onpath,50,1595,200,60.23
onpath,50,1596,200,61.62
onpath,50,1597,200,62.26
onpath,50,1598,200,64.11
onpath,50,1599,200,46.02
onpath,50,1600,200,64.25
onpath,50,1601,200,78.98
onpath,50,1602,200,61.68
onpath,50,1603,200,65.86
onpath,50,1604,200,49.08
onpath,50,1605,200,66.14
onpath,50,1606,200,64.10
onpath,50,1607,200,71.09
onpath,50,1608,200,66.98
onpath,50,1609,200,54.10
onpath,50,1610,200,81.05
onpath,50,1611,200,80.70
onpath,50,1612,200,83.68
onpath,50,1613,200,82.67
onpath,50,1614,200,83.26
onpath,50,1615,200,82.54
onpath,50,1616,200,70.15
onpath,50,1617,200,51.58
onpath,50,1618,200,57.84
onpath,50,1619,200,59.54
onpath,50,1620,200,85.21
onpath,50,1621,200,63.38
onpath,50,1622,200,57.12
onpath,50,1623,200,67.94
onpath,50,1624,200,63.99
onpath,50,1625,200,53.68
onpath,50,1626,200,63.84
onpath,50,1627,200,65.15
onpath,50,1628,200,50.42
onpath,50,1629,200,61.01
onpath,50,1630,200,89.77
onpath,50,1631,200,67.78
onpath,50,1632,200,68.02
onpath,50,1633,200,68.35
onpath,50,1634,200,47.80
onpath,50,1635,200,58.00
onpath,50,1636,200,43.87
onpath,50,1637,200,39.54
onpath,50,1638,200,52.85
onpath,50,1639,200,72.64
onpath,50,1640,200,52.19
onpath,50,1641,200,45.39
onpath,50,1642,200,52.79
onpath,50,1643,200,54.08
onpath,50,1644,200,53.59
onpath,50,1645,200,79.99
onpath,50,1646,200,55.11
onpath,50,1647,200,56.19
onpath,50,1648,200,60.29
onpath,50,1649,200,53.26
onpath,50,1650,200,58.03
onpath,50,1651,200,56.56
onpath,50,1652,200,59.40
onpath,50,1653,200,42.13
onpath,50,1654,200,61.82
onpath,50,1655,200,70.66
onpath,50,1656,200,70.33
onpath,50,1657,200,78.92
onpath,50,1658,200,48.73
onpath,50,1659,200,54.85
onpath,50,1660,200,74.72
onpath,50,1661,200,48.10
onpath,50,1662,200,58.85
onpath,50,1663,200,60.70
onpath,50,1664,200,54.11
onpath,50,1665,200,59.51
onpath,50,1666,200,60.14
onpath,50,1667,200,65.66
onpath,50,1668,200,61.95
onpath,50,1669,200,65.30
onpath,50,1670,200,68.83
onpath,50,1671,200,63.21
onpath,50,1672,200,53.98
onpath,50,1673,200,51.35
onpath,50,1674,200,72.12
onpath,50,1675,200,64.29
onpath,50,1676,200,89.66
onpath,50,1677,200,70.34
onpath,50,1678,200,48.48
onpath,50,1679,200,58.59
onpath,50,1680,200,80.08
onpath,50,1681,200,53.59
onpath,50,1682,200,62.22
onpath,50,1683,200,40.66
onpath,50,1684,200,65.75
onpath,50,1685,200,77.62
onpath,50,1686,200,57.67
onpath,50,1687,200,58.33
onpath,50,1688,200,78.59
onpath,50,1689,200,53.64
onpath,50,1690,200,55.85
onpath,50,1691,200,82.42
onpath,50,1692,200,47.26
onpath,50,1693,200,69.09
onpath,50,1694,200,75.08
onpath,50,1695,200,71.67
onpath,50,1696,200,44.65
onpath,50,1697,200,66.20
onpath,50,1698,200,88.02
onpath,50,1699,200,36.91
onpath,50,1700,200,61.46
onpath,50,1701,200,41.68
onpath,50,1702,200,74.90
onpath,50,1703,200,87.03
onpath,50,1704,200,53.83
onpath,50,1705,200,66.34
onpath,50,1706,200,35.59
onpath,50,1707,200,48.38
onpath,50,1708,200,43.61
onpath,50,1709,200,48.26
onpath,50,1710,200,49.51
onpath,50,1711,200,55.18
onpath,50,1712,200,105.74
onpath,50,1713,200,42.15
onpath,50,1714,200,56.37
onpath,50,1715,200,72.69
onpath,50,1716,200,58.83
onpath,50,1717,200,55.32
onpath,50,1718,200,68.47
onpath,50,1719,200,57.51
onpath,50,1720,200,47.68
onpath,50,1721,200,51.14
onpath,50,1722,200,53.70
onpath,50,1723,200,53.66
onpath,50,1724,200,44.95
onpath,50,1725,200,51.62
onpath,50,1726,200,48.68
onpath,50,1727,200,55.28
onpath,50,1728,200,46.54
onpath,50,1729,200,72.09
onpath,50,1730,200,62.92
onpath,50,1731,200,58.59
onpath,50,1732,200,48.75
onpath,50,1733,200,80.30
onpath,50,1734,200,57.14
onpath,50,1735,200,52.91
onpath,50,1736,200,70.49
onpath,50,1737,200,62.50
onpath,50,1738,200,60.60
onpath,50,1739,200,54.33
onpath,50,1740,200,67.43
onpath,50,1741,200,39.46
onpath,50,1742,200,51.42
onpath,50,1743,200,52.28
onpath,50,1744,200,82.61
onpath,50,1745,200,80.39
onpath,50,1746,200,63.18
onpath,50,1747,200,61.96
onpath,50,1748,200,56.10
onpath,50,1749,200,86.32
onpath,50,1750,200,51.38
onpath,50,1751,200,59.62
onpath,50,1752,200,51.61
onpath,50,1753,200,81.12
onpath,50,1754,200,76.27
onpath,50,1755,200,37.20
onpath,50,1756,200,38.62
onpath,50,1757,200,61.47
onpath,50,1758,200,44.81
onpath,50,1759,200,43.27
onpath,50,1760,200,84.20
onpath,50,1761,200,64.40
onpath,50,1762,200,99.23
onpath,50,1763,200,92.01
onpath,50,1764,200,93.44
onpath,50,1765,200,91.30
onpath,50,1766,200,81.74
onpath,50,1767,200,98.37
onpath,50,1768,200,82.67
onpath,50,1769,200,78.17
onpath,50,1770,200,85.88
onpath,50,1771,200,67.47
onpath,50,1772,200,98.97
onpath,50,1773,200,104.09
onpath,50,1774,200,99.54
onpath,50,1775,200,67.66
onpath,50,1776,200,79.82
onpath,50,1777,200,62.34
onpath,50,1778,200,58.25
onpath,50,1779,200,82.41
onpath,50,1780,200,40.85
onpath,50,1781,200,104.82
onpath,50,1782,200,61.00
onpath,50,1783,200,60.79
onpath,50,1784,200,42.52
onpath,50,1785,200,62.24
onpath,50,1786,200,43.58
onpath,50,1787,200,42.59
onpath,50,1788,200,65.57
onpath,50,1789,200,44.61
onpath,50,1790,200,43.75
onpath,50,1791,200,35.50
onpath,50,1792,200,35.32
onpath,50,1793,200,42.93
onpath,50,1794,200,44.51
onpath,50,1795,200,49.08
onpath,50,1796,200,31.90
onpath,50,1797,200,35.20
onpath,50,1798,200,55.10
onpath,50,1799,200,59.29
onpath,50,1800,200,58.76
onpath,50,1801,200,55.64
onpath,50,1802,200,46.44
onpath,50,1803,200,55.75
onpath,50,1804,200,43.44
onpath,50,1805,200,55.19
onpath,50,1806,200,63.71
onpath,50,1807,200,61.87
onpath,50,1808,200,66.72
onpath,50,1809,200,54.07
onpath,50,1810,200,53.29
onpath,50,1811,200,62.32
onpath,50,1812,200,64.23
onpath,50,1813,200,62.71
onpath,50,1814,200,45.39
onpath,50,1815,200,54.33
onpath,50,1816,200,50.03
onpath,50,1817,200,69.66
onpath,50,1818,200,53.45
onpath,50,1819,200,55.39
onpath,50,1820,200,56.31
onpath,50,1821,200,56.87
onpath,50,1822,200,63.66
onpath,50,1823,200,60.01
onpath,50,1824,200,60.76
onpath,50,1825,200,60.43
onpath,50,1826,200,68.55
onpath,50,1827,200,61.00
onpath,50,1828,200,59.18
onpath,50,1829,200,62.10
onpath,50,1830,200,64.45
onpath,50,1831,200,35.84
onpath,50,1832,200,71.88
onpath,50,1833,200,71.25
onpath,50,1834,200,71.59
onpath,50,1835,200,61.26
onpath,50,1836,200,41.60
onpath,50,1837,200,76.89
onpath,50,1838,200,75.84
onpath,50,1839,200,78.71
onpath,50,1840,200,78.22
onpath,50,1841,200,79.20
onpath,50,1842,200,47.79
onpath,50,1843,200,79.48
onpath,50,1844,200,81.16
onpath,50,1845,200,51.14
onpath,50,1846,200,74.83
onpath,50,1847,200,70.71
onpath,50,1848,200,60.73
onpath,50,1849,200,68.09
onpath,50,1850,200,71.03
onpath,50,1851,200,64.37
onpath,50,1852,200,104.57
onpath,50,1853,200,65.18
onpath,50,1854,200,52.51
onpath,50,1855,200,70.59
onpath,50,1856,200,81.76
onpath,50,1857,200,69.17
onpath,50,1858,200,76.44
onpath,50,1859,200,87.13
onpath,50,1860,200,78.46
onpath,50,1861,200,67.84
onpath,50,1862,200,63.45
onpath,50,1863,200,69.65
onpath,50,1864,200,83.46
onpath,50,1865,200,84.13
onpath,50,1866,200,83.39
onpath,50,1867,200,56.59
onpath,50,1868,200,58.77
onpath,50,1869,200,86.80
onpath,50,1870,200,79.99
onpath,50,1871,200,87.29
onpath,50,1872,200,75.35
onpath,50,1873,200,58.56
onpath,50,1874,200,101.11
onpath,50,1875,200,101.90
onpath,50,1876,200,73.34
onpath,50,1877,200,91.20
onpath,50,1878,200,89.18
onpath,50,1879,200,109.45
onpath,50,1880,200,85.84
onpath,50,1881,200,81.61
onpath,50,1882,200,81.03
onpath,50,1883,200,76.95
onpath,50,1884,200,98.48
onpath,50,1885,200,77.41
onpath,50,1886,200,95.43
onpath,50,1887,200,73.67
onpath,50,1888,200,73.82
onpath,50,1889,200,74.64
onpath,50,1890,200,75.63
onpath,50,1891,200,71.68
onpath,50,1892,200,96.46
onpath,50,1893,200,96.67
onpath,50,1894,200,59.89
onpath,50,1895,200,78.36
onpath,50,1896,200,79.12
onpath,50,1897,200,37.61
onpath,50,1898,200,42.44
onpath,50,1899,200,54.47
onpath,50,1900,200,72.41
onpath,50,1901,200,48.31
onpath,50,1902,200,47.91
onpath,50,1903,200,65.20
onpath,50,1904,200,45.20
onpath,50,1905,200,66.50
onpath,50,1906,200,63.06
onpath,50,1907,200,50.34
onpath,50,1908,200,40.49
onpath,50,1909,200,44.64
onpath,50,1910,200,55.72
onpath,50,1911,200,45.32
onpath,50,1912,200,53.60
onpath,50,1913,200,46.66
onpath,50,1914,200,70.86
onpath,50,1915,200,82.49
onpath,50,1916,200,57.71
onpath,50,1917,200,77.34
onpath,50,1918,200,76.35
onpath,50,1919,200,81.09
onpath,50,1920,200,73.79
onpath,50,1921,200,79.92
onpath,50,1922,200,58.19
onpath,50,1923,200,66.52
onpath,50,1924,200,75.54
onpath,50,1925,200,77.28
onpath,50,1926,200,60.58
onpath,50,1927,200,87.73
onpath,50,1928,200,57.77
onpath,50,1929,200,61.49
onpath,50,1930,200,65.12
onpath,50,1931,200,68.42
onpath,50,1932,200,64.95
onpath,50,1933,200,66.96
onpath,50,1934,200,67.10
onpath,50,1935,200,75.67
onpath,50,1936,200,59.83
onpath,50,1937,200,64.99
onpath,50,1938,200,68.55
onpath,50,1939,200,75.26
onpath,50,1940,200,69.46
onpath,50,1941,200,76.29
onpath,50,1942,200,75.46
onpath,50,1943,200,77.67
onpath,50,1944,200,78.24
onpath,50,1945,200,79.66
onpath,50,1946,200,58.84
onpath,50,1947,200,85.25
onpath,50,1948,200,85.12
onpath,50,1949,200,84.98
onpath,50,1950,200,43.04
onpath,50,1951,200,76.88
onpath,50,1952,200,63.62
onpath,50,1953,200,85.28
onpath,50,1954,200,82.64
onpath,50,1955,200,84.07
onpath,50,1956,200,37.70
onpath,50,1957,200,95.66
onpath,50,1958,200,87.79
onpath,50,1959,200,87.71
onpath,50,1960,200,98.77
onpath,50,1961,200,89.71
onpath,50,1962,200,88.52
onpath,50,1963,200,93.22
onpath,50,1964,200,57.55
onpath,50,1965,200,95.11
onpath,50,1966,200,87.58
onpath,50,1967,200,44.06
onpath,50,1968,200,42.48
onpath,50,1969,200,46.12
onpath,50,1970,200,55.03
onpath,50,1971,200,51.50
onpath,50,1972,200,45.68
onpath,50,1973,200,45.18
onpath,50,1974,200,50.78
onpath,50,1975,200,47.12
onpath,50,1976,200,44.37
onpath,50,1977,200,45.34
onpath,50,1978,200,47.70
onpath,50,1979,200,33.36
onpath,50,1980,200,40.71
onpath,50,1981,200,42.16
onpath,50,1982,200,36.70
onpath,50,1983,200,43.27
onpath,50,1984,200,42.07
onpath,50,1985,200,37.65
onpath,50,1986,200,36.17
onpath,50,1987,200,36.62
onpath,50,1988,200,45.98
onpath,50,1989,200,37.27
onpath,50,1990,200,38.56
onpath,50,1991,200,30.72
onpath,50,1992,200,25.61
onpath,50,1993,200,40.35
onpath,50,1994,200,31.33
onpath,50,1995,200,37.36
onpath,50,1996,200,34.37
onpath,50,1997,200,56.53
onpath,50,1998,200,26.24
onpath,50,1999,200,27.18
onpath,100,0,200,105.08
onpath,100,1,200,120.99
onpath,100,2,200,121.49
onpath,100,3,200,119.41
onpath,100,4,200,126.40
onpath,100,5,200,127.95
onpath,100,6,200,127.61
onpath,100,7,200,145.02
onpath,100,8,200,147.77
onpath,100,9,200,148.13
onpath,100,10,200,150.38
onpath,100,11,200,151.37
onpath,100,12,200,154.35
onpath,100,13,200,155.35
onpath,100,14,200,150.81
onpath,100,15,200,151.04
onpath,100,16,200,157.85
onpath,100,17,200,161.82
onpath,100,18,200,162.11
onpath,100,19,200,162.52
onpath,100,20,200,160.95
onpath,100,21,200,162.44
onpath,100,22,200,167.54
onpath,100,23,200,167.15
onpath,100,24,200,57.78
onpath,100,25,200,167.20
onpath,100,26,200,168.59
onpath,100,27,200,164.18
onpath,100,28,200,163.77
onpath,100,29,200,167.32
onpath,100,30,200,169.85
onpath,100,31,200,170.61
onpath,100,32,200,167.36
onpath,100,33,200,168.20
onpath,100,34,200,171.15
onpath,100,35,200,166.25
onpath,100,36,200,171.54
onpath,100,37,200,171.35
onpath,100,38,200,172.21
onpath,100,39,200,166.62
onpath,100,40,200,171.50
onpath,100,41,200,169.51
onpath,100,42,200,171.66
onpath,100,43,200,173.00
onpath,100,44,200,167.35
onpath,100,45,200,173.16
onpath,100,46,200,173.63
onpath,100,47,200,170.74
onpath,100,48,200,173.69
onpath,100,49,200,174.11
onpath,100,50,200,168.38
onpath,100,51,200,52.50
onpath,100,52,200,171.10
onpath,100,53,200,174.71
onpath,100,54,200,46.59
onpath,100,55,200,174.90
onpath,100,56,200,171.39
onpath,100,57,200,175.02
onpath,100,58,200,172.77
onpath,100,59,200,171.69
onpath,100,60,200,175.72
onpath,100,61,200,175.74
onpath,100,62,200,173.54
onpath,100,63,200,175.74
onpath,100,64,200,176.16
onpath,100,65,200,176.26
onpath,100,66,200,173.38
onpath,100,67,200,174.13
onpath,100,68,200,183.07
onpath,100,69,200,181.63
onpath,100,70,200,186.79
onpath,100,71,200,193.64
onpath,100,72,200,195.82
onpath,100,73,200,195.42
onpath,100,74,200,196.96
onpath,100,75,200,197.33
onpath,100,76,200,41.92
onpath,100,77,200,46.79
onpath,100,78,200,54.80
onpath,100,79,200,50.46
onpath,100,80,200,207.67
onpath,100,81,200,49.89
onpath,100,82,200,61.31
onpath,100,83,200,209.81
onpath,100,84,200,209.92
onpath,100,85,200,53.95
onpath,100,86,200,210.45
onpath,100,87,200,211.11
onpath,100,88,200,61.24
onpath,100,89,200,211.03
onpath,100,90,200,56.59
onpath,100,91,200,212.95
onpath,100,92,200,214.02
onpath,100,93,200,51.68
onpath,100,94,200,52.44
onpath,100,95,200,215.83
onpath,100,96,200,215.17
onpath,100,97,200,220.31
onpath,100,98,200,216.03
onpath,100,99,200,228.55
onpath,100,100,200,225.79
onpath,100,101,200,60.25
onpath,100,102,200,63.23
onpath,100,103,200,55.57
onpath,100,104,200,233.49
onpath,100,105,200,245.64
onpath,100,106,200,76.43
onpath,100,107,200,246.72
onpath,100,108,200,130.58
onpath,100,109,200,79.52
onpath,100,110,200,85.01
onpath,100,111,200,80.56
onpath,100,112,200,87.16
onpath,100,113,200,61.30
onpath,100,114,200,84.84
onpath,100,115,200,73.51
onpath,100,116,200,88.80
onpath,100,117,200,83.98
onpath,100,118,200,87.03
onpath,100,119,200,134.02
onpath,100,120,200,91.45
onpath,100,121,200,261.05
onpath,100,122,200,261.48
onpath,100,123,200,261.10
onpath,100,124,200,261.67
onpath,100,125,200,86.43
onpath,100,126,200,257.27
onpath,100,127,200,89.18
onpath,100,128,200,94.26
onpath,100,129,200,264.34
onpath,100,130,200,263.33
onpath,100,131,200,268.84
onpath,100,132,200,269.12
onpath,100,133,200,268.14
onpath,100,134,200,95.35
onpath,100,135,200,102.74
onpath,100,136,200,100.35
onpath,100,137,200,146.29
onpath,100,138,200,102.29
onpath,100,139,200,106.50
onpath,100,140,200,100.50
onpath,100,141,200,152.22
onpath,100,142,200,105.06
onpath,100,143,200,108.95
onpath,100,144,200,122.58
onpath,100,145,200,113.30
onpath,100,146,200,112.23
onpath,100,147,200,113.75
onpath,100,148,200,105.41
onpath,100,149,200,122.66
onpath,100,150,200,152.15
onpath,100,151,200,126.07
onpath,100,152,200,104.11
onpath,100,153,200,80.43
onpath,100,154,200,126.99
onpath,100,155,200,140.89
onpath,100,156,200,130.52
onpath,100,157,200,124.56
onpath,100,158,200,100.31
onpath,100,159,200,127.27
onpath,100,160,200,141.23
onpath,100,161,200,151.72
onpath,100,162,200,69.26
onpath,100,163,200,119.24
onpath,100,164,200,146.95
onpath,100,165,200,105.19
onpath,100,166,200,143.98
onpath,100,167,200,150.74
onpath,100,168,200,128.67
onpath,100,169,200,149.76
onpath,100,170,200,152.90
onpath,100,171,200,128.87
onpath,100,172,200,113.09
onpath,100,173,200,158.36
onpath,100,174,200,105.23
onpath,100,175,200,96.66
onpath,100,176,200,97.27
onpath,100,177,200,134.52
onpath,100,178,200,133.92
onpath,100,179,200,93.86
onpath,100,180,200,156.92
onpath,100,181,200,123.87
onpath,100,182,200,99.73
onpath,100,183,200,116.39
onpath,100,184,200,70.61
onpath,100,185,200,118.33
onpath,100,186,200,122.11
onpath,100,187,200,125.12
onpath,100,188,200,158.58
onpath,100,189,200,122.06
onpath,100,190,200,127.53
onpath,100,191,200,166.15
onpath,100,192,200,160.77
onpath,100,193,200,125.20
onpath,100,194,200,75.33
onpath,100,195,200,124.98
onpath,100,196,200,69.35
onpath,100,197,200,184.04
onpath,100,198,200,112.98
onpath,100,199,200,189.21
onpath,100,200,200,107.86
onpath,100,201,200,151.79
onpath,100,202,200,164.31
onpath,100,203,200,199.68
onpath,100,204,200,164.39
onpath,100,205,200,119.08
onpath,100,206,200,162.23
onpath,100,207,200,153.52
onpath,100,208,200,123.71
onpath,100,209,200,132.72
onpath,100,210,200,110.27
onpath,100,211,200,84.18
onpath,100,212,200,133.12
onpath,100,213,200,176.36
onpath,100,214,200,124.71
onpath,100,215,200,102.94
onpath,100,216,200,93.36
onpath,100,217,200,130.31
onpath,100,218,200,147.09
onpath,100,219,200,138.16
onpath,100,220,200,192.36
onpath,100,221,200,138.36
onpath,100,222,200,102.81
onpath,100,223,200,142.12
onpath,100,224,200,120.79
onpath,100,225,200,92.18
onpath,100,226,200,145.84
onpath,100,227,200,136.40
onpath,100,228,200,136.88
onpath,100,229,200,98.82
onpath,100,230,200,120.87
onpath,100,231,200,108.46
onpath,100,232,200,145.15
onpath,100,233,200,175.06
onpath,100,234,200,159.19
onpath,100,235,200,147.63
onpath,100,236,200,130.53
onpath,100,237,200,138.44
onpath,100,238,200,147.63
onpath,100,239,200,154.30
onpath,100,240,200,130.97
onpath,100,241,200,102.26
onpath,100,242,200,203.26
onpath,100,243,200,101.37
onpath,100,244,200,166.78
onpath,100,245,200,116.44
onpath,100,246,200,108.41
onpath,100,247,200,147.72
onpath,100,248,200,153.94
onpath,100,249,200,127.11
onpath,100,250,200,157.71
onpath,100,251,200,112.82
onpath,100,252,200,156.96
onpath,100,253,200,167.93
onpath,100,254,200,115.07
onpath,100,255,200,186.50
onpath,100,256,200,172.33
onpath,100,257,200,144.15
onpath,100,258,200,172.30
onpath,100,259,200,116.78
onpath,100,260,200,120.65
onpath,100,261,200,107.41
onpath,100,262,200,115.91
onpath,100,263,200,116.87
onpath,100,264,200,122.08
onpath,100,265,200,194.87
onpath,100,266,200,184.84
onpath,100,267,200,190.97
onpath,100,268,200,138.91
onpath,100,269,200,95.25
onpath,100,270,200,128.62
onpath,100,271,200,123.16
onpath,100,272,200,126.57
onpath,100,273,200,198.52
onpath,100,274,200,137.10
onpath,100,275,200,148.00
onpath,100,276,200,139.31
onpath,100,277,200,144.05
onpath,100,278,200,132.24
onpath,100,279,200,129.76
onpath,100,280,200,138.52
onpath,100,281,200,143.47
onpath,100,282,200,137.94
onpath,100,283,200,170.50
onpath,100,284,200,146.97
onpath,100,285,200,114.02
onpath,100,286,200,150.31
onpath,100,287,200,183.31
onpath,100,288,200,149.15
onpath,100,289,200,110.60
onpath,100,290,200,209.70
onpath,100,291,200,91.02
onpath,100,292,200,101.93
onpath,100,293,200,129.49
onpath,100,294,200,154.86
onpath,100,295,200,131.00
onpath,100,296,200,177.46
onpath,100,297,200,198.57
onpath,100,298,200,193.53
onpath,100,299,200,107.97
onpath,100,300,200,127.41
onpath,100,301,200,200.18
onpath,100,302,200,143.20
onpath,100,303,200,147.44
onpath,100,304,200,146.85
onpath,100,305,200,136.89
onpath,100,306,200,150.17
onpath,100,307,200,138.53
onpath,100,308,200,166.50
onpath,100,309,200,161.67
onpath,100,310,200,220.48
onpath,100,311,200,225.27
onpath,100,312,200,148.58
onpath,100,313,200,147.11
onpath,100,314,200,225.36
onpath,100,315,200,131.41
onpath,100,316,200,233.41
onpath,100,317,200,153.31
onpath,100,318,200,155.19
onpath,100,319,200,157.20
onpath,100,320,200,176.68
onpath,100,321,200,208.19
onpath,100,322,200,158.42
onpath,100,323,200,109.68
onpath,100,324,200,158.75
onpath,100,325,200,159.97
onpath,100,326,200,190.20
onpath,100,327,200,186.73
onpath,100,328,200,161.61
onpath,100,329,200,161.83
onpath,100,330,200,117.94
onpath,100,331,200,97.06
onpath,100,332,200,168.78
onpath,100,333,200,121.22
onpath,100,334,200,164.54
onpath,100,335,200,168.41
onpath,100,336,200,113.87
onpath,100,337,200,155.25
onpath,100,338,200,123.73
onpath,100,339,200,165.54
onpath,100,340,200,172.27
onpath,100,341,200,121.79
onpath,100,342,200,164.71
onpath,100,343,200,108.76
onpath,100,344,200,129.61
onpath,100,345,200,98.16
onpath,100,346,200,141.57
onpath,100,347,200,166.66
onpath,100,348,200,154.49
onpath,100,349,200,135.22
onpath,100,350,200,163.69
onpath,100,351,200,128.56
onpath,100,352,200,179.64
onpath,100,353,200,152.85
onpath,100,354,200,135.25
onpath,100,355,200,147.68
onpath,100,356,200,112.40
onpath,100,357,200,144.08
onpath,100,358,200,130.52
onpath,100,359,200,148.64
onpath,100,360,200,184.92
onpath,100,361,200,99.64
onpath,100,362,200,169.47
onpath,100,363,200,160.14
onpath,100,364,200,153.78
onpath,100,365,200,163.14
onpath,100,366,200,157.63
onpath,100,367,200,161.03
onpath,100,368,200,143.54
onpath,100,369,200,220.46
onpath,100,370,200,228.43
onpath,100,371,200,174.12
onpath,100,372,200,188.11
onpath,100,373,200,155.10
onpath,100,374,200,267.00
onpath,100,375,200,165.69
onpath,100,376,200,99.54
onpath,100,377,200,166.09
onpath,100,378,200,206.83
onpath,100,379,200,137.99
onpath,100,380,200,205.01
onpath,100,381,200,181.61
onpath,100,382,200,171.07
onpath,100,383,200,184.64
onpath,100,384,200,207.23
onpath,100,385,200,215.55
onpath,100,386,200,102.31
onpath,100,387,200,204.84
onpath,100,388,200,97.77
onpath,100,389,200,204.22
onpath,100,390,200,229.73
onpath,100,391,200,147.42
onpath,100,392,200,109.17
onpath,100,393,200,98.34
onpath,100,394,200,132.91
onpath,100,395,200,113.39
onpath,100,396,200,102.12
onpath,100,397,200,225.06
onpath,100,398,200,265.82
onpath,100,399,200,107.68
onpath,100,400,200,229.69
onpath,100,401,200,103.85
onpath,100,402,200,186.53
onpath,100,403,200,112.42
onpath,100,404,200,109.60
onpath,100,405,200,186.08
onpath,100,406,200,146.53
onpath,100,407,200,146.13
onpath,100,408,200,189.15
onpath,100,409,200,109.60
onpath,100,410,200,129.10
onpath,100,411,200,147.46
onpath,100,412,200,148.55
onpath,100,413,200,114.81
onpath,100,414,200,148.35
onpath,100,415,200,167.76
onpath,100,416,200,121.84
onpath,100,417,200,116.83
onpath,100,418,200,109.48
onpath,100,419,200,157.49
onpath,100,420,200,119.77
onpath,100,421,200,214.24
onpath,100,422,200,132.91
onpath,100,423,200,125.35
onpath,100,424,200,197.94
onpath,100,425,200,225.42
onpath,100,426,200,115.79
onpath,100,427,200,152.81
onpath,100,428,200,126.61
onpath,100,429,200,120.12
onpath,100,430,200,90.56
onpath,100,431,200,126.76
onpath,100,432,200,126.71
onpath,100,433,200,118.62
onpath,100,434,200,241.34
onpath,100,435,200,114.52
onpath,100,436,200,117.62
onpath,100,437,200,107.82
onpath,100,438,200,124.02
onpath,100,439,200,127.31
onpath,100,440,200,79.10
onpath,100,441,200,108.08
onpath,100,442,200,121.04
onpath,100,443,200,122.52
onpath,100,444,200,130.08
onpath,100,445,200,77.57
onpath,100,446,200,80.18
onpath,100,447,200,122.99
onpath,100,448,200,129.13
onpath,100,449,200,129.13
onpath,100,450,200,81.16
onpath,100,451,200,94.56
onpath,100,452,200,126.12
onpath,100,453,200,125.87
onpath,100,454,200,125.79
onpath,100,455,200,105.69
onpath,100,456,200,104.19
onpath,100,457,200,52.73
onpath,100,458,200,90.24
onpath,100,459,200,117.86
onpath,100,460,200,107.69
onpath,100,461,200,133.38
onpath,100,462,200,66.04
onpath,100,463,200,75.88
onpath,100,464,200,91.27
onpath,100,465,200,84.56
onpath,100,466,200,109.30
onpath,100,467,200,125.14
onpath,100,468,200,86.01
onpath,100,469,200,104.34
onpath,100,470,200,74.34
onpath,100,471,200,65.85
onpath,100,472,200,79.52
onpath,100,473,200,62.82
onpath,100,474,200,85.85
onpath,100,475,200,66.40
onpath,100,476,200,152.63
onpath,100,477,200,83.46
onpath,100,478,200,95.16
onpath,100,479,200,113.23
onpath,100,480,200,78.94
onpath,100,481,200,98.27
onpath,100,482,200,88.83
onpath,100,483,200,99.12
onpath,100,484,200,87.08
onpath,100,485,200,101.62
onpath,100,486,200,116.65
onpath,100,487,200,112.66
onpath,100,488,200,105.21
onpath,100,489,200,119.80
onpath,100,490,200,151.72
onpath,100,491,200,137.36
onpath,100,492,200,128.11
onpath,100,493,200,108.88
onpath,100,494,200,109.65
onpath,100,495,200,137.81
onpath,100,496,200,111.32
onpath,100,497,200,139.87
onpath,100,498,200,136.58
onpath,100,499,200,135.30
onpath,100,500,200,125.75
onpath,100,501,200,111.03
onpath,100,502,200,127.72
onpath,100,503,200,125.85
onpath,100,504,200,110.34
onpath,100,505,200,128.09
onpath,100,506,200,136.99
onpath,100,507,200,131.01
onpath,100,508,200,130.85
onpath,100,509,200,117.75
onpath,100,510,200,142.51
onpath,100,511,200,127.51
onpath,100,512,200,129.65
onpath,100,513,200,153.81
onpath,100,514,200,105.34
onpath,100,515,200,125.92
onpath,100,516,200,129.43
onpath,100,517,200,151.56
onpath,100,518,200,159.27
onpath,100,519,200,125.68
onpath,100,520,200,112.83
onpath,100,521,200,106.46
onpath,100,522,200,123.24
onpath,100,523,200,151.84
onpath,100,524,200,123.94
onpath,100,525,200,134.93
onpath,100,526,200,134.03
onpath,100,527,200,127.81
onpath,100,528,200,118.96
onpath,100,529,200,129.16
onpath,100,530,200,104.96
onpath,100,531,200,125.45
onpath,100,532,200,129.12
onpath,100,533,200,126.69
onpath,100,534,200,115.99
onpath,100,535,200,121.77
onpath,100,536,200,129.76
onpath,100,537,200,143.76
onpath,100,538,200,125.42
onpath,100,539,200,114.83
onpath,100,540,200,135.81
onpath,100,541,200,117.73
onpath,100,542,200,117.10
onpath,100,543,200,96.76
onpath,100,544,200,135.54
onpath,100,545,200,124.16
onpath,100,546,200,125.13
onpath,100,547,200,157.55
onpath,100,548,200,143.48
onpath,100,549,200,83.03
onpath,100,550,200,140.92
onpath,100,551,200,93.94
onpath,100,552,200,157.15
onpath,100,553,200,159.92
onpath,100,554,200,86.03
onpath,100,555,200,143.90
onpath,100,556,200,158.13
onpath,100,557,200,145.91
onpath,100,558,200,149.44
onpath,100,559,200,150.00
onpath,100,560,200,158.08
onpath,100,561,200,163.03
onpath,100,562,200,154.05
onpath,100,563,200,151.59
onpath,100,564,200,80.91
onpath,100,565,200,154.29
onpath,100,566,200,61.49
onpath,100,567,200,158.95
onpath,100,568,200,63.09
onpath,100,569,200,127.21
onpath,100,570,200,103.63
onpath,100,571,200,166.18
onpath,100,572,200,130.02
onpath,100,573,200,149.41
onpath,100,574,200,111.31
onpath,100,575,200,146.35
onpath,100,576,200,165.07
onpath,100,577,200,114.76
onpath,100,578,200,82.34
onpath,100,579,200,139.68
onpath,100,580,200,109.88
onpath,100,581,200,179.90
onpath,100,582,200,163.46
onpath,100,583,200,169.84
onpath,100,584,200,146.14
onpath,100,585,200,147.49
onpath,100,586,200,84.04
onpath,100,587,200,149.92
onpath,100,588,200,125.96
onpath,100,589,200,99.03
onpath,100,590,200,190.68
onpath,100,591,200,78.90
onpath,100,592,200,124.34
onpath,100,593,200,122.07
onpath,100,594,200,105.28
onpath,100,595,200,84.69
onpath,100,596,200,85.69
onpath,100,597,200,88.11
onpath,100,598,200,93.34
onpath,100,599,200,112.17
onpath,100,600,200,89.47
onpath,100,601,200,90.32
onpath,100,602,200,90.35
onpath,100,603,200,93.25
onpath,100,604,200,114.03
onpath,100,605,200,93.09
onpath,100,606,200,108.63
onpath,100,607,200,98.36
onpath,100,608,200,122.56
onpath,100,609,200,99.06
onpath,100,610,200,101.22
onpath,100,611,200,111.41
onpath,100,612,200,142.42
onpath,100,613,200,109.28
onpath,100,614,200,109.85
onpath,100,615,200,116.79
onpath,100,616,200,103.70
onpath,100,617,200,126.41
onpath,100,618,200,132.10
onpath,100,619,200,121.23
onpath,100,620,200,98.40
onpath,100,621,200,96.84
onpath,100,622,200,137.59
onpath,100,623,200,138.77
onpath,100,624,200,137.65
onpath,100,625,200,142.26
onpath,100,626,200,142.52
onpath,100,627,200,144.60
onpath,100,628,200,150.32
onpath,100,629,200,115.44
onpath,100,630,200,142.12
onpath,100,631,200,153.62
onpath,100,632,200,149.85
onpath,100,633,200,151.98
onpath,100,634,200,119.39
onpath,100,635,200,162.63
onpath,100,636,200,124.07
onpath,100,637,200,159.25
onpath,100,638,200,125.88
onpath,100,639,200,150.71
onpath,100,640,200,123.66
onpath,100,641,200,164.23
onpath,100,642,200,161.08
onpath,100,643,200,158.66
onpath,100,644,200,87.90
onpath,100,645,200,137.34
onpath,100,646,200,164.52
onpath,100,647,200,135.37
onpath,100,648,200,169.13
onpath,100,649,200,120.92
onpath,100,650,200,143.58
onpath,100,651,200,178.74
onpath,100,652,200,133.14
onpath,100,653,200,177.70
onpath,100,654,200,176.90
onpath,100,655,200,142.70
onpath,100,656,200,139.27
onpath,100,657,200,153.27
onpath,100,658,200,110.31
onpath,100,659,200,188.24
onpath,100,660,200,188.42
onpath,100,661,200,178.56
onpath,100,662,200,159.71
onpath,100,663,200,102.58
onpath,100,664,200,147.49
onpath,100,665,200,159.91
onpath,100,666,200,199.05
onpath,100,667,200,94.80
onpath,100,668,200,110.19
onpath,100,669,200,59.52
onpath,100,670,200,169.26
onpath,100,671,200,94.90
onpath,100,672,200,45.08
onpath,100,673,200,169.55
onpath,100,674,200,170.17
onpath,100,675,200,85.67
onpath,100,676,200,170.95
onpath,100,677,200,165.47
onpath,100,678,200,172.28
onpath,100,679,200,115.92
onpath,100,680,200,158.03
onpath,100,681,200,172.49
onpath,100,682,200,116.38
onpath,100,683,200,171.60
onpath,100,684,200,152.75
onpath,100,685,200,162.64
onpath,100,686,200,69.88
onpath,100,687,200,172.68
onpath,100,688,200,130.20
onpath,100,689,200,50.88
onpath,100,690,200,58.24
onpath,100,691,200,92.94
onpath,100,692,200,72.96
onpath,100,693,200,119.76
onpath,100,694,200,175.86
onpath,100,695,200,141.33
onpath,100,696,200,171.49
onpath,100,697,200,171.25
onpath,100,698,200,154.01
onpath,100,699,200,109.01
onpath,100,700,200,66.50
onpath,100,701,200,58.14
onpath,100,702,200,138.84
onpath,100,703,200,126.54
onpath,100,704,200,91.89
onpath,100,705,200,62.93
onpath,100,706,200,165.18
onpath,100,707,200,179.22
onpath,100,708,200,192.26
onpath,100,709,200,59.76
onpath,100,710,200,73.16
onpath,100,711,200,72.63
onpath,100,712,200,136.41
onpath,100,713,200,79.64
onpath,100,714,200,139.41
onpath,100,715,200,109.08
onpath,100,716,200,96.89
onpath,100,717,200,83.16
onpath,100,718,200,93.72
onpath,100,719,200,89.53
onpath,100,720,200,119.47
onpath,100,721,200,193.94
onpath,100,722,200,95.33
onpath,100,723,200,201.16
onpath,100,724,200,157.54
onpath,100,725,200,179.25
onpath,100,726,200,168.86
onpath,100,727,200,160.28
onpath,100,728,200,167.62
onpath,100,729,200,176.98
onpath,100,730,200,150.85
onpath,100,731,200,206.86
onpath,100,732,200,198.99
onpath,100,733,200,178.13
onpath,100,734,200,131.63
onpath,100,735,200,213.64
onpath,100,736,200,141.63
onpath,100,737,200,178.13
onpath,100,738,200,150.09
onpath,100,739,200,81.87
onpath,100,740,200,200.20
onpath,100,741,200,115.07
onpath,100,742,200,135.12
onpath,100,743,200,117.79
onpath,100,744,200,157.24
onpath,100,745,200,101.32
onpath,100,746,200,206.07
onpath,100,747,200,88.16
onpath,100,748,200,111.80
onpath,100,749,200,110.57
onpath,100,750,200,121.25
onpath,100,751,200,148.52
onpath,100,752,200,127.19
onpath,100,753,200,104.36
onpath,100,754,200,87.50
onpath,100,755,200,116.06
onpath,100,756,200,95.10
onpath,100,757,200,93.90
onpath,100,758,200,97.98
onpath,100,759,200,70.52
onpath,100,760,200,116.05
onpath,100,761,200,131.57
onpath,100,762,200,93.52
onpath,100,763,200,87.43
onpath,100,764,200,137.37
onpath,100,765,200,119.13
onpath,100,766,200,91.40
onpath,100,767,200,48.83
onpath,100,768,200,102.55
onpath,100,769,200,103.67
onpath,100,770,200,125.43
onpath,100,771,200,109.91
onpath,100,772,200,110.22
onpath,100,773,200,116.60
onpath,100,774,200,82.91
onpath,100,775,200,62.36
onpath,100,776,200,65.52
onpath,100,777,200,110.46
onpath,100,778,200,118.12
onpath,100,779,200,119.30
onpath,100,780,200,72.44
onpath,100,781,200,123.13
onpath,100,782,200,154.85
onpath,100,783,200,127.83
onpath,100,784,200,166.14
onpath,100,785,200,133.40
onpath,100,786,200,133.60
onpath,100,787,200,84.34
onpath,100,788,200,142.24
onpath,100,789,200,142.94
onpath,100,790,200,131.49
onpath,100,791,200,121.60
onpath,100,792,200,80.38
onpath,100,793,200,131.47
onpath,100,794,200,132.91
onpath,100,795,200,83.15
onpath,100,796,200,82.54
onpath,100,797,200,169.70
onpath,100,798,200,119.72
onpath,100,799,200,155.74
onpath,100,800,200,138.35
onpath,100,801,200,71.98
onpath,100,802,200,132.85
onpath,100,803,200,80.81
onpath,100,804,200,92.38
onpath,100,805,200,133.52
onpath,100,806,200,133.01
onpath,100,807,200,126.04
onpath,100,808,200,110.17
onpath,100,809,200,138.76
onpath,100,810,200,150.90
onpath,100,811,200,87.93
onpath,100,812,200,169.44
onpath,100,813,200,103.43
onpath,100,814,200,131.75
onpath,100,815,200,160.25
onpath,100,816,200,132.07
onpath,100,817,200,122.80
onpath,100,818,200,169.50
onpath,100,819,200,61.94
onpath,100,820,200,85.15
onpath,100,821,200,77.83
onpath,100,822,200,147.76
onpath,100,823,200,142.43
onpath,100,824,200,179.31
onpath,100,825,200,79.91
onpath,100,826,200,125.21
onpath,100,827,200,161.93
onpath,100,828,200,163.62
onpath,100,829,200,94.35
onpath,100,830,200,90.65
onpath,100,831,200,143.75
onpath,100,832,200,87.40
onpath,100,833,200,145.59
onpath,100,834,200,86.97
onpath,100,835,200,83.53
onpath,100,836,200,139.58
onpath,100,837,200,166.59
onpath,100,838,200,162.88
onpath,100,839,200,156.34
onpath,100,840,200,127.20
onpath,100,841,200,63.17
onpath,100,842,200,83.98
onpath,100,843,200,91.35
onpath,100,844,200,95.01
onpath,100,845,200,101.23
onpath,100,846,200,100.29
onpath,100,847,200,139.16
onpath,100,848,200,97.92
onpath,100,849,200,110.54
onpath,100,850,200,107.96
onpath,100,851,200,109.59
onpath,100,852,200,116.67
onpath,100,853,200,86.03
onpath,100,854,200,167.35
onpath,100,855,200,116.38
onpath,100,856,200,99.40
onpath,100,857,200,111.92
onpath,100,858,200,109.00
onpath,100,859,200,79.93
onpath,100,860,200,173.87
onpath,100,861,200,96.35
onpath,100,862,200,113.48
onpath,100,863,200,83.50
onpath,100,864,200,103.31
onpath,100,865,200,106.60
onpath,100,866,200,119.54
onpath,100,867,200,140.86
onpath,100,868,200,144.79
onpath,100,869,200,165.60
onpath,100,870,200,153.18
onpath,100,871,200,152.25
onpath,100,872,200,117.51
onpath,100,873,200,159.37
onpath,100,874,200,118.46
onpath,100,875,200,163.69
onpath,100,876,200,126.42
onpath,100,877,200,131.44
onpath,100,878,200,159.79
onpath,100,879,200,136.96
onpath,100,880,200,172.92
onpath,100,881,200,122.81
onpath,100,882,200,135.28
onpath,100,883,200,126.23
onpath,100,884,200,133.19
onpath,100,885,200,178.99
onpath,100,886,200,159.82
onpath,100,887,200,154.68
onpath,100,888,200,148.62
onpath,100,889,200,165.71
onpath,100,890,200,188.14
onpath,100,891,200,146.69
onpath,100,892,200,153.14
onpath,100,893,200,152.45
onpath,100,894,200,154.14
onpath,100,895,200,156.58
onpath,100,896,200,152.27
onpath,100,897,200,129.52
onpath,100,898,200,153.03
onpath,100,899,200,152.71
onpath,100,900,200,154.81
onpath,100,901,200,139.70
onpath,100,902,200,158.39
onpath,100,903,200,154.11
onpath,100,904,200,162.62
onpath,100,905,200,117.74
onpath,100,906,200,107.60
onpath,100,907,200,142.28
onpath,100,908,200,172.68
onpath,100,909,200,149.57
onpath,100,910,200,146.73
onpath,100,911,200,126.87
onpath,100,912,200,116.67
onpath,100,913,200,138.82
onpath,100,914,200,172.91
onpath,100,915,200,118.70
onpath,100,916,200,162.22
onpath,100,917,200,118.70
onpath,100,918,200,164.71
onpath,100,919,200,162.38
onpath,100,920,200,115.53
onpath,100,921,200,120.75
onpath,100,922,200,139.45
onpath,100,923,200,128.41
onpath,100,924,200,120.69
onpath,100,925,200,200.00
onpath,100,926,200,160.96
onpath,100,927,200,158.04
onpath,100,928,200,128.52
onpath,100,929,200,161.72
onpath,100,930,200,97.67
onpath,100,931,200,78.30
onpath,100,932,200,140.27
onpath,100,933,200,121.52
onpath,100,934,200,95.25
onpath,100,935,200,102.45
onpath,100,936,200,107.71
onpath,100,937,200,97.86
onpath,100,938,200,120.76
onpath,100,939,200,121.45
onpath,100,940,200,163.96
onpath,100,941,200,124.60
onpath,100,942,200,95.33
onpath,100,943,200,94.07
onpath,100,944,200,107.68
onpath,100,945,200,127.88
onpath,100,946,200,127.65
onpath,100,947,200,96.88
onpath,100,948,200,167.23
onpath,100,949,200,107.91
onpath,100,950,200,101.17
onpath,100,951,200,98.13
onpath,100,952,200,117.30
onpath,100,953,200,120.81
onpath,100,954,200,124.54
onpath,100,955,200,153.91
onpath,100,956,200,57.83
onpath,100,957,200,122.21
onpath,100,958,200,93.52
onpath,100,959,200,96.29
onpath,100,960,200,109.53
onpath,100,961,200,110.22
onpath,100,962,200,79.50
onpath,100,963,200,139.16
onpath,100,964,200,120.60
onpath,100,965,200,89.44
onpath,100,966,200,109.80
onpath,100,967,200,56.75
onpath,100,968,200,123.64
onpath,100,969,200,58.14
onpath,100,970,200,148.97
onpath,100,971,200,80.33
onpath,100,972,200,88.55
onpath,100,973,200,57.50
onpath,100,974,200,77.30
onpath,100,975,200,72.69
onpath,100,976,200,72.10
onpath,100,977,200,56.23
onpath,100,978,200,80.32
onpath,100,979,200,117.29
onpath,100,980,200,103.58
onpath,100,981,200,84.64
onpath,100,982,200,79.25
onpath,100,983,200,117.75
onpath,100,984,200,79.10
onpath,100,985,200,85.72
onpath,100,986,200,83.73
onpath,100,987,200,84.95
onpath,100,988,200,100.15
onpath,100,989,200,86.06
onpath,100,990,200,85.70
onpath,100,991,200,105.19
onpath,100,992,200,94.10
onpath,100,993,200,96.10
onpath,100,994,200,112.46
onpath,100,995,200,129.35
onpath,100,996,200,104.40
onpath,100,997,200,107.61
onpath,100,998,200,119.07
onpath,100,999,200,111.03
onpath,100,1000,200,98.32
onpath,100,1001,200,107.37
onpath,100,1002,200,141.52
onpath,100,1003,200,130.17
onpath,100,1004,200,105.76
onpath,100,1005,200,99.96
onpath,100,1006,200,99.93
onpath,100,1007,200,107.56
onpath,100,1008,200,108.98
onpath,100,1009,200,108.65
onpath,100,1010,200,109.76
onpath,100,1011,200,111.09
onpath,100,1012,200,109.78
onpath,100,1013,200,100.77
onpath,100,1014,200,100.98
onpath,100,1015,200,102.15
onpath,100,1016,200,105.90
onpath,100,1017,200,104.25
onpath,100,1018,200,105.92
onpath,100,1019,200,108.45
onpath,100,1020,200,102.68
onpath,100,1021,200,107.36
onpath,100,1022,200,88.70
onpath,100,1023,200,106.63
onpath,100,1024,200,110.05
onpath,100,1025,200,106.96
onpath,100,1026,200,105.85
onpath,100,1027,200,113.40
onpath,100,1028,200,50.83
onpath,100,1029,200,106.77
onpath,100,1030,200,73.34
onpath,100,1031,200,112.93
onpath,100,1032,200,67.09
onpath,100,1033,200,114.32
onpath,100,1034,200,114.14
onpath,100,1035,200,122.50
onpath,100,1036,200,125.47
onpath,100,1037,200,94.90
onpath,100,1038,200,95.79
onpath,100,1039,200,125.00
onpath,100,1040,200,127.54
onpath,100,1041,200,149.00
onpath,100,1042,200,150.34
onpath,100,1043,200,130.11
onpath,100,1044,200,157.88
onpath,100,1045,200,152.22
onpath,100,1046,200,127.73
onpath,100,1047,200,158.09
onpath,100,1048,200,156.40
onpath,100,1049,200,166.49
onpath,100,1050,200,104.09
onpath,100,1051,200,141.95
onpath,100,1052,200,168.39
onpath,100,1053,200,95.99
onpath,100,1054,200,173.37
onpath,100,1055,200,175.19
onpath,100,1056,200,177.81
onpath,100,1057,200,185.07
onpath,100,1058,200,182.23
onpath,100,1059,200,151.21
onpath,100,1060,200,94.43
onpath,100,1061,200,158.54
onpath,100,1062,200,175.44
onpath,100,1063,200,199.27
onpath,100,1064,200,105.09
onpath,100,1065,200,181.39
onpath,100,1066,200,131.79
onpath,100,1067,200,197.19
onpath,100,1068,200,101.49
onpath,100,1069,200,122.53
onpath,100,1070,200,103.61
onpath,100,1071,200,116.23
onpath,100,1072,200,154.08
onpath,100,1073,200,101.71
onpath,100,1074,200,123.60
onpath,100,1075,200,134.27
onpath,100,1076,200,198.80
onpath,100,1077,200,155.79
onpath,100,1078,200,202.41
onpath,100,1079,200,114.85
onpath,100,1080,200,124.84
onpath,100,1081,200,110.60
onpath,100,1082,200,105.41
onpath,100,1083,200,185.62
onpath,100,1084,200,199.85
onpath,100,1085,200,160.06
onpath,100,1086,200,202.01
onpath,100,1087,200,105.45
onpath,100,1088,200,171.32
onpath,100,1089,200,109.29
onpath,100,1090,200,204.87
onpath,100,1091,200,106.74
onpath,100,1092,200,108.12
onpath,100,1093,200,205.73
onpath,100,1094,200,104.51
onpath,100,1095,200,190.69
onpath,100,1096,200,190.19
onpath,100,1097,200,100.18
onpath,100,1098,200,130.46
onpath,100,1099,200,50.11
onpath,100,1100,200,101.20
onpath,100,1101,200,110.27
onpath,100,1102,200,100.69
onpath,100,1103,200,105.35
onpath,100,1104,200,138.45
onpath,100,1105,200,102.55
onpath,100,1106,200,112.03
onpath,100,1107,200,133.90
onpath,100,1108,200,103.96
onpath,100,1109,200,80.79
onpath,100,1110,200,97.00
onpath,100,1111,200,112.30
onpath,100,1112,200,101.10
onpath,100,1113,200,172.31
onpath,100,1114,200,98.36
onpath,100,1115,200,98.93
onpath,100,1116,200,116.40
onpath,100,1117,200,112.98
onpath,100,1118,200,185.86
onpath,100,1119,200,108.22
onpath,100,1120,200,141.28
onpath,100,1121,200,186.25
onpath,100,1122,200,115.19
onpath,100,1123,200,150.59
onpath,100,1124,200,66.32
onpath,100,1125,200,93.41
onpath,100,1126,200,108.69
onpath,100,1127,200,120.01
onpath,100,1128,200,216.84
onpath,100,1129,200,55.37
onpath,100,1130,200,55.51
onpath,100,1131,200,102.94
onpath,100,1132,200,51.60
onpath,100,1133,200,74.67
onpath,100,1134,200,58.63
onpath,100,1135,200,72.84
onpath,100,1136,200,134.64
onpath,100,1137,200,115.42
onpath,100,1138,200,143.28
onpath,100,1139,200,127.68
onpath,100,1140,200,119.94
onpath,100,1141,200,133.14
onpath,100,1142,200,87.69
onpath,100,1143,200,134.64
onpath,100,1144,200,125.85
onpath,100,1145,200,78.20
onpath,100,1146,200,96.79
onpath,100,1147,200,147.06
onpath,100,1148,200,155.33
onpath,100,1149,200,141.96
onpath,100,1150,200,73.18
onpath,100,1151,200,55.84
onpath,100,1152,200,56.35
onpath,100,1153,200,100.22
onpath,100,1154,200,56.36
onpath,100,1155,200,84.97
onpath,100,1156,200,85.63
onpath,100,1157,200,62.56
onpath,100,1158,200,62.08
onpath,100,1159,200,61.81
onpath,100,1160,200,106.07
onpath,100,1161,200,64.62
onpath,100,1162,200,65.92
onpath,100,1163,200,65.53
onpath,100,1164,200,79.02
onpath,100,1165,200,79.40
onpath,100,1166,200,79.60
onpath,100,1167,200,82.42
onpath,100,1168,200,76.73
onpath,100,1169,200,95.46
onpath,100,1170,200,77.18
onpath,100,1171,200,81.64
onpath,100,1172,200,90.00
onpath,100,1173,200,104.32
onpath,100,1174,200,105.39
onpath,100,1175,200,88.01
onpath,100,1176,200,110.72
onpath,100,1177,200,91.24
onpath,100,1178,200,91.48
onpath,100,1179,200,91.69
onpath,100,1180,200,189.95
onpath,100,1181,200,186.05
onpath,100,1182,200,92.19
onpath,100,1183,200,94.03
onpath,100,1184,200,94.80
onpath,100,1185,200,96.02
onpath,100,1186,200,102.63
onpath,100,1187,200,98.64
onpath,100,1188,200,102.77
onpath,100,1189,200,101.96
onpath,100,1190,200,97.29
onpath,100,1191,200,104.38
onpath,100,1192,200,107.69
onpath,100,1193,200,105.47
onpath,100,1194,200,126.59
onpath,100,1195,200,125.48
onpath,100,1196,200,112.28
onpath,100,1197,200,130.94
onpath,100,1198,200,129.30
onpath,100,1199,200,118.12
onpath,100,1200,200,131.21
onpath,100,1201,200,135.14
onpath,100,1202,200,118.81
onpath,100,1203,200,122.02
onpath,100,1204,200,121.59
onpath,100,1205,200,119.18
onpath,100,1206,200,140.98
onpath,100,1207,200,102.77
onpath,100,1208,200,143.15
onpath,100,1209,200,133.25
onpath,100,1210,200,142.16
onpath,100,1211,200,107.58
onpath,100,1212,200,146.70
onpath,100,1213,200,143.48
onpath,100,1214,200,134.60
onpath,100,1215,200,147.87
onpath,100,1216,200,94.70
onpath,100,1217,200,144.86
onpath,100,1218,200,154.17
onpath,100,1219,200,148.65
onpath,100,1220,200,117.07
onpath,100,1221,200,118.81
onpath,100,1222,200,151.06
onpath,100,1223,200,161.68
onpath,100,1224,200,110.78
onpath,100,1225,200,104.18
onpath,100,1226,200,106.53
onpath,100,1227,200,114.27
onpath,100,1228,200,117.04
onpath,100,1229,200,108.81
onpath,100,1230,200,108.04
onpath,100,1231,200,90.91
onpath,100,1232,200,120.13
onpath,100,1233,200,145.24
onpath,100,1234,200,130.52
onpath,100,1235,200,153.34
onpath,100,1236,200,147.34
onpath,100,1237,200,170.26
onpath,100,1238,200,159.71
onpath,100,1239,200,116.17
onpath,100,1240,200,151.37
onpath,100,1241,200,137.74
onpath,100,1242,200,126.74
onpath,100,1243,200,102.24
onpath,100,1244,200,200.01
onpath,100,1245,200,201.22
onpath,100,1246,200,178.99
onpath,100,1247,200,190.48
onpath,100,1248,200,171.25
onpath,100,1249,200,157.14
onpath,100,1250,200,177.31
onpath,100,1251,200,116.15
onpath,100,1252,200,183.32
onpath,100,1253,200,142.72
onpath,100,1254,200,231.72
onpath,100,1255,200,209.04
onpath,100,1256,200,134.48
onpath,100,1257,200,209.44
onpath,100,1258,200,158.21
onpath,100,1259,200,102.88
onpath,100,1260,200,197.34
onpath,100,1261,200,249.18
onpath,100,1262,200,175.94
onpath,100,1263,200,200.10
onpath,100,1264,200,160.08
onpath,100,1265,200,104.79
onpath,100,1266,200,166.67
onpath,100,1267,200,121.18
onpath,100,1268,200,118.14
onpath,100,1269,200,213.03
onpath,100,1270,200,251.78
onpath,100,1271,200,203.87
onpath,100,1272,200,159.64
onpath,100,1273,200,177.02
onpath,100,1274,200,178.79
onpath,100,1275,200,164.32
onpath,100,1276,200,171.44
onpath,100,1277,200,152.66
onpath,100,1278,200,156.13
onpath,100,1279,200,165.23
onpath,100,1280,200,171.76
onpath,100,1281,200,171.42
onpath,100,1282,200,167.91
onpath,100,1283,200,130.96
onpath,100,1284,200,158.64
onpath,100,1285,200,181.31
onpath,100,1286,200,111.61
onpath,100,1287,200,183.17
onpath,100,1288,200,161.60
onpath,100,1289,200,201.56
onpath,100,1290,200,159.05
onpath,100,1291,200,85.46
onpath,100,1292,200,172.45
onpath,100,1293,200,126.12
onpath,100,1294,200,114.22
onpath,100,1295,200,125.71
onpath,100,1296,200,132.23
onpath,100,1297,200,127.22
onpath,100,1298,200,129.03
onpath,100,1299,200,185.36
onpath,100,1300,200,212.30
onpath,100,1301,200,259.97
onpath,100,1302,200,170.50
onpath,100,1303,200,209.58
onpath,100,1304,200,169.77
onpath,100,1305,200,114.74
onpath,100,1306,200,97.06
onpath,100,1307,200,117.10
onpath,100,1308,200,238.33
onpath,100,1309,200,124.17
onpath,100,1310,200,122.65
onpath,100,1311,200,130.36
onpath,100,1312,200,122.37
onpath,100,1313,200,115.03
onpath,100,1314,200,133.08
onpath,100,1315,200,114.10
onpath,100,1316,200,118.44
onpath,100,1317,200,132.86
onpath,100,1318,200,110.75
onpath,100,1319,200,130.77
onpath,100,1320,200,125.97
onpath,100,1321,200,122.60
onpath,100,1322,200,138.46
onpath,100,1323,200,119.01
onpath,100,1324,200,152.48
onpath,100,1325,200,135.89
onpath,100,1326,200,123.94
onpath,100,1327,200,130.99
onpath,100,1328,200,97.01
onpath,100,1329,200,132.95
onpath,100,1330,200,137.57
onpath,100,1331,200,167.45
onpath,100,1332,200,134.11
onpath,100,1333,200,125.57
onpath,100,1334,200,169.28
onpath,100,1335,200,86.50
onpath,100,1336,200,82.95
onpath,100,1337,200,100.45
onpath,100,1338,200,101.62
onpath,100,1339,200,136.05
onpath,100,1340,200,88.33
onpath,100,1341,200,137.02
onpath,100,1342,200,142.86
onpath,100,1343,200,143.90
onpath,100,1344,200,214.91
onpath,100,1345,200,105.46
onpath,100,1346,200,133.53
onpath,100,1347,200,77.46
onpath,100,1348,200,61.18
onpath,100,1349,200,77.82
onpath,100,1350,200,78.53
onpath,100,1351,200,79.78
onpath,100,1352,200,110.62
onpath,100,1353,200,140.11
onpath,100,1354,200,85.85
onpath,100,1355,200,174.03
onpath,100,1356,200,86.06
onpath,100,1357,200,156.48
onpath,100,1358,200,108.38
onpath,100,1359,200,103.06
onpath,100,1360,200,89.35
onpath,100,1361,200,67.49
onpath,100,1362,200,67.28
onpath,100,1363,200,70.06
onpath,100,1364,200,89.82
onpath,100,1365,200,84.74
onpath,100,1366,200,84.09
onpath,100,1367,200,95.94
onpath,100,1368,200,130.52
onpath,100,1369,200,128.19
onpath,100,1370,200,136.19
onpath,100,1371,200,130.23
onpath,100,1372,200,130.41
onpath,100,1373,200,127.15
onpath,100,1374,200,128.32
onpath,100,1375,200,132.43
onpath,100,1376,200,133.57
onpath,100,1377,200,134.04
onpath,100,1378,200,88.94
onpath,100,1379,200,137.15
onpath,100,1380,200,144.90
onpath,100,1381,200,145.71
onpath,100,1382,200,137.97
onpath,100,1383,200,139.35
onpath,100,1384,200,146.01
onpath,100,1385,200,148.30
onpath,100,1386,200,154.61
onpath,100,1387,200,114.43
onpath,100,1388,200,156.58
onpath,100,1389,200,136.51
onpath,100,1390,200,154.01
onpath,100,1391,200,156.87
onpath,100,1392,200,156.09
onpath,100,1393,200,165.62
onpath,100,1394,200,112.68
onpath,100,1395,200,157.93
onpath,100,1396,200,158.74
onpath,100,1397,200,119.80
onpath,100,1398,200,159.31
onpath,100,1399,200,159.39
onpath,100,1400,200,125.05
onpath,100,1401,200,113.56
onpath,100,1402,200,144.03
onpath,100,1403,200,101.02
onpath,100,1404,200,147.63
onpath,100,1405,200,129.27
onpath,100,1406,200,128.39
onpath,100,1407,200,150.80
onpath,100,1408,200,171.47
onpath,100,1409,200,172.26
onpath,100,1410,200,117.10
onpath,100,1411,200,173.99
onpath,100,1412,200,180.85
onpath,100,1413,200,129.24
onpath,100,1414,200,134.01
onpath,100,1415,200,134.84
onpath,100,1416,200,173.84
onpath,100,1417,200,145.92
onpath,100,1418,200,187.30
onpath,100,1419,200,112.76
onpath,100,1420,200,136.73
onpath,100,1421,200,182.65
onpath,100,1422,200,187.88
onpath,100,1423,200,133.11
onpath,100,1424,200,195.11
onpath,100,1425,200,190.79
onpath,100,1426,200,148.93
onpath,100,1427,200,157.73
onpath,100,1428,200,198.67
onpath,100,1429,200,151.95
onpath,100,1430,200,152.61
onpath,100,1431,200,196.50
onpath,100,1432,200,157.97
onpath,100,1433,200,131.59
onpath,100,1434,200,207.06
onpath,100,1435,200,201.05
onpath,100,1436,200,199.87
onpath,100,1437,200,139.76
onpath,100,1438,200,157.48
onpath,100,1439,200,167.08
onpath,100,1440,200,206.40
onpath,100,1441,200,162.59
onpath,100,1442,200,158.45
onpath,100,1443,200,148.18
onpath,100,1444,200,183.04
onpath,100,1445,200,210.81
onpath,100,1446,200,151.56
onpath,100,1447,200,183.64
onpath,100,1448,200,153.34
onpath,100,1449,200,147.81
onpath,100,1450,200,82.53
onpath,100,1451,200,151.94
onpath,100,1452,200,160.98
onpath,100,1453,200,166.41
onpath,100,1454,200,85.81
onpath,100,1455,200,129.08
onpath,100,1456,200,170.05
onpath,100,1457,200,142.03
onpath,100,1458,200,154.82
onpath,100,1459,200,90.25
onpath,100,1460,200,183.34
onpath,100,1461,200,133.61
onpath,100,1462,200,155.22
onpath,100,1463,200,87.26
onpath,100,1464,200,90.01
onpath,100,1465,200,90.64
onpath,100,1466,200,96.53
onpath,100,1467,200,103.76
onpath,100,1468,200,96.37
onpath,100,1469,200,195.98
onpath,100,1470,200,193.54
onpath,100,1471,200,156.20
onpath,100,1472,200,113.44
onpath,100,1473,200,108.62
onpath,100,1474,200,87.15
onpath,100,1475,200,98.94
onpath,100,1476,200,89.06
onpath,100,1477,200,94.01
onpath,100,1478,200,236.23
onpath,100,1479,200,182.75
onpath,100,1480,200,118.93
onpath,100,1481,200,204.85
onpath,100,1482,200,111.35
onpath,100,1483,200,111.49
onpath,100,1484,200,88.95
onpath,100,1485,200,93.15
onpath,100,1486,200,94.77
onpath,100,1487,200,73.69
onpath,100,1488,200,79.71
onpath,100,1489,200,87.14
onpath,100,1490,200,91.64
onpath,100,1491,200,95.37
onpath,100,1492,200,67.64
onpath,100,1493,200,77.54
onpath,100,1494,200,64.54
onpath,100,1495,200,125.93
onpath,100,1496,200,136.36
onpath,100,1497,200,110.20
onpath,100,1498,200,109.86
onpath,100,1499,200,101.09
onpath,100,1500,200,106.54
onpath,100,1501,200,71.39
onpath,100,1502,200,85.00
onpath,100,1503,200,96.64
onpath,100,1504,200,222.40
onpath,100,1505,200,187.49
onpath,100,1506,200,112.40
onpath,100,1507,200,136.90
onpath,100,1508,200,115.07
onpath,100,1509,200,110.16
onpath,100,1510,200,99.12
onpath,100,1511,200,93.86
onpath,100,1512,200,122.54
onpath,100,1513,200,116.86
onpath,100,1514,200,131.04
onpath,100,1515,200,125.26
onpath,100,1516,200,121.80
onpath,100,1517,200,145.26
onpath,100,1518,200,150.06
onpath,100,1519,200,92.00
onpath,100,1520,200,151.24
onpath,100,1521,200,140.74
onpath,100,1522,200,102.50
onpath,100,1523,200,138.63
onpath,100,1524,200,132.95
onpath,100,1525,200,101.13
onpath,100,1526,200,112.68
onpath,100,1527,200,105.91
onpath,100,1528,200,106.42
onpath,100,1529,200,80.05
onpath,100,1530,200,119.76
onpath,100,1531,200,118.26
onpath,100,1532,200,121.03
onpath,100,1533,200,156.02
onpath,100,1534,200,122.22
onpath,100,1535,200,142.71
onpath,100,1536,200,105.19
onpath,100,1537,200,99.33
onpath,100,1538,200,110.87
onpath,100,1539,200,110.89
onpath,100,1540,200,90.32
onpath,100,1541,200,148.50
onpath,100,1542,200,125.67
onpath,100,1543,200,113.50
onpath,100,1544,200,117.20
onpath,100,1545,200,122.94
onpath,100,1546,200,140.01
onpath,100,1547,200,144.81
onpath,100,1548,200,146.38
onpath,100,1549,200,131.49
onpath,100,1550,200,74.91
onpath,100,1551,200,103.01
onpath,100,1552,200,106.41
onpath,100,1553,200,167.13
onpath,100,1554,200,166.13
onpath,100,1555,200,132.99
onpath,100,1556,200,105.19
onpath,100,1557,200,149.34
onpath,100,1558,200,114.78
onpath,100,1559,200,154.66
onpath,100,1560,200,151.94
onpath,100,1561,200,111.86
onpath,100,1562,200,124.13
onpath,100,1563,200,97.14
onpath,100,1564,200,149.00
onpath,100,1565,200,133.35
onpath,100,1566,200,154.98
onpath,100,1567,200,115.23
onpath,100,1568,200,134.71
onpath,100,1569,200,83.05
onpath,100,1570,200,157.77
onpath,100,1571,200,118.12
onpath,100,1572,200,110.79
onpath,100,1573,200,135.92
onpath,100,1574,200,214.65
onpath,100,1575,200,82.16
onpath,100,1576,200,119.81
onpath,100,1577,200,120.62
onpath,100,1578,200,142.65
onpath,100,1579,200,101.28
onpath,100,1580,200,141.08
onpath,100,1581,200,188.01
onpath,100,1582,200,138.98
onpath,100,1583,200,187.84
onpath,100,1584,200,128.03
onpath,100,1585,200,203.62
onpath,100,1586,200,183.04
onpath,100,1587,200,138.69
onpath,100,1588,200,195.60
onpath,100,1589,200,105.27
onpath,100,1590,200,127.79
onpath,100,1591,200,196.44
onpath,100,1592,200,176.45
onpath,100,1593,200,150.79
onpath,100,1594,200,163.60
onpath,100,1595,200,128.09
onpath,100,1596,200,154.05
onpath,100,1597,200,151.99
onpath,100,1598,200,140.27
onpath,100,1599,200,202.56
onpath,100,1600,200,103.99
onpath,100,1601,200,87.33
onpath,100,1602,200,102.75
onpath,100,1603,200,102.70
onpath,100,1604,200,157.39
onpath,100,1605,200,116.97
onpath,100,1606,200,148.36
onpath,100,1607,200,147.52
onpath,100,1608,200,126.39
onpath,100,1609,200,180.34
onpath,100,1610,200,162.69
onpath,100,1611,200,113.67
onpath,100,1612,200,114.07
onpath,100,1613,200,180.16
onpath,100,1614,200,160.19
onpath,100,1615,200,108.34
onpath,100,1616,200,117.85
onpath,100,1617,200,133.93
onpath,100,1618,200,187.83
onpath,100,1619,200,150.34
onpath,100,1620,200,179.37
onpath,100,1621,200,198.19
onpath,100,1622,200,196.60
onpath,100,1623,200,205.75
onpath,100,1624,200,150.23
onpath,100,1625,200,158.23
onpath,100,1626,200,174.44
onpath,100,1627,200,158.45
onpath,100,1628,200,129.77
onpath,100,1629,200,104.59
onpath,100,1630,200,156.65
onpath,100,1631,200,180.43
onpath,100,1632,200,179.95
onpath,100,1633,200,172.12
onpath,100,1634,200,163.34
onpath,100,1635,200,106.09
onpath,100,1636,200,76.34
onpath,100,1637,200,143.78
onpath,100,1638,200,58.14
onpath,100,1639,200,162.16
onpath,100,1640,200,150.29
onpath,100,1641,200,148.72
onpath,100,1642,200,179.48
onpath,100,1643,200,103.24
onpath,100,1644,200,180.60
onpath,100,1645,200,179.77
onpath,100,1646,200,183.29
onpath,100,1647,200,124.01
onpath,100,1648,200,167.69
onpath,100,1649,200,164.32
onpath,100,1650,200,150.76
onpath,100,1651,200,121.07
onpath,100,1652,200,121.36
onpath,100,1653,200,101.46
onpath,100,1654,200,86.81
onpath,100,1655,200,194.17
onpath,100,1656,200,193.88
onpath,100,1657,200,163.16
onpath,100,1658,200,169.04
onpath,100,1659,200,166.17
onpath,100,1660,200,165.51
onpath,100,1661,200,165.03
onpath,100,1662,200,80.28
onpath,100,1663,200,129.66
onpath,100,1664,200,202.06
onpath,100,1665,200,173.28
onpath,100,1666,200,194.66
onpath,100,1667,200,82.84
onpath,100,1668,200,186.30
onpath,100,1669,200,121.27
onpath,100,1670,200,123.34
onpath,100,1671,200,139.22
onpath,100,1672,200,212.04
onpath,100,1673,200,152.75
onpath,100,1674,200,47.26
onpath,100,1675,200,55.55
onpath,100,1676,200,149.86
onpath,100,1677,200,97.04
onpath,100,1678,200,149.58
onpath,100,1679,200,173.93
onpath,100,1680,200,61.88
onpath,100,1681,200,133.93
onpath,100,1682,200,85.08
onpath,100,1683,200,155.91
onpath,100,1684,200,119.58
onpath,100,1685,200,152.00
onpath,100,1686,200,136.34
onpath,100,1687,200,161.07
onpath,100,1688,200,144.35
onpath,100,1689,200,162.32
onpath,100,1690,200,153.71
onpath,100,1691,200,161.66
onpath,100,1692,200,161.74
onpath,100,1693,200,100.35
onpath,100,1694,200,70.60
onpath,100,1695,200,165.18
onpath,100,1696,200,72.01
onpath,100,1697,200,166.06
onpath,100,1698,200,158.60
onpath,100,1699,200,160.79
onpath,100,1700,200,75.59
onpath,100,1701,200,128.71
onpath,100,1702,200,186.19
onpath,100,1703,200,172.56
onpath,100,1704,200,167.63
onpath,100,1705,200,254.05
onpath,100,1706,200,48.49
onpath,100,1707,200,154.19
onpath,100,1708,200,83.38
onpath,100,1709,200,146.52
onpath,100,1710,200,68.92
onpath,100,1711,200,58.28
onpath,100,1712,200,173.12
onpath,100,1713,200,67.93
onpath,100,1714,200,70.49
onpath,100,1715,200,256.80
onpath,100,1716,200,170.63
onpath,100,1717,200,178.97
onpath,100,1718,200,196.00
onpath,100,1719,200,262.26
onpath,100,1720,200,200.31
onpath,100,1721,200,107.41
onpath,100,1722,200,175.02
onpath,100,1723,200,163.28
onpath,100,1724,200,70.34
onpath,100,1725,200,244.24
onpath,100,1726,200,239.02
onpath,100,1727,200,209.58
onpath,100,1728,200,201.94
onpath,100,1729,200,210.67
onpath,100,1730,200,100.50
onpath,100,1731,200,186.42
onpath,100,1732,200,94.00
onpath,100,1733,200,84.11
onpath,100,1734,200,198.23
onpath,100,1735,200,265.45
onpath,100,1736,200,56.82
onpath,100,1737,200,82.08
onpath,100,1738,200,126.50
onpath,100,1739,200,92.93
onpath,100,1740,200,210.35
onpath,100,1741,200,216.50
onpath,100,1742,200,62.80
onpath,100,1743,200,75.79
onpath,100,1744,200,131.63
onpath,100,1745,200,120.84
onpath,100,1746,200,108.22
onpath,100,1747,200,87.51
onpath,100,1748,200,86.51
onpath,100,1749,200,107.34
onpath,100,1750,200,185.20
onpath,100,1751,200,162.41
onpath,100,1752,200,112.95
onpath,100,1753,200,92.53
onpath,100,1754,200,115.90
onpath,100,1755,200,66.31
onpath,100,1756,200,104.61
onpath,100,1757,200,108.89
onpath,100,1758,200,110.00
onpath,100,1759,200,102.59
onpath,100,1760,200,247.42
onpath,100,1761,200,121.94
onpath,100,1762,200,133.70
onpath,100,1763,200,123.04
onpath,100,1764,200,130.81
onpath,100,1765,200,153.17
onpath,100,1766,200,91.11
onpath,100,1767,200,97.45
onpath,100,1768,200,86.65
onpath,100,1769,200,103.34
onpath,100,1770,200,153.09
onpath,100,1771,200,84.41
onpath,100,1772,200,115.99
onpath,100,1773,200,75.78
onpath,100,1774,200,151.59
onpath,100,1775,200,118.19
onpath,100,1776,200,117.35
onpath,100,1777,200,75.10
onpath,100,1778,200,101.09
onpath,100,1779,200,145.68
onpath,100,1780,200,138.14
onpath,100,1781,200,92.66
onpath,100,1782,200,81.92
onpath,100,1783,200,91.24
onpath,100,1784,200,114.29
onpath,100,1785,200,112.24
onpath,100,1786,200,111.54
onpath,100,1787,200,178.60
onpath,100,1788,200,141.39
onpath,100,1789,200,127.89
onpath,100,1790,200,112.38
onpath,100,1791,200,148.41
onpath,100,1792,200,118.49
onpath,100,1793,200,112.29
onpath,100,1794,200,139.20
onpath,100,1795,200,153.97
onpath,100,1796,200,86.94
onpath,100,1797,200,147.97
onpath,100,1798,200,139.16
onpath,100,1799,200,150.93
onpath,100,1800,200,121.91
onpath,100,1801,200,89.36
onpath,100,1802,200,108.43
onpath,100,1803,200,155.73
onpath,100,1804,200,107.76
onpath,100,1805,200,148.89
onpath,100,1806,200,103.92
onpath,100,1807,200,164.02
onpath,100,1808,200,104.42
onpath,100,1809,200,165.81
onpath,100,1810,200,90.26
onpath,100,1811,200,151.82
onpath,100,1812,200,165.20
onpath,100,1813,200,90.88
onpath,100,1814,200,91.52
onpath,100,1815,200,147.62
onpath,100,1816,200,124.88
onpath,100,1817,200,166.99
onpath,100,1818,200,128.60
onpath,100,1819,200,132.29
onpath,100,1820,200,127.22
onpath,100,1821,200,120.58
onpath,100,1822,200,101.47
onpath,100,1823,200,121.87
onpath,100,1824,200,182.47
onpath,100,1825,200,112.02
onpath,100,1826,200,142.68
onpath,100,1827,200,98.28
onpath,100,1828,200,182.65
onpath,100,1829,200,87.02
onpath,100,1830,200,113.71
onpath,100,1831,200,92.45
onpath,100,1832,200,107.68
onpath,100,1833,200,113.00
onpath,100,1834,200,114.51
onpath,100,1835,200,183.97
onpath,100,1836,200,136.36
onpath,100,1837,200,100.47
onpath,100,1838,200,83.39
onpath,100,1839,200,111.47
onpath,100,1840,200,86.09
onpath,100,1841,200,78.49
onpath,100,1842,200,121.23
onpath,100,1843,200,76.85
onpath,100,1844,200,81.34
onpath,100,1845,200,106.41
onpath,100,1846,200,93.02
onpath,100,1847,200,82.76
onpath,100,1848,200,136.77
onpath,100,1849,200,127.63
onpath,100,1850,200,107.77
onpath,100,1851,200,84.06
onpath,100,1852,200,133.09
onpath,100,1853,200,127.87
onpath,100,1854,200,109.63
onpath,100,1855,200,104.07
onpath,100,1856,200,104.69
onpath,100,1857,200,119.28
onpath,100,1858,200,212.16
onpath,100,1859,200,131.99
onpath,100,1860,200,135.72
onpath,100,1861,200,148.37
onpath,100,1862,200,57.25
onpath,100,1863,200,173.24
onpath,100,1864,200,160.68
onpath,100,1865,200,65.34
onpath,100,1866,200,133.73
onpath,100,1867,200,189.56
onpath,100,1868,200,98.78
onpath,100,1869,200,108.95
onpath,100,1870,200,98.44
onpath,100,1871,200,181.12
onpath,100,1872,200,94.81
onpath,100,1873,200,145.67
onpath,100,1874,200,120.22
onpath,100,1875,200,167.64
onpath,100,1876,200,138.54
onpath,100,1877,200,104.62
onpath,100,1878,200,130.92
onpath,100,1879,200,73.64
onpath,100,1880,200,94.05
onpath,100,1881,200,103.37
onpath,100,1882,200,94.07
onpath,100,1883,200,120.46
onpath,100,1884,200,95.13
onpath,100,1885,200,137.92
onpath,100,1886,200,84.05
onpath,100,1887,200,96.39
onpath,100,1888,200,104.68
onpath,100,1889,200,153.77
onpath,100,1890,200,83.12
onpath,100,1891,200,105.79
onpath,100,1892,200,106.53
onpath,100,1893,200,72.83
onpath,100,1894,200,112.85
onpath,100,1895,200,108.69
onpath,100,1896,200,84.78
onpath,100,1897,200,108.49
onpath,100,1898,200,117.29
onpath,100,1899,200,87.79
onpath,100,1900,200,163.54
onpath,100,1901,200,67.41
onpath,100,1902,200,115.47
onpath,100,1903,200,81.10
onpath,100,1904,200,62.87
onpath,100,1905,200,97.94
onpath,100,1906,200,87.40
onpath,100,1907,200,86.24
onpath,100,1908,200,92.38
onpath,100,1909,200,79.43
onpath,100,1910,200,81.05
onpath,100,1911,200,114.44
onpath,100,1912,200,97.27
onpath,100,1913,200,80.09
onpath,100,1914,200,81.94
onpath,100,1915,200,81.25
onpath,100,1916,200,83.27
onpath,100,1917,200,110.16
onpath,100,1918,200,75.08
onpath,100,1919,200,81.72
onpath,100,1920,200,101.38
onpath,100,1921,200,86.98
onpath,100,1922,200,112.73
onpath,100,1923,200,86.86
onpath,100,1924,200,90.55
onpath,100,1925,200,104.26
onpath,100,1926,200,89.16
onpath,100,1927,200,106.13
onpath,100,1928,200,74.36
onpath,100,1929,200,76.24
onpath,100,1930,200,88.27
onpath,100,1931,200,111.70
onpath,100,1932,200,85.42
onpath,100,1933,200,95.03
onpath,100,1934,200,81.17
onpath,100,1935,200,95.53
onpath,100,1936,200,80.86
onpath,100,1937,200,98.26
onpath,100,1938,200,90.13
onpath,100,1939,200,116.42
onpath,100,1940,200,76.85
onpath,100,1941,200,101.13
onpath,100,1942,200,80.38
onpath,100,1943,200,114.86
onpath,100,1944,200,96.53
onpath,100,1945,200,104.38
onpath,100,1946,200,79.17
onpath,100,1947,200,122.82
onpath,100,1948,200,63.55
onpath,100,1949,200,65.65
onpath,100,1950,200,99.64
onpath,100,1951,200,84.49
onpath,100,1952,200,88.82
onpath,100,1953,200,79.06
onpath,100,1954,200,90.86
onpath,100,1955,200,79.76
onpath,100,1956,200,123.46
onpath,100,1957,200,122.85
onpath,100,1958,200,92.95
onpath,100,1959,200,104.32
onpath,100,1960,200,96.73
onpath,100,1961,200,73.22
onpath,100,1962,200,124.03
onpath,100,1963,200,86.85
onpath,100,1964,200,109.13
onpath,100,1965,200,99.36
onpath,100,1966,200,72.27
onpath,100,1967,200,98.95
onpath,100,1968,200,74.81
onpath,100,1969,200,76.04
onpath,100,1970,200,87.99
onpath,100,1971,200,103.43
onpath,100,1972,200,99.87
onpath,100,1973,200,117.68
onpath,100,1974,200,70.90
onpath,100,1975,200,89.02
onpath,100,1976,200,89.58
onpath,100,1977,200,104.85
onpath,100,1978,200,116.58
onpath,100,1979,200,78.71
onpath,100,1980,200,92.27
onpath,100,1981,200,78.74
onpath,100,1982,200,80.46
onpath,100,1983,200,105.77
onpath,100,1984,200,92.78
onpath,100,1985,200,105.07
onpath,100,1986,200,106.94
onpath,100,1987,200,114.24
onpath,100,1988,200,104.64
onpath,100,1989,200,103.39
onpath,100,1990,200,103.83
onpath,100,1991,200,81.32
onpath,100,1992,200,103.91
onpath,100,1993,200,107.96
onpath,100,1994,200,106.75
onpath,100,1995,200,105.34
onpath,100,1996,200,95.34
onpath,100,1997,200,76.44
onpath,100,1998,200,107.32
onpath,100,1999,200,106.90
onpath,200,0,200,65.89
onpath,200,1,200,67.64
onpath,200,2,200,71.29
onpath,200,3,200,71.06
onpath,200,4,200,72.83
onpath,200,5,200,76.43
onpath,200,6,200,76.91
onpath,200,7,200,77.66
onpath,200,8,200,78.16
onpath,200,9,200,78.17
onpath,200,10,200,85.07
onpath,200,11,200,88.55
onpath,200,12,200,90.80
onpath,200,13,200,93.44
onpath,200,14,200,94.14
onpath,200,15,200,94.62
onpath,200,16,200,94.35
onpath,200,17,200,94.30
onpath,200,18,200,95.10
onpath,200,19,200,100.64
onpath,200,20,200,101.63
onpath,200,21,200,101.35
onpath,200,22,200,101.93
onpath,200,23,200,103.41
onpath,200,24,200,103.58
onpath,200,25,200,104.07
onpath,200,26,200,112.25
onpath,200,27,200,116.24
onpath,200,28,200,115.53
onpath,200,29,200,117.09
onpath,200,30,200,117.17
onpath,200,31,200,118.30
onpath,200,32,200,118.27
onpath,200,33,200,121.14
onpath,200,34,200,121.58
onpath,200,35,200,122.53
onpath,200,36,200,126.21
onpath,200,37,200,123.24
onpath,200,38,200,126.22
onpath,200,39,200,131.67
onpath,200,40,200,132.98
onpath,200,41,200,133.04
onpath,200,42,200,133.93
onpath,200,43,200,131.25
onpath,200,44,200,134.59
onpath,200,45,200,126.22
onpath,200,46,200,135.27
onpath,200,47,200,134.18
onpath,200,48,200,134.79
onpath,200,49,200,134.88
onpath,200,50,200,135.12
onpath,200,51,200,136.18
onpath,200,52,200,135.59
onpath,200,53,200,137.27
onpath,200,54,200,135.93
onpath,200,55,200,138.61
onpath,200,56,200,143.97
onpath,200,57,200,140.42
onpath,200,58,200,141.31
onpath,200,59,200,135.32
onpath,200,60,200,145.15
onpath,200,61,200,148.94
onpath,200,62,200,146.02
onpath,200,63,200,150.55
onpath,200,64,200,150.31
onpath,200,65,200,146.45
onpath,200,66,200,150.13
onpath,200,67,200,154.91
onpath,200,68,200,154.70
onpath,200,69,200,155.47
onpath,200,70,200,157.31
onpath,200,71,200,158.01
onpath,200,72,200,177.24
onpath,200,73,200,177.83
onpath,200,74,200,176.77
onpath,200,75,200,176.88
onpath,200,76,200,180.59
onpath,200,77,200,175.24
onpath,200,78,200,174.72
onpath,200,79,200,181.29
onpath,200,80,200,181.78
onpath,200,81,200,182.36
onpath,200,82,200,175.10
onpath,200,83,200,181.32
onpath,200,84,200,175.38
onpath,200,85,200,185.45
onpath,200,86,200,193.59
onpath,200,87,200,190.12
onpath,200,88,200,196.19
onpath,200,89,200,198.33
onpath,200,90,200,197.75
onpath,200,91,200,124.20
onpath,200,92,200,193.68
onpath,200,93,200,203.02
onpath,200,94,200,194.53
onpath,200,95,200,210.47
onpath,200,96,200,214.86
onpath,200,97,200,223.00
onpath,200,98,200,215.98
onpath,200,99,200,223.63
onpath,200,100,200,153.23
onpath,200,101,200,118.29
onpath,200,102,200,218.54
onpath,200,103,200,225.06
onpath,200,104,200,230.61
onpath,200,105,200,239.59
onpath,200,106,200,237.86
onpath,200,107,200,243.85
onpath,200,108,200,244.22
onpath,200,109,200,238.88
onpath,200,110,200,244.04
onpath,200,111,200,129.98
onpath,200,112,200,273.07
onpath,200,113,200,178.57
onpath,200,114,200,180.99
onpath,200,115,200,278.94
onpath,200,116,200,281.86
onpath,200,117,200,157.72
onpath,200,118,200,171.46
onpath,200,119,200,282.28
onpath,200,120,200,275.92
onpath,200,121,200,275.25
onpath,200,122,200,275.17
onpath,200,123,200,279.33
onpath,200,124,200,283.54
onpath,200,125,200,280.99
onpath,200,126,200,281.34
onpath,200,127,200,276.89
onpath,200,128,200,281.52
onpath,200,129,200,281.29
onpath,200,130,200,284.81
onpath,200,131,200,169.87
onpath,200,132,200,285.67
onpath,200,133,200,285.29
onpath,200,134,200,279.59
onpath,200,135,200,280.16
onpath,200,136,200,286.36
onpath,200,137,200,280.91
onpath,200,138,200,287.33
onpath,200,139,200,286.96
onpath,200,140,200,287.16
onpath,200,141,200,281.77
onpath,200,142,200,294.35
onpath,200,143,200,287.52
onpath,200,144,200,288.16
onpath,200,145,200,286.80
onpath,200,146,200,195.64
onpath,200,147,200,298.38
onpath,200,148,200,183.51
onpath,200,149,200,315.91
onpath,200,150,200,309.65
onpath,200,151,200,319.94
onpath,200,152,200,319.28
onpath,200,153,200,320.87
onpath,200,154,200,322.22
onpath,200,155,200,213.66
onpath,200,156,200,265.25
onpath,200,157,200,283.64
onpath,200,158,200,352.83
onpath,200,159,200,229.70
onpath,200,160,200,353.40
onpath,200,161,200,354.86
onpath,200,162,200,361.38
onpath,200,163,200,269.38
onpath,200,164,200,232.77
onpath,200,165,200,230.82
onpath,200,166,200,361.41
onpath,200,167,200,365.07
onpath,200,168,200,290.67
onpath,200,169,200,225.75
onpath,200,170,200,245.64
onpath,200,171,200,365.60
onpath,200,172,200,220.86
onpath,200,173,200,277.96
onpath,200,174,200,213.32
onpath,200,175,200,257.58
onpath,200,176,200,270.59
onpath,200,177,200,224.72
onpath,200,178,200,190.10
onpath,200,179,200,366.98
onpath,200,180,200,374.22
onpath,200,181,200,282.88
onpath,200,182,200,372.15
onpath,200,183,200,374.59
onpath,200,184,200,367.09
onpath,200,185,200,226.90
onpath,200,186,200,278.13
onpath,200,187,200,371.00
onpath,200,188,200,375.46
onpath,200,189,200,246.31
onpath,200,190,200,379.61
onpath,200,191,200,376.17
onpath,200,192,200,232.67
onpath,200,193,200,372.14
onpath,200,194,200,242.73
onpath,200,195,200,246.70
onpath,200,196,200,297.32
onpath,200,197,200,374.69
onpath,200,198,200,374.19
onpath,200,199,200,374.47
onpath,200,200,200,373.53
onpath,200,201,200,249.17
onpath,200,202,200,282.46
onpath,200,203,200,289.81
onpath,200,204,200,376.79
onpath,200,205,200,262.48
onpath,200,206,200,375.11
onpath,200,207,200,375.10
onpath,200,208,200,241.40
onpath,200,209,200,383.62
onpath,200,210,200,377.10
onpath,200,211,200,377.75
onpath,200,212,200,255.11
onpath,200,213,200,273.39
onpath,200,214,200,402.63
onpath,200,215,200,284.55
onpath,200,216,200,406.94
onpath,200,217,200,402.11
onpath,200,218,200,261.72
onpath,200,219,200,125.23
onpath,200,220,200,257.36
onpath,200,221,200,404.20
onpath,200,222,200,280.92
onpath,200,223,200,231.90
onpath,200,224,200,219.46
onpath,200,225,200,189.49
onpath,200,226,200,408.99
onpath,200,227,200,413.70
onpath,200,228,200,409.28
onpath,200,229,200,413.10
onpath,200,230,200,273.92
onpath,200,231,200,328.03
onpath,200,232,200,416.32
onpath,200,233,200,223.71
onpath,200,234,200,415.63
onpath,200,235,200,238.14
onpath,200,236,200,415.04
onpath,200,237,200,277.64
onpath,200,238,200,334.18
onpath,200,239,200,418.75
onpath,200,240,200,198.58
onpath,200,241,200,199.61
onpath,200,242,200,416.58
onpath,200,243,200,298.36
onpath,200,244,200,245.69
onpath,200,245,200,199.55
onpath,200,246,200,299.56
onpath,200,247,200,242.26
onpath,200,248,200,419.46
onpath,200,249,200,299.03
onpath,200,250,200,424.46
onpath,200,251,200,423.79
onpath,200,252,200,425.64
onpath,200,253,200,147.47
onpath,200,254,200,431.81
onpath,200,255,200,364.76
onpath,200,256,200,307.22
onpath,200,257,200,245.50
onpath,200,258,200,243.26
onpath,200,259,200,263.71
onpath,200,260,200,93.82
onpath,200,261,200,220.93
onpath,200,262,200,225.65
onpath,200,263,200,334.84
onpath,200,264,200,190.70
onpath,200,265,200,110.45
onpath,200,266,200,183.49
onpath,200,267,200,194.65
onpath,200,268,200,472.78
onpath,200,269,200,197.18
onpath,200,270,200,125.85
onpath,200,271,200,129.71
onpath,200,272,200,122.77
onpath,200,273,200,133.09
onpath,200,274,200,320.45
onpath,200,275,200,433.55
onpath,200,276,200,369.85
onpath,200,277,200,147.00
onpath,200,278,200,216.80
onpath,200,279,200,435.79
onpath,200,280,200,147.18
onpath,200,281,200,504.62
onpath,200,282,200,442.59
onpath,200,283,200,505.28
onpath,200,284,200,139.52
onpath,200,285,200,269.78
onpath,200,286,200,138.39
onpath,200,287,200,311.06
onpath,200,288,200,228.72
onpath,200,289,200,457.37
onpath,200,290,200,138.17
onpath,200,291,200,328.13
onpath,200,292,200,299.77
onpath,200,293,200,153.65
onpath,200,294,200,392.70
onpath,200,295,200,242.33
onpath,200,296,200,411.01
onpath,200,297,200,250.17
onpath,200,298,200,244.48
onpath,200,299,200,251.68
onpath,200,300,200,159.83
onpath,200,301,200,527.89
onpath,200,302,200,419.69
onpath,200,303,200,399.97
onpath,200,304,200,164.96
onpath,200,305,200,162.77
onpath,200,306,200,358.91
onpath,200,307,200,159.78
onpath,200,308,200,168.40
onpath,200,309,200,253.47
onpath,200,310,200,257.03
onpath,200,311,200,406.51
onpath,200,312,200,157.01
onpath,200,313,200,129.58
onpath,200,314,200,464.98
onpath,200,315,200,536.97
onpath,200,316,200,255.96
onpath,200,317,200,172.20
onpath,200,318,200,259.03
onpath,200,319,200,126.49
onpath,200,320,200,298.74
onpath,200,321,200,119.52
onpath,200,322,200,121.31
onpath,200,323,200,182.30
onpath,200,324,200,215.95
onpath,200,325,200,135.39
onpath,200,326,200,257.10
onpath,200,327,200,378.43
onpath,200,328,200,148.73
onpath,200,329,200,181.61
onpath,200,330,200,140.42
onpath,200,331,200,153.36
onpath,200,332,200,192.15
onpath,200,333,200,197.00
onpath,200,334,200,112.55
onpath,200,335,200,224.70
onpath,200,336,200,313.89
onpath,200,337,200,322.08
onpath,200,338,200,187.50
onpath,200,339,200,227.64
onpath,200,340,200,225.95
onpath,200,341,200,188.09
onpath,200,342,200,183.88
onpath,200,343,200,172.01
onpath,200,344,200,194.74
onpath,200,345,200,291.03
onpath,200,346,200,197.64
onpath,200,347,200,113.17
onpath,200,348,200,344.73
onpath,200,349,200,216.03
onpath,200,350,200,344.93
onpath,200,351,200,416.69
onpath,200,352,200,138.62
onpath,200,353,200,463.44
onpath,200,354,200,151.97
onpath,200,355,200,406.59
onpath,200,356,200,229.69
onpath,200,357,200,277.32
onpath,200,358,200,255.20
onpath,200,359,200,169.25
onpath,200,360,200,385.95
onpath,200,361,200,204.49
onpath,200,362,200,386.11
onpath,200,363,200,386.15
onpath,200,364,200,342.49
onpath,200,365,200,488.90
onpath,200,366,200,296.16
onpath,200,367,200,257.44
onpath,200,368,200,187.21
onpath,200,369,200,304.05
onpath,200,370,200,481.12
onpath,200,371,200,351.71
onpath,200,372,200,502.41
onpath,200,373,200,497.26
onpath,200,374,200,236.81
onpath,200,375,200,385.23
onpath,200,376,200,395.59
onpath,200,377,200,381.81
onpath,200,378,200,396.21
onpath,200,379,200,268.46
onpath,200,380,200,176.61
onpath,200,381,200,267.61
onpath,200,382,200,259.28
onpath,200,383,200,308.48
onpath,200,384,200,447.05
onpath,200,385,200,459.99
onpath,200,386,200,328.60
onpath,200,387,200,281.31
onpath,200,388,200,408.49
onpath,200,389,200,264.10
onpath,200,390,200,161.68
onpath,200,391,200,696.63
onpath,200,392,200,613.80
onpath,200,393,200,280.99
onpath,200,394,200,179.56
onpath,200,395,200,458.13
onpath,200,396,200,506.19
onpath,200,397,200,175.36
onpath,200,398,200,566.13
onpath,200,399,200,585.60
onpath,200,400,200,432.01
onpath,200,401,200,206.15
onpath,200,402,200,177.49
onpath,200,403,200,336.71
onpath,200,404,200,182.51
onpath,200,405,200,419.48
onpath,200,406,200,218.25
onpath,200,407,200,118.33
onpath,200,408,200,532.42
onpath,200,409,200,320.70
onpath,200,410,200,239.23
onpath,200,411,200,273.63
onpath,200,412,200,320.28
onpath,200,413,200,335.09
onpath,200,414,200,201.85
onpath,200,415,200,145.23
onpath,200,416,200,216.12
onpath,200,417,200,382.71
onpath,200,418,200,380.43
onpath,200,419,200,385.78
onpath,200,420,200,387.86
onpath,200,421,200,559.92
onpath,200,422,200,261.96
onpath,200,423,200,222.94
onpath,200,424,200,226.54
onpath,200,425,200,341.07
onpath,200,426,200,281.78
onpath,200,427,200,466.20
onpath,200,428,200,233.90
onpath,200,429,200,478.64
onpath,200,430,200,156.06
onpath,200,431,200,756.52
onpath,200,432,200,315.98
onpath,200,433,200,323.45
onpath,200,434,200,381.82
onpath,200,435,200,388.51
onpath,200,436,200,251.89
onpath,200,437,200,234.53
onpath,200,438,200,755.18
onpath,200,439,200,757.06
onpath,200,440,200,383.86
onpath,200,441,200,161.31
onpath,200,442,200,262.60
onpath,200,443,200,280.81
onpath,200,444,200,356.60
onpath,200,445,200,476.61
onpath,200,446,200,237.55
onpath,200,447,200,250.82
onpath,200,448,200,414.08
onpath,200,449,200,255.37
onpath,200,450,200,503.63
onpath,200,451,200,247.90
onpath,200,452,200,254.44
onpath,200,453,200,124.81
onpath,200,454,200,154.86
onpath,200,455,200,414.13
onpath,200,456,200,376.47
onpath,200,457,200,395.36
onpath,200,458,200,333.00
onpath,200,459,200,647.81
onpath,200,460,200,317.19
onpath,200,461,200,797.49
onpath,200,462,200,365.81
onpath,200,463,200,420.06
onpath,200,464,200,260.10
onpath,200,465,200,438.09
onpath,200,466,200,226.11
onpath,200,467,200,422.84
onpath,200,468,200,141.27
onpath,200,469,200,524.12
onpath,200,470,200,166.48
onpath,200,471,200,386.20
onpath,200,472,200,653.25
onpath,200,473,200,488.24
onpath,200,474,200,350.31
onpath,200,475,200,456.88
onpath,200,476,200,813.78
onpath,200,477,200,406.96
onpath,200,478,200,441.80
onpath,200,479,200,318.93
onpath,200,480,200,456.26
onpath,200,481,200,348.73
onpath,200,482,200,173.40
onpath,200,483,200,210.13
onpath,200,484,200,457.80
onpath,200,485,200,469.76
onpath,200,486,200,618.72
onpath,200,487,200,304.66
onpath,200,488,200,286.90
onpath,200,489,200,417.82
onpath,200,490,200,170.85
onpath,200,491,200,467.15
onpath,200,492,200,181.75
onpath,200,493,200,178.25
onpath,200,494,200,200.43
onpath,200,495,200,191.86
onpath,200,496,200,170.14
onpath,200,497,200,346.66
onpath,200,498,200,689.82
onpath,200,499,200,129.22
onpath,200,500,200,390.94
onpath,200,501,200,308.11
onpath,200,502,200,203.15
onpath,200,503,200,462.31
onpath,200,504,200,267.11
onpath,200,505,200,451.75
onpath,200,506,200,425.76
onpath,200,507,200,230.38
onpath,200,508,200,153.51
onpath,200,509,200,170.43
onpath,200,510,200,369.62
onpath,200,511,200,182.77
onpath,200,512,200,290.40
onpath,200,513,200,258.77
onpath,200,514,200,171.59
onpath,200,515,200,461.01
onpath,200,516,200,153.77
onpath,200,517,200,558.95
onpath,200,518,200,268.27
onpath,200,519,200,269.22
onpath,200,520,200,362.38
onpath,200,521,200,511.61
onpath,200,522,200,336.43
onpath,200,523,200,332.01
onpath,200,524,200,207.68
onpath,200,525,200,312.34
onpath,200,526,200,342.15
onpath,200,527,200,233.13
onpath,200,528,200,443.30
onpath,200,529,200,207.92
onpath,200,530,200,332.56
onpath,200,531,200,158.13
onpath,200,532,200,314.12
onpath,200,533,200,333.71
onpath,200,534,200,315.55
onpath,200,535,200,207.96
onpath,200,536,200,663.13
onpath,200,537,200,186.79
onpath,200,538,200,186.78
onpath,200,539,200,158.20
onpath,200,540,200,357.06
onpath,200,541,200,334.91
onpath,200,542,200,341.20
onpath,200,543,200,170.45
onpath,200,544,200,462.46
onpath,200,545,200,187.53
onpath,200,546,200,514.28
onpath,200,547,200,498.11
onpath,200,548,200,261.20
onpath,200,549,200,138.52
onpath,200,550,200,409.52
onpath,200,551,200,500.84
onpath,200,552,200,230.06
onpath,200,553,200,200.33
onpath,200,554,200,178.75
onpath,200,555,200,201.33
onpath,200,556,200,343.14
onpath,200,557,200,182.68
onpath,200,558,200,162.18
onpath,200,559,200,284.24
onpath,200,560,200,368.69
onpath,200,561,200,299.07
onpath,200,562,200,369.69
onpath,200,563,200,500.14
onpath,200,564,200,449.71
onpath,200,565,200,471.31
onpath,200,566,200,257.52
onpath,200,567,200,517.94
onpath,200,568,200,190.79
onpath,200,569,200,246.10
onpath,200,570,200,123.06
onpath,200,571,200,278.95
onpath,200,572,200,350.53
onpath,200,573,200,214.73
onpath,200,574,200,214.59
onpath,200,575,200,371.46
onpath,200,576,200,206.29
onpath,200,577,200,182.09
onpath,200,578,200,125.04
onpath,200,579,200,196.10
onpath,200,580,200,125.82
onpath,200,581,200,168.64
onpath,200,582,200,76.51
onpath,200,583,200,236.44
onpath,200,584,200,313.99
onpath,200,585,200,78.80
onpath,200,586,200,104.35
onpath,200,587,200,98.66
onpath,200,588,200,366.92
onpath,200,589,200,161.14
onpath,200,590,200,93.54
onpath,200,591,200,397.47
onpath,200,592,200,393.34
onpath,200,593,200,101.61
onpath,200,594,200,125.29
onpath,200,595,200,94.90
onpath,200,596,200,245.48
onpath,200,597,200,514.99
onpath,200,598,200,525.27
onpath,200,599,200,134.99
onpath,200,600,200,125.77
onpath,200,601,200,178.50
onpath,200,602,200,140.89
onpath,200,603,200,185.14
onpath,200,604,200,106.34
onpath,200,605,200,105.38
onpath,200,606,200,202.52
onpath,200,607,200,125.29
onpath,200,608,200,124.94
onpath,200,609,200,276.80
onpath,200,610,200,478.85
onpath,200,611,200,195.00
onpath,200,612,200,218.49
onpath,200,613,200,679.09
onpath,200,614,200,288.17
onpath,200,615,200,456.92
onpath,200,616,200,119.12
onpath,200,617,200,610.04
onpath,200,618,200,272.94
onpath,200,619,200,122.86
onpath,200,620,200,184.99
onpath,200,621,200,250.77
onpath,200,622,200,232.61
onpath,200,623,200,462.57
onpath,200,624,200,123.30
onpath,200,625,200,183.91
onpath,200,626,200,121.74
onpath,200,627,200,192.59
onpath,200,628,200,154.57
onpath,200,629,200,194.22
onpath,200,630,200,253.29
onpath,200,631,200,235.14
onpath,200,632,200,350.38
onpath,200,633,200,463.78
onpath,200,634,200,196.79
onpath,200,635,200,124.44
onpath,200,636,200,122.98
onpath,200,637,200,320.70
onpath,200,638,200,158.24
onpath,200,639,200,319.56
onpath,200,640,200,124.50
onpath,200,641,200,122.84
onpath,200,642,200,151.85
onpath,200,643,200,457.28
onpath,200,644,200,238.22
onpath,200,645,200,460.35
onpath,200,646,200,233.91
onpath,200,647,200,240.17
onpath,200,648,200,321.82
onpath,200,649,200,239.97
onpath,200,650,200,181.59
onpath,200,651,200,129.48
onpath,200,652,200,197.88
onpath,200,653,200,131.08
onpath,200,654,200,316.96
onpath,200,655,200,167.81
onpath,200,656,200,249.24
onpath,200,657,200,170.93
onpath,200,658,200,255.04
onpath,200,659,200,143.71
onpath,200,660,200,146.24
onpath,200,661,200,141.71
onpath,200,662,200,216.11
onpath,200,663,200,151.59
onpath,200,664,200,151.53
onpath,200,665,200,291.49
onpath,200,666,200,234.70
onpath,200,667,200,306.76
onpath,200,668,200,251.21
onpath,200,669,200,176.77
onpath,200,670,200,174.94
onpath,200,671,200,284.25
onpath,200,672,200,200.22
onpath,200,673,200,265.39
onpath,200,674,200,203.73
onpath,200,675,200,396.95
onpath,200,676,200,199.87
onpath,200,677,200,170.94
onpath,200,678,200,287.72
onpath,200,679,200,226.64
onpath,200,680,200,229.04
onpath,200,681,200,301.25
onpath,200,682,200,224.62
onpath,200,683,200,230.11
onpath,200,684,200,228.03
onpath,200,685,200,384.41
onpath,200,686,200,235.76
onpath,200,687,200,233.49
onpath,200,688,200,236.62
onpath,200,689,200,350.14
onpath,200,690,200,312.67
onpath,200,691,200,233.04
onpath,200,692,200,241.33
onpath,200,693,200,315.62
onpath,200,694,200,233.35
onpath,200,695,200,240.02
onpath,200,696,200,348.39
onpath,200,697,200,436.13
onpath,200,698,200,239.10
onpath,200,699,200,234.16
onpath,200,700,200,240.54
onpath,200,701,200,241.61
onpath,200,702,200,240.19
onpath,200,703,200,234.85
onpath,200,704,200,321.95
onpath,200,705,200,357.50
onpath,200,706,200,234.26
onpath,200,707,200,238.22
onpath,200,708,200,356.59
onpath,200,709,200,239.78
onpath,200,710,200,429.74
onpath,200,711,200,184.68
onpath,200,712,200,271.30
onpath,200,713,200,178.31
onpath,200,714,200,239.01
onpath,200,715,200,334.81
onpath,200,716,200,243.63
onpath,200,717,200,244.98
onpath,200,718,200,275.72
onpath,200,719,200,241.53
onpath,200,720,200,164.36
onpath,200,721,200,366.90
onpath,200,722,200,135.10
onpath,200,723,200,181.12
onpath,200,724,200,244.33
onpath,200,725,200,245.63
onpath,200,726,200,248.19
onpath,200,727,200,134.32
onpath,200,728,200,206.09
onpath,200,729,200,131.32
onpath,200,730,200,137.87
onpath,200,731,200,248.07
onpath,200,732,200,134.77
onpath,200,733,200,252.36
onpath,200,734,200,363.70
onpath,200,735,200,265.26
onpath,200,736,200,257.39
onpath,200,737,200,255.03
onpath,200,738,200,200.88
onpath,200,739,200,375.13
onpath,200,740,200,267.14
onpath,200,741,200,263.40
onpath,200,742,200,128.76
onpath,200,743,200,145.13
onpath,200,744,200,140.17
onpath,200,745,200,255.39
onpath,200,746,200,194.38
onpath,200,747,200,262.29
onpath,200,748,200,267.95
onpath,200,749,200,390.58
onpath,200,750,200,211.65
onpath,200,751,200,194.37
onpath,200,752,200,278.17
onpath,200,753,200,390.03
onpath,200,754,200,275.06
onpath,200,755,200,274.03
onpath,200,756,200,152.72
onpath,200,757,200,54.25
onpath,200,758,200,271.04
onpath,200,759,200,221.27
onpath,200,760,200,278.35
onpath,200,761,200,226.73
onpath,200,762,200,158.23
onpath,200,763,200,403.85
onpath,200,764,200,168.50
onpath,200,765,200,69.75
onpath,200,766,200,380.53
onpath,200,767,200,67.40
onpath,200,768,200,150.81
onpath,200,769,200,295.07
onpath,200,770,200,301.33
onpath,200,771,200,224.10
onpath,200,772,200,297.86
onpath,200,773,200,303.13
onpath,200,774,200,292.82
onpath,200,775,200,444.63
onpath,200,776,200,199.97
onpath,200,777,200,317.20
onpath,200,778,200,205.23
onpath,200,779,200,206.91
onpath,200,780,200,124.73
onpath,200,781,200,198.70
onpath,200,782,200,265.81
onpath,200,783,200,312.80
onpath,200,784,200,320.22
onpath,200,785,200,317.90
onpath,200,786,200,322.81
onpath,200,787,200,441.32
onpath,200,788,200,324.83
onpath,200,789,200,128.84
onpath,200,790,200,126.92
onpath,200,791,200,68.50
onpath,200,792,200,127.50
onpath,200,793,200,324.58
onpath,200,794,200,299.91
onpath,200,795,200,206.93
onpath,200,796,200,186.93
onpath,200,797,200,210.67
onpath,200,798,200,276.71
onpath,200,799,200,165.60
onpath,200,800,200,213.38
onpath,200,801,200,445.81
onpath,200,802,200,165.78
onpath,200,803,200,337.34
onpath,200,804,200,425.65
onpath,200,805,200,333.96
onpath,200,806,200,219.62
onpath,200,807,200,227.29
onpath,200,808,200,458.36
onpath,200,809,200,331.88
onpath,200,810,200,271.92
onpath,200,811,200,104.52
onpath,200,812,200,453.08
onpath,200,813,200,102.52
onpath,200,814,200,118.92
onpath,200,815,200,338.73
onpath,200,816,200,338.78
onpath,200,817,200,146.06
onpath,200,818,200,274.08
onpath,200,819,200,118.74
onpath,200,820,200,145.95
onpath,200,821,200,350.52
onpath,200,822,200,203.75
onpath,200,823,200,83.53
onpath,200,824,200,122.77
onpath,200,825,200,101.93
onpath,200,826,200,103.34
onpath,200,827,200,107.49
onpath,200,828,200,219.67
onpath,200,829,200,121.33
onpath,200,830,200,104.87
onpath,200,831,200,108.33
onpath,200,832,200,107.66
onpath,200,833,200,154.27
onpath,200,834,200,233.06
onpath,200,835,200,222.17
onpath,200,836,200,232.05
onpath,200,837,200,232.13
onpath,200,838,200,121.15
onpath,200,839,200,117.68
onpath,200,840,200,105.56
onpath,200,841,200,140.65
onpath,200,842,200,107.77
onpath,200,843,200,130.10
onpath,200,844,200,116.93
onpath,200,845,200,137.53
onpath,200,846,200,227.49
onpath,200,847,200,133.23
onpath,200,848,200,136.46
onpath,200,849,200,108.79
onpath,200,850,200,149.66
onpath,200,851,200,152.29
onpath,200,852,200,141.10
onpath,200,853,200,287.02
onpath,200,854,200,130.08
onpath,200,855,200,81.36
onpath,200,856,200,157.72
onpath,200,857,200,167.20
onpath,200,858,200,403.38
onpath,200,859,200,154.74
onpath,200,860,200,290.77
onpath,200,861,200,159.65
onpath,200,862,200,140.76
onpath,200,863,200,119.95
onpath,200,864,200,177.00
onpath,200,865,200,138.43
onpath,200,866,200,161.42
onpath,200,867,200,285.76
onpath,200,868,200,119.28
onpath,200,869,200,149.58
onpath,200,870,200,258.11
onpath,200,871,200,311.29
onpath,200,872,200,309.85
onpath,200,873,200,190.86
onpath,200,874,200,436.44
onpath,200,875,200,183.34
onpath,200,876,200,202.23
onpath,200,877,200,196.39
onpath,200,878,200,129.43
onpath,200,879,200,214.22
onpath,200,880,200,209.03
onpath,200,881,200,319.00
onpath,200,882,200,204.09
onpath,200,883,200,208.49
onpath,200,884,200,493.87
onpath,200,885,200,208.69
onpath,200,886,200,201.59
onpath,200,887,200,334.73
onpath,200,888,200,241.22
onpath,200,889,200,201.98
onpath,200,890,200,242.54
onpath,200,891,200,212.12
onpath,200,892,200,230.19
onpath,200,893,200,164.60
onpath,200,894,200,377.81
onpath,200,895,200,486.71
onpath,200,896,200,502.67
onpath,200,897,200,499.99
onpath,200,898,200,532.69
onpath,200,899,200,178.52
onpath,200,900,200,407.31
onpath,200,901,200,179.72
onpath,200,902,200,140.71
onpath,200,903,200,234.67
onpath,200,904,200,386.25
onpath,200,905,200,203.69
onpath,200,906,200,409.05
onpath,200,907,200,282.00
onpath,200,908,200,484.75
onpath,200,909,200,429.33
onpath,200,910,200,214.68
onpath,200,911,200,507.73
onpath,200,912,200,420.66
onpath,200,913,200,178.97
onpath,200,914,200,204.83
onpath,200,915,200,221.04
onpath,200,916,200,272.73
onpath,200,917,200,555.26
onpath,200,918,200,226.32
onpath,200,919,200,429.08
onpath,200,920,200,258.79
onpath,200,921,200,423.83
onpath,200,922,200,431.40
onpath,200,923,200,207.57
onpath,200,924,200,577.46
onpath,200,925,200,221.52
onpath,200,926,200,301.83
onpath,200,927,200,471.15
onpath,200,928,200,204.68
onpath,200,929,200,250.33
onpath,200,930,200,138.01
onpath,200,931,200,209.99
onpath,200,932,200,667.67
onpath,200,933,200,207.72
onpath,200,934,200,206.16
onpath,200,935,200,147.54
onpath,200,936,200,547.02
onpath,200,937,200,229.61
onpath,200,938,200,295.51
onpath,200,939,200,444.63
onpath,200,940,200,167.73
onpath,200,941,200,550.67
onpath,200,942,200,209.86
onpath,200,943,200,195.53
onpath,200,944,200,543.68
onpath,200,945,200,559.91
onpath,200,946,200,437.47
onpath,200,947,200,668.80
onpath,200,948,200,123.64
onpath,200,949,200,210.20
onpath,200,950,200,235.91
onpath,200,951,200,120.20
onpath,200,952,200,544.21
onpath,200,953,200,210.89
onpath,200,954,200,173.66
onpath,200,955,200,219.42
onpath,200,956,200,593.79
onpath,200,957,200,124.99
onpath,200,958,200,100.28
onpath,200,959,200,106.02
onpath,200,960,200,138.17
onpath,200,961,200,519.27
onpath,200,962,200,132.88
onpath,200,963,200,530.57
onpath,200,964,200,109.14
onpath,200,965,200,457.89
onpath,200,966,200,226.05
onpath,200,967,200,303.19
onpath,200,968,200,584.91
onpath,200,969,200,250.71
onpath,200,970,200,449.68
onpath,200,971,200,260.26
onpath,200,972,200,244.62
onpath,200,973,200,223.82
onpath,200,974,200,264.47
onpath,200,975,200,469.87
onpath,200,976,200,251.40
onpath,200,977,200,101.44
onpath,200,978,200,226.37
onpath,200,979,200,66.98
onpath,200,980,200,127.17
onpath,200,981,200,195.13
onpath,200,982,200,294.85
onpath,200,983,200,452.55
onpath,200,984,200,195.92
onpath,200,985,200,284.07
onpath,200,986,200,162.87
onpath,200,987,200,201.14
onpath,200,988,200,568.54
onpath,200,989,200,235.68
onpath,200,990,200,267.35
onpath,200,991,200,493.49
onpath,200,992,200,299.75
onpath,200,993,200,243.39
onpath,200,994,200,101.05
onpath,200,995,200,150.12
onpath,200,996,200,106.19
onpath,200,997,200,277.97
onpath,200,998,200,757.97
onpath,200,999,200,313.54
onpath,200,1000,200,106.56
onpath,200,1001,200,349.70
onpath,200,1002,200,535.13
onpath,200,1003,200,268.62
onpath,200,1004,200,660.67
onpath,200,1005,200,314.56
onpath,200,1006,200,313.51
onpath,200,1007,200,314.77
onpath,200,1008,200,536.51
onpath,200,1009,200,191.87
onpath,200,1010,200,156.11
onpath,200,1011,200,589.00
onpath,200,1012,200,318.02
onpath,200,1013,200,675.17
onpath,200,1014,200,173.28
onpath,200,1015,200,126.62
onpath,200,1016,200,110.11
onpath,200,1017,200,130.82
onpath,200,1018,200,127.05
onpath,200,1019,200,352.96
onpath,200,1020,200,404.52
onpath,200,1021,200,266.86
onpath,200,1022,200,398.96
onpath,200,1023,200,141.84
onpath,200,1024,200,279.57
onpath,200,1025,200,138.95
onpath,200,1026,200,143.20
onpath,200,1027,200,258.37
onpath,200,1028,200,145.70
onpath,200,1029,200,302.70
onpath,200,1030,200,140.25
onpath,200,1031,200,152.39
onpath,200,1032,200,304.48
onpath,200,1033,200,330.45
onpath,200,1034,200,156.03
onpath,200,1035,200,273.30
onpath,200,1036,200,589.57
onpath,200,1037,200,154.15
onpath,200,1038,200,321.79
onpath,200,1039,200,361.60
onpath,200,1040,200,247.66
onpath,200,1041,200,143.17
onpath,200,1042,200,130.96
onpath,200,1043,200,365.01
onpath,200,1044,200,467.86
onpath,200,1045,200,155.81
onpath,200,1046,200,825.06
onpath,200,1047,200,451.80
onpath,200,1048,200,207.13
onpath,200,1049,200,156.31
onpath,200,1050,200,387.50
onpath,200,1051,200,185.37
onpath,200,1052,200,308.20
onpath,200,1053,200,355.03
onpath,200,1054,200,345.45
onpath,200,1055,200,367.95
onpath,200,1056,200,321.65
onpath,200,1057,200,451.20
onpath,200,1058,200,421.71
onpath,200,1059,200,369.47
onpath,200,1060,200,408.86
onpath,200,1061,200,92.45
onpath,200,1062,200,138.43
onpath,200,1063,200,153.78
onpath,200,1064,200,500.70
onpath,200,1065,200,504.63
onpath,200,1066,200,194.73
onpath,200,1067,200,515.53
onpath,200,1068,200,524.23
onpath,200,1069,200,229.67
onpath,200,1070,200,421.34
onpath,200,1071,200,355.07
onpath,200,1072,200,443.77
onpath,200,1073,200,114.27
onpath,200,1074,200,427.25
onpath,200,1075,200,141.00
onpath,200,1076,200,243.46
onpath,200,1077,200,278.15
onpath,200,1078,200,277.16
onpath,200,1079,200,530.58
onpath,200,1080,200,275.96
onpath,200,1081,200,434.11
onpath,200,1082,200,458.47
onpath,200,1083,200,261.21
onpath,200,1084,200,247.27
onpath,200,1085,200,403.04
onpath,200,1086,200,455.07
onpath,200,1087,200,257.19
onpath,200,1088,200,529.82
onpath,200,1089,200,486.82
onpath,200,1090,200,170.40
onpath,200,1091,200,254.95
onpath,200,1092,200,576.17
onpath,200,1093,200,229.17
onpath,200,1094,200,167.32
onpath,200,1095,200,260.56
onpath,200,1096,200,257.54
onpath,200,1097,200,257.75
onpath,200,1098,200,256.98
onpath,200,1099,200,260.60
onpath,200,1100,200,256.93
onpath,200,1101,200,216.13
onpath,200,1102,200,260.76
onpath,200,1103,200,260.73
onpath,200,1104,200,258.88
onpath,200,1105,200,259.88
onpath,200,1106,200,465.85
onpath,200,1107,200,258.51
onpath,200,1108,200,533.85
onpath,200,1109,200,184.34
onpath,200,1110,200,218.72
onpath,200,1111,200,79.33
onpath,200,1112,200,101.64
onpath,200,1113,200,244.94
onpath,200,1114,200,260.79
onpath,200,1115,200,261.52
onpath,200,1116,200,104.38
onpath,200,1117,200,257.79
onpath,200,1118,200,106.02
onpath,200,1119,200,120.68
onpath,200,1120,200,107.02
onpath,200,1121,200,266.28
onpath,200,1122,200,176.37
onpath,200,1123,200,115.44
onpath,200,1124,200,234.56
onpath,200,1125,200,124.70
onpath,200,1126,200,259.43
onpath,200,1127,200,288.58
onpath,200,1128,200,288.37
onpath,200,1129,200,602.42
onpath,200,1130,200,569.28
onpath,200,1131,200,589.01
onpath,200,1132,200,141.22
onpath,200,1133,200,252.67
onpath,200,1134,200,531.53
onpath,200,1135,200,211.36
onpath,200,1136,200,565.12
onpath,200,1137,200,187.97
onpath,200,1138,200,134.22
onpath,200,1139,200,497.68
onpath,200,1140,200,542.92
onpath,200,1141,200,201.38
onpath,200,1142,200,508.99
onpath,200,1143,200,177.37
onpath,200,1144,200,611.56
onpath,200,1145,200,310.27
onpath,200,1146,200,513.17
onpath,200,1147,200,564.90
onpath,200,1148,200,330.39
onpath,200,1149,200,214.22
onpath,200,1150,200,189.74
onpath,200,1151,200,633.78
onpath,200,1152,200,610.17
onpath,200,1153,200,166.01
onpath,200,1154,200,291.97
onpath,200,1155,200,117.33
onpath,200,1156,200,219.09
onpath,200,1157,200,300.00
onpath,200,1158,200,200.84
onpath,200,1159,200,225.70
onpath,200,1160,200,165.59
onpath,200,1161,200,223.53
onpath,200,1162,200,296.51
onpath,200,1163,200,247.88
onpath,200,1164,200,227.86
onpath,200,1165,200,194.30
onpath,200,1166,200,355.69
onpath,200,1167,200,256.73
onpath,200,1168,200,262.49
onpath,200,1169,200,258.39
onpath,200,1170,200,201.52
onpath,200,1171,200,325.97
onpath,200,1172,200,180.23
onpath,200,1173,200,223.16
onpath,200,1174,200,159.33
onpath,200,1175,200,611.10
onpath,200,1176,200,218.80
onpath,200,1177,200,381.68
onpath,200,1178,200,708.14
onpath,200,1179,200,287.48
onpath,200,1180,200,295.96
onpath,200,1181,200,394.90
onpath,200,1182,200,394.12
onpath,200,1183,200,239.02
onpath,200,1184,200,688.34
onpath,200,1185,200,379.50
onpath,200,1186,200,235.76
onpath,200,1187,200,266.51
onpath,200,1188,200,682.99
onpath,200,1189,200,366.69
onpath,200,1190,200,620.63
onpath,200,1191,200,233.55
onpath,200,1192,200,323.92
onpath,200,1193,200,352.06
onpath,200,1194,200,687.10
onpath,200,1195,200,190.62
onpath,200,1196,200,381.92
onpath,200,1197,200,362.64
onpath,200,1198,200,670.76
onpath,200,1199,200,353.12
onpath,200,1200,200,377.40
onpath,200,1201,200,380.40
onpath,200,1202,200,237.53
onpath,200,1203,200,295.27
onpath,200,1204,200,325.98
onpath,200,1205,200,254.51
onpath,200,1206,200,234.80
onpath,200,1207,200,317.60
onpath,200,1208,200,290.64
onpath,200,1209,200,180.70
onpath,200,1210,200,398.14
onpath,200,1211,200,381.09
onpath,200,1212,200,239.62
onpath,200,1213,200,239.35
onpath,200,1214,200,378.60
onpath,200,1215,200,269.17
onpath,200,1216,200,398.43
onpath,200,1217,200,376.31
onpath,200,1218,200,256.61
onpath,200,1219,200,257.05
onpath,200,1220,200,193.30
onpath,200,1221,200,320.96
onpath,200,1222,200,117.65
onpath,200,1223,200,150.38
onpath,200,1224,200,650.31
onpath,200,1225,200,354.17
onpath,200,1226,200,201.11
onpath,200,1227,200,230.05
onpath,200,1228,200,669.77
onpath,200,1229,200,255.15
onpath,200,1230,200,710.12
onpath,200,1231,200,324.51
onpath,200,1232,200,710.82
onpath,200,1233,200,694.74
onpath,200,1234,200,223.49
onpath,200,1235,200,164.99
onpath,200,1236,200,266.95
onpath,200,1237,200,226.73
onpath,200,1238,200,210.61
onpath,200,1239,200,244.12
onpath,200,1240,200,286.83
onpath,200,1241,200,365.07
onpath,200,1242,200,245.76
onpath,200,1243,200,185.07
onpath,200,1244,200,564.55
onpath,200,1245,200,565.51
onpath,200,1246,200,201.82
onpath,200,1247,200,260.66
onpath,200,1248,200,569.74
onpath,200,1249,200,261.94
onpath,200,1250,200,266.91
onpath,200,1251,200,205.46
onpath,200,1252,200,247.18
onpath,200,1253,200,343.54
onpath,200,1254,200,323.22
onpath,200,1255,200,668.10
onpath,200,1256,200,274.10
onpath,200,1257,200,273.96
onpath,200,1258,200,257.51
onpath,200,1259,200,316.61
onpath,200,1260,200,318.16
onpath,200,1261,200,582.95
onpath,200,1262,200,297.96
onpath,200,1263,200,138.07
onpath,200,1264,200,281.43
onpath,200,1265,200,563.35
onpath,200,1266,200,242.76
onpath,200,1267,200,287.39
onpath,200,1268,200,571.12
onpath,200,1269,200,240.73
onpath,200,1270,200,187.77
onpath,200,1271,200,313.40
onpath,200,1272,200,149.50
onpath,200,1273,200,766.38
onpath,200,1274,200,244.25
onpath,200,1275,200,246.79
onpath,200,1276,200,317.21
onpath,200,1277,200,219.75
onpath,200,1278,200,282.33
onpath,200,1279,200,724.11
onpath,200,1280,200,259.92
onpath,200,1281,200,332.10
onpath,200,1282,200,105.42
onpath,200,1283,200,431.70
onpath,200,1284,200,731.37
onpath,200,1285,200,718.38
onpath,200,1286,200,297.07
onpath,200,1287,200,596.70
onpath,200,1288,200,639.67
onpath,200,1289,200,303.08
onpath,200,1290,200,335.28
onpath,200,1291,200,641.08
onpath,200,1292,200,465.76
onpath,200,1293,200,302.31
onpath,200,1294,200,438.51
onpath,200,1295,200,272.90
onpath,200,1296,200,335.66
onpath,200,1297,200,297.50
onpath,200,1298,200,329.56
onpath,200,1299,200,303.39
onpath,200,1300,200,335.33
onpath,200,1301,200,337.30
onpath,200,1302,200,468.85
onpath,200,1303,200,291.24
onpath,200,1304,200,327.79
onpath,200,1305,200,337.30
onpath,200,1306,200,197.98
onpath,200,1307,200,197.82
onpath,200,1308,200,436.74
onpath,200,1309,200,200.98
onpath,200,1310,200,112.03
onpath,200,1311,200,347.65
onpath,200,1312,200,276.32
onpath,200,1313,200,292.00
onpath,200,1314,200,337.58
onpath,200,1315,200,623.49
onpath,200,1316,200,408.49
onpath,200,1317,200,338.58
onpath,200,1318,200,340.44
onpath,200,1319,200,339.61
onpath,200,1320,200,291.62
onpath,200,1321,200,378.74
onpath,200,1322,200,708.68
onpath,200,1323,200,790.58
onpath,200,1324,200,438.26
onpath,200,1325,200,150.22
onpath,200,1326,200,277.55
onpath,200,1327,200,209.52
onpath,200,1328,200,347.33
onpath,200,1329,200,101.85
onpath,200,1330,200,213.42
onpath,200,1331,200,343.21
onpath,200,1332,200,496.90
onpath,200,1333,200,226.80
onpath,200,1334,200,350.89
onpath,200,1335,200,452.68
onpath,200,1336,200,150.60
onpath,200,1337,200,102.91
onpath,200,1338,200,215.16
onpath,200,1339,200,352.96
onpath,200,1340,200,220.44
onpath,200,1341,200,396.56
onpath,200,1342,200,217.16
onpath,200,1343,200,324.52
onpath,200,1344,200,130.29
onpath,200,1345,200,109.50
onpath,200,1346,200,296.35
onpath,200,1347,200,110.33
onpath,200,1348,200,222.94
onpath,200,1349,200,161.85
onpath,200,1350,200,223.62
onpath,200,1351,200,361.64
onpath,200,1352,200,295.25
onpath,200,1353,200,521.37
onpath,200,1354,200,209.42
onpath,200,1355,200,467.12
onpath,200,1356,200,464.38
onpath,200,1357,200,307.44
onpath,200,1358,200,104.35
onpath,200,1359,200,504.04
onpath,200,1360,200,292.10
onpath,200,1361,200,272.42
onpath,200,1362,200,373.09
onpath,200,1363,200,56.46
onpath,200,1364,200,240.42
onpath,200,1365,200,253.49
onpath,200,1366,200,485.55
onpath,200,1367,200,492.29
onpath,200,1368,200,766.05
onpath,200,1369,200,253.25
onpath,200,1370,200,392.10
onpath,200,1371,200,103.31
onpath,200,1372,200,191.00
onpath,200,1373,200,255.86
onpath,200,1374,200,124.93
onpath,200,1375,200,290.30
onpath,200,1376,200,390.22
onpath,200,1377,200,118.50
onpath,200,1378,200,255.22
onpath,200,1379,200,432.31
onpath,200,1380,200,295.56
onpath,200,1381,200,254.15
onpath,200,1382,200,255.51
onpath,200,1383,200,257.30
onpath,200,1384,200,56.49
onpath,200,1385,200,128.80
onpath,200,1386,200,261.04
onpath,200,1387,200,261.55
onpath,200,1388,200,506.50
onpath,200,1389,200,71.10
onpath,200,1390,200,207.45
onpath,200,1391,200,179.75
onpath,200,1392,200,74.90
onpath,200,1393,200,524.70
onpath,200,1394,200,89.78
onpath,200,1395,200,274.58
onpath,200,1396,200,276.09
onpath,200,1397,200,77.31
onpath,200,1398,200,77.02
onpath,200,1399,200,280.14
onpath,200,1400,200,282.96
onpath,200,1401,200,319.32
onpath,200,1402,200,292.60
onpath,200,1403,200,548.05
onpath,200,1404,200,79.24
onpath,200,1405,200,206.14
onpath,200,1406,200,301.77
onpath,200,1407,200,299.50
onpath,200,1408,200,237.70
onpath,200,1409,200,98.71
onpath,200,1410,200,192.47
onpath,200,1411,200,467.97
onpath,200,1412,200,101.91
onpath,200,1413,200,218.87
onpath,200,1414,200,180.27
onpath,200,1415,200,603.36
onpath,200,1416,200,307.11
onpath,200,1417,200,313.32
onpath,200,1418,200,456.32
onpath,200,1419,200,316.55
onpath,200,1420,200,188.62
onpath,200,1421,200,320.58
onpath,200,1422,200,100.98
onpath,200,1423,200,232.61
onpath,200,1424,200,360.45
onpath,200,1425,200,232.65
onpath,200,1426,200,321.17
onpath,200,1427,200,125.23
onpath,200,1428,200,121.88
onpath,200,1429,200,97.26
onpath,200,1430,200,256.75
onpath,200,1431,200,127.16
onpath,200,1432,200,128.52
onpath,200,1433,200,620.19
onpath,200,1434,200,440.12
onpath,200,1435,200,183.45
onpath,200,1436,200,192.09
onpath,200,1437,200,510.57
onpath,200,1438,200,127.48
onpath,200,1439,200,125.36
onpath,200,1440,200,371.68
onpath,200,1441,200,338.10
onpath,200,1442,200,341.42
onpath,200,1443,200,338.77
onpath,200,1444,200,345.91
onpath,200,1445,200,383.50
onpath,200,1446,200,127.42
onpath,200,1447,200,135.48
onpath,200,1448,200,126.73
onpath,200,1449,200,119.44
onpath,200,1450,200,116.64
onpath,200,1451,200,149.59
onpath,200,1452,200,466.51
onpath,200,1453,200,149.37
onpath,200,1454,200,93.05
onpath,200,1455,200,151.35
onpath,200,1456,200,393.57
onpath,200,1457,200,154.07
onpath,200,1458,200,155.31
onpath,200,1459,200,459.69
onpath,200,1460,200,358.08
onpath,200,1461,200,157.83
onpath,200,1462,200,145.08
onpath,200,1463,200,157.64
onpath,200,1464,200,145.05
onpath,200,1465,200,157.50
onpath,200,1466,200,160.94
onpath,200,1467,200,248.68
onpath,200,1468,200,187.33
onpath,200,1469,200,362.67
onpath,200,1470,200,241.14
onpath,200,1471,200,369.99
onpath,200,1472,200,368.37
onpath,200,1473,200,139.82
onpath,200,1474,200,170.75
onpath,200,1475,200,471.93
onpath,200,1476,200,672.22
onpath,200,1477,200,115.49
onpath,200,1478,200,411.54
onpath,200,1479,200,372.19
onpath,200,1480,200,178.36
onpath,200,1481,200,73.76
onpath,200,1482,200,157.40
onpath,200,1483,200,166.77
onpath,200,1484,200,89.04
onpath,200,1485,200,169.18
onpath,200,1486,200,112.11
onpath,200,1487,200,82.04
onpath,200,1488,200,135.94
onpath,200,1489,200,207.90
onpath,200,1490,200,515.27
onpath,200,1491,200,83.28
onpath,200,1492,200,160.12
onpath,200,1493,200,535.31
onpath,200,1494,200,448.50
onpath,200,1495,200,291.69
onpath,200,1496,200,236.58
onpath,200,1497,200,222.41
onpath,200,1498,200,199.51
onpath,200,1499,200,222.66
onpath,200,1500,200,124.99
onpath,200,1501,200,244.41
onpath,200,1502,200,479.94
onpath,200,1503,200,538.05
onpath,200,1504,200,240.94
onpath,200,1505,200,182.40
onpath,200,1506,200,485.47
onpath,200,1507,200,199.40
onpath,200,1508,200,218.33
onpath,200,1509,200,547.17
onpath,200,1510,200,222.11
onpath,200,1511,200,206.39
onpath,200,1512,200,540.35
onpath,200,1513,200,265.92
onpath,200,1514,200,238.00
onpath,200,1515,200,602.32
onpath,200,1516,200,213.79
onpath,200,1517,200,272.37
onpath,200,1518,200,128.43
onpath,200,1519,200,152.74
onpath,200,1520,200,197.69
onpath,200,1521,200,145.50
onpath,200,1522,200,605.24
onpath,200,1523,200,141.07
onpath,200,1524,200,168.33
onpath,200,1525,200,471.46
onpath,200,1526,200,168.21
onpath,200,1527,200,178.87
onpath,200,1528,200,216.47
onpath,200,1529,200,194.10
onpath,200,1530,200,252.45
onpath,200,1531,200,178.39
onpath,200,1532,200,243.58
onpath,200,1533,200,171.13
onpath,200,1534,200,98.88
onpath,200,1535,200,271.94
onpath,200,1536,200,277.57
onpath,200,1537,200,220.61
onpath,200,1538,200,150.95
onpath,200,1539,200,211.31
onpath,200,1540,200,201.08
onpath,200,1541,200,241.68
onpath,200,1542,200,136.94
onpath,200,1543,200,160.07
onpath,200,1544,200,201.48
onpath,200,1545,200,160.27
onpath,200,1546,200,159.87
onpath,200,1547,200,111.31
onpath,200,1548,200,120.96
onpath,200,1549,200,152.19
onpath,200,1550,200,252.31
onpath,200,1551,200,161.12
onpath,200,1552,200,149.02
onpath,200,1553,200,310.75
onpath,200,1554,200,299.11
onpath,200,1555,200,644.54
onpath,200,1556,200,132.48
onpath,200,1557,200,256.72
onpath,200,1558,200,299.65
onpath,200,1559,200,323.46
onpath,200,1560,200,259.79
onpath,200,1561,200,168.83
onpath,200,1562,200,181.82
onpath,200,1563,200,271.46
onpath,200,1564,200,258.58
onpath,200,1565,200,275.29
onpath,200,1566,200,272.02
onpath,200,1567,200,172.32
onpath,200,1568,200,331.31
onpath,200,1569,200,274.44
onpath,200,1570,200,316.84
onpath,200,1571,200,245.79
onpath,200,1572,200,220.15
onpath,200,1573,200,196.91
onpath,200,1574,200,268.43
onpath,200,1575,200,160.41
onpath,200,1576,200,346.26
onpath,200,1577,200,157.62
onpath,200,1578,200,408.05
onpath,200,1579,200,191.10
onpath,200,1580,200,368.88
onpath,200,1581,200,322.99
onpath,200,1582,200,91.53
onpath,200,1583,200,354.20
onpath,200,1584,200,84.25
onpath,200,1585,200,419.49
onpath,200,1586,200,412.24
onpath,200,1587,200,344.70
onpath,200,1588,200,209.18
onpath,200,1589,200,444.89
onpath,200,1590,200,407.28
onpath,200,1591,200,361.97
onpath,200,1592,200,358.80
onpath,200,1593,200,90.69
onpath,200,1594,200,126.80
onpath,200,1595,200,191.07
onpath,200,1596,200,180.76
onpath,200,1597,200,364.54
onpath,200,1598,200,366.61
onpath,200,1599,200,279.49
onpath,200,1600,200,368.56
onpath,200,1601,200,119.44
onpath,200,1602,200,412.59
onpath,200,1603,200,218.50
onpath,200,1604,200,218.17
onpath,200,1605,200,233.08
onpath,200,1606,200,323.10
onpath,200,1607,200,703.47
onpath,200,1608,200,288.63
onpath,200,1609,200,174.67
onpath,200,1610,200,119.08
onpath,200,1611,200,152.40
onpath,200,1612,200,424.01
onpath,200,1613,200,340.18
onpath,200,1614,200,194.16
onpath,200,1615,200,113.62
onpath,200,1616,200,103.39
onpath,200,1617,200,199.78
onpath,200,1618,200,303.94
onpath,200,1619,200,423.15
onpath,200,1620,200,354.06
onpath,200,1621,200,441.84
onpath,200,1622,200,213.86
onpath,200,1623,200,103.30
onpath,200,1624,200,233.96
onpath,200,1625,200,209.67
onpath,200,1626,200,210.59
onpath,200,1627,200,247.65
onpath,200,1628,200,160.86
onpath,200,1629,200,106.01
onpath,200,1630,200,185.38
onpath,200,1631,200,206.58
onpath,200,1632,200,358.70
onpath,200,1633,200,123.14
onpath,200,1634,200,70.23
onpath,200,1635,200,376.77
onpath,200,1636,200,219.64
onpath,200,1637,200,365.46
onpath,200,1638,200,203.88
onpath,200,1639,200,227.04
onpath,200,1640,200,358.43
onpath,200,1641,200,219.88
onpath,200,1642,200,234.47
onpath,200,1643,200,217.43
onpath,200,1644,200,212.87
onpath,200,1645,200,218.55
onpath,200,1646,200,134.25
onpath,200,1647,200,394.88
onpath,200,1648,200,235.69
onpath,200,1649,200,246.45
onpath,200,1650,200,236.89
onpath,200,1651,200,126.30
onpath,200,1652,200,394.44
onpath,200,1653,200,341.52
onpath,200,1654,200,342.76
onpath,200,1655,200,344.28
onpath,200,1656,200,238.75
onpath,200,1657,200,168.10
onpath,200,1658,200,404.15
onpath,200,1659,200,163.54
onpath,200,1660,200,157.34
onpath,200,1661,200,416.91
onpath,200,1662,200,291.87
onpath,200,1663,200,182.44
onpath,200,1664,200,418.69
onpath,200,1665,200,320.16
onpath,200,1666,200,385.48
onpath,200,1667,200,420.71
onpath,200,1668,200,178.83
onpath,200,1669,200,454.70
onpath,200,1670,200,296.31
onpath,200,1671,200,510.91
onpath,200,1672,200,183.49
onpath,200,1673,200,229.96
onpath,200,1674,200,190.25
onpath,200,1675,200,173.12
onpath,200,1676,200,162.46
onpath,200,1677,200,528.46
onpath,200,1678,200,202.55
onpath,200,1679,200,222.61
onpath,200,1680,200,231.60
onpath,200,1681,200,528.22
onpath,200,1682,200,164.96
onpath,200,1683,200,425.06
onpath,200,1684,200,204.26
onpath,200,1685,200,173.95
onpath,200,1686,200,152.39
onpath,200,1687,200,85.23
onpath,200,1688,200,386.30
onpath,200,1689,200,488.85
onpath,200,1690,200,502.03
onpath,200,1691,200,296.71
onpath,200,1692,200,115.73
onpath,200,1693,200,315.27
onpath,200,1694,200,321.97
onpath,200,1695,200,91.79
onpath,200,1696,200,297.30
onpath,200,1697,200,342.96
onpath,200,1698,200,182.66
onpath,200,1699,200,312.91
onpath,200,1700,200,359.18
onpath,200,1701,200,285.20
onpath,200,1702,200,184.02
onpath,200,1703,200,105.44
onpath,200,1704,200,524.66
onpath,200,1705,200,183.38
onpath,200,1706,200,298.41
onpath,200,1707,200,225.42
onpath,200,1708,200,154.49
onpath,200,1709,200,99.62
onpath,200,1710,200,482.53
onpath,200,1711,200,325.10
onpath,200,1712,200,527.19
onpath,200,1713,200,531.96
onpath,200,1714,200,321.76
onpath,200,1715,200,366.61
onpath,200,1716,200,201.49
onpath,200,1717,200,104.89
onpath,200,1718,200,123.12
onpath,200,1719,200,246.40
onpath,200,1720,200,428.60
onpath,200,1721,200,541.45
onpath,200,1722,200,561.15
onpath,200,1723,200,172.84
onpath,200,1724,200,91.30
onpath,200,1725,200,111.79
onpath,200,1726,200,199.98
onpath,200,1727,200,181.46
onpath,200,1728,200,201.21
onpath,200,1729,200,243.33
onpath,200,1730,200,183.40
onpath,200,1731,200,97.87
onpath,200,1732,200,389.23
onpath,200,1733,200,75.44
onpath,200,1734,200,149.23
onpath,200,1735,200,83.04
onpath,200,1736,200,148.65
onpath,200,1737,200,91.26
onpath,200,1738,200,132.69
onpath,200,1739,200,201.80
onpath,200,1740,200,473.81
onpath,200,1741,200,220.20
onpath,200,1742,200,181.54
onpath,200,1743,200,400.26
onpath,200,1744,200,94.72
onpath,200,1745,200,77.50
onpath,200,1746,200,139.37
onpath,200,1747,200,159.94
onpath,200,1748,200,212.22
onpath,200,1749,200,478.25
onpath,200,1750,200,433.72
onpath,200,1751,200,158.15
onpath,200,1752,200,424.72
onpath,200,1753,200,192.42
onpath,200,1754,200,109.95
onpath,200,1755,200,220.37
onpath,200,1756,200,191.99
onpath,200,1757,200,80.91
onpath,200,1758,200,109.27
onpath,200,1759,200,270.95
onpath,200,1760,200,426.55
onpath,200,1761,200,174.67
onpath,200,1762,200,431.21
onpath,200,1763,200,499.35
onpath,200,1764,200,276.72
onpath,200,1765,200,116.91
onpath,200,1766,200,199.82
onpath,200,1767,200,282.48
onpath,200,1768,200,192.67
onpath,200,1769,200,173.55
onpath,200,1770,200,188.05
onpath,200,1771,200,184.85
onpath,200,1772,200,68.83
onpath,200,1773,200,210.07
onpath,200,1774,200,174.02
onpath,200,1775,200,198.86
onpath,200,1776,200,132.86
onpath,200,1777,200,111.32
onpath,200,1778,200,222.26
onpath,200,1779,200,129.41
onpath,200,1780,200,206.97
onpath,200,1781,200,111.40
onpath,200,1782,200,428.93
onpath,200,1783,200,201.46
onpath,200,1784,200,135.75
onpath,200,1785,200,179.58
onpath,200,1786,200,215.24
onpath,200,1787,200,457.24
onpath,200,1788,200,303.10
onpath,200,1789,200,172.57
onpath,200,1790,200,172.52
onpath,200,1791,200,210.10
onpath,200,1792,200,195.82
onpath,200,1793,200,185.99
onpath,200,1794,200,96.02
onpath,200,1795,200,277.92
onpath,200,1796,200,209.47
onpath,200,1797,200,278.68
onpath,200,1798,200,79.18
onpath,200,1799,200,107.31
onpath,200,1800,200,243.77
onpath,200,1801,200,269.55
onpath,200,1802,200,311.67
onpath,200,1803,200,291.04
onpath,200,1804,200,186.06
onpath,200,1805,200,161.63
onpath,200,1806,200,519.29
onpath,200,1807,200,221.45
onpath,200,1808,200,152.51
onpath,200,1809,200,264.82
onpath,200,1810,200,88.20
onpath,200,1811,200,253.77
onpath,200,1812,200,291.68
onpath,200,1813,200,293.97
onpath,200,1814,200,191.63
onpath,200,1815,200,185.52
onpath,200,1816,200,102.13
onpath,200,1817,200,175.31
onpath,200,1818,200,127.43
onpath,200,1819,200,266.67
onpath,200,1820,200,254.04
onpath,200,1821,200,256.34
onpath,200,1822,200,214.31
onpath,200,1823,200,234.88
onpath,200,1824,200,262.37
onpath,200,1825,200,285.59
onpath,200,1826,200,281.50
onpath,200,1827,200,320.15
onpath,200,1828,200,339.51
onpath,200,1829,200,243.35
onpath,200,1830,200,131.24
onpath,200,1831,200,297.85
onpath,200,1832,200,137.06
onpath,200,1833,200,209.93
onpath,200,1834,200,94.85
onpath,200,1835,200,303.38
onpath,200,1836,200,185.50
onpath,200,1837,200,278.11
onpath,200,1838,200,272.10
onpath,200,1839,200,289.58
onpath,200,1840,200,293.80
onpath,200,1841,200,282.99
onpath,200,1842,200,216.64
onpath,200,1843,200,293.03
onpath,200,1844,200,217.53
onpath,200,1845,200,98.77
onpath,200,1846,200,163.12
onpath,200,1847,200,125.13
onpath,200,1848,200,147.39
onpath,200,1849,200,223.28
onpath,200,1850,200,313.00
onpath,200,1851,200,206.89
onpath,200,1852,200,299.44
onpath,200,1853,200,97.11
onpath,200,1854,200,229.03
onpath,200,1855,200,96.20
onpath,200,1856,200,119.87
onpath,200,1857,200,99.06
onpath,200,1858,200,99.97
onpath,200,1859,200,306.94
onpath,200,1860,200,142.12
onpath,200,1861,200,139.74
onpath,200,1862,200,401.50
onpath,200,1863,200,310.41
onpath,200,1864,200,236.42
onpath,200,1865,200,307.55
onpath,200,1866,200,413.95
onpath,200,1867,200,412.14
onpath,200,1868,200,324.42
onpath,200,1869,200,176.58
onpath,200,1870,200,210.55
onpath,200,1871,200,177.62
onpath,200,1872,200,321.26
onpath,200,1873,200,418.32
onpath,200,1874,200,139.10
onpath,200,1875,200,339.89
onpath,200,1876,200,254.42
onpath,200,1877,200,164.39
onpath,200,1878,200,384.99
onpath,200,1879,200,117.48
onpath,200,1880,200,236.58
onpath,200,1881,200,134.26
onpath,200,1882,200,160.38
onpath,200,1883,200,408.29
onpath,200,1884,200,162.68
onpath,200,1885,200,148.00
onpath,200,1886,200,421.55
onpath,200,1887,200,331.32
onpath,200,1888,200,147.26
onpath,200,1889,200,243.97
onpath,200,1890,200,124.26
onpath,200,1891,200,419.28
onpath,200,1892,200,174.60
onpath,200,1893,200,329.09
onpath,200,1894,200,320.10
onpath,200,1895,200,132.74
onpath,200,1896,200,187.42
onpath,200,1897,200,117.22
onpath,200,1898,200,133.76
onpath,200,1899,200,120.30
onpath,200,1900,200,102.84
onpath,200,1901,200,121.21
onpath,200,1902,200,374.16
onpath,200,1903,200,413.90
onpath,200,1904,200,429.09
onpath,200,1905,200,133.68
onpath,200,1906,200,90.12
onpath,200,1907,200,333.59
onpath,200,1908,200,112.80
onpath,200,1909,200,374.92
onpath,200,1910,200,220.73
onpath,200,1911,200,91.57
onpath,200,1912,200,146.99
onpath,200,1913,200,164.01
onpath,200,1914,200,332.54
onpath,200,1915,200,186.86
onpath,200,1916,200,333.90
onpath,200,1917,200,169.78
onpath,200,1918,200,429.94
onpath,200,1919,200,151.62
onpath,200,1920,200,128.98
onpath,200,1921,200,155.91
onpath,200,1922,200,110.03
onpath,200,1923,200,129.30
onpath,200,1924,200,154.49
onpath,200,1925,200,129.33
onpath,200,1926,200,133.31
onpath,200,1927,200,158.14
onpath,200,1928,200,96.74
onpath,200,1929,200,437.37
onpath,200,1930,200,173.90
onpath,200,1931,200,230.87
onpath,200,1932,200,208.14
onpath,200,1933,200,336.07
onpath,200,1934,200,402.46
onpath,200,1935,200,387.26
onpath,200,1936,200,338.64
onpath,200,1937,200,162.93
onpath,200,1938,200,104.01
onpath,200,1939,200,453.40
onpath,200,1940,200,204.36
onpath,200,1941,200,454.77
onpath,200,1942,200,164.02
onpath,200,1943,200,110.58
onpath,200,1944,200,183.14
onpath,200,1945,200,280.25
onpath,200,1946,200,111.18
onpath,200,1947,200,145.92
onpath,200,1948,200,100.68
onpath,200,1949,200,185.09
onpath,200,1950,200,147.50
onpath,200,1951,200,209.40
onpath,200,1952,200,166.47
onpath,200,1953,200,448.09
onpath,200,1954,200,274.66
onpath,200,1955,200,450.37
onpath,200,1956,200,174.88
onpath,200,1957,200,117.46
onpath,200,1958,200,195.78
onpath,200,1959,200,115.87
onpath,200,1960,200,195.72
onpath,200,1961,200,453.12
onpath,200,1962,200,348.80
onpath,200,1963,200,154.67
onpath,200,1964,200,254.23
onpath,200,1965,200,179.03
onpath,200,1966,200,227.48
onpath,200,1967,200,470.38
onpath,200,1968,200,353.09
onpath,200,1969,200,284.09
onpath,200,1970,200,354.06
onpath,200,1971,200,271.79
onpath,200,1972,200,270.22
onpath,200,1973,200,258.88
onpath,200,1974,200,357.94
onpath,200,1975,200,282.32
onpath,200,1976,200,353.24
onpath,200,1977,200,299.50
onpath,200,1978,200,351.03
onpath,200,1979,200,338.98
onpath,200,1980,200,285.05
onpath,200,1981,200,304.89
onpath,200,1982,200,364.48
onpath,200,1983,200,289.51
onpath,200,1984,200,354.63
onpath,200,1985,200,363.88
onpath,200,1986,200,290.74
onpath,200,1987,200,414.21
onpath,200,1988,200,304.02
onpath,200,1989,200,290.24
onpath,200,1990,200,366.60
onpath,200,1991,200,305.51
onpath,200,1992,200,346.39
onpath,200,1993,200,305.66
onpath,200,1994,200,458.99
onpath,200,1995,200,291.82
onpath,200,1996,200,416.13
onpath,200,1997,200,336.09
onpath,200,1998,200,357.46
onpath,200,1999,200,368.06
auditlog,10,0,200,182.46
auditlog,10,1,200,199.16
auditlog,10,2,200,201.60
auditlog,10,3,200,204.03
auditlog,10,4,200,204.76
auditlog,10,5,200,206.04
auditlog,10,6,200,208.33
auditlog,10,7,200,210.76
auditlog,10,8,200,213.30
auditlog,10,9,200,232.09
auditlog,10,10,200,67.14
auditlog,10,11,200,90.76
auditlog,10,12,200,79.89
auditlog,10,13,200,78.51
auditlog,10,14,200,79.56
auditlog,10,15,200,79.37
auditlog,10,16,200,85.57
auditlog,10,17,200,86.06
auditlog,10,18,200,91.76
auditlog,10,19,200,83.75
auditlog,10,20,200,68.21
auditlog,10,21,200,59.21
auditlog,10,22,200,63.96
auditlog,10,23,200,64.66
auditlog,10,24,200,84.16
auditlog,10,25,200,59.71
auditlog,10,26,200,85.45
auditlog,10,27,200,77.82
auditlog,10,28,200,53.26
auditlog,10,29,200,76.24
auditlog,10,30,200,55.09
auditlog,10,31,200,48.71
auditlog,10,32,200,42.74
auditlog,10,33,200,41.75
auditlog,10,34,200,35.24
auditlog,10,35,200,35.07
auditlog,10,36,200,43.98
auditlog,10,37,200,46.16
auditlog,10,38,200,49.07
auditlog,10,39,200,28.97
auditlog,10,40,200,46.87
auditlog,10,41,200,31.03
auditlog,10,42,200,38.91
auditlog,10,43,200,26.92
auditlog,10,44,200,29.26
auditlog,10,45,200,43.86
auditlog,10,46,200,35.05
auditlog,10,47,200,59.55
auditlog,10,48,200,30.98
auditlog,10,49,200,42.55
auditlog,10,50,200,37.41
auditlog,10,51,200,32.09
auditlog,10,52,200,38.21
auditlog,10,53,200,33.95
auditlog,10,54,200,36.12
auditlog,10,55,200,31.42
auditlog,10,56,200,27.72
auditlog,10,57,200,29.58
auditlog,10,58,200,32.44
auditlog,10,59,200,29.89
auditlog,10,60,200,28.76
auditlog,10,61,200,36.10
auditlog,10,62,200,34.37
auditlog,10,63,200,34.25
auditlog,10,64,200,25.81
auditlog,10,65,200,51.34
auditlog,10,66,200,36.38
auditlog,10,67,200,44.75
auditlog,10,68,200,30.29
auditlog,10,69,200,32.67
auditlog,10,70,200,31.51
auditlog,10,71,200,39.58
auditlog,10,72,200,38.85
auditlog,10,73,200,40.51
auditlog,10,74,200,39.41
auditlog,10,75,200,31.22
auditlog,10,76,200,45.37
auditlog,10,77,200,35.50
auditlog,10,78,200,39.32
auditlog,10,79,200,35.55
auditlog,10,80,200,34.53
auditlog,10,81,200,29.28
auditlog,10,82,200,32.32
auditlog,10,83,200,32.42
auditlog,10,84,200,31.75
auditlog,10,85,200,28.01
auditlog,10,86,200,29.46
auditlog,10,87,200,32.72
auditlog,10,88,200,31.26
auditlog,10,89,200,32.54
auditlog,10,90,200,32.21
auditlog,10,91,200,27.97
auditlog,10,92,200,42.26
auditlog,10,93,200,39.45
auditlog,10,94,200,28.74
auditlog,10,95,200,28.15
auditlog,10,96,200,28.20
auditlog,10,97,200,31.57
auditlog,10,98,200,34.29
auditlog,10,99,200,34.66
auditlog,10,100,200,26.25
auditlog,10,101,200,26.79
auditlog,10,102,200,30.79
auditlog,10,103,200,32.52
auditlog,10,104,200,31.29
auditlog,10,105,200,27.34
auditlog,10,106,200,34.42
auditlog,10,107,200,30.02
auditlog,10,108,200,33.28
auditlog,10,109,200,27.05
auditlog,10,110,200,29.90
auditlog,10,111,200,42.92
auditlog,10,112,200,28.71
auditlog,10,113,200,26.85
auditlog,10,114,200,25.60
auditlog,10,115,200,39.09
auditlog,10,116,200,42.23
auditlog,10,117,200,40.48
auditlog,10,118,200,34.60
auditlog,10,119,200,32.03
auditlog,10,120,200,37.86
auditlog,10,121,200,35.57
auditlog,10,122,200,33.72
auditlog,10,123,200,28.75
auditlog,10,124,200,30.83
auditlog,10,125,200,24.87
auditlog,10,126,200,26.52
auditlog,10,127,200,28.43
auditlog,10,128,200,26.58
auditlog,10,129,200,28.24
auditlog,10,130,200,26.90
auditlog,10,131,200,34.23
auditlog,10,132,200,25.61
auditlog,10,133,200,28.84
auditlog,10,134,200,29.72
auditlog,10,135,200,28.01
auditlog,10,136,200,29.54
auditlog,10,137,200,29.24
auditlog,10,138,200,28.96
auditlog,10,139,200,26.53
auditlog,10,140,200,29.39
auditlog,10,141,200,34.19
auditlog,10,142,200,27.51
auditlog,10,143,200,26.32
auditlog,10,144,200,34.27
auditlog,10,145,200,20.02
auditlog,10,146,200,22.15
auditlog,10,147,200,28.53
auditlog,10,148,200,25.17
auditlog,10,149,200,27.37
auditlog,10,150,200,27.98
auditlog,10,151,200,34.58
auditlog,10,152,200,37.99
auditlog,10,153,200,43.23
auditlog,10,154,200,49.28
auditlog,10,155,200,44.35
auditlog,10,156,200,47.50
auditlog,10,157,200,43.46
auditlog,10,158,200,54.01
auditlog,10,159,200,51.20
auditlog,10,160,200,53.24
auditlog,10,161,200,36.49
auditlog,10,162,200,38.43
auditlog,10,163,200,28.60
auditlog,10,164,200,25.51
auditlog,10,165,200,29.37
auditlog,10,166,200,51.31
auditlog,10,167,200,34.96
auditlog,10,168,200,34.65
auditlog,10,169,200,34.76
auditlog,10,170,200,32.60
auditlog,10,171,200,49.59
auditlog,10,172,200,37.65
auditlog,10,173,200,37.77
auditlog,10,174,200,46.41
auditlog,10,175,200,42.26
auditlog,10,176,200,41.02
auditlog,10,177,200,48.17
auditlog,10,178,200,39.63
auditlog,10,179,200,28.99
auditlog,10,180,200,44.69
auditlog,10,181,200,47.32
auditlog,10,182,200,41.43
auditlog,10,183,200,37.44
auditlog,10,184,200,40.85
auditlog,10,185,200,28.49
auditlog,10,186,200,24.13
auditlog,10,187,200,31.46
auditlog,10,188,200,31.25
auditlog,10,189,200,34.23
auditlog,10,190,200,29.62
auditlog,10,191,200,24.02
auditlog,10,192,200,29.27
auditlog,10,193,200,24.35
auditlog,10,194,200,27.90
auditlog,10,195,200,27.82
auditlog,10,196,200,29.31
auditlog,10,197,200,32.12
auditlog,10,198,200,31.19
auditlog,10,199,200,26.00
auditlog,10,200,200,30.03
auditlog,10,201,200,26.69
auditlog,10,202,200,31.77
auditlog,10,203,200,27.88
auditlog,10,204,200,22.39
auditlog,10,205,200,25.40
auditlog,10,206,200,32.12
auditlog,10,207,200,28.22
auditlog,10,208,200,25.55
auditlog,10,209,200,19.35
auditlog,10,210,200,26.12
auditlog,10,211,200,29.09
auditlog,10,212,200,25.67
auditlog,10,213,200,28.69
auditlog,10,214,200,22.63
auditlog,10,215,200,21.17
auditlog,10,216,200,21.90
auditlog,10,217,200,25.16
auditlog,10,218,200,27.86
auditlog,10,219,200,23.30
auditlog,10,220,200,26.49
auditlog,10,221,200,23.01
auditlog,10,222,200,26.48
auditlog,10,223,200,26.99
auditlog,10,224,200,29.54
auditlog,10,225,200,23.38
auditlog,10,226,200,23.92
auditlog,10,227,200,26.25
auditlog,10,228,200,21.92
auditlog,10,229,200,19.20
auditlog,10,230,200,46.22
auditlog,10,231,200,26.06
auditlog,10,232,200,23.73
auditlog,10,233,200,21.48
auditlog,10,234,200,21.50
auditlog,10,235,200,24.55
auditlog,10,236,200,24.07
auditlog,10,237,200,24.12
auditlog,10,238,200,23.76
auditlog,10,239,200,22.99
auditlog,10,240,200,20.74
auditlog,10,241,200,23.53
auditlog,10,242,200,26.84
auditlog,10,243,200,21.50
auditlog,10,244,200,30.14
auditlog,10,245,200,29.41
auditlog,10,246,200,24.04
auditlog,10,247,200,25.87
auditlog,10,248,200,24.79
auditlog,10,249,200,25.33
auditlog,10,250,200,27.61
auditlog,10,251,200,23.66
auditlog,10,252,200,24.28
auditlog,10,253,200,25.60
auditlog,10,254,200,24.47
auditlog,10,255,200,26.29
auditlog,10,256,200,24.89
auditlog,10,257,200,33.18
auditlog,10,258,200,20.49
auditlog,10,259,200,21.38
auditlog,10,260,200,24.29
auditlog,10,261,200,21.84
auditlog,10,262,200,20.17
auditlog,10,263,200,18.57
auditlog,10,264,200,23.04
auditlog,10,265,200,19.46
auditlog,10,266,200,18.42
auditlog,10,267,200,20.94
auditlog,10,268,200,20.40
auditlog,10,269,200,19.31
auditlog,10,270,200,21.09
auditlog,10,271,200,19.48
auditlog,10,272,200,19.37
auditlog,10,273,200,19.31
auditlog,10,274,200,19.16
auditlog,10,275,200,23.69
auditlog,10,276,200,23.89
auditlog,10,277,200,25.85
auditlog,10,278,200,17.95
auditlog,10,279,200,19.42
auditlog,10,280,200,21.21
auditlog,10,281,200,16.46
auditlog,10,282,200,17.85
auditlog,10,283,200,20.32
auditlog,10,284,200,19.63
auditlog,10,285,200,18.31
auditlog,10,286,200,18.71
auditlog,10,287,200,20.00
auditlog,10,288,200,18.85
auditlog,10,289,200,20.15
auditlog,10,290,200,19.32
auditlog,10,291,200,18.57
auditlog,10,292,200,27.29
auditlog,10,293,200,22.25
auditlog,10,294,200,24.23
auditlog,10,295,200,26.14
auditlog,10,296,200,24.35
auditlog,10,297,200,25.04
auditlog,10,298,200,23.34
auditlog,10,299,200,28.90
auditlog,10,300,200,21.71
auditlog,10,301,200,22.66
auditlog,10,302,200,23.77
auditlog,10,303,200,22.15
auditlog,10,304,200,26.85
auditlog,10,305,200,22.87
auditlog,10,306,200,20.06
auditlog,10,307,200,22.34
auditlog,10,308,200,20.68
auditlog,10,309,200,20.26
auditlog,10,310,200,19.35
auditlog,10,311,200,22.21
auditlog,10,312,200,18.59
auditlog,10,313,200,21.44
auditlog,10,314,200,21.29
auditlog,10,315,200,27.40
auditlog,10,316,200,19.60
auditlog,10,317,200,21.76
auditlog,10,318,200,18.23
auditlog,10,319,200,17.56
auditlog,10,320,200,20.06
auditlog,10,321,200,17.22
auditlog,10,322,200,16.03
auditlog,10,323,200,16.22
auditlog,10,324,200,20.96
auditlog,10,325,200,26.38
auditlog,10,326,200,20.34
auditlog,10,327,200,20.12
auditlog,10,328,200,19.93
auditlog,10,329,200,19.56
auditlog,10,330,200,16.87
auditlog,10,331,200,20.62
auditlog,10,332,200,22.14
auditlog,10,333,200,26.46
auditlog,10,334,200,22.46
auditlog,10,335,200,24.24
auditlog,10,336,200,21.29
auditlog,10,337,200,18.49
auditlog,10,338,200,21.67
auditlog,10,339,200,19.52
auditlog,10,340,200,24.46
auditlog,10,341,200,23.88
auditlog,10,342,200,24.38
auditlog,10,343,200,21.17
auditlog,10,344,200,23.33
auditlog,10,345,200,18.96
auditlog,10,346,200,19.37
auditlog,10,347,200,25.91
auditlog,10,348,200,23.73
auditlog,10,349,200,21.74
auditlog,10,350,200,20.57
auditlog,10,351,200,21.77
auditlog,10,352,200,17.51
auditlog,10,353,200,19.80
auditlog,10,354,200,25.00
auditlog,10,355,200,18.80
auditlog,10,356,200,18.32
auditlog,10,357,200,18.21
auditlog,10,358,200,18.01
auditlog,10,359,200,17.91
auditlog,10,360,200,20.23
auditlog,10,361,200,20.26
auditlog,10,362,200,18.85
auditlog,10,363,200,20.73
auditlog,10,364,200,19.22
auditlog,10,365,200,19.12
auditlog,10,366,200,21.50
auditlog,10,367,200,18.74
auditlog,10,368,200,18.74
auditlog,10,369,200,20.52
auditlog,10,370,200,23.61
auditlog,10,371,200,31.41
auditlog,10,372,200,31.05
auditlog,10,373,200,27.90
auditlog,10,374,200,32.94
auditlog,10,375,200,31.58
auditlog,10,376,200,34.70
auditlog,10,377,200,37.59
auditlog,10,378,200,36.49
auditlog,10,379,200,33.32
auditlog,10,380,200,37.63
auditlog,10,381,200,17.68
auditlog,10,382,200,20.57
auditlog,10,383,200,19.32
auditlog,10,384,200,20.62
auditlog,10,385,200,23.91
auditlog,10,386,200,24.98
auditlog,10,387,200,23.76
auditlog,10,388,200,23.82
auditlog,10,389,200,24.52
auditlog,10,390,200,26.19
auditlog,10,391,200,23.45
auditlog,10,392,200,23.88
auditlog,10,393,200,19.41
auditlog,10,394,200,24.52
auditlog,10,395,200,25.78
auditlog,10,396,200,22.97
auditlog,10,397,200,19.50
auditlog,10,398,200,20.18
auditlog,10,399,200,20.83
auditlog,10,400,200,16.77
auditlog,10,401,200,21.99
auditlog,10,402,200,15.94
auditlog,10,403,200,20.09
auditlog,10,404,200,17.96
auditlog,10,405,200,21.23
auditlog,10,406,200,21.55
auditlog,10,407,200,20.69
auditlog,10,408,200,18.05
auditlog,10,409,200,18.09
auditlog,10,410,200,25.90
auditlog,10,411,200,27.79
auditlog,10,412,200,26.88
auditlog,10,413,200,26.82
auditlog,10,414,200,27.73
auditlog,10,415,200,32.05
auditlog,10,416,200,28.24
auditlog,10,417,200,34.16
auditlog,10,418,200,28.90
auditlog,10,419,200,27.08
auditlog,10,420,200,16.37
auditlog,10,421,200,17.80
auditlog,10,422,200,20.05
auditlog,10,423,200,22.83
auditlog,10,424,200,16.62
auditlog,10,425,200,16.41
auditlog,10,426,200,18.94
auditlog,10,427,200,19.14
auditlog,10,428,200,21.05
auditlog,10,429,200,22.50
auditlog,10,430,200,17.69
auditlog,10,431,200,20.02
auditlog,10,432,200,20.19
auditlog,10,433,200,21.32
auditlog,10,434,200,18.39
auditlog,10,435,200,19.21
auditlog,10,436,200,22.21
auditlog,10,437,200,22.13
auditlog,10,438,200,21.32
auditlog,10,439,200,25.38
auditlog,10,440,200,21.06
auditlog,10,441,200,18.51
auditlog,10,442,200,21.02
auditlog,10,443,200,20.32
auditlog,10,444,200,21.63
auditlog,10,445,200,21.21
auditlog,10,446,200,14.08
auditlog,10,447,200,19.41
auditlog,10,448,200,19.13
auditlog,10,449,200,21.71
auditlog,10,450,200,17.97
auditlog,10,451,200,19.34
auditlog,10,452,200,20.40
auditlog,10,453,200,19.75
auditlog,10,454,200,20.44
auditlog,10,455,200,23.53
auditlog,10,456,200,23.55
auditlog,10,457,200,22.76
auditlog,10,458,200,22.61
auditlog,10,459,200,18.49
auditlog,10,460,200,22.22
auditlog,10,461,200,23.64
auditlog,10,462,200,18.76
auditlog,10,463,200,18.52
auditlog,10,464,200,13.51
auditlog,10,465,200,15.08
auditlog,10,466,200,17.62
auditlog,10,467,200,17.03
auditlog,10,468,200,19.13
auditlog,10,469,200,24.05
auditlog,10,470,200,23.86
auditlog,10,471,200,23.14
auditlog,10,472,200,28.81
auditlog,10,473,200,26.22
auditlog,10,474,200,25.49
auditlog,10,475,200,24.79
auditlog,10,476,200,26.48
auditlog,10,477,200,26.51
auditlog,10,478,200,16.06
auditlog,10,479,200,21.59
auditlog,10,480,200,23.36
auditlog,10,481,200,21.76
auditlog,10,482,200,18.50
auditlog,10,483,200,23.90
auditlog,10,484,200,21.21
auditlog,10,485,200,20.44
auditlog,10,486,200,20.52
auditlog,10,487,200,16.42
auditlog,10,488,200,17.71
auditlog,10,489,200,29.89
auditlog,10,490,200,17.88
auditlog,10,491,200,17.99
auditlog,10,492,200,14.49
auditlog,10,493,200,17.82
auditlog,10,494,200,16.66
auditlog,10,495,200,15.71
auditlog,10,496,200,16.76
auditlog,10,497,200,16.33
auditlog,10,498,200,17.86
auditlog,10,499,200,21.09
auditlog,10,500,200,22.29
auditlog,10,501,200,25.15
auditlog,10,502,200,22.65
auditlog,10,503,200,21.12
auditlog,10,504,200,20.67
auditlog,10,505,200,20.66
auditlog,10,506,200,21.46
auditlog,10,507,200,24.23
auditlog,10,508,200,21.32
auditlog,10,509,200,18.38
auditlog,10,510,200,21.10
auditlog,10,511,200,20.37
auditlog,10,512,200,15.92
auditlog,10,513,200,15.87
auditlog,10,514,200,17.79
auditlog,10,515,200,16.42
auditlog,10,516,200,16.90
auditlog,10,517,200,23.88
auditlog,10,518,200,23.47
auditlog,10,519,200,20.42
auditlog,10,520,200,20.26
auditlog,10,521,200,19.69
auditlog,10,522,200,18.09
auditlog,10,523,200,16.36
auditlog,10,524,200,16.29
auditlog,10,525,200,20.65
auditlog,10,526,200,14.60
auditlog,10,527,200,16.38
auditlog,10,528,200,14.32
auditlog,10,529,200,14.61
auditlog,10,530,200,15.29
auditlog,10,531,200,16.46
auditlog,10,532,200,13.89
auditlog,10,533,200,16.08
auditlog,10,534,200,17.29
auditlog,10,535,200,17.09
auditlog,10,536,200,17.27
auditlog,10,537,200,15.10
auditlog,10,538,200,14.88
auditlog,10,539,200,15.71
auditlog,10,540,200,15.77
auditlog,10,541,200,17.04
auditlog,10,542,200,14.40
auditlog,10,543,200,16.28
auditlog,10,544,200,17.43
auditlog,10,545,200,16.34
auditlog,10,546,200,13.81
auditlog,10,547,200,16.50
auditlog,10,548,200,13.74
auditlog,10,549,200,15.47
auditlog,10,550,200,17.46
auditlog,10,551,200,14.53
auditlog,10,552,200,12.43
auditlog,10,553,200,13.88
auditlog,10,554,200,15.75
auditlog,10,555,200,17.50
auditlog,10,556,200,16.15
auditlog,10,557,200,17.86
auditlog,10,558,200,15.58
auditlog,10,559,200,17.98
auditlog,10,560,200,17.99
auditlog,10,561,200,12.16
auditlog,10,562,200,14.69
auditlog,10,563,200,13.96
auditlog,10,564,200,15.04
auditlog,10,565,200,13.27
auditlog,10,566,200,14.89
auditlog,10,567,200,14.95
auditlog,10,568,200,15.96
auditlog,10,569,200,12.55
auditlog,10,570,200,12.33
auditlog,10,571,200,19.09
auditlog,10,572,200,15.75
auditlog,10,573,200,14.23
auditlog,10,574,200,16.20
auditlog,10,575,200,15.85
auditlog,10,576,200,17.91
auditlog,10,577,200,13.92
auditlog,10,578,200,16.64
auditlog,10,579,200,14.84
auditlog,10,580,200,15.19
auditlog,10,581,200,14.98
auditlog,10,582,200,17.19
auditlog,10,583,200,14.35
auditlog,10,584,200,14.15
auditlog,10,585,200,15.86
auditlog,10,586,200,15.09
auditlog,10,587,200,15.29
auditlog,10,588,200,15.38
auditlog,10,589,200,16.42
auditlog,10,590,200,14.91
auditlog,10,591,200,16.09
auditlog,10,592,200,15.68
auditlog,10,593,200,15.89
auditlog,10,594,200,17.11
auditlog,10,595,200,15.86
auditlog,10,596,200,17.78
auditlog,10,597,200,16.24
auditlog,10,598,200,17.93
auditlog,10,599,200,11.07
auditlog,10,600,200,16.20
auditlog,10,601,200,14.19
auditlog,10,602,200,15.61
auditlog,10,603,200,15.54
auditlog,10,604,200,18.15
auditlog,10,605,200,13.45
auditlog,10,606,200,14.51
auditlog,10,607,200,16.55
auditlog,10,608,200,20.16
auditlog,10,609,200,19.79
auditlog,10,610,200,19.91
auditlog,10,611,200,19.67
auditlog,10,612,200,22.44
auditlog,10,613,200,15.60
auditlog,10,614,200,17.05
auditlog,10,615,200,15.86
auditlog,10,616,200,19.18
auditlog,10,617,200,18.41
auditlog,10,618,200,19.05
auditlog,10,619,200,19.63
auditlog,10,620,200,18.81
auditlog,10,621,200,20.01
auditlog,10,622,200,21.10
auditlog,10,623,200,20.71
auditlog,10,624,200,20.43
auditlog,10,625,200,22.71
auditlog,10,626,200,24.92
auditlog,10,627,200,28.20
auditlog,10,628,200,28.64
auditlog,10,629,200,18.73
auditlog,10,630,200,22.67
auditlog,10,631,200,19.75
auditlog,10,632,200,22.87
auditlog,10,633,200,20.57
auditlog,10,634,200,27.30
auditlog,10,635,200,24.50
auditlog,10,636,200,31.61
auditlog,10,637,200,21.52
auditlog,10,638,200,17.22
auditlog,10,639,200,19.45
auditlog,10,640,200,19.65
auditlog,10,641,200,20.59
auditlog,10,642,200,20.44
auditlog,10,643,200,24.24
auditlog,10,644,200,20.78
auditlog,10,645,200,27.62
auditlog,10,646,200,22.98
auditlog,10,647,200,20.42
auditlog,10,648,200,22.11
auditlog,10,649,200,20.71
auditlog,10,650,200,18.56
auditlog,10,651,200,21.54
auditlog,10,652,200,20.60
auditlog,10,653,200,21.09
auditlog,10,654,200,17.35
auditlog,10,655,200,17.52
auditlog,10,656,200,20.57
auditlog,10,657,200,22.53
auditlog,10,658,200,25.18
auditlog,10,659,200,19.48
auditlog,10,660,200,19.19
auditlog,10,661,200,18.61
auditlog,10,662,200,20.89
auditlog,10,663,200,19.12
auditlog,10,664,200,18.79
auditlog,10,665,200,17.03
auditlog,10,666,200,16.51
auditlog,10,667,200,15.76
auditlog,10,668,200,21.16
auditlog,10,669,200,15.81
auditlog,10,670,200,16.99
auditlog,10,671,200,16.01
auditlog,10,672,200,18.28
auditlog,10,673,200,18.32
auditlog,10,674,200,19.65
auditlog,10,675,200,15.33
auditlog,10,676,200,17.93
auditlog,10,677,200,17.47
auditlog,10,678,200,19.94
auditlog,10,679,200,16.20
auditlog,10,680,200,18.13
auditlog,10,681,200,16.70
auditlog,10,682,200,19.02
auditlog,10,683,200,18.40
auditlog,10,684,200,19.99
auditlog,10,685,200,19.95
auditlog,10,686,200,17.59
auditlog,10,687,200,18.89
auditlog,10,688,200,19.87
auditlog,10,689,200,17.36
auditlog,10,690,200,19.30
auditlog,10,691,200,22.17
auditlog,10,692,200,21.29
auditlog,10,693,200,16.99
auditlog,10,694,200,17.43
auditlog,10,695,200,15.49
auditlog,10,696,200,16.65
auditlog,10,697,200,22.85
auditlog,10,698,200,23.06
auditlog,10,699,200,27.66
auditlog,10,700,200,23.78
auditlog,10,701,200,28.58
auditlog,10,702,200,25.12
auditlog,10,703,200,15.07
auditlog,10,704,200,22.34
auditlog,10,705,200,22.09
auditlog,10,706,200,23.12
auditlog,10,707,200,28.49
auditlog,10,708,200,18.90
auditlog,10,709,200,22.24
auditlog,10,710,200,19.75
auditlog,10,711,200,21.33
auditlog,10,712,200,18.96
auditlog,10,713,200,21.31
auditlog,10,714,200,19.64
auditlog,10,715,200,21.65
auditlog,10,716,200,20.98
auditlog,10,717,200,18.05
auditlog,10,718,200,18.16
auditlog,10,719,200,19.37
auditlog,10,720,200,16.13
auditlog,10,721,200,15.23
auditlog,10,722,200,20.41
auditlog,10,723,200,18.43
auditlog,10,724,200,17.39
auditlog,10,725,200,23.08
auditlog,10,726,200,24.70
auditlog,10,727,200,22.00
auditlog,10,728,200,30.20
auditlog,10,729,200,19.70
auditlog,10,730,200,16.60
auditlog,10,731,200,22.39
auditlog,10,732,200,18.69
auditlog,10,733,200,21.01
auditlog,10,734,200,20.49
auditlog,10,735,200,20.06
auditlog,10,736,200,20.91
auditlog,10,737,200,21.88
auditlog,10,738,200,30.41
auditlog,10,739,200,19.13
auditlog,10,740,200,24.29
auditlog,10,741,200,19.52
auditlog,10,742,200,20.25
auditlog,10,743,200,22.09
auditlog,10,744,200,23.37
auditlog,10,745,200,20.29
auditlog,10,746,200,23.10
auditlog,10,747,200,26.48
auditlog,10,748,200,17.45
auditlog,10,749,200,16.94
auditlog,10,750,200,18.86
auditlog,10,751,200,17.51
auditlog,10,752,200,17.57
auditlog,10,753,200,18.78
auditlog,10,754,200,21.24
auditlog,10,755,200,17.04
auditlog,10,756,200,19.20
auditlog,10,757,200,20.01
auditlog,10,758,200,19.06
auditlog,10,759,200,21.56
auditlog,10,760,200,23.38
auditlog,10,761,200,19.17
auditlog,10,762,200,24.36
auditlog,10,763,200,23.36
auditlog,10,764,200,24.92
auditlog,10,765,200,20.32
auditlog,10,766,200,22.20
auditlog,10,767,200,18.92
auditlog,10,768,200,18.18
auditlog,10,769,200,14.69
auditlog,10,770,200,15.18
auditlog,10,771,200,15.40
auditlog,10,772,200,13.48
auditlog,10,773,200,25.73
auditlog,10,774,200,27.14
auditlog,10,775,200,21.78
auditlog,10,776,200,24.14
auditlog,10,777,200,24.06
auditlog,10,778,200,24.22
auditlog,10,779,200,22.63
auditlog,10,780,200,23.17
auditlog,10,781,200,24.55
auditlog,10,782,200,24.66
auditlog,10,783,200,12.57
auditlog,10,784,200,10.82
auditlog,10,785,200,15.28
auditlog,10,786,200,13.45
auditlog,10,787,200,14.86
auditlog,10,788,200,14.18
auditlog,10,789,200,13.35
auditlog,10,790,200,11.99
auditlog,10,791,200,14.34
auditlog,10,792,200,14.52
auditlog,10,793,200,13.86
auditlog,10,794,200,13.58
auditlog,10,795,200,11.94
auditlog,10,796,200,13.13
auditlog,10,797,200,12.21
auditlog,10,798,200,14.64
auditlog,10,799,200,12.05
auditlog,10,800,200,13.13
auditlog,10,801,200,15.01
auditlog,10,802,200,14.51
auditlog,10,803,200,11.19
auditlog,10,804,200,13.80
auditlog,10,805,200,13.26
auditlog,10,806,200,13.21
auditlog,10,807,200,15.55
auditlog,10,808,200,14.78
auditlog,10,809,200,12.69
auditlog,10,810,200,14.26
auditlog,10,811,200,10.99
auditlog,10,812,200,14.84
auditlog,10,813,200,11.63
auditlog,10,814,200,12.61
auditlog,10,815,200,12.06
auditlog,10,816,200,16.93
auditlog,10,817,200,13.59
auditlog,10,818,200,13.50
auditlog,10,819,200,13.75
auditlog,10,820,200,13.09
auditlog,10,821,200,8.41
auditlog,10,822,200,12.84
auditlog,10,823,200,12.35
auditlog,10,824,200,11.40
auditlog,10,825,200,11.22
auditlog,10,826,200,12.80
auditlog,10,827,200,13.71
auditlog,10,828,200,13.02
auditlog,10,829,200,12.77
auditlog,10,830,200,12.68
auditlog,10,831,200,11.36
auditlog,10,832,200,12.70
auditlog,10,833,200,12.07
auditlog,10,834,200,13.16
auditlog,10,835,200,12.84
auditlog,10,836,200,12.81
auditlog,10,837,200,10.18
auditlog,10,838,200,10.28
auditlog,10,839,200,13.52
auditlog,10,840,200,15.59
auditlog,10,841,200,14.40
auditlog,10,842,200,14.51
auditlog,10,843,200,12.65
auditlog,10,844,200,14.10
auditlog,10,845,200,15.78
auditlog,10,846,200,15.64
auditlog,10,847,200,15.38
auditlog,10,848,200,16.32
auditlog,10,849,200,13.72
auditlog,10,850,200,13.14
auditlog,10,851,200,13.06
auditlog,10,852,200,12.68
auditlog,10,853,200,12.39
auditlog,10,854,200,12.27
auditlog,10,855,200,12.06
auditlog,10,856,200,13.70
auditlog,10,857,200,13.48
auditlog,10,858,200,11.40
auditlog,10,859,200,13.14
auditlog,10,860,200,13.77
auditlog,10,861,200,12.07
auditlog,10,862,200,11.77
auditlog,10,863,200,12.41
auditlog,10,864,200,12.24
auditlog,10,865,200,14.23
auditlog,10,866,200,12.49
auditlog,10,867,200,13.69
auditlog,10,868,200,13.80
auditlog,10,869,200,12.70
auditlog,10,870,200,14.96
auditlog,10,871,200,12.33
auditlog,10,872,200,13.19
auditlog,10,873,200,13.41
auditlog,10,874,200,11.61
auditlog,10,875,200,12.14
auditlog,10,876,200,11.95
auditlog,10,877,200,11.86
auditlog,10,878,200,13.68
auditlog,10,879,200,14.06
auditlog,10,880,200,12.55
auditlog,10,881,200,11.13
auditlog,10,882,200,12.51
auditlog,10,883,200,12.65
auditlog,10,884,200,13.48
auditlog,10,885,200,11.02
auditlog,10,886,200,13.38
auditlog,10,887,200,12.91
auditlog,10,888,200,10.90
auditlog,10,889,200,16.42
auditlog,10,890,200,14.17
auditlog,10,891,200,13.67
auditlog,10,892,200,12.45
auditlog,10,893,200,13.11
auditlog,10,894,200,15.35
auditlog,10,895,200,15.18
auditlog,10,896,200,13.77
auditlog,10,897,200,15.53
auditlog,10,898,200,12.57
auditlog,10,899,200,12.37
auditlog,10,900,200,14.57
auditlog,10,901,200,13.57
auditlog,10,902,200,18.66
auditlog,10,903,200,10.87
auditlog,10,904,200,12.95
auditlog,10,905,200,13.10
auditlog,10,906,200,14.30
auditlog,10,907,200,13.81
auditlog,10,908,200,13.62
auditlog,10,909,200,14.15
auditlog,10,910,200,11.85
auditlog,10,911,200,11.90
auditlog,10,912,200,13.83
auditlog,10,913,200,12.98
auditlog,10,914,200,11.72
auditlog,10,915,200,13.11
auditlog,10,916,200,14.75
auditlog,10,917,200,14.92
auditlog,10,918,200,14.44
auditlog,10,919,200,14.38
auditlog,10,920,200,12.64
auditlog,10,921,200,11.91
auditlog,10,922,200,14.87
auditlog,10,923,200,12.96
auditlog,10,924,200,12.33
auditlog,10,925,200,13.22
auditlog,10,926,200,14.74
auditlog,10,927,200,14.83
auditlog,10,928,200,12.19
auditlog,10,929,200,10.66
auditlog,10,930,200,12.56
auditlog,10,931,200,11.15
auditlog,10,932,200,12.69
auditlog,10,933,200,10.30
auditlog,10,934,200,11.95
auditlog,10,935,200,12.18
auditlog,10,936,200,11.41
auditlog,10,937,200,11.54
auditlog,10,938,200,14.59
auditlog,10,939,200,11.99
auditlog,10,940,200,13.00
auditlog,10,941,200,14.82
auditlog,10,942,200,14.22
auditlog,10,943,200,14.96
auditlog,10,944,200,14.20
auditlog,10,945,200,14.25
auditlog,10,946,200,13.61
auditlog,10,947,200,12.46
auditlog,10,948,200,13.92
auditlog,10,949,200,13.14
auditlog,10,950,200,13.17
auditlog,10,951,200,16.62
auditlog,10,952,200,16.23
auditlog,10,953,200,14.24
auditlog,10,954,200,16.50
auditlog,10,955,200,16.67
auditlog,10,956,200,13.56
auditlog,10,957,200,11.84
auditlog,10,958,200,13.11
auditlog,10,959,200,14.95
auditlog,10,960,200,15.43
auditlog,10,961,200,14.98
auditlog,10,962,200,12.11
auditlog,10,963,200,14.60
auditlog,10,964,200,16.65
auditlog,10,965,200,15.65
auditlog,10,966,200,11.85
auditlog,10,967,200,12.97
auditlog,10,968,200,13.53
auditlog,10,969,200,17.70
auditlog,10,970,200,16.64
auditlog,10,971,200,13.95
auditlog,10,972,200,13.98
auditlog,10,973,200,14.45
auditlog,10,974,200,14.48
auditlog,10,975,200,14.28
auditlog,10,976,200,13.74
auditlog,10,977,200,14.92
auditlog,10,978,200,12.39
auditlog,10,979,200,14.55
auditlog,10,980,200,13.01
auditlog,10,981,200,13.26
auditlog,10,982,200,12.61
auditlog,10,983,200,25.40
auditlog,10,984,200,14.70
auditlog,10,985,200,19.91
auditlog,10,986,200,17.59
auditlog,10,987,200,21.37
auditlog,10,988,200,11.47
auditlog,10,989,200,12.98
auditlog,10,990,200,13.94
auditlog,10,991,200,12.11
auditlog,10,992,200,12.23
auditlog,10,993,200,16.02
auditlog,10,994,200,15.15
auditlog,10,995,200,13.92
auditlog,10,996,200,12.23
auditlog,10,997,200,13.08
auditlog,10,998,200,14.20
auditlog,10,999,200,15.93
auditlog,10,1000,200,17.11
auditlog,10,1001,200,17.41
auditlog,10,1002,200,16.79
auditlog,10,1003,200,13.51
auditlog,10,1004,200,14.28
auditlog,10,1005,200,16.53
auditlog,10,1006,200,14.22
auditlog,10,1007,200,18.47
auditlog,10,1008,200,13.59
auditlog,10,1009,200,16.76
auditlog,10,1010,200,16.42
auditlog,10,1011,200,11.23
auditlog,10,1012,200,12.71
auditlog,10,1013,200,11.53
auditlog,10,1014,200,16.45
auditlog,10,1015,200,15.70
auditlog,10,1016,200,18.43
auditlog,10,1017,200,23.51
auditlog,10,1018,200,19.04
auditlog,10,1019,200,19.45
auditlog,10,1020,200,19.96
auditlog,10,1021,200,19.69
auditlog,10,1022,200,20.97
auditlog,10,1023,200,13.31
auditlog,10,1024,200,13.25
auditlog,10,1025,200,21.00
auditlog,10,1026,200,13.75
auditlog,10,1027,200,13.22
auditlog,10,1028,200,14.23
auditlog,10,1029,200,12.93
auditlog,10,1030,200,12.77
auditlog,10,1031,200,14.88
auditlog,10,1032,200,11.86
auditlog,10,1033,200,13.39
auditlog,10,1034,200,12.13
auditlog,10,1035,200,13.58
auditlog,10,1036,200,12.72
auditlog,10,1037,200,13.79
auditlog,10,1038,200,15.15
auditlog,10,1039,200,11.67
auditlog,10,1040,200,11.65
auditlog,10,1041,200,13.94
auditlog,10,1042,200,13.47
auditlog,10,1043,200,16.71
auditlog,10,1044,200,16.05
auditlog,10,1045,200,15.55
auditlog,10,1046,200,15.30
auditlog,10,1047,200,14.30
auditlog,10,1048,200,14.60
auditlog,10,1049,200,14.19
auditlog,10,1050,200,11.75
auditlog,10,1051,200,14.49
auditlog,10,1052,200,13.32
auditlog,10,1053,200,12.11
auditlog,10,1054,200,13.41
auditlog,10,1055,200,15.54
auditlog,10,1056,200,15.28
auditlog,10,1057,200,16.60
auditlog,10,1058,200,14.29
auditlog,10,1059,200,12.09
auditlog,10,1060,200,13.61
auditlog,10,1061,200,15.41
auditlog,10,1062,200,14.81
auditlog,10,1063,200,14.49
auditlog,10,1064,200,12.55
auditlog,10,1065,200,14.65
auditlog,10,1066,200,14.57
auditlog,10,1067,200,14.39
auditlog,10,1068,200,15.54
auditlog,10,1069,200,11.35
auditlog,10,1070,200,13.09
auditlog,10,1071,200,12.64
auditlog,10,1072,200,13.51
auditlog,10,1073,200,12.11
auditlog,10,1074,200,15.56
auditlog,10,1075,200,12.59
auditlog,10,1076,200,12.37
auditlog,10,1077,200,13.67
auditlog,10,1078,200,11.18
auditlog,10,1079,200,10.91
auditlog,10,1080,200,10.62
auditlog,10,1081,200,12.61
auditlog,10,1082,200,12.30
auditlog,10,1083,200,12.68
auditlog,10,1084,200,15.54
auditlog,10,1085,200,13.77
auditlog,10,1086,200,14.23
auditlog,10,1087,200,11.17
auditlog,10,1088,200,13.94
auditlog,10,1089,200,13.45
auditlog,10,1090,200,12.06
auditlog,10,1091,200,14.51
auditlog,10,1092,200,13.75
auditlog,10,1093,200,12.52
auditlog,10,1094,200,14.41
auditlog,10,1095,200,14.26
auditlog,10,1096,200,13.90
auditlog,10,1097,200,13.83
auditlog,10,1098,200,15.66
auditlog,10,1099,200,16.45
auditlog,10,1100,200,17.24
auditlog,10,1101,200,14.82
auditlog,10,1102,200,13.73
auditlog,10,1103,200,14.43
auditlog,10,1104,200,12.19
auditlog,10,1105,200,12.26
auditlog,10,1106,200,13.63
auditlog,10,1107,200,10.13
auditlog,10,1108,200,11.62
auditlog,10,1109,200,10.43
auditlog,10,1110,200,12.23
auditlog,10,1111,200,13.03
auditlog,10,1112,200,14.41
auditlog,10,1113,200,15.37
auditlog,10,1114,200,11.05
auditlog,10,1115,200,13.07
auditlog,10,1116,200,13.66
auditlog,10,1117,200,12.59
auditlog,10,1118,200,14.70
auditlog,10,1119,200,13.70
auditlog,10,1120,200,13.39
auditlog,10,1121,200,16.30
auditlog,10,1122,200,13.30
auditlog,10,1123,200,14.46
auditlog,10,1124,200,12.30
auditlog,10,1125,200,13.64
auditlog,10,1126,200,15.71
auditlog,10,1127,200,15.63
auditlog,10,1128,200,14.35
auditlog,10,1129,200,14.03
auditlog,10,1130,200,13.76
auditlog,10,1131,200,15.36
auditlog,10,1132,200,15.09
auditlog,10,1133,200,15.08
auditlog,10,1134,200,12.31
auditlog,10,1135,200,13.73
auditlog,10,1136,200,13.62
auditlog,10,1137,200,12.99
auditlog,10,1138,200,13.10
auditlog,10,1139,200,13.31
auditlog,10,1140,200,12.83
auditlog,10,1141,200,14.46
auditlog,10,1142,200,11.61
auditlog,10,1143,200,15.20
auditlog,10,1144,200,16.31
auditlog,10,1145,200,14.06
auditlog,10,1146,200,13.90
auditlog,10,1147,200,12.60
auditlog,10,1148,200,12.48
auditlog,10,1149,200,12.74
auditlog,10,1150,200,14.97
auditlog,10,1151,200,13.55
auditlog,10,1152,200,13.67
auditlog,10,1153,200,14.00
auditlog,10,1154,200,16.15
auditlog,10,1155,200,13.41
auditlog,10,1156,200,13.09
auditlog,10,1157,200,15.60
auditlog,10,1158,200,11.78
auditlog,10,1159,200,14.22
auditlog,10,1160,200,13.76
auditlog,10,1161,200,14.21
auditlog,10,1162,200,12.45
auditlog,10,1163,200,12.80
auditlog,10,1164,200,14.02
auditlog,10,1165,200,14.20
auditlog,10,1166,200,13.28
auditlog,10,1167,200,11.34
auditlog,10,1168,200,11.02
auditlog,10,1169,200,14.10
auditlog,10,1170,200,12.17
auditlog,10,1171,200,14.96
auditlog,10,1172,200,14.15
auditlog,10,1173,200,17.28
auditlog,10,1174,200,15.30
auditlog,10,1175,200,14.12
auditlog,10,1176,200,13.96
auditlog,10,1177,200,12.76
auditlog,10,1178,200,12.20
auditlog,10,1179,200,13.42
auditlog,10,1180,200,14.15
auditlog,10,1181,200,13.53
auditlog,10,1182,200,12.67
auditlog,10,1183,200,11.67
auditlog,10,1184,200,11.92
auditlog,10,1185,200,13.00
auditlog,10,1186,200,14.87
auditlog,10,1187,200,13.57
auditlog,10,1188,200,15.63
auditlog,10,1189,200,14.45
auditlog,10,1190,200,14.45
auditlog,10,1191,200,12.49
auditlog,10,1192,200,14.53
auditlog,10,1193,200,14.25
auditlog,10,1194,200,12.38
auditlog,10,1195,200,12.49
auditlog,10,1196,200,14.44
auditlog,10,1197,200,12.49
auditlog,10,1198,200,12.70
auditlog,10,1199,200,15.73
auditlog,10,1200,200,12.83
auditlog,10,1201,200,11.61
auditlog,10,1202,200,10.88
auditlog,10,1203,200,12.84
auditlog,10,1204,200,11.59
auditlog,10,1205,200,14.37
auditlog,10,1206,200,13.00
auditlog,10,1207,200,13.59
auditlog,10,1208,200,11.60
auditlog,10,1209,200,13.71
auditlog,10,1210,200,13.67
auditlog,10,1211,200,11.96
auditlog,10,1212,200,14.25
auditlog,10,1213,200,14.27
auditlog,10,1214,200,13.62
auditlog,10,1215,200,11.53
auditlog,10,1216,200,13.60
auditlog,10,1217,200,11.11
auditlog,10,1218,200,10.85
auditlog,10,1219,200,9.56
auditlog,10,1220,200,12.78
auditlog,10,1221,200,11.57
auditlog,10,1222,200,10.88
auditlog,10,1223,200,10.87
auditlog,10,1224,200,13.15
auditlog,10,1225,200,12.92
auditlog,10,1226,200,11.91
auditlog,10,1227,200,13.61
auditlog,10,1228,200,15.94
auditlog,10,1229,200,14.29
auditlog,10,1230,200,14.56
auditlog,10,1231,200,12.94
auditlog,10,1232,200,11.71
auditlog,10,1233,200,13.83
auditlog,10,1234,200,14.56
auditlog,10,1235,200,16.21
auditlog,10,1236,200,14.82
auditlog,10,1237,200,12.72
auditlog,10,1238,200,14.63
auditlog,10,1239,200,14.31
auditlog,10,1240,200,12.05
auditlog,10,1241,200,10.19
auditlog,10,1242,200,12.24
auditlog,10,1243,200,11.77
auditlog,10,1244,200,10.93
auditlog,10,1245,200,11.25
auditlog,10,1246,200,12.42
auditlog,10,1247,200,12.02
auditlog,10,1248,200,12.92
auditlog,10,1249,200,13.57
auditlog,10,1250,200,12.15
auditlog,10,1251,200,11.34
auditlog,10,1252,200,12.90
auditlog,10,1253,200,13.74
auditlog,10,1254,200,13.02
auditlog,10,1255,200,13.63
auditlog,10,1256,200,13.71
auditlog,10,1257,200,11.96
auditlog,10,1258,200,14.39
auditlog,10,1259,200,12.99
auditlog,10,1260,200,12.62
auditlog,10,1261,200,10.64
auditlog,10,1262,200,13.00
auditlog,10,1263,200,12.33
auditlog,10,1264,200,14.08
auditlog,10,1265,200,11.02
auditlog,10,1266,200,11.79
auditlog,10,1267,200,11.46
auditlog,10,1268,200,12.95
auditlog,10,1269,200,11.86
auditlog,10,1270,200,13.54
auditlog,10,1271,200,13.46
auditlog,10,1272,200,12.18
auditlog,10,1273,200,14.98
auditlog,10,1274,200,11.22
auditlog,10,1275,200,12.73
auditlog,10,1276,200,10.35
auditlog,10,1277,200,14.12
auditlog,10,1278,200,12.44
auditlog,10,1279,200,12.07
auditlog,10,1280,200,14.69
auditlog,10,1281,200,13.46
auditlog,10,1282,200,12.15
auditlog,10,1283,200,13.30
auditlog,10,1284,200,13.47
auditlog,10,1285,200,13.72
auditlog,10,1286,200,13.95
auditlog,10,1287,200,12.85
auditlog,10,1288,200,12.75
auditlog,10,1289,200,12.22
auditlog,10,1290,200,10.41
auditlog,10,1291,200,10.18
auditlog,10,1292,200,13.47
auditlog,10,1293,200,13.37
auditlog,10,1294,200,12.67
auditlog,10,1295,200,12.74
auditlog,10,1296,200,12.96
auditlog,10,1297,200,11.70
auditlog,10,1298,200,13.52
auditlog,10,1299,200,13.35
auditlog,10,1300,200,13.29
auditlog,10,1301,200,12.78
auditlog,10,1302,200,13.82
auditlog,10,1303,200,13.72
auditlog,10,1304,200,12.58
auditlog,10,1305,200,15.16
auditlog,10,1306,200,13.13
auditlog,10,1307,200,15.59
auditlog,10,1308,200,14.80
auditlog,10,1309,200,14.90
auditlog,10,1310,200,13.56
auditlog,10,1311,200,13.02
auditlog,10,1312,200,14.01
auditlog,10,1313,200,14.13
auditlog,10,1314,200,11.10
auditlog,10,1315,200,12.22
auditlog,10,1316,200,11.52
auditlog,10,1317,200,13.60
auditlog,10,1318,200,12.91
auditlog,10,1319,200,14.25
auditlog,10,1320,200,10.81
auditlog,10,1321,200,12.64
auditlog,10,1322,200,12.39
auditlog,10,1323,200,12.26
auditlog,10,1324,200,11.06
auditlog,10,1325,200,10.30
auditlog,10,1326,200,12.53
auditlog,10,1327,200,14.14
auditlog,10,1328,200,16.17
auditlog,10,1329,200,10.53
auditlog,10,1330,200,14.46
auditlog,10,1331,200,12.03
auditlog,10,1332,200,11.99
auditlog,10,1333,200,14.18
auditlog,10,1334,200,16.20
auditlog,10,1335,200,13.68
auditlog,10,1336,200,13.15
auditlog,10,1337,200,10.83
auditlog,10,1338,200,12.04
auditlog,10,1339,200,15.78
auditlog,10,1340,200,14.35
auditlog,10,1341,200,13.02
auditlog,10,1342,200,14.67
auditlog,10,1343,200,12.29
auditlog,10,1344,200,14.74
auditlog,10,1345,200,13.64
auditlog,10,1346,200,12.82
auditlog,10,1347,200,11.94
auditlog,10,1348,200,13.13
auditlog,10,1349,200,12.17
auditlog,10,1350,200,14.82
auditlog,10,1351,200,10.29
auditlog,10,1352,200,11.98
auditlog,10,1353,200,13.81
auditlog,10,1354,200,13.95
auditlog,10,1355,200,13.29
auditlog,10,1356,200,15.45
auditlog,10,1357,200,12.73
auditlog,10,1358,200,12.56
auditlog,10,1359,200,12.25
auditlog,10,1360,200,13.42
auditlog,10,1361,200,15.18
auditlog,10,1362,200,13.56
auditlog,10,1363,200,12.13
auditlog,10,1364,200,10.69
auditlog,10,1365,200,25.39
auditlog,10,1366,200,32.65
auditlog,10,1367,200,35.03
auditlog,10,1368,200,32.16
auditlog,10,1369,200,30.50
auditlog,10,1370,200,27.59
auditlog,10,1371,200,28.43
auditlog,10,1372,200,33.98
auditlog,10,1373,200,32.54
auditlog,10,1374,200,33.93
auditlog,10,1375,200,19.43
auditlog,10,1376,200,12.45
auditlog,10,1377,200,13.16
auditlog,10,1378,200,11.59
auditlog,10,1379,200,11.10
auditlog,10,1380,200,15.35
auditlog,10,1381,200,15.01
auditlog,10,1382,200,15.62
auditlog,10,1383,200,13.13
auditlog,10,1384,200,13.09
auditlog,10,1385,200,18.88
auditlog,10,1386,200,13.95
auditlog,10,1387,200,14.23
auditlog,10,1388,200,12.93
auditlog,10,1389,200,14.89
auditlog,10,1390,200,13.77
auditlog,10,1391,200,15.49
auditlog,10,1392,200,17.61
auditlog,10,1393,200,16.10
auditlog,10,1394,200,16.25
auditlog,10,1395,200,13.17
auditlog,10,1396,200,14.58
auditlog,10,1397,200,16.71
auditlog,10,1398,200,14.74
auditlog,10,1399,200,16.90
auditlog,10,1400,200,15.17
auditlog,10,1401,200,14.18
auditlog,10,1402,200,15.10
auditlog,10,1403,200,16.07
auditlog,10,1404,200,15.57
auditlog,10,1405,200,11.25
auditlog,10,1406,200,46.81
auditlog,10,1407,200,48.75
auditlog,10,1408,200,48.68
auditlog,10,1409,200,50.83
auditlog,10,1410,200,51.21
auditlog,10,1411,200,53.07
auditlog,10,1412,200,52.55
auditlog,10,1413,200,57.54
auditlog,10,1414,200,60.28
auditlog,10,1415,200,55.28
auditlog,10,1416,200,16.52
auditlog,10,1417,200,16.50
auditlog,10,1418,200,21.65
auditlog,10,1419,200,18.98
auditlog,10,1420,200,14.76
auditlog,10,1421,200,15.72
auditlog,10,1422,200,16.06
auditlog,10,1423,200,19.57
auditlog,10,1424,200,14.12
auditlog,10,1425,200,17.23
auditlog,10,1426,200,12.82
auditlog,10,1427,200,15.29
auditlog,10,1428,200,17.82
auditlog,10,1429,200,17.05
auditlog,10,1430,200,22.93
auditlog,10,1431,200,19.38
auditlog,10,1432,200,20.77
auditlog,10,1433,200,12.38
auditlog,10,1434,200,13.72
auditlog,10,1435,200,14.68
auditlog,10,1436,200,15.48
auditlog,10,1437,200,13.95
auditlog,10,1438,200,12.10
auditlog,10,1439,200,16.87
auditlog,10,1440,200,14.95
auditlog,10,1441,200,15.10
auditlog,10,1442,200,12.85
auditlog,10,1443,200,19.22
auditlog,10,1444,200,16.39
auditlog,10,1445,200,15.86
auditlog,10,1446,200,14.89
auditlog,10,1447,200,16.31
auditlog,10,1448,200,16.65
auditlog,10,1449,200,20.22
auditlog,10,1450,200,19.45
auditlog,10,1451,200,15.74
auditlog,10,1452,200,20.21
auditlog,10,1453,200,15.56
auditlog,10,1454,200,16.99
auditlog,10,1455,200,19.43
auditlog,10,1456,200,17.02
auditlog,10,1457,200,18.33
auditlog,10,1458,200,17.13
auditlog,10,1459,200,19.51
auditlog,10,1460,200,15.42
auditlog,10,1461,200,14.31
auditlog,10,1462,200,16.01
auditlog,10,1463,200,14.63
auditlog,10,1464,200,17.54
auditlog,10,1465,200,12.57
auditlog,10,1466,200,13.90
auditlog,10,1467,200,14.68
auditlog,10,1468,200,14.42
auditlog,10,1469,200,15.21
auditlog,10,1470,200,12.30
auditlog,10,1471,200,13.26
auditlog,10,1472,200,14.37
auditlog,10,1473,200,12.84
auditlog,10,1474,200,13.76
auditlog,10,1475,200,14.40
auditlog,10,1476,200,12.99
auditlog,10,1477,200,16.55
auditlog,10,1478,200,14.15
auditlog,10,1479,200,10.85
auditlog,10,1480,200,13.79
auditlog,10,1481,200,13.32
auditlog,10,1482,200,14.63
auditlog,10,1483,200,14.32
auditlog,10,1484,200,15.99
auditlog,10,1485,200,14.69
auditlog,10,1486,200,13.10
auditlog,10,1487,200,15.51
auditlog,10,1488,200,16.03
auditlog,10,1489,200,15.88
auditlog,10,1490,200,15.12
auditlog,10,1491,200,17.18
auditlog,10,1492,200,18.16
auditlog,10,1493,200,18.05
auditlog,10,1494,200,16.91
auditlog,10,1495,200,16.97
auditlog,10,1496,200,19.35
auditlog,10,1497,200,16.97
auditlog,10,1498,200,16.47
auditlog,10,1499,200,24.51
auditlog,10,1500,200,16.11
auditlog,10,1501,200,14.76
auditlog,10,1502,200,13.74
auditlog,10,1503,200,15.12
auditlog,10,1504,200,10.72
auditlog,10,1505,200,13.08
auditlog,10,1506,200,13.21
auditlog,10,1507,200,14.94
auditlog,10,1508,200,16.36
auditlog,10,1509,200,13.33
auditlog,10,1510,200,14.91
auditlog,10,1511,200,12.49
auditlog,10,1512,200,14.56
auditlog,10,1513,200,13.17
auditlog,10,1514,200,13.23
auditlog,10,1515,200,14.42
auditlog,10,1516,200,15.54
auditlog,10,1517,200,13.83
auditlog,10,1518,200,13.05
auditlog,10,1519,200,13.81
auditlog,10,1520,200,13.34
auditlog,10,1521,200,13.99
auditlog,10,1522,200,13.95
auditlog,10,1523,200,14.02
auditlog,10,1524,200,12.56
auditlog,10,1525,200,15.32
auditlog,10,1526,200,15.21
auditlog,10,1527,200,16.61
auditlog,10,1528,200,15.27
auditlog,10,1529,200,12.69
auditlog,10,1530,200,16.41
auditlog,10,1531,200,16.31
auditlog,10,1532,200,12.28
auditlog,10,1533,200,14.98
auditlog,10,1534,200,12.33
auditlog,10,1535,200,13.22
auditlog,10,1536,200,11.89
auditlog,10,1537,200,14.86
auditlog,10,1538,200,13.12
auditlog,10,1539,200,13.56
auditlog,10,1540,200,14.01
auditlog,10,1541,200,13.28
auditlog,10,1542,200,14.71
auditlog,10,1543,200,13.28
auditlog,10,1544,200,11.15
auditlog,10,1545,200,13.51
auditlog,10,1546,200,13.37
auditlog,10,1547,200,12.92
auditlog,10,1548,200,14.42
auditlog,10,1549,200,13.99
auditlog,10,1550,200,12.87
auditlog,10,1551,200,13.87
auditlog,10,1552,200,12.94
auditlog,10,1553,200,11.68
auditlog,10,1554,200,10.36
auditlog,10,1555,200,9.80
auditlog,10,1556,200,11.49
auditlog,10,1557,200,11.18
auditlog,10,1558,200,10.96
auditlog,10,1559,200,14.70
auditlog,10,1560,200,14.19
auditlog,10,1561,200,13.60
auditlog,10,1562,200,14.17
auditlog,10,1563,200,13.87
auditlog,10,1564,200,11.76
auditlog,10,1565,200,11.16
auditlog,10,1566,200,12.29
auditlog,10,1567,200,11.62
auditlog,10,1568,200,13.88
auditlog,10,1569,200,11.89
auditlog,10,1570,200,13.15
auditlog,10,1571,200,13.70
auditlog,10,1572,200,12.49
auditlog,10,1573,200,13.64
auditlog,10,1574,200,9.59
auditlog,10,1575,200,10.02
auditlog,10,1576,200,12.90
auditlog,10,1577,200,12.61
auditlog,10,1578,200,13.32
auditlog,10,1579,200,12.75
auditlog,10,1580,200,12.70
auditlog,10,1581,200,13.50
auditlog,10,1582,200,11.31
auditlog,10,1583,200,13.03
auditlog,10,1584,200,13.55
auditlog,10,1585,200,15.39
auditlog,10,1586,200,11.39
auditlog,10,1587,200,13.17
auditlog,10,1588,200,13.38
auditlog,10,1589,200,13.02
auditlog,10,1590,200,12.85
auditlog,10,1591,200,13.71
auditlog,10,1592,200,14.96
auditlog,10,1593,200,14.44
auditlog,10,1594,200,10.01
auditlog,10,1595,200,9.18
auditlog,10,1596,200,12.80
auditlog,10,1597,200,11.19
auditlog,10,1598,200,9.40
auditlog,10,1599,200,9.70
auditlog,10,1600,200,11.73
auditlog,10,1601,200,12.77
auditlog,10,1602,200,12.69
auditlog,10,1603,200,12.88
auditlog,10,1604,200,11.99
auditlog,10,1605,200,11.47
auditlog,10,1606,200,10.47
auditlog,10,1607,200,10.16
auditlog,10,1608,200,13.80
auditlog,10,1609,200,13.68
auditlog,10,1610,200,11.66
auditlog,10,1611,200,10.60
auditlog,10,1612,200,10.01
auditlog,10,1613,200,13.89
auditlog,10,1614,200,13.26
auditlog,10,1615,200,13.38
auditlog,10,1616,200,13.17
auditlog,10,1617,200,13.61
auditlog,10,1618,200,13.46
auditlog,10,1619,200,13.51
auditlog,10,1620,200,15.98
auditlog,10,1621,200,16.20
auditlog,10,1622,200,14.84
auditlog,10,1623,200,18.38
auditlog,10,1624,200,13.84
auditlog,10,1625,200,12.74
auditlog,10,1626,200,14.21
auditlog,10,1627,200,12.27
auditlog,10,1628,200,16.74
auditlog,10,1629,200,12.47
auditlog,10,1630,200,11.66
auditlog,10,1631,200,12.86
auditlog,10,1632,200,14.42
auditlog,10,1633,200,15.07
auditlog,10,1634,200,11.11
auditlog,10,1635,200,11.55
auditlog,10,1636,200,12.97
auditlog,10,1637,200,14.60
auditlog,10,1638,200,13.01
auditlog,10,1639,200,14.15
auditlog,10,1640,200,14.08
auditlog,10,1641,200,12.28
auditlog,10,1642,200,12.56
auditlog,10,1643,200,12.99
auditlog,10,1644,200,16.91
auditlog,10,1645,200,12.12
auditlog,10,1646,200,11.66
auditlog,10,1647,200,12.71
auditlog,10,1648,200,9.95
auditlog,10,1649,200,13.30
auditlog,10,1650,200,12.38
auditlog,10,1651,200,13.55
auditlog,10,1652,200,9.42
auditlog,10,1653,200,10.29
auditlog,10,1654,200,12.63
auditlog,10,1655,200,12.38
auditlog,10,1656,200,12.20
auditlog,10,1657,200,14.58
auditlog,10,1658,200,12.39
auditlog,10,1659,200,13.02
auditlog,10,1660,200,11.00
auditlog,10,1661,200,14.57
auditlog,10,1662,200,11.62
auditlog,10,1663,200,10.42
auditlog,10,1664,200,12.38
auditlog,10,1665,200,11.94
auditlog,10,1666,200,13.32
auditlog,10,1667,200,13.43
auditlog,10,1668,200,15.16
auditlog,10,1669,200,11.54
auditlog,10,1670,200,12.93
auditlog,10,1671,200,10.61
auditlog,10,1672,200,15.81
auditlog,10,1673,200,12.27
auditlog,10,1674,200,11.60
auditlog,10,1675,200,11.06
auditlog,10,1676,200,13.26
auditlog,10,1677,200,13.90
auditlog,10,1678,200,11.69
auditlog,10,1679,200,12.77
auditlog,10,1680,200,14.56
auditlog,10,1681,200,14.22
auditlog,10,1682,200,13.05
auditlog,10,1683,200,14.62
auditlog,10,1684,200,13.89
auditlog,10,1685,200,13.36
auditlog,10,1686,200,11.31
auditlog,10,1687,200,14.39
auditlog,10,1688,200,12.54
auditlog,10,1689,200,12.11
auditlog,10,1690,200,12.25
auditlog,10,1691,200,11.23
auditlog,10,1692,200,13.64
auditlog,10,1693,200,14.99
auditlog,10,1694,200,11.15
auditlog,10,1695,200,13.32
auditlog,10,1696,200,14.44
auditlog,10,1697,200,12.86
auditlog,10,1698,200,13.40
auditlog,10,1699,200,14.01
auditlog,10,1700,200,14.07
auditlog,10,1701,200,13.81
auditlog,10,1702,200,13.88
auditlog,10,1703,200,14.23
auditlog,10,1704,200,14.40
auditlog,10,1705,200,16.00
auditlog,10,1706,200,14.59
auditlog,10,1707,200,15.31
auditlog,10,1708,200,15.95
auditlog,10,1709,200,14.45
auditlog,10,1710,200,14.08
auditlog,10,1711,200,11.40
auditlog,10,1712,200,10.62
auditlog,10,1713,200,10.77
auditlog,10,1714,200,18.69
auditlog,10,1715,200,20.93
auditlog,10,1716,200,21.15
auditlog,10,1717,200,23.80
auditlog,10,1718,200,20.86
auditlog,10,1719,200,21.83
auditlog,10,1720,200,20.98
auditlog,10,1721,200,21.06
auditlog,10,1722,200,22.21
auditlog,10,1723,200,23.48
auditlog,10,1724,200,12.97
auditlog,10,1725,200,12.05
auditlog,10,1726,200,10.32
auditlog,10,1727,200,11.10
auditlog,10,1728,200,14.22
auditlog,10,1729,200,15.77
auditlog,10,1730,200,15.63
auditlog,10,1731,200,12.42
auditlog,10,1732,200,12.29
auditlog,10,1733,200,11.33
auditlog,10,1734,200,14.11
auditlog,10,1735,200,13.40
auditlog,10,1736,200,14.54
auditlog,10,1737,200,11.40
auditlog,10,1738,200,14.35
auditlog,10,1739,200,14.90
auditlog,10,1740,200,14.12
auditlog,10,1741,200,12.86
auditlog,10,1742,200,12.10
auditlog,10,1743,200,14.54
auditlog,10,1744,200,11.49
auditlog,10,1745,200,13.78
auditlog,10,1746,200,11.49
auditlog,10,1747,200,12.30
auditlog,10,1748,200,16.84
auditlog,10,1749,200,13.08
auditlog,10,1750,200,15.93
auditlog,10,1751,200,13.22
auditlog,10,1752,200,13.73
auditlog,10,1753,200,14.06
auditlog,10,1754,200,15.70
auditlog,10,1755,200,14.72
auditlog,10,1756,200,14.78
auditlog,10,1757,200,13.70
auditlog,10,1758,200,12.95
auditlog,10,1759,200,13.18
auditlog,10,1760,200,14.12
auditlog,10,1761,200,12.53
auditlog,10,1762,200,15.42
auditlog,10,1763,200,13.43
auditlog,10,1764,200,14.95
auditlog,10,1765,200,16.13
auditlog,10,1766,200,18.24
auditlog,10,1767,200,17.91
auditlog,10,1768,200,15.36
auditlog,10,1769,200,13.52
auditlog,10,1770,200,15.84
auditlog,10,1771,200,14.80
auditlog,10,1772,200,13.88
auditlog,10,1773,200,13.63
auditlog,10,1774,200,12.53
auditlog,10,1775,200,12.55
auditlog,10,1776,200,14.31
auditlog,10,1777,200,16.57
auditlog,10,1778,200,16.90
auditlog,10,1779,200,18.73
auditlog,10,1780,200,12.89
auditlog,10,1781,200,13.11
auditlog,10,1782,200,15.35
auditlog,10,1783,200,13.81
auditlog,10,1784,200,12.95
auditlog,10,1785,200,12.66
auditlog,10,1786,200,13.93
auditlog,10,1787,200,12.26
auditlog,10,1788,200,12.01
auditlog,10,1789,200,16.34
auditlog,10,1790,200,12.84
auditlog,10,1791,200,15.49
auditlog,10,1792,200,15.53
auditlog,10,1793,200,14.44
auditlog,10,1794,200,14.59
auditlog,10,1795,200,14.64
auditlog,10,1796,200,15.28
auditlog,10,1797,200,11.68
auditlog,10,1798,200,13.21
auditlog,10,1799,200,11.77
auditlog,10,1800,200,11.94
auditlog,10,1801,200,14.62
auditlog,10,1802,200,12.10
auditlog,10,1803,200,12.90
auditlog,10,1804,200,12.24
auditlog,10,1805,200,17.49
auditlog,10,1806,200,11.74
auditlog,10,1807,200,13.41
auditlog,10,1808,200,10.73
auditlog,10,1809,200,12.55
auditlog,10,1810,200,12.59
auditlog,10,1811,200,12.64
auditlog,10,1812,200,12.01
auditlog,10,1813,200,12.68
auditlog,10,1814,200,10.68
auditlog,10,1815,200,13.80
auditlog,10,1816,200,13.32
auditlog,10,1817,200,15.37
auditlog,10,1818,200,14.94
auditlog,10,1819,200,11.80
auditlog,10,1820,200,13.14
auditlog,10,1821,200,15.14
auditlog,10,1822,200,12.99
auditlog,10,1823,200,13.82
auditlog,10,1824,200,15.80
auditlog,10,1825,200,13.94
auditlog,10,1826,200,13.00
auditlog,10,1827,200,11.89
auditlog,10,1828,200,11.55
auditlog,10,1829,200,11.16
auditlog,10,1830,200,10.16
auditlog,10,1831,200,12.09
auditlog,10,1832,200,10.82
auditlog,10,1833,200,12.58
auditlog,10,1834,200,15.35
auditlog,10,1835,200,14.98
auditlog,10,1836,200,13.33
auditlog,10,1837,200,12.51
auditlog,10,1838,200,12.55
auditlog,10,1839,200,12.74
auditlog,10,1840,200,13.17
auditlog,10,1841,200,10.82
auditlog,10,1842,200,11.51
auditlog,10,1843,200,12.63
auditlog,10,1844,200,12.55
auditlog,10,1845,200,11.66
auditlog,10,1846,200,14.53
auditlog,10,1847,200,14.28
auditlog,10,1848,200,12.98
auditlog,10,1849,200,11.24
auditlog,10,1850,200,12.47
auditlog,10,1851,200,12.27
auditlog,10,1852,200,12.72
auditlog,10,1853,200,15.65
auditlog,10,1854,200,12.95
auditlog,10,1855,200,12.94
auditlog,10,1856,200,14.87
auditlog,10,1857,200,12.03
auditlog,10,1858,200,14.61
auditlog,10,1859,200,10.10
auditlog,10,1860,200,10.05
auditlog,10,1861,200,12.61
auditlog,10,1862,200,11.35
auditlog,10,1863,200,14.68
auditlog,10,1864,200,12.42
auditlog,10,1865,200,13.68
auditlog,10,1866,200,13.33
auditlog,10,1867,200,16.78
auditlog,10,1868,200,14.43
auditlog,10,1869,200,12.46
auditlog,10,1870,200,11.53
auditlog,10,1871,200,9.31
auditlog,10,1872,200,10.74
auditlog,10,1873,200,10.23
auditlog,10,1874,200,10.83
auditlog,10,1875,200,13.42
auditlog,10,1876,200,12.12
auditlog,10,1877,200,10.36
auditlog,10,1878,200,13.15
auditlog,10,1879,200,10.58
auditlog,10,1880,200,11.43
auditlog,10,1881,200,11.62
auditlog,10,1882,200,12.72
auditlog,10,1883,200,12.05
auditlog,10,1884,200,11.52
auditlog,10,1885,200,14.36
auditlog,10,1886,200,14.46
auditlog,10,1887,200,13.46
auditlog,10,1888,200,15.19
auditlog,10,1889,200,14.58
auditlog,10,1890,200,13.12
auditlog,10,1891,200,13.90
auditlog,10,1892,200,16.11
auditlog,10,1893,200,16.95
auditlog,10,1894,200,19.32
auditlog,10,1895,200,16.38
auditlog,10,1896,200,20.64
auditlog,10,1897,200,20.51
auditlog,10,1898,200,19.24
auditlog,10,1899,200,15.28
auditlog,10,1900,200,15.41
auditlog,10,1901,200,15.58
auditlog,10,1902,200,12.29
auditlog,10,1903,200,13.40
auditlog,10,1904,200,13.74
auditlog,10,1905,200,16.79
auditlog,10,1906,200,15.66
auditlog,10,1907,200,17.08
auditlog,10,1908,200,16.99
auditlog,10,1909,200,11.13
auditlog,10,1910,200,12.89
auditlog,10,1911,200,11.52
auditlog,10,1912,200,13.45
auditlog,10,1913,200,11.41
auditlog,10,1914,200,12.89
auditlog,10,1915,200,11.92
auditlog,10,1916,200,14.08
auditlog,10,1917,200,13.54
auditlog,10,1918,200,15.85
auditlog,10,1919,200,12.38
auditlog,10,1920,200,13.57
auditlog,10,1921,200,14.72
auditlog,10,1922,200,15.92
auditlog,10,1923,200,14.01
auditlog,10,1924,200,14.82
auditlog,10,1925,200,15.88
auditlog,10,1926,200,15.18
auditlog,10,1927,200,16.19
auditlog,10,1928,200,15.44
auditlog,10,1929,200,13.83
auditlog,10,1930,200,13.79
auditlog,10,1931,200,13.70
auditlog,10,1932,200,11.18
auditlog,10,1933,200,11.23
auditlog,10,1934,200,13.38
auditlog,10,1935,200,10.66
auditlog,10,1936,200,11.80
auditlog,10,1937,200,11.42
auditlog,10,1938,200,13.11
auditlog,10,1939,200,10.68
auditlog,10,1940,200,11.08
auditlog,10,1941,200,12.68
auditlog,10,1942,200,14.57
auditlog,10,1943,200,11.89
auditlog,10,1944,200,10.70
auditlog,10,1945,200,13.90
auditlog,10,1946,200,13.52
auditlog,10,1947,200,13.18
auditlog,10,1948,200,13.26
auditlog,10,1949,200,12.30
auditlog,10,1950,200,14.51
auditlog,10,1951,200,11.20
auditlog,10,1952,200,14.70
auditlog,10,1953,200,10.89
auditlog,10,1954,200,14.49
auditlog,10,1955,200,14.22
auditlog,10,1956,200,12.87
auditlog,10,1957,200,13.82
auditlog,10,1958,200,14.79
auditlog,10,1959,200,12.53
auditlog,10,1960,200,11.34
auditlog,10,1961,200,14.91
auditlog,10,1962,200,13.50
auditlog,10,1963,200,11.60
auditlog,10,1964,200,12.81
auditlog,10,1965,200,14.00
auditlog,10,1966,200,13.05
auditlog,10,1967,200,12.83
auditlog,10,1968,200,15.20
auditlog,10,1969,200,14.45
auditlog,10,1970,200,18.08
auditlog,10,1971,200,15.10
auditlog,10,1972,200,13.98
auditlog,10,1973,200,11.32
auditlog,10,1974,200,14.36
auditlog,10,1975,200,15.90
auditlog,10,1976,200,15.20
auditlog,10,1977,200,15.42
auditlog,10,1978,200,12.40
auditlog,10,1979,200,13.28
auditlog,10,1980,200,15.11
auditlog,10,1981,200,12.06
auditlog,10,1982,200,14.27
auditlog,10,1983,200,10.81
auditlog,10,1984,200,14.53
auditlog,10,1985,200,12.69
auditlog,10,1986,200,11.92
auditlog,10,1987,200,15.31
auditlog,10,1988,200,10.23
auditlog,10,1989,200,11.36
auditlog,10,1990,200,11.36
auditlog,10,1991,200,12.39
auditlog,10,1992,200,14.37
auditlog,10,1993,200,12.76
auditlog,10,1994,200,12.92
auditlog,10,1995,200,15.91
auditlog,10,1996,200,13.19
auditlog,10,1997,200,12.90
auditlog,10,1998,200,12.65
auditlog,10,1999,200,12.89
auditlog,50,0,200,32.32
auditlog,50,1,200,32.69
auditlog,50,2,200,34.87
auditlog,50,3,200,35.15
auditlog,50,4,200,44.24
auditlog,50,5,200,49.06
auditlog,50,6,200,49.51
auditlog,50,7,200,50.82
auditlog,50,8,200,51.72
auditlog,50,9,200,52.38
auditlog,50,10,200,52.38
auditlog,50,11,200,49.96
auditlog,50,12,200,53.48
auditlog,50,13,200,55.66
auditlog,50,14,200,56.48
auditlog,50,15,200,56.74
auditlog,50,16,200,57.54
auditlog,50,17,200,58.15
auditlog,50,18,200,57.58
auditlog,50,19,200,68.41
auditlog,50,20,200,69.56
auditlog,50,21,200,68.62
auditlog,50,22,200,71.67
auditlog,50,23,200,70.24
auditlog,50,24,200,75.64
auditlog,50,25,200,78.45
auditlog,50,26,200,84.19
auditlog,50,27,200,92.00
auditlog,50,28,200,93.76
auditlog,50,29,200,95.30
auditlog,50,30,200,93.94
auditlog,50,31,200,93.58
auditlog,50,32,200,93.44
auditlog,50,33,200,97.30
auditlog,50,34,200,96.09
auditlog,50,35,200,62.30
auditlog,50,36,200,29.86
auditlog,50,37,200,96.09
auditlog,50,38,200,94.74
auditlog,50,39,200,55.92
auditlog,50,40,200,108.48
auditlog,50,41,200,110.78
auditlog,50,42,200,62.92
auditlog,50,43,200,111.63
auditlog,50,44,200,59.77
auditlog,50,45,200,113.09
auditlog,50,46,200,117.00
auditlog,50,47,200,119.35
auditlog,50,48,200,118.90
auditlog,50,49,200,120.47
auditlog,50,50,200,120.69
auditlog,50,51,200,92.98
auditlog,50,52,200,122.09
auditlog,50,53,200,71.14
auditlog,50,54,200,124.68
auditlog,50,55,200,77.46
auditlog,50,56,200,70.62
auditlog,50,57,200,96.42
auditlog,50,58,200,71.25
auditlog,50,59,200,58.36
auditlog,50,60,200,96.19
auditlog,50,61,200,73.81
auditlog,50,62,200,52.03
auditlog,50,63,200,80.64
auditlog,50,64,200,82.40
auditlog,50,65,200,87.71
auditlog,50,66,200,78.43
auditlog,50,67,200,61.61
auditlog,50,68,200,59.92
auditlog,50,69,200,76.82
auditlog,50,70,200,128.28
auditlog,50,71,200,64.05
auditlog,50,72,200,57.42
auditlog,50,73,200,85.34
auditlog,50,74,200,87.27
auditlog,50,75,200,138.91
auditlog,50,76,200,56.36
auditlog,50,77,200,65.63
auditlog,50,78,200,44.32
auditlog,50,79,200,62.39
auditlog,50,80,200,64.06
auditlog,50,81,200,65.26
auditlog,50,82,200,65.58
auditlog,50,83,200,66.17
auditlog,50,84,200,53.37
auditlog,50,85,200,70.66
auditlog,50,86,200,72.07
auditlog,50,87,200,50.13
auditlog,50,88,200,50.42
auditlog,50,89,200,56.44
auditlog,50,90,200,42.60
auditlog,50,91,200,85.21
auditlog,50,92,200,60.51
auditlog,50,93,200,81.37
auditlog,50,94,200,92.44
auditlog,50,95,200,75.34
auditlog,50,96,200,60.03
auditlog,50,97,200,62.71
auditlog,50,98,200,62.89
auditlog,50,99,200,82.36
auditlog,50,100,200,40.30
auditlog,50,101,200,76.90
auditlog,50,102,200,85.40
auditlog,50,103,200,86.60
auditlog,50,104,200,90.24
auditlog,50,105,200,94.62
auditlog,50,106,200,97.68
auditlog,50,107,200,93.01
auditlog,50,108,200,94.44
auditlog,50,109,200,72.77
auditlog,50,110,200,98.52
auditlog,50,111,200,96.45
auditlog,50,112,200,93.99
auditlog,50,113,200,59.64
auditlog,50,114,200,106.40
auditlog,50,115,200,104.78
auditlog,50,116,200,119.90
auditlog,50,117,200,140.45
auditlog,50,118,200,106.65
auditlog,50,119,200,125.10
auditlog,50,120,200,86.73
auditlog,50,121,200,96.31
auditlog,50,122,200,112.87
auditlog,50,123,200,122.75
auditlog,50,124,200,81.35
auditlog,50,125,200,104.63
auditlog,50,126,200,77.61
auditlog,50,127,200,115.65
auditlog,50,128,200,58.19
auditlog,50,129,200,65.34
auditlog,50,130,200,47.37
auditlog,50,131,200,90.48
auditlog,50,132,200,113.97
auditlog,50,133,200,53.45
auditlog,50,134,200,66.29
auditlog,50,135,200,119.90
auditlog,50,136,200,81.69
auditlog,50,137,200,46.27
auditlog,50,138,200,82.77
auditlog,50,139,200,83.40
auditlog,50,140,200,106.94
auditlog,50,141,200,23.31
auditlog,50,142,200,63.26
auditlog,50,143,200,85.78
auditlog,50,144,200,76.18
auditlog,50,145,200,33.23
auditlog,50,146,200,68.74
auditlog,50,147,200,76.72
auditlog,50,148,200,72.45
auditlog,50,149,200,95.74
auditlog,50,150,200,26.88
auditlog,50,151,200,61.96
auditlog,50,152,200,129.76
auditlog,50,153,200,59.09
auditlog,50,154,200,48.39
auditlog,50,155,200,89.50
auditlog,50,156,200,59.10
auditlog,50,157,200,49.72
auditlog,50,158,200,48.25
auditlog,50,159,200,63.46
auditlog,50,160,200,49.82
auditlog,50,161,200,52.81
auditlog,50,162,200,53.21
auditlog,50,163,200,51.31
auditlog,50,164,200,69.83
auditlog,50,165,200,50.01
auditlog,50,166,200,56.08
auditlog,50,167,200,91.23
auditlog,50,168,200,62.86
auditlog,50,169,200,56.22
auditlog,50,170,200,62.83
auditlog,50,171,200,76.70
auditlog,50,172,200,93.22
auditlog,50,173,200,68.77
auditlog,50,174,200,58.48
auditlog,50,175,200,65.90
auditlog,50,176,200,65.00
auditlog,50,177,200,60.67
auditlog,50,178,200,59.18
auditlog,50,179,200,81.12
auditlog,50,180,200,69.24
auditlog,50,181,200,39.89
auditlog,50,182,200,72.25
auditlog,50,183,200,36.96
auditlog,50,184,200,66.16
auditlog,50,185,200,78.12
auditlog,50,186,200,65.34
auditlog,50,187,200,83.11
auditlog,50,188,200,79.95
auditlog,50,189,200,63.34
auditlog,50,190,200,68.13
auditlog,50,191,200,91.02
auditlog,50,192,200,65.63
auditlog,50,193,200,49.93
auditlog,50,194,200,54.70
auditlog,50,195,200,87.27
auditlog,50,196,200,42.52
auditlog,50,197,200,90.79
auditlog,50,198,200,71.61
auditlog,50,199,200,105.52
auditlog,50,200,200,86.31
auditlog,50,201,200,75.23
auditlog,50,202,200,88.48
auditlog,50,203,200,76.94
auditlog,50,204,200,93.63
auditlog,50,205,200,81.27
auditlog,50,206,200,77.79
auditlog,50,207,200,40.59
auditlog,50,208,200,50.49
auditlog,50,209,200,46.59
auditlog,50,210,200,43.43
auditlog,50,211,200,37.07
auditlog,50,212,200,34.14
auditlog,50,213,200,43.83
auditlog,50,214,200,40.27
auditlog,50,215,200,38.91
auditlog,50,216,200,43.72
auditlog,50,217,200,49.49
auditlog,50,218,200,82.15
auditlog,50,219,200,42.55
auditlog,50,220,200,58.15
auditlog,50,221,200,52.05
auditlog,50,222,200,55.10
auditlog,50,223,200,54.77
auditlog,50,224,200,67.66
auditlog,50,225,200,49.72
auditlog,50,226,200,77.56
auditlog,50,227,200,61.65
auditlog,50,228,200,66.86
auditlog,50,229,200,74.74
auditlog,50,230,200,75.34
auditlog,50,231,200,59.66
auditlog,50,232,200,81.69
auditlog,50,233,200,57.43
auditlog,50,234,200,64.79
auditlog,50,235,200,69.29
auditlog,50,236,200,80.95
auditlog,50,237,200,82.91
auditlog,50,238,200,81.42
auditlog,50,239,200,79.75
auditlog,50,240,200,63.45
auditlog,50,241,200,77.16
auditlog,50,242,200,74.59
auditlog,50,243,200,66.90
auditlog,50,244,200,84.79
auditlog,50,245,200,83.01
auditlog,50,246,200,81.50
auditlog,50,247,200,108.16
auditlog,50,248,200,74.71
auditlog,50,249,200,90.48
auditlog,50,250,200,80.99
auditlog,50,251,200,75.22
auditlog,50,252,200,80.28
auditlog,50,253,200,106.11
auditlog,50,254,200,84.84
auditlog,50,255,200,97.89
auditlog,50,256,200,99.44
auditlog,50,257,200,104.44
auditlog,50,258,200,72.71
auditlog,50,259,200,108.85
auditlog,50,260,200,83.16
auditlog,50,261,200,109.20
auditlog,50,262,200,100.91
auditlog,50,263,200,90.01
auditlog,50,264,200,103.55
auditlog,50,265,200,85.60
auditlog,50,266,200,103.92
auditlog,50,267,200,68.15
auditlog,50,268,200,96.28
auditlog,50,269,200,87.09
auditlog,50,270,200,104.17
auditlog,50,271,200,111.77
auditlog,50,272,200,67.87
auditlog,50,273,200,110.50
auditlog,50,274,200,64.80
auditlog,50,275,200,106.44
auditlog,50,276,200,71.40
auditlog,50,277,200,86.88
auditlog,50,278,200,81.35
auditlog,50,279,200,36.89
auditlog,50,280,200,69.49
auditlog,50,281,200,108.69
auditlog,50,282,200,99.88
auditlog,50,283,200,42.83
auditlog,50,284,200,76.99
auditlog,50,285,200,62.14
auditlog,50,286,200,64.49
auditlog,50,287,200,107.83
auditlog,50,288,200,62.95
auditlog,50,289,200,83.42
auditlog,50,290,200,72.13
auditlog,50,291,200,69.65
auditlog,50,292,200,72.32
auditlog,50,293,200,73.49
auditlog,50,294,200,59.08
auditlog,50,295,200,80.87
auditlog,50,296,200,81.12
auditlog,50,297,200,83.30
auditlog,50,298,200,56.49
auditlog,50,299,200,69.52
auditlog,50,300,200,89.40
auditlog,50,301,200,91.49
auditlog,50,302,200,60.77
auditlog,50,303,200,75.06
auditlog,50,304,200,63.57
auditlog,50,305,200,72.72
auditlog,50,306,200,61.80
auditlog,50,307,200,94.00
auditlog,50,308,200,74.50
auditlog,50,309,200,68.43
auditlog,50,310,200,72.24
auditlog,50,311,200,73.34
auditlog,50,312,200,65.07
auditlog,50,313,200,65.94
auditlog,50,314,200,68.17
auditlog,50,315,200,53.92
auditlog,50,316,200,70.19
auditlog,50,317,200,78.37
auditlog,50,318,200,101.77
auditlog,50,319,200,76.50
auditlog,50,320,200,62.35
auditlog,50,321,200,67.61
auditlog,50,322,200,93.06
auditlog,50,323,200,47.48
auditlog,50,324,200,84.33
auditlog,50,325,200,77.85
auditlog,50,326,200,87.54
auditlog,50,327,200,79.43
auditlog,50,328,200,70.13
auditlog,50,329,200,66.57
auditlog,50,330,200,108.40
auditlog,50,331,200,65.34
auditlog,50,332,200,109.12
auditlog,50,333,200,110.31
auditlog,50,334,200,95.97
auditlog,50,335,200,115.26
auditlog,50,336,200,81.84
auditlog,50,337,200,87.04
auditlog,50,338,200,63.47
auditlog,50,339,200,72.42
auditlog,50,340,200,88.60
auditlog,50,341,200,89.61
auditlog,50,342,200,114.33
auditlog,50,343,200,72.21
auditlog,50,344,200,116.14
auditlog,50,345,200,66.26
auditlog,50,346,200,103.75
auditlog,50,347,200,68.41
auditlog,50,348,200,72.15
auditlog,50,349,200,93.88
auditlog,50,350,200,78.00
auditlog,50,351,200,76.55
auditlog,50,352,200,81.75
auditlog,50,353,200,81.84
auditlog,50,354,200,79.71
auditlog,50,355,200,46.74
auditlog,50,356,200,81.68
auditlog,50,357,200,61.91
auditlog,50,358,200,73.35
auditlog,50,359,200,83.03
auditlog,50,360,200,63.50
auditlog,50,361,200,78.88
auditlog,50,362,200,87.57
auditlog,50,363,200,79.97
auditlog,50,364,200,68.64
auditlog,50,365,200,80.18
auditlog,50,366,200,81.76
auditlog,50,367,200,83.44
auditlog,50,368,200,101.44
auditlog,50,369,200,78.75
auditlog,50,370,200,82.04
auditlog,50,371,200,74.28
auditlog,50,372,200,63.80
auditlog,50,373,200,60.94
auditlog,50,374,200,100.16
auditlog,50,375,200,83.39
auditlog,50,376,200,95.14
auditlog,50,377,200,86.88
auditlog,50,378,200,59.57
auditlog,50,379,200,63.72
auditlog,50,380,200,47.46
auditlog,50,381,200,94.92
auditlog,50,382,200,58.31
auditlog,50,383,200,60.15
auditlog,50,384,200,63.02
auditlog,50,385,200,86.92
auditlog,50,386,200,75.87
auditlog,50,387,200,77.22
auditlog,50,388,200,84.93
auditlog,50,389,200,88.42
auditlog,50,390,200,91.27
auditlog,50,391,200,82.62
auditlog,50,392,200,69.52
auditlog,50,393,200,84.05
auditlog,50,394,200,61.18
auditlog,50,395,200,95.80
auditlog,50,396,200,63.99
auditlog,50,397,200,88.86
auditlog,50,398,200,71.27
auditlog,50,399,200,70.70
auditlog,50,400,200,81.07
auditlog,50,401,200,64.25
auditlog,50,402,200,71.24
auditlog,50,403,200,76.81
auditlog,50,404,200,66.84
auditlog,50,405,200,70.52
auditlog,50,406,200,87.89
auditlog,50,407,200,95.13
auditlog,50,408,200,88.36
auditlog,50,409,200,79.73
auditlog,50,410,200,69.73
auditlog,50,411,200,88.19
auditlog,50,412,200,50.34
auditlog,50,413,200,74.76
auditlog,50,414,200,129.64
auditlog,50,415,200,60.19
auditlog,50,416,200,88.57
auditlog,50,417,200,94.80
auditlog,50,418,200,99.00
auditlog,50,419,200,91.69
auditlog,50,420,200,80.19
auditlog,50,421,200,90.04
auditlog,50,422,200,104.62
auditlog,50,423,200,82.39
auditlog,50,424,200,111.25
auditlog,50,425,200,92.03
auditlog,50,426,200,45.47
auditlog,50,427,200,102.22
auditlog,50,428,200,96.43
auditlog,50,429,200,102.30
auditlog,50,430,200,60.42
auditlog,50,431,200,68.40
auditlog,50,432,200,105.65
auditlog,50,433,200,57.85
auditlog,50,434,200,67.95
auditlog,50,435,200,110.97
auditlog,50,436,200,72.53
auditlog,50,437,200,48.70
auditlog,50,438,200,112.51
auditlog,50,439,200,68.74
auditlog,50,440,200,132.73
auditlog,50,441,200,116.69
auditlog,50,442,200,70.36
auditlog,50,443,200,75.63
auditlog,50,444,200,75.26
auditlog,50,445,200,64.00
auditlog,50,446,200,81.40
auditlog,50,447,200,50.90
auditlog,50,448,200,57.96
auditlog,50,449,200,110.03
auditlog,50,450,200,82.90
auditlog,50,451,200,48.08
auditlog,50,452,200,92.86
auditlog,50,453,200,62.13
auditlog,50,454,200,70.60
auditlog,50,455,200,63.89
auditlog,50,456,200,69.66
auditlog,50,457,200,78.82
auditlog,50,458,200,77.85
auditlog,50,459,200,121.71
auditlog,50,460,200,99.12
auditlog,50,461,200,72.83
auditlog,50,462,200,84.91
auditlog,50,463,200,104.48
auditlog,50,464,200,70.10
auditlog,50,465,200,71.51
auditlog,50,466,200,72.74
auditlog,50,467,200,124.08
auditlog,50,468,200,115.58
auditlog,50,469,200,111.75
auditlog,50,470,200,96.24
auditlog,50,471,200,74.83
auditlog,50,472,200,105.98
auditlog,50,473,200,82.57
auditlog,50,474,200,68.07
auditlog,50,475,200,64.59
auditlog,50,476,200,49.60
auditlog,50,477,200,61.32
auditlog,50,478,200,45.54
auditlog,50,479,200,73.75
auditlog,50,480,200,77.32
auditlog,50,481,200,58.31
auditlog,50,482,200,47.86
auditlog,50,483,200,93.07
auditlog,50,484,200,101.13
auditlog,50,485,200,69.91
auditlog,50,486,200,38.24
auditlog,50,487,200,74.40
auditlog,50,488,200,66.83
auditlog,50,489,200,71.50
auditlog,50,490,200,88.05
auditlog,50,491,200,88.70
auditlog,50,492,200,69.51
auditlog,50,493,200,96.28
auditlog,50,494,200,78.80
auditlog,50,495,200,102.07
auditlog,50,496,200,77.52
auditlog,50,497,200,93.53
auditlog,50,498,200,115.04
auditlog,50,499,200,95.60
auditlog,50,500,200,75.44
auditlog,50,501,200,83.50
auditlog,50,502,200,77.24
auditlog,50,503,200,91.07
auditlog,50,504,200,120.79
auditlog,50,505,200,94.69
auditlog,50,506,200,78.21
auditlog,50,507,200,62.81
auditlog,50,508,200,91.31
auditlog,50,509,200,84.01
auditlog,50,510,200,81.87
auditlog,50,511,200,74.03
auditlog,50,512,200,82.32
auditlog,50,513,200,19.41
auditlog,50,514,200,79.73
auditlog,50,515,200,67.35
auditlog,50,516,200,77.29
auditlog,50,517,200,78.85
auditlog,50,518,200,87.92
auditlog,50,519,200,83.62
auditlog,50,520,200,70.36
auditlog,50,521,200,82.75
auditlog,50,522,200,84.94
auditlog,50,523,200,88.19
auditlog,50,524,200,87.27
auditlog,50,525,200,54.75
auditlog,50,526,200,111.48
auditlog,50,527,200,86.97
auditlog,50,528,200,64.02
auditlog,50,529,200,88.07
auditlog,50,530,200,90.96
auditlog,50,531,200,87.60
auditlog,50,532,200,64.22
auditlog,50,533,200,77.86
auditlog,50,534,200,49.32
auditlog,50,535,200,82.04
auditlog,50,536,200,69.48
auditlog,50,537,200,91.04
auditlog,50,538,200,91.32
auditlog,50,539,200,51.76
auditlog,50,540,200,58.07
auditlog,50,541,200,31.97
auditlog,50,542,200,50.35
auditlog,50,543,200,44.40
auditlog,50,544,200,43.58
auditlog,50,545,200,72.94
auditlog,50,546,200,26.60
auditlog,50,547,200,25.73
auditlog,50,548,200,28.74
auditlog,50,549,200,29.77
auditlog,50,550,200,39.57
auditlog,50,551,200,37.65
auditlog,50,552,200,40.94
auditlog,50,553,200,38.86
auditlog,50,554,200,84.34
auditlog,50,555,200,42.64
auditlog,50,556,200,47.00
auditlog,50,557,200,43.25
auditlog,50,558,200,45.43
auditlog,50,559,200,51.16
auditlog,50,560,200,45.51
auditlog,50,561,200,49.38
auditlog,50,562,200,55.84
auditlog,50,563,200,56.76
auditlog,50,564,200,54.74
auditlog,50,565,200,53.04
auditlog,50,566,200,63.31
auditlog,50,567,200,55.52
auditlog,50,568,200,63.49
auditlog,50,569,200,61.82
auditlog,50,570,200,55.69
auditlog,50,571,200,62.27
auditlog,50,572,200,68.32
auditlog,50,573,200,58.53
auditlog,50,574,200,53.13
auditlog,50,575,200,58.91
auditlog,50,576,200,70.32
auditlog,50,577,200,49.89
auditlog,50,578,200,53.87
auditlog,50,579,200,75.28
auditlog,50,580,200,56.85
auditlog,50,581,200,70.43
auditlog,50,582,200,64.60
auditlog,50,583,200,54.53
auditlog,50,584,200,43.59
auditlog,50,585,200,60.39
auditlog,50,586,200,69.54
auditlog,50,587,200,57.04
auditlog,50,588,200,62.61
auditlog,50,589,200,57.64
auditlog,50,590,200,68.26
auditlog,50,591,200,61.83
auditlog,50,592,200,44.03
auditlog,50,593,200,70.28
auditlog,50,594,200,65.20
auditlog,50,595,200,41.74
auditlog,50,596,200,86.20
auditlog,50,597,200,74.01
auditlog,50,598,200,70.98
auditlog,50,599,200,56.33
auditlog,50,600,200,43.63
auditlog,50,601,200,54.83
auditlog,50,602,200,71.79
auditlog,50,603,200,71.97
auditlog,50,604,200,57.19
auditlog,50,605,200,58.07
auditlog,50,606,200,28.59
auditlog,50,607,200,29.82
auditlog,50,608,200,76.01
auditlog,50,609,200,42.71
auditlog,50,610,200,52.41
auditlog,50,611,200,53.64
auditlog,50,612,200,50.48
auditlog,50,613,200,65.90
auditlog,50,614,200,47.74
auditlog,50,615,200,45.18
auditlog,50,616,200,70.80
auditlog,50,617,200,56.17
auditlog,50,618,200,69.48
auditlog,50,619,200,63.73
auditlog,50,620,200,65.27
auditlog,50,621,200,60.11
auditlog,50,622,200,61.09
auditlog,50,623,200,61.79
auditlog,50,624,200,63.37
auditlog,50,625,200,62.81
auditlog,50,626,200,59.63
auditlog,50,627,200,63.46
auditlog,50,628,200,66.14
auditlog,50,629,200,65.43
auditlog,50,630,200,66.14
auditlog,50,631,200,44.25
auditlog,50,632,200,58.29
auditlog,50,633,200,53.07
auditlog,50,634,200,53.97
auditlog,50,635,200,61.98
auditlog,50,636,200,46.56
auditlog,50,637,200,50.98
auditlog,50,638,200,62.05
auditlog,50,639,200,67.48
auditlog,50,640,200,63.17
auditlog,50,641,200,35.56
auditlog,50,642,200,68.03
auditlog,50,643,200,56.88
auditlog,50,644,200,70.07
auditlog,50,645,200,79.78
auditlog,50,646,200,61.65
auditlog,50,647,200,69.21
auditlog,50,648,200,57.65
auditlog,50,649,200,42.08
auditlog,50,650,200,84.45
auditlog,50,651,200,64.33
auditlog,50,652,200,60.19
auditlog,50,653,200,78.96
auditlog,50,654,200,94.90
auditlog,50,655,200,68.61
auditlog,50,656,200,70.31
auditlog,50,657,200,71.35
auditlog,50,658,200,70.11
auditlog,50,659,200,86.26
auditlog,50,660,200,36.55
auditlog,50,661,200,42.83
auditlog,50,662,200,60.17
auditlog,50,663,200,79.37
auditlog,50,664,200,101.54
auditlog,50,665,200,41.69
auditlog,50,666,200,49.26
auditlog,50,667,200,45.67
auditlog,50,668,200,58.75
auditlog,50,669,200,88.27
auditlog,50,670,200,45.63
auditlog,50,671,200,73.21
auditlog,50,672,200,49.19
auditlog,50,673,200,52.97
auditlog,50,674,200,107.85
auditlog,50,675,200,53.57
auditlog,50,676,200,65.25
auditlog,50,677,200,56.86
auditlog,50,678,200,60.71
auditlog,50,679,200,63.29
auditlog,50,680,200,82.17
auditlog,50,681,200,65.29
auditlog,50,682,200,70.38
auditlog,50,683,200,57.74
auditlog,50,684,200,70.21
auditlog,50,685,200,59.42
auditlog,50,686,200,67.48
auditlog,50,687,200,73.32
auditlog,50,688,200,75.14
auditlog,50,689,200,72.40
auditlog,50,690,200,87.42
auditlog,50,691,200,80.69
auditlog,50,692,200,81.96
auditlog,50,693,200,75.15
auditlog,50,694,200,85.16
auditlog,50,695,200,58.46
auditlog,50,696,200,66.85
auditlog,50,697,200,58.81
auditlog,50,698,200,67.63
auditlog,50,699,200,89.03
auditlog,50,700,200,60.11
auditlog,50,701,200,63.47
auditlog,50,702,200,70.63
auditlog,50,703,200,62.40
auditlog,50,704,200,87.21
auditlog,50,705,200,66.49
auditlog,50,706,200,50.05
auditlog,50,707,200,51.94
auditlog,50,708,200,58.96
auditlog,50,709,200,69.17
auditlog,50,710,200,53.80
auditlog,50,711,200,69.24
auditlog,50,712,200,61.38
auditlog,50,713,200,70.84
auditlog,50,714,200,72.15
auditlog,50,715,200,38.17
auditlog,50,716,200,55.80
auditlog,50,717,200,57.90
auditlog,50,718,200,57.23
auditlog,50,719,200,99.83
auditlog,50,720,200,38.48
auditlog,50,721,200,92.12
auditlog,50,722,200,43.06
auditlog,50,723,200,49.68
auditlog,50,724,200,38.36
auditlog,50,725,200,56.44
auditlog,50,726,200,61.47
auditlog,50,727,200,62.46
auditlog,50,728,200,40.23
auditlog,50,729,200,54.12
auditlog,50,730,200,48.72
auditlog,50,731,200,45.89
auditlog,50,732,200,32.37
auditlog,50,733,200,50.97
auditlog,50,734,200,73.36
auditlog,50,735,200,57.12
auditlog,50,736,200,47.27
auditlog,50,737,200,65.15
auditlog,50,738,200,58.24
auditlog,50,739,200,64.25
auditlog,50,740,200,48.99
auditlog,50,741,200,50.29
auditlog,50,742,200,39.42
auditlog,50,743,200,53.54
auditlog,50,744,200,48.77
auditlog,50,745,200,59.26
auditlog,50,746,200,58.93
auditlog,50,747,200,57.82
auditlog,50,748,200,59.43
auditlog,50,749,200,71.59
auditlog,50,750,200,73.72
auditlog,50,751,200,51.29
auditlog,50,752,200,66.23
auditlog,50,753,200,70.62
auditlog,50,754,200,63.25
auditlog,50,755,200,56.82
auditlog,50,756,200,66.00
auditlog,50,757,200,77.19
auditlog,50,758,200,57.10
auditlog,50,759,200,46.32
auditlog,50,760,200,59.92
auditlog,50,761,200,75.00
auditlog,50,762,200,62.90
auditlog,50,763,200,64.04
auditlog,50,764,200,49.05
auditlog,50,765,200,67.61
auditlog,50,766,200,64.04
auditlog,50,767,200,51.21
auditlog,50,768,200,68.47
auditlog,50,769,200,61.78
auditlog,50,770,200,68.12
auditlog,50,771,200,58.99
auditlog,50,772,200,71.65
auditlog,50,773,200,70.06
auditlog,50,774,200,81.73
auditlog,50,775,200,80.25
auditlog,50,776,200,62.82
auditlog,50,777,200,70.61
auditlog,50,778,200,65.25
auditlog,50,779,200,46.41
auditlog,50,780,200,65.19
auditlog,50,781,200,63.82
auditlog,50,782,200,31.61
auditlog,50,783,200,50.22
auditlog,50,784,200,83.97
auditlog,50,785,200,39.07
auditlog,50,786,200,47.34
auditlog,50,787,200,72.25
auditlog,50,788,200,48.99
auditlog,50,789,200,35.85
auditlog,50,790,200,47.51
auditlog,50,791,200,29.68
auditlog,50,792,200,25.35
auditlog,50,793,200,76.38
auditlog,50,794,200,48.10
auditlog,50,795,200,46.08
auditlog,50,796,200,31.53
auditlog,50,797,200,32.77
auditlog,50,798,200,31.24
auditlog,50,799,200,38.97
auditlog,50,800,200,55.42
auditlog,50,801,200,41.45
auditlog,50,802,200,42.92
auditlog,50,803,200,37.16
auditlog,50,804,200,41.48
auditlog,50,805,200,35.75
auditlog,50,806,200,49.49
auditlog,50,807,200,44.74
auditlog,50,808,200,43.89
auditlog,50,809,200,43.66
auditlog,50,810,200,41.75
auditlog,50,811,200,37.15
auditlog,50,812,200,45.55
auditlog,50,813,200,50.10
auditlog,50,814,200,48.25
auditlog,50,815,200,46.30
auditlog,50,816,200,54.92
auditlog,50,817,200,49.58
auditlog,50,818,200,46.39
auditlog,50,819,200,58.83
auditlog,50,820,200,52.63
auditlog,50,821,200,60.01
auditlog,50,822,200,56.93
auditlog,50,823,200,63.27
auditlog,50,824,200,54.15
auditlog,50,825,200,59.28
auditlog,50,826,200,53.00
auditlog,50,827,200,52.95
auditlog,50,828,200,39.12
auditlog,50,829,200,59.79
auditlog,50,830,200,56.39
auditlog,50,831,200,52.43
auditlog,50,832,200,54.56
auditlog,50,833,200,64.12
auditlog,50,834,200,57.58
auditlog,50,835,200,61.89
auditlog,50,836,200,62.66
auditlog,50,837,200,67.99
auditlog,50,838,200,54.47
auditlog,50,839,200,36.69
auditlog,50,840,200,68.49
auditlog,50,841,200,76.17
auditlog,50,842,200,57.43
auditlog,50,843,200,81.44
auditlog,50,844,200,72.37
auditlog,50,845,200,60.68
auditlog,50,846,200,45.61
auditlog,50,847,200,58.27
auditlog,50,848,200,58.44
auditlog,50,849,200,77.19
auditlog,50,850,200,49.51
auditlog,50,851,200,89.58
auditlog,50,852,200,40.13
auditlog,50,853,200,65.75
auditlog,50,854,200,58.21
auditlog,50,855,200,75.66
auditlog,50,856,200,41.27
auditlog,50,857,200,65.08
auditlog,50,858,200,75.46
auditlog,50,859,200,63.39
auditlog,50,860,200,59.77
auditlog,50,861,200,83.58
auditlog,50,862,200,90.70
auditlog,50,863,200,67.00
auditlog,50,864,200,50.15
auditlog,50,865,200,42.17
auditlog,50,866,200,49.44
auditlog,50,867,200,50.43
auditlog,50,868,200,51.08
auditlog,50,869,200,53.30
auditlog,50,870,200,43.78
auditlog,50,871,200,58.94
auditlog,50,872,200,48.46
auditlog,50,873,200,56.23
auditlog,50,874,200,38.87
auditlog,50,875,200,58.05
auditlog,50,876,200,84.56
auditlog,50,877,200,74.74
auditlog,50,878,200,111.62
auditlog,50,879,200,78.42
auditlog,50,880,200,80.26
auditlog,50,881,200,64.34
auditlog,50,882,200,126.30
auditlog,50,883,200,73.83
auditlog,50,884,200,74.71
auditlog,50,885,200,78.16
auditlog,50,886,200,54.74
auditlog,50,887,200,81.39
auditlog,50,888,200,72.74
auditlog,50,889,200,59.70
auditlog,50,890,200,73.81
auditlog,50,891,200,64.32
auditlog,50,892,200,44.56
auditlog,50,893,200,71.78
auditlog,50,894,200,79.35
auditlog,50,895,200,46.03
auditlog,50,896,200,51.38
auditlog,50,897,200,53.91
auditlog,50,898,200,50.70
auditlog,50,899,200,51.32
auditlog,50,900,200,64.90
auditlog,50,901,200,54.18
auditlog,50,902,200,56.50
auditlog,50,903,200,44.25
auditlog,50,904,200,51.87
auditlog,50,905,200,48.84
auditlog,50,906,200,53.22
auditlog,50,907,200,49.72
auditlog,50,908,200,39.92
auditlog,50,909,200,62.09
auditlog,50,910,200,62.57
auditlog,50,911,200,55.27
auditlog,50,912,200,63.98
auditlog,50,913,200,67.80
auditlog,50,914,200,52.04
auditlog,50,915,200,67.50
auditlog,50,916,200,52.82
auditlog,50,917,200,52.15
auditlog,50,918,200,52.08
auditlog,50,919,200,56.18
auditlog,50,920,200,65.16
auditlog,50,921,200,48.28
auditlog,50,922,200,47.89
auditlog,50,923,200,65.73
auditlog,50,924,200,52.39
auditlog,50,925,200,69.69
auditlog,50,926,200,42.59
auditlog,50,927,200,29.60
auditlog,50,928,200,31.74
auditlog,50,929,200,69.60
auditlog,50,930,200,47.36
auditlog,50,931,200,43.32
auditlog,50,932,200,44.68
auditlog,50,933,200,46.00
auditlog,50,934,200,47.70
auditlog,50,935,200,29.13
auditlog,50,936,200,48.65
auditlog,50,937,200,56.29
auditlog,50,938,200,44.63
auditlog,50,939,200,55.33
auditlog,50,940,200,35.92
auditlog,50,941,200,40.04
auditlog,50,942,200,57.97
auditlog,50,943,200,55.60
auditlog,50,944,200,41.24
auditlog,50,945,200,44.20
auditlog,50,946,200,56.16
auditlog,50,947,200,51.39
auditlog,50,948,200,63.08
auditlog,50,949,200,58.39
auditlog,50,950,200,55.33
auditlog,50,951,200,46.59
auditlog,50,952,200,45.80
auditlog,50,953,200,44.64
auditlog,50,954,200,55.89
auditlog,50,955,200,53.61
auditlog,50,956,200,52.69
auditlog,50,957,200,55.83
auditlog,50,958,200,56.77
auditlog,50,959,200,56.31
auditlog,50,960,200,87.43
auditlog,50,961,200,71.63
auditlog,50,962,200,78.85
auditlog,50,963,200,57.38
auditlog,50,964,200,61.44
auditlog,50,965,200,61.46
auditlog,50,966,200,56.53
auditlog,50,967,200,56.52
auditlog,50,968,200,43.56
auditlog,50,969,200,45.14
auditlog,50,970,200,61.19
auditlog,50,971,200,37.77
auditlog,50,972,200,60.42
auditlog,50,973,200,77.32
auditlog,50,974,200,59.42
auditlog,50,975,200,44.38
auditlog,50,976,200,46.47
auditlog,50,977,200,57.25
auditlog,50,978,200,50.17
auditlog,50,979,200,61.12
auditlog,50,980,200,86.58
auditlog,50,981,200,66.98
auditlog,50,982,200,45.07
auditlog,50,983,200,79.19
auditlog,50,984,200,49.50
auditlog,50,985,200,98.28
auditlog,50,986,200,86.24
auditlog,50,987,200,51.95
auditlog,50,988,200,87.15
auditlog,50,989,200,91.28
auditlog,50,990,200,52.35
auditlog,50,991,200,43.63
auditlog,50,992,200,55.66
auditlog,50,993,200,66.82
auditlog,50,994,200,41.66
auditlog,50,995,200,94.32
auditlog,50,996,200,66.08
auditlog,50,997,200,67.34
auditlog,50,998,200,70.33
auditlog,50,999,200,95.97
auditlog,50,1000,200,59.26
auditlog,50,1001,200,72.86
auditlog,50,1002,200,47.79
auditlog,50,1003,200,51.76
auditlog,50,1004,200,63.32
auditlog,50,1005,200,49.00
auditlog,50,1006,200,63.57
auditlog,50,1007,200,59.50
auditlog,50,1008,200,46.26
auditlog,50,1009,200,55.38
auditlog,50,1010,200,60.34
auditlog,50,1011,200,62.40
auditlog,50,1012,200,62.70
auditlog,50,1013,200,65.44
auditlog,50,1014,200,61.41
auditlog,50,1015,200,60.16
auditlog,50,1016,200,66.48
auditlog,50,1017,200,87.04
auditlog,50,1018,200,53.14
auditlog,50,1019,200,63.47
auditlog,50,1020,200,64.61
auditlog,50,1021,200,80.67
auditlog,50,1022,200,46.14
auditlog,50,1023,200,57.80
auditlog,50,1024,200,54.72
auditlog,50,1025,200,67.36
auditlog,50,1026,200,68.66
auditlog,50,1027,200,84.99
auditlog,50,1028,200,63.23
auditlog,50,1029,200,46.20
auditlog,50,1030,200,77.00
auditlog,50,1031,200,54.08
auditlog,50,1032,200,50.44
auditlog,50,1033,200,67.26
auditlog,50,1034,200,57.26
auditlog,50,1035,200,36.93
auditlog,50,1036,200,55.65
auditlog,50,1037,200,43.71
auditlog,50,1038,200,71.20
auditlog,50,1039,200,67.45
auditlog,50,1040,200,46.87
auditlog,50,1041,200,49.89
auditlog,50,1042,200,43.95
auditlog,50,1043,200,70.74
auditlog,50,1044,200,48.26
auditlog,50,1045,200,52.07
auditlog,50,1046,200,42.15
auditlog,50,1047,200,65.16
auditlog,50,1048,200,47.60
auditlog,50,1049,200,47.40
auditlog,50,1050,200,92.64
auditlog,50,1051,200,67.86
auditlog,50,1052,200,47.91
auditlog,50,1053,200,60.59
auditlog,50,1054,200,64.48
auditlog,50,1055,200,97.76
auditlog,50,1056,200,81.29
auditlog,50,1057,200,56.30
auditlog,50,1058,200,64.57
auditlog,50,1059,200,70.31
auditlog,50,1060,200,56.31
auditlog,50,1061,200,66.53
auditlog,50,1062,200,45.99
auditlog,50,1063,200,58.74
auditlog,50,1064,200,52.34
auditlog,50,1065,200,37.04
auditlog,50,1066,200,73.96
auditlog,50,1067,200,55.96
auditlog,50,1068,200,54.26
auditlog,50,1069,200,62.86
auditlog,50,1070,200,58.76
auditlog,50,1071,200,66.59
auditlog,50,1072,200,45.35
auditlog,50,1073,200,58.94
auditlog,50,1074,200,45.79
auditlog,50,1075,200,56.87
auditlog,50,1076,200,55.75
auditlog,50,1077,200,56.73
auditlog,50,1078,200,56.25
auditlog,50,1079,200,63.48
auditlog,50,1080,200,67.66
auditlog,50,1081,200,37.70
auditlog,50,1082,200,64.96
auditlog,50,1083,200,62.43
auditlog,50,1084,200,56.69
auditlog,50,1085,200,65.99
auditlog,50,1086,200,48.31
auditlog,50,1087,200,41.99
auditlog,50,1088,200,52.84
auditlog,50,1089,200,40.98
auditlog,50,1090,200,65.96
auditlog,50,1091,200,54.18
auditlog,50,1092,200,45.25
auditlog,50,1093,200,46.47
auditlog,50,1094,200,45.51
auditlog,50,1095,200,48.69
auditlog,50,1096,200,77.78
auditlog,50,1097,200,46.35
auditlog,50,1098,200,39.86
auditlog,50,1099,200,61.90
auditlog,50,1100,200,46.71
auditlog,50,1101,200,53.46
auditlog,50,1102,200,59.67
auditlog,50,1103,200,60.45
auditlog,50,1104,200,48.81
auditlog,50,1105,200,81.94
auditlog,50,1106,200,77.79
auditlog,50,1107,200,66.61
auditlog,50,1108,200,65.36
auditlog,50,1109,200,44.92
auditlog,50,1110,200,65.35
auditlog,50,1111,200,68.71
auditlog,50,1112,200,65.90
auditlog,50,1113,200,68.48
auditlog,50,1114,200,46.74
auditlog,50,1115,200,84.80
auditlog,50,1116,200,100.04
auditlog,50,1117,200,36.95
auditlog,50,1118,200,58.31
auditlog,50,1119,200,64.20
auditlog,50,1120,200,64.24
auditlog,50,1121,200,75.85
auditlog,50,1122,200,75.82
auditlog,50,1123,200,70.73
auditlog,50,1124,200,70.28
auditlog,50,1125,200,72.65
auditlog,50,1126,200,55.60
auditlog,50,1127,200,64.59
auditlog,50,1128,200,63.91
auditlog,50,1129,200,86.49
auditlog,50,1130,200,89.75
auditlog,50,1131,200,49.57
auditlog,50,1132,200,97.07
auditlog,50,1133,200,68.52
auditlog,50,1134,200,59.40
auditlog,50,1135,200,88.96
auditlog,50,1136,200,64.55
auditlog,50,1137,200,60.55
auditlog,50,1138,200,59.49
auditlog,50,1139,200,62.31
auditlog,50,1140,200,76.62
auditlog,50,1141,200,98.88
auditlog,50,1142,200,94.54
auditlog,50,1143,200,41.04
auditlog,50,1144,200,65.19
auditlog,50,1145,200,52.42
auditlog,50,1146,200,63.96
auditlog,50,1147,200,42.41
auditlog,50,1148,200,61.44
auditlog,50,1149,200,75.84
auditlog,50,1150,200,56.22
auditlog,50,1151,200,50.01
auditlog,50,1152,200,49.96
auditlog,50,1153,200,54.70
auditlog,50,1154,200,85.99
auditlog,50,1155,200,73.53
auditlog,50,1156,200,73.53
auditlog,50,1157,200,72.24
auditlog,50,1158,200,54.06
auditlog,50,1159,200,52.65
auditlog,50,1160,200,53.80
auditlog,50,1161,200,34.17
auditlog,50,1162,200,39.68
auditlog,50,1163,200,55.84
auditlog,50,1164,200,100.90
auditlog,50,1165,200,40.49
auditlog,50,1166,200,44.46
auditlog,50,1167,200,60.87
auditlog,50,1168,200,61.12
auditlog,50,1169,200,61.26
auditlog,50,1170,200,67.61
auditlog,50,1171,200,72.07
auditlog,50,1172,200,59.35
auditlog,50,1173,200,44.93
auditlog,50,1174,200,37.46
auditlog,50,1175,200,77.43
auditlog,50,1176,200,58.96
auditlog,50,1177,200,79.90
auditlog,50,1178,200,44.95
auditlog,50,1179,200,52.46
auditlog,50,1180,200,43.09
auditlog,50,1181,200,46.64
auditlog,50,1182,200,86.26
auditlog,50,1183,200,46.67
auditlog,50,1184,200,50.93
auditlog,50,1185,200,44.61
auditlog,50,1186,200,44.69
auditlog,50,1187,200,43.04
auditlog,50,1188,200,49.94
auditlog,50,1189,200,44.88
auditlog,50,1190,200,49.78
auditlog,50,1191,200,45.51
auditlog,50,1192,200,59.55
auditlog,50,1193,200,69.50
auditlog,50,1194,200,49.34
auditlog,50,1195,200,82.89
auditlog,50,1196,200,89.41
auditlog,50,1197,200,84.79
auditlog,50,1198,200,80.38
auditlog,50,1199,200,80.37
auditlog,50,1200,200,80.49
auditlog,50,1201,200,85.03
auditlog,50,1202,200,82.67
auditlog,50,1203,200,80.98
auditlog,50,1204,200,96.86
auditlog,50,1205,200,83.15
auditlog,50,1206,200,85.62
auditlog,50,1207,200,86.58
auditlog,50,1208,200,94.45
auditlog,50,1209,200,82.66
auditlog,50,1210,200,68.88
auditlog,50,1211,200,82.39
auditlog,50,1212,200,92.12
auditlog,50,1213,200,78.03
auditlog,50,1214,200,74.22
auditlog,50,1215,200,60.63
auditlog,50,1216,200,64.11
auditlog,50,1217,200,55.13
auditlog,50,1218,200,88.53
auditlog,50,1219,200,75.59
auditlog,50,1220,200,85.80
auditlog,50,1221,200,57.54
auditlog,50,1222,200,62.23
auditlog,50,1223,200,67.60
auditlog,50,1224,200,86.63
auditlog,50,1225,200,72.14
auditlog,50,1226,200,62.10
auditlog,50,1227,200,79.63
auditlog,50,1228,200,66.38
auditlog,50,1229,200,39.07
auditlog,50,1230,200,47.41
auditlog,50,1231,200,70.82
auditlog,50,1232,200,52.30
auditlog,50,1233,200,58.67
auditlog,50,1234,200,56.93
auditlog,50,1235,200,58.57
auditlog,50,1236,200,58.22
auditlog,50,1237,200,61.09
auditlog,50,1238,200,56.42
auditlog,50,1239,200,61.92
auditlog,50,1240,200,69.74
auditlog,50,1241,200,59.48
auditlog,50,1242,200,80.79
auditlog,50,1243,200,75.32
auditlog,50,1244,200,36.86
auditlog,50,1245,200,38.81
auditlog,50,1246,200,39.22
auditlog,50,1247,200,40.95
auditlog,50,1248,200,40.09
auditlog,50,1249,200,41.20
auditlog,50,1250,200,72.68
auditlog,50,1251,200,41.74
auditlog,50,1252,200,40.63
auditlog,50,1253,200,45.86
auditlog,50,1254,200,47.02
auditlog,50,1255,200,39.39
auditlog,50,1256,200,48.93
auditlog,50,1257,200,48.67
auditlog,50,1258,200,52.36
auditlog,50,1259,200,50.70
auditlog,50,1260,200,53.07
auditlog,50,1261,200,49.71
auditlog,50,1262,200,52.51
auditlog,50,1263,200,53.46
auditlog,50,1264,200,66.66
auditlog,50,1265,200,59.57
auditlog,50,1266,200,62.78
auditlog,50,1267,200,68.21
auditlog,50,1268,200,67.87
auditlog,50,1269,200,67.95
auditlog,50,1270,200,69.36
auditlog,50,1271,200,74.39
auditlog,50,1272,200,69.87
auditlog,50,1273,200,69.13
auditlog,50,1274,200,69.21
auditlog,50,1275,200,75.45
auditlog,50,1276,200,71.79
auditlog,50,1277,200,72.90
auditlog,50,1278,200,74.04
auditlog,50,1279,200,73.95
auditlog,50,1280,200,80.77
auditlog,50,1281,200,73.42
auditlog,50,1282,200,76.57
auditlog,50,1283,200,67.70
auditlog,50,1284,200,36.85
auditlog,50,1285,200,54.99
auditlog,50,1286,200,70.26
auditlog,50,1287,200,76.02
auditlog,50,1288,200,71.92
auditlog,50,1289,200,77.44
auditlog,50,1290,200,49.33
auditlog,50,1291,200,64.74
auditlog,50,1292,200,55.52
auditlog,50,1293,200,76.00
auditlog,50,1294,200,55.53
auditlog,50,1295,200,84.53
auditlog,50,1296,200,47.76
auditlog,50,1297,200,43.26
auditlog,50,1298,200,50.15
auditlog,50,1299,200,46.87
auditlog,50,1300,200,50.13
auditlog,50,1301,200,71.10
auditlog,50,1302,200,43.57
auditlog,50,1303,200,75.13
auditlog,50,1304,200,44.42
auditlog,50,1305,200,98.30
auditlog,50,1306,200,69.47
auditlog,50,1307,200,44.74
auditlog,50,1308,200,71.29
auditlog,50,1309,200,69.42
auditlog,50,1310,200,67.12
auditlog,50,1311,200,58.96
auditlog,50,1312,200,56.70
auditlog,50,1313,200,57.81
auditlog,50,1314,200,89.72
auditlog,50,1315,200,60.05
auditlog,50,1316,200,99.03
auditlog,50,1317,200,85.68
auditlog,50,1318,200,61.04
auditlog,50,1319,200,94.25
auditlog,50,1320,200,56.67
auditlog,50,1321,200,60.74
auditlog,50,1322,200,91.38
auditlog,50,1323,200,96.66
auditlog,50,1324,200,68.18
auditlog,50,1325,200,58.11
auditlog,50,1326,200,61.47
auditlog,50,1327,200,58.91
auditlog,50,1328,200,66.73
auditlog,50,1329,200,56.87
auditlog,50,1330,200,54.65
auditlog,50,1331,200,48.24
auditlog,50,1332,200,64.28
auditlog,50,1333,200,58.86
auditlog,50,1334,200,48.95
auditlog,50,1335,200,54.53
auditlog,50,1336,200,55.41
auditlog,50,1337,200,69.15
auditlog,50,1338,200,56.43
auditlog,50,1339,200,50.35
auditlog,50,1340,200,38.84
auditlog,50,1341,200,46.30
auditlog,50,1342,200,58.81
auditlog,50,1343,200,47.38
auditlog,50,1344,200,42.22
auditlog,50,1345,200,56.01
auditlog,50,1346,200,31.70
auditlog,50,1347,200,46.36
auditlog,50,1348,200,37.85
auditlog,50,1349,200,57.14
auditlog,50,1350,200,61.26
auditlog,50,1351,200,39.49
auditlog,50,1352,200,38.94
auditlog,50,1353,200,33.12
auditlog,50,1354,200,29.54
auditlog,50,1355,200,51.56
auditlog,50,1356,200,49.68
auditlog,50,1357,200,82.84
auditlog,50,1358,200,59.73
auditlog,50,1359,200,68.21
auditlog,50,1360,200,44.69
auditlog,50,1361,200,39.30
auditlog,50,1362,200,44.11
auditlog,50,1363,200,47.09
auditlog,50,1364,200,43.74
auditlog,50,1365,200,51.74
auditlog,50,1366,200,49.48
auditlog,50,1367,200,51.27
auditlog,50,1368,200,47.89
auditlog,50,1369,200,58.91
auditlog,50,1370,200,58.02
auditlog,50,1371,200,60.05
auditlog,50,1372,200,63.03
auditlog,50,1373,200,67.93
auditlog,50,1374,200,37.53
auditlog,50,1375,200,51.07
auditlog,50,1376,200,67.48
auditlog,50,1377,200,72.56
auditlog,50,1378,200,68.83
auditlog,50,1379,200,52.82
auditlog,50,1380,200,70.44
auditlog,50,1381,200,69.03
auditlog,50,1382,200,71.19
auditlog,50,1383,200,79.76
auditlog,50,1384,200,73.23
auditlog,50,1385,200,73.48
auditlog,50,1386,200,34.04
auditlog,50,1387,200,50.79
auditlog,50,1388,200,92.34
auditlog,50,1389,200,36.94
auditlog,50,1390,200,43.04
auditlog,50,1391,200,92.50
auditlog,50,1392,200,55.19
auditlog,50,1393,200,106.73
auditlog,50,1394,200,110.97
auditlog,50,1395,200,108.09
auditlog,50,1396,200,107.35
auditlog,50,1397,200,112.83
auditlog,50,1398,200,67.29
auditlog,50,1399,200,111.40
auditlog,50,1400,200,117.50
auditlog,50,1401,200,55.88
auditlog,50,1402,200,119.23
auditlog,50,1403,200,118.31
auditlog,50,1404,200,122.55
auditlog,50,1405,200,51.23
auditlog,50,1406,200,117.71
auditlog,50,1407,200,60.05
auditlog,50,1408,200,50.97
auditlog,50,1409,200,78.61
auditlog,50,1410,200,59.02
auditlog,50,1411,200,47.67
auditlog,50,1412,200,128.76
auditlog,50,1413,200,127.63
auditlog,50,1414,200,63.57
auditlog,50,1415,200,85.19
auditlog,50,1416,200,76.76
auditlog,50,1417,200,76.25
auditlog,50,1418,200,114.66
auditlog,50,1419,200,78.07
auditlog,50,1420,200,111.33
auditlog,50,1421,200,87.67
auditlog,50,1422,200,161.95
auditlog,50,1423,200,67.56
auditlog,50,1424,200,76.13
auditlog,50,1425,200,87.50
auditlog,50,1426,200,76.02
auditlog,50,1427,200,91.23
auditlog,50,1428,200,162.52
auditlog,50,1429,200,164.13
auditlog,50,1430,200,76.55
auditlog,50,1431,200,166.59
auditlog,50,1432,200,81.84
auditlog,50,1433,200,167.79
auditlog,50,1434,200,58.75
auditlog,50,1435,200,92.43
auditlog,50,1436,200,52.00
auditlog,50,1437,200,168.13
auditlog,50,1438,200,60.61
auditlog,50,1439,200,172.11
auditlog,50,1440,200,69.90
auditlog,50,1441,200,115.16
auditlog,50,1442,200,64.67
auditlog,50,1443,200,103.81
auditlog,50,1444,200,62.51
auditlog,50,1445,200,75.60
auditlog,50,1446,200,63.98
auditlog,50,1447,200,65.87
auditlog,50,1448,200,72.62
auditlog,50,1449,200,64.80
auditlog,50,1450,200,64.48
auditlog,50,1451,200,67.47
auditlog,50,1452,200,101.26
auditlog,50,1453,200,68.16
auditlog,50,1454,200,154.92
auditlog,50,1455,200,85.38
auditlog,50,1456,200,71.30
auditlog,50,1457,200,58.38
auditlog,50,1458,200,56.52
auditlog,50,1459,200,74.34
auditlog,50,1460,200,47.40
auditlog,50,1461,200,31.60
auditlog,50,1462,200,38.87
auditlog,50,1463,200,78.58
auditlog,50,1464,200,80.23
auditlog,50,1465,200,41.11
auditlog,50,1466,200,79.92
auditlog,50,1467,200,55.72
auditlog,50,1468,200,38.30
auditlog,50,1469,200,91.52
auditlog,50,1470,200,48.46
auditlog,50,1471,200,50.87
auditlog,50,1472,200,142.00
auditlog,50,1473,200,48.70
auditlog,50,1474,200,84.43
auditlog,50,1475,200,58.55
auditlog,50,1476,200,53.68
auditlog,50,1477,200,41.89
auditlog,50,1478,200,59.90
auditlog,50,1479,200,63.45
auditlog,50,1480,200,59.68
auditlog,50,1481,200,29.42
auditlog,50,1482,200,56.61
auditlog,50,1483,200,63.07
auditlog,50,1484,200,59.59
auditlog,50,1485,200,88.18
auditlog,50,1486,200,51.91
auditlog,50,1487,200,66.10
auditlog,50,1488,200,105.25
auditlog,50,1489,200,50.33
auditlog,50,1490,200,67.81
auditlog,50,1491,200,61.93
auditlog,50,1492,200,36.48
auditlog,50,1493,200,62.54
auditlog,50,1494,200,58.46
auditlog,50,1495,200,54.53
auditlog,50,1496,200,38.10
auditlog,50,1497,200,46.18
auditlog,50,1498,200,55.26
auditlog,50,1499,200,59.51
auditlog,50,1500,200,36.55
auditlog,50,1501,200,65.03
auditlog,50,1502,200,62.86
auditlog,50,1503,200,86.70
auditlog,50,1504,200,63.63
auditlog,50,1505,200,48.92
auditlog,50,1506,200,59.48
auditlog,50,1507,200,56.72
auditlog,50,1508,200,69.25
auditlog,50,1509,200,77.90
auditlog,50,1510,200,70.55
auditlog,50,1511,200,59.12
auditlog,50,1512,200,74.29
auditlog,50,1513,200,64.39
auditlog,50,1514,200,75.85
auditlog,50,1515,200,50.17
auditlog,50,1516,200,79.61
auditlog,50,1517,200,42.40
auditlog,50,1518,200,43.83
auditlog,50,1519,200,62.23
auditlog,50,1520,200,73.30
auditlog,50,1521,200,46.16
auditlog,50,1522,200,36.02
auditlog,50,1523,200,44.85
auditlog,50,1524,200,48.74
auditlog,50,1525,200,64.65
auditlog,50,1526,200,74.34
auditlog,50,1527,200,64.03
auditlog,50,1528,200,55.84
auditlog,50,1529,200,50.12
auditlog,50,1530,200,44.80
auditlog,50,1531,200,56.52
auditlog,50,1532,200,84.67
auditlog,50,1533,200,62.80
auditlog,50,1534,200,43.95
auditlog,50,1535,200,60.16
auditlog,50,1536,200,48.31
auditlog,50,1537,200,34.41
auditlog,50,1538,200,95.97
auditlog,50,1539,200,38.76
auditlog,50,1540,200,35.29
auditlog,50,1541,200,43.91
auditlog,50,1542,200,27.60
auditlog,50,1543,200,69.54
auditlog,50,1544,200,42.56
auditlog,50,1545,200,50.40
auditlog,50,1546,200,33.16
auditlog,50,1547,200,32.53
auditlog,50,1548,200,60.29
auditlog,50,1549,200,76.32
auditlog,50,1550,200,81.53
auditlog,50,1551,200,79.72
auditlog,50,1552,200,75.58
auditlog,50,1553,200,37.78
auditlog,50,1554,200,63.35
auditlog,50,1555,200,26.94
auditlog,50,1556,200,49.38
auditlog,50,1557,200,79.21
auditlog,50,1558,200,41.03
auditlog,50,1559,200,65.40
auditlog,50,1560,200,45.49
auditlog,50,1561,200,55.23
auditlog,50,1562,200,44.96
auditlog,50,1563,200,47.11
auditlog,50,1564,200,49.05
auditlog,50,1565,200,32.92
auditlog,50,1566,200,66.31
auditlog,50,1567,200,70.91
auditlog,50,1568,200,89.72
auditlog,50,1569,200,63.11
auditlog,50,1570,200,71.24
auditlog,50,1571,200,41.93
auditlog,50,1572,200,58.69
auditlog,50,1573,200,35.38
auditlog,50,1574,200,60.25
auditlog,50,1575,200,44.21
auditlog,50,1576,200,66.37
auditlog,50,1577,200,40.26
auditlog,50,1578,200,58.43
auditlog,50,1579,200,66.15
auditlog,50,1580,200,39.21
auditlog,50,1581,200,45.22
auditlog,50,1582,200,52.83
auditlog,50,1583,200,32.82
auditlog,50,1584,200,42.71
auditlog,50,1585,200,59.35
auditlog,50,1586,200,50.78
auditlog,50,1587,200,52.02
auditlog,50,1588,200,87.30
auditlog,50,1589,200,27.46
auditlog,50,1590,200,47.90
auditlog,50,1591,200,45.09
auditlog,50,1592,200,48.65
auditlog,50,1593,200,59.74
auditlog,50,1594,200,60.16
auditlog,50,1595,200,40.94
auditlog,50,1596,200,49.57
auditlog,50,1597,200,70.63
auditlog,50,1598,200,50.15
auditlog,50,1599,200,51.37
auditlog,50,1600,200,53.26
auditlog,50,1601,200,45.03
auditlog,50,1602,200,35.67
auditlog,50,1603,200,45.06
auditlog,50,1604,200,46.87
auditlog,50,1605,200,56.47
auditlog,50,1606,200,47.94
auditlog,50,1607,200,39.28
auditlog,50,1608,200,63.73
auditlog,50,1609,200,55.38
auditlog,50,1610,200,69.96
auditlog,50,1611,200,56.22
auditlog,50,1612,200,53.71
auditlog,50,1613,200,71.67
auditlog,50,1614,200,73.53
auditlog,50,1615,200,58.45
auditlog,50,1616,200,85.50
auditlog,50,1617,200,44.94
auditlog,50,1618,200,47.49
auditlog,50,1619,200,50.87
auditlog,50,1620,200,48.15
auditlog,50,1621,200,56.06
auditlog,50,1622,200,48.23
auditlog,50,1623,200,41.03
auditlog,50,1624,200,77.97
auditlog,50,1625,200,86.36
auditlog,50,1626,200,41.49
auditlog,50,1627,200,35.80
auditlog,50,1628,200,35.48
auditlog,50,1629,200,79.28
auditlog,50,1630,200,32.12
auditlog,50,1631,200,68.16
auditlog,50,1632,200,35.43
auditlog,50,1633,200,71.57
auditlog,50,1634,200,57.14
auditlog,50,1635,200,55.09
auditlog,50,1636,200,64.22
auditlog,50,1637,200,92.37
auditlog,50,1638,200,58.17
auditlog,50,1639,200,86.85
auditlog,50,1640,200,82.42
auditlog,50,1641,200,52.50
auditlog,50,1642,200,60.80
auditlog,50,1643,200,60.58
auditlog,50,1644,200,51.99
auditlog,50,1645,200,68.51
auditlog,50,1646,200,48.68
auditlog,50,1647,200,42.81
auditlog,50,1648,200,54.09
auditlog,50,1649,200,47.69
auditlog,50,1650,200,48.05
auditlog,50,1651,200,63.61
auditlog,50,1652,200,30.07
auditlog,50,1653,200,25.72
auditlog,50,1654,200,31.44
auditlog,50,1655,200,46.06
auditlog,50,1656,200,53.28
auditlog,50,1657,200,49.34
auditlog,50,1658,200,54.72
auditlog,50,1659,200,47.18
auditlog,50,1660,200,52.35
auditlog,50,1661,200,63.30
auditlog,50,1662,200,53.58
auditlog,50,1663,200,64.78
auditlog,50,1664,200,64.91
auditlog,50,1665,200,70.38
auditlog,50,1666,200,80.19
auditlog,50,1667,200,31.77
auditlog,50,1668,200,42.92
auditlog,50,1669,200,43.88
auditlog,50,1670,200,30.18
auditlog,50,1671,200,55.82
auditlog,50,1672,200,74.61
auditlog,50,1673,200,47.81
auditlog,50,1674,200,34.82
auditlog,50,1675,200,74.16
auditlog,50,1676,200,57.71
auditlog,50,1677,200,83.56
auditlog,50,1678,200,58.39
auditlog,50,1679,200,94.83
auditlog,50,1680,200,49.14
auditlog,50,1681,200,68.25
auditlog,50,1682,200,46.14
auditlog,50,1683,200,60.66
auditlog,50,1684,200,87.70
auditlog,50,1685,200,49.37
auditlog,50,1686,200,52.00
auditlog,50,1687,200,75.52
auditlog,50,1688,200,73.06
auditlog,50,1689,200,57.49
auditlog,50,1690,200,58.13
auditlog,50,1691,200,62.82
auditlog,50,1692,200,67.63
auditlog,50,1693,200,55.97
auditlog,50,1694,200,67.78
auditlog,50,1695,200,51.63
auditlog,50,1696,200,67.57
auditlog,50,1697,200,43.08
auditlog,50,1698,200,78.53
auditlog,50,1699,200,71.31
auditlog,50,1700,200,88.58
auditlog,50,1701,200,54.70
auditlog,50,1702,200,69.50
auditlog,50,1703,200,75.45
auditlog,50,1704,200,50.29
auditlog,50,1705,200,81.85
auditlog,50,1706,200,72.69
auditlog,50,1707,200,45.42
auditlog,50,1708,200,77.40
auditlog,50,1709,200,46.36
auditlog,50,1710,200,80.43
auditlog,50,1711,200,66.98
auditlog,50,1712,200,79.78
auditlog,50,1713,200,90.55
auditlog,50,1714,200,50.24
auditlog,50,1715,200,58.10
auditlog,50,1716,200,55.91
auditlog,50,1717,200,69.16
auditlog,50,1718,200,58.50
auditlog,50,1719,200,68.26
auditlog,50,1720,200,84.18
auditlog,50,1721,200,63.17
auditlog,50,1722,200,68.66
auditlog,50,1723,200,47.11
auditlog,50,1724,200,90.20
auditlog,50,1725,200,65.22
auditlog,50,1726,200,49.65
auditlog,50,1727,200,66.35
auditlog,50,1728,200,47.55
auditlog,50,1729,200,50.20
auditlog,50,1730,200,52.21
auditlog,50,1731,200,71.41
auditlog,50,1732,200,47.27
auditlog,50,1733,200,55.53
auditlog,50,1734,200,52.26
auditlog,50,1735,200,40.29
auditlog,50,1736,200,36.42
auditlog,50,1737,200,46.14
auditlog,50,1738,200,51.71
auditlog,50,1739,200,77.91
auditlog,50,1740,200,86.57
auditlog,50,1741,200,45.98
auditlog,50,1742,200,67.25
auditlog,50,1743,200,42.45
auditlog,50,1744,200,64.87
auditlog,50,1745,200,48.21
auditlog,50,1746,200,52.54
auditlog,50,1747,200,51.99
auditlog,50,1748,200,52.14
auditlog,50,1749,200,46.46
auditlog,50,1750,200,36.60
auditlog,50,1751,200,52.28
auditlog,50,1752,200,54.42
auditlog,50,1753,200,51.30
auditlog,50,1754,200,51.04
auditlog,50,1755,200,60.61
auditlog,50,1756,200,64.23
auditlog,50,1757,200,62.98
auditlog,50,1758,200,59.40
auditlog,50,1759,200,68.18
auditlog,50,1760,200,68.19
auditlog,50,1761,200,67.86
auditlog,50,1762,200,64.28
auditlog,50,1763,200,73.84
auditlog,50,1764,200,65.16
auditlog,50,1765,200,54.83
auditlog,50,1766,200,53.81
auditlog,50,1767,200,48.42
auditlog,50,1768,200,49.12
auditlog,50,1769,200,46.50
auditlog,50,1770,200,45.54
auditlog,50,1771,200,58.70
auditlog,50,1772,200,76.55
auditlog,50,1773,200,56.83
auditlog,50,1774,200,69.23
auditlog,50,1775,200,76.25
auditlog,50,1776,200,47.31
auditlog,50,1777,200,55.60
auditlog,50,1778,200,47.94
auditlog,50,1779,200,42.96
auditlog,50,1780,200,66.22
auditlog,50,1781,200,42.81
auditlog,50,1782,200,62.27
auditlog,50,1783,200,88.07
auditlog,50,1784,200,48.86
auditlog,50,1785,200,34.43
auditlog,50,1786,200,62.94
auditlog,50,1787,200,56.85
auditlog,50,1788,200,86.79
auditlog,50,1789,200,66.21
auditlog,50,1790,200,79.49
auditlog,50,1791,200,86.48
auditlog,50,1792,200,96.24
auditlog,50,1793,200,47.74
auditlog,50,1794,200,79.14
auditlog,50,1795,200,71.36
auditlog,50,1796,200,95.07
auditlog,50,1797,200,116.53
auditlog,50,1798,200,99.39
auditlog,50,1799,200,57.20
auditlog,50,1800,200,88.36
auditlog,50,1801,200,87.20
auditlog,50,1802,200,87.89
auditlog,50,1803,200,51.37
auditlog,50,1804,200,82.93
auditlog,50,1805,200,89.12
auditlog,50,1806,200,70.54
auditlog,50,1807,200,124.83
auditlog,50,1808,200,77.31
auditlog,50,1809,200,98.09
auditlog,50,1810,200,70.05
auditlog,50,1811,200,98.88
auditlog,50,1812,200,78.10
auditlog,50,1813,200,62.71
auditlog,50,1814,200,84.34
auditlog,50,1815,200,86.81
auditlog,50,1816,200,75.51
auditlog,50,1817,200,70.69
auditlog,50,1818,200,96.77
auditlog,50,1819,200,97.79
auditlog,50,1820,200,101.13
auditlog,50,1821,200,102.05
auditlog,50,1822,200,107.80
auditlog,50,1823,200,93.93
auditlog,50,1824,200,119.97
auditlog,50,1825,200,100.51
auditlog,50,1826,200,121.27
auditlog,50,1827,200,119.03
auditlog,50,1828,200,108.49
auditlog,50,1829,200,51.18
auditlog,50,1830,200,51.43
auditlog,50,1831,200,42.27
auditlog,50,1832,200,41.69
auditlog,50,1833,200,110.50
auditlog,50,1834,200,121.69
auditlog,50,1835,200,92.49
auditlog,50,1836,200,129.81
auditlog,50,1837,200,80.39
auditlog,50,1838,200,130.45
auditlog,50,1839,200,93.92
auditlog,50,1840,200,133.39
auditlog,50,1841,200,130.88
auditlog,50,1842,200,82.33
auditlog,50,1843,200,120.08
auditlog,50,1844,200,84.68
auditlog,50,1845,200,83.46
auditlog,50,1846,200,92.83
auditlog,50,1847,200,133.64
auditlog,50,1848,200,102.85
auditlog,50,1849,200,95.45
auditlog,50,1850,200,73.47
auditlog,50,1851,200,85.53
auditlog,50,1852,200,94.84
auditlog,50,1853,200,109.54
auditlog,50,1854,200,94.78
auditlog,50,1855,200,85.66
auditlog,50,1856,200,86.07
auditlog,50,1857,200,97.24
auditlog,50,1858,200,75.91
auditlog,50,1859,200,89.43
auditlog,50,1860,200,97.49
auditlog,50,1861,200,69.14
auditlog,50,1862,200,97.55
auditlog,50,1863,200,76.12
auditlog,50,1864,200,52.12
auditlog,50,1865,200,52.86
auditlog,50,1866,200,39.13
auditlog,50,1867,200,39.68
auditlog,50,1868,200,41.33
auditlog,50,1869,200,42.08
auditlog,50,1870,200,31.82
auditlog,50,1871,200,34.24
auditlog,50,1872,200,42.22
auditlog,50,1873,200,42.40
auditlog,50,1874,200,45.65
auditlog,50,1875,200,27.63
auditlog,50,1876,200,32.80
auditlog,50,1877,200,38.02
auditlog,50,1878,200,29.71
auditlog,50,1879,200,30.41
auditlog,50,1880,200,32.05
auditlog,50,1881,200,31.80
auditlog,50,1882,200,38.96
auditlog,50,1883,200,41.19
auditlog,50,1884,200,30.02
auditlog,50,1885,200,32.69
auditlog,50,1886,200,35.96
auditlog,50,1887,200,51.88
auditlog,50,1888,200,41.51
auditlog,50,1889,200,43.62
auditlog,50,1890,200,44.39
auditlog,50,1891,200,39.54
auditlog,50,1892,200,41.67
auditlog,50,1893,200,35.53
auditlog,50,1894,200,44.22
auditlog,50,1895,200,52.71
auditlog,50,1896,200,50.69
auditlog,50,1897,200,44.80
auditlog,50,1898,200,52.95
auditlog,50,1899,200,48.01
auditlog,50,1900,200,57.05
auditlog,50,1901,200,33.35
auditlog,50,1902,200,33.28
auditlog,50,1903,200,60.44
auditlog,50,1904,200,61.04
auditlog,50,1905,200,68.87
auditlog,50,1906,200,61.92
auditlog,50,1907,200,60.75
auditlog,50,1908,200,64.57
auditlog,50,1909,200,66.06
auditlog,50,1910,200,38.84
auditlog,50,1911,200,65.03
auditlog,50,1912,200,63.50
auditlog,50,1913,200,64.14
auditlog,50,1914,200,65.21
auditlog,50,1915,200,69.91
auditlog,50,1916,200,76.31
auditlog,50,1917,200,63.19
auditlog,50,1918,200,56.89
auditlog,50,1919,200,53.35
auditlog,50,1920,200,57.64
auditlog,50,1921,200,56.31
auditlog,50,1922,200,72.05
auditlog,50,1923,200,73.30
auditlog,50,1924,200,72.88
auditlog,50,1925,200,61.84
auditlog,50,1926,200,77.60
auditlog,50,1927,200,39.12
auditlog,50,1928,200,82.77
auditlog,50,1929,200,54.23
auditlog,50,1930,200,37.68
auditlog,50,1931,200,71.24
auditlog,50,1932,200,83.12
auditlog,50,1933,200,84.62
auditlog,50,1934,200,56.13
auditlog,50,1935,200,75.28
auditlog,50,1936,200,52.56
auditlog,50,1937,200,36.34
auditlog,50,1938,200,90.77
auditlog,50,1939,200,62.88
auditlog,50,1940,200,37.19
auditlog,50,1941,200,26.15
auditlog,50,1942,200,54.05
auditlog,50,1943,200,53.31
auditlog,50,1944,200,42.24
auditlog,50,1945,200,67.96
auditlog,50,1946,200,58.87
auditlog,50,1947,200,36.69
auditlog,50,1948,200,41.73
auditlog,50,1949,200,77.63
auditlog,50,1950,200,116.09
auditlog,50,1951,200,52.07
auditlog,50,1952,200,39.43
auditlog,50,1953,200,76.49
auditlog,50,1954,200,64.93
auditlog,50,1955,200,54.62
auditlog,50,1956,200,46.86
auditlog,50,1957,200,54.12
auditlog,50,1958,200,95.46
auditlog,50,1959,200,116.81
auditlog,50,1960,200,40.36
auditlog,50,1961,200,60.71
auditlog,50,1962,200,60.26
auditlog,50,1963,200,66.23
auditlog,50,1964,200,64.59
auditlog,50,1965,200,87.47
auditlog,50,1966,200,62.70
auditlog,50,1967,200,60.87
auditlog,50,1968,200,62.13
auditlog,50,1969,200,55.08
auditlog,50,1970,200,27.37
auditlog,50,1971,200,48.31
auditlog,50,1972,200,58.91
auditlog,50,1973,200,69.94
auditlog,50,1974,200,51.06
auditlog,50,1975,200,50.36
auditlog,50,1976,200,65.32
auditlog,50,1977,200,72.12
auditlog,50,1978,200,66.27
auditlog,50,1979,200,50.48
auditlog,50,1980,200,50.39
auditlog,50,1981,200,79.52
auditlog,50,1982,200,62.16
auditlog,50,1983,200,24.48
auditlog,50,1984,200,42.96
auditlog,50,1985,200,52.12
auditlog,50,1986,200,68.01
auditlog,50,1987,200,33.52
auditlog,50,1988,200,45.93
auditlog,50,1989,200,39.60
auditlog,50,1990,200,39.38
auditlog,50,1991,200,36.24
auditlog,50,1992,200,38.57
auditlog,50,1993,200,49.35
auditlog,50,1994,200,42.28
auditlog,50,1995,200,42.19
auditlog,50,1996,200,50.95
auditlog,50,1997,200,49.16
auditlog,50,1998,200,31.87
auditlog,50,1999,200,36.72
auditlog,100,0,200,33.10
auditlog,100,1,200,34.39
auditlog,100,2,200,34.91
auditlog,100,3,200,40.08
auditlog,100,4,200,40.60
auditlog,100,5,200,46.74
auditlog,100,6,200,47.30
auditlog,100,7,200,47.35
auditlog,100,8,200,48.03
auditlog,100,9,200,48.26
auditlog,100,10,200,49.52
auditlog,100,11,200,54.77
auditlog,100,12,200,56.04
auditlog,100,13,200,56.67
auditlog,100,14,200,56.76
auditlog,100,15,200,64.96
auditlog,100,16,200,66.06
auditlog,100,17,200,68.73
auditlog,100,18,200,67.42
auditlog,100,19,200,64.81
auditlog,100,20,200,70.06
auditlog,100,21,200,68.97
auditlog,100,22,200,72.49
auditlog,100,23,200,68.16
auditlog,100,24,200,74.33
auditlog,100,25,200,73.68
auditlog,100,26,200,76.31
auditlog,100,27,200,74.33
auditlog,100,28,200,73.00
auditlog,100,29,200,76.97
auditlog,100,30,200,73.84
auditlog,100,31,200,78.96
auditlog,100,32,200,79.21
auditlog,100,33,200,83.84
auditlog,100,34,200,84.48
auditlog,100,35,200,91.94
auditlog,100,36,200,60.45
auditlog,100,37,200,95.29
auditlog,100,38,200,94.93
auditlog,100,39,200,103.60
auditlog,100,40,200,110.39
auditlog,100,41,200,110.78
auditlog,100,42,200,111.68
auditlog,100,43,200,113.67
auditlog,100,44,200,114.12
auditlog,100,45,200,112.03
auditlog,100,46,200,117.44
auditlog,100,47,200,118.44
auditlog,100,48,200,113.97
auditlog,100,49,200,119.02
auditlog,100,50,200,120.40
auditlog,100,51,200,121.00
auditlog,100,52,200,122.24
auditlog,100,53,200,124.71
auditlog,100,54,200,127.01
auditlog,100,55,200,127.78
auditlog,100,56,200,128.07
auditlog,100,57,200,124.76
auditlog,100,58,200,131.69
auditlog,100,59,200,130.03
auditlog,100,60,200,134.07
auditlog,100,61,200,139.98
auditlog,100,62,200,137.53
auditlog,100,63,200,73.73
auditlog,100,64,200,144.83
auditlog,100,65,200,144.67
auditlog,100,66,200,153.68
auditlog,100,67,200,151.65
auditlog,100,68,200,156.46
auditlog,100,69,200,161.93
auditlog,100,70,200,160.83
auditlog,100,71,200,161.26
auditlog,100,72,200,94.71
auditlog,100,73,200,164.07
auditlog,100,74,200,164.00
auditlog,100,75,200,162.99
auditlog,100,76,200,164.68
auditlog,100,77,200,160.88
auditlog,100,78,200,165.25
auditlog,100,79,200,133.91
auditlog,100,80,200,121.91
auditlog,100,81,200,169.46
auditlog,100,82,200,170.09
auditlog,100,83,200,166.40
auditlog,100,84,200,169.48
auditlog,100,85,200,121.01
auditlog,100,86,200,168.13
auditlog,100,87,200,171.73
auditlog,100,88,200,170.56
auditlog,100,89,200,173.00
auditlog,100,90,200,140.59
auditlog,100,91,200,169.41
auditlog,100,92,200,170.61
auditlog,100,93,200,172.23
auditlog,100,94,200,174.85
auditlog,100,95,200,104.93
auditlog,100,96,200,191.85
auditlog,100,97,200,129.87
auditlog,100,98,200,153.44
auditlog,100,99,200,145.48
auditlog,100,100,200,144.62
auditlog,100,101,200,123.74
auditlog,100,102,200,201.40
auditlog,100,103,200,160.42
auditlog,100,104,200,199.01
auditlog,100,105,200,86.30
auditlog,100,106,200,130.96
auditlog,100,107,200,199.28
auditlog,100,108,200,69.94
auditlog,100,109,200,75.95
auditlog,100,110,200,129.44
auditlog,100,111,200,101.96
auditlog,100,112,200,71.89
auditlog,100,113,200,49.37
auditlog,100,114,200,137.75
auditlog,100,115,200,129.26
auditlog,100,116,200,93.83
auditlog,100,117,200,79.89
auditlog,100,118,200,203.60
auditlog,100,119,200,161.37
auditlog,100,120,200,204.49
auditlog,100,121,200,139.31
auditlog,100,122,200,63.78
auditlog,100,123,200,90.24
auditlog,100,124,200,91.93
auditlog,100,125,200,163.57
auditlog,100,126,200,84.87
auditlog,100,127,200,133.92
auditlog,100,128,200,46.42
auditlog,100,129,200,83.02
auditlog,100,130,200,45.78
auditlog,100,131,200,46.32
auditlog,100,132,200,209.67
auditlog,100,133,200,129.97
auditlog,100,134,200,96.52
auditlog,100,135,200,136.19
auditlog,100,136,200,164.70
auditlog,100,137,200,50.03
auditlog,100,138,200,102.09
auditlog,100,139,200,106.19
auditlog,100,140,200,63.01
auditlog,100,141,200,110.59
auditlog,100,142,200,155.25
auditlog,100,143,200,64.63
auditlog,100,144,200,223.46
auditlog,100,145,200,128.39
auditlog,100,146,200,134.42
auditlog,100,147,200,56.28
auditlog,100,148,200,107.49
auditlog,100,149,200,64.28
auditlog,100,150,200,80.87
auditlog,100,151,200,64.17
auditlog,100,152,200,71.49
auditlog,100,153,200,159.08
auditlog,100,154,200,70.51
auditlog,100,155,200,154.96
auditlog,100,156,200,82.43
auditlog,100,157,200,37.87
auditlog,100,158,200,67.58
auditlog,100,159,200,141.17
auditlog,100,160,200,238.74
auditlog,100,161,200,128.84
auditlog,100,162,200,66.49
auditlog,100,163,200,76.99
auditlog,100,164,200,183.26
auditlog,100,165,200,84.25
auditlog,100,166,200,136.80
auditlog,100,167,200,167.23
auditlog,100,168,200,56.20
auditlog,100,169,200,58.98
auditlog,100,170,200,54.26
auditlog,100,171,200,62.19
auditlog,100,172,200,96.72
auditlog,100,173,200,51.07
auditlog,100,174,200,90.47
auditlog,100,175,200,126.44
auditlog,100,176,200,194.09
auditlog,100,177,200,230.06
auditlog,100,178,200,107.20
auditlog,100,179,200,118.62
auditlog,100,180,200,82.21
auditlog,100,181,200,57.81
auditlog,100,182,200,84.44
auditlog,100,183,200,51.90
auditlog,100,184,200,84.18
auditlog,100,185,200,251.05
auditlog,100,186,200,148.59
auditlog,100,187,200,120.79
auditlog,100,188,200,174.70
auditlog,100,189,200,123.49
auditlog,100,190,200,239.65
auditlog,100,191,200,167.31
auditlog,100,192,200,99.17
auditlog,100,193,200,124.51
auditlog,100,194,200,97.74
auditlog,100,195,200,85.89
auditlog,100,196,200,60.03
auditlog,100,197,200,74.00
auditlog,100,198,200,161.65
auditlog,100,199,200,300.40
auditlog,100,200,200,77.99
auditlog,100,201,200,83.63
auditlog,100,202,200,78.08
auditlog,100,203,200,68.22
auditlog,100,204,200,105.10
auditlog,100,205,200,46.40
auditlog,100,206,200,71.93
auditlog,100,207,200,88.08
auditlog,100,208,200,305.51
auditlog,100,209,200,105.89
auditlog,100,210,200,106.81
auditlog,100,211,200,98.51
auditlog,100,212,200,105.61
auditlog,100,213,200,87.03
auditlog,100,214,200,76.81
auditlog,100,215,200,107.87
auditlog,100,216,200,82.47
auditlog,100,217,200,80.30
auditlog,100,218,200,126.06
auditlog,100,219,200,150.29
auditlog,100,220,200,114.39
auditlog,100,221,200,185.62
auditlog,100,222,200,122.52
auditlog,100,223,200,64.94
auditlog,100,224,200,85.44
auditlog,100,225,200,205.72
auditlog,100,226,200,115.56
auditlog,100,227,200,86.23
auditlog,100,228,200,253.18
auditlog,100,229,200,326.34
auditlog,100,230,200,121.79
auditlog,100,231,200,92.64
auditlog,100,232,200,126.06
auditlog,100,233,200,125.63
auditlog,100,234,200,263.91
auditlog,100,235,200,99.52
auditlog,100,236,200,78.32
auditlog,100,237,200,127.73
auditlog,100,238,200,134.76
auditlog,100,239,200,199.28
auditlog,100,240,200,129.03
auditlog,100,241,200,178.35
auditlog,100,242,200,47.63
auditlog,100,243,200,183.11
auditlog,100,244,200,106.60
auditlog,100,245,200,74.39
auditlog,100,246,200,113.06
auditlog,100,247,200,155.03
auditlog,100,248,200,154.99
auditlog,100,249,200,98.09
auditlog,100,250,200,118.27
auditlog,100,251,200,136.86
auditlog,100,252,200,192.37
auditlog,100,253,200,151.41
auditlog,100,254,200,152.53
auditlog,100,255,200,158.02
auditlog,100,256,200,159.46
auditlog,100,257,200,119.64
auditlog,100,258,200,132.01
auditlog,100,259,200,77.60
auditlog,100,260,200,108.63
auditlog,100,261,200,103.25
auditlog,100,262,200,107.06
auditlog,100,263,200,160.32
auditlog,100,264,200,163.71
auditlog,100,265,200,141.45
auditlog,100,266,200,165.37
auditlog,100,267,200,204.78
auditlog,100,268,200,75.28
auditlog,100,269,200,140.75
auditlog,100,270,200,81.18
auditlog,100,271,200,121.09
auditlog,100,272,200,105.85
auditlog,100,273,200,83.84
auditlog,100,274,200,85.22
auditlog,100,275,200,75.02
auditlog,100,276,200,164.25
auditlog,100,277,200,82.92
auditlog,100,278,200,119.84
auditlog,100,279,200,74.38
auditlog,100,280,200,72.31
auditlog,100,281,200,111.26
auditlog,100,282,200,101.77
auditlog,100,283,200,101.73
auditlog,100,284,200,83.60
auditlog,100,285,200,88.73
auditlog,100,286,200,118.61
auditlog,100,287,200,170.79
auditlog,100,288,200,204.15
auditlog,100,289,200,113.91
auditlog,100,290,200,198.95
auditlog,100,291,200,99.63
auditlog,100,292,200,108.34
auditlog,100,293,200,126.51
auditlog,100,294,200,107.14
auditlog,100,295,200,231.44
auditlog,100,296,200,217.28
auditlog,100,297,200,196.81
auditlog,100,298,200,97.08
auditlog,100,299,200,72.64
auditlog,100,300,200,72.10
auditlog,100,301,200,108.40
auditlog,100,302,200,79.87
auditlog,100,303,200,100.68
auditlog,100,304,200,136.12
auditlog,100,305,200,105.84
auditlog,100,306,200,85.75
auditlog,100,307,200,165.21
auditlog,100,308,200,128.26
auditlog,100,309,200,251.96
auditlog,100,310,200,95.11
auditlog,100,311,200,123.25
auditlog,100,312,200,143.59
auditlog,100,313,200,143.93
auditlog,100,314,200,140.46
auditlog,100,315,200,172.74
auditlog,100,316,200,170.17
auditlog,100,317,200,156.31
auditlog,100,318,200,133.53
auditlog,100,319,200,105.24
auditlog,100,320,200,145.01
auditlog,100,321,200,108.63
auditlog,100,322,200,108.35
auditlog,100,323,200,119.35
auditlog,100,324,200,106.53
auditlog,100,325,200,161.51
auditlog,100,326,200,173.50
auditlog,100,327,200,106.42
auditlog,100,328,200,84.12
auditlog,100,329,200,161.89
auditlog,100,330,200,107.26
auditlog,100,331,200,176.15
auditlog,100,332,200,169.13
auditlog,100,333,200,167.10
auditlog,100,334,200,109.51
auditlog,100,335,200,69.23
auditlog,100,336,200,164.86
auditlog,100,337,200,81.29
auditlog,100,338,200,69.14
auditlog,100,339,200,182.92
auditlog,100,340,200,87.65
auditlog,100,341,200,111.94
auditlog,100,342,200,116.34
auditlog,100,343,200,116.12
auditlog,100,344,200,73.78
auditlog,100,345,200,156.44
auditlog,100,346,200,99.54
auditlog,100,347,200,114.05
auditlog,100,348,200,184.72
auditlog,100,349,200,124.42
auditlog,100,350,200,194.41
auditlog,100,351,200,200.20
auditlog,100,352,200,58.38
auditlog,100,353,200,104.01
auditlog,100,354,200,60.22
auditlog,100,355,200,128.30
auditlog,100,356,200,68.50
auditlog,100,357,200,146.15
auditlog,100,358,200,110.87
auditlog,100,359,200,82.25
auditlog,100,360,200,143.06
auditlog,100,361,200,124.58
auditlog,100,362,200,258.35
auditlog,100,363,200,174.28
auditlog,100,364,200,150.71
auditlog,100,365,200,105.34
auditlog,100,366,200,135.53
auditlog,100,367,200,241.71
auditlog,100,368,200,163.31
auditlog,100,369,200,89.85
auditlog,100,370,200,109.11
auditlog,100,371,200,155.40
auditlog,100,372,200,287.05
auditlog,100,373,200,97.10
auditlog,100,374,200,96.52
auditlog,100,375,200,273.49
auditlog,100,376,200,126.00
auditlog,100,377,200,154.63
auditlog,100,378,200,88.39
auditlog,100,379,200,190.42
auditlog,100,380,200,120.13
auditlog,100,381,200,79.54
auditlog,100,382,200,158.97
auditlog,100,383,200,98.74
auditlog,100,384,200,141.76
auditlog,100,385,200,116.90
auditlog,100,386,200,215.97
auditlog,100,387,200,178.51
auditlog,100,388,200,180.27
auditlog,100,389,200,110.93
auditlog,100,390,200,112.52
auditlog,100,391,200,106.83
auditlog,100,392,200,112.86
auditlog,100,393,200,110.48
auditlog,100,394,200,116.28
auditlog,100,395,200,111.28
auditlog,100,396,200,114.51
auditlog,100,397,200,239.25
auditlog,100,398,200,125.11
auditlog,100,399,200,105.40
auditlog,100,400,200,126.09
auditlog,100,401,200,134.45
auditlog,100,402,200,132.26
auditlog,100,403,200,303.37
auditlog,100,404,200,136.13
auditlog,100,405,200,243.99
auditlog,100,406,200,149.10
auditlog,100,407,200,268.00
auditlog,100,408,200,128.81
auditlog,100,409,200,161.71
auditlog,100,410,200,75.96
auditlog,100,411,200,45.59
auditlog,100,412,200,44.54
auditlog,100,413,200,150.79
auditlog,100,414,200,151.90
auditlog,100,415,200,165.05
auditlog,100,416,200,171.35
auditlog,100,417,200,138.77
auditlog,100,418,200,160.96
auditlog,100,419,200,281.09
auditlog,100,420,200,116.56
auditlog,100,421,200,161.22
auditlog,100,422,200,301.66
auditlog,100,423,200,181.34
auditlog,100,424,200,123.20
auditlog,100,425,200,140.78
auditlog,100,426,200,153.86
auditlog,100,427,200,104.14
auditlog,100,428,200,163.61
auditlog,100,429,200,161.52
auditlog,100,430,200,301.19
auditlog,100,431,200,142.38
auditlog,100,432,200,102.33
auditlog,100,433,200,164.35
auditlog,100,434,200,300.02
auditlog,100,435,200,98.47
auditlog,100,436,200,93.54
auditlog,100,437,200,96.97
auditlog,100,438,200,93.15
auditlog,100,439,200,314.03
auditlog,100,440,200,93.43
auditlog,100,441,200,284.83
auditlog,100,442,200,284.69
auditlog,100,443,200,96.25
auditlog,100,444,200,314.72
auditlog,100,445,200,144.44
auditlog,100,446,200,334.95
auditlog,100,447,200,84.52
auditlog,100,448,200,300.62
auditlog,100,449,200,95.85
auditlog,100,450,200,173.60
auditlog,100,451,200,315.80
auditlog,100,452,200,159.23
auditlog,100,453,200,147.55
auditlog,100,454,200,169.55
auditlog,100,455,200,148.73
auditlog,100,456,200,175.75
auditlog,100,457,200,166.57
auditlog,100,458,200,161.05
auditlog,100,459,200,169.16
auditlog,100,460,200,167.68
auditlog,100,461,200,168.07
auditlog,100,462,200,99.00
auditlog,100,463,200,307.21
auditlog,100,464,200,190.94
auditlog,100,465,200,179.68
auditlog,100,466,200,117.97
auditlog,100,467,200,345.47
auditlog,100,468,200,126.36
auditlog,100,469,200,190.94
auditlog,100,470,200,249.39
auditlog,100,471,200,210.88
auditlog,100,472,200,91.50
auditlog,100,473,200,101.87
auditlog,100,474,200,227.39
auditlog,100,475,200,95.24
auditlog,100,476,200,211.90
auditlog,100,477,200,80.65
auditlog,100,478,200,104.21
auditlog,100,479,200,141.41
auditlog,100,480,200,111.24
auditlog,100,481,200,216.83
auditlog,100,482,200,112.37
auditlog,100,483,200,127.39
auditlog,100,484,200,95.02
auditlog,100,485,200,128.31
auditlog,100,486,200,137.09
auditlog,100,487,200,86.24
auditlog,100,488,200,149.17
auditlog,100,489,200,107.34
auditlog,100,490,200,85.32
auditlog,100,491,200,149.21
auditlog,100,492,200,119.22
auditlog,100,493,200,168.83
auditlog,100,494,200,126.32
auditlog,100,495,200,104.58
auditlog,100,496,200,94.60
auditlog,100,497,200,147.04
auditlog,100,498,200,123.57
auditlog,100,499,200,146.31
auditlog,100,500,200,125.64
auditlog,100,501,200,125.22
auditlog,100,502,200,117.60
auditlog,100,503,200,80.16
auditlog,100,504,200,157.58
auditlog,100,505,200,156.81
auditlog,100,506,200,111.75
auditlog,100,507,200,108.00
auditlog,100,508,200,151.28
auditlog,100,509,200,154.02
auditlog,100,510,200,155.65
auditlog,100,511,200,129.97
auditlog,100,512,200,129.60
auditlog,100,513,200,124.77
auditlog,100,514,200,123.01
auditlog,100,515,200,103.22
auditlog,100,516,200,132.05
auditlog,100,517,200,135.24
auditlog,100,518,200,132.47
auditlog,100,519,200,139.26
auditlog,100,520,200,129.88
auditlog,100,521,200,142.04
auditlog,100,522,200,134.22
auditlog,100,523,200,131.81
auditlog,100,524,200,130.75
auditlog,100,525,200,133.92
auditlog,100,526,200,149.06
auditlog,100,527,200,141.92
auditlog,100,528,200,141.00
auditlog,100,529,200,136.63
auditlog,100,530,200,135.87
auditlog,100,531,200,139.47
auditlog,100,532,200,147.14
auditlog,100,533,200,142.51
auditlog,100,534,200,146.23
auditlog,100,535,200,146.97
auditlog,100,536,200,135.91
auditlog,100,537,200,137.44
auditlog,100,538,200,145.36
auditlog,100,539,200,146.45
auditlog,100,540,200,142.45
auditlog,100,541,200,146.64
auditlog,100,542,200,144.38
auditlog,100,543,200,149.22
auditlog,100,544,200,144.48
auditlog,100,545,200,143.08
auditlog,100,546,200,146.21
auditlog,100,547,200,119.52
auditlog,100,548,200,145.61
auditlog,100,549,200,117.05
auditlog,100,550,200,154.75
auditlog,100,551,200,152.02
auditlog,100,552,200,105.22
auditlog,100,553,200,154.45
auditlog,100,554,200,150.82
auditlog,100,555,200,143.69
auditlog,100,556,200,143.71
auditlog,100,557,200,148.61
auditlog,100,558,200,169.32
auditlog,100,559,200,171.52
auditlog,100,560,200,171.36
auditlog,100,561,200,169.97
auditlog,100,562,200,167.68
auditlog,100,563,200,176.01
auditlog,100,564,200,174.19
auditlog,100,565,200,186.37
auditlog,100,566,200,126.97
auditlog,100,567,200,181.67
auditlog,100,568,200,76.43
auditlog,100,569,200,125.38
auditlog,100,570,200,178.31
auditlog,100,571,200,186.89
auditlog,100,572,200,87.34
auditlog,100,573,200,189.77
auditlog,100,574,200,127.05
auditlog,100,575,200,154.97
auditlog,100,576,200,190.74
auditlog,100,577,200,140.71
auditlog,100,578,200,140.39
auditlog,100,579,200,64.28
auditlog,100,580,200,52.69
auditlog,100,581,200,100.14
auditlog,100,582,200,150.99
auditlog,100,583,200,194.82
auditlog,100,584,200,62.56
auditlog,100,585,200,152.99
auditlog,100,586,200,102.32
auditlog,100,587,200,197.56
auditlog,100,588,200,154.64
auditlog,100,589,200,201.30
auditlog,100,590,200,92.77
auditlog,100,591,200,122.52
auditlog,100,592,200,144.32
auditlog,100,593,200,66.24
auditlog,100,594,200,67.29
auditlog,100,595,200,205.20
auditlog,100,596,200,98.36
auditlog,100,597,200,199.92
auditlog,100,598,200,100.46
auditlog,100,599,200,79.39
auditlog,100,600,200,142.93
auditlog,100,601,200,142.60
auditlog,100,602,200,85.56
auditlog,100,603,200,205.52
auditlog,100,604,200,73.56
auditlog,100,605,200,115.22
auditlog,100,606,200,116.55
auditlog,100,607,200,72.31
auditlog,100,608,200,207.77
auditlog,100,609,200,85.32
auditlog,100,610,200,215.50
auditlog,100,611,200,86.08
auditlog,100,612,200,162.39
auditlog,100,613,200,147.33
auditlog,100,614,200,124.22
auditlog,100,615,200,142.73
auditlog,100,616,200,191.95
auditlog,100,617,200,162.30
auditlog,100,618,200,91.97
auditlog,100,619,200,60.55
auditlog,100,620,200,104.45
auditlog,100,621,200,64.95
auditlog,100,622,200,45.87
auditlog,100,623,200,137.89
auditlog,100,624,200,78.71
auditlog,100,625,200,63.59
auditlog,100,626,200,123.35
auditlog,100,627,200,80.21
auditlog,100,628,200,114.99
auditlog,100,629,200,55.38
auditlog,100,630,200,68.74
auditlog,100,631,200,115.66
auditlog,100,632,200,53.47
auditlog,100,633,200,53.39
auditlog,100,634,200,47.71
auditlog,100,635,200,85.93
auditlog,100,636,200,97.26
auditlog,100,637,200,120.11
auditlog,100,638,200,121.92
auditlog,100,639,200,144.66
auditlog,100,640,200,89.66
auditlog,100,641,200,75.60
auditlog,100,642,200,88.77
auditlog,100,643,200,74.65
auditlog,100,644,200,121.52
auditlog,100,645,200,76.58
auditlog,100,646,200,131.39
auditlog,100,647,200,89.35
auditlog,100,648,200,71.73
auditlog,100,649,200,68.98
auditlog,100,650,200,126.55
auditlog,100,651,200,71.44
auditlog,100,652,200,107.09
auditlog,100,653,200,144.72
auditlog,100,654,200,146.78
auditlog,100,655,200,147.95
auditlog,100,656,200,86.74
auditlog,100,657,200,145.72
auditlog,100,658,200,58.30
auditlog,100,659,200,97.04
auditlog,100,660,200,140.26
auditlog,100,661,200,88.64
auditlog,100,662,200,134.61
auditlog,100,663,200,106.50
auditlog,100,664,200,37.73
auditlog,100,665,200,63.03
auditlog,100,666,200,150.18
auditlog,100,667,200,114.74
auditlog,100,668,200,102.70
auditlog,100,669,200,35.61
auditlog,100,670,200,157.19
auditlog,100,671,200,170.26
auditlog,100,672,200,134.49
auditlog,100,673,200,169.55
auditlog,100,674,200,126.00
auditlog,100,675,200,168.08
auditlog,100,676,200,111.39
auditlog,100,677,200,71.43
auditlog,100,678,200,100.71
auditlog,100,679,200,112.07
auditlog,100,680,200,99.84
auditlog,100,681,200,62.76
auditlog,100,682,200,66.47
auditlog,100,683,200,183.40
auditlog,100,684,200,126.76
auditlog,100,685,200,161.37
auditlog,100,686,200,126.45
auditlog,100,687,200,96.17
auditlog,100,688,200,140.78
auditlog,100,689,200,50.17
auditlog,100,690,200,51.59
auditlog,100,691,200,74.63
auditlog,100,692,200,47.79
auditlog,100,693,200,55.37
auditlog,100,694,200,49.52
auditlog,100,695,200,184.64
auditlog,100,696,200,66.44
auditlog,100,697,200,60.81
auditlog,100,698,200,43.88
auditlog,100,699,200,50.19
auditlog,100,700,200,61.98
auditlog,100,701,200,190.07
auditlog,100,702,200,197.15
auditlog,100,703,200,48.54
auditlog,100,704,200,62.33
auditlog,100,705,200,45.35
auditlog,100,706,200,97.85
auditlog,100,707,200,75.55
auditlog,100,708,200,63.76
auditlog,100,709,200,75.93
auditlog,100,710,200,84.94
auditlog,100,711,200,64.35
auditlog,100,712,200,80.56
auditlog,100,713,200,83.37
auditlog,100,714,200,93.05
auditlog,100,715,200,89.08
auditlog,100,716,200,70.94
auditlog,100,717,200,115.29
auditlog,100,718,200,115.29
auditlog,100,719,200,154.48
auditlog,100,720,200,98.84
auditlog,100,721,200,74.80
auditlog,100,722,200,80.52
auditlog,100,723,200,95.33
auditlog,100,724,200,95.15
auditlog,100,725,200,88.39
auditlog,100,726,200,85.48
auditlog,100,727,200,182.13
auditlog,100,728,200,133.79
auditlog,100,729,200,95.59
auditlog,100,730,200,93.67
auditlog,100,731,200,150.74
auditlog,100,732,200,39.62
auditlog,100,733,200,65.76
auditlog,100,734,200,68.10
auditlog,100,735,200,160.51
auditlog,100,736,200,76.38
auditlog,100,737,200,76.17
auditlog,100,738,200,67.50
auditlog,100,739,200,229.75
auditlog,100,740,200,69.39
auditlog,100,741,200,74.95
auditlog,100,742,200,202.70
auditlog,100,743,200,175.74
auditlog,100,744,200,168.98
auditlog,100,745,200,28.19
auditlog,100,746,200,261.41
auditlog,100,747,200,191.97
auditlog,100,748,200,40.75
auditlog,100,749,200,176.92
auditlog,100,750,200,79.54
auditlog,100,751,200,39.15
auditlog,100,752,200,48.25
auditlog,100,753,200,192.13
auditlog,100,754,200,258.11
auditlog,100,755,200,218.81
auditlog,100,756,200,187.14
auditlog,100,757,200,40.31
auditlog,100,758,200,101.01
auditlog,100,759,200,90.36
auditlog,100,760,200,38.88
auditlog,100,761,200,56.75
auditlog,100,762,200,102.87
auditlog,100,763,200,263.42
auditlog,100,764,200,260.61
auditlog,100,765,200,206.99
auditlog,100,766,200,105.16
auditlog,100,767,200,107.95
auditlog,100,768,200,55.44
auditlog,100,769,200,72.59
auditlog,100,770,200,45.17
auditlog,100,771,200,263.91
auditlog,100,772,200,63.55
auditlog,100,773,200,49.32
auditlog,100,774,200,92.62
auditlog,100,775,200,39.11
auditlog,100,776,200,41.78
auditlog,100,777,200,275.63
auditlog,100,778,200,44.63
auditlog,100,779,200,45.88
auditlog,100,780,200,275.10
auditlog,100,781,200,52.60
auditlog,100,782,200,279.94
auditlog,100,783,200,277.99
auditlog,100,784,200,221.24
auditlog,100,785,200,50.94
auditlog,100,786,200,284.68
auditlog,100,787,200,65.07
auditlog,100,788,200,45.21
auditlog,100,789,200,226.33
auditlog,100,790,200,249.09
auditlog,100,791,200,123.65
auditlog,100,792,200,66.85
auditlog,100,793,200,30.65
auditlog,100,794,200,33.13
auditlog,100,795,200,293.71
auditlog,100,796,200,78.38
auditlog,100,797,200,68.03
auditlog,100,798,200,51.76
auditlog,100,799,200,62.00
auditlog,100,800,200,50.69
auditlog,100,801,200,42.76
auditlog,100,802,200,63.12
auditlog,100,803,200,72.59
auditlog,100,804,200,82.23
auditlog,100,805,200,312.93
auditlog,100,806,200,64.13
auditlog,100,807,200,57.49
auditlog,100,808,200,36.23
auditlog,100,809,200,41.66
auditlog,100,810,200,63.40
auditlog,100,811,200,44.58
auditlog,100,812,200,76.21
auditlog,100,813,200,64.81
auditlog,100,814,200,85.09
auditlog,100,815,200,94.48
auditlog,100,816,200,132.82
auditlog,100,817,200,83.83
auditlog,100,818,200,91.79
auditlog,100,819,200,122.08
auditlog,100,820,200,95.55
auditlog,100,821,200,79.62
auditlog,100,822,200,107.06
auditlog,100,823,200,130.83
auditlog,100,824,200,133.59
auditlog,100,825,200,159.67
auditlog,100,826,200,81.53
auditlog,100,827,200,120.99
auditlog,100,828,200,129.12
auditlog,100,829,200,86.54
auditlog,100,830,200,147.31
auditlog,100,831,200,129.71
auditlog,100,832,200,113.40
auditlog,100,833,200,64.39
auditlog,100,834,200,151.33
auditlog,100,835,200,95.39
auditlog,100,836,200,126.10
auditlog,100,837,200,108.49
auditlog,100,838,200,163.54
auditlog,100,839,200,169.03
auditlog,100,840,200,89.31
auditlog,100,841,200,199.32
auditlog,100,842,200,207.52
auditlog,100,843,200,170.53
auditlog,100,844,200,226.84
auditlog,100,845,200,121.92
auditlog,100,846,200,77.95
auditlog,100,847,200,132.95
auditlog,100,848,200,192.29
auditlog,100,849,200,230.20
auditlog,100,850,200,225.50
auditlog,100,851,200,224.83
auditlog,100,852,200,79.77
auditlog,100,853,200,204.91
auditlog,100,854,200,185.45
auditlog,100,855,200,279.29
auditlog,100,856,200,123.69
auditlog,100,857,200,233.32
auditlog,100,858,200,89.85
auditlog,100,859,200,219.76
auditlog,100,860,200,93.36
auditlog,100,861,200,245.64
auditlog,100,862,200,209.72
auditlog,100,863,200,245.37
auditlog,100,864,200,245.77
auditlog,100,865,200,246.35
auditlog,100,866,200,103.95
auditlog,100,867,200,191.30
auditlog,100,868,200,92.42
auditlog,100,869,200,192.19
auditlog,100,870,200,257.64
auditlog,100,871,200,224.96
auditlog,100,872,200,97.59
auditlog,100,873,200,233.33
auditlog,100,874,200,224.81
auditlog,100,875,200,211.38
auditlog,100,876,200,96.61
auditlog,100,877,200,116.00
auditlog,100,878,200,249.72
auditlog,100,879,200,52.83
auditlog,100,880,200,59.39
auditlog,100,881,200,305.62
auditlog,100,882,200,108.42
auditlog,100,883,200,67.97
auditlog,100,884,200,254.70
auditlog,100,885,200,109.07
auditlog,100,886,200,47.30
auditlog,100,887,200,70.83
auditlog,100,888,200,277.62
auditlog,100,889,200,69.45
auditlog,100,890,200,40.90
auditlog,100,891,200,43.81
auditlog,100,892,200,42.62
auditlog,100,893,200,63.50
auditlog,100,894,200,269.83
auditlog,100,895,200,49.64
auditlog,100,896,200,22.75
auditlog,100,897,200,86.34
auditlog,100,898,200,75.76
auditlog,100,899,200,52.44
auditlog,100,900,200,31.62
auditlog,100,901,200,59.66
auditlog,100,902,200,79.01
auditlog,100,903,200,74.16
auditlog,100,904,200,76.16
auditlog,100,905,200,294.56
auditlog,100,906,200,57.69
auditlog,100,907,200,60.44
auditlog,100,908,200,293.04
auditlog,100,909,200,47.28
auditlog,100,910,200,46.90
auditlog,100,911,200,89.87
auditlog,100,912,200,50.52
auditlog,100,913,200,101.32
auditlog,100,914,200,50.25
auditlog,100,915,200,300.21
auditlog,100,916,200,51.66
auditlog,100,917,200,54.84
auditlog,100,918,200,339.81
auditlog,100,919,200,316.34
auditlog,100,920,200,344.92
auditlog,100,921,200,79.14
auditlog,100,922,200,65.18
auditlog,100,923,200,82.35
auditlog,100,924,200,104.19
auditlog,100,925,200,94.52
auditlog,100,926,200,69.55
auditlog,100,927,200,115.17
auditlog,100,928,200,65.62
auditlog,100,929,200,87.48
auditlog,100,930,200,70.31
auditlog,100,931,200,64.55
auditlog,100,932,200,122.47
auditlog,100,933,200,96.26
auditlog,100,934,200,92.96
auditlog,100,935,200,49.68
auditlog,100,936,200,78.72
auditlog,100,937,200,60.77
auditlog,100,938,200,73.35
auditlog,100,939,200,60.13
auditlog,100,940,200,108.25
auditlog,100,941,200,77.30
auditlog,100,942,200,63.98
auditlog,100,943,200,108.98
auditlog,100,944,200,132.98
auditlog,100,945,200,129.26
auditlog,100,946,200,56.22
auditlog,100,947,200,87.24
auditlog,100,948,200,66.98
auditlog,100,949,200,81.10
auditlog,100,950,200,96.13
auditlog,100,951,200,50.22
auditlog,100,952,200,145.62
auditlog,100,953,200,86.84
auditlog,100,954,200,126.58
auditlog,100,955,200,72.60
auditlog,100,956,200,52.88
auditlog,100,957,200,108.75
auditlog,100,958,200,156.90
auditlog,100,959,200,91.09
auditlog,100,960,200,90.55
auditlog,100,961,200,83.38
auditlog,100,962,200,92.20
auditlog,100,963,200,45.92
auditlog,100,964,200,209.98
auditlog,100,965,200,45.95
auditlog,100,966,200,76.59
auditlog,100,967,200,72.69
auditlog,100,968,200,231.55
auditlog,100,969,200,68.84
auditlog,100,970,200,87.88
auditlog,100,971,200,109.61
auditlog,100,972,200,77.42
auditlog,100,973,200,79.28
auditlog,100,974,200,116.81
auditlog,100,975,200,275.49
auditlog,100,976,200,285.26
auditlog,100,977,200,264.67
auditlog,100,978,200,221.52
auditlog,100,979,200,98.35
auditlog,100,980,200,155.89
auditlog,100,981,200,91.58
auditlog,100,982,200,227.72
auditlog,100,983,200,133.04
auditlog,100,984,200,133.20
auditlog,100,985,200,283.93
auditlog,100,986,200,105.22
auditlog,100,987,200,115.38
auditlog,100,988,200,100.09
auditlog,100,989,200,128.84
auditlog,100,990,200,107.64
auditlog,100,991,200,136.21
auditlog,100,992,200,272.32
auditlog,100,993,200,87.72
auditlog,100,994,200,313.53
auditlog,100,995,200,107.78
auditlog,100,996,200,89.32
auditlog,100,997,200,274.02
auditlog,100,998,200,293.70
auditlog,100,999,200,318.21
auditlog,100,1000,200,89.31
auditlog,100,1001,200,86.15
auditlog,100,1002,200,83.97
auditlog,100,1003,200,106.52
auditlog,100,1004,200,106.18
auditlog,100,1005,200,327.23
auditlog,100,1006,200,331.71
auditlog,100,1007,200,292.02
auditlog,100,1008,200,66.81
auditlog,100,1009,200,94.15
auditlog,100,1010,200,309.05
auditlog,100,1011,200,319.20
auditlog,100,1012,200,62.36
auditlog,100,1013,200,320.31
auditlog,100,1014,200,79.92
auditlog,100,1015,200,102.14
auditlog,100,1016,200,97.44
auditlog,100,1017,200,137.12
auditlog,100,1018,200,169.98
auditlog,100,1019,200,321.52
auditlog,100,1020,200,123.39
auditlog,100,1021,200,361.63
auditlog,100,1022,200,99.95
auditlog,100,1023,200,344.72
auditlog,100,1024,200,112.28
auditlog,100,1025,200,362.90
auditlog,100,1026,200,125.55
auditlog,100,1027,200,224.56
auditlog,100,1028,200,85.66
auditlog,100,1029,200,117.52
auditlog,100,1030,200,132.71
auditlog,100,1031,200,123.52
auditlog,100,1032,200,209.86
auditlog,100,1033,200,194.16
auditlog,100,1034,200,159.47
auditlog,100,1035,200,157.13
auditlog,100,1036,200,211.05
auditlog,100,1037,200,227.51
auditlog,100,1038,200,370.24
auditlog,100,1039,200,216.09
auditlog,100,1040,200,202.25
auditlog,100,1041,200,149.66
auditlog,100,1042,200,159.95
auditlog,100,1043,200,247.45
auditlog,100,1044,200,137.83
auditlog,100,1045,200,175.39
auditlog,100,1046,200,253.88
auditlog,100,1047,200,118.97
auditlog,100,1048,200,204.80
auditlog,100,1049,200,168.50
auditlog,100,1050,200,99.89
auditlog,100,1051,200,259.41
auditlog,100,1052,200,263.78
auditlog,100,1053,200,126.05
auditlog,100,1054,200,152.77
auditlog,100,1055,200,101.58
auditlog,100,1056,200,106.85
auditlog,100,1057,200,128.64
auditlog,100,1058,200,94.77
auditlog,100,1059,200,149.51
auditlog,100,1060,200,102.30
auditlog,100,1061,200,102.89
auditlog,100,1062,200,152.41
auditlog,100,1063,200,165.49
auditlog,100,1064,200,259.15
auditlog,100,1065,200,118.51
auditlog,100,1066,200,135.23
auditlog,100,1067,200,131.58
auditlog,100,1068,200,112.19
auditlog,100,1069,200,111.67
auditlog,100,1070,200,102.47
auditlog,100,1071,200,87.86
auditlog,100,1072,200,110.47
auditlog,100,1073,200,157.59
auditlog,100,1074,200,268.76
auditlog,100,1075,200,96.53
auditlog,100,1076,200,111.93
auditlog,100,1077,200,101.74
auditlog,100,1078,200,163.49
auditlog,100,1079,200,131.35
auditlog,100,1080,200,103.60
auditlog,100,1081,200,160.93
auditlog,100,1082,200,115.13
auditlog,100,1083,200,105.72
auditlog,100,1084,200,99.27
auditlog,100,1085,200,138.08
auditlog,100,1086,200,93.57
auditlog,100,1087,200,101.54
auditlog,100,1088,200,104.38
auditlog,100,1089,200,397.22
auditlog,100,1090,200,208.04
auditlog,100,1091,200,191.94
auditlog,100,1092,200,98.38
auditlog,100,1093,200,101.08
auditlog,100,1094,200,114.92
auditlog,100,1095,200,85.32
auditlog,100,1096,200,99.86
auditlog,100,1097,200,113.60
auditlog,100,1098,200,99.92
auditlog,100,1099,200,106.40
auditlog,100,1100,200,63.93
auditlog,100,1101,200,177.05
auditlog,100,1102,200,104.87
auditlog,100,1103,200,101.25
auditlog,100,1104,200,53.72
auditlog,100,1105,200,105.96
auditlog,100,1106,200,54.76
auditlog,100,1107,200,103.44
auditlog,100,1108,200,54.52
auditlog,100,1109,200,106.22
auditlog,100,1110,200,106.81
auditlog,100,1111,200,277.40
auditlog,100,1112,200,73.82
auditlog,100,1113,200,107.14
auditlog,100,1114,200,261.26
auditlog,100,1115,200,55.89
auditlog,100,1116,200,183.09
auditlog,100,1117,200,108.08
auditlog,100,1118,200,95.86
auditlog,100,1119,200,86.76
auditlog,100,1120,200,108.38
auditlog,100,1121,200,110.52
auditlog,100,1122,200,46.93
auditlog,100,1123,200,111.77
auditlog,100,1124,200,85.81
auditlog,100,1125,200,38.92
auditlog,100,1126,200,40.75
auditlog,100,1127,200,42.80
auditlog,100,1128,200,67.07
auditlog,100,1129,200,44.59
auditlog,100,1130,200,36.73
auditlog,100,1131,200,122.27
auditlog,100,1132,200,75.90
auditlog,100,1133,200,68.34
auditlog,100,1134,200,63.93
auditlog,100,1135,200,84.42
auditlog,100,1136,200,60.58
auditlog,100,1137,200,53.53
auditlog,100,1138,200,56.11
auditlog,100,1139,200,70.71
auditlog,100,1140,200,48.49
auditlog,100,1141,200,68.22
auditlog,100,1142,200,58.26
auditlog,100,1143,200,37.12
auditlog,100,1144,200,81.22
auditlog,100,1145,200,79.28
auditlog,100,1146,200,67.64
auditlog,100,1147,200,63.32
auditlog,100,1148,200,76.17
auditlog,100,1149,200,121.71
auditlog,100,1150,200,73.39
auditlog,100,1151,200,99.68
auditlog,100,1152,200,87.96
auditlog,100,1153,200,82.27
auditlog,100,1154,200,84.36
auditlog,100,1155,200,89.69
auditlog,100,1156,200,81.22
auditlog,100,1157,200,118.42
auditlog,100,1158,200,243.31
auditlog,100,1159,200,84.64
auditlog,100,1160,200,96.60
auditlog,100,1161,200,101.55
auditlog,100,1162,200,88.10
auditlog,100,1163,200,87.27
auditlog,100,1164,200,69.07
auditlog,100,1165,200,98.61
auditlog,100,1166,200,87.01
auditlog,100,1167,200,88.25
auditlog,100,1168,200,89.07
auditlog,100,1169,200,107.76
auditlog,100,1170,200,82.85
auditlog,100,1171,200,107.96
auditlog,100,1172,200,92.98
auditlog,100,1173,200,95.48
auditlog,100,1174,200,109.46
auditlog,100,1175,200,98.15
auditlog,100,1176,200,94.91
auditlog,100,1177,200,94.69
auditlog,100,1178,200,107.40
auditlog,100,1179,200,107.67
auditlog,100,1180,200,109.78
auditlog,100,1181,200,106.08
auditlog,100,1182,200,107.52
auditlog,100,1183,200,120.65
auditlog,100,1184,200,121.49
auditlog,100,1185,200,92.17
auditlog,100,1186,200,111.11
auditlog,100,1187,200,111.94
auditlog,100,1188,200,115.04
auditlog,100,1189,200,106.12
auditlog,100,1190,200,104.90
auditlog,100,1191,200,116.21
auditlog,100,1192,200,115.17
auditlog,100,1193,200,111.55
auditlog,100,1194,200,111.24
auditlog,100,1195,200,115.48
auditlog,100,1196,200,110.20
auditlog,100,1197,200,113.04
auditlog,100,1198,200,117.65
auditlog,100,1199,200,119.01
auditlog,100,1200,200,116.32
auditlog,100,1201,200,119.48
auditlog,100,1202,200,116.21
auditlog,100,1203,200,115.54
auditlog,100,1204,200,116.29
auditlog,100,1205,200,138.28
auditlog,100,1206,200,117.96
auditlog,100,1207,200,122.29
auditlog,100,1208,200,124.54
auditlog,100,1209,200,134.25
auditlog,100,1210,200,127.10
auditlog,100,1211,200,124.27
auditlog,100,1212,200,46.58
auditlog,100,1213,200,125.19
auditlog,100,1214,200,127.12
auditlog,100,1215,200,118.12
auditlog,100,1216,200,139.06
auditlog,100,1217,200,142.03
auditlog,100,1218,200,65.81
auditlog,100,1219,200,63.00
auditlog,100,1220,200,117.03
auditlog,100,1221,200,141.02
auditlog,100,1222,200,124.00
auditlog,100,1223,200,142.34
auditlog,100,1224,200,141.47
auditlog,100,1225,200,41.05
auditlog,100,1226,200,91.00
auditlog,100,1227,200,127.39
auditlog,100,1228,200,152.90
auditlog,100,1229,200,131.33
auditlog,100,1230,200,51.65
auditlog,100,1231,200,118.99
auditlog,100,1232,200,52.13
auditlog,100,1233,200,124.31
auditlog,100,1234,200,154.06
auditlog,100,1235,200,59.92
auditlog,100,1236,200,88.48
auditlog,100,1237,200,102.03
auditlog,100,1238,200,126.95
auditlog,100,1239,200,84.35
auditlog,100,1240,200,168.20
auditlog,100,1241,200,86.78
auditlog,100,1242,200,133.34
auditlog,100,1243,200,118.79
auditlog,100,1244,200,72.13
auditlog,100,1245,200,60.52
auditlog,100,1246,200,71.67
auditlog,100,1247,200,69.57
auditlog,100,1248,200,85.40
auditlog,100,1249,200,180.71
auditlog,100,1250,200,67.69
auditlog,100,1251,200,92.15
auditlog,100,1252,200,148.51
auditlog,100,1253,200,39.08
auditlog,100,1254,200,181.44
auditlog,100,1255,200,155.38
auditlog,100,1256,200,41.24
auditlog,100,1257,200,188.18
auditlog,100,1258,200,99.54
auditlog,100,1259,200,39.00
auditlog,100,1260,200,152.46
auditlog,100,1261,200,58.38
auditlog,100,1262,200,120.42
auditlog,100,1263,200,160.32
auditlog,100,1264,200,201.53
auditlog,100,1265,200,58.35
auditlog,100,1266,200,43.30
auditlog,100,1267,200,61.47
auditlog,100,1268,200,57.96
auditlog,100,1269,200,47.99
auditlog,100,1270,200,80.76
auditlog,100,1271,200,41.05
auditlog,100,1272,200,209.67
auditlog,100,1273,200,61.01
auditlog,100,1274,200,48.69
auditlog,100,1275,200,34.31
auditlog,100,1276,200,104.60
auditlog,100,1277,200,103.20
auditlog,100,1278,200,99.73
auditlog,100,1279,200,163.29
auditlog,100,1280,200,48.93
auditlog,100,1281,200,90.24
auditlog,100,1282,200,36.59
auditlog,100,1283,200,78.96
auditlog,100,1284,200,78.16
auditlog,100,1285,200,88.76
auditlog,100,1286,200,31.80
auditlog,100,1287,200,49.88
auditlog,100,1288,200,51.90
auditlog,100,1289,200,103.52
auditlog,100,1290,200,55.74
auditlog,100,1291,200,187.56
auditlog,100,1292,200,236.30
auditlog,100,1293,200,100.74
auditlog,100,1294,200,73.24
auditlog,100,1295,200,35.13
auditlog,100,1296,200,54.91
auditlog,100,1297,200,60.99
auditlog,100,1298,200,117.35
auditlog,100,1299,200,138.30
auditlog,100,1300,200,42.35
auditlog,100,1301,200,73.77
auditlog,100,1302,200,33.98
auditlog,100,1303,200,139.92
auditlog,100,1304,200,131.59
auditlog,100,1305,200,171.76
auditlog,100,1306,200,132.80
auditlog,100,1307,200,41.57
auditlog,100,1308,200,140.97
auditlog,100,1309,200,45.29
auditlog,100,1310,200,188.27
auditlog,100,1311,200,145.46
auditlog,100,1312,200,48.54
auditlog,100,1313,200,41.92
auditlog,100,1314,200,85.09
auditlog,100,1315,200,73.92
auditlog,100,1316,200,49.15
auditlog,100,1317,200,42.82
auditlog,100,1318,200,50.51
auditlog,100,1319,200,61.15
auditlog,100,1320,200,50.88
auditlog,100,1321,200,150.99
auditlog,100,1322,200,46.18
auditlog,100,1323,200,138.14
auditlog,100,1324,200,26.65
auditlog,100,1325,200,52.10
auditlog,100,1326,200,202.40
auditlog,100,1327,200,149.17
auditlog,100,1328,200,67.69
auditlog,100,1329,200,62.59
auditlog,100,1330,200,170.37
auditlog,100,1331,200,197.38
auditlog,100,1332,200,208.92
auditlog,100,1333,200,73.14
auditlog,100,1334,200,65.20
auditlog,100,1335,200,169.75
auditlog,100,1336,200,71.97
auditlog,100,1337,200,173.58
auditlog,100,1338,200,44.83
auditlog,100,1339,200,178.46
auditlog,100,1340,200,43.33
auditlog,100,1341,200,235.99
auditlog,100,1342,200,212.09
auditlog,100,1343,200,186.60
auditlog,100,1344,200,42.36
auditlog,100,1345,200,34.69
auditlog,100,1346,200,166.94
auditlog,100,1347,200,189.52
auditlog,100,1348,200,46.75
auditlog,100,1349,200,60.57
auditlog,100,1350,200,46.61
auditlog,100,1351,200,218.70
auditlog,100,1352,200,61.83
auditlog,100,1353,200,188.10
auditlog,100,1354,200,44.47
auditlog,100,1355,200,34.09
auditlog,100,1356,200,203.94
auditlog,100,1357,200,239.16
auditlog,100,1358,200,62.12
auditlog,100,1359,200,280.79
auditlog,100,1360,200,141.63
auditlog,100,1361,200,199.02
auditlog,100,1362,200,203.92
auditlog,100,1363,200,247.46
auditlog,100,1364,200,148.65
auditlog,100,1365,200,77.32
auditlog,100,1366,200,85.01
auditlog,100,1367,200,229.28
auditlog,100,1368,200,74.19
auditlog,100,1369,200,253.71
auditlog,100,1370,200,256.25
auditlog,100,1371,200,73.26
auditlog,100,1372,200,69.17
auditlog,100,1373,200,97.03
auditlog,100,1374,200,292.37
auditlog,100,1375,200,112.76
auditlog,100,1376,200,77.27
auditlog,100,1377,200,329.35
auditlog,100,1378,200,223.93
auditlog,100,1379,200,102.08
auditlog,100,1380,200,107.99
auditlog,100,1381,200,111.56
auditlog,100,1382,200,169.36
auditlog,100,1383,200,262.89
auditlog,100,1384,200,281.20
auditlog,100,1385,200,362.54
auditlog,100,1386,200,329.80
auditlog,100,1387,200,123.21
auditlog,100,1388,200,282.47
auditlog,100,1389,200,123.34
auditlog,100,1390,200,117.19
auditlog,100,1391,200,80.82
auditlog,100,1392,200,114.82
auditlog,100,1393,200,82.09
auditlog,100,1394,200,299.38
auditlog,100,1395,200,117.05
auditlog,100,1396,200,75.92
auditlog,100,1397,200,115.64
auditlog,100,1398,200,95.13
auditlog,100,1399,200,172.92
auditlog,100,1400,200,116.35
auditlog,100,1401,200,187.44
auditlog,100,1402,200,168.01
auditlog,100,1403,200,154.58
auditlog,100,1404,200,167.77
auditlog,100,1405,200,111.98
auditlog,100,1406,200,115.29
auditlog,100,1407,200,145.51
auditlog,100,1408,200,137.19
auditlog,100,1409,200,113.06
auditlog,100,1410,200,109.99
auditlog,100,1411,200,328.50
auditlog,100,1412,200,100.69
auditlog,100,1413,200,121.72
auditlog,100,1414,200,172.20
auditlog,100,1415,200,111.32
auditlog,100,1416,200,112.86
auditlog,100,1417,200,142.52
auditlog,100,1418,200,138.01
auditlog,100,1419,200,144.45
auditlog,100,1420,200,107.00
auditlog,100,1421,200,237.08
auditlog,100,1422,200,167.59
auditlog,100,1423,200,162.46
auditlog,100,1424,200,221.56
auditlog,100,1425,200,211.03
auditlog,100,1426,200,112.81
auditlog,100,1427,200,206.34
auditlog,100,1428,200,154.86
auditlog,100,1429,200,236.72
auditlog,100,1430,200,238.45
auditlog,100,1431,200,229.59
auditlog,100,1432,200,192.02
auditlog,100,1433,200,125.85
auditlog,100,1434,200,108.71
auditlog,100,1435,200,335.32
auditlog,100,1436,200,120.57
auditlog,100,1437,200,90.26
auditlog,100,1438,200,63.15
auditlog,100,1439,200,138.09
auditlog,100,1440,200,263.67
auditlog,100,1441,200,93.14
auditlog,100,1442,200,272.03
auditlog,100,1443,200,77.11
auditlog,100,1444,200,213.59
auditlog,100,1445,200,109.14
auditlog,100,1446,200,57.93
auditlog,100,1447,200,282.45
auditlog,100,1448,200,280.10
auditlog,100,1449,200,214.62
auditlog,100,1450,200,91.23
auditlog,100,1451,200,261.93
auditlog,100,1452,200,95.52
auditlog,100,1453,200,291.16
auditlog,100,1454,200,133.19
auditlog,100,1455,200,314.07
auditlog,100,1456,200,180.56
auditlog,100,1457,200,119.00
auditlog,100,1458,200,122.50
auditlog,100,1459,200,151.65
auditlog,100,1460,200,149.99
auditlog,100,1461,200,200.79
auditlog,100,1462,200,161.93
auditlog,100,1463,200,130.01
auditlog,100,1464,200,191.22
auditlog,100,1465,200,174.33
auditlog,100,1466,200,226.97
auditlog,100,1467,200,215.31
auditlog,100,1468,200,206.56
auditlog,100,1469,200,210.34
auditlog,100,1470,200,140.36
auditlog,100,1471,200,121.37
auditlog,100,1472,200,350.83
auditlog,100,1473,200,158.90
auditlog,100,1474,200,107.44
auditlog,100,1475,200,237.99
auditlog,100,1476,200,140.37
auditlog,100,1477,200,212.29
auditlog,100,1478,200,142.38
auditlog,100,1479,200,125.54
auditlog,100,1480,200,214.23
auditlog,100,1481,200,141.28
auditlog,100,1482,200,176.05
auditlog,100,1483,200,290.33
auditlog,100,1484,200,257.14
auditlog,100,1485,200,155.67
auditlog,100,1486,200,135.14
auditlog,100,1487,200,166.93
auditlog,100,1488,200,146.16
auditlog,100,1489,200,166.43
auditlog,100,1490,200,182.80
auditlog,100,1491,200,249.94
auditlog,100,1492,200,177.25
auditlog,100,1493,200,174.10
auditlog,100,1494,200,146.31
auditlog,100,1495,200,156.10
auditlog,100,1496,200,279.67
auditlog,100,1497,200,178.34
auditlog,100,1498,200,132.11
auditlog,100,1499,200,190.98
auditlog,100,1500,200,192.01
auditlog,100,1501,200,192.41
auditlog,100,1502,200,192.21
auditlog,100,1503,200,150.61
auditlog,100,1504,200,152.03
auditlog,100,1505,200,159.20
auditlog,100,1506,200,162.92
auditlog,100,1507,200,169.63
auditlog,100,1508,200,152.09
auditlog,100,1509,200,194.79
auditlog,100,1510,200,421.86
auditlog,100,1511,200,147.24
auditlog,100,1512,200,118.85
auditlog,100,1513,200,161.05
auditlog,100,1514,200,139.57
auditlog,100,1515,200,206.29
auditlog,100,1516,200,173.22
auditlog,100,1517,200,126.85
auditlog,100,1518,200,148.85
auditlog,100,1519,200,184.50
auditlog,100,1520,200,114.57
auditlog,100,1521,200,212.26
auditlog,100,1522,200,206.94
auditlog,100,1523,200,181.25
auditlog,100,1524,200,271.26
auditlog,100,1525,200,242.08
auditlog,100,1526,200,241.55
auditlog,100,1527,200,147.83
auditlog,100,1528,200,193.12
auditlog,100,1529,200,201.22
auditlog,100,1530,200,244.30
auditlog,100,1531,200,212.92
auditlog,100,1532,200,242.73
auditlog,100,1533,200,107.50
auditlog,100,1534,200,247.98
auditlog,100,1535,200,233.98
auditlog,100,1536,200,206.96
auditlog,100,1537,200,245.71
auditlog,100,1538,200,117.65
auditlog,100,1539,200,246.44
auditlog,100,1540,200,166.74
auditlog,100,1541,200,115.08
auditlog,100,1542,200,122.65
auditlog,100,1543,200,215.97
auditlog,100,1544,200,213.56
auditlog,100,1545,200,166.95
auditlog,100,1546,200,154.54
auditlog,100,1547,200,326.06
auditlog,100,1548,200,248.07
auditlog,100,1549,200,156.33
auditlog,100,1550,200,198.70
auditlog,100,1551,200,152.31
auditlog,100,1552,200,131.54
auditlog,100,1553,200,129.85
auditlog,100,1554,200,222.38
auditlog,100,1555,200,221.61
auditlog,100,1556,200,223.58
auditlog,100,1557,200,113.53
auditlog,100,1558,200,201.78
auditlog,100,1559,200,114.00
auditlog,100,1560,200,161.93
auditlog,100,1561,200,195.13
auditlog,100,1562,200,209.11
auditlog,100,1563,200,119.69
auditlog,100,1564,200,118.90
auditlog,100,1565,200,144.19
auditlog,100,1566,200,167.86
auditlog,100,1567,200,169.59
auditlog,100,1568,200,118.12
auditlog,100,1569,200,124.58
auditlog,100,1570,200,127.26
auditlog,100,1571,200,186.54
auditlog,100,1572,200,147.74
auditlog,100,1573,200,114.58
auditlog,100,1574,200,112.65
auditlog,100,1575,200,142.15
auditlog,100,1576,200,201.35
auditlog,100,1577,200,144.04
auditlog,100,1578,200,241.89
auditlog,100,1579,200,144.55
auditlog,100,1580,200,116.94
auditlog,100,1581,200,151.11
auditlog,100,1582,200,215.16
auditlog,100,1583,200,154.46
auditlog,100,1584,200,136.04
auditlog,100,1585,200,149.01
auditlog,100,1586,200,165.37
auditlog,100,1587,200,150.22
auditlog,100,1588,200,218.54
auditlog,100,1589,200,179.68
auditlog,100,1590,200,136.15
auditlog,100,1591,200,153.60
auditlog,100,1592,200,177.72
auditlog,100,1593,200,155.52
auditlog,100,1594,200,103.95
auditlog,100,1595,200,157.30
auditlog,100,1596,200,162.13
auditlog,100,1597,200,132.23
auditlog,100,1598,200,204.18
auditlog,100,1599,200,106.17
auditlog,100,1600,200,147.25
auditlog,100,1601,200,158.94
auditlog,100,1602,200,159.33
auditlog,100,1603,200,161.78
auditlog,100,1604,200,105.31
auditlog,100,1605,200,110.85
auditlog,100,1606,200,106.96
auditlog,100,1607,200,175.97
auditlog,100,1608,200,150.89
auditlog,100,1609,200,119.36
auditlog,100,1610,200,92.49
auditlog,100,1611,200,157.53
auditlog,100,1612,200,171.17
auditlog,100,1613,200,119.54
auditlog,100,1614,200,175.49
auditlog,100,1615,200,123.43
auditlog,100,1616,200,176.26
auditlog,100,1617,200,99.00
auditlog,100,1618,200,120.14
auditlog,100,1619,200,178.49
auditlog,100,1620,200,165.08
auditlog,100,1621,200,193.47
auditlog,100,1622,200,129.09
auditlog,100,1623,200,126.19
auditlog,100,1624,200,188.00
auditlog,100,1625,200,139.51
auditlog,100,1626,200,138.10
auditlog,100,1627,200,115.43
auditlog,100,1628,200,133.67
auditlog,100,1629,200,212.04
auditlog,100,1630,200,134.84
auditlog,100,1631,200,205.66
auditlog,100,1632,200,192.25
auditlog,100,1633,200,205.69
auditlog,100,1634,200,136.65
auditlog,100,1635,200,138.87
auditlog,100,1636,200,143.32
auditlog,100,1637,200,198.82
auditlog,100,1638,200,212.12
auditlog,100,1639,200,141.75
auditlog,100,1640,200,144.55
auditlog,100,1641,200,143.49
auditlog,100,1642,200,111.50
auditlog,100,1643,200,146.21
auditlog,100,1644,200,200.06
auditlog,100,1645,200,114.84
auditlog,100,1646,200,104.44
auditlog,100,1647,200,191.81
auditlog,100,1648,200,132.07
auditlog,100,1649,200,131.44
auditlog,100,1650,200,113.99
auditlog,100,1651,200,152.51
auditlog,100,1652,200,194.02
auditlog,100,1653,200,198.83
auditlog,100,1654,200,112.44
auditlog,100,1655,200,156.97
auditlog,100,1656,200,115.60
auditlog,100,1657,200,112.56
auditlog,100,1658,200,155.27
auditlog,100,1659,200,210.23
auditlog,100,1660,200,157.53
auditlog,100,1661,200,100.27
auditlog,100,1662,200,157.18
auditlog,100,1663,200,96.92
auditlog,100,1664,200,115.09
auditlog,100,1665,200,163.47
auditlog,100,1666,200,78.08
auditlog,100,1667,200,115.37
auditlog,100,1668,200,78.29
auditlog,100,1669,200,87.10
auditlog,100,1670,200,113.94
auditlog,100,1671,200,162.06
auditlog,100,1672,200,111.51
auditlog,100,1673,200,120.61
auditlog,100,1674,200,84.55
auditlog,100,1675,200,64.82
auditlog,100,1676,200,65.61
auditlog,100,1677,200,91.63
auditlog,100,1678,200,59.69
auditlog,100,1679,200,81.59
auditlog,100,1680,200,61.90
auditlog,100,1681,200,67.31
auditlog,100,1682,200,86.65
auditlog,100,1683,200,87.53
auditlog,100,1684,200,107.49
auditlog,100,1685,200,91.24
auditlog,100,1686,200,102.68
auditlog,100,1687,200,48.81
auditlog,100,1688,200,67.80
auditlog,100,1689,200,68.57
auditlog,100,1690,200,87.13
auditlog,100,1691,200,87.57
auditlog,100,1692,200,42.29
auditlog,100,1693,200,83.86
auditlog,100,1694,200,46.44
auditlog,100,1695,200,62.90
auditlog,100,1696,200,40.85
auditlog,100,1697,200,61.44
auditlog,100,1698,200,51.10
auditlog,100,1699,200,95.28
auditlog,100,1700,200,67.23
auditlog,100,1701,200,69.00
auditlog,100,1702,200,44.04
auditlog,100,1703,200,48.52
auditlog,100,1704,200,72.97
auditlog,100,1705,200,53.99
auditlog,100,1706,200,54.60
auditlog,100,1707,200,60.78
auditlog,100,1708,200,82.16
auditlog,100,1709,200,75.40
auditlog,100,1710,200,57.21
auditlog,100,1711,200,45.58
auditlog,100,1712,200,83.35
auditlog,100,1713,200,53.58
auditlog,100,1714,200,63.03
auditlog,100,1715,200,46.77
auditlog,100,1716,200,59.51
auditlog,100,1717,200,93.00
auditlog,100,1718,200,86.57
auditlog,100,1719,200,96.25
auditlog,100,1720,200,98.00
auditlog,100,1721,200,97.27
auditlog,100,1722,200,65.98
auditlog,100,1723,200,61.64
auditlog,100,1724,200,99.14
auditlog,100,1725,200,58.25
auditlog,100,1726,200,72.26
auditlog,100,1727,200,53.38
auditlog,100,1728,200,104.20
auditlog,100,1729,200,72.49
auditlog,100,1730,200,77.94
auditlog,100,1731,200,84.52
auditlog,100,1732,200,70.48
auditlog,100,1733,200,65.43
auditlog,100,1734,200,72.80
auditlog,100,1735,200,71.81
auditlog,100,1736,200,53.74
auditlog,100,1737,200,96.04
auditlog,100,1738,200,74.48
auditlog,100,1739,200,70.72
auditlog,100,1740,200,63.88
auditlog,100,1741,200,83.28
auditlog,100,1742,200,79.32
auditlog,100,1743,200,83.84
auditlog,100,1744,200,125.94
auditlog,100,1745,200,95.10
auditlog,100,1746,200,84.84
auditlog,100,1747,200,80.17
auditlog,100,1748,200,85.89
auditlog,100,1749,200,114.00
auditlog,100,1750,200,91.88
auditlog,100,1751,200,47.37
auditlog,100,1752,200,93.77
auditlog,100,1753,200,88.58
auditlog,100,1754,200,148.42
auditlog,100,1755,200,100.09
auditlog,100,1756,200,95.13
auditlog,100,1757,200,91.27
auditlog,100,1758,200,101.17
auditlog,100,1759,200,84.93
auditlog,100,1760,200,96.74
auditlog,100,1761,200,139.04
auditlog,100,1762,200,94.71
auditlog,100,1763,200,100.44
auditlog,100,1764,200,106.13
auditlog,100,1765,200,124.61
auditlog,100,1766,200,103.51
auditlog,100,1767,200,107.65
auditlog,100,1768,200,105.91
auditlog,100,1769,200,89.50
auditlog,100,1770,200,100.04
auditlog,100,1771,200,92.26
auditlog,100,1772,200,140.07
auditlog,100,1773,200,115.23
auditlog,100,1774,200,173.87
auditlog,100,1775,200,46.97
auditlog,100,1776,200,130.67
auditlog,100,1777,200,83.13
auditlog,100,1778,200,86.02
auditlog,100,1779,200,127.51
auditlog,100,1780,200,95.55
auditlog,100,1781,200,97.64
auditlog,100,1782,200,92.64
auditlog,100,1783,200,150.97
auditlog,100,1784,200,192.21
auditlog,100,1785,200,107.54
auditlog,100,1786,200,143.07
auditlog,100,1787,200,108.57
auditlog,100,1788,200,90.68
auditlog,100,1789,200,97.42
auditlog,100,1790,200,61.59
auditlog,100,1791,200,165.60
auditlog,100,1792,200,142.83
auditlog,100,1793,200,158.48
auditlog,100,1794,200,138.61
auditlog,100,1795,200,111.67
auditlog,100,1796,200,130.49
auditlog,100,1797,200,157.81
auditlog,100,1798,200,110.56
auditlog,100,1799,200,86.79
auditlog,100,1800,200,110.03
auditlog,100,1801,200,151.72
auditlog,100,1802,200,105.07
auditlog,100,1803,200,151.09
auditlog,100,1804,200,156.04
auditlog,100,1805,200,66.62
auditlog,100,1806,200,113.41
auditlog,100,1807,200,160.65
auditlog,100,1808,200,164.40
auditlog,100,1809,200,173.27
auditlog,100,1810,200,168.16
auditlog,100,1811,200,178.15
auditlog,100,1812,200,169.73
auditlog,100,1813,200,134.48
auditlog,100,1814,200,143.56
auditlog,100,1815,200,180.14
auditlog,100,1816,200,153.69
auditlog,100,1817,200,210.11
auditlog,100,1818,200,118.14
auditlog,100,1819,200,184.46
auditlog,100,1820,200,180.93
auditlog,100,1821,200,170.73
auditlog,100,1822,200,117.88
auditlog,100,1823,200,141.89
auditlog,100,1824,200,155.28
auditlog,100,1825,200,100.31
auditlog,100,1826,200,182.66
auditlog,100,1827,200,180.33
auditlog,100,1828,200,184.73
auditlog,100,1829,200,199.66
auditlog,100,1830,200,119.70
auditlog,100,1831,200,94.84
auditlog,100,1832,200,155.75
auditlog,100,1833,200,131.61
auditlog,100,1834,200,181.94
auditlog,100,1835,200,97.35
auditlog,100,1836,200,58.64
auditlog,100,1837,200,121.08
auditlog,100,1838,200,74.15
auditlog,100,1839,200,120.53
auditlog,100,1840,200,126.88
auditlog,100,1841,200,135.64
auditlog,100,1842,200,59.87
auditlog,100,1843,200,199.82
auditlog,100,1844,200,110.31
auditlog,100,1845,200,141.89
auditlog,100,1846,200,111.68
auditlog,100,1847,200,66.61
auditlog,100,1848,200,102.31
auditlog,100,1849,200,100.83
auditlog,100,1850,200,105.23
auditlog,100,1851,200,163.20
auditlog,100,1852,200,127.39
auditlog,100,1853,200,223.55
auditlog,100,1854,200,118.65
auditlog,100,1855,200,94.33
auditlog,100,1856,200,121.00
auditlog,100,1857,200,208.58
auditlog,100,1858,200,79.02
auditlog,100,1859,200,85.53
auditlog,100,1860,200,130.09
auditlog,100,1861,200,142.98
auditlog,100,1862,200,161.15
auditlog,100,1863,200,229.41
auditlog,100,1864,200,80.29
auditlog,100,1865,200,82.09
auditlog,100,1866,200,98.87
auditlog,100,1867,200,134.57
auditlog,100,1868,200,151.97
auditlog,100,1869,200,82.93
auditlog,100,1870,200,98.61
auditlog,100,1871,200,136.25
auditlog,100,1872,200,99.10
auditlog,100,1873,200,76.57
auditlog,100,1874,200,103.57
auditlog,100,1875,200,101.29
auditlog,100,1876,200,104.05
auditlog,100,1877,200,144.39
auditlog,100,1878,200,165.86
auditlog,100,1879,200,163.03
auditlog,100,1880,200,114.12
auditlog,100,1881,200,54.87
auditlog,100,1882,200,149.43
auditlog,100,1883,200,89.90
auditlog,100,1884,200,125.87
auditlog,100,1885,200,143.49
auditlog,100,1886,200,90.30
auditlog,100,1887,200,90.47
auditlog,100,1888,200,105.07
auditlog,100,1889,200,127.15
auditlog,100,1890,200,91.00
auditlog,100,1891,200,92.90
auditlog,100,1892,200,42.82
auditlog,100,1893,200,91.08
auditlog,100,1894,200,68.87
auditlog,100,1895,200,88.60
auditlog,100,1896,200,65.92
auditlog,100,1897,200,116.10
auditlog,100,1898,200,65.96
auditlog,100,1899,200,84.21
auditlog,100,1900,200,102.25
auditlog,100,1901,200,172.31
auditlog,100,1902,200,53.38
auditlog,100,1903,200,57.53
auditlog,100,1904,200,159.44
auditlog,100,1905,200,72.28
auditlog,100,1906,200,74.44
auditlog,100,1907,200,159.26
auditlog,100,1908,200,74.23
auditlog,100,1909,200,158.14
auditlog,100,1910,200,62.82
auditlog,100,1911,200,84.32
auditlog,100,1912,200,160.44
auditlog,100,1913,200,194.80
auditlog,100,1914,200,86.00
auditlog,100,1915,200,133.77
auditlog,100,1916,200,104.00
auditlog,100,1917,200,190.79
auditlog,100,1918,200,94.81
auditlog,100,1919,200,118.24
auditlog,100,1920,200,193.37
auditlog,100,1921,200,129.39
auditlog,100,1922,200,114.98
auditlog,100,1923,200,115.98
auditlog,100,1924,200,120.40
auditlog,100,1925,200,122.71
auditlog,100,1926,200,204.68
auditlog,100,1927,200,123.23
auditlog,100,1928,200,103.83
auditlog,100,1929,200,86.51
auditlog,100,1930,200,167.52
auditlog,100,1931,200,122.20
auditlog,100,1932,200,164.67
auditlog,100,1933,200,130.85
auditlog,100,1934,200,130.11
auditlog,100,1935,200,91.32
auditlog,100,1936,200,84.68
auditlog,100,1937,200,102.10
auditlog,100,1938,200,101.36
auditlog,100,1939,200,78.45
auditlog,100,1940,200,137.06
auditlog,100,1941,200,119.77
auditlog,100,1942,200,141.34
auditlog,100,1943,200,147.35
auditlog,100,1944,200,96.70
auditlog,100,1945,200,134.11
auditlog,100,1946,200,94.35
auditlog,100,1947,200,151.13
auditlog,100,1948,200,113.58
auditlog,100,1949,200,134.84
auditlog,100,1950,200,94.28
auditlog,100,1951,200,99.23
auditlog,100,1952,200,97.76
auditlog,100,1953,200,96.88
auditlog,100,1954,200,134.37
auditlog,100,1955,200,100.38
auditlog,100,1956,200,153.39
auditlog,100,1957,200,135.67
auditlog,100,1958,200,118.63
auditlog,100,1959,200,105.61
auditlog,100,1960,200,103.21
auditlog,100,1961,200,110.11
auditlog,100,1962,200,159.24
auditlog,100,1963,200,112.15
auditlog,100,1964,200,124.59
auditlog,100,1965,200,102.15
auditlog,100,1966,200,161.36
auditlog,100,1967,200,107.25
auditlog,100,1968,200,125.30
auditlog,100,1969,200,104.66
auditlog,100,1970,200,111.62
auditlog,100,1971,200,143.63
auditlog,100,1972,200,162.01
auditlog,100,1973,200,95.80
auditlog,100,1974,200,104.49
auditlog,100,1975,200,132.89
auditlog,100,1976,200,101.64
auditlog,100,1977,200,110.12
auditlog,100,1978,200,108.44
auditlog,100,1979,200,134.45
auditlog,100,1980,200,111.03
auditlog,100,1981,200,113.25
auditlog,100,1982,200,114.69
auditlog,100,1983,200,155.45
auditlog,100,1984,200,134.21
auditlog,100,1985,200,113.38
auditlog,100,1986,200,123.84
auditlog,100,1987,200,121.65
auditlog,100,1988,200,111.02
auditlog,100,1989,200,117.77
auditlog,100,1990,200,115.30
auditlog,100,1991,200,139.94
auditlog,100,1992,200,157.94
auditlog,100,1993,200,117.87
auditlog,100,1994,200,113.15
auditlog,100,1995,200,122.06
auditlog,100,1996,200,110.35
auditlog,100,1997,200,122.31
auditlog,100,1998,200,161.29
auditlog,100,1999,200,117.33
auditlog,200,0,200,57.53
auditlog,200,1,200,60.33
auditlog,200,2,200,60.82
auditlog,200,3,200,61.79
auditlog,200,4,200,61.73
auditlog,200,5,200,62.57
auditlog,200,6,200,67.00
auditlog,200,7,200,77.31
auditlog,200,8,200,77.35
auditlog,200,9,200,68.28
auditlog,200,10,200,78.45
auditlog,200,11,200,78.37
auditlog,200,12,200,79.24
auditlog,200,13,200,84.91
auditlog,200,14,200,88.62
auditlog,200,15,200,88.89
auditlog,200,16,200,76.93
auditlog,200,17,200,82.35
auditlog,200,18,200,89.89
auditlog,200,19,200,95.05
auditlog,200,20,200,111.61
auditlog,200,21,200,112.97
auditlog,200,22,200,113.23
auditlog,200,23,200,113.38
auditlog,200,24,200,101.86
auditlog,200,25,200,105.60
auditlog,200,26,200,110.23
auditlog,200,27,200,116.19
auditlog,200,28,200,116.31
auditlog,200,29,200,116.81
auditlog,200,30,200,117.40
auditlog,200,31,200,117.18
auditlog,200,32,200,117.73
auditlog,200,33,200,118.26
auditlog,200,34,200,117.35
auditlog,200,35,200,118.48
auditlog,200,36,200,118.50
auditlog,200,37,200,118.84
auditlog,200,38,200,119.56
auditlog,200,39,200,119.20
auditlog,200,40,200,122.27
auditlog,200,41,200,128.35
auditlog,200,42,200,128.79
auditlog,200,43,200,69.84
auditlog,200,44,200,130.27
auditlog,200,45,200,142.20
auditlog,200,46,200,142.02
auditlog,200,47,200,149.79
auditlog,200,48,200,156.62
auditlog,200,49,200,98.60
auditlog,200,50,200,178.70
auditlog,200,51,200,169.84
auditlog,200,52,200,181.70
auditlog,200,53,200,181.84
auditlog,200,54,200,182.93
auditlog,200,55,200,181.88
auditlog,200,56,200,176.73
auditlog,200,57,200,183.95
auditlog,200,58,200,177.22
auditlog,200,59,200,184.04
auditlog,200,60,200,183.81
auditlog,200,61,200,184.45
auditlog,200,62,200,187.57
auditlog,200,63,200,192.63
auditlog,200,64,200,199.72
auditlog,200,65,200,195.37
auditlog,200,66,200,208.18
auditlog,200,67,200,211.61
auditlog,200,68,200,219.48
auditlog,200,69,200,210.14
auditlog,200,70,200,217.23
auditlog,200,71,200,219.88
auditlog,200,72,200,132.58
auditlog,200,73,200,102.61
auditlog,200,74,200,205.77
auditlog,200,75,200,212.21
auditlog,200,76,200,218.90
auditlog,200,77,200,221.10
auditlog,200,78,200,221.59
auditlog,200,79,200,95.18
auditlog,200,80,200,232.37
auditlog,200,81,200,237.23
auditlog,200,82,200,238.91
auditlog,200,83,200,253.35
auditlog,200,84,200,244.36
auditlog,200,85,200,254.49
auditlog,200,86,200,255.28
auditlog,200,87,200,244.98
auditlog,200,88,200,255.01
auditlog,200,89,200,255.27
auditlog,200,90,200,257.22
auditlog,200,91,200,258.84
auditlog,200,92,200,146.19
auditlog,200,93,200,246.97
auditlog,200,94,200,254.99
auditlog,200,95,200,260.22
auditlog,200,96,200,253.94
auditlog,200,97,200,262.79
auditlog,200,98,200,264.42
auditlog,200,99,200,265.14
auditlog,200,100,200,264.27
auditlog,200,101,200,265.02
auditlog,200,102,200,264.86
auditlog,200,103,200,268.25
auditlog,200,104,200,268.64
auditlog,200,105,200,267.41
auditlog,200,106,200,262.44
auditlog,200,107,200,276.78
auditlog,200,108,200,276.83
auditlog,200,109,200,277.23
auditlog,200,110,200,277.45
auditlog,200,111,200,271.83
auditlog,200,112,200,204.40
auditlog,200,113,200,280.66
auditlog,200,114,200,167.93
auditlog,200,115,200,280.26
auditlog,200,116,200,295.62
auditlog,200,117,200,201.75
auditlog,200,118,200,304.01
auditlog,200,119,200,314.60
auditlog,200,120,200,330.55
auditlog,200,121,200,323.58
auditlog,200,122,200,255.42
auditlog,200,123,200,327.72
auditlog,200,124,200,327.67
auditlog,200,125,200,340.13
auditlog,200,126,200,339.69
auditlog,200,127,200,274.66
auditlog,200,128,200,346.50
auditlog,200,129,200,337.28
auditlog,200,130,200,342.63
auditlog,200,131,200,348.30
auditlog,200,132,200,359.61
auditlog,200,133,200,361.35
auditlog,200,134,200,355.33
auditlog,200,135,200,362.70
auditlog,200,136,200,361.09
auditlog,200,137,200,361.18
auditlog,200,138,200,365.30
auditlog,200,139,200,355.24
auditlog,200,140,200,369.07
auditlog,200,141,200,370.32
auditlog,200,142,200,364.54
auditlog,200,143,200,367.63
auditlog,200,144,200,248.34
auditlog,200,145,200,367.62
auditlog,200,146,200,316.58
auditlog,200,147,200,358.27
auditlog,200,148,200,261.69
auditlog,200,149,200,370.45
auditlog,200,150,200,377.24
auditlog,200,151,200,306.06
auditlog,200,152,200,380.94
auditlog,200,153,200,382.25
auditlog,200,154,200,373.40
auditlog,200,155,200,113.14
auditlog,200,156,200,373.00
auditlog,200,157,200,212.06
auditlog,200,158,200,382.32
auditlog,200,159,200,273.71
auditlog,200,160,200,378.03
auditlog,200,161,200,172.40
auditlog,200,162,200,377.65
auditlog,200,163,200,128.51
auditlog,200,164,200,387.40
auditlog,200,165,200,401.71
auditlog,200,166,200,291.51
auditlog,200,167,200,336.01
auditlog,200,168,200,420.24
auditlog,200,169,200,304.05
auditlog,200,170,200,364.75
auditlog,200,171,200,270.74
auditlog,200,172,200,298.06
auditlog,200,173,200,431.86
auditlog,200,174,200,217.73
auditlog,200,175,200,427.01
auditlog,200,176,200,352.39
auditlog,200,177,200,448.99
auditlog,200,178,200,443.54
auditlog,200,179,200,453.90
auditlog,200,180,200,235.23
auditlog,200,181,200,443.89
auditlog,200,182,200,178.66
auditlog,200,183,200,453.32
auditlog,200,184,200,454.79
auditlog,200,185,200,80.90
auditlog,200,186,200,78.51
auditlog,200,187,200,78.18
auditlog,200,188,200,77.31
auditlog,200,189,200,77.19
auditlog,200,190,200,76.76
auditlog,200,191,200,69.34
auditlog,200,192,200,73.28
auditlog,200,193,200,73.45
auditlog,200,194,200,73.44
auditlog,200,195,200,73.46
auditlog,200,196,200,73.41
auditlog,200,197,200,70.95
auditlog,200,198,200,65.51
auditlog,200,199,200,455.33
auditlog,200,200,200,211.79
auditlog,200,201,200,212.44
auditlog,200,202,200,216.56
auditlog,200,203,200,206.42
auditlog,200,204,200,193.96
auditlog,200,205,200,413.48
auditlog,200,206,200,316.50
auditlog,200,207,200,472.68
auditlog,200,208,200,218.64
auditlog,200,209,200,252.23
auditlog,200,210,200,141.62
auditlog,200,211,200,261.68
auditlog,200,212,200,120.93
auditlog,200,213,200,282.26
auditlog,200,214,200,156.45
auditlog,200,215,200,143.94
auditlog,200,216,200,296.20
auditlog,200,217,200,295.59
auditlog,200,218,200,110.45
auditlog,200,219,200,481.13
auditlog,200,220,200,122.04
auditlog,200,221,200,264.88
auditlog,200,222,200,127.55
auditlog,200,223,200,117.63
auditlog,200,224,200,267.05
auditlog,200,225,200,329.99
auditlog,200,226,200,270.43
auditlog,200,227,200,121.43
auditlog,200,228,200,416.79
auditlog,200,229,200,482.20
auditlog,200,230,200,406.79
auditlog,200,231,200,124.73
auditlog,200,232,200,353.51
auditlog,200,233,200,215.17
auditlog,200,234,200,225.12
auditlog,200,235,200,482.47
auditlog,200,236,200,481.96
auditlog,200,237,200,420.53
auditlog,200,238,200,380.95
auditlog,200,239,200,216.97
auditlog,200,240,200,223.02
auditlog,200,241,200,488.60
auditlog,200,242,200,293.34
auditlog,200,243,200,489.94
auditlog,200,244,200,393.46
auditlog,200,245,200,491.34
auditlog,200,246,200,328.21
auditlog,200,247,200,135.40
auditlog,200,248,200,136.15
auditlog,200,249,200,243.16
auditlog,200,250,200,396.91
auditlog,200,251,200,325.49
auditlog,200,252,200,249.44
auditlog,200,253,200,394.13
auditlog,200,254,200,250.78
auditlog,200,255,200,444.99
auditlog,200,256,200,423.37
auditlog,200,257,200,230.70
auditlog,200,258,200,510.32
auditlog,200,259,200,51.95
auditlog,200,260,200,127.37
auditlog,200,261,200,120.85
auditlog,200,262,200,383.34
auditlog,200,263,200,507.18
auditlog,200,264,200,294.39
auditlog,200,265,200,92.88
auditlog,200,266,200,427.24
auditlog,200,267,200,502.67
auditlog,200,268,200,255.55
auditlog,200,269,200,64.71
auditlog,200,270,200,95.43
auditlog,200,271,200,427.36
auditlog,200,272,200,398.97
auditlog,200,273,200,246.32
auditlog,200,274,200,509.11
auditlog,200,275,200,77.03
auditlog,200,276,200,512.01
auditlog,200,277,200,253.65
auditlog,200,278,200,513.92
auditlog,200,279,200,135.96
auditlog,200,280,200,506.72
auditlog,200,281,200,459.48
auditlog,200,282,200,389.44
auditlog,200,283,200,60.52
auditlog,200,284,200,69.44
auditlog,200,285,200,264.76
auditlog,200,286,200,507.05
auditlog,200,287,200,504.33
auditlog,200,288,200,92.99
auditlog,200,289,200,335.61
auditlog,200,290,200,55.18
auditlog,200,291,200,510.69
auditlog,200,292,200,60.75
auditlog,200,293,200,47.49
auditlog,200,294,200,54.96
auditlog,200,295,200,63.92
auditlog,200,296,200,51.79
auditlog,200,297,200,66.73
auditlog,200,298,200,344.25
auditlog,200,299,200,261.03
auditlog,200,300,200,328.22
auditlog,200,301,200,74.66
auditlog,200,302,200,70.88
auditlog,200,303,200,85.87
auditlog,200,304,200,72.22
auditlog,200,305,200,345.07
auditlog,200,306,200,214.22
auditlog,200,307,200,60.14
auditlog,200,308,200,85.58
auditlog,200,309,200,534.14
auditlog,200,310,200,432.92
auditlog,200,311,200,533.75
auditlog,200,312,200,99.09
auditlog,200,313,200,450.30
auditlog,200,314,200,577.16
auditlog,200,315,200,342.20
auditlog,200,316,200,575.00
auditlog,200,317,200,361.89
auditlog,200,318,200,100.23
auditlog,200,319,200,163.12
auditlog,200,320,200,92.02
auditlog,200,321,200,89.71
auditlog,200,322,200,570.42
auditlog,200,323,200,404.99
auditlog,200,324,200,203.16
auditlog,200,325,200,98.29
auditlog,200,326,200,63.66
auditlog,200,327,200,234.23
auditlog,200,328,200,79.79
auditlog,200,329,200,128.74
auditlog,200,330,200,94.03
auditlog,200,331,200,114.61
auditlog,200,332,200,148.10
auditlog,200,333,200,92.29
auditlog,200,334,200,94.10
auditlog,200,335,200,579.70
auditlog,200,336,200,100.24
auditlog,200,337,200,311.54
auditlog,200,338,200,583.45
auditlog,200,339,200,583.47
auditlog,200,340,200,408.80
auditlog,200,341,200,94.58
auditlog,200,342,200,102.15
auditlog,200,343,200,579.66
auditlog,200,344,200,112.05
auditlog,200,345,200,312.90
auditlog,200,346,200,94.86
auditlog,200,347,200,95.55
auditlog,200,348,200,96.93
auditlog,200,349,200,170.16
auditlog,200,350,200,117.55
auditlog,200,351,200,109.52
auditlog,200,352,200,87.02
auditlog,200,353,200,101.35
auditlog,200,354,200,592.51
auditlog,200,355,200,98.98
auditlog,200,356,200,105.19
auditlog,200,357,200,606.28
auditlog,200,358,200,99.80
auditlog,200,359,200,600.75
auditlog,200,360,200,119.82
auditlog,200,361,200,97.00
auditlog,200,362,200,614.00
auditlog,200,363,200,503.72
auditlog,200,364,200,139.92
auditlog,200,365,200,616.83
auditlog,200,366,200,108.95
auditlog,200,367,200,120.06
auditlog,200,368,200,118.73
auditlog,200,369,200,101.28
auditlog,200,370,200,510.16
auditlog,200,371,200,624.86
auditlog,200,372,200,104.17
auditlog,200,373,200,105.79
auditlog,200,374,200,112.11
auditlog,200,375,200,626.22
auditlog,200,376,200,636.94
auditlog,200,377,200,122.67
auditlog,200,378,200,137.89
auditlog,200,379,200,629.82
auditlog,200,380,200,125.34
auditlog,200,381,200,128.96
auditlog,200,382,200,105.32
auditlog,200,383,200,641.11
auditlog,200,384,200,139.43
auditlog,200,385,200,142.98
auditlog,200,386,200,644.29
auditlog,200,387,200,145.22
auditlog,200,388,200,140.17
auditlog,200,389,200,647.28
auditlog,200,390,200,652.22
auditlog,200,391,200,152.89
auditlog,200,392,200,142.88
auditlog,200,393,200,151.74
auditlog,200,394,200,657.19
auditlog,200,395,200,141.66
auditlog,200,396,200,136.02
auditlog,200,397,200,113.50
auditlog,200,398,200,142.54
auditlog,200,399,200,131.63
auditlog,200,400,200,142.06
auditlog,200,401,200,148.80
auditlog,200,402,200,657.70
auditlog,200,403,200,162.27
auditlog,200,404,200,79.53
auditlog,200,405,200,144.58
auditlog,200,406,200,151.70
auditlog,200,407,200,85.28
auditlog,200,408,200,163.97
auditlog,200,409,200,132.58
auditlog,200,410,200,92.50
auditlog,200,411,200,164.20
auditlog,200,412,200,177.37
auditlog,200,413,200,142.54
auditlog,200,414,200,193.39
auditlog,200,415,200,474.69
auditlog,200,416,200,108.59
auditlog,200,417,200,227.41
auditlog,200,418,200,183.66
auditlog,200,419,200,196.32
auditlog,200,420,200,199.57
auditlog,200,421,200,193.89
auditlog,200,422,200,198.48
auditlog,200,423,200,227.26
auditlog,200,424,200,201.55
auditlog,200,425,200,590.70
auditlog,200,426,200,234.91
auditlog,200,427,200,100.15
auditlog,200,428,200,213.45
auditlog,200,429,200,216.76
auditlog,200,430,200,187.03
auditlog,200,431,200,532.92
auditlog,200,432,200,250.19
auditlog,200,433,200,134.22
auditlog,200,434,200,257.56
auditlog,200,435,200,250.61
auditlog,200,436,200,138.58
auditlog,200,437,200,251.92
auditlog,200,438,200,325.14
auditlog,200,439,200,252.08
auditlog,200,440,200,269.54
auditlog,200,441,200,257.80
auditlog,200,442,200,105.42
auditlog,200,443,200,252.85
auditlog,200,444,200,145.60
auditlog,200,445,200,157.39
auditlog,200,446,200,154.70
auditlog,200,447,200,108.23
auditlog,200,448,200,126.12
auditlog,200,449,200,64.64
auditlog,200,450,200,284.04
auditlog,200,451,200,206.78
auditlog,200,452,200,89.23
auditlog,200,453,200,286.54
auditlog,200,454,200,87.25
auditlog,200,455,200,128.01
auditlog,200,456,200,283.02
auditlog,200,457,200,166.84
auditlog,200,458,200,340.50
auditlog,200,459,200,116.72
auditlog,200,460,200,329.19
auditlog,200,461,200,783.87
auditlog,200,462,200,259.66
auditlog,200,463,200,583.63
auditlog,200,464,200,471.93
auditlog,200,465,200,177.27
auditlog,200,466,200,178.88
auditlog,200,467,200,554.23
auditlog,200,468,200,375.89
auditlog,200,469,200,582.06
auditlog,200,470,200,368.01
auditlog,200,471,200,150.06
auditlog,200,472,200,384.43
auditlog,200,473,200,412.74
auditlog,200,474,200,197.90
auditlog,200,475,200,395.10
auditlog,200,476,200,382.08
auditlog,200,477,200,587.38
auditlog,200,478,200,368.81
auditlog,200,479,200,323.81
auditlog,200,480,200,584.28
auditlog,200,481,200,218.71
auditlog,200,482,200,331.61
auditlog,200,483,200,187.33
auditlog,200,484,200,394.75
auditlog,200,485,200,586.09
auditlog,200,486,200,231.14
auditlog,200,487,200,730.05
auditlog,200,488,200,580.89
auditlog,200,489,200,123.97
auditlog,200,490,200,478.71
auditlog,200,491,200,137.52
auditlog,200,492,200,867.43
auditlog,200,493,200,521.08
auditlog,200,494,200,235.05
auditlog,200,495,200,594.99
auditlog,200,496,200,539.25
auditlog,200,497,200,671.53
auditlog,200,498,200,239.72
auditlog,200,499,200,183.43
auditlog,200,500,200,225.82
auditlog,200,501,200,532.26
auditlog,200,502,200,242.65
auditlog,200,503,200,245.11
auditlog,200,504,200,708.59
auditlog,200,505,200,275.38
auditlog,200,506,200,229.99
auditlog,200,507,200,175.91
auditlog,200,508,200,532.74
auditlog,200,509,200,246.42
auditlog,200,510,200,719.29
auditlog,200,511,200,152.65
auditlog,200,512,200,197.04
auditlog,200,513,200,711.06
auditlog,200,514,200,280.06
auditlog,200,515,200,187.32
auditlog,200,516,200,646.69
auditlog,200,517,200,386.84
auditlog,200,518,200,169.23
auditlog,200,519,200,537.95
auditlog,200,520,200,574.10
auditlog,200,521,200,229.31
auditlog,200,522,200,764.62
auditlog,200,523,200,556.53
auditlog,200,524,200,538.04
auditlog,200,525,200,193.99
auditlog,200,526,200,155.75
auditlog,200,527,200,320.77
auditlog,200,528,200,535.53
auditlog,200,529,200,253.79
auditlog,200,530,200,193.12
auditlog,200,531,200,200.74
auditlog,200,532,200,254.21
auditlog,200,533,200,398.94
auditlog,200,534,200,296.33
auditlog,200,535,200,254.03
auditlog,200,536,200,392.70
auditlog,200,537,200,186.74
auditlog,200,538,200,113.84
auditlog,200,539,200,122.19
auditlog,200,540,200,187.40
auditlog,200,541,200,300.55
auditlog,200,542,200,562.65
auditlog,200,543,200,331.18
auditlog,200,544,200,588.71
auditlog,200,545,200,327.86
auditlog,200,546,200,370.56
auditlog,200,547,200,405.19
auditlog,200,548,200,405.90
auditlog,200,549,200,402.06
auditlog,200,550,200,660.46
auditlog,200,551,200,684.90
auditlog,200,552,200,330.95
auditlog,200,553,200,804.40
auditlog,200,554,200,587.04
auditlog,200,555,200,304.60
auditlog,200,556,200,400.95
auditlog,200,557,200,699.48
auditlog,200,558,200,413.37
auditlog,200,559,200,167.68
auditlog,200,560,200,568.45
auditlog,200,561,200,117.43
auditlog,200,562,200,336.64
auditlog,200,563,200,327.87
auditlog,200,564,200,322.87
auditlog,200,565,200,170.82
auditlog,200,566,200,169.79
auditlog,200,567,200,341.49
auditlog,200,568,200,186.04
auditlog,200,569,200,245.68
auditlog,200,570,200,172.24
auditlog,200,571,200,581.46
auditlog,200,572,200,167.11
auditlog,200,573,200,411.44
auditlog,200,574,200,334.49
auditlog,200,575,200,655.70
auditlog,200,576,200,195.92
auditlog,200,577,200,337.77
auditlog,200,578,200,339.32
auditlog,200,579,200,251.08
auditlog,200,580,200,173.45
auditlog,200,581,200,409.67
auditlog,200,582,200,201.38
auditlog,200,583,200,342.39
auditlog,200,584,200,85.01
auditlog,200,585,200,407.79
auditlog,200,586,200,609.26
auditlog,200,587,200,84.62
auditlog,200,588,200,84.56
auditlog,200,589,200,202.90
auditlog,200,590,200,85.31
auditlog,200,591,200,315.36
auditlog,200,592,200,95.38
auditlog,200,593,200,180.51
auditlog,200,594,200,96.39
auditlog,200,595,200,332.61
auditlog,200,596,200,92.86
auditlog,200,597,200,42.67
auditlog,200,598,200,96.58
auditlog,200,599,200,85.91
auditlog,200,600,200,41.10
auditlog,200,601,200,349.68
auditlog,200,602,200,92.46
auditlog,200,603,200,100.78
auditlog,200,604,200,52.23
auditlog,200,605,200,276.62
auditlog,200,606,200,321.04
auditlog,200,607,200,100.86
auditlog,200,608,200,337.65
auditlog,200,609,200,45.96
auditlog,200,610,200,373.08
auditlog,200,611,200,244.14
auditlog,200,612,200,94.72
auditlog,200,613,200,38.98
auditlog,200,614,200,100.35
auditlog,200,615,200,422.95
auditlog,200,616,200,104.92
auditlog,200,617,200,66.62
auditlog,200,618,200,55.45
auditlog,200,619,200,52.35
auditlog,200,620,200,60.17
auditlog,200,621,200,372.70
auditlog,200,622,200,376.37
auditlog,200,623,200,119.68
auditlog,200,624,200,440.51
auditlog,200,625,200,374.16
auditlog,200,626,200,61.63
auditlog,200,627,200,235.66
auditlog,200,628,200,242.13
auditlog,200,629,200,242.84
auditlog,200,630,200,231.01
auditlog,200,631,200,67.50
auditlog,200,632,200,336.38
auditlog,200,633,200,322.24
auditlog,200,634,200,336.41
auditlog,200,635,200,68.39
auditlog,200,636,200,337.16
auditlog,200,637,200,71.63
auditlog,200,638,200,67.43
auditlog,200,639,200,77.83
auditlog,200,640,200,365.88
auditlog,200,641,200,66.39
auditlog,200,642,200,69.50
auditlog,200,643,200,327.84
auditlog,200,644,200,85.27
auditlog,200,645,200,74.71
auditlog,200,646,200,363.71
auditlog,200,647,200,88.33
auditlog,200,648,200,84.06
auditlog,200,649,200,58.37
auditlog,200,650,200,287.03
auditlog,200,651,200,87.40
auditlog,200,652,200,99.01
auditlog,200,653,200,103.90
auditlog,200,654,200,332.44
auditlog,200,655,200,100.67
auditlog,200,656,200,396.48
auditlog,200,657,200,367.17
auditlog,200,658,200,447.40
auditlog,200,659,200,109.12
auditlog,200,660,200,94.01
auditlog,200,661,200,98.17
auditlog,200,662,200,100.48
auditlog,200,663,200,99.67
auditlog,200,664,200,103.87
auditlog,200,665,200,113.64
auditlog,200,666,200,115.51
auditlog,200,667,200,105.24
auditlog,200,668,200,366.35
auditlog,200,669,200,104.32
auditlog,200,670,200,408.26
auditlog,200,671,200,361.94
auditlog,200,672,200,112.73
auditlog,200,673,200,112.60
auditlog,200,674,200,447.19
auditlog,200,675,200,387.01
auditlog,200,676,200,393.33
auditlog,200,677,200,383.54
auditlog,200,678,200,125.88
auditlog,200,679,200,121.53
auditlog,200,680,200,122.53
auditlog,200,681,200,117.78
auditlog,200,682,200,75.77
auditlog,200,683,200,418.89
auditlog,200,684,200,115.35
auditlog,200,685,200,64.66
auditlog,200,686,200,499.59
auditlog,200,687,200,64.67
auditlog,200,688,200,115.54
auditlog,200,689,200,120.26
auditlog,200,690,200,118.05
auditlog,200,691,200,117.65
auditlog,200,692,200,441.69
auditlog,200,693,200,129.30
auditlog,200,694,200,472.59
auditlog,200,695,200,131.71
auditlog,200,696,200,124.00
auditlog,200,697,200,133.35
auditlog,200,698,200,470.36
auditlog,200,699,200,477.51
auditlog,200,700,200,480.51
auditlog,200,701,200,529.23
auditlog,200,702,200,556.90
auditlog,200,703,200,486.46
auditlog,200,704,200,150.32
auditlog,200,705,200,159.72
auditlog,200,706,200,146.05
auditlog,200,707,200,152.93
auditlog,200,708,200,490.25
auditlog,200,709,200,144.69
auditlog,200,710,200,149.64
auditlog,200,711,200,157.27
auditlog,200,712,200,148.64
auditlog,200,713,200,97.45
auditlog,200,714,200,115.63
auditlog,200,715,200,125.59
auditlog,200,716,200,161.85
auditlog,200,717,200,104.40
auditlog,200,718,200,106.80
auditlog,200,719,200,139.84
auditlog,200,720,200,168.14
auditlog,200,721,200,56.69
auditlog,200,722,200,146.19
auditlog,200,723,200,155.82
auditlog,200,724,200,165.66
auditlog,200,725,200,169.51
auditlog,200,726,200,151.38
auditlog,200,727,200,108.68
auditlog,200,728,200,90.52
auditlog,200,729,200,172.15
auditlog,200,730,200,181.07
auditlog,200,731,200,196.64
auditlog,200,732,200,135.94
auditlog,200,733,200,186.74
auditlog,200,734,200,180.02
auditlog,200,735,200,184.84
auditlog,200,736,200,187.09
auditlog,200,737,200,191.45
auditlog,200,738,200,188.13
auditlog,200,739,200,168.68
auditlog,200,740,200,166.88
auditlog,200,741,200,83.69
auditlog,200,742,200,83.46
auditlog,200,743,200,209.50
auditlog,200,744,200,231.81
auditlog,200,745,200,217.50
auditlog,200,746,200,211.60
auditlog,200,747,200,125.64
auditlog,200,748,200,221.08
auditlog,200,749,200,221.16
auditlog,200,750,200,149.96
auditlog,200,751,200,221.30
auditlog,200,752,200,224.19
auditlog,200,753,200,240.66
auditlog,200,754,200,232.60
auditlog,200,755,200,66.74
auditlog,200,756,200,235.37
auditlog,200,757,200,251.16
auditlog,200,758,200,243.77
auditlog,200,759,200,240.82
auditlog,200,760,200,98.37
auditlog,200,761,200,173.31
auditlog,200,762,200,239.64
auditlog,200,763,200,75.30
auditlog,200,764,200,128.99
auditlog,200,765,200,69.69
auditlog,200,766,200,70.43
auditlog,200,767,200,163.65
auditlog,200,768,200,251.58
auditlog,200,769,200,79.33
auditlog,200,770,200,261.83
auditlog,200,771,200,82.71
auditlog,200,772,200,254.11
auditlog,200,773,200,191.47
auditlog,200,774,200,193.43
auditlog,200,775,200,264.22
auditlog,200,776,200,82.91
auditlog,200,777,200,82.93
auditlog,200,778,200,275.45
auditlog,200,779,200,134.44
auditlog,200,780,200,271.59
auditlog,200,781,200,97.97
auditlog,200,782,200,138.26
auditlog,200,783,200,94.63
auditlog,200,784,200,101.78
auditlog,200,785,200,270.84
auditlog,200,786,200,71.81
auditlog,200,787,200,82.15
auditlog,200,788,200,99.30
auditlog,200,789,200,259.14
auditlog,200,790,200,103.00
auditlog,200,791,200,285.79
auditlog,200,792,200,110.64
auditlog,200,793,200,289.25
auditlog,200,794,200,82.59
auditlog,200,795,200,155.13
auditlog,200,796,200,115.35
auditlog,200,797,200,295.28
auditlog,200,798,200,304.24
auditlog,200,799,200,84.18
auditlog,200,800,200,317.57
auditlog,200,801,200,176.05
auditlog,200,802,200,117.48
auditlog,200,803,200,146.34
auditlog,200,804,200,152.76
auditlog,200,805,200,150.69
auditlog,200,806,200,213.69
auditlog,200,807,200,95.83
auditlog,200,808,200,327.97
auditlog,200,809,200,324.57
auditlog,200,810,200,333.87
auditlog,200,811,200,228.45
auditlog,200,812,200,40.49
auditlog,200,813,200,99.99
auditlog,200,814,200,215.92
auditlog,200,815,200,117.03
auditlog,200,816,200,208.23
auditlog,200,817,200,337.24
auditlog,200,818,200,228.83
auditlog,200,819,200,163.51
auditlog,200,820,200,341.63
auditlog,200,821,200,169.68
auditlog,200,822,200,233.12
auditlog,200,823,200,348.34
auditlog,200,824,200,295.95
auditlog,200,825,200,205.38
auditlog,200,826,200,94.37
auditlog,200,827,200,175.03
auditlog,200,828,200,117.55
auditlog,200,829,200,435.91
auditlog,200,830,200,122.96
auditlog,200,831,200,182.28
auditlog,200,832,200,115.63
auditlog,200,833,200,92.21
auditlog,200,834,200,560.90
auditlog,200,835,200,363.47
auditlog,200,836,200,252.12
auditlog,200,837,200,133.94
auditlog,200,838,200,336.85
auditlog,200,839,200,378.39
auditlog,200,840,200,428.82
auditlog,200,841,200,372.15
auditlog,200,842,200,431.75
auditlog,200,843,200,385.52
auditlog,200,844,200,572.06
auditlog,200,845,200,432.03
auditlog,200,846,200,435.61
auditlog,200,847,200,248.89
auditlog,200,848,200,142.08
auditlog,200,849,200,436.02
auditlog,200,850,200,118.10
auditlog,200,851,200,238.98
auditlog,200,852,200,125.17
auditlog,200,853,200,442.00
auditlog,200,854,200,120.63
auditlog,200,855,200,586.58
auditlog,200,856,200,121.88
auditlog,200,857,200,601.86
auditlog,200,858,200,435.58
auditlog,200,859,200,449.06
auditlog,200,860,200,127.58
auditlog,200,861,200,124.52
auditlog,200,862,200,123.86
auditlog,200,863,200,576.48
auditlog,200,864,200,442.76
auditlog,200,865,200,593.18
auditlog,200,866,200,488.79
auditlog,200,867,200,577.19
auditlog,200,868,200,111.55
auditlog,200,869,200,108.64
auditlog,200,870,200,585.35
auditlog,200,871,200,630.35
auditlog,200,872,200,125.83
auditlog,200,873,200,445.29
auditlog,200,874,200,85.27
auditlog,200,875,200,149.04
auditlog,200,876,200,116.88
auditlog,200,877,200,94.00
auditlog,200,878,200,113.02
auditlog,200,879,200,81.39
auditlog,200,880,200,91.38
auditlog,200,881,200,742.76
auditlog,200,882,200,491.21
auditlog,200,883,200,120.64
auditlog,200,884,200,151.14
auditlog,200,885,200,535.45
auditlog,200,886,200,577.50
auditlog,200,887,200,90.48
auditlog,200,888,200,702.41
auditlog,200,889,200,89.16
auditlog,200,890,200,723.24
auditlog,200,891,200,63.74
auditlog,200,892,200,544.72
auditlog,200,893,200,455.76
auditlog,200,894,200,698.65
auditlog,200,895,200,109.81
auditlog,200,896,200,697.45
auditlog,200,897,200,110.61
auditlog,200,898,200,89.74
auditlog,200,899,200,701.16
auditlog,200,900,200,447.58
auditlog,200,901,200,690.27
auditlog,200,902,200,67.60
auditlog,200,903,200,107.33
auditlog,200,904,200,512.12
auditlog,200,905,200,135.61
auditlog,200,906,200,137.34
auditlog,200,907,200,130.32
auditlog,200,908,200,608.99
auditlog,200,909,200,132.35
auditlog,200,910,200,728.91
auditlog,200,911,200,132.67
auditlog,200,912,200,108.41
auditlog,200,913,200,156.22
auditlog,200,914,200,157.51
auditlog,200,915,200,812.40
auditlog,200,916,200,186.65
auditlog,200,917,200,171.44
auditlog,200,918,200,168.12
auditlog,200,919,200,85.08
auditlog,200,920,200,631.89
auditlog,200,921,200,710.30
auditlog,200,922,200,96.23
auditlog,200,923,200,88.81
auditlog,200,924,200,138.97
auditlog,200,925,200,154.50
auditlog,200,926,200,89.57
auditlog,200,927,200,111.50
auditlog,200,928,200,284.73
auditlog,200,929,200,84.15
auditlog,200,930,200,107.41
auditlog,200,931,200,208.39
auditlog,200,932,200,766.24
auditlog,200,933,200,117.36
auditlog,200,934,200,120.42
auditlog,200,935,200,109.74
auditlog,200,936,200,290.66
auditlog,200,937,200,132.52
auditlog,200,938,200,302.19
auditlog,200,939,200,132.82
auditlog,200,940,200,216.05
auditlog,200,941,200,101.83
auditlog,200,942,200,217.38
auditlog,200,943,200,196.33
auditlog,200,944,200,133.79
auditlog,200,945,200,197.26
auditlog,200,946,200,93.05
auditlog,200,947,200,116.78
auditlog,200,948,200,139.68
auditlog,200,949,200,347.75
auditlog,200,950,200,114.41
auditlog,200,951,200,272.98
auditlog,200,952,200,118.28
auditlog,200,953,200,294.99
auditlog,200,954,200,157.42
auditlog,200,955,200,121.60
auditlog,200,956,200,469.36
auditlog,200,957,200,142.96
auditlog,200,958,200,338.91
auditlog,200,959,200,133.89
auditlog,200,960,200,197.94
auditlog,200,961,200,151.56
auditlog,200,962,200,146.91
auditlog,200,963,200,155.75
auditlog,200,964,200,150.74
auditlog,200,965,200,150.16
auditlog,200,966,200,158.99
auditlog,200,967,200,159.60
auditlog,200,968,200,179.26
auditlog,200,969,200,321.49
auditlog,200,970,200,169.62
auditlog,200,971,200,420.10
auditlog,200,972,200,176.43
auditlog,200,973,200,169.41
auditlog,200,974,200,174.50
auditlog,200,975,200,195.91
auditlog,200,976,200,167.63
auditlog,200,977,200,167.30
auditlog,200,978,200,413.52
auditlog,200,979,200,170.71
auditlog,200,980,200,169.90
auditlog,200,981,200,170.25
auditlog,200,982,200,379.18
auditlog,200,983,200,334.76
auditlog,200,984,200,153.75
auditlog,200,985,200,171.69
auditlog,200,986,200,175.76
auditlog,200,987,200,424.07
auditlog,200,988,200,180.77
auditlog,200,989,200,433.11
auditlog,200,990,200,437.93
auditlog,200,991,200,345.91
auditlog,200,992,200,178.44
auditlog,200,993,200,182.20
auditlog,200,994,200,443.69
auditlog,200,995,200,161.28
auditlog,200,996,200,182.28
auditlog,200,997,200,186.87
auditlog,200,998,200,118.43
auditlog,200,999,200,533.54
auditlog,200,1000,200,349.07
auditlog,200,1001,200,430.43
auditlog,200,1002,200,361.37
auditlog,200,1003,200,184.39
auditlog,200,1004,200,373.61
auditlog,200,1005,200,498.22
auditlog,200,1006,200,190.23
auditlog,200,1007,200,186.06
auditlog,200,1008,200,488.43
auditlog,200,1009,200,131.57
auditlog,200,1010,200,187.70
auditlog,200,1011,200,355.89
auditlog,200,1012,200,101.69
auditlog,200,1013,200,396.96
auditlog,200,1014,200,103.22
auditlog,200,1015,200,194.02
auditlog,200,1016,200,496.67
auditlog,200,1017,200,155.67
auditlog,200,1018,200,105.07
auditlog,200,1019,200,468.43
auditlog,200,1020,200,156.46
auditlog,200,1021,200,521.12
auditlog,200,1022,200,129.95
auditlog,200,1023,200,437.49
auditlog,200,1024,200,200.57
auditlog,200,1025,200,195.54
auditlog,200,1026,200,166.50
auditlog,200,1027,200,524.50
auditlog,200,1028,200,156.08
auditlog,200,1029,200,424.06
auditlog,200,1030,200,198.65
auditlog,200,1031,200,201.20
auditlog,200,1032,200,475.08
auditlog,200,1033,200,197.31
auditlog,200,1034,200,499.11
auditlog,200,1035,200,520.91
auditlog,200,1036,200,97.35
auditlog,200,1037,200,114.16
auditlog,200,1038,200,204.06
auditlog,200,1039,200,202.88
auditlog,200,1040,200,201.46
auditlog,200,1041,200,377.57
auditlog,200,1042,200,83.64
auditlog,200,1043,200,387.22
auditlog,200,1044,200,403.65
auditlog,200,1045,200,510.05
auditlog,200,1046,200,432.23
auditlog,200,1047,200,209.46
auditlog,200,1048,200,531.73
auditlog,200,1049,200,511.94
auditlog,200,1050,200,126.79
auditlog,200,1051,200,550.50
auditlog,200,1052,200,124.31
auditlog,200,1053,200,545.39
auditlog,200,1054,200,133.86
auditlog,200,1055,200,491.00
auditlog,200,1056,200,197.74
auditlog,200,1057,200,95.59
auditlog,200,1058,200,129.44
auditlog,200,1059,200,475.77
auditlog,200,1060,200,88.25
auditlog,200,1061,200,238.36
auditlog,200,1062,200,267.61
auditlog,200,1063,200,107.63
auditlog,200,1064,200,194.88
auditlog,200,1065,200,183.46
auditlog,200,1066,200,188.41
auditlog,200,1067,200,251.79
auditlog,200,1068,200,509.24
auditlog,200,1069,200,205.14
auditlog,200,1070,200,217.97
auditlog,200,1071,200,187.34
auditlog,200,1072,200,164.77
auditlog,200,1073,200,511.42
auditlog,200,1074,200,638.34
auditlog,200,1075,200,527.80
auditlog,200,1076,200,539.81
auditlog,200,1077,200,529.87
auditlog,200,1078,200,129.09
auditlog,200,1079,200,557.80
auditlog,200,1080,200,106.71
auditlog,200,1081,200,169.07
auditlog,200,1082,200,110.74
auditlog,200,1083,200,575.57
auditlog,200,1084,200,106.39
auditlog,200,1085,200,104.79
auditlog,200,1086,200,134.92
auditlog,200,1087,200,630.19
auditlog,200,1088,200,115.37
auditlog,200,1089,200,530.67
auditlog,200,1090,200,89.85
auditlog,200,1091,200,643.68
auditlog,200,1092,200,102.73
auditlog,200,1093,200,128.73
auditlog,200,1094,200,638.47
auditlog,200,1095,200,521.61
auditlog,200,1096,200,111.95
auditlog,200,1097,200,535.81
auditlog,200,1098,200,642.78
auditlog,200,1099,200,107.37
auditlog,200,1100,200,108.91
auditlog,200,1101,200,142.35
auditlog,200,1102,200,649.11
auditlog,200,1103,200,535.14
auditlog,200,1104,200,649.05
auditlog,200,1105,200,122.88
auditlog,200,1106,200,122.43
auditlog,200,1107,200,119.01
auditlog,200,1108,200,113.81
auditlog,200,1109,200,584.57
auditlog,200,1110,200,105.63
auditlog,200,1111,200,141.44
auditlog,200,1112,200,119.72
auditlog,200,1113,200,194.77
auditlog,200,1114,200,116.13
auditlog,200,1115,200,137.31
auditlog,200,1116,200,115.30
auditlog,200,1117,200,112.99
auditlog,200,1118,200,150.94
auditlog,200,1119,200,101.13
auditlog,200,1120,200,651.60
auditlog,200,1121,200,180.35
auditlog,200,1122,200,217.97
auditlog,200,1123,200,100.96
auditlog,200,1124,200,152.83
auditlog,200,1125,200,161.19
auditlog,200,1126,200,704.29
auditlog,200,1127,200,705.71
auditlog,200,1128,200,161.43
auditlog,200,1129,200,157.79
auditlog,200,1130,200,207.53
auditlog,200,1131,200,169.26
auditlog,200,1132,200,155.91
auditlog,200,1133,200,172.13
auditlog,200,1134,200,167.62
auditlog,200,1135,200,337.16
auditlog,200,1136,200,177.59
auditlog,200,1137,200,174.19
auditlog,200,1138,200,616.29
auditlog,200,1139,200,144.71
auditlog,200,1140,200,160.67
auditlog,200,1141,200,163.47
auditlog,200,1142,200,81.77
auditlog,200,1143,200,179.16
auditlog,200,1144,200,79.95
auditlog,200,1145,200,177.65
auditlog,200,1146,200,177.04
auditlog,200,1147,200,673.40
auditlog,200,1148,200,192.56
auditlog,200,1149,200,183.16
auditlog,200,1150,200,168.02
auditlog,200,1151,200,181.07
auditlog,200,1152,200,83.19
auditlog,200,1153,200,172.25
auditlog,200,1154,200,200.91
auditlog,200,1155,200,195.74
auditlog,200,1156,200,199.81
auditlog,200,1157,200,174.27
auditlog,200,1158,200,102.77
auditlog,200,1159,200,194.04
auditlog,200,1160,200,178.25
auditlog,200,1161,200,194.07
auditlog,200,1162,200,86.68
auditlog,200,1163,200,213.55
auditlog,200,1164,200,91.60
auditlog,200,1165,200,86.98
auditlog,200,1166,200,186.58
auditlog,200,1167,200,108.26
auditlog,200,1168,200,88.00
auditlog,200,1169,200,175.96
auditlog,200,1170,200,88.60
auditlog,200,1171,200,94.95
auditlog,200,1172,200,111.63
auditlog,200,1173,200,90.26
auditlog,200,1174,200,95.56
auditlog,200,1175,200,213.15
auditlog,200,1176,200,201.27
auditlog,200,1177,200,92.51
auditlog,200,1178,200,96.10
auditlog,200,1179,200,233.24
auditlog,200,1180,200,95.84
auditlog,200,1181,200,214.77
auditlog,200,1182,200,216.93
auditlog,200,1183,200,89.74
auditlog,200,1184,200,82.15
auditlog,200,1185,200,128.59
auditlog,200,1186,200,149.63
auditlog,200,1187,200,111.63
auditlog,200,1188,200,252.28
auditlog,200,1189,200,132.98
auditlog,200,1190,200,108.96
auditlog,200,1191,200,271.22
auditlog,200,1192,200,92.28
auditlog,200,1193,200,123.29
auditlog,200,1194,200,124.58
auditlog,200,1195,200,115.36
auditlog,200,1196,200,92.19
auditlog,200,1197,200,124.30
auditlog,200,1198,200,115.85
auditlog,200,1199,200,147.16
auditlog,200,1200,200,64.87
auditlog,200,1201,200,255.09
auditlog,200,1202,200,314.19
auditlog,200,1203,200,351.14
auditlog,200,1204,200,158.14
auditlog,200,1205,200,104.78
auditlog,200,1206,200,142.40
auditlog,200,1207,200,263.60
auditlog,200,1208,200,354.91
auditlog,200,1209,200,182.90
auditlog,200,1210,200,163.46
auditlog,200,1211,200,120.07
auditlog,200,1212,200,183.50
auditlog,200,1213,200,195.24
auditlog,200,1214,200,184.94
auditlog,200,1215,200,367.41
auditlog,200,1216,200,91.73
auditlog,200,1217,200,118.26
auditlog,200,1218,200,382.24
auditlog,200,1219,200,124.57
auditlog,200,1220,200,138.14
auditlog,200,1221,200,131.06
auditlog,200,1222,200,141.79
auditlog,200,1223,200,199.65
auditlog,200,1224,200,435.27
auditlog,200,1225,200,463.90
auditlog,200,1226,200,129.48
auditlog,200,1227,200,473.77
auditlog,200,1228,200,135.65
auditlog,200,1229,200,471.39
auditlog,200,1230,200,194.81
auditlog,200,1231,200,216.19
auditlog,200,1232,200,136.44
auditlog,200,1233,200,197.34
auditlog,200,1234,200,146.83
auditlog,200,1235,200,407.42
auditlog,200,1236,200,146.38
auditlog,200,1237,200,443.76
auditlog,200,1238,200,145.73
auditlog,200,1239,200,162.97
auditlog,200,1240,200,497.27
auditlog,200,1241,200,143.83
auditlog,200,1242,200,155.12
auditlog,200,1243,200,475.30
auditlog,200,1244,200,144.83
auditlog,200,1245,200,429.62
auditlog,200,1246,200,216.46
auditlog,200,1247,200,142.75
auditlog,200,1248,200,156.86
auditlog,200,1249,200,433.67
auditlog,200,1250,200,433.45
auditlog,200,1251,200,468.74
auditlog,200,1252,200,491.23
auditlog,200,1253,200,492.40
auditlog,200,1254,200,218.09
auditlog,200,1255,200,160.91
auditlog,200,1256,200,151.31
auditlog,200,1257,200,166.19
auditlog,200,1258,200,166.11
auditlog,200,1259,200,466.03
auditlog,200,1260,200,149.19
auditlog,200,1261,200,156.24
auditlog,200,1262,200,532.03
auditlog,200,1263,200,533.02
auditlog,200,1264,200,170.64
auditlog,200,1265,200,476.26
auditlog,200,1266,200,533.22
auditlog,200,1267,200,157.54
auditlog,200,1268,200,527.38
auditlog,200,1269,200,165.18
auditlog,200,1270,200,531.39
auditlog,200,1271,200,157.44
auditlog,200,1272,200,536.42
auditlog,200,1273,200,482.40
auditlog,200,1274,200,528.66
auditlog,200,1275,200,501.82
auditlog,200,1276,200,530.38
auditlog,200,1277,200,532.61
auditlog,200,1278,200,126.03
auditlog,200,1279,200,533.31
auditlog,200,1280,200,543.18
auditlog,200,1281,200,87.57
auditlog,200,1282,200,546.03
auditlog,200,1283,200,537.88
auditlog,200,1284,200,538.93
auditlog,200,1285,200,540.45
auditlog,200,1286,200,137.20
auditlog,200,1287,200,550.34
auditlog,200,1288,200,543.23
auditlog,200,1289,200,539.58
auditlog,200,1290,200,124.98
auditlog,200,1291,200,580.36
auditlog,200,1292,200,160.00
auditlog,200,1293,200,588.03
auditlog,200,1294,200,140.45
auditlog,200,1295,200,147.12
auditlog,200,1296,200,144.63
auditlog,200,1297,200,145.19
auditlog,200,1298,200,68.85
auditlog,200,1299,200,88.97
auditlog,200,1300,200,550.66
auditlog,200,1301,200,71.87
auditlog,200,1302,200,601.29
auditlog,200,1303,200,607.41
auditlog,200,1304,200,571.72
auditlog,200,1305,200,591.24
auditlog,200,1306,200,554.27
auditlog,200,1307,200,144.96
auditlog,200,1308,200,145.48
auditlog,200,1309,200,595.28
auditlog,200,1310,200,169.11
auditlog,200,1311,200,561.85
auditlog,200,1312,200,619.94
auditlog,200,1313,200,604.85
auditlog,200,1314,200,172.62
auditlog,200,1315,200,602.08
auditlog,200,1316,200,88.53
auditlog,200,1317,200,578.28
auditlog,200,1318,200,49.94
auditlog,200,1319,200,86.97
auditlog,200,1320,200,72.03
auditlog,200,1321,200,577.82
auditlog,200,1322,200,618.89
auditlog,200,1323,200,150.98
auditlog,200,1324,200,43.65
auditlog,200,1325,200,176.32
auditlog,200,1326,200,644.23
auditlog,200,1327,200,126.00
auditlog,200,1328,200,609.52
auditlog,200,1329,200,73.98
auditlog,200,1330,200,179.37
auditlog,200,1331,200,61.08
auditlog,200,1332,200,55.33
auditlog,200,1333,200,620.82
auditlog,200,1334,200,62.84
auditlog,200,1335,200,598.54
auditlog,200,1336,200,51.44
auditlog,200,1337,200,51.48
auditlog,200,1338,200,155.93
auditlog,200,1339,200,56.10
auditlog,200,1340,200,160.18
auditlog,200,1341,200,52.84
auditlog,200,1342,200,78.86
auditlog,200,1343,200,78.43
auditlog,200,1344,200,198.17
auditlog,200,1345,200,165.95
auditlog,200,1346,200,53.97
auditlog,200,1347,200,120.39
auditlog,200,1348,200,121.07
auditlog,200,1349,200,218.40
auditlog,200,1350,200,87.20
auditlog,200,1351,200,98.92
auditlog,200,1352,200,241.64
auditlog,200,1353,200,150.25
auditlog,200,1354,200,245.91
auditlog,200,1355,200,127.70
auditlog,200,1356,200,105.61
auditlog,200,1357,200,130.99
auditlog,200,1358,200,96.15
auditlog,200,1359,200,244.23
auditlog,200,1360,200,108.30
auditlog,200,1361,200,112.47
auditlog,200,1362,200,100.66
auditlog,200,1363,200,100.92
auditlog,200,1364,200,102.46
auditlog,200,1365,200,168.41
auditlog,200,1366,200,183.79
auditlog,200,1367,200,105.61
auditlog,200,1368,200,111.72
auditlog,200,1369,200,103.10
auditlog,200,1370,200,103.72
auditlog,200,1371,200,117.86
auditlog,200,1372,200,128.14
auditlog,200,1373,200,128.56
auditlog,200,1374,200,140.15
auditlog,200,1375,200,139.40
auditlog,200,1376,200,726.02
auditlog,200,1377,200,275.05
auditlog,200,1378,200,135.28
auditlog,200,1379,200,132.06
auditlog,200,1380,200,131.88
auditlog,200,1381,200,132.47
auditlog,200,1382,200,278.69
auditlog,200,1383,200,127.85
auditlog,200,1384,200,124.15
auditlog,200,1385,200,195.22
auditlog,200,1386,200,126.39
auditlog,200,1387,200,112.57
auditlog,200,1388,200,287.77
auditlog,200,1389,200,145.19
auditlog,200,1390,200,139.92
auditlog,200,1391,200,133.70
auditlog,200,1392,200,136.53
auditlog,200,1393,200,113.67
auditlog,200,1394,200,296.83
auditlog,200,1395,200,144.80
auditlog,200,1396,200,121.16
auditlog,200,1397,200,219.90
auditlog,200,1398,200,139.01
auditlog,200,1399,200,132.67
auditlog,200,1400,200,245.88
auditlog,200,1401,200,103.33
auditlog,200,1402,200,140.80
auditlog,200,1403,200,114.88
auditlog,200,1404,200,293.90
auditlog,200,1405,200,134.23
auditlog,200,1406,200,124.81
auditlog,200,1407,200,121.49
auditlog,200,1408,200,283.83
auditlog,200,1409,200,303.55
auditlog,200,1410,200,269.83
auditlog,200,1411,200,127.80
auditlog,200,1412,200,136.97
auditlog,200,1413,200,317.22
auditlog,200,1414,200,128.75
auditlog,200,1415,200,163.49
auditlog,200,1416,200,311.40
auditlog,200,1417,200,128.64
auditlog,200,1418,200,315.06
auditlog,200,1419,200,341.93
auditlog,200,1420,200,147.69
auditlog,200,1421,200,144.51
auditlog,200,1422,200,68.57
auditlog,200,1423,200,148.21
auditlog,200,1424,200,159.52
auditlog,200,1425,200,349.48
auditlog,200,1426,200,159.55
auditlog,200,1427,200,346.35
auditlog,200,1428,200,139.99
auditlog,200,1429,200,162.68
auditlog,200,1430,200,156.47
auditlog,200,1431,200,181.78
auditlog,200,1432,200,348.60
auditlog,200,1433,200,180.32
auditlog,200,1434,200,78.85
auditlog,200,1435,200,195.70
auditlog,200,1436,200,438.80
auditlog,200,1437,200,168.20
auditlog,200,1438,200,541.01
auditlog,200,1439,200,91.51
auditlog,200,1440,200,437.68
auditlog,200,1441,200,177.11
auditlog,200,1442,200,260.78
auditlog,200,1443,200,435.66
auditlog,200,1444,200,74.23
auditlog,200,1445,200,169.80
auditlog,200,1446,200,68.80
auditlog,200,1447,200,179.44
auditlog,200,1448,200,179.42
auditlog,200,1449,200,384.95
auditlog,200,1450,200,456.99
auditlog,200,1451,200,394.90
auditlog,200,1452,200,440.06
auditlog,200,1453,200,406.21
auditlog,200,1454,200,177.53
auditlog,200,1455,200,118.01
auditlog,200,1456,200,395.71
auditlog,200,1457,200,472.05
auditlog,200,1458,200,207.80
auditlog,200,1459,200,571.00
auditlog,200,1460,200,106.60
auditlog,200,1461,200,222.17
auditlog,200,1462,200,219.75
auditlog,200,1463,200,561.20
auditlog,200,1464,200,201.54
auditlog,200,1465,200,379.81
auditlog,200,1466,200,232.88
auditlog,200,1467,200,110.04
auditlog,200,1468,200,605.14
auditlog,200,1469,200,232.42
auditlog,200,1470,200,219.99
auditlog,200,1471,200,576.33
auditlog,200,1472,200,223.84
auditlog,200,1473,200,429.92
auditlog,200,1474,200,429.99
auditlog,200,1475,200,182.80
auditlog,200,1476,200,221.55
auditlog,200,1477,200,182.75
auditlog,200,1478,200,217.14
auditlog,200,1479,200,457.44
auditlog,200,1480,200,410.24
auditlog,200,1481,200,183.01
auditlog,200,1482,200,580.23
auditlog,200,1483,200,221.37
auditlog,200,1484,200,147.28
auditlog,200,1485,200,129.13
auditlog,200,1486,200,229.64
auditlog,200,1487,200,588.27
auditlog,200,1488,200,501.07
auditlog,200,1489,200,420.96
auditlog,200,1490,200,556.68
auditlog,200,1491,200,439.17
auditlog,200,1492,200,232.40
auditlog,200,1493,200,558.25
auditlog,200,1494,200,587.03
auditlog,200,1495,200,499.24
auditlog,200,1496,200,498.55
auditlog,200,1497,200,124.89
auditlog,200,1498,200,539.88
auditlog,200,1499,200,540.69
auditlog,200,1500,200,246.71
auditlog,200,1501,200,232.13
auditlog,200,1502,200,618.93
auditlog,200,1503,200,130.91
auditlog,200,1504,200,132.12
auditlog,200,1505,200,588.65
auditlog,200,1506,200,589.57
auditlog,200,1507,200,590.34
auditlog,200,1508,200,523.10
auditlog,200,1509,200,515.75
auditlog,200,1510,200,143.58
auditlog,200,1511,200,633.64
auditlog,200,1512,200,148.80
auditlog,200,1513,200,275.43
auditlog,200,1514,200,151.20
auditlog,200,1515,200,480.62
auditlog,200,1516,200,644.16
auditlog,200,1517,200,169.68
auditlog,200,1518,200,650.44
auditlog,200,1519,200,642.07
auditlog,200,1520,200,132.34
auditlog,200,1521,200,660.69
auditlog,200,1522,200,538.78
auditlog,200,1523,200,663.60
auditlog,200,1524,200,193.70
auditlog,200,1525,200,102.09
auditlog,200,1526,200,190.12
auditlog,200,1527,200,193.47
auditlog,200,1528,200,194.23
auditlog,200,1529,200,674.64
auditlog,200,1530,200,303.09
auditlog,200,1531,200,86.20
auditlog,200,1532,200,579.86
auditlog,200,1533,200,651.30
auditlog,200,1534,200,186.19
auditlog,200,1535,200,93.08
auditlog,200,1536,200,162.96
auditlog,200,1537,200,679.35
auditlog,200,1538,200,116.59
auditlog,200,1539,200,202.87
auditlog,200,1540,200,157.30
auditlog,200,1541,200,142.41
auditlog,200,1542,200,165.21
auditlog,200,1543,200,116.81
auditlog,200,1544,200,670.63
auditlog,200,1545,200,294.38
auditlog,200,1546,200,178.04
auditlog,200,1547,200,244.87
auditlog,200,1548,200,94.12
auditlog,200,1549,200,139.83
auditlog,200,1550,200,93.76
auditlog,200,1551,200,660.85
auditlog,200,1552,200,561.45
auditlog,200,1553,200,99.47
auditlog,200,1554,200,205.04
auditlog,200,1555,200,210.86
auditlog,200,1556,200,212.26
auditlog,200,1557,200,94.85
auditlog,200,1558,200,214.63
auditlog,200,1559,200,169.50
auditlog,200,1560,200,317.11
auditlog,200,1561,200,215.60
auditlog,200,1562,200,146.62
auditlog,200,1563,200,711.74
auditlog,200,1564,200,97.94
auditlog,200,1565,200,98.42
auditlog,200,1566,200,122.65
auditlog,200,1567,200,102.19
auditlog,200,1568,200,152.68
auditlog,200,1569,200,101.76
auditlog,200,1570,200,89.93
auditlog,200,1571,200,108.66
auditlog,200,1572,200,98.58
auditlog,200,1573,200,102.14
auditlog,200,1574,200,97.00
auditlog,200,1575,200,98.05
auditlog,200,1576,200,142.90
auditlog,200,1577,200,174.01
auditlog,200,1578,200,46.62
auditlog,200,1579,200,95.45
auditlog,200,1580,200,215.60
auditlog,200,1581,200,119.72
auditlog,200,1582,200,105.31
auditlog,200,1583,200,97.58
auditlog,200,1584,200,107.15
auditlog,200,1585,200,57.44
auditlog,200,1586,200,59.45
auditlog,200,1587,200,120.33
auditlog,200,1588,200,112.84
auditlog,200,1589,200,62.30
auditlog,200,1590,200,193.63
auditlog,200,1591,200,235.18
auditlog,200,1592,200,85.76
auditlog,200,1593,200,239.49
auditlog,200,1594,200,253.88
auditlog,200,1595,200,136.23
auditlog,200,1596,200,187.34
auditlog,200,1597,200,215.31
auditlog,200,1598,200,87.77
auditlog,200,1599,200,221.54
auditlog,200,1600,200,219.33
auditlog,200,1601,200,159.14
auditlog,200,1602,200,172.68
auditlog,200,1603,200,282.47
auditlog,200,1604,200,172.23
auditlog,200,1605,200,163.29
auditlog,200,1606,200,94.10
auditlog,200,1607,200,184.70
auditlog,200,1608,200,304.55
auditlog,200,1609,200,311.96
auditlog,200,1610,200,103.35
auditlog,200,1611,200,287.69
auditlog,200,1612,200,169.10
auditlog,200,1613,200,101.75
auditlog,200,1614,200,187.71
auditlog,200,1615,200,348.99
auditlog,200,1616,200,293.66
auditlog,200,1617,200,270.18
auditlog,200,1618,200,200.02
auditlog,200,1619,200,135.14
auditlog,200,1620,200,134.92
auditlog,200,1621,200,305.37
auditlog,200,1622,200,331.07
auditlog,200,1623,200,136.12
auditlog,200,1624,200,335.20
auditlog,200,1625,200,297.17
auditlog,200,1626,200,346.68
auditlog,200,1627,200,284.95
auditlog,200,1628,200,141.70
auditlog,200,1629,200,130.33
auditlog,200,1630,200,453.57
auditlog,200,1631,200,139.97
auditlog,200,1632,200,354.76
auditlog,200,1633,200,138.23
auditlog,200,1634,200,138.70
auditlog,200,1635,200,218.73
auditlog,200,1636,200,356.56
auditlog,200,1637,200,144.65
auditlog,200,1638,200,172.64
auditlog,200,1639,200,301.45
auditlog,200,1640,200,150.25
auditlog,200,1641,200,161.96
auditlog,200,1642,200,406.52
auditlog,200,1643,200,368.49
auditlog,200,1644,200,365.25
auditlog,200,1645,200,164.87
auditlog,200,1646,200,329.34
auditlog,200,1647,200,112.64
auditlog,200,1648,200,162.44
auditlog,200,1649,200,181.12
auditlog,200,1650,200,371.18
auditlog,200,1651,200,162.25
auditlog,200,1652,200,162.31
auditlog,200,1653,200,240.19
auditlog,200,1654,200,157.32
auditlog,200,1655,200,397.92
auditlog,200,1656,200,332.11
auditlog,200,1657,200,422.42
auditlog,200,1658,200,363.42
auditlog,200,1659,200,379.67
auditlog,200,1660,200,168.53
auditlog,200,1661,200,177.58
auditlog,200,1662,200,165.87
auditlog,200,1663,200,411.41
auditlog,200,1664,200,155.55
auditlog,200,1665,200,425.86
auditlog,200,1666,200,178.73
auditlog,200,1667,200,172.57
auditlog,200,1668,200,156.94
auditlog,200,1669,200,458.57
auditlog,200,1670,200,371.00
auditlog,200,1671,200,66.92
auditlog,200,1672,200,69.90
auditlog,200,1673,200,72.55
auditlog,200,1674,200,60.84
auditlog,200,1675,200,59.40
auditlog,200,1676,200,63.17
auditlog,200,1677,200,194.49
auditlog,200,1678,200,202.17
auditlog,200,1679,200,444.08
auditlog,200,1680,200,453.04
auditlog,200,1681,200,197.88
auditlog,200,1682,200,198.89
auditlog,200,1683,200,410.87
auditlog,200,1684,200,203.47
auditlog,200,1685,200,418.13
auditlog,200,1686,200,485.06
auditlog,200,1687,200,448.24
auditlog,200,1688,200,204.19
auditlog,200,1689,200,203.90
auditlog,200,1690,200,198.64
auditlog,200,1691,200,203.84
auditlog,200,1692,200,113.12
auditlog,200,1693,200,203.05
auditlog,200,1694,200,192.50
auditlog,200,1695,200,136.16
auditlog,200,1696,200,452.45
auditlog,200,1697,200,423.50
auditlog,200,1698,200,204.91
auditlog,200,1699,200,450.84
auditlog,200,1700,200,213.36
auditlog,200,1701,200,139.03
auditlog,200,1702,200,165.75
auditlog,200,1703,200,461.73
auditlog,200,1704,200,116.08
auditlog,200,1705,200,509.11
auditlog,200,1706,200,171.56
auditlog,200,1707,200,171.40
auditlog,200,1708,200,105.68
auditlog,200,1709,200,92.52
auditlog,200,1710,200,531.26
auditlog,200,1711,200,141.28
auditlog,200,1712,200,511.44
auditlog,200,1713,200,463.77
auditlog,200,1714,200,511.33
auditlog,200,1715,200,120.65
auditlog,200,1716,200,195.58
auditlog,200,1717,200,466.79
auditlog,200,1718,200,538.82
auditlog,200,1719,200,533.48
auditlog,200,1720,200,525.25
auditlog,200,1721,200,535.35
auditlog,200,1722,200,96.83
auditlog,200,1723,200,551.22
auditlog,200,1724,200,544.99
auditlog,200,1725,200,567.33
auditlog,200,1726,200,575.25
auditlog,200,1727,200,562.32
auditlog,200,1728,200,575.78
auditlog,200,1729,200,582.05
auditlog,200,1730,200,83.04
auditlog,200,1731,200,85.08
auditlog,200,1732,200,536.17
auditlog,200,1733,200,576.57
auditlog,200,1734,200,579.30
auditlog,200,1735,200,575.58
auditlog,200,1736,200,68.32
auditlog,200,1737,200,572.55
auditlog,200,1738,200,570.17
auditlog,200,1739,200,577.97
auditlog,200,1740,200,65.22
auditlog,200,1741,200,561.59
auditlog,200,1742,200,575.26
auditlog,200,1743,200,571.94
auditlog,200,1744,200,568.93
auditlog,200,1745,200,594.79
auditlog,200,1746,200,555.75
auditlog,200,1747,200,81.47
auditlog,200,1748,200,75.88
auditlog,200,1749,200,89.48
auditlog,200,1750,200,64.58
auditlog,200,1751,200,603.08
auditlog,200,1752,200,63.96
auditlog,200,1753,200,88.95
auditlog,200,1754,200,65.31
auditlog,200,1755,200,68.49
auditlog,200,1756,200,204.20
auditlog,200,1757,200,588.90
auditlog,200,1758,200,67.47
auditlog,200,1759,200,71.42
auditlog,200,1760,200,698.51
auditlog,200,1761,200,585.31
auditlog,200,1762,200,76.43
auditlog,200,1763,200,81.64
auditlog,200,1764,200,106.76
auditlog,200,1765,200,71.52
auditlog,200,1766,200,173.77
auditlog,200,1767,200,91.94
auditlog,200,1768,200,78.28
auditlog,200,1769,200,107.31
auditlog,200,1770,200,74.58
auditlog,200,1771,200,96.27
auditlog,200,1772,200,68.48
auditlog,200,1773,200,41.36
auditlog,200,1774,200,168.66
auditlog,200,1775,200,145.15
auditlog,200,1776,200,145.24
auditlog,200,1777,200,35.11
auditlog,200,1778,200,73.73
auditlog,200,1779,200,149.73
auditlog,200,1780,200,45.71
auditlog,200,1781,200,113.29
auditlog,200,1782,200,57.22
auditlog,200,1783,200,94.60
auditlog,200,1784,200,171.41
auditlog,200,1785,200,92.25
auditlog,200,1786,200,171.61
auditlog,200,1787,200,57.15
auditlog,200,1788,200,61.65
auditlog,200,1789,200,66.58
auditlog,200,1790,200,68.17
auditlog,200,1791,200,63.25
auditlog,200,1792,200,179.07
auditlog,200,1793,200,202.33
auditlog,200,1794,200,67.00
auditlog,200,1795,200,106.75
auditlog,200,1796,200,72.49
auditlog,200,1797,200,77.95
auditlog,200,1798,200,118.44
auditlog,200,1799,200,268.56
auditlog,200,1800,200,87.23
auditlog,200,1801,200,75.97
auditlog,200,1802,200,276.69
auditlog,200,1803,200,270.58
auditlog,200,1804,200,72.47
auditlog,200,1805,200,274.92
auditlog,200,1806,200,249.91
auditlog,200,1807,200,72.33
auditlog,200,1808,200,72.92
auditlog,200,1809,200,68.49
auditlog,200,1810,200,52.45
auditlog,200,1811,200,86.51
auditlog,200,1812,200,299.87
auditlog,200,1813,200,84.04
auditlog,200,1814,200,115.31
auditlog,200,1815,200,254.81
auditlog,200,1816,200,77.52
auditlog,200,1817,200,58.10
auditlog,200,1818,200,240.93
auditlog,200,1819,200,100.27
auditlog,200,1820,200,355.93
auditlog,200,1821,200,310.97
auditlog,200,1822,200,321.64
auditlog,200,1823,200,101.78
auditlog,200,1824,200,102.52
auditlog,200,1825,200,99.95
auditlog,200,1826,200,100.63
auditlog,200,1827,200,328.77
auditlog,200,1828,200,94.24
auditlog,200,1829,200,332.89
auditlog,200,1830,200,331.00
auditlog,200,1831,200,109.83
auditlog,200,1832,200,100.53
auditlog,200,1833,200,108.42
auditlog,200,1834,200,114.62
auditlog,200,1835,200,109.24
auditlog,200,1836,200,328.05
auditlog,200,1837,200,119.31
auditlog,200,1838,200,110.21
auditlog,200,1839,200,90.08
auditlog,200,1840,200,316.93
auditlog,200,1841,200,338.16
auditlog,200,1842,200,115.73
auditlog,200,1843,200,110.20
auditlog,200,1844,200,320.21
auditlog,200,1845,200,331.73
auditlog,200,1846,200,61.37
auditlog,200,1847,200,109.70
auditlog,200,1848,200,98.04
auditlog,200,1849,200,50.57
auditlog,200,1850,200,110.86
auditlog,200,1851,200,74.55
auditlog,200,1852,200,118.62
auditlog,200,1853,200,345.59
auditlog,200,1854,200,116.55
auditlog,200,1855,200,344.35
auditlog,200,1856,200,350.27
auditlog,200,1857,200,118.36
auditlog,200,1858,200,352.90
auditlog,200,1859,200,121.55
auditlog,200,1860,200,352.70
auditlog,200,1861,200,101.15
auditlog,200,1862,200,352.47
auditlog,200,1863,200,124.83
auditlog,200,1864,200,134.48
auditlog,200,1865,200,427.51
auditlog,200,1866,200,443.71
auditlog,200,1867,200,121.94
auditlog,200,1868,200,119.91
auditlog,200,1869,200,81.85
auditlog,200,1870,200,122.84
auditlog,200,1871,200,143.89
auditlog,200,1872,200,64.34
auditlog,200,1873,200,355.74
auditlog,200,1874,200,77.59
auditlog,200,1875,200,481.80
auditlog,200,1876,200,394.74
auditlog,200,1877,200,374.81
auditlog,200,1878,200,130.09
auditlog,200,1879,200,68.60
auditlog,200,1880,200,77.70
auditlog,200,1881,200,122.41
auditlog,200,1882,200,67.97
auditlog,200,1883,200,81.58
auditlog,200,1884,200,406.62
auditlog,200,1885,200,129.53
auditlog,200,1886,200,372.79
auditlog,200,1887,200,365.91
auditlog,200,1888,200,363.03
auditlog,200,1889,200,373.50
auditlog,200,1890,200,365.57
auditlog,200,1891,200,383.98
auditlog,200,1892,200,463.94
auditlog,200,1893,200,453.75
auditlog,200,1894,200,434.24
auditlog,200,1895,200,405.30
auditlog,200,1896,200,91.25
auditlog,200,1897,200,386.64
auditlog,200,1898,200,405.49
auditlog,200,1899,200,460.04
auditlog,200,1900,200,456.15
auditlog,200,1901,200,463.18
auditlog,200,1902,200,508.29
auditlog,200,1903,200,540.55
auditlog,200,1904,200,483.78
auditlog,200,1905,200,474.76
auditlog,200,1906,200,464.18
auditlog,200,1907,200,499.39
auditlog,200,1908,200,542.72
auditlog,200,1909,200,481.40
auditlog,200,1910,200,480.95
auditlog,200,1911,200,529.35
auditlog,200,1912,200,475.42
auditlog,200,1913,200,483.66
auditlog,200,1914,200,475.12
auditlog,200,1915,200,484.17
auditlog,200,1916,200,532.67
auditlog,200,1917,200,556.01
auditlog,200,1918,200,526.50
auditlog,200,1919,200,142.56
auditlog,200,1920,200,534.83
auditlog,200,1921,200,109.24
auditlog,200,1922,200,533.77
auditlog,200,1923,200,119.94
auditlog,200,1924,200,127.45
auditlog,200,1925,200,483.82
auditlog,200,1926,200,111.70
auditlog,200,1927,200,117.95
auditlog,200,1928,200,112.99
auditlog,200,1929,200,508.75
auditlog,200,1930,200,164.46
auditlog,200,1931,200,176.56
auditlog,200,1932,200,162.13
auditlog,200,1933,200,160.82
auditlog,200,1934,200,173.97
auditlog,200,1935,200,151.28
auditlog,200,1936,200,127.66
auditlog,200,1937,200,181.68
auditlog,200,1938,200,196.63
auditlog,200,1939,200,158.45
auditlog,200,1940,200,172.06
auditlog,200,1941,200,174.36
auditlog,200,1942,200,157.86
auditlog,200,1943,200,177.13
auditlog,200,1944,200,181.57
auditlog,200,1945,200,171.85
auditlog,200,1946,200,172.42
auditlog,200,1947,200,226.00
auditlog,200,1948,200,184.19
auditlog,200,1949,200,226.42
auditlog,200,1950,200,187.61
auditlog,200,1951,200,196.63
auditlog,200,1952,200,204.81
auditlog,200,1953,200,189.03
auditlog,200,1954,200,171.01
auditlog,200,1955,200,190.85
auditlog,200,1956,200,193.75
auditlog,200,1957,200,190.55
auditlog,200,1958,200,201.52
auditlog,200,1959,200,196.14
auditlog,200,1960,200,238.19
auditlog,200,1961,200,205.91
auditlog,200,1962,200,210.26
auditlog,200,1963,200,204.09
auditlog,200,1964,200,196.86
auditlog,200,1965,200,220.12
auditlog,200,1966,200,224.89
auditlog,200,1967,200,208.25
auditlog,200,1968,200,244.04
auditlog,200,1969,200,202.80
auditlog,200,1970,200,212.67
auditlog,200,1971,200,243.60
auditlog,200,1972,200,213.22
auditlog,200,1973,200,202.45
auditlog,200,1974,200,208.80
auditlog,200,1975,200,207.46
auditlog,200,1976,200,230.14
auditlog,200,1977,200,237.54
auditlog,200,1978,200,219.68
auditlog,200,1979,200,217.65
auditlog,200,1980,200,219.78
auditlog,200,1981,200,217.69
auditlog,200,1982,200,220.03
auditlog,200,1983,200,216.87
auditlog,200,1984,200,226.70
auditlog,200,1985,200,226.58
auditlog,200,1986,200,229.88
auditlog,200,1987,200,262.94
auditlog,200,1988,200,230.41
auditlog,200,1989,200,246.46
auditlog,200,1990,200,238.88
auditlog,200,1991,200,263.86
auditlog,200,1992,200,263.74
auditlog,200,1993,200,274.75
auditlog,200,1994,200,273.63
auditlog,200,1995,200,265.83
auditlog,200,1996,200,285.82
auditlog,200,1997,200,276.94
auditlog,200,1998,200,280.58
auditlog,200,1999,200,276.22
